Unnamed: 0,commit_id,tcmt,bugcount,fixcount,author_date,la,ld,ent,churn,nf,nd,ns,nuc,ndev,age,aexp,arexp,asexp
6496,cf56f8f3acbeac0ddff9ee3131ad7abe2a919ba3,0,1,0,2009-03-02 23:34:21,113,71,0.394,184,3,3,2,16,94,85265.8596,18,1267.3333,63673
6498,283f3a08755f0f1d121c87a25ee7679b64d35d8b,0,0,0,2009-03-20 17:27:03,46,951,5.6616,997,85,1,2,53,3,69248.9256,2862,1.2816,63673
6500,5bea7e1772e9fd042b10abebb1e0c78579942b26,0,0,0,2009-03-20 19:44:16,69,171,0.8289,240,1,1,1,3067,94,69935.6339,2862,1267.3333,762
6502,ff2cf35afff5a0735b1f6410f44a2a59cb7a5ca9,0,0,0,2009-03-20 19:49:11,65,125,0.063,190,2,1,1,3067,1,72036.6019,47,6.9446,629
6505,da5c6b8fc6ce179e22fb344a2dd528403fc11385,0,0,0,2009-03-20 19:49:37,174,9293,0.0392,9467,85,36,13,3067,4,72227.4463,46,9.1804,535
6508,0237abc7659b9897f5bd90527de38c0a2fba2e54,0,0,0,2009-03-20 19:50:59,49,9293,0.0688,9342,85,36,1,39,2,854.3937,55,7.5635,788
6510,01b415a15d4b6548d15ec9539dc40bc791e0a1f0,0,0,0,2009-03-20 21:04:02,4496,86,0.041,4582,2,36,13,25,3,40365.4507,33,24.0369,384
6516,5506a44d0a1e04a3d471b43dcf00b21608edd50f,0,0,0,2009-03-22 18:46:02,57,9293,5.6616,9350,2,36,1,3067,94,68418.501,2862,33.3508,63673
6519,74dcfb263ca695534ec631d8cf11f909e54a9765,0,0,0,2009-03-24 21:55:31,3,9293,5.6616,9296,85,36,13,3067,94,79659.2787,32,24.2821,553
6518,c25dae0a2f5292661dcd90dd5ca68cd6cbaed3ed,0,0,0,2009-03-24 22:09:21,69,9293,0.0372,9362,1,36,13,3067,1,80422.5034,2862,1267.3333,510
6521,af47dc8476a6e4e4856476e4acff1ac8321a6a39,0,0,0,2009-03-25 05:25:23,4496,9293,0.0272,13789,85,1,1,3067,2,26608.3912,43,13.6498,63673
6503,c08117f4cd496c2203aa01c7a3c66f7a39d1f3f9,0,0,0,2009-03-27 02:18:28,110,213,2.3873,323,6,36,13,60,3,16224.4082,1,659.2435,45353
6509,f4f3ca50d84e165a909dca5608babb32df199f44,0,0,0,2009-03-27 02:18:34,4496,9293,1.8611,13789,3,3,1,3067,3,7245.3903,2841,657.3364,45578
6517,76bc3cc8380dfdcad05348cf87af492f1a4a2206,0,0,0,2009-03-27 02:18:39,51,114,1.7366,165,5,2,1,3067,3,799.5231,2827,658.3889,46751
6522,e9e08ff6b572c851ecfcfe49bc63de43dfe3ed04,0,0,0,2009-03-27 02:18:54,4496,202,0.1498,4698,3,2,13,81,94,2295.6545,2801,688.8936,44962
6523,39d3f833f9c4e154eb157336f5e7b2a1ce9a79a3,0,0,0,2009-03-27 02:19:01,119,9293,1.5523,9412,6,1,1,37,3,2225.2344,1,683.4832,45661
6501,fe825730bfae8f619247605ea0027a9c195c45fd,0,0,0,2009-03-27 02:19:06,110,9293,0.1073,9403,3,2,13,77,94,5960.8249,2782,707.9307,47104
6514,ce5595793578e53cad3019f132d6ac2bdad60d31,0,0,0,2009-03-27 02:19:10,4496,233,0.1374,4729,3,2,1,41,94,86384.0,2810,644.7368,47576
6513,abc75388a3df8de72b28a5edb830e1c19ed9ec80,0,0,0,2009-03-27 02:19:24,21,346,5.6616,367,3,36,1,68,2,9891.8162,1,648.0462,47370
6520,8f56a96a699050c7cd0a29973d36a9c62166321f,0,0,0,2009-03-27 02:19:30,4496,9293,1.1448,13789,5,3,13,3067,94,10166.2152,1,695.9495,47068
6524,def1edd1fe90a4a9c9eef4ef26f422ba3a21d28f,0,0,0,2009-03-27 02:19:35,122,237,0.9074,359,85,2,1,40,94,5222.5279,1,693.7824,45634
6506,22c52627201873086c38ee020838f0ed4e96f843,0,0,0,2009-03-27 02:19:40,64,171,5.6616,235,85,36,1,3067,94,1849.1687,2825,695.1643,47817
6512,07c2d3c29dd4ef87ae0a0299a711565bfb7c30b0,0,0,0,2009-03-27 02:19:45,92,106,0.9012,198,4,2,1,3067,94,6024.2184,1,649.1289,47441
6525,a9c09a85922e9962f7b7f9bb362d9f56e1e8e673,0,0,0,2009-03-27 02:19:51,102,9293,0.5859,9395,3,2,13,3067,94,6042.4014,2791,650.9548,44386
6499,ce8a73f2be0406f954f39aa6f6e20863e99e5461,0,0,0,2009-03-27 02:19:56,68,192,0.1415,260,85,3,13,80,2,16691.2171,2807,703.6214,47676
6515,c5b1b8ba21a434f61867b5551390da3be0a37107,0,0,0,2009-03-27 02:20:00,4496,9293,0.1227,13789,3,2,1,74,4,1514.0848,1,701.0808,47077
6303,2aa0bba0d5c56289ba6ce7969d267a58e3b3e074,0,0,0,2009-03-27 02:43:57,4496,9293,0.0854,13789,3,2,1,3067,4,1298.853,1,688.6497,47959
6308,4cff66a0eebd138271f3fa5f23fae3df07a7adf7,0,0,0,2009-03-27 02:44:05,4496,588,5.6616,5084,85,1,2,57,28,16919.9325,1,651.6821,49729
6307,ad1cc13f5613ae4b6bb07c1367750ecbf29e0477,0,0,0,2009-03-27 02:44:10,4496,181,1.1644,4677,6,3,1,3067,3,9340.0445,1,692.2398,46905
6318,09bc045e2674e91f57d3244b1aaeae0c1cd2c6f5,0,0,0,2009-03-27 02:45:02,4496,250,0.1404,4746,85,36,13,3067,94,1308.253,2800,655.4072,47289
6321,76f33027535a192ab2d76ac1f01a5a8829c845af,0,0,0,2009-03-27 02:45:12,4496,134,0.0915,4630,3,36,13,83,4,86384.0,2804,704.2363,45311
6309,1866e3802bb16dd582cf5a95bc41bb13e808a0ba,0,0,0,2009-03-27 02:45:18,4496,123,1.5958,4619,4,3,2,30,2,3911.0509,1,683.1992,47468
6313,2249a6a745f63873b89b2bc8d70df4d185d99298,0,0,0,2009-03-27 02:45:21,4496,9293,5.6616,13789,85,2,13,3067,94,11515.9519,1,636.932,47467
6322,6c189f73d70f641d7bfc01eb3f0414c0fd1039a8,0,0,0,2009-03-27 03:34:34,68,9293,5.6616,9361,85,2,13,90,94,4638.6008,1,651.9688,7131
6320,f5d1a1289c88dcefd226e9ffcca2a1cd2d145892,0,0,0,2009-03-27 05:34:11,23,9293,0.8876,9316,2,2,1,3067,94,21554.5857,2862,41.647,600
6328,d3e63d19aab783a6b2aeb9f7f50cf4775f5e4e43,0,0,0,2009-03-27 16:08:53,186,9293,0.0707,9479,2,2,1,33,94,58966.2265,45,27.5342,805
6334,0b6c661e42689e5c161b1663296ae06db6afeb77,0,0,0,2009-03-27 16:17:32,165,92,5.6616,257,85,1,1,3067,94,57505.8352,50,36.9838,63673
6340,2f8268cd099ce32a8a6cdeb9e0518902d1315026,0,0,0,2009-03-27 16:33:02,75,179,1.8681,254,5,2,13,58,1,47431.7213,2820,655.4433,47403
6327,5ef45143b8d7dadc437063daf7ffa7b1fbc3bc7a,0,0,0,2009-03-27 16:33:17,4496,79,1.7588,4575,5,2,13,42,1,978.8061,1,686.0155,45487
6336,6ba824e430086ae2ad6e120f066c439e1770bf68,0,0,0,2009-03-27 16:34:15,4496,135,5.6616,4631,85,2,13,52,94,50992.9663,1,697.3299,47392
6332,4cb9bf678fdf672c6a2dab2e09c75103ea50ba4c,0,0,0,2009-03-27 16:35:49,91,158,0.1303,249,85,2,1,60,94,36581.2109,1,706.417,47307
6339,4945acd35a275519556da05cf06b2854e37b792d,0,0,0,2009-03-27 16:36:05,168,9293,5.6616,9461,85,2,13,3067,2,2149.2709,2794,639.1946,47890
6343,9049d5919dfcfca6a536caa9007172d01a2730b4,0,0,0,2009-03-27 16:36:36,186,9293,0.0752,9479,85,2,1,3067,94,49740.5501,2791,693.6101,47196
6324,2ee9f9e44a2e3b642f9502516ca45b211d39d3df,0,0,0,2009-03-27 16:37:00,4496,97,1.264,4593,3,2,1,21,1,32241.4565,1,662.4229,45825
6338,21c1d6b9c7c72ed6d75cc0b3203a3c651ae3af6b,0,0,0,2009-03-27 16:37:17,122,168,1.0829,290,85,1,1,3067,94,24838.7164,1,691.9917,47455
6345,c139871286d9a5858aec0f6e14db70379a5ced62,0,0,0,2009-03-27 16:38:09,4496,136,0.0748,4632,85,36,13,3067,94,53431.8929,1,696.5624,45283
6326,340cdf4670686cd847958425bf8a5f0a253a646e,0,0,0,2009-03-27 16:38:34,4496,9293,1.047,13789,3,36,1,32,94,24960.4823,2815,653.3322,45663
6344,d20023172e9ffe50a1643642d59428522770549b,0,0,0,2009-03-27 16:38:50,4496,9293,0.1175,13789,4,2,13,3067,5,39658.5323,2816,649.1915,47280
6348,fe708caa69cccecf5f373624fbf8e73a00a18983,0,0,0,2009-03-27 16:39:00,4496,9293,0.1469,13789,85,2,13,89,4,86384.0,1,652.7913,47284
6349,7a6f4210c0735d1cac7b0f1cd32d2bf3597cdb1a,0,0,0,2009-03-27 17:05:21,4496,559,5.6616,5055,3,2,1,3067,26,39383.1244,2792,696.5221,3325
6337,7888174d2c33c3f8a60084d8ef78f52ea8fa3b0c,0,0,0,2009-03-27 17:06:29,4496,192,5.6616,4688,85,2,13,3067,3,86384.0,2797,710.6635,9157
6346,63b5310b6b06ad050fa596c9efdd19224ae35e6e,0,0,0,2009-03-27 18:39:49,86,144,0.6279,230,2,3,2,61,2,21700.5976,1,692.9434,46053
6351,cbcfb44bbe9e067f9c4b50f2a3b450236a130caa,0,0,0,2009-03-29 18:18:13,4496,9293,5.6616,13789,85,36,13,55,4,3.0,1,703.4715,45044
6331,983f2cf56cbe134481162ea9bf1eb7459f5269ea,0,0,0,2009-03-29 18:18:22,4496,488,0.0753,4984,2,3,2,89,29,20315.5858,1,703.653,49482
6347,d85921934acdc84bc9e09a4eca037b97880d4311,0,0,0,2009-03-29 18:18:30,4496,95,1.3093,4591,6,3,1,3067,1,35640.3481,1,680.2813,46747
6330,d24be7d5e7595513f298299450746acec1feb14a,0,0,0,2009-03-29 18:18:35,135,222,0.0761,357,3,1,1,3067,4,39502.3088,1,647.8969,44499
6342,fd95061db0069255a4539eb7801633762d3672a7,0,0,0,2009-03-29 20:01:53,4496,9293,0.0958,13789,3,36,13,79,4,12616.2235,1,644.4277,6441
6350,6931092e511fa7032bed1d8ebb97aea74ba6d345,0,0,0,2009-03-30 15:24:40,125,9293,0.8009,9418,1,2,2,3067,0,46324.0468,1,662.712,53592
6356,0eef9edf1a6e7561b9e8b644f00a2dbee9891b5f,0,0,0,2009-03-31 13:25:05,4496,236,2.8798,4732,14,5,13,3067,4,48487.3388,2797,654.3176,44599
6355,cd6f16e80996ec0ee265cd2875eb0f1d34c7b6ea,0,0,0,2009-03-31 21:36:59,181,260,0.1039,441,85,3,2,3067,1,18954.974,2786,707.5642,52657
6354,4a6f633ec21ed7e9ec9e0dbfbb963836f1fb2290,0,0,0,2009-04-01 17:21:10,56,261,5.6616,317,85,2,1,3067,94,83316.1769,2826,657.4187,44531
6359,332f2c8427fd58723db6fa970144829aa15ea035,0,0,0,2009-04-01 22:23:58,109,9293,0.0985,9402,2,36,1,3067,1,34446.7673,1,697.2578,45191
6364,8632f05518ee1a3a6c4fe800ca8eeeb95fcc5b07,0,1,0,2009-04-02 19:17:04,367,0,5.6616,367,85,36,4,233,42,61182.7189,1,781.9306,63673
6362,c386d36a69d3abf744d4c3b1d070168f56900080,0,0,0,2009-04-02 20:14:43,4496,9293,5.6616,13789,85,36,1,3067,94,77848.2818,2796,693.3144,44519
6367,6fc6e048a3dbdcee6a741e740243c661d053bcaa,0,0,0,2009-04-02 20:14:46,122,9293,0.1588,9415,85,2,1,3067,3,70825.1869,2788,656.7189,47023
6353,8ef8b192dd3ddd27fccbcbf5af4e2fb7a4f1f109,0,0,0,2009-04-02 20:14:49,132,239,0.1395,371,85,2,13,48,2,86384.0,1,704.0187,47410
6360,de2673759aef6a2088588101da55153e22a6987f,0,0,0,2009-04-02 20:48:02,152,157,1.0121,309,3,2,2,42,3,52083.9527,2824,691.3015,54784
6366,7a24b51296a85e7565271844e744d582c4dbe1bf,0,0,0,2009-04-02 21:07:37,39,9293,0.9543,9332,4,3,13,31,1,33259.7973,2834,656.4771,45496
6375,58fce86d31cf0ada9c79c9d7b736a711227d179e,0,0,0,2009-04-02 22:29:09,63,9293,0.1045,9356,85,2,13,3067,3,8145.1652,2791,638.6374,45433
6363,cfb3115f09fcc2f016b53f7ae6331a15ef6ab27e,0,0,0,2009-04-02 22:29:14,89,9293,5.6616,9382,85,36,13,68,4,86384.0,2821,647.8497,45187
6369,238758b32a4ae47887844880870f9033453831d0,0,0,0,2009-04-03 21:27:34,58,9293,1.0495,9351,5,3,13,3067,3,56790.4228,1,694.9348,47482
6365,9cdc839ee84b3a75b858558b9e7ba04ee237f681,0,0,0,2009-04-06 15:10:07,188,301,0.7977,489,85,2,2,3067,4,67647.8876,2814,700.8874,7265
6371,eec2f8aa031c54cd4dd1b051bf1794e2445d283e,0,0,0,2009-04-06 15:10:12,179,417,5.6616,596,3,36,1,84,94,59235.8455,2808,646.5649,45340
6377,960b9164e6afdb5be85ec507a171cfcaea71396b,0,0,0,2009-04-06 15:10:15,4496,166,0.1305,4662,2,2,1,92,94,1568.9766,2822,695.6781,47771
6368,28cf5d73305a2921b9f46a42b1975ce47be001fa,0,0,0,2009-04-06 15:10:19,4496,9293,0.1178,13789,3,36,1,75,0,86384.0,1,694.8027,47443
6376,27013dad7946b12fd9d0131da9f487f9e7b4701b,0,0,0,2009-04-06 15:10:22,102,197,5.6616,299,2,36,1,3067,94,83216.989,1,648.9835,47449
6382,49d75c4303d6f300a3303144ed14cbf51d807251,0,0,0,2009-04-06 15:10:26,4496,177,0.7095,4673,2,3,1,3067,3,27161.7769,2820,654.1948,47434
6385,1068ee7b0c6fe0d6b2f6272a2ff95078ae0c9304,0,0,0,2009-04-06 15:10:30,35,68,5.6616,103,85,2,13,3067,4,86384.0,1,641.7892,44880
6373,e6b830c3be6c866bdaf64c156a6f077d5d5c6d84,0,0,0,2009-04-06 15:10:34,4496,9293,0.6966,13789,5,2,13,56,4,1031.5165,2806,651.0159,46985
6383,9452cad27703946871c5a2118045185c4830eb3c,0,0,0,2009-04-06 15:10:38,4496,9293,0.6019,13789,5,1,1,3067,0,13780.0608,1,654.7961,44665
6386,fc72d4305818aa4f6d55e07195be9af211645c10,0,0,0,2009-04-06 17:55:44,4496,9293,5.6616,13789,85,2,13,3067,94,8149.128,2790,699.7007,7246
6374,d1e78cbf843fe7a9e76a423fa3087e48aadbe568,0,0,0,2009-04-06 17:55:52,4496,98,1.9266,4594,5,4,1,52,1,57462.3866,2814,684.8366,46858
6380,21f4bd568bc1a49588d0ec90a89c2a7c09ded600,0,0,0,2009-04-06 22:43:50,4496,9293,0.1595,13789,85,36,1,3067,3,19608.9201,2802,639.8022,6863
6388,db2fdd87409bea70b01b52608923f9c9378494e8,0,0,0,2009-04-08 20:49:37,161,202,0.3638,363,4,1,1,60,4,16070.6942,2784,698.6736,45321
6381,a7d5c6506b0901716eacdf015083f171fa9851a3,0,0,0,2009-04-10 02:34:17,143,255,0.1526,398,85,3,2,3067,94,25530.784,1,689.5583,55176
6391,50c1987265f8ddaf5032a7ace07b2462aba4f09b,0,0,0,2009-04-10 19:08:27,4496,194,0.5631,4690,3,2,2,80,0,40942.7555,1,692.4158,55587
6379,732695503b8cdb7ea4afc8da5729cb90505caaa2,0,0,0,2009-04-14 05:12:44,4496,126,0.7829,4622,4,2,13,3067,94,11771.6766,2787,701.5814,47889
6390,31e3033afd7484f69db4a9258e8e6e39e8360050,0,0,0,2009-04-14 15:47:44,73,98,1.0779,171,3,2,13,65,0,49163.0317,2820,659.9703,47074
6394,137a28fc07cef2467259fea5235944a2b1a69aa2,0,0,0,2009-04-14 15:47:49,105,9293,0.8452,9398,4,3,13,87,5,72574.2071,1,652.1827,48084
6393,a332fad07d085297ae4e4926d58456ef1f2b8fd8,0,0,0,2009-04-14 15:47:51,129,9293,1.3332,9422,3,1,13,77,1,41940.9871,2822,682.585,45573
6392,49b45026bda4ca112215e10c91d64ad5868025cc,0,0,0,2009-04-14 15:52:49,150,84,0.9282,234,3,2,2,3067,1,57966.7474,1,658.7837,53701
6396,4c76970c4afdb2e6d66830f785fb6d52f7fb9775,0,0,0,2009-04-15 00:22:13,72,9293,0.0931,9365,3,36,1,56,94,28236.8736,2808,704.0132,9907
6378,2b4a0e426631a5899c35066e516839f6c05fba43,0,0,0,2009-04-15 20:30:43,144,178,0.0301,322,4,2,13,96,94,10535.5903,2788,703.6499,47204
6398,040bfd4c2903778c27093184a99fdd367810373a,0,0,0,2009-04-16 02:09:18,107,156,5.6616,263,3,36,1,3067,4,76841.2991,1,689.8069,9756
6402,cb7cacfea70bdba83c3ff8406054c826a47be832,0,0,0,2009-04-16 02:09:24,4496,9293,0.0702,13789,85,2,1,3067,3,31732.1287,1,637.046,47519
6400,4ed201b99f168e7a71b7bd9236082d1ce7a1a225,0,0,0,2009-04-16 17:47:25,4496,315,0.157,4811,85,3,2,78,5,35883.9147,2780,689.9988,44979
6404,3cf306a37fea9a45b30142cff20d144ec06f423b,0,0,0,2009-04-16 20:42:00,4496,211,5.6616,4707,3,3,2,3067,5,32116.5098,2816,638.0676,53284
6410,1228ec0c67892b61d4fac02db59488d9a6580f44,0,0,0,2009-04-17 01:48:31,154,9293,0.14,9447,3,2,1,3067,94,19483.7383,1,640.2172,6781
6395,1e15ccf5c95e1b1690d7e0c1c595f6c9ccb29950,0,0,0,2009-04-17 01:48:39,4496,9293,0.3428,13789,3,36,13,3067,1,30290.0264,1,690.882,47056
6407,560dc2a10f4ee8c621d3568051e6005f79e21ee4,0,0,0,2009-04-17 20:08:05,4496,266,0.139,4762,85,2,1,89,94,9933.3342,2794,649.0594,45268
6411,fa1f80f40da0bb629c40bf09791c6c90f2608774,0,0,0,2009-04-17 20:08:10,84,9293,1.0978,9377,2,3,2,67,2,34755.9974,2837,664.8763,47631
6413,200d4937fa0d86bc92c17d0da27e53257198f725,0,0,0,2009-04-17 20:08:17,4496,9293,0.4052,13789,3,1,2,112,5,2134.271,2810,709.2392,55818
6405,04344cbb03fb4844f8aabc4b78db2f25040815d8,0,0,0,2009-04-17 20:17:05,140,9293,0.1007,9433,4,3,2,54,27,44497.6885,1,703.5936,46583
6409,7f256c32cbc4884a6e7d3d128fa5595b67c84637,0,0,0,2009-04-17 20:17:10,4496,52,0.1397,4548,85,36,1,71,1,70794.7045,2782,656.0319,45043
6418,674eaf5cf53d11bda1128af40f1f5342ea79e531,0,0,0,2009-04-17 20:17:11,86,9293,3.0117,9379,7,5,1,94,94,29474.683,1,694.2352,44912
6420,6be087a80a04ea6a3fd1a6913a0aacb0822c6707,0,0,0,2009-04-18 01:33:24,4496,181,0.0852,4677,85,36,1,3067,4,33289.3627,2813,696.6206,44670
6401,234d0895ad470c5adef3f071a01ce26efb6580b7,0,0,0,2009-04-20 16:38:32,75,9293,0.1026,9368,85,36,13,75,3,52941.8349,1,652.3593,44988
6357,657882579da9595d1797637452bf936199d3090f,0,0,0,2009-04-20 20:05:20,4496,9293,2.2875,13789,8,2,13,3067,1,12361.8054,1,650.5963,47588
6399,d14f8146676d849d669b90e15bedcf8f581059a1,0,0,0,2009-04-21 02:58:49,109,191,0.3702,300,85,1,2,3067,94,22811.8691,2795,643.357,52836
6424,20748a879befa65c766ec06996d80e2ac962fb21,0,0,0,2009-04-21 03:06:01,4496,235,0.4044,4731,85,1,2,3067,3,15859.9013,1,645.2735,55339
6412,0f7e1c30126993be023d4e0992ae32d326fe0642,0,0,0,2009-04-21 22:14:36,77,232,5.6616,309,2,2,1,98,4,9621.3145,2790,656.2498,47795
6426,478f0bef14fc9cf245307e18e6650b2d0d7b8c63,0,0,0,2009-04-21 22:18:08,120,9293,5.6616,9413,85,2,13,43,1,9777.5639,2796,697.1663,47220
6427,589d72a7f9261dc084405181cf13ba804e75a88a,0,0,0,2009-04-22 18:38:41,78,9293,0.0999,9371,2,2,13,3067,4,4883.8881,2787,695.7793,44754
6422,99451c730b8f3939a04283b4ba1c8f8bdb01518f,0,0,0,2009-04-22 18:40:36,78,9293,5.6616,9371,85,2,13,82,4,86384.0,2796,646.2226,47321
6425,3c6fcf8d65edf361c72cf2606be2acca57a275b3,0,0,0,2009-04-22 22:54:14,282,9293,0.8557,9575,2,2,2,47,1,58702.4033,2807,690.0722,53289
6433,ba7f6907f300b7ad74bd93b1ab1d61d425ab5841,0,0,0,2009-04-24 00:52:09,4496,194,5.6616,4690,3,2,1,3067,4,15291.3845,2805,701.1103,47520
6434,f06a9da69a4d2bd8d3ae39bcc1f844ecb2c7c0d9,0,0,0,2009-04-24 23:28:09,4496,9293,1.8604,13789,4,3,13,36,1,40485.4599,2828,680.8769,45830
6428,1453a906efa363d16c7d4385435dc4ceadca9acd,0,0,0,2009-04-25 19:13:36,4496,9293,0.1116,13789,3,2,13,3067,4,14471.8309,2827,646.6579,45434
6435,91afe8b6e9e9f0a808261b72c8532841b871ba45,0,0,0,2009-04-27 15:01:08,4496,9293,2.2233,13789,5,4,13,19,4,55355.3846,2814,656.6141,47072
6440,63a748ccf9ab5192456baca9dd90b4c0cf2a2038,0,0,0,2009-04-27 15:01:13,63,273,1.1165,336,1,1,1,80,1,12696.5443,2815,700.2783,44897
6431,2e9466c3052fb4411139d973b64977824e4a43be,0,0,0,2009-04-27 15:01:17,4496,9293,0.8965,13789,3,1,13,3067,4,13600.4665,2805,693.1155,44600
6444,6b5e9404c5e6aee4b5233f33c814b5e19010319b,0,0,0,2009-04-27 21:14:04,4496,284,2.0499,4780,5,36,13,121,3,79851.3653,1,720.4037,4679
6448,0d348cab2160fd26104c19e7e1f9f8e4a38e6490,0,0,0,2009-04-28 21:15:26,4496,9293,0.133,13789,85,2,1,3067,3,29960.348,1,656.3975,45138
6447,d32b1a7a96158ed65ffbd611c5d92b5c80deeaf4,0,0,0,2009-04-28 21:15:38,1,48,1.8645,49,4,3,13,57,1,47418.386,1,661.8636,45146
6453,fe6b6466f79fe5e4daf14dd1ae7ef7464577c359,0,0,0,2009-04-28 21:15:44,4496,9293,0.691,13789,3,36,13,68,2,86384.0,2805,646.706,45250
6446,f836610fe041830ce7e020e57043fd59261f26c1,0,1,0,2009-04-29 01:12:38,295,9293,1.4946,9588,7,6,3,58,22,11925.7,1,653.9089,55179
6452,e181fdc4e0db71ec4abfb5bfa2b59a69b8c9ce5b,0,0,0,2009-04-29 02:01:49,77,9293,0.8891,9370,85,1,1,3067,0,56229.2063,1,656.2141,46964
6445,ef2f631ebef835d3fe9cfc80f1d31b2f312acedb,0,0,0,2009-04-29 02:01:56,98,9293,0.3269,9391,85,1,2,75,3,21520.2498,1,697.6232,55463
6450,898eebaa593179cd3944a818fd74bdaad4164a6e,0,0,0,2009-04-29 02:04:18,107,225,5.6616,332,85,3,1,3067,5,20785.8117,2795,641.0835,47929
6458,ec291721ddeb66c88ba2d86d45ee27de84013e95,0,0,0,2009-04-30 16:09:38,4496,178,2.0456,4674,4,2,13,3067,1,59512.552,1,645.5224,45178
6449,ebcbeb5af9c988f877951bfd991c8c9b8421b7f3,0,0,0,2009-04-30 20:01:31,150,9293,5.6616,9443,2,36,1,3067,94,69641.5943,2820,695.7608,44809
6451,4a5620dea228470397cea696a75a849050efe03b,0,0,0,2009-05-01 02:24:10,4496,9293,0.7985,13789,4,2,2,37,94,10709.0529,2810,694.9496,53057
6456,22525a8e12b7af6370caa7d42b9f416a43c7832f,0,0,0,2009-05-01 14:13:11,91,9293,0.1035,9384,3,36,13,89,94,49527.5155,2812,707.171,44954
6454,e4e5629b13bc0df4bd4d45719498a69b1085b217,0,1,0,2009-05-01 20:14:35,4496,219,1.9221,4715,6,4,4,3067,1,76407.7616,1,642.1407,53802
6455,93abe8d3e5b61139c994481ad86e1b7d8d6bcd0a,0,0,0,2009-05-03 03:26:07,106,9293,5.6616,9399,85,2,13,3067,3,13715.8587,2790,653.0597,44952
6459,bbe89e795bbc631c2b626766840d943498304630,0,0,0,2009-05-04 14:59:51,4496,9293,0.7522,13789,4,36,13,3067,36,69104.7973,2790,640.6279,47594
6461,f70a5a0c8cff203b17285494fbbd99176bbee649,0,0,0,2009-05-04 15:59:12,4496,9293,0.7962,13789,85,1,13,62,94,55668.5329,1,648.7315,47445
6457,3a4a0595da64dc8875d84ba63033fc42f0eec1a5,0,0,0,2009-05-04 15:59:16,104,9293,1.0692,9397,3,36,1,3067,13,65625.6303,1,689.0619,44973
6460,e044410ccd3428dd5596df581657de77f5587e1b,0,0,0,2009-05-04 19:02:05,4496,1353,5.6616,5849,4,36,1,84,32,4079.2401,2764,708.1741,3979
6467,62ed2cbc1617d101533cef76e400938032c1dad7,0,0,0,2009-05-04 22:03:52,142,9293,0.0971,9435,3,2,1,3067,29,7656.6709,1,689.9715,44713
6472,7b2589ddb078cc8ce753030e43e665a0f482860d,0,0,0,2009-05-05 06:57:16,53,80,1.2881,133,4,1,1,3067,2,38217.2294,1,659.9946,46800
6473,fce0ee0d7b89576c7f49c2f24a90e8f26e10314a,0,0,0,2009-05-05 16:56:40,101,9293,1.0401,9394,85,36,1,67,30,73706.1264,1,704.3134,45259
6476,7779df6ce4633752a0f6768da94627aee2162103,0,0,0,2009-05-05 16:56:55,4496,9293,0.7276,13789,3,1,13,26,31,39743.8013,1,687.0021,46724
6474,f17487c541dfae03858ae703015d4049094a0f55,0,0,0,2009-05-05 17:03:15,159,9293,0.396,9452,5,1,1,3067,32,19203.7167,1,638.8717,47358
6475,8dcf76ab27f9c7ac615fbaf5cd17fdfbd17cb9be,0,0,0,2009-05-05 17:03:25,51,105,1.5479,156,5,36,1,45,31,47206.6432,1,663.3012,46817
6470,362f287c84f19ae5cdd774f2fc013db5339d49ec,0,0,0,2009-05-05 22:47:22,65,116,3.0213,181,12,2,2,3067,30,61917.665,2834,656.0428,55214
6468,28e548a31c1c3941045650785bdf77239c1c09b4,0,0,0,2009-05-06 00:35:33,4496,261,0.0765,4757,3,36,1,74,30,7340.5017,2795,648.5345,44494
6477,c568dc733ea47f59be74b2b624673485228d7595,0,0,0,2009-05-06 02:00:06,126,213,0.1619,339,3,36,1,83,2,8809.4494,1,651.6705,9296
6482,3ed4e051b89b7fa6e42d665cf1f47cdda13175bc,0,1,0,2009-05-06 02:27:54,4496,433,2.6799,4929,16,6,2,134,48,15975.1911,2817,632.9686,49172
6478,65f66e982dac58fd76cd91d3231cf2a4819aaf33,0,0,0,2009-05-06 17:04:32,123,9293,1.032,9416,4,1,2,70,35,54140.3375,1,652.949,52903
6485,3395efdb30be0e57dd3039993ade1d5ed691187d,0,0,0,2009-05-07 15:30:53,4496,9293,0.0925,13789,3,36,13,3067,15,81881.8776,2801,697.6041,47452
6486,c129b6d5d70195ee6961f5b06027e96ca4ba4232,0,0,0,2009-05-07 17:13:05,4496,9293,2.1364,13789,10,4,1,43,25,57902.9552,1,653.0343,44858
6471,ccfe2d7c9e1147b9211377239ad9493b6bd1bd04,0,0,0,2009-05-07 20:33:55,4496,184,1.1069,4680,85,36,13,3067,1,76992.3127,1,637.5318,45285
3,85c7c39ad1ae6cfba07ecc8d287b6c990ffc1719,0,0,0,2009-05-07 21:09:51,74,9293,0.0722,9367,3,2,1,93,16,21658.0715,1,707.7861,47523
215,750d0a16b04364de7b8da76dc3e14c0d956e3215,0,0,0,2009-05-07 22:09:13,4496,9293,0.1551,13789,3,36,1,3067,28,3.0,1,652.8848,47096
217,f2260f107bd2d71aed96e1199edfa5186b8b308f,0,0,0,2009-05-08 14:53:25,117,181,0.8681,298,3,1,2,54,5,60916.9278,1,657.8353,53333
6480,61a81504209e508f84b399d1f5009c176f4f9116,0,0,0,2009-05-08 14:54:27,4496,9293,0.1623,13789,85,36,13,3067,2,51762.9247,2818,654.3359,47157
0,44a0a3a54df3bf7236806266e9b9be37ce13cbaf,0,0,0,2009-05-09 01:40:16,88,120,1.1311,208,4,2,1,3067,17,14219.6963,2821,662.0326,45302
4,69bc7e97c8dfac3dc6bd3cbfd7fcb05de8d0aedc,0,0,0,2009-05-11 23:48:20,51,9293,1.3581,9344,3,2,2,40,32,29858.3719,2841,681.7152,54585
222,dfa41ec103130c173bcc210396f19c89f993086b,0,0,0,2009-05-11 23:48:28,169,9293,0.2915,9462,4,3,2,3067,1,28229.6338,1,700.9212,52760
6488,fe3e1a8a097d2f78dfab6644750acefc6860b5b5,0,0,0,2009-05-11 23:48:34,64,183,0.1095,247,85,2,13,3067,3,32383.6156,1,654.873,47258
6487,8054e4e7152299d47159b7e3016df16d50780fa4,0,0,0,2009-05-11 23:52:23,4496,9293,0.7333,13789,3,1,13,3067,19,44542.6907,1,695.3508,9756
6481,97fc5cb8ef412b6ba145165e45be3e3c64229685,0,1,0,2009-05-12 15:26:38,246,387,4.4479,633,28,9,4,3067,43,59196.642,2697,735.9388,12924
6490,2fd856de35de88681319ba5c2fa19307113887b2,0,0,0,2009-05-12 17:56:31,4496,163,0.2016,4659,85,1,13,56,13,58904.5576,1,649.8859,44728
220,5886b7c9ac6776538227be1fb90e566e1e2a7c81,0,0,0,2009-05-12 19:11:21,49,108,0.7938,157,4,3,2,3067,30,27995.0247,2842,664.8409,54853
209,b460bd71c5484d3579dfccaa77a2d2cb0381aea2,0,0,0,2009-05-12 19:11:27,14,85,1.4407,99,4,2,2,43,30,23637.8606,2839,662.1359,53904
211,da441aed29e03135016c2f84a9b300b5ed93d519,0,0,0,2009-05-12 19:11:31,77,9293,1.0456,9370,85,36,13,69,29,920.5163,2838,692.0427,45429
208,3aca0737cb6b6b7c3217ddb6b05c99f5f4a5e170,0,0,0,2009-05-12 20:46:36,77,216,5.6616,293,85,36,1,3067,94,73184.4008,1,652.3279,45129
210,ae70cea79afff1093fc8369ebb6e4e4ca3c40c38,0,0,0,2009-05-12 21:26:42,88,9293,0.137,9381,85,2,13,83,0,19129.9005,2826,708.219,9742
6491,f86d47c242ffd6834a52985aed90abd8dd5aa9a5,0,0,0,2009-05-13 02:17:23,4496,147,0.0896,4643,85,36,13,90,13,26922.8614,1,643.9847,44795
6492,bd3c6acf3333b351b99628d81693a3a981e95179,0,0,0,2009-05-13 02:19:34,4496,214,1.0467,4710,85,36,13,86,29,18910.1649,1,691.3342,47049
214,784d968db9655784b7ce26cadb35e15c3faa6c7e,0,0,0,2009-05-15 20:41:05,210,134,5.6616,344,85,36,13,49,2,72992.2328,2818,655.3285,48106
6493,d52a1109745a147c5d623f68bd2bcc9735cc286e,0,0,0,2009-05-15 21:37:45,4496,9293,5.6616,13789,2,2,13,3067,24,13527.6344,1,645.0714,48018
7,a432e180776ae4efbdc7e1aba6dec411e6fbf854,0,0,0,2009-05-20 14:58:39,86,28,1.1784,114,4,2,1,3067,31,86384.0,1,662.5641,46622
9,56b499044b675c2962f28825fe4eb55cec23db68,0,0,0,2009-05-22 15:37:19,107,9293,1.8853,9400,5,2,1,3067,2,60398.4647,2800,647.6581,45262
5,97c022f5ee5622420e03724efe7bdc312128bc8c,0,0,0,2009-05-26 20:23:16,4496,9293,0.082,13789,3,2,13,3067,20,14829.7063,1,700.1718,47883
10,edacc67c266fc2bef360356d360f394ea9b46154,0,0,0,2009-05-27 21:41:04,124,144,5.6616,268,2,36,1,3067,29,23873.0432,1,704.4752,47483
6,30b1f5f3d32d3c04b921133435b556bfecfc502a,0,0,0,2009-06-01 22:16:58,137,175,0.2591,312,85,2,13,3067,9,26860.3386,1,697.6593,7223
18,8f9e6a4516a58a8684886604b5c45c95e50f81ed,0,0,0,2009-06-08 13:59:52,66,125,0.9728,191,85,36,1,43,35,58853.5895,1,689.1889,47386
20,b244a2e64527ea168dc4ac235933c23fb350ec09,0,0,0,2009-06-08 20:37:31,55,9293,1.4547,9348,3,2,13,3067,36,9389.7327,2830,662.2818,45657
21,f685f4dec8ff0173394737cb7196b6bd2d111ed5,0,0,0,2009-06-08 20:37:38,4496,208,0.2864,4704,3,2,13,52,36,1828.7821,2831,693.3588,47008
19,16306e02de35a171ec3339957dd9146b229ce864,0,0,0,2009-06-09 17:46:47,4496,273,0.139,4769,85,2,1,77,2,86384.0,1,704.0215,8970
29,cd2139ee7c91b2ed48afc98202d79e864db3e450,0,0,0,2009-06-10 15:12:18,115,275,0.0824,390,85,2,13,3067,1,52798.1078,2794,701.7858,47739
26,6a2da229752f6809330fe5344a98d0ba70049aff,0,0,0,2009-06-14 01:14:34,83,9293,5.6616,9376,2,2,13,3067,31,25594.8616,2802,709.3813,3716
15,24fcbf4a95b3635c48d7a9858dce2494f109fbd3,0,0,0,2009-06-15 13:42:30,4496,192,0.1572,4688,85,36,1,3067,94,57078.0922,1,697.5445,47990
24,b3565371962dfcbb0d5c73c473a21c3d73ab4aaf,0,0,0,2009-06-15 16:20:04,4496,1145,5.6616,5641,2,1,2,99,31,74517.245,1,643.6763,46796
14,c1545f5214644b47efeac2001e3d3542efa9193b,0,0,0,2009-06-17 16:08:39,4496,138,1.0514,4634,1,1,2,53,1,31587.6181,1,649.0681,53259
22,a116ef72e850b6e6830938003ae34681384a8948,0,0,0,2009-06-18 11:46:39,4496,9293,5.6616,13789,3,2,13,85,29,63200.4209,2818,648.3535,47388
89,03f6f244a3354e7be895323d0d6825c4be8af253,0,0,0,2009-06-18 17:30:04,4496,253,0.385,4749,85,2,2,3067,6,72907.2486,2798,635.44,49066
35,15955bf03e352e464b8d23c3bc763d2b93643335,0,0,0,2009-06-18 20:17:29,4496,145,1.5807,4641,5,36,1,51,14,45620.9123,1,682.3754,46826
27,a0c2b2a3809152591d5c5b89fd4b6f1c0a5c9108,0,1,0,2009-06-18 20:22:10,27,203,2.286,230,6,4,2,90,41,40768.077,2808,659.2708,53642
31,1a23f9934f7e2a4253ed77c6a39c7c657a0c7b87,0,0,0,2009-06-20 19:22:28,32,9293,1.0582,9325,3,2,13,3067,7,43834.0276,1,689.5659,45673
36,b6645156bc659a12336ee2dac4a164617843b563,0,0,0,2009-06-22 14:38:19,4496,211,0.7154,4707,85,36,13,84,3,57574.9432,1,692.0339,45095
44,38f6446d08a6a93ab17a4243cebe185891a0c595,0,0,0,2009-06-22 14:46:27,4496,9293,0.3144,13789,2,4,2,3067,12,69870.6256,1,702.5539,50223
32,1a66c1069520fc21984a1fe5399ea3c83b04a532,0,0,0,2009-06-22 15:49:57,70,9293,5.6616,9363,2,2,1,3067,94,71748.5831,2789,644.9573,44672
51,5ccebd43c920619928d7e890d7593247e9f77ef9,0,0,0,2009-06-22 21:18:02,4496,400,0.1165,4896,85,3,1,3067,30,1666.7881,2795,695.7498,44465
28,bf660bb97f10df4ccf1a24fa70692cdde4acbd41,0,0,0,2009-06-22 21:18:18,0,108,1.332,108,5,2,1,47,13,4423.9372,1,661.5204,45809
43,f9a1343d92237e6a9553a4fd96db0208b6789126,0,1,0,2009-06-23 17:48:18,42,261,2.5476,303,16,5,2,3067,35,27170.9841,2801,656.1926,53181
57,a89e7825565829504e4e5a7b24136e4fce6caafc,0,0,0,2009-06-23 17:57:04,115,9293,1.6119,9408,3,2,1,3067,4,58871.6446,1,658.9719,47400
39,5cdc75d7603d1051c9d78d6ee11dd9cd44056f44,0,1,0,2009-06-24 19:24:56,150,163,1.42,313,8,3,2,34,42,36245.4702,1,684.7366,46381
50,064a59cdb00361c6b92ce098922b87357cae7736,0,0,0,2009-06-24 19:25:21,4496,208,0.0945,4704,85,36,1,3067,28,44353.9323,2824,695.4385,47642
46,4283f0d879ed551859650f94d6eb0009daaa5361,0,0,0,2009-06-25 19:13:59,67,247,5.6616,314,85,2,13,3067,4,6433.9191,1,638.7211,44617
25,27d66d8269d5f52dd29b98cac0b41574291f16ad,0,0,0,2009-06-25 21:07:35,4496,195,1.6432,4691,5,36,1,54,18,80700.0323,2803,637.3871,48271
64,3a7a33ce0f9046e386dada63f28e2b5e091760dd,0,0,0,2009-06-25 21:27:00,4496,9293,5.6616,13789,85,36,13,85,94,19262.7384,1,640.3701,45117
55,68564e154913fb7e5ed74685748544641bf65513,0,0,0,2009-06-26 17:22:30,4496,239,1.4654,4735,5,36,1,61,11,67130.0537,1,693.3291,47796
61,b9da215e06303540824bb86fdd7c1f3e8295fce3,0,1,0,2009-06-26 17:22:40,166,9293,1.8076,9459,4,3,2,36,6,49306.2884,2824,688.8454,54991
33,479c1a40af3ebcf24df4bd177477747347e0ea80,0,0,0,2009-06-26 17:26:26,123,9293,0.1069,9416,3,36,1,3067,6,83323.8862,2814,691.9324,9745
67,fe2bd0103f825c173c9010f379c7d32021f8a64d,0,0,0,2009-06-26 17:38:22,62,192,5.6616,254,85,36,1,3067,7,86384.0,1,648.9863,45463
69,f2cab86892103a8a20b674592c654329ac009513,0,0,0,2009-06-29 22:07:41,4496,216,0.4546,4712,3,2,13,3067,3,43561.9094,2830,693.5644,47051
68,ef203cf00070fd719f87db9dd2384b8bc116ebd6,0,0,0,2009-07-04 05:45:49,151,9293,1.1185,9444,4,3,1,65,10,28545.4341,2790,714.2898,1196
71,0172497ad24e4b31ce4e70fee8bc69def99a9fe6,0,1,0,2009-07-04 05:55:09,4496,245,3.1824,4741,14,11,2,3067,45,27428.6356,2811,639.469,52992
73,26aefa2f4a04083c42f5338eda24a5bb09ab04ed,0,0,0,2009-07-06 19:57:44,28,9293,0.8691,9321,1,2,1,73,29,38145.5649,2834,681.2865,45773
75,b54de30a0226daafaa6ecf0257371e6e8c2a0742,0,1,0,2009-07-06 19:58:13,4496,226,2.3032,4722,12,4,3,158,43,1731.5125,2822,691.87,56327
65,8c04ffd52a43358a8eb56a68fa7aeae0bfa94577,0,0,0,2009-07-08 22:49:08,50,9293,0.9117,9343,1,36,13,96,31,30998.0163,260,35.8767,63673
81,0e4135933ad8b6628057aa30c3c294e8573b8653,0,0,0,2009-07-09 16:18:39,4496,9293,5.6616,13789,2,1,13,24,26,7428.9178,299,55.831,1081
40,7762e06571fc3ab1164c5e45d61e4cd03648a96c,0,0,0,2009-07-10 17:48:45,103,9293,5.6616,9396,85,36,13,5,28,66966.7771,1,638.8884,44862
79,4d1395e0fa7e96c2540bd2aff00dadaa68b57c34,0,1,0,2009-07-10 17:48:49,187,90,1.3776,277,4,1,13,77,30,34703.5872,2855,669.0843,46012
87,9c5274b4cd0448af42cb3da8dc6d9a4422355a06,0,0,0,2009-07-14 21:46:43,4496,213,0.9592,4709,3,36,1,3067,1,53290.8488,1,690.0437,47696
86,bad8fb5fae2a9e95b4e8811af05f2078ce9a1dc4,0,0,0,2009-07-17 19:45:22,4496,123,1.513,4619,4,3,2,6,32,54528.1571,262,61.2397,45
95,7435fc82c05089741cd03df3679128c8fc073fe9,0,1,0,2009-07-21 01:35:47,4496,9293,2.8099,13789,10,5,2,3067,18,18950.9727,1,707.1395,53530
94,438f387705a82ec4d1a3017d74ab38a132ce5476,0,0,0,2009-07-21 03:01:42,97,267,0.3712,364,5,1,2,3067,9,8376.4013,1,641.4486,45757
100,32d964ff54cf1c2947ccb00f4cc6c1fcda3510e0,0,0,0,2009-07-21 15:21:59,4496,9293,0.9158,13789,85,2,2,44,1,54107.1063,242,62.296,63673
106,878991bb32c5dc5c9d3b50bb993a90c7adb07401,0,0,0,2009-07-21 22:08:34,4496,236,5.6616,4732,85,36,1,3067,17,72323.6852,1,703.6171,44861
109,058eef0806ce7f60d3910c7d2c8761fc9dc96132,0,0,0,2009-07-22 21:13:35,115,9293,1.1248,9408,4,1,2,102,6,64106.6169,2806,649.6058,53089
98,8d4b161f09445357a0ce5ea8b874ec31032b9bbe,0,0,0,2009-07-23 17:57:26,113,9293,5.6616,9406,85,2,13,3067,3,44808.9511,2804,694.6805,47376
108,cf01ea1c49f1168292cca9faa860617ab973334e,0,0,0,2009-07-23 20:11:57,76,248,0.5731,324,3,2,13,10,34,74259.689,2816,689.9716,47146
113,67deae8e40edd3325028cffba70ada621e9193f9,0,0,0,2009-07-27 04:15:49,4496,9293,5.6616,13789,3,36,1,3067,18,8400.7472,2784,651.6453,45152
97,38d81587acfff4e97e632967ff86e05c3e6d6492,0,1,0,2009-07-27 17:28:57,298,9293,2.7423,9591,5,4,1,174,52,58898.1281,1,646.0688,45201
117,1332c0ed656696c4a5e0dee843f02b33a35bdbf9,0,0,0,2009-07-27 22:40:38,98,119,5.6616,217,85,2,13,17,28,16823.4978,1,642.3356,47390
119,88a30f182a23da55084358e052afd962fbb48f3e,0,0,0,2009-07-28 02:45:50,4496,155,5.6616,4651,85,36,13,55,4,2159.2838,1,645.3534,44537
125,68bd9489b77da56fdbf15a58aaec9bf99c562254,0,0,0,2009-07-28 02:46:02,4496,114,0.9365,4610,3,1,1,65,1,86384.0,2819,694.3901,45223
114,ab6d4b9a64eb5d6113d9d40a56aa373619496570,0,0,0,2009-07-28 12:51:03,4496,257,5.6616,4753,85,36,1,114,6,29544.3527,2786,698.8048,47514
127,f8563642748ca5fec3e2e19982c67b7bacd00023,0,1,0,2009-07-29 17:00:18,204,9293,4.0271,9497,24,8,13,184,45,56468.3011,2812,626.1571,48580
132,bfb5006420b7b945b410f83b662fca77a0e49d71,0,1,0,2009-07-29 17:05:47,53,86,1.2926,139,3,3,1,3067,12,35073.5525,1,681.6621,45878
116,5782d175a0144dac99086b4d1de21f13cb2c1f76,0,0,0,2009-07-30 15:11:43,64,208,0.8449,272,3,1,2,3067,94,69258.1855,2794,642.2105,55531
134,edf2226079d61a0e23f803bc3f064b9e360fb141,0,0,0,2009-07-30 15:18:03,108,9293,0.5638,9401,85,1,13,119,34,51351.7724,2793,643.5898,47342
111,4c2d91c213c00ec9b3c3ab4caf83507883b093bd,0,0,0,2009-08-01 22:30:55,68,9293,0.7735,9361,3,3,1,3067,1,86384.0,1,654.9466,45419
138,2514d6dc649c3b215b1c4921968b61f38511e2ed,0,0,0,2009-08-01 22:31:33,53,179,0.9093,232,3,2,1,55,4,86384.0,2819,689.3544,45311
149,7bd9590c0743dd1f7a88c386f9b00832a3767cbe,0,0,0,2009-08-03 21:27:04,105,99,1.633,204,5,3,2,3067,9,57379.1235,1,650.1917,46502
143,939709f977311add1cdc89cdd51bb19dc694d8f7,0,0,0,2009-08-05 02:37:40,4496,9293,1.0136,13789,85,3,1,104,32,19545.7905,2800,658.601,44836
147,ee3e388a80e1ce37772ebdeead1c2d9ac8d4b225,0,0,0,2009-08-05 02:37:45,4496,9293,0.091,13789,2,36,13,70,5,17176.8253,2786,705.0788,47757
155,e1e6a6c55463c540e43c3ffeafa9285323cef926,0,0,0,2009-08-06 01:55:29,110,9293,5.6616,9403,3,36,13,54,8,37235.8472,2831,653.017,44983
158,449a444c7d1cfa13e1a7d25865227e1ba8c300e2,0,0,0,2009-08-06 15:34:22,154,214,1.6664,368,3,2,13,98,21,56446.0684,1,654.225,45232
144,b3b9cd8d5105f33d4c0dd73d8ad00624bc271b21,0,0,0,2009-08-07 16:23:42,104,260,5.6616,364,3,2,13,3067,7,66388.7593,1,703.0158,9736
154,0f2a76bb5b2b5b5ea72124b820221778f5194660,0,0,0,2009-08-07 16:23:53,14,253,1.139,267,2,3,13,3067,5,57729.8992,1,700.2689,44955
162,a9c6a1e7d6a71f11511f3f0efbd8bc64c2fdd011,0,1,0,2009-08-07 16:24:04,154,248,1.8976,402,7,5,3,48,30,22279.3848,2842,664.6714,55660
153,c011c671828401cb82ab0fc96a18ae7fcc5fea18,0,1,0,2009-08-07 16:24:12,75,0,1.7945,75,6,3,13,46,12,1579.0766,2850,683.736,46835
165,4a0860e4fe3c1410455f589eaaee836d847d5b9d,0,0,0,2009-08-07 16:24:17,4496,152,5.6616,4648,85,2,13,3067,4,1905.8763,1,651.0521,45337
157,1dd5f60422dd53072097ec8f0010c00e4cea9536,0,0,0,2009-08-07 16:24:31,120,9293,5.6616,9413,2,36,1,79,6,86384.0,2797,636.6576,6307
164,d221a417199968c8eda9096a061c35b5adec5784,0,1,0,2009-08-07 16:24:54,4496,61,1.7479,4557,3,3,2,84,5,1161.3594,2841,663.3527,55112
146,cb0e6a348ff026b25a813bc19c705c15e212652e,0,0,0,2009-08-07 17:03:32,4496,135,0.1575,4631,85,36,1,3067,29,4428.2495,1,710.0456,45319
159,9a9371d1efd93117b16bda9caf48238a9001c75c,0,0,0,2009-08-07 17:08:16,4496,9293,0.079,13789,85,2,13,3067,27,11015.9637,1,709.0397,44896
160,fa53f58871c1b47b0fcea1a6adae85a19ddefb9c,0,0,0,2009-08-07 20:57:08,12,81,0.8985,93,3,2,2,10,7,36695.9461,1,662.1299,46583
169,d748648b235bd7dc95bfb2672ee156e0eb132bd8,0,0,0,2009-08-07 23:29:50,160,9293,0.4275,9453,85,2,2,3067,36,48190.2805,2818,690.1972,53017
130,a7f0fb64ae984f323b53f49c17837656670ac7d9,0,0,0,2009-08-07 23:30:32,95,298,5.6616,393,85,36,1,100,27,23457.8833,1,703.1595,2911
171,cee37599f6526b9a33df3d2d8d9d87315af0f7c5,0,0,0,2009-08-10 15:29:58,4496,9293,1.9449,13789,3,2,13,29,32,63861.8939,1,692.7945,46936
141,ceb4a10808a25fa7b9a20ad113242e8c4ab6ad76,0,1,0,2009-08-10 15:30:12,137,158,2.693,295,11,3,2,63,37,26997.5212,2818,693.3276,53747
170,bf6236ddf661ebb896c069daf930abe3e9bb3b35,0,0,0,2009-08-10 18:57:03,83,9293,1.2982,9376,4,3,2,87,34,66218.5172,254,36.4366,1028
174,7f63092fed4341a726efc100449d7e2568dd90e7,0,0,0,2009-08-11 00:50:19,4496,9293,5.6616,13789,2,2,13,85,5,7068.2446,1,640.0379,47870
188,9f570c192d258aef749ce1edbc084da465fd7888,0,1,0,2009-08-11 02:09:40,121,9293,1.5013,9414,4,3,2,54,19,9210.3432,1,659.1869,53465
176,7ea2c96852f1b3f4fceda17a70cb2ccbc95060e7,0,1,0,2009-08-11 14:13:47,4496,164,2.0783,4660,7,5,2,118,33,45448.2232,2833,655.0663,46470
185,850e86544004bdddd31fd63d62525412e1f47ce7,0,0,0,2009-08-11 17:17:21,139,9293,0.3682,9432,2,1,2,65,36,74425.2395,2779,645.6773,49193
168,ac414f9a52f9ffb023cf3690cd782e4ecb976140,0,0,0,2009-08-11 18:27:20,4496,140,5.6616,4636,85,2,13,164,39,44770.2096,1,709.5162,47289
182,3ec8258db67ef4c5afc35e71ca63435681cf9e87,0,0,0,2009-08-11 20:40:10,171,9293,0.0815,9464,85,2,1,94,25,5418.232,2788,702.1203,44790
178,ddf00a509a4793bc69bf11cf10cc8155a9371f2d,0,0,0,2009-08-12 21:27:24,77,215,0.1501,292,85,36,13,3067,24,4131.042,1,703.155,47051
193,5f4734eaa8d860d6a49d1fcbbe0f89d92edb291f,0,0,0,2009-08-14 20:20:50,4496,9293,5.6616,13789,85,36,13,80,24,83989.1668,1,655.4781,47365
173,eb886e99995713f3ed563142107e765f880a4fcc,0,0,0,2009-08-14 21:00:18,76,201,1.1063,277,1,2,2,3067,35,55966.847,2830,694.843,55134
187,db18318c0a4a32570fdd1eb4989b41dff94e7162,0,1,0,2009-08-17 23:34:23,197,9293,2.1014,9490,7,5,3,127,33,33965.1502,2812,685.1677,54338
196,00046230298396c206170d91b2dbcc7363184da9,0,0,0,2009-08-18 17:24:55,4496,9293,0.1513,13789,2,2,1,3067,33,63061.5476,2811,653.3839,47871
180,007df950fc9e9fad255167db74517095a8326f25,0,0,0,2009-08-18 22:49:20,4496,253,0.0954,4749,85,2,13,3067,94,82218.3349,2794,698.1178,44707
179,8a72a27cf199e8f810c6c84d48775fcf3df9cfcb,0,0,0,2009-08-20 01:03:20,73,152,0.6393,225,3,1,13,3067,39,16175.3458,2794,644.3564,45094
194,c0df773c99cf8b65a735870a02ca90995304b460,0,1,0,2009-08-20 03:13:19,55,108,2.1031,163,7,3,13,44,27,23379.6308,1,662.7856,45595
199,6be6f84d39ce526d8c818475a05da1018f6a4e90,0,1,0,2009-08-20 16:37:14,52,9293,1.6697,9345,9,3,2,103,21,38109.6225,1,684.9917,53467
195,568933f5c4f7bf7e373663a414dd890cdc93ec2b,0,0,0,2009-08-20 20:37:45,4496,9293,0.6334,13789,3,1,2,69,9,13413.6919,1,697.17,55243
198,dcabc0e3431ccff56b20caef7f7805e49a6aac13,0,0,0,2009-08-20 21:17:59,50,89,0.0523,139,2,36,1,3067,26,64615.9178,307,34.806,1207
201,3917094f04a76878c56947e745154c708ff99632,0,0,0,2009-08-24 16:49:21,4496,195,5.6616,4691,85,2,1,65,24,73372.5439,2785,657.5714,45056
189,5fd4ff77472ffd2d20c22b801d1c8d6ad37138f8,0,0,0,2009-08-24 20:31:56,104,165,5.6616,269,85,2,13,3067,1,80283.0152,2778,703.5833,45321
197,12cbf7528031b6802ece8ffb1cd3b24daceb5468,0,0,0,2009-08-24 20:32:00,73,248,5.6616,321,3,2,13,3067,3,2329.6429,2803,653.237,47202
200,39d97f389207d4a294750ae4ff975682fc5b47e2,0,0,0,2009-08-24 21:13:32,68,9293,0.1262,9361,85,1,1,3067,1,4218.0556,2811,651.3552,44662
206,a2899de1374fc084364184cb97eeb9526f7ddf47,0,0,0,2009-08-24 22:03:35,4496,239,5.6616,4735,85,2,1,3067,4,1621.617,2825,689.27,46997
192,c4992f48ce9c26ce4fd028240447b4cbe85ecf26,0,1,0,2009-08-24 23:39:27,500,160,1.6898,660,9,6,3,17,35,55443.1198,2862,1267.3333,63673
207,489143566d1e258b0568ad000be64733893d2c0c,0,0,0,2009-08-26 18:33:46,4496,172,0.1013,4668,3,2,1,94,4,72698.6342,1,637.7297,45170
205,f8fa6d243111c41fe5c32afa49973892e4b136fc,0,1,0,2009-08-26 22:20:13,298,9293,3.5078,9591,19,8,3,8,21,45400.1867,2813,653.737,57111
202,eb6d11d54932ea929e983d3f986314e1e3ef0d33,0,0,0,2009-08-27 03:13:50,4496,213,5.6616,4709,85,36,13,83,2,19798.4286,1,639.2179,6315
5760,866b06ec3d545092db1ec0b16c9534939b186ece,0,0,0,2009-08-27 03:19:40,64,239,5.6616,303,85,2,13,3067,94,86384.0,1,640.7553,9178
5763,ba88f55d1f18f5d3a93aaf9d030a75c2d640316a,0,0,0,2009-08-27 17:22:03,148,179,5.6616,327,3,2,1,68,3,14667.5597,1,694.9478,47454
183,0f56a255539e884721afe5a31ec605e935774b71,0,1,0,2009-08-27 18:11:58,1249,415,1.9516,1664,16,5,2,3067,11,49119.806,1,707.248,500
5767,59ec4109e45d8b84f6f18ea66179840f50de6b25,0,0,0,2009-08-27 20:47:21,63,122,0.1192,185,6,3,2,93,0,13321.2833,2806,696.1617,1024
5776,29515c11d799fa36706935a9352d293612a5d815,0,0,0,2009-08-28 03:05:49,95,142,5.6616,237,85,2,1,3067,2,84299.1646,1,643.3291,9099
5773,dc794169b8ffdce004036568619bd27b590ee1b9,0,1,0,2009-08-28 16:27:58,243,9293,2.9206,9536,9,7,2,109,52,67520.218,2803,699.0475,47987
5778,8c3693c6b08a29ada08f6b0dd9c43fa54871e628,0,0,0,2009-08-28 19:33:05,113,248,5.6616,361,3,36,1,3067,11,3555.0249,1,695.2284,47608
5768,86abfe10279ce957e3dad221b2ca6e58eea1758d,0,0,0,2009-08-29 22:39:58,4496,9293,5.6616,13789,85,1,13,3067,24,11403.2437,1,655.9413,45334
5766,533dcad919703e36581bb400cfb07b4f2485abc0,0,0,0,2009-08-31 15:44:42,4496,146,0.0492,4642,2,36,1,3067,3,9201.5072,38,25.4924,63673
5769,bbd170187bc6d08c77473fcd843e20ecc84642dc,0,0,0,2009-08-31 19:48:24,98,156,0.5401,254,4,1,2,83,22,12723.2783,2831,686.2029,49564
5779,7bf57616e626513ae5800ec0874105fd2170104d,0,0,0,2009-08-31 19:49:14,102,9293,5.6616,9395,85,36,1,81,23,2094.5517,2811,702.7841,47711
5762,33ac4dddb02c4b99dda34eefe842b2fcf4e81c6b,0,0,0,2009-08-31 21:31:25,94,236,0.0855,330,85,2,13,73,2,4480.7233,1,695.5997,44781
5771,fe28c474066929a04f3091e699d19ccb14eb3e98,0,0,0,2009-09-02 02:02:30,3,9293,1.9254,9296,6,2,2,118,32,22301.8259,1,681.6059,54740
5786,204bec65ef40015c450835cd439e9b4e86b46af3,0,0,0,2009-09-02 20:30:43,98,9293,0.1791,9391,3,3,13,49,28,17210.6411,2791,705.2256,45441
5790,67fc385718006d7f050c8f23a7d26f836b461174,0,0,0,2009-09-04 16:52:43,4496,52,5.6616,4548,85,1,13,3067,28,671.1166,307,57.1446,952
5777,8be0d7de6a8a5862be23d1733a458592b1f55946,0,0,0,2009-09-07 14:45:04,4496,9293,1.8039,13789,2,2,1,189,30,80875.2097,2772,654.4275,48175
5787,090b6a21d2a81c339e4d7224f4c46ed59cab1cfc,0,0,0,2009-09-07 14:45:09,4496,9293,5.6616,13789,85,36,1,137,32,86384.0,2794,698.5044,47892
5789,dec8490e5ee399beb93e02fe269c51bdbfd4e7de,0,0,0,2009-09-07 14:45:13,4496,265,5.6616,4761,85,2,1,158,31,86384.0,1,705.9974,47956
5793,313f053ecd8c7f74caf8c639754f26849d30d3fc,0,0,0,2009-09-07 17:15:48,4496,9293,0.9377,13789,85,36,1,3067,7,55308.5775,2824,702.443,46942
5780,71b3b3c7364445ed508a8ee52050ca39b9c5de66,0,0,0,2009-09-07 17:18:41,103,128,0.0817,231,2,36,1,56,5,76067.111,1,655.958,45197
5788,95e7ed26bb9030cd0e6ef0ca455c1971e4d71186,0,0,0,2009-09-08 18:59:17,4496,9293,5.6616,13789,85,2,13,135,29,13293.6831,2826,693.9825,44900
5795,d1674646482a2f8f67e2e575242a85c6c4fee350,0,0,0,2009-09-08 18:59:21,4496,9293,0.85,13789,4,2,13,33,29,5376.7676,2807,661.963,47229
5797,3e96baefd134b8f50edebb6b9e45e1c66cdfd35b,0,0,0,2009-09-08 21:21:28,4496,2996,5.6616,7492,85,3,2,0,31,40516.9508,203,21.5639,63673
5794,4da540024a429f0c0a3f73161086d1f7997d5b95,0,0,0,2009-09-10 18:48:19,4496,63,1.3368,4559,4,36,1,132,31,32011.8583,1,669.4362,46471
5801,adcbd5b402fd9895dc573a524a68c0569c41ff55,0,0,0,2009-09-14 18:00:47,63,9293,5.6616,9356,2,1,13,3067,94,20084.7481,2812,645.8701,47505
5809,bb5a2700d7189de187e732d1fcc9ea65e3b95ae6,0,0,0,2009-09-17 21:09:52,4496,249,1.0033,4745,85,1,2,134,39,84136.2442,1,696.5816,52169
5811,254e6a2c237506198820e5837cbb06766852cb17,0,1,0,2009-09-17 21:09:58,179,9293,1.7512,9472,8,2,13,140,32,37796.1937,2848,685.0846,46825
5804,a45bb97cc09835a2d8d073f4811c38e86d2e533a,0,0,0,2009-09-17 21:10:03,4496,116,0.767,4612,4,4,13,147,30,23493.5303,2823,688.5143,47087
5808,6e709a28633813d730170c2d6911b63419c73550,0,0,0,2009-09-18 19:02:36,4496,9293,0.831,13789,3,1,1,60,32,80994.0421,1,707.5746,47814
5803,c8cb217548173fe7424b92dee438e7b5bc90723a,0,0,0,2009-09-18 19:02:54,4496,102,1.2994,4598,4,1,13,97,29,86384.0,2827,657.3363,47068
5818,767e0235b0ce6c6cbbf6a1912ba96d3e202e3f40,0,0,0,2009-09-18 19:02:58,4496,235,5.6616,4731,85,36,13,149,32,2203.3719,1,698.99,44952
5823,aee7b0c4df80b88f8a4ed06d61be55f478c08b25,0,0,0,2009-09-21 14:20:00,95,174,5.6616,269,6,4,2,148,32,81061.3172,1,704.8155,45732
5783,6b142021d8696c51d86a345d2cae0b5a19a20961,0,0,0,2009-09-21 14:22:24,4496,256,5.6616,4752,3,2,13,3067,1,79972.2495,1,706.1428,63673
5825,e279ccd874bedc79d61512ebfa2a62b4b2a03084,0,0,0,2009-09-23 01:57:21,4496,625,5.6616,5121,4,3,2,109,31,25564.1038,2827,650.5717,49609
5814,767467724a5191b10b1bbc5f19951afa19f18ecc,0,0,0,2009-09-23 01:57:27,4496,135,1.4536,4631,3,1,1,97,32,15811.4324,2817,684.1472,47112
5827,d7bd37af1531087f5343c3af636b7699c4687a79,0,1,0,2009-09-23 01:57:37,103,214,2.7541,317,9,4,13,108,43,22411.3883,2813,645.3805,44954
5830,4c0df722db110e2ac173e3b5d876957e0c3107ce,0,0,0,2009-09-23 18:44:16,76,9293,0.9015,9369,85,1,2,3067,2,61944.1677,2827,659.9783,48501
5819,1d0cf136f6871730c663db143ada9a9b66034286,0,0,0,2009-09-24 15:32:21,4496,119,2.0615,4615,5,1,2,92,29,57664.954,2824,695.6747,53243
5832,e849e977736c8acd8deb73fd80b955b6040adbf3,0,0,0,2009-09-26 12:48:55,70,9293,0.8291,9363,2,2,2,66,16,54494.6285,2840,688.3007,53798
5824,aee70135ef001ee13d3aa3f3da5e0d1da7183699,0,0,0,2009-09-26 12:54:12,89,190,1.8988,279,3,36,13,86,33,54260.6894,2834,654.2635,45467
5831,778f1dec9b90d22b6b27b8268b404ff65cd7eb8e,0,0,0,2009-09-26 12:54:17,78,9293,0.8059,9371,85,1,13,3067,1,59484.4029,1,694.971,45258
5810,32dc02cad64bd557808a639d9430c1a8ba9afedc,0,0,0,2009-09-28 15:53:40,4496,9293,0.0969,13789,2,2,1,57,7,64624.2471,2795,645.475,47968
5838,de8318315f51a1cc5d8d0e7c7535c0290870a742,0,1,0,2009-09-28 18:45:10,92,310,2.0639,402,7,4,2,213,38,46906.452,2821,660.6892,49082
5829,60839fea8577a135b623c3dcc002351137c7fb45,0,1,0,2009-09-29 03:48:21,44,9293,1.1323,9337,2,3,2,96,31,34277.8722,2851,668.119,53925
5833,ce27422729599086dffb197608ddf3e8c4b541cf,0,0,0,2009-09-30 19:40:04,57,142,1.1416,199,4,2,1,3067,23,1031.3864,2817,689.0249,45595
5841,a215c38bfb5164f68f1ffe5d92166b701cd823dc,0,0,0,2009-10-01 02:49:54,4496,9293,1.8524,13789,5,2,13,53,10,15523.2519,2823,654.2812,45577
5820,d50facfb4901cb2ceeb50677a0b3ae1bda602f9f,0,0,0,2009-10-01 02:49:59,62,9293,0.0704,9355,85,36,1,3067,4,86384.0,1,655.3758,47219
5834,362178c204ea3c20fd7ea86e4e43fc154fd17061,0,1,0,2009-10-01 16:00:48,53,9293,1.3012,9346,3,36,1,3067,8,48086.671,255,40.079,180
5842,e7e3d23d26322973c9d4242ff225185f87b7d7f5,0,0,0,2009-10-02 18:40:15,4496,9293,0.9129,13789,85,36,1,133,14,17311.5645,2831,690.3249,45572
5845,09269836f60fb26d8493bb41d1da0103dcef9405,0,0,0,2009-10-06 19:41:57,123,9293,0.1328,9416,85,36,1,117,38,57516.7548,1,645.3287,47775
5828,becb0b1c7ab966572843da6ddbe665ef3c107e65,0,0,0,2009-10-07 16:23:05,66,121,1.9129,187,6,2,1,32,45,68075.9961,2829,665.1778,46748
5844,4a0378eb85397c9ff6a9cf2e85cd97f74cbb30bd,0,0,0,2009-10-07 16:23:10,122,287,5.6616,409,5,3,2,7,30,44995.2588,1,649.9123,49669
5852,ece6e6d4592ff68e8153770160d3c8e20a058591,0,0,0,2009-10-07 16:23:14,97,175,0.7341,272,2,1,13,90,45,827.698,1,663.5041,45717
5839,d1a8e1322fd5580e4e4b1178257057718ee1209c,0,1,0,2009-10-07 16:23:20,20,20,1.6713,40,7,5,1,30,47,12556.5967,1,662.4718,46966
5855,02a569e384b37f17049c3d2799738a3be1f556f2,0,0,0,2009-10-07 16:23:24,86,9293,1.7287,9379,3,2,1,36,47,569.7592,1,665.4722,45534
5846,fe1aa5b52ded59198f98d9d915276c04dad4a7cb,0,0,0,2009-10-07 19:41:36,4496,9293,0.9848,13789,2,3,1,67,46,22965.5815,1,657.9712,45446
5859,ff3dd4dcec517e72b61e35d1b3bf19dd021a2da0,0,0,0,2009-10-07 19:41:47,98,9293,0.6509,9391,4,3,2,87,38,28468.6174,2812,652.6983,45489
5853,3329f5ec9880e1008e48a70958b12d2bd2b52b64,0,0,0,2009-10-07 19:48:59,105,173,0.1184,278,3,36,13,179,33,2056.2305,1,696.3456,47614
5857,294bfa9a2106feeb5ad94ef0819001a7ca05e292,0,0,0,2009-10-07 21:47:38,4496,120,1.0479,4616,85,2,1,79,39,8851.3962,2862,1267.3333,1072
5836,ba98fa4797f43e12185bc1aad9d3fd878497b4c3,0,0,0,2009-10-08 18:38:36,77,193,0.1253,270,85,36,13,132,33,83731.5007,2798,651.9693,45393
5862,4a4b8bebf76e7b4bc494a020435277f47b0bcfaf,0,1,0,2009-10-09 17:07:24,50,54,1.4672,104,5,4,1,54,38,2907.3589,2848,667.7723,45973
5858,735435be69a03a3c4506b50facd771316e1b355c,0,0,0,2009-10-11 03:22:15,12,64,1.3261,76,2,3,2,148,46,24587.4231,2840,687.1507,47453
5850,816a45b62acdedecd65ecf036b379b5376d9b86c,0,0,0,2009-10-12 19:08:51,4496,139,1.6724,4635,2,2,3,70,87,9030.1439,2820,658.8675,51136
5856,c12b11b566a6521e8ed877fe99ee9565aab4406b,0,0,0,2009-10-12 19:18:45,75,239,5.6616,314,2,2,1,56,3,86384.0,1,706.5846,45344
5860,78f7a35ae364b6741c6a2c7757faec6b3e54493d,0,0,0,2009-10-12 19:57:40,4496,150,0.1031,4646,85,1,1,62,8,3173.2143,2788,649.6649,45005
5815,93ad8a2e42d9b6a17f009ca85d5d1a5e671a157e,0,0,0,2009-10-12 19:57:45,123,201,5.6616,324,2,36,13,47,7,48879.0413,2784,703.6362,45228
5864,bdb7bda5e07b22fe91679ce3e7c4c10a9380d5f4,0,1,0,2009-10-12 19:57:58,19,8,1.6947,27,4,3,13,30,9,32317.462,2852,680.6356,46525
5863,360d3559ec7c13a20e4ac32c7f06ac03ad3e2876,0,0,0,2009-10-16 20:40:44,123,9293,0.117,9416,3,36,1,54,94,17471.4166,1,639.1057,45326
5870,d4a8f07cd81d19c7146093ce89cb54291872414a,0,0,0,2009-10-20 17:48:49,4496,202,5.6616,4698,3,2,1,3067,7,3975.3071,1,696.6519,45113
5854,e659b06f3a500a5b8a4faee5e132946c82679281,0,0,0,2009-10-20 17:48:52,4496,195,5.6616,4691,2,2,1,3067,11,2199.4523,1,655.2744,45128
5865,34207f0a92e784322743e1fd2f04234d1fbdd2f7,0,0,0,2009-10-20 21:10:43,53,99,0.0668,152,2,1,1,34,3,86384.0,318,30.3649,63673
5869,dcdb8e1b85e934bbdf945b9c70fa6970feb754ce,0,1,0,2009-10-20 21:10:53,114,57,5.6616,171,85,1,1,3067,9,7199.4543,294,40.316,919
5872,93b0b062c2e6eaa36dda8a99da196d64e5c13871,0,0,0,2009-10-21 14:18:09,83,9293,0.1387,9376,85,2,13,130,38,41158.0972,2823,648.6742,47271
5871,1f63a4aac12b4c97d1f0193e0f65999a14930652,0,0,0,2009-10-21 16:09:08,4496,155,0.106,4651,85,2,13,55,2,63160.4488,1,652.4025,47276
5874,9b892b186ab5767d1f9b98e5d3850d7f92234216,0,0,0,2009-10-21 16:24:14,4496,238,0.4437,4734,3,36,1,3067,94,77148.1092,1,707.6636,44367
5868,c44e9d05ca1d2baf33333a90548d84bed230bec0,0,0,0,2009-10-21 18:25:25,81,115,0.9267,196,6,1,13,3067,18,48339.0149,1,660.0877,47187
5882,bb32068268a2d6e999a2c13992a09470a3d4f1fc,0,0,0,2009-10-23 03:06:46,86,9293,0.9721,9379,4,3,13,3067,18,9243.9026,2823,686.1227,45577
5885,4d2b25713f1105403a3c6ca40c5a9f18c8937367,0,0,0,2009-10-27 02:25:50,45,9293,1.1811,9338,4,2,13,43,13,30255.9579,2842,667.1326,45904
5879,160483cd19efcc51a66f361d3b015c32743eec81,0,0,0,2009-10-27 14:40:23,106,9293,0.3494,9399,4,3,13,101,36,41531.8315,2827,642.547,47320
5889,4856460f0e927761d8b321092c877092bce41569,0,1,0,2009-10-27 14:40:29,58,883,1.47,941,4,4,3,56,43,42092.623,1,653.8826,55485
5901,128cb03a5f3eb77b6015840f87ac6dc8bf01e0d9,0,0,0,2009-10-27 14:53:18,90,138,0.9174,228,4,2,2,19,38,13260.3586,2827,686.0921,55169
5894,f170a9dfadbab924996e4ecaf1bf16f6a2f1bf10,0,0,0,2009-10-30 18:27:44,4496,9293,1.4484,13789,4,2,1,14,26,13028.4544,2828,684.4988,45386
5902,1794fbed23a83abb7c6285ecb69628f90382686f,0,0,0,2009-10-30 19:45:38,92,9293,0.4119,9385,85,1,2,10,38,11053.2326,1,658.697,45695
5886,4d256f66550c34d047d30faf3ac7392c2977b047,0,0,0,2009-11-02 19:38:25,4496,140,5.6616,4636,85,36,13,197,31,15811.1574,2814,699.1586,44606
5893,3678daa0be6e88821b3a61e20c78493d6f119449,0,1,0,2009-11-03 02:24:05,194,306,2.3472,500,11,5,2,96,40,40280.908,2829,688.4265,52979
5908,46e5f23e1bb6cf374d0d89ecff40c84a1824b998,0,0,0,2009-11-03 02:24:12,1,9293,1.4037,9294,3,3,13,85,37,86384.0,1,668.7246,45982
5897,a08630fce0e430800d4beb0235ab199301be4f71,0,1,0,2009-11-03 03:12:16,183,9293,1.6166,9476,5,3,2,129,39,3747.079,1,696.1425,53198
5905,e488d2666603adba491e5eb2b41681e8ef7d9fe3,0,0,0,2009-11-03 14:48:18,32,9293,1.4038,9325,7,2,1,79,44,63285.8813,1,662.707,45849
5890,f6b71a507dc203360f0b122e5f470d27400ce2b3,0,0,0,2009-11-04 17:07:37,4496,9293,0.3347,13789,4,3,1,3067,5,70599.7242,1,635.2675,9944
5903,98719aa7c68d102a3ec7555e08bb130bd275de3f,0,0,0,2009-11-04 17:07:42,136,9293,0.0996,9429,2,2,13,51,28,79154.2846,1,695.6263,47573
5912,538dc69515f517303c6ba19e6fdab35f8a25b2e4,0,1,0,2009-11-04 17:07:49,94,81,1.5798,175,4,3,2,132,35,26350.3959,1,667.7531,54068
5898,23dd57230d9ef539a622291d92d92e4e4dfc9f01,0,0,0,2009-11-05 13:35:57,101,9293,0.1043,9394,3,2,1,3067,15,84703.4137,1,644.8484,44845
5910,f77ec79a8b2b36a7928d13df7393509aa3859f97,0,0,0,2009-11-06 17:56:35,38,9293,1.7522,9331,5,2,13,98,32,15896.045,2840,686.0701,45510
5915,b3b58932f352a01c87bfe66590044c99d16b4a5f,0,0,0,2009-11-06 22:17:09,4496,9293,1.6436,13789,1,1,13,11,27,56827.8394,2815,655.5862,45379
5914,d6977789cdfb66d80a4ec50a8541bb6807aff0c4,0,0,0,2009-11-06 22:17:18,78,2,1.9561,80,4,2,1,63,38,31739.807,2839,687.1155,46841
5928,3d6d023e68c337e553718028b949524b4edabbb3,0,0,0,2009-11-08 00:44:20,89,182,0.4898,271,5,3,3,3067,84,46015.3017,1,656.1573,48896
5907,8f85a51e643c904ab4f80ba98234dcb1e384dd40,0,0,0,2009-11-09 17:26:30,4496,9293,5.6616,13789,85,1,1,29,4,83310.1198,2862,16.7956,310
5917,4d44ddfc995bf53d6e1fb8f224589f71ac235be4,0,0,0,2009-11-10 05:18:54,59,82,0.0464,141,85,1,1,153,31,39815.3159,2862,22.8437,63673
5909,a905e9b3bcf87b8834128d2e90303d2fb7eefad7,0,0,0,2009-11-11 15:34:40,4496,86,1.0425,4582,1,2,13,152,44,33166.5625,2837,685.1526,46626
5922,321848d09c86fd8d78331fe0ef59c5b97a3afa8e,0,0,0,2009-11-11 16:11:36,48,9293,0.694,9341,5,1,1,3067,3,73224.202,2806,637.2742,47520
5925,0485f532a49b507b1e9eb5d0e9e8ffcc683d9ba5,0,0,0,2009-11-12 15:26:17,4496,163,0.893,4659,1,1,1,38,38,58328.3384,1,688.8158,47087
5919,01a2b07711d25f867ade855c5977f927afcddef2,0,0,0,2009-11-13 02:34:31,4496,204,0.0725,4700,3,2,13,3067,94,30894.4197,2792,657.0998,47457
5931,6ede8c5d91f334ff0e06197a3d1fbc4ec9480137,0,0,0,2009-11-13 15:18:31,4496,237,0.1154,4733,3,2,13,154,35,3.0,1,656.3716,44606
5933,e734d837a09a82e43d2e04a53c6921ccd3bc11ac,0,0,0,2009-11-13 15:57:34,4496,9293,0.089,13789,3,2,1,69,5,1646.9602,1,641.5388,44983
5937,f21052e91684e16ef2511f288718ccbf19ec13fd,0,0,0,2009-11-13 15:57:38,85,203,5.6616,288,3,36,1,3067,0,2102.5837,2790,644.8755,47025
5918,266e94f320b47532761bad3972e5e2a5a664ae70,0,0,0,2009-11-13 21:00:39,4496,9293,1.4056,13789,2,3,13,132,42,14610.2319,2842,690.9416,45344
5927,b5f326383980fd3a2f9eb883189c29d54fe1f972,0,0,0,2009-11-13 21:00:44,87,262,0.1477,349,3,36,13,109,8,19510.4717,2784,694.5085,45202
5934,b2b4260c68631ea3e89c1435174254078daaed22,0,0,0,2009-11-13 21:13:31,4496,9293,5.6616,13789,1,36,13,4,16,6215.4485,273,39.7164,380
5900,050752c70360fe8cae9803f3db15dad2fec224fc,0,0,0,2009-11-14 21:05:56,69,98,0.0304,167,85,1,13,61,22,82503.1371,36,1267.3333,552
5923,0801f420e5ca7a03f2fc5b9c9f67e5b037f99ebb,0,1,0,2009-11-14 23:49:55,68,90,1.9295,158,3,3,13,72,47,27596.8602,1,685.4649,45798
5936,58f585f6056b4990b010d84337ed2e91b27f2e33,0,0,0,2009-11-15 08:06:32,4496,9293,5.6616,13789,85,2,13,105,20,38552.5053,2823,693.6702,47008
5944,6691b2c295ffdc324cf460c73016b319c36e11cb,0,1,0,2009-11-16 18:22:14,4496,9293,2.4677,13789,12,4,2,254,87,55627.434,2810,650.6103,51176
5948,d5cdd6d0431ef2cbb545747ec1d9617dd50a4146,0,0,0,2009-11-16 19:37:12,169,365,0.151,534,3,2,2,136,35,10278.7507,2820,703.4351,49985
5945,a5bd08f421c647c3a472d231b24ae0d0a7101b9e,0,1,0,2009-11-17 13:34:06,151,41,1.8733,192,10,7,3,241,88,65876.405,2812,649.1331,52772
5913,6c37fb8b736ea2e6157f1c7f9ee7737de69a2ca9,0,0,0,2009-11-17 13:34:13,32,9293,1.6247,9325,3,2,1,22,4,31988.5188,1,679.5484,45974
5939,51fa96187c5fb0383cdfbcde5047f11803440263,0,0,0,2009-11-18 23:33:12,4496,9293,0.1245,13789,2,36,1,81,17,33934.6629,1,687.3961,47023
5926,8ec9b7bd95c5e09227a67893a944945fd0a37707,0,0,0,2009-11-20 19:06:22,4496,9293,1.5192,13789,4,2,1,3067,22,11533.1943,1,686.8306,45543
5955,5f343039334a5d89a0f3f78d77c7df373261ef18,0,0,0,2009-11-23 19:43:49,76,184,0.1274,260,85,2,13,132,35,11704.4675,1,657.77,44772
5959,cb3b171079f248370206218df9e0b6aa658225f8,0,0,0,2009-11-24 20:27:02,144,9293,0.0758,9437,85,2,13,176,35,3954.2827,1,693.984,47094
5957,e0f5809386760f29147ccc16910dfe4ad83e1c31,0,0,0,2009-11-26 14:58:10,98,9293,1.2786,9391,1,3,2,5,83,63405.3094,1,646.6382,50963
5932,36edc09be8479803b9cfe4fa9700ecc1c95f1f78,0,1,0,2009-11-30 03:25:01,50,85,0.9486,135,3,36,13,16,11,11609.9904,257,37.5647,239
5941,afda4ac49dd272bf3253c1c00f56b1d156bd8e74,0,0,0,2009-11-30 15:25:59,27,9293,0.0256,9320,85,1,1,3067,11,42731.7796,255,56.6621,1116
5962,8e08487c26f719c1e41ae36daafb7d0be76d70b1,0,0,0,2009-11-30 20:00:04,4496,9293,1.4896,13789,3,3,2,132,90,37098.0846,1,681.1387,50528
5960,8648d3fa0125ac12f5e894f05f369479151d4b6a,0,0,0,2009-12-01 19:44:18,55,83,5.6616,138,85,36,13,26,30,79938.5162,321,55.8421,1153
5958,578fd0ef3288792cd0ea09e122bbd460f4ade0fb,0,1,0,2009-12-02 18:32:25,132,87,0.6423,219,3,1,13,3067,17,80216.9844,265,53.4211,973
5964,eccbe75a382345ece044596feb5b706f6106f45b,0,1,0,2009-12-02 18:51:45,47,118,1.6558,165,4,4,13,225,46,62274.77,2847,663.9389,46698
5967,0a7e6d10879221549f0b451e9b5235629c7485fd,0,0,0,2009-12-02 18:55:51,4496,9293,0.7729,13789,3,2,2,66,38,40634.1174,1,689.3786,47330
5978,9cc162d77695e4f457884c7d3dd1ef30f75e06b4,0,0,0,2009-12-02 22:41:23,4496,9293,5.6616,13789,2,36,1,69,5,30623.3875,1,642.4087,44919
5982,ad4ef2f87e6ad795be17e26d5c82afd9187013cd,0,0,0,2009-12-03 21:03:46,4496,9293,1.5137,13789,4,2,13,141,36,15460.6251,1,691.9735,45528
5961,6c6f0c138e096dc50806132702a350d9fb642f3a,0,0,0,2009-12-04 05:30:38,87,124,5.6616,211,3,3,13,3067,20,30621.8459,2816,691.4556,45386
5983,02a562a3a0fba04c94f48cd56b66af587481077a,0,0,0,2009-12-04 21:38:53,60,9293,5.6616,9353,85,2,1,12,35,4074.9242,1,637.3424,47770
5956,6d96f53add0c0fc9193a0dfac8c42ac18a6a97e7,0,0,0,2009-12-05 00:24:19,4496,148,1.3338,4644,5,36,1,16,23,21729.7926,1,652.2757,45231
5971,23aa01beca4d7637b037ee85b87090cb1dff8bcf,0,1,0,2009-12-05 00:27:18,135,9293,2.2896,9428,10,4,13,236,37,30267.6309,1,660.5729,46785
5969,9e0ee8f269e0a389517b480a7cc9693f9073e742,0,1,0,2009-12-05 00:32:32,237,136,2.0506,373,8,4,2,106,90,6133.307,1,688.8317,49107
5974,75db7b59b7ff63d04a6d455ffadf6356be6accf8,0,0,0,2009-12-05 01:44:41,21,9293,5.6616,9314,85,1,1,21,11,83472.8608,37,1267.3333,63673
5977,601d939e9b223320d00e93684ff20d80cba42fb8,0,0,0,2009-12-05 05:26:56,80,9293,0.2518,9373,3,2,2,50,15,28462.6189,303,30.6649,1137
5965,f2e18632fd99130eacf79f60eeedb335c1f69156,0,0,0,2009-12-05 05:27:07,131,101,0.0255,232,2,36,13,43,16,86384.0,292,40.6424,1001
5975,94b55880bfed741fef559a0d43331cde8338b568,0,0,0,2009-12-05 05:27:19,55,37,0.0243,92,1,36,13,11,16,356.1153,269,51.0024,243
5980,bf6ac62695b781793c5781fd3191d5a0a31dfa4d,0,0,0,2009-12-05 05:27:38,51,9293,0.02,9344,2,36,13,36,16,86384.0,260,52.0674,980
5942,bbfcb18ae596fd314abdeaa3078352e22e11cf87,0,1,0,2009-12-05 05:27:48,45,9293,0.9533,9338,3,1,1,18,9,34544.0701,260,54.4443,943
5973,987aed491c30a1e4aa2a9d9200dd6627478a803e,0,0,0,2009-12-05 05:34:44,26,9293,0.0301,9319,1,1,1,11,17,823.8083,261,36.0638,811
5981,b8c65fadeb558a0bbd937cd4b15082547e62697c,0,0,0,2009-12-05 05:41:34,4496,60,5.6616,4556,85,36,13,14,17,39.2469,301,50.0645,374
5987,fb2cbc892206268e0f7d2d825956fa2c5757fd2a,0,0,0,2009-12-05 14:22:25,169,1542,0.2074,1711,3,36,13,130,27,5047.9159,2808,700.7015,436
5986,ac398bd0a755cbd9ba34a99a99351214784f9018,0,1,0,2009-12-05 18:47:55,1134,9293,1.598,10427,4,4,2,83,28,44184.7189,50,29.6732,654
5988,b169800b9081896975bf8a057b74ae8c81ad2f36,0,0,0,2009-12-05 21:52:46,4496,9293,5.6616,13789,3,2,13,24,32,24948.8701,1,633.178,3906
5990,b6aa09fa148305668cbd8024c394ae68ca6235e5,0,0,0,2009-12-06 01:46:40,4496,9293,0.0778,13789,85,1,13,171,29,24519.3507,52,17.0311,63673
5996,08479960ee33534926c282d42f8c7b0b4e8ff5dc,0,0,0,2009-12-07 17:20:33,4496,132,0.8687,4628,4,2,13,48,36,67699.5842,2826,686.5038,45191
5979,4a6b002090bed02d91465821fe00fa61fcba26c7,0,1,0,2009-12-07 21:20:25,248,178,2.597,426,11,3,2,3067,22,70924.0642,2827,682.2881,53536
5997,c8664861b7c3744bb29925646d1bc61862d1aaaf,0,0,0,2009-12-07 22:50:31,4496,212,5.6616,4708,85,36,1,209,28,74485.2166,2783,647.5225,47086
5991,8417db8fa9b75ed27dcfa1e56263d92ab97c80f0,0,0,0,2009-12-08 06:19:30,39,59,0.6584,98,2,2,2,153,29,33460.945,2841,684.3724,53860
5998,ccdb63acfed5dd12a203d69b0ad2310901224e0b,0,0,0,2009-12-08 06:24:10,4496,9293,0.1082,13789,85,36,13,205,31,86384.0,2781,697.7081,47164
6002,27ca0567253db73a44e8224fe6fa4346d2b562dd,0,0,0,2009-12-08 19:25:55,4496,9293,0.1115,13789,3,36,1,182,39,5850.3669,1,645.1485,44450
5963,44bd6cfe6a8a5520f1c41d82610ca76152f49eb1,0,0,0,2009-12-08 23:33:51,56,70,0.0166,126,1,1,13,40,15,64041.1574,299,51.9429,841
5992,dc750650cc879e344e33ce2fc33e0e9029983568,0,0,0,2009-12-08 23:33:58,29,52,0.0204,81,2,1,13,11,17,307.664,265,37.7218,962
5950,e3ec99843325c1326e31e3f33eb418fa5b7c0d91,0,0,0,2009-12-09 05:02:32,152,9293,0.2944,9445,4,2,1,0,94,25238.0664,2787,698.0577,44920
6006,d267cf77bd9f87389997d0c4b990aa799bc6cfda,0,0,0,2009-12-09 05:49:03,4496,9293,0.4654,13789,85,1,2,6,83,9782.9095,2813,697.9213,49142
6005,5b86c3dc0085c1c9f35f9c5e410fabb0bdf366f5,0,0,0,2009-12-09 06:32:37,85,9293,5.6616,9378,85,36,1,3067,6,26438.9793,2805,705.2913,45291
6007,e98ecd7afc6cba61503a26ee44dfe49452ad2b86,0,0,0,2009-12-09 06:33:08,4496,129,1.544,4625,2,3,1,192,38,17856.5824,2820,682.7471,45592
5994,798af777aea81a3fb671fab17b78a373f2e562ea,0,0,0,2009-12-09 16:42:07,4496,9293,5.6616,13789,2,36,13,3067,24,86384.0,1,652.9073,45286
6003,03dd532cab804535a4b9d182e66259ac835e5901,0,0,0,2009-12-10 21:53:25,4496,9293,0.0835,13789,85,36,13,188,32,59251.412,2796,691.6555,47930
6010,65e99f98d257fd5873f831bf97a173309acbb9b9,0,0,0,2009-12-10 21:53:46,63,269,5.6616,332,85,2,1,3067,0,75572.4809,1,655.4068,47928
5985,0967566af3321900ff704ed89cb3d0775038b700,0,0,0,2009-12-11 04:25:00,66,193,0.0853,259,85,2,13,3067,16,2167.5207,2789,641.2899,47041
6013,a176698bdf3d08a38806182284e5f94d285a41e6,0,0,0,2009-12-11 16:09:13,4496,9293,5.6616,13789,85,2,13,197,32,44237.5842,1,640.5791,47119
6017,6317ab06c2bc70d43580be29cec792045db437a2,0,0,0,2009-12-11 17:00:21,4496,9293,5.6616,13789,2,2,13,3067,3,65959.4641,2803,690.2661,63673
6023,b4cf34e1f8dce69c0f1a3dfb4eadb3298232556b,0,0,0,2009-12-11 17:08:48,4496,9293,0.4085,13789,3,36,13,41,20,30267.4025,2809,659.9363,47380
6001,5bcdbcfa271643579d75f5d7a4328df93064ead9,0,0,0,2009-12-11 17:11:40,77,9293,5.6616,9370,1,3,2,88,20,36437.564,1,656.2387,55477
6016,db9a22aea179879fc648f232f616f7f488135c4a,0,0,0,2009-12-11 20:16:38,4496,9293,5.6616,13789,85,36,13,3067,4,3378.818,1,690.6027,47790
6028,d223e7d12f9d0fa0d79cad3e6b6301dbf8b07b8f,0,0,0,2009-12-11 22:14:24,48,114,1.322,162,4,3,13,1,17,26795.514,1,684.8784,46837
5999,70e0eee7918b02a08886332d03f41f9343678073,0,0,0,2009-12-12 14:52:20,69,139,5.6616,208,2,2,13,3067,24,36024.4055,1,648.0723,47467
5993,040f924ded78f158c9882732c2b6007278c7a70a,0,0,0,2009-12-14 19:39:44,107,286,0.152,393,85,36,13,175,31,8187.0875,2791,636.5227,404
6024,93d9a81dcf7523261598d0c68cb3f3ebb4a26e62,0,0,0,2009-12-14 21:14:32,54,124,1.7642,178,5,2,2,3067,13,53949.5804,251,37.2573,44
6004,b49b66994fff6d14145521fb2a69c266e444cb52,0,0,0,2009-12-14 21:17:47,39,9293,0.0457,9332,85,1,13,3067,10,86384.0,302,52.0369,347
6022,cf6a75e1774965afa44da45f908a6860541c06dd,0,0,0,2009-12-14 22:08:42,4496,212,0.9207,4708,85,2,13,70,17,20533.2278,2825,643.6608,47115
6031,82d843bad887b2858c94f559d66a55bce37fc3a9,0,0,0,2009-12-14 22:29:26,87,9293,5.6616,9380,3,36,13,86,7,33643.1002,2819,646.0388,47567
6027,9e63f55890fb19108cb177318098a2e4f021f5b1,0,0,0,2009-12-14 22:32:06,4496,9293,5.6616,13789,85,36,1,3067,11,86384.0,2788,704.7185,47392
6018,dc519a18e01db7182babe13e47e6d3ac82b09361,0,1,0,2009-12-15 03:31:34,57,9293,1.2412,9350,5,2,3,5,85,35572.6827,236,24.1631,63673
6026,77879d5b0633e822371df750e524b400304e65b0,0,0,0,2009-12-15 22:28:53,13,9293,0.2439,9306,2,1,1,34,18,1037.2005,2862,14.4239,411
6029,f2413f7e34aab3ead05fe16ef3cdbe1c79ca73a4,0,0,0,2009-12-15 22:32:30,4496,9293,1.0301,13789,3,2,1,3067,12,74524.0523,2862,22.8453,63673
6015,d9663f5eb6aed9b61b1d92200d5d0646c6a20c3e,0,1,0,2009-12-18 19:01:00,4496,90,1.4095,4586,2,2,4,10,28,44897.6162,227,33.3862,1703
6037,beba91e885c450a4542823da955c677b01d66a17,0,1,0,2009-12-18 21:53:27,2124,661,2.2277,2785,5,8,4,3067,80,54448.9498,2760,614.6256,57895
6047,0eea2131c0ed8cc68bee8082cf81b40c8a7872e2,0,1,0,2009-12-21 20:25:13,137,43,1.5939,180,9,4,2,152,90,33701.8516,1,680.3934,49345
6035,be98e4f5b50dd16ad816c5506f4fc9ce3aedaaf2,0,0,0,2009-12-21 21:00:36,22,9293,0.0391,9315,85,36,1,3067,2,8682.3164,268,36.2361,499
6040,e90d7790e7d7611a0101ab2eecf69bd78b7595a2,0,0,0,2009-12-21 21:17:32,46,9293,5.6616,9339,2,36,1,23,94,77337.4391,259,57.3162,397
6030,693a8a9db8df9a59034ce23011026c48c8436e8a,0,0,0,2009-12-22 20:35:30,135,226,5.6616,361,85,1,13,3067,25,81123.6645,1,703.126,44653
6042,f3f28f8273f2d299eba2024d2b3bc33b255920c9,0,0,0,2009-12-22 23:43:37,118,220,0.0745,338,3,36,1,195,33,3159.7571,2783,651.7911,48021
6044,efae42b47e0136cb284802bfee61922472b346b5,0,0,0,2009-12-23 16:08:29,4496,9293,0.0692,13789,3,36,1,84,4,69594.1861,2821,693.6133,45170
6050,090e9f8f10e890f4c1e3177e945d8facccc95cd8,0,1,0,2009-12-23 19:19:15,36,9293,1.4098,9329,6,4,13,226,49,28299.1915,2834,686.5671,45825
6036,1954f8252b3122fd467dc2d6c599ee6d56ce1e33,0,0,0,2009-12-23 19:19:38,78,165,0.509,243,4,1,1,184,35,3658.9081,2812,691.6766,47401
6046,b2b057ffde14e4bb15a8d13f87cdca2d22c1a3b2,0,1,0,2009-12-23 19:20:16,129,9293,1.6463,9422,6,3,2,204,29,11252.8885,1,655.0862,53599
6049,0642a536ba8402c1debd63d6a04481419265a8cc,0,1,0,2009-12-23 20:16:08,4496,148,2.216,4644,5,4,2,117,87,19912.5782,2827,660.0937,50762
6055,31c564a0ac7357621be5414016c2199e72a6a31e,0,0,0,2009-12-25 15:48:19,134,9293,0.1173,9427,3,36,13,64,3,83364.2465,1,707.2217,44838
6043,ced475ad6ef5d27733b4656ab636a1cce017d774,0,1,0,2009-12-26 00:24:56,4496,166,1.1927,4662,3,3,3,174,84,14101.7852,2819,687.8488,57566
6051,7d4e29bc4111ca22664bb3684ce8cb42ad8c4d96,0,0,0,2009-12-28 15:43:14,4496,131,0.169,4627,3,36,13,19,3,53634.2466,1,708.0681,45368
6052,ca5e5f0e9d6f1413bdde3fcfbdfef552bcb105d3,0,0,0,2009-12-28 15:43:41,4496,192,5.6616,4688,85,1,13,3067,2,81011.8327,1,692.1611,47802
6070,95eb8717509e8058e67c3c5893a14cc4548c7f94,0,0,0,2009-12-28 16:03:44,114,9293,1.0993,9407,2,2,2,82,86,36933.983,2820,688.085,50720
6059,bcfd76081d937b205889b7d197d098ca454ae166,0,0,0,2009-12-29 17:12:37,74,975,5.6616,1049,85,36,13,3067,32,36585.8755,2761,704.669,306
6032,3655e91f56a5ef3bfcadc3d0c48601cc78c17d14,0,1,0,2009-12-29 17:33:24,4496,138,1.0058,4634,5,5,2,81,12,49343.524,1,689.7403,53466
6060,6b1e0a42a9cc6404770d3bce71c97aa9eff3c47e,0,1,0,2009-12-29 19:25:18,236,439,3.1766,675,13,4,2,245,46,26083.9418,2763,630.4991,56442
6054,325a7c1af6bcd40cef7bc4a2e27138868cc6eb6f,0,0,0,2009-12-29 21:33:52,42,9293,2.7166,9335,8,5,1,72,13,29478.2767,305,28.9265,72
6064,433a0f9089d6c6fc728bfb0d9af779c29e14e55e,0,0,0,2009-12-29 21:49:36,97,9293,5.6616,9390,85,36,1,3067,3,11421.8959,2800,646.9749,45010
6041,c7b8853246cae06c0b7ede8f3657e2db92991840,0,0,0,2009-12-30 04:50:43,4496,9293,5.6616,13789,2,36,1,3067,5,45786.7192,2786,694.6772,47433
6061,0e52162d492a7e9141b484bb317451559933c106,0,0,0,2009-12-30 04:58:01,4496,9293,0.1136,13789,85,2,13,70,5,2608.8784,2822,643.711,47058
6069,7594c1ba49744d9e6ed3a797e1b3b8dc5fe8f244,0,0,0,2009-12-31 00:28:03,4496,222,5.6616,4718,2,36,1,50,9,86384.0,1,648.362,44489
6058,7a58ca6d8df4fc9fd61f5da7ba190ee9bc93c1ef,0,0,0,2009-12-31 21:30:10,4496,9293,1.5534,13789,6,4,13,111,5,47727.0588,1,683.6241,45517
6066,89490e39b4df040f353df0fa8c5c8c03f17dd7a6,0,0,0,2009-12-31 22:42:38,4496,9293,0.1095,13789,85,3,2,16,86,42668.9213,264,18.3224,131
6073,d0c1a8431930359350bd2f536223d5615e5cfc22,0,0,0,2010-01-01 03:54:04,61,158,0.0565,219,2,1,1,44,4,33600.8337,1,985.0424,1355
6080,4aff8fadb7611aa60cfbb0edae5e6347ec46be68,0,0,0,2010-01-05 04:05:26,4496,9293,0.0385,13789,4,1,13,54,20,20113.5567,1,993.2868,46718
6072,b72fb58000f17815c60ee9816b281eb0bb08b82f,0,0,0,2010-01-05 04:05:54,14,9293,5.6616,9307,85,1,13,21,19,86384.0,1,998.5574,46325
6078,2b37194d05958b1e508e6e3e1891a4e09ea2d00d,0,0,0,2010-01-05 04:06:16,4496,9293,5.6616,13789,85,36,1,22,19,86384.0,2857,1002.9529,46392
6081,a96bdf32395b82e791692d82c5c91f77bc8ef193,0,0,0,2010-01-05 04:06:38,2,48,5.6616,50,85,1,13,34,19,86384.0,2856,1003.1505,46396
6068,24f3751f2bba20366c25774f51cdbff976074908,0,0,0,2010-01-05 20:34:21,4496,9293,2.1284,13789,5,3,1,61,19,14201.3882,260,138.0249,1267
6079,790ad96c50b8d91def38d98231f0142f6d6c0656,0,0,0,2010-01-05 20:34:44,4496,9293,5.6616,13789,2,36,13,3067,3,84526.3955,265,145.2851,264
6082,775d0522ef359ed6571911235a65271b8af13eb1,0,0,0,2010-01-05 22:48:51,40,9293,0.0587,9333,85,1,13,3067,0,8562.5235,258,167.5575,1193
6091,2f3d2c0e4845faf62e33c191d152cb1b3fa62806,0,1,0,2010-01-07 02:59:28,54,186,2.5797,240,11,4,13,133,9,18402.277,2840,991.1315,46922
6092,b40af751144c1859d3a866195a92ad3ecdd35b63,0,1,0,2010-01-07 05:46:30,159,273,2.1079,432,5,4,3,293,40,18473.027,2783,966.2459,56006
6087,7b76180c77fb5f5efbb499b96376b6b4374fcd4c,0,0,0,2010-01-07 05:47:40,21,88,5.6616,109,4,1,13,21,15,18385.6156,1,992.9612,46572
6095,c57d509272f2b32ea2667b35cc4b6889c6ed8d2e,0,0,0,2010-01-08 03:40:18,4496,9293,0.0097,13789,85,36,1,30,15,78595.9503,1,1001.8954,46352
6084,20c1c12804d1d329e0f69b0f9cacc3ef664aa2b6,0,1,0,2010-01-08 03:46:23,38,42,0.0108,80,85,36,13,64,14,79017.5124,2859,998.3972,46096
6090,1fd3a574a14730ffec536fad1183b6dc7653c042,0,0,0,2010-01-08 03:58:18,4496,112,0.4208,4608,2,2,1,213,32,29037.5604,2829,1012.4644,47035
6094,c30c366885f4921a310e23fe5129a3cb44a350b5,0,1,0,2010-01-08 15:45:38,45,17,0.0187,62,85,36,13,24,15,72906.4342,1,1005.539,46071
6096,facfe74ac968d952c1fac258433ab46bae2c8757,0,1,1,2010-01-08 15:46:22,43,10,0.0123,53,2,36,1,155,31,20930.4466,2849,995.8962,46034
6085,53854bb68cb08eeaccd0ddcb59c896b20ceca3b9,0,0,0,2010-01-08 15:58:38,4496,9293,2.2236,13789,4,3,13,112,20,51483.9859,2832,992.3656,45720
6101,d89a63c1157ab956b7f6e1da2dba0ddac42e4354,0,0,0,2010-01-08 19:31:38,4496,9293,5.6616,13789,85,36,1,87,31,49912.4199,1,1010.3651,45804
6104,f0a78bf6d85c4c1f447f0e37f7870b460241b4b3,0,0,0,2010-01-11 19:11:25,47,9293,5.6616,9340,85,1,1,3067,1,85070.4034,2847,994.9423,45688
6098,a6cd2727d02a88a10c910b4b62267aba82367efd,0,1,0,2010-01-11 20:14:53,114,239,1.3062,353,6,6,3,157,39,9174.6749,1,987.1959,57214
6108,915bccd356b5512d6a55ee8d35b85a8f01426544,0,0,0,2010-01-11 21:19:43,52,9293,0.9962,9345,2,36,1,54,19,32479.2498,2843,1006.5162,46557
6097,2826d3a586b82ddb227952ad4235f94622a010d0,0,0,0,2010-01-11 21:20:11,43,137,1.8201,180,6,2,2,149,34,5833.572,2847,991.3877,48447
6105,bffe9edae1de49ce2c627deed6606b7d93a7af17,0,0,0,2010-01-11 21:20:34,36,63,0.4832,99,1,2,13,46,21,30070.0146,2846,995.8924,45712
6100,ab800ad8e49b01558f29c32cbacb00c2e4dee7f1,0,1,0,2010-01-12 04:04:13,97,40,0.7899,137,3,2,13,161,30,10065.6671,2850,994.6381,46514
6107,27f17db6f8f5f6675d5af5f2261f8d75c2a74bec,0,0,0,2010-01-12 04:05:28,4496,129,0.6169,4625,3,36,13,143,29,1062.4749,2839,985.3203,46974
6089,580039208ae12b07bb94e1a924f201e5e923b19f,0,0,0,2010-01-12 16:47:23,21,67,0.0245,88,1,1,1,34,5,45427.9437,2846,995.1866,45997
6102,5f94fe125f2460ab903f203daa452a3d96c7338c,0,0,0,2010-01-12 20:33:12,20,9293,0.0419,9313,85,1,13,5,27,5112.8857,1,1008.4626,46503
6111,3f56f6b4dd975e4eaed65c9f27d0d50b1b6b5788,0,0,0,2010-01-13 15:51:09,24,41,0.0169,65,85,36,13,89,31,41969.0189,1,1007.1469,45882
6127,6c73383ee2f4d858b5ebe1bf44b00e7b4c635f37,0,0,0,2010-01-13 17:43:24,37,79,1.1577,116,2,3,2,64,86,39151.7416,1,1006.0024,50404
6116,0e276b5ab0eacfdd4c96d101cf76a0ae7dde4113,0,0,0,2010-01-13 19:14:02,49,76,1.2003,125,3,2,2,227,30,41397.6982,2848,1007.649,54703
6130,22abad7a67a57f26f3bc1a26af4e26d9286e6d69,0,0,0,2010-01-14 16:47:52,93,9293,0.3864,9386,4,1,2,116,83,81751.0061,185,208.0929,2271
6103,b0d6e5c9f7b75e876cdf89659a21cb817d032556,0,0,0,2010-01-15 03:01:11,54,9293,0.9122,9347,3,2,1,30,20,22612.9863,2842,990.9846,45948
6115,820390faf1491004edcd9dcc1706faaa647e18da,0,1,0,2010-01-15 19:36:11,200,94,1.5035,294,3,4,3,15,12,35958.6418,2814,1015.8135,54944
6123,a2e2c03435d453306446d19c1000a95089fd8d22,0,1,0,2010-01-15 19:54:58,4496,721,4.2589,5217,25,12,2,456,47,47315.3003,1,951.1049,56478
6118,4af857ec1162869f0b5a8898097bf2d19474ab15,0,0,0,2010-01-17 20:44:50,306,85,5.6616,391,2,36,13,3067,1,73708.0268,254,165.3276,40
6119,52ea6c60d27a8588efca28bdd3de7d11a30ddc31,0,0,0,2010-01-17 20:44:57,37,9293,5.6616,9330,2,36,1,38,18,84312.2638,252,139.5169,123
6121,25278e78ed2f51668d35f5c992e305ad43d7f6d8,0,0,0,2010-01-17 20:45:04,4496,9293,1.616,13789,4,1,13,44,15,21739.2248,297,158.6955,1131
6113,f5db0f05faaa732f9480a9bde6c4239dcce08c99,0,0,0,2010-01-17 20:48:46,58,195,0.0601,253,1,2,2,142,32,31085.7917,248,161.6121,63673
6114,15e5d1c80c3eb1793826dc19c8dd88dfd61a5836,0,0,0,2010-01-18 15:50:38,109,117,2.3796,226,6,2,1,135,31,39974.7422,2828,991.4809,45553
6124,72a9a4eaae36c3acd59a46461e1ceaf88bfce356,0,1,0,2010-01-18 15:51:00,102,9293,1.5952,9395,4,3,1,176,30,28827.5533,2847,1003.702,46414
6125,45b9525c1c1a3a3f7a5da0e56be93bdfeb8aab9a,0,0,0,2010-01-18 15:51:43,4496,9293,0.5947,13789,3,36,1,28,1,86384.0,2841,1013.5381,46769
6133,3473ca4ef04c33a2ef4e96d313c3af0f1ca676ba,0,0,0,2010-01-18 15:52:00,41,93,0.4212,134,2,1,1,18,0,86384.0,2840,1009.1249,46746
6117,4a601646726908197a622f01bd7ec194652a22b8,0,0,0,2010-01-18 17:13:27,35,9293,5.6616,9328,2,2,13,19,1,34276.8546,1,990.3409,46560
6126,edc48c258d3cad3f876f713a88f22ec43f94a24e,0,0,0,2010-01-18 17:17:49,4496,9293,0.9634,13789,3,3,2,110,35,40549.9099,1,989.2711,47814
6142,311c3e9095b8da22d684466088edbaae85e1e15d,0,1,0,2010-01-18 18:34:22,114,9293,2.4912,9407,9,4,3,169,90,48542.2125,269,197.7247,2539
6128,a7c5c6f764100f516573c2f8b965374a4e56c3f8,0,0,0,2010-01-18 22:43:14,4496,76,0.9527,4572,1,2,13,64,21,15396.5217,1,1006.3989,45631
6129,721aaf0befddf81fc88f71f0a53a726e60268b9c,0,0,0,2010-01-19 02:11:05,4496,9293,5.6616,13789,85,1,1,101,3,826.3756,250,137.4994,1224
6132,afbead3015c3f32a13b973d6203d971503c38a06,0,0,0,2010-01-19 02:11:54,4496,9293,5.6616,13789,2,1,1,3067,2,86384.0,301,141.0079,97
6099,3e06414b61dbfdfd8a05a80d4c591dff18ff5d5f,0,1,0,2010-01-19 21:23:08,112,117,0.0216,229,2,1,13,10,3,42463.1175,2848,1006.5649,7917
6138,2126f608ed6497d05b97d27cf2862ec2cd4ec54e,0,1,0,2010-01-20 23:36:32,192,9293,3.6197,9485,20,7,2,288,47,28979.4762,2808,1044.5407,52499
6137,6522483594337fb3f25a4a2b2fb88de03ead440f,0,1,0,2010-01-20 23:37:38,240,87,1.461,327,5,2,13,62,19,20489.8966,1,1008.9829,45551
6140,32e73238c11ea6913315145566d4c758c0d47c1e,0,1,0,2010-01-20 23:38:39,107,159,1.429,266,2,36,13,13,23,1025.9987,1,1017.7647,45739
6148,b41b238e60d18077dc71189c2237984626294513,0,0,0,2010-01-21 15:46:41,4496,110,0.4558,4606,3,2,2,3067,3,72493.7307,2839,984.6251,55306
6136,96d9c335788a066c569359d77e6649d00ddf559a,0,1,0,2010-01-21 21:03:27,47,110,2.1514,157,6,4,2,152,33,77455.1613,2845,994.3229,48497
6145,dc1f78b6fbfc73d00b9516d24362985148348fd3,0,0,0,2010-01-21 21:03:46,4496,9293,0.0149,13789,85,1,13,64,4,68137.1123,1,996.5744,46055
6167,0a062926630fd54a187d0ab91379671fc191e0bd,0,1,0,2010-01-22 16:04:10,105,95,1.8205,200,7,4,3,189,84,61220.6901,197,163.1343,921
6151,12efa878b8d7fd042c39f7c5578af0ca1120d3c7,0,0,0,2010-01-22 19:02:42,4496,37,5.6616,4533,85,36,13,3067,12,70240.8166,2854,1005.2292,46534
6154,76a6da8d266395ea63a3aaf8e592a18c19a20633,0,0,0,2010-01-22 20:10:26,157,303,0.1338,460,2,2,2,64,28,35575.953,316,162.0229,991
6143,4cc136fca81bd33339af4dd5c4da88f154859237,0,0,0,2010-01-22 20:11:21,4496,9293,0.9002,13789,3,2,13,82,29,41214.4487,314,137.9747,1303
6149,a47296f7f97b02170673598bc3d146847f922167,0,0,0,2010-01-22 23:02:26,5,9293,0.0254,9298,85,1,13,24,4,16600.9029,1,992.29,45704
6156,a89d676f826b935baf66f51e9921522f5726910e,0,0,0,2010-01-24 00:02:38,4496,9293,1.0278,13789,2,1,13,177,30,9869.9754,2853,996.695,45941
6164,38ee5fcecd6aafbef7108c00ff555af240dce823,0,1,0,2010-01-25 09:26:01,175,166,1.726,341,6,2,13,176,38,46087.7941,2862,17.7804,63673
6150,2d7132069c3f8cbea3b8cef187abce10059677f8,0,0,0,2010-01-25 09:38:49,4496,56,5.6616,4552,85,36,13,33,11,49738.8772,14,11.9338,209
6163,cfdf3e69006f6b25ae7b0ba7742ca265984bd30e,0,0,0,2010-01-25 16:29:11,4496,73,0.029,4569,2,36,13,178,33,60145.9959,2846,993.0085,45885
6170,b69f63afe3e75a203c49c1399bb14cc56fcd9c8f,0,0,0,2010-01-25 16:55:06,4496,9293,0.8989,13789,1,2,13,79,12,38241.8099,1,991.725,46598
6147,d6682ffb7b3594491151e664b070f8526fc4fece,0,1,0,2010-01-25 18:36:00,11,112,0.9269,123,3,3,2,205,30,36527.9782,2849,1007.8737,53805
6165,56053d3b7164e09fc508593d381051e20fcfb157,0,0,0,2010-01-25 18:36:19,147,9293,0.9354,9440,3,1,13,14,31,79577.0291,1,993.1888,46767
6171,a6e720390caee30b88f92da3014fe8b3eea7ead2,0,0,0,2010-01-25 18:36:39,28,65,1.4643,93,3,2,1,156,31,25358.6022,1,1007.4639,45919
6153,7dfcfd11c596143d720fc834e8061c93d4e7a17c,0,0,0,2010-01-25 19:19:52,55,70,0.0307,125,85,36,13,3067,21,3408.151,309,140.1761,176
6161,59aa4c658d3288cc3616f60509d0a49190dd6a57,0,0,0,2010-01-25 19:19:56,26,9293,5.6616,9319,1,36,1,15,2,83943.6973,297,159.9222,74
6168,1fec6d186b5bfb11dc3d2384c59506af3f81396c,0,0,0,2010-01-25 21:26:28,133,114,0.2036,247,2,36,1,18,12,80445.2562,216,176.3695,1585
6139,59a976c463124f38504bc42325d6e109bf45f9ac,0,1,0,2010-01-26 23:21:05,4,65,0.1941,69,2,2,1,153,30,43594.2087,2844,995.2459,46482
6162,9c0f845129ba5d5ebcf2aa25ee1244b0595e27e6,0,0,0,2010-01-27 21:18:32,52,75,1.4035,127,4,2,2,32,4,28983.1212,1,993.697,46342
6169,1604c6f3f9d725fe8846cb13fcd0f8cb348bbe97,0,0,0,2010-01-28 01:35:23,64,9293,0.0438,9357,85,36,13,3067,3,22994.7564,26,12.979,63673
6174,6fc12bef5cb83b2692519d433f8eec7bf6cf6290,0,0,0,2010-01-29 04:10:03,10,3,0.0151,13,85,36,13,12,6,4673.2597,2855,996.7875,46114
6159,496ab23d515462bc04165db013c3429821d772d3,0,0,0,2010-01-29 15:46:19,143,9293,1.9432,9436,6,2,13,56,21,82268.8063,1,1013.9062,46984
6173,9b642a54b835595e6eb8343a0d03a10cd0b15cd9,0,1,0,2010-01-29 16:24:00,776,132,1.8939,908,6,36,13,35,94,57814.955,316,169.6729,19
6155,4a354d037c3bf12d725e7766a11a541ada8b1be0,0,0,0,2010-01-29 16:33:50,4496,76,5.6616,4572,2,1,1,95,21,584.5353,252,198.1891,2027
6175,d6c2bb0907efd2514a03d117ac1cc4fa60d3bfc4,0,1,0,2010-01-29 19:31:32,4496,86,1.9206,4582,6,4,2,6,13,64698.1123,2833,1012.9445,53304
6177,8b7038b2acd8a7f15df9f45fc8beeced5682916c,0,1,0,2010-01-30 00:10:56,22,163,1.589,185,3,4,2,97,19,17427.9635,1,1006.1509,53821
6176,49cca0d9f516aadd2051413843604890ea8ad751,0,0,0,2010-01-30 00:50:52,42,9293,0.3464,9335,3,3,1,163,36,21237.6159,2837,1012.2116,45645
6178,a75ebdd267c03d46886935faa0aa5bf021292b49,0,0,0,2010-01-31 00:23:42,42,9,1.0121,51,2,36,13,29,1,536.3015,1,991.3353,46785
6187,6224d8b25dcfdcf8a1771a77cbf8619a1d1e6d59,0,1,0,2010-01-31 00:29:37,4496,254,2.7297,4750,16,4,2,219,38,788.1607,2823,975.2937,53653
6166,449e33cdf1c43e75f33b1f2da429a2a26edc8694,0,0,0,2010-01-31 04:02:07,62,9293,0.0258,9355,1,1,1,3067,94,14044.6026,1,992.1145,45939
6181,c553ed0779604d87f787107a7ef25b962b65e10d,0,0,0,2010-02-01 06:43:47,37,83,0.0645,120,2,1,1,3067,1,63191.2252,44,19.9727,779
6188,cb239d089f2e185b8f877dd07d57499414b6c747,0,1,0,2010-02-01 22:05:37,4496,9293,1.1961,13789,3,2,13,162,38,51686.6181,2840,1004.8722,46604
6192,1d2d51b3a1711a7d2418e4a35cc6de2ba5115beb,0,1,0,2010-02-02 15:59:46,19,9293,0.3147,9312,1,2,13,15,20,67775.1048,2848,1007.9841,46555
6194,4922a87b54c8ddcc47ef8a3c7542bc40dde435c2,0,1,0,2010-02-03 02:20:45,4496,211,2.5015,4707,13,7,2,444,50,15336.2152,1,1047.0759,56235
6172,77335589c85f65b91c5e31482088ba85969020f4,0,1,0,2010-02-03 02:22:16,136,206,2.3063,342,5,4,2,364,46,14121.69,1,975.0717,55405
6191,3852009c14e9129f68786262bcedb9c00dc0df7e,0,1,0,2010-02-03 14:46:12,4496,246,2.3623,4742,13,5,2,137,32,56842.1395,1,985.18,55741
6190,30f0216a8fafe8a95b68f45cf0ee34f2e0b9aaac,0,1,0,2010-02-03 20:40:10,4496,9293,2.3161,13789,5,7,2,133,47,33908.1031,1,1029.2747,55676
6196,cef74a8db0578dc9edebdb20dabf25fdbcff6929,0,0,0,2010-02-03 23:14:08,13,7,0.2863,20,2,1,13,192,30,49363.7738,1,1009.5612,46534
6184,979d92fa45ee10811cf17ca4474ab9c4aeb7c6f7,0,0,0,2010-02-04 15:41:31,4496,9293,5.6616,13789,2,36,13,3067,1,55095.818,187,167.0295,1097
6189,8380b2412e52f5a83787f8f6dd905653647464c7,0,0,0,2010-02-04 19:59:25,58,104,1.1336,162,4,36,1,163,10,49981.364,2837,987.1056,46973
6202,f30ca092fc96ea0e50d0a3301bd2e848c143ca5b,0,1,0,2010-02-04 20:01:16,4496,9293,2.1427,13789,9,3,13,298,43,62055.8339,1,988.6559,45898
6195,86a5180d72bccbaf6bdf50b6351ee4cf94882fa1,0,0,0,2010-02-05 16:38:21,17,9293,0.0161,9310,85,36,13,123,37,74013.3062,2855,996.6592,46095
6199,3f1cd1e2fd7943995936aa2475627bdd5ca9f509,0,0,0,2010-02-05 16:47:53,4496,9293,5.6616,13789,2,2,1,156,31,37819.9019,2844,1009.0777,45775
6193,6d8adfea897e805d56d7a8bb518b908c17f5eeec,0,0,0,2010-02-05 17:09:39,56,73,0.0657,129,85,1,1,98,36,2325.2779,1,992.0152,45719
6198,b8030f2661c83595ebaaaf78426780629020ad88,0,0,0,2010-02-05 19:26:42,4496,9293,0.0555,13789,2,36,1,105,38,7604.9667,269,197.4454,2028
6201,478ba67b49496b2656f53671559612eac861190f,0,1,0,2010-02-06 04:14:44,16,9293,0.6083,9309,3,2,2,24,7,34625.4675,1,991.4094,53827
6179,2f99e71f304b3663f2cc7d8bb79172a999525062,0,1,1,2010-02-06 04:15:39,272,9293,3.022,9565,14,8,2,318,41,24865.3669,1,1021.4675,56009
6205,c8889a7087c87df47b0008b665a8e7c6d3fe2a12,0,0,0,2010-02-09 14:05:00,124,9293,0.8413,9417,1,2,2,22,94,49569.8058,201,166.3933,2109
6203,1c3c91f9e34d38e68f0c87e6518b83fa4d0ec6ff,0,0,0,2010-02-09 17:53:48,29,9293,0.8365,9322,3,36,1,181,31,26138.982,2839,1006.6406,45951
6211,2ab1fca35a6d2e89db0ad79b8920807cbb8a4b9b,0,1,0,2010-02-09 19:22:12,49,9293,1.1373,9342,5,2,1,186,31,31757.3282,1,994.2504,45575
6212,84bfddff34be1f979815f7530dc87d9fe0715612,0,1,0,2010-02-09 19:22:35,63,41,0.0141,104,85,1,13,5,21,86384.0,1,1002.4103,46060
6216,17bf5d8ef0302240a78299d4f77d5781b5072e73,0,1,0,2010-02-10 02:14:47,4496,9293,1.5167,13789,6,3,2,171,89,23935.7914,2832,992.5646,49127
6227,04dd3262770fc52df2be7bda59ade2abe6de6722,0,0,0,2010-02-10 16:00:19,37,68,5.6616,105,1,2,2,82,85,65725.5625,2838,1007.9467,49468
6217,2ac485b64c4a854a6a63c67bdfc58553c57f7afe,0,0,0,2010-02-10 16:25:18,84,9293,2.2094,9377,6,4,1,29,28,72146.1946,2833,990.2345,46741
6210,509d6308c76866b2563abc6355799f9391b7420d,0,0,0,2010-02-10 17:12:02,35,98,5.6616,133,85,36,13,10,9,59949.8136,246,192.7011,1646
6224,dade352715f80a0c74ee688a13cb5c8aafd5c7c5,0,1,0,2010-02-10 22:16:14,402,9293,2.9563,9695,15,6,2,301,92,62589.5303,320,203.952,63673
6213,fd446ab90b68beead2b3d97b294d19c5ea22781c,0,0,0,2010-02-10 23:02:49,4496,66,0.0609,4562,2,1,13,3067,0,1517.9014,264,137.3396,63673
6219,03da50d62cc607b154d801b3709b2f6663d86ac5,0,1,0,2010-02-11 03:50:40,4496,203,1.5797,4699,5,6,3,76,32,23275.3453,2801,973.4133,56802
6209,ad6ad92e6ffd7d287b350cbf86b65e108b6632ee,0,1,0,2010-02-12 18:25:52,255,121,1.6321,376,5,3,13,24,1,67577.9305,191,198.6837,63673
6218,4e163c23bb6bd55b8e764d774732177dd211a22d,0,1,0,2010-02-12 21:53:15,459,9293,1.6399,9752,6,3,2,3067,7,73826.4935,2838,1009.5318,45388
6208,1e6ccecd47f92e895834e11de8f92a54b0903ef1,0,1,0,2010-02-12 21:55:31,837,132,2.4728,969,9,6,3,161,34,61908.343,2815,1014.7264,47856
6222,f64fe14270ad38e3e78d0a6aa5ecc43070ec31be,0,1,0,2010-02-12 21:58:16,126,9293,1.2772,9419,3,2,2,19,12,86384.0,2832,988.3011,46084
6215,43b86fe61f69abba40cdd37519e69ca537d9405f,0,1,0,2010-02-12 22:02:44,890,9293,1.1248,10183,10,6,2,294,40,25956.1881,2804,1039.5302,47652
6228,128821e5b90654aee60c2c37c5e068c63a94445c,0,0,0,2010-02-15 20:06:39,14,20,5.6616,34,85,1,1,17,11,73518.2793,2852,1004.3959,7874
6230,9cc51b5f2cc31cea6ace8deae81356fea4d9ed22,0,1,1,2010-02-16 02:47:57,548,9293,2.8646,9841,14,7,2,195,38,38711.0531,2796,1032.0185,55357
6238,5e4c5ce61bf5fafd5ea73ccc3da09f5147e456d0,0,1,0,2010-02-16 03:41:03,164,9293,1.8831,9457,7,7,4,212,85,43617.2744,2825,1023.4741,58829
6225,cc549fbecb98766e14368a83292bda4d3eaa675b,0,1,0,2010-02-16 20:39:04,27,23,0.0164,50,85,1,13,8,9,63969.6746,1,997.852,46056
6231,41635b264612e474c4c345a91f2cd9d6ec109862,0,1,1,2010-02-17 16:59:18,15,14,0.0041,29,1,36,13,16,6,1924.8912,2859,998.9214,46185
6241,b55b26d790bee95fa53078e85d8aa5dc86fc6193,0,1,0,2010-02-17 23:22:23,89,9293,1.8152,9382,7,3,3,233,86,34577.56,2842,992.0657,49889
6244,8b6138827d5583880f4cb7fea01aa36e3a54c55d,0,0,0,2010-02-18 21:35:15,45,9293,0.8766,9338,4,2,3,39,85,49247.4662,314,137.5967,1183
6233,ce4978f14d6005098b44192ae437c5afc8808c3e,0,0,0,2010-02-19 22:11:22,4496,9293,0.6465,13789,3,2,2,3067,4,2677.6339,243,161.3991,63673
6206,b3680921f4c58c7e57b6c5eea063e9dd41b09abf,0,0,0,2010-02-22 15:38:05,4496,82,1.1186,4578,4,3,1,132,33,63781.1445,207,172.1373,722
6236,713710b5fe90d0416fc81b99809b12b17a8d54c3,0,1,0,2010-02-23 15:17:42,92,62,1.1765,154,2,3,3,78,23,64104.4878,2862,25.453,492
6249,d2127c7c804c371a34d6be37b2928a22711354fc,0,0,0,2010-02-23 23:09:49,32,39,1.3322,71,3,2,3,109,86,43712.4876,1,1005.7894,50509
6235,633fd56aa1e9259885f12512dc952ecdf24fb68a,0,1,0,2010-02-24 00:41:16,71,83,1.0298,154,3,36,1,17,9,41866.5107,293,159.882,996
6242,c9c6a2e11bab1cee04fa3d95a3d7322882a4e354,0,0,0,2010-02-24 16:38:43,4496,55,1.0568,4551,1,36,1,50,17,65279.3454,304,144.3002,964
6232,211c77fa5a6414a6333564ea14ed908f81714c86,0,0,0,2010-02-24 22:34:52,4496,103,0.9473,4599,1,2,13,106,41,35852.6773,1,1015.0291,46809
6237,84b39205eb67d9445d3cdffd99a8ac510b294ea5,0,0,0,2010-02-24 22:40:36,4496,79,0.9553,4575,1,2,1,38,5,51807.069,1,986.3948,45808
6245,24dbb2d08f1e9ef5776e381a4079573554b3a1f3,0,0,0,2010-02-25 23:51:10,4496,9293,0.0279,13789,1,36,1,20,6,25985.6731,2848,992.7492,8508
6243,b87be16012a1a4184c88f73563e5feb55f1bf75f,0,0,0,2010-02-26 19:13:55,4496,104,0.5297,4600,4,3,2,39,3,28757.465,319,166.8039,1434
6253,1de68638ec1112521b2d7229f080674753c09f0e,0,1,0,2010-02-27 15:21:39,94,9293,1.3134,9387,5,3,4,120,85,54807.3657,1,1010.8482,49867
6246,5086f498d4d23c3f1838e95f6dc25a0a8254f1fe,0,0,0,2010-02-27 15:30:20,4496,288,5.6616,4784,3,2,13,163,28,41280.1815,1,1028.4033,811
6223,29a5d5e2d3db58954068a289edced56fb664c3f8,0,0,0,2010-02-27 15:45:29,4496,9293,0.0333,13789,1,1,1,23,27,62622.365,1,993.7259,45846
6240,73b7a02fe6363f5293187730bd063cae7c1d80dc,0,0,0,2010-02-27 15:56:10,24,52,0.022,76,85,1,1,16,22,63290.9735,1,1006.9015,46482
6256,2b69c401cb80ced5b14860d96a76ba01660d71ee,0,1,0,2010-03-01 20:02:34,2103,1497,2.1846,3600,21,7,6,203,92,57107.6919,1,944.9954,11538
6250,8c26d832a2c943bb2604715697676471c91e4e1a,0,0,0,2010-03-02 15:57:52,4496,47,0.0338,4543,2,1,1,37,1,82732.3718,1,1008.292,46646
6254,75c031da3729588f6a796f095f71738d47b82d6e,0,0,0,2010-03-02 15:58:08,4496,9293,5.6616,13789,85,36,1,55,2,62707.0434,1,1007.5887,45989
6265,7d2115bf8bad64f69a23647dc05be817d5f1a684,0,1,0,2010-03-04 03:42:05,795,487,3.0903,1282,14,6,4,193,88,29873.2409,2784,1037.3248,58608
6258,0c9a3ec33fbf14658c48170ee92793b318572459,0,0,0,2010-03-04 04:38:54,49,9293,0.035,9342,85,36,13,3067,0,16163.7257,1,1009.8059,45654
6248,937d5c5887de5034f00d4ed956d64224ab5318d8,0,1,0,2010-03-04 20:17:04,88,128,1.1673,216,2,3,3,3067,2,74527.583,250,172.4247,2208
6255,da9bb888d6afbcb683682f7f268cdd199f161d5a,0,1,0,2010-03-04 20:17:27,59,123,1.5204,182,7,3,1,132,41,60770.893,262,188.6847,704
6264,6675da3b1346f1a3b29d18d8bac9dcd9b62a7655,0,1,0,2010-03-04 20:26:07,130,39,0.5136,169,4,3,2,177,89,74155.076,2850,993.1977,50303
6268,86eaf906b7fcb33081fc505bea7e54ee29243bff,0,1,0,2010-03-04 20:48:58,403,642,4.6732,1045,36,10,3,306,43,53065.4469,2703,1053.2064,58579
6269,9f7ceaebec5d21a8ae5d0b9134ffed1a5cf9eec5,0,1,0,2010-03-04 20:49:45,2061,861,1.1428,2922,17,5,1,172,42,19603.4702,2744,967.3601,56513
6278,e7e41d2838cad427a9351abfc56210f7cc83cec0,0,1,0,2010-03-05 20:12:34,4496,9293,0.7545,13789,1,2,2,42,84,85079.8296,2838,992.3655,49430
6260,57eb17f1af6d55059131b62ee7e6e5e7b7bcb191,0,1,0,2010-03-05 20:33:47,195,191,1.298,386,7,3,3,87,84,45454.7175,1,1009.9468,50780
6267,424b79babb6d9c2020460970fa271bf7d275e77a,0,1,0,2010-03-05 20:47:16,4496,51,0.4399,4547,1,2,2,29,9,44044.7003,1,990.1417,47384
6276,d837a3bdacb7b12058c4f34d35754a15a110fade,0,0,0,2010-03-08 15:42:41,111,135,1.494,246,5,1,2,94,86,71509.0971,268,199.2788,2196
6263,6d785c1841ee0c274bd9e4cd885b44de44e583ce,0,1,0,2010-03-08 17:11:20,45,9293,1.4267,9338,4,2,1,18,9,61319.474,274,156.0636,765
6266,443d244ab81fed15ee1874e6355fa921f4f6c1c1,0,0,0,2010-03-10 03:48:12,71,112,0.6008,183,4,36,1,3067,4,29346.5842,301,159.4001,1331
6271,bcd22dfed16505baadecd2afe4838565398a10cf,0,0,0,2010-03-10 15:58:25,67,9293,5.6616,9360,2,36,1,30,9,67021.4448,253,144.917,197
6251,65b918e03a7e88d524feee512d6c6380292264d4,0,1,0,2010-03-11 17:51:45,319,9293,1.926,9612,7,3,2,338,44,76362.7537,182,153.8199,2754
6273,6e9a373b107854fdcfdbea3ad7f2e0803454f936,0,0,0,2010-03-11 17:52:07,4496,168,0.7728,4664,3,1,1,136,39,687.2895,185,167.2311,491
6279,e98796632b8a564e5e30eb00e78dc80466894f3d,0,1,0,2010-03-11 17:52:30,191,9293,2.4439,9484,7,5,2,194,35,31856.0491,272,166.6418,2220
6274,b2beaf4bc6a7eb176898d30a3be20040f4e8b232,0,1,0,2010-03-11 17:53:09,289,9293,2.5344,9582,7,4,2,330,48,15528.1288,309,165.6279,484
6259,3395bd0a817c1d0a8e8cba6c71e6bcc56aa5e8d2,0,1,0,2010-03-11 17:53:22,195,134,2.4017,329,8,5,2,163,38,459.9027,255,158.8017,2080
6272,443d534198a793eb295b483e8083efaf673beb02,0,1,0,2010-03-12 14:20:19,207,367,3.2289,574,13,4,2,150,82,57844.2776,189,140.9353,405
6280,e7daed25ae7e76b0b794dff0457f630e832ff42b,0,0,0,2010-03-12 20:34:40,56,9293,0.8951,9349,4,3,2,93,84,3826.9242,195,204.0876,2095
6282,906b486d7f5abeed8d0a18b7ddb457a5ed2ad9fc,0,0,0,2010-03-15 14:27:21,4496,9293,5.6616,13789,85,2,2,127,86,63377.0589,204,192.6939,645
6296,49263937681fd4f395722f349e04d3f6aaf8e3d4,0,1,0,2010-03-15 19:53:05,1,9293,2.7003,9294,9,5,3,288,85,59674.626,1,1034.0974,48791
6283,17f3dbb11bd8b3571bae657b83512742f567ac74,0,1,0,2010-03-15 20:11:15,4496,9293,1.9085,13789,8,3,2,372,43,15920.6555,1,1016.2114,53291
6285,468fde03e092322e457e4c8a9b93e70991db52f5,0,1,0,2010-03-17 02:31:48,241,330,2.6022,571,12,3,13,326,42,24120.0518,1,974.0067,47078
6290,58a1710edc83ac2a7bf0e61c4f611a9bb5d1ef6e,0,1,0,2010-03-17 15:36:37,138,9293,1.3434,9431,5,3,2,40,83,67378.4178,64,1267.3333,1100
6275,50e6df689e1f0c69c07bc4079d18ea3ab340e5fa,0,1,0,2010-03-17 20:40:55,205,9293,1.6308,9498,5,4,1,225,42,38738.896,199,169.8004,595
6286,6e41b41adfec8ebe065081e82e57f53be8e71b60,0,0,0,2010-03-17 20:41:25,4496,143,0.0441,4639,3,2,13,24,20,86384.0,212,198.1987,1935
6292,3aaecf9aa4baa4396af8eb153dd081dd05ac2061,0,1,0,2010-03-18 14:04:06,239,9293,1.3852,9532,4,4,2,3067,34,39144.428,206,165.7428,2408
6299,405524ee6d87f088c121b797775ab8e5bbf1b57b,0,1,0,2010-03-19 21:22:37,4496,9293,1.7316,13789,13,8,6,322,88,52664.3079,2764,949.3984,1
6284,ce72431d4efbf8f4d6fdfeb5b188c0799cb81728,0,1,0,2010-03-20 02:50:50,260,37,1.7782,297,11,5,2,392,88,23320.9743,1,986.5884,50830
6262,1f9dd393f1cc9a5620714534ccb8f3e87dbaa9ac,0,0,0,2010-03-22 23:11:12,235,81,1.3329,316,3,2,13,78,13,31411.3985,264,143.5871,637
6291,17feb0172488542c7f7c40e977a5599f41bf53e1,0,0,0,2010-03-22 23:11:19,4496,115,0.0681,4611,2,36,1,28,2,22499.7575,313,140.7244,942
6293,5630eb378d927bba8eb0ccfa083436b2a2052c32,0,0,1,2010-03-23 22:58:40,38,9293,5.6616,9331,2,2,13,121,32,11942.6885,313,167.1245,1478
6298,2e09ef319bdd04a681e936d4bc51e257e0d85ace,0,0,0,2010-03-24 16:13:36,29,9293,0.6767,9322,3,2,2,111,83,63476.3392,211,189.2849,1993
6301,5fceac17438e4c8c176445b0b65b025be9e2627c,0,1,0,2010-03-28 02:27:41,556,9293,2.0403,9849,11,5,4,163,81,27684.5008,1,1019.2722,56956
6294,a8bf985be53318807ac8fb28cb32146677a716ab,0,1,0,2010-03-29 16:13:07,195,9293,5.6616,9488,1,1,1,3067,94,57687.977,1,1013.3698,7573
6300,bf98ec94eca061d2dbe6eba0472134cb334978a6,0,1,0,2010-03-30 15:14:03,441,485,3.3631,926,26,4,2,396,33,48536.3891,1,970.1162,52317
6295,4d99ad4bd9ad1f91b41dd87bdde85c944591c4df,0,0,0,2010-04-01 01:35:59,201,9293,0.0292,9494,85,1,13,14,0,5325.5052,1,1009.0276,45791
5211,bc2529f1b3e045fe7e042439a85786b677fec866,0,0,0,2010-04-01 01:53:56,33,89,0.427,122,4,3,2,115,83,5016.7673,1,994.0214,50258
5229,081538ad0db4e961fe975ae0a3146802e1a942c2,0,1,0,2010-04-02 14:05:32,85,99,2.0397,184,4,4,3,256,84,40604.1352,2839,1014.6413,50195
5207,9f65dd42188698fe6862d42aa1540e496716089a,0,1,1,2010-04-03 21:54:16,52,90,1.5897,142,3,2,1,126,32,62488.503,311,141.7068,63673
5213,cb0415d424a7c9ab5caf9692107445b634f44579,0,0,0,2010-04-05 17:01:20,42,9293,1.0356,9335,3,2,2,19,2,55478.2697,315,140.6523,206
5209,0de8e54bbe27db2df3f7a89d2d6a62741f68383c,0,1,0,2010-04-06 13:37:38,102,9293,0.8351,9395,3,2,2,3067,4,43537.0982,24,21.1253,476
5232,7fd4228c84f7e1eb43dd870239e1a79e9b0e95d4,0,1,0,2010-04-06 14:58:17,28,227,2.0532,255,7,6,3,194,93,45325.3352,1,982.7676,58951
5219,4d4ef96cd2268d9616df98b83cc1bb2564f786d9,0,1,0,2010-04-06 16:01:44,6,95,2.1898,101,11,4,2,137,30,22230.1596,266,191.5172,2251
5224,82bd54dbdaac502c87805d569f24a98daf720c7d,0,1,0,2010-04-06 16:01:57,219,155,1.6728,374,8,7,2,289,47,43518.906,196,166.9747,829
5226,7a75b63b2659db34306f7000a885c102859720f7,0,1,0,2010-04-06 16:02:26,331,9293,3.0181,9624,23,12,3,197,43,31638.0246,371,138.7664,63673
5231,8d72fdc817e044075e6e61069954de0185b55c92,0,1,0,2010-04-06 16:02:39,339,9293,1.2789,9632,3,3,2,82,36,1952.2193,251,167.9541,1972
5217,b3e1e7a569c4ff2297bc1f512c4c53452527cbb7,0,1,0,2010-04-06 16:02:52,168,256,2.8251,424,12,7,2,225,37,24988.6666,274,205.9913,807
6289,33a9f349f3421a7516c5ca7328834064155c21c2,0,0,0,2010-04-06 17:30:07,54,47,0.0319,101,85,36,1,35,7,6424.5262,27,22.663,63673
5223,1dbcd39b45b5c3a8284a3fccfeb5bab9f85f4216,0,0,0,2010-04-08 13:48:29,4496,137,0.0814,4633,85,1,13,120,38,79443.8937,190,191.3643,521
5227,d411227715059d07ad73ab1f31d6e0dd96bb1fce,0,1,0,2010-04-08 19:27:34,4496,86,1.3337,4582,4,3,2,127,34,4604.8103,255,138.0695,218
5234,8a010c82cc390fde157bb1d5c3192b0205c7a802,0,0,0,2010-04-08 21:23:27,4496,60,0.0199,4556,85,1,1,3067,17,19665.6318,2842,1007.2252,8499
5242,52a4105d32a894f2f6c9f35e6feef4767cfa419d,0,0,0,2010-04-12 13:37:36,4496,171,0.8932,4667,3,2,2,35,86,77061.2445,192,160.3424,760
5236,d931457cf57f2daa3b46af84620184abc7319ff6,0,0,0,2010-04-12 14:10:31,26,9293,5.6616,9319,85,36,1,19,18,65676.926,1,995.4079,46065
5244,d20d24adc1b642b1c114f7a2e5885d5a0e2c0ede,0,1,0,2010-04-13 03:59:27,195,172,1.8768,367,5,5,3,60,87,24656.0299,2813,981.4636,58920
5228,9811668a10cd6b8960378aacf31156adb4a4f8b9,0,1,0,2010-04-14 19:51:38,103,49,0.3901,152,2,2,1,3067,11,77909.0858,216,175.2206,432
5239,64f443aa9652fe6d7e37b8ea928b5a439c399eec,0,1,0,2010-04-14 19:53:43,70,9293,1.9303,9363,4,3,2,37,12,36195.9087,216,173.6961,1038
5251,999fb4d3c32f1a3744440124e29d283efba8d71c,0,1,0,2010-04-14 20:20:13,4496,129,1.5846,4625,3,3,3,160,86,43448.798,200,167.172,2288
5247,dd787f7fcba042a87b7627f96ea808c5e7e6b1ef,0,1,0,2010-04-15 18:17:42,123,229,1.9632,352,6,7,5,96,88,57220.5941,2782,1031.8813,53274
5248,a77423c22a3a315f0b21764b748bfb5c988006c1,0,0,0,2010-04-15 21:42:24,20,9293,0.0131,9313,1,1,13,3067,2,4377.4013,2853,996.2197,739
5240,ec14dda39a548887a3e0d95a234c03f50880a941,0,1,0,2010-04-16 01:38:33,4496,9293,1.8062,13789,4,4,2,3067,4,21599.1848,2832,991.3954,47200
5245,368e2a84f40397f3f7efa84ba4a0495fd786f925,0,1,0,2010-04-16 02:26:59,4496,106,1.8098,4602,3,2,13,70,9,38676.6689,2819,990.6868,45234
5221,784a71ff6c722de2f3e950eedf17ce31ca43711a,0,0,0,2010-04-16 02:27:08,4496,66,1.5493,4562,3,3,2,119,14,19595.784,2842,1008.8519,54552
5243,970a15a52f6fdc68ae75f276c05bfdb98ff813b2,0,1,0,2010-04-16 14:46:00,4496,9293,5.6616,13789,85,36,1,32,3,66971.2661,1,1009.1282,269
5253,1fb70ac9310aa0c97aa44bfd2b9011c5af2a69fc,0,1,0,2010-04-16 16:04:22,176,9293,5.6616,9469,3,2,2,73,30,22530.4502,1,1011.1505,9453
5256,0a9a17e5cbf202a26b3cc21f71b389c149fd71f2,0,1,0,2010-04-16 16:44:47,36,170,1.145,206,2,4,2,98,23,67721.794,1,976.7018,7096
5249,5bf3ad0760dbf3372315ac54293c8c9693e070dc,0,1,0,2010-04-16 22:04:11,59,213,1.9228,272,8,3,2,46,22,41025.5944,1,1010.8533,53743
5261,3c0c5a60790ffd6623285e3659be4814c8493042,0,0,0,2010-04-19 14:53:50,4496,538,0.1331,5034,85,2,1,29,27,80413.159,2816,1032.1586,926
5259,a5fa451c2b3eaf3d98b1d158ecc9367718e98941,0,1,0,2010-04-19 19:09:06,78,180,2.0157,258,8,4,3,120,24,64754.0912,1,1023.2372,55933
5238,7a4a7090cbeda4fac08c606ed52cb29a9946ccfa,0,1,0,2010-04-19 19:58:10,4496,9293,4.2591,13789,25,11,5,257,12,31370.3681,2777,937.5351,57165
5258,c59a4fc4bb2265bfc20dfa3d69cd53f8aa4100dc,0,1,0,2010-04-19 20:11:10,111,9293,0.4064,9404,2,3,3,44,2,26128.5018,1,990.2145,54192
5257,c75230c3a1b607570486547b0c2f2c64c2a9c76b,0,1,0,2010-04-21 21:05:34,562,9293,1.8589,9855,5,4,5,3067,18,55240.9773,2790,1037.0674,54044
5264,6ceaa06d93e7f00cc70fd2afbf74f0a6359feb51,0,0,0,2010-04-22 00:00:20,143,106,0.9561,249,4,36,1,26,94,86384.0,2829,985.4832,45790
5266,d338a977e3ae0f36917ccc29ae4a19e40e8a0402,0,0,0,2010-04-26 14:29:49,15,9293,1.5198,9308,3,2,2,121,32,35671.106,2851,996.1818,47341
5270,c68853a5bf6aa82e78f1d35749316a6da3685f6a,0,0,0,2010-04-26 18:18:59,64,9293,5.6616,9357,85,1,1,41,9,86384.0,313,139.2887,1085
5265,899cfec721f1d53506f489b6866efd8cfe989b4d,0,0,0,2010-04-26 18:31:06,37,9293,5.6616,9330,85,1,1,3067,2,1959.6134,2849,1003.8985,46476
5274,bbaaaab9816fabbb56d2a93107ea330b21f08dbd,0,1,0,2010-04-26 18:31:14,25,29,0.6233,54,2,1,1,5,22,45328.8836,2849,1004.5507,46517
5276,40193d2ef68695601b951530a0ca3ad3ec46fcac,0,1,1,2010-04-26 21:59:12,211,9293,2.8139,9504,6,1,13,214,36,33438.3994,191,160.6769,630
5277,c5e97fdee4a44b5be71d832e3ffd91c91f8dd2ac,0,0,0,2010-04-27 00:08:06,4496,9293,5.6616,13789,2,36,1,57,23,17500.2114,2853,1008.8906,45786
5254,40df0ce87e4caea897164a1b93dbb72714521836,0,0,0,2010-04-27 15:16:54,4496,9293,0.0317,13789,3,3,13,50,9,73547.0873,2846,1010.2604,45736
5271,2acfb43599fd06f8d422478c023e35e2e56bcd4c,0,1,0,2010-04-27 17:06:04,226,9293,2.3093,9519,5,7,4,45,27,57422.3791,2809,1025.9338,58390
5267,f731c92081c4fd724b8bbc542a3cff39072b723b,0,0,0,2010-04-27 18:45:49,76,9293,5.6616,9369,3,2,2,3067,9,42312.2182,1,983.94,53849
5280,969bdbe4f429596d09c75a502495224cb8e7e753,0,1,0,2010-04-28 19:05:10,54,67,0.6226,121,2,2,2,19,1,6931.0385,1,993.0607,54559
5288,78cbce144c86cd376fa30830a82b94a35d2d93b0,0,1,0,2010-04-28 22:00:46,267,525,3.7497,792,17,9,7,301,90,44210.5623,1,1060.6541,55893
5278,f2c38f8feba906e0bea73a9a49e37d7c4bfcad23,0,1,0,2010-04-29 01:55:30,255,9293,2.0162,9548,7,4,3,306,84,21118.8955,1,979.0975,58844
5290,29ec9f6aa05cc7343bb2323c3580830573a53e5c,0,0,0,2010-04-30 14:44:11,44,66,0.6257,110,1,2,2,75,85,52410.2731,1,993.9358,50586
5285,2db783096aed6c76a1b16afcd2d3c44e49a4f11d,0,0,0,2010-05-03 20:46:44,139,9293,0.6564,9432,2,2,2,19,9,79077.7656,2848,1013.2159,53680
5300,d03ff00ec8c15e581d484fc1e904d350e563e7e7,0,1,0,2010-05-05 16:29:26,63,68,2.4379,131,5,4,3,244,86,26496.2148,2834,1016.4735,50155
5294,f69947c2fa7cd5a2a3d085b67346c8976f9b5864,0,0,0,2010-05-07 13:40:00,4496,9293,0.0913,13789,2,36,1,238,29,41525.2555,272,195.7442,2070
5296,79edac4893a0e4e13617f86917c46ac6e9a47516,0,0,1,2010-05-07 13:57:20,49,60,0.5568,109,4,3,2,53,11,63971.6504,253,170.6312,1008
5284,656bc4d777c057e7074b5d7c527b816025c9ff54,0,1,0,2010-05-07 15:13:44,4496,9293,3.5814,13789,15,8,3,348,40,53603.7064,2771,952.3475,53523
5293,a49a66e8f1cf2ae108e95478bd52edde65868227,0,0,0,2010-05-07 15:17:36,4496,9293,0.4754,13789,3,2,2,254,89,77854.7916,2845,1007.0933,50276
5303,14bdc6570d08567f1d8f8697b6be3984425f94e1,0,1,0,2010-05-07 20:55:33,135,279,1.088,414,5,3,4,263,84,12521.6296,2821,1016.3444,58996
5281,8d71923e7fdc854a1913a050da77bfb9a6b75c2b,0,1,0,2010-05-07 22:07:00,130,196,1.9452,326,10,6,2,399,51,14377.1055,195,166.3324,27
5275,cb1ef7617092530761a32ecef97617d990a2d6b7,0,1,0,2010-05-08 02:09:52,118,9293,2.8745,9411,8,2,2,2,16,39993.7917,1,1014.2038,45831
5321,940527d66484aa18a70820b908a096d097e05e9e,0,1,0,2010-05-10 14:59:13,4496,9293,1.3498,13789,3,3,3,148,86,61488.0994,1,977.1038,58691
5283,48cc1f161f55e83dc1877d841aea8a4e203a61b7,0,0,0,2010-05-10 16:37:09,4496,9293,5.6616,13789,85,1,1,3067,20,5222.1367,2849,994.5957,46471
5305,35fee5d6419ccc375eee4cfad34170723dcd4ed1,0,0,0,2010-05-11 16:59:55,4496,151,1.8983,4647,3,1,1,55,7,74490.2219,259,162.2186,2180
5291,b540d6962a2854fa83e9dbb29f9e761c878a7220,0,0,0,2010-05-11 17:20:30,4496,9293,0.7485,13789,2,2,2,29,4,5116.7007,265,140.0967,52
5308,90862ff5c8f3eea68ae685836b92b98059653b38,0,0,0,2010-05-11 17:20:44,81,9293,1.1294,9374,3,2,2,3067,6,86384.0,306,162.4425,983
5295,cb347ed50fba3b861209e51ab7a26d0fab744e3c,0,1,0,2010-05-11 17:20:51,85,9293,1.3322,9378,4,3,3,32,5,24205.6537,307,159.5543,1457
5309,1f37cd5a5722872c027c948914ddd9770aea2692,0,0,0,2010-05-11 17:21:02,4496,140,1.0001,4636,3,1,1,49,6,903.5638,316,139.7302,1196
5310,5f02798d9e1f297c5ab3aea8cbe6bfc42bae061f,0,0,0,2010-05-11 17:26:39,4496,9293,0.0542,13789,1,2,2,50,6,2243.3073,237,169.6772,1467
5317,75e832aa7ae2f6e38050b9c8c87f1c7a8e84bce7,0,1,0,2010-05-12 00:11:54,64,10,0.2643,74,2,2,1,43,20,5472.5205,2843,1008.4489,45784
5298,21b617af39abf6cc95276f4f7606285fd614083a,0,0,0,2010-05-14 17:07:02,4496,9293,0.751,13789,2,1,1,3067,5,38609.8189,212,185.9589,1648
5311,934c30cdb8c39a82f705fb2d2d25329194f98b84,0,1,0,2010-05-14 17:07:11,71,9293,1.7038,9364,4,1,13,3067,7,19262.2577,210,174.6205,1542
5318,2e85d518f02533dcdaf35af9a1915c7c8ca9c767,0,0,0,2010-05-16 22:26:47,21,9293,5.6616,9314,85,36,1,3067,5,9515.386,1,996.3737,45849
5322,39fd4c240e09b99d9988fda537965a85075e8827,0,1,0,2010-05-19 05:41:52,17,9293,0.0079,9310,85,1,1,16,10,12643.4575,2858,998.1096,46143
5304,e83ddb6f98e2394ec51a6c4e78dadeb58d2c9d49,0,1,0,2010-05-19 14:03:53,3,9293,0.0079,9296,1,36,13,3067,1,42702.2397,1,1002.9046,46334
5326,e9fd49d190183e2eb41b60ddd744ebc33dd244b8,0,1,0,2010-05-19 18:05:04,251,9293,1.3518,9544,7,6,4,225,84,57417.9848,280,159.9208,2770
5323,261885ea2a016c606436b43bf84c17bee922d62a,0,1,0,2010-05-20 17:13:30,655,9293,0.2189,9948,4,4,2,20,23,86384.0,194,194.2406,715
5327,2bff10641963474a73a989237b7325775f001ca9,0,1,0,2010-05-21 18:39:07,69,131,1.4613,200,2,3,2,264,38,54347.2731,216,194.02,1168
5316,71b84e43f0582bd878c6d1be3462086bfcb7b067,0,1,0,2010-05-21 18:39:19,95,9293,1.765,9388,5,3,13,272,43,42948.3723,183,165.4184,501
5320,3affe78cda8259242bba77a8ab8973347c827ef8,0,0,0,2010-05-21 18:40:00,4496,9293,0.0567,13789,2,1,1,81,9,86384.0,204,164.5162,2100
5342,c71d1818c517097a9c6bfe71f4b9895b689d95a7,0,0,0,2010-05-24 16:22:20,78,261,5.6616,339,3,2,2,191,86,81064.6568,308,143.5132,2498
5330,1bb9e74a90ec6f2c8a1ee316483289fc13979e0a,0,1,1,2010-05-24 17:51:19,4496,9293,0.0368,13789,1,1,1,189,37,82995.7589,2853,995.8659,46476
5338,87cebcd7765e88afff76d5c88c5235921a3aba82,0,0,0,2010-05-24 18:02:07,4496,9293,0.9434,13789,2,2,2,140,85,39150.5728,1,1005.2384,49724
5332,4ed5281bf54c4f2032950bd7e99187bb9b9dafd3,0,1,0,2010-05-24 18:10:07,194,9293,0.9821,9487,2,2,2,148,36,27787.6003,2816,1014.559,55105
5319,00bc8da0f3ec08aba0e43b6527f234ba80b7e2fc,0,0,0,2010-05-25 01:10:24,4496,91,1.6506,4587,2,1,1,92,14,40686.152,1,1011.6029,3352
5329,b87681eeb7455178ed1c79727b898130b124e1b8,0,0,0,2010-05-25 13:12:57,4496,101,0.7165,4597,3,2,2,79,9,72073.0544,206,195.3508,576
5335,b91c4d406b70c9b8fc4afe155ee7e8369b1f4423,0,0,0,2010-05-25 14:12:27,15,9293,2.0012,9308,4,3,2,108,33,72933.6833,1,994.4999,47342
5333,bec8845a46e97a27903cdb14daa6b5ce1b0c9db3,0,0,0,2010-05-26 18:46:56,12,89,0.5317,101,3,2,2,130,83,42909.8739,248,192.9917,937
5347,c924ce55eb25e712a71ec57b09ab79ea098c7323,0,1,0,2010-05-27 13:28:42,189,220,1.7651,409,6,3,2,179,30,49522.5994,2832,1017.5101,48592
5334,8c323b80e87d90e1eb381ba9f331b780d578fdc1,0,0,0,2010-05-27 17:46:08,4496,9293,0.4026,13789,1,2,1,42,5,38188.002,303,159.8438,1218
5343,676f1cd96737e19c8455feca3d2fdfbf92ad1c1b,0,1,0,2010-05-27 18:58:10,0,9293,5.6616,9293,85,36,1,7,4,8221.094,1,1001.203,507
5359,7c9191f66a985df6f0726c0d0df07c8cd8b04860,0,1,0,2010-05-27 18:58:46,32,9293,0.7851,9325,3,3,2,276,89,13478.6377,1,1008.2999,50332
5336,3f92ee2f0d7364f0368426a3fae51e883746e08d,0,0,0,2010-05-27 19:55:10,45,100,0.9952,145,3,2,13,28,4,74667.6058,303,161.2979,63673
5346,e9d32d80ed81207d7a41ca750d6d96b4e84e6528,0,0,0,2010-05-27 22:44:21,51,9293,5.6616,9344,2,1,1,46,2,35287.1171,2826,982.037,1454
5350,342f628a0a724fdf916945348eeb018eb9e333c3,0,1,0,2010-05-29 16:58:24,121,133,2.5045,254,7,5,2,154,33,53015.3177,1,1024.4431,55858
5337,95a03671bae0a0adb9c890c5f40823cec056cac8,0,1,0,2010-05-31 23:52:12,4496,82,1.3623,4578,5,3,2,316,42,39923.7076,2836,1016.3374,47628
5351,24372e1de1d2fb6a3597cfb93110af22d9d1e724,0,0,0,2010-06-02 16:40:30,4496,9293,5.6616,13789,85,1,1,3067,4,65655.6249,256,191.2834,500
5363,f4d36dbede829bd30bc40d2603cd8d6b103e541c,0,0,0,2010-06-03 14:19:59,4496,9293,5.6616,13789,85,3,2,178,82,77400.4855,274,151.12,513
5344,0f2c4777b85f7bb4a78b1ad183b842982c74fae7,0,0,0,2010-06-03 17:26:44,29,70,0.0734,99,85,36,1,3067,6,7805.15,194,165.4548,1814
5353,40d3fe48d6ac3db4102316a6a2d9920086031705,0,1,0,2010-06-04 02:41:03,124,9293,1.7824,9417,7,5,2,185,31,34027.2956,1,991.2618,53482
5352,fd5ac001560a2c514f87ab9b0ffe97059d1ed670,0,0,0,2010-06-04 16:44:53,47,248,5.6616,295,85,2,13,150,28,13291.8155,2801,984.3075,3177
5356,f0a396947afcd40d8ee397c1b4515d0b9c9c4304,0,1,0,2010-06-06 04:29:54,628,645,2.6683,1273,19,4,2,2,22,31952.9724,1,1021.5211,52915
5362,b26f8ea4335a474bc0d2f45c856e03b6e69f7ece,0,1,0,2010-06-06 05:06:11,252,80,0.745,332,3,36,13,55,21,36888.3973,1,993.5968,45740
5341,8656417964680c23ea431ad1889561cd37691cff,0,1,1,2010-06-07 12:26:59,88,9293,0.9718,9381,3,4,2,30,13,58125.4116,253,168.9949,2162
5372,5f10c6f089a54605b18da65326efe68a276e66b1,0,0,0,2010-06-07 13:46:41,34,60,0.0286,94,3,2,2,150,83,45237.9154,242,188.9486,1912
5366,38b4b1dcf1b70047ddaae89bbfeb66fd6832d59e,0,1,1,2010-06-08 14:17:08,99,231,1.6406,330,4,4,3,48,23,58392.3296,196,194.2991,809
5355,4ec42b90a0e878ae1f34679f8ac4a71bab9b58e4,0,0,0,2010-06-10 15:30:12,4496,9293,0.6944,13789,1,36,1,35,7,82383.8152,217,173.3557,685
5365,88fc353f67832e8a32d5747af0789ad14c43b557,0,0,0,2010-06-10 15:30:21,53,9293,1.7284,9346,5,2,13,96,19,51558.8424,196,173.3574,619
5328,219050858aad38efaf99ad6ef94bf1fa394d0be7,0,0,0,2010-06-10 15:30:27,45,104,0.4174,149,1,36,13,40,6,42616.8809,255,171.5755,919
5370,1e616a129bfb7b05fc23c55c38ab0d8571199464,0,1,0,2010-06-10 17:05:54,156,9293,2.3667,9449,8,5,3,272,92,49643.0536,169,203.255,3012
5367,b39c578581d9bcc340743a98c189462af210ebbf,0,0,1,2010-06-10 22:36:12,37,53,0.0292,90,1,36,13,40,2,6490.6845,1,994.5924,45946
5375,34e241accdc2ce771a9dcb0a8b1946c142d6786d,0,1,0,2010-06-14 21:53:09,617,476,3.2628,1093,16,5,2,246,41,47057.2218,2812,1025.2655,52866
5369,78efa02458c5008560717d70ed42bfd53d29ad7e,0,1,0,2010-06-15 14:50:49,130,9293,0.2678,9423,3,3,2,103,23,28967.1458,210,171.17,1806
5374,2797a473f98bc5c614df0fc5100b5cf67b4af842,0,1,0,2010-06-15 15:04:46,241,87,1.4242,328,5,4,2,22,22,35566.2568,218,172.6557,1171
5368,7cabd731af38ee15ec5f5c421975fa2727a8bb4f,0,1,0,2010-06-15 15:45:07,4496,9293,0.0284,13789,85,36,13,194,36,64708.6832,1,995.4663,45823
5387,48ed0496a2afe849173141b918407d08027105ac,0,0,0,2010-06-15 18:02:53,4496,73,5.6616,4569,85,1,1,5,1,73185.6654,2838,1006.5359,46577
5364,3cc4ee3df22e0a09d9ee2606e7d15913677fdbd0,0,0,0,2010-06-15 19:10:13,4496,9293,0.7533,13789,3,2,2,41,5,42039.1267,258,140.5541,63673
5373,bfd9ce9b39383d9a468ab66e3d2132f2db4acfb2,0,0,0,2010-06-15 20:57:16,4496,136,0.0564,4632,2,2,2,3067,4,9928.2112,247,160.2189,56
5371,d8755b3a13c39b2ebc4a3d6257fbd24d14b019a7,0,1,0,2010-06-15 21:32:30,28,241,2.0653,269,5,4,2,49,31,54775.1043,2808,988.1851,55254
5388,d5968e6b6098305f0b5c4889dfc790ed82ca908f,0,1,0,2010-06-16 15:26:35,134,9293,1.8754,9427,6,5,2,36,18,44159.6275,2833,1010.5709,55135
5378,7665b762a9439a4b9d7561a7557b709b0a65376d,0,0,0,2010-06-16 15:26:43,32,75,0.0188,107,85,1,13,3,3,66902.9848,2853,1003.0516,46371
5386,034e7a07b836d40035cfcb1d6e83d6d78e4acb0d,0,0,0,2010-06-16 15:26:53,4496,9293,0.8745,13789,4,36,13,76,16,15155.432,2840,994.3161,45644
5361,35db73cf758657fa018d00d5b56961749d421c72,0,1,0,2010-06-16 15:27:05,473,182,2.589,655,12,6,2,149,20,26021.6999,1,1034.9733,53160
5393,9c06e5380693ee3cf07858e6c53d118c70d00827,0,1,0,2010-06-16 15:27:17,4496,182,3.3983,4678,14,6,2,127,25,23276.7756,2828,967.3542,55177
5391,0ed749425cb1d9c315e6fd58eacdc26055bfee5f,0,1,0,2010-06-16 15:27:32,4496,109,1.8669,4605,8,5,3,187,40,8565.8298,2832,1008.4886,47912
5380,72854b428332451ede48971cefbcacc7233edce9,0,1,0,2010-06-16 15:27:40,50,42,0.0084,92,2,1,13,1,13,86384.0,1,1003.041,46100
5379,b6e8b98993e5c4c160d9ef0cccb9dfcb46ae908f,0,1,0,2010-06-16 18:56:57,1069,444,2.8871,1513,16,5,5,37,80,62986.7392,1,1063.5642,56338
5381,e24a9aad46905097099b53c655e57f09eb84f7b1,0,0,0,2010-06-17 19:59:29,17,9293,1.3714,9310,4,3,3,65,6,8817.4425,311,141.9711,1657
5392,b10562b003523036d74589c69241c95909836d33,0,0,0,2010-06-17 21:57:43,4496,76,5.6616,4572,85,1,1,9,4,6230.9118,265,138.2519,1007
5390,5a45c551014a5f2950715eef1ef0954cf9f62b08,0,0,0,2010-06-17 21:57:55,61,98,5.6616,159,2,36,1,46,4,86384.0,301,136.8535,1108
5394,ad838b00a5d9e108f328374a6997124fcf137e16,0,0,0,2010-06-18 03:41:25,64,9293,0.7294,9357,3,2,2,3067,6,19483.4655,256,132.2549,1755
5399,5d7bdca55c32af006c54196317c49b06e445c0c4,0,0,0,2010-06-18 04:17:31,2,54,0.8411,56,2,36,13,30,20,46425.4156,1,994.7768,45908
5383,1067d37302e07d0130bbe6ec6beb4bab32ea1a66,0,1,0,2010-06-18 04:19:27,258,312,0.9912,570,9,5,2,177,29,49476.6022,2815,1015.8466,53593
5400,d0056e8ef2d947a9769593cd9c01c229ee406187,0,0,0,2010-06-18 04:20:51,35,9293,5.6616,9328,2,36,13,3067,12,748.1426,2839,1017.8802,7189
5376,e34bc868d0bd42cfa07e8a924a720077f44c209c,0,1,0,2010-06-18 05:33:44,237,155,0.9367,392,8,3,2,66,25,9263.7784,2834,990.8602,53988
5410,aadfa6a334135e1f9f7b8eff827941ab6e588d2f,0,1,0,2010-06-18 10:29:54,425,755,3.3177,1180,24,10,4,243,90,42132.2926,2777,927.1258,62044
5396,048eafffbbc25d238de89006bd748271614bcc41,0,1,0,2010-06-19 00:58:15,53,6,2.5414,59,9,3,2,17,8,52796.6373,1,1009.2924,53908
5402,5531a7f5db05adad04d393b4ccffb6d87d806ec9,0,1,1,2010-06-22 04:07:46,179,122,2.3596,301,8,4,2,56,12,52333.0975,2834,1012.6801,53891
5401,cb00345edca00a2cdb3b74d5ca0ef2ee97e59e16,0,0,0,2010-06-22 16:23:51,35,9293,0.9312,9328,3,36,13,48,7,40389.4691,2839,1007.3587,45693
5412,97b45898c0261bcda1ba2245147f3de517e44a74,0,1,0,2010-06-22 19:06:25,109,9293,2.0546,9402,7,6,3,359,84,50244.7557,2798,1017.6475,57151
5397,4ef44c62172744352d02fcac8f0f42710b1a037e,0,0,0,2010-06-22 19:35:53,4496,73,1.0681,4569,2,2,2,3067,19,23980.2254,1,1015.6571,54789
5404,45254e10cc06caf47be2457c1e371ae91e81750e,0,0,0,2010-06-22 21:29:01,4496,55,5.6616,4551,2,1,13,198,31,9164.0755,2849,1010.7215,46559
5406,6352995c8accf1be84a781d091625a4ee8033f90,0,0,0,2010-06-23 18:31:18,69,91,0.0685,160,2,1,13,242,29,74964.051,253,190.6207,1914
5385,18fe1ebeb3071ffa0e2cf9723fd4a41a2568f9c1,0,0,0,2010-06-23 18:31:23,4496,9293,0.9542,13789,85,1,13,3067,21,56327.9024,213,189.9027,447
5403,31c40fbe18fc04870595ae2a7111c72bf7f33b4c,0,0,0,2010-06-23 19:00:09,24,9293,0.782,9317,3,36,13,6,21,2528.0546,250,169.2611,1691
5409,524290bf738f658d94e0cdaa4c8ee8902288ed42,0,1,0,2010-06-24 15:12:34,36,9293,0.0223,9329,1,1,1,17,9,61564.9452,1,994.662,7914
5414,c8f7e9b19c7f0cb476e1a11fba7b56e6d6f53dd4,0,1,0,2010-06-24 22:12:43,141,191,2.0078,332,4,3,2,308,90,25338.7863,2835,989.7082,49439
5420,0b2ba99325b379cd5ba4a79b66f3eec46850e776,0,1,0,2010-06-25 17:44:55,4496,9293,2.1007,13789,11,7,4,459,87,41219.3121,2789,969.7219,59478
5417,16c934812b2395da7fb3968965b03d2f6aa8c8a3,0,1,1,2010-06-25 20:34:22,236,111,0.4847,347,2,4,3,105,86,9306.855,1,1021.9018,58665
5423,5ab5e1bbd19cd392901bc6222daaf0180c26cafb,0,1,0,2010-06-30 05:48:24,269,9293,3.4064,9562,17,8,6,142,85,39599.1643,2793,950.7318,56873
5416,9c0ad8147de1d84319eb08dd5030f03ff7a9eaf2,0,1,0,2010-07-01 01:24:35,92,145,2.0536,237,5,3,2,3067,20,36121.777,2816,1012.5788,55235
5405,f4be8971efbd282cadccd322d55a3815894cbcbc,0,1,0,2010-07-01 01:24:50,1,9293,2.5122,9294,6,6,2,123,33,33693.0379,2807,983.3495,55563
5418,9f7285664c33520c008748095b09204170989ad3,0,0,0,2010-07-01 01:32:26,4496,50,0.0385,4546,85,1,13,17,7,43047.7965,2852,1008.439,46438
5433,14e2a114adfd3f0b3d2ea7e87a35e59851b0dabf,0,0,0,2010-07-01 14:04:30,23,35,0.8877,58,2,2,2,138,85,37997.4152,2851,994.1906,50199
5411,ed623da76d08da4921db6f37d48ce28eecb033df,0,0,1,2010-07-01 16:51:37,4496,74,0.8152,4570,1,2,13,153,32,9052.9316,248,188.8929,1607
5415,0789a58a46f25b2b22d91b3f570e3425a2a51c23,0,1,0,2010-07-01 17:20:39,238,193,2.9287,431,9,5,2,26,23,67029.1117,1,973.8017,54966
5413,32ed1343d2cd12127b53e688c4808d027e8356cd,0,1,0,2010-07-02 15:24:06,219,276,1.7632,495,11,3,3,3067,12,65809.1145,1,1026.0926,56381
5407,7b3fdb2506ebe8bb1543c2f7f6883772fdac25d1,0,1,0,2010-07-03 20:59:04,4496,258,2.7563,4754,8,4,1,319,47,33491.899,1,1028.5864,45396
5432,f9ef8396361e3c1eed07b8bb358b43199844be39,0,1,0,2010-07-04 02:48:23,4496,235,2.1141,4731,5,4,3,252,34,23068.3065,1,979.8623,57410
5425,7c3f9a46d5852c4fffdf4c38b71fe74bcafdfc87,0,0,0,2010-07-05 20:54:51,35,102,0.0434,137,1,2,13,282,38,48263.1309,1,1013.9209,46862
5427,972812c700068d11f7fe7dc2be55eb3de7eb68ec,0,1,0,2010-07-06 15:54:49,44,9293,1.6995,9337,8,6,3,213,15,55428.4793,1,983.8165,57786
5398,16ff779db9dbcca97d935e4ae7f9834b21d10466,0,0,0,2010-07-06 16:26:50,8,9293,0.0106,9301,1,1,13,50,15,70247.0073,2854,997.9393,46009
5422,8250594efd7ba67526a5455579fba208dcdbf577,0,1,0,2010-07-06 18:21:22,102,74,1.6676,176,6,2,2,164,37,46403.302,1,990.7923,53846
5431,b011752e150967db5241641b2592422a51f8ce18,0,0,0,2010-07-06 20:48:23,35,9293,5.6616,9328,85,1,1,59,6,53376.2857,2838,993.769,45696
5437,c4b0006dc5bdd44dc77f2a038063b7ddacafb567,0,0,0,2010-07-07 15:49:59,4496,14,5.6616,4510,1,36,1,3067,7,1613.0942,1,999.7111,46280
5421,92f7c71cd3349b9173fb8111f59b81c739c761a6,0,0,0,2010-07-08 21:12:07,4496,94,5.6616,4590,2,36,1,3067,17,39051.1276,1,1014.7411,8514
5429,f250aecf87ea50f55135386f9ed31dc3bdb0234e,0,1,0,2010-07-08 21:12:11,4496,66,5.6616,4562,85,36,1,28,20,82636.9916,1,994.5529,46458
5424,8a75efed3f8e732bddf5654a08abbb8f71399aab,0,1,0,2010-07-09 05:12:47,41,54,0.0129,95,85,1,13,83,22,84672.1267,2851,1003.6134,46081
5434,0da82f321c6c662cbd72f0d9895a916cf0aa71a4,0,1,0,2010-07-09 19:58:21,751,345,2.7054,1096,8,9,4,258,44,44568.7862,2784,958.517,57698
5428,d062a9650adb186d7849f214ba428e2c788960b7,0,0,0,2010-07-09 20:15:58,4496,78,5.6616,4574,85,1,13,3067,1,73432.6781,1,991.9063,46649
5435,cb806f5c12947d0e1ef28b46e50290644c8752cf,0,1,0,2010-07-09 20:27:30,4496,107,0.167,4603,3,36,13,89,18,44617.5597,630,39.1304,1269
5439,67c57208ab9cbec1200723533d9e62f3a67de004,0,1,0,2010-07-09 23:07:00,636,9293,2.9156,9929,18,5,3,247,36,38895.6103,707,8.8725,63673
5450,c6b166836a67f2e5f67c5583692dea6fb351e0ac,0,0,0,2010-07-10 04:10:21,51,9293,1.4147,9344,4,3,2,171,85,33346.8392,1,990.4319,49497
5446,1217e2f133a7b33334fb0297f1a0cb3a8c6dc8e0,0,0,0,2010-07-12 01:02:44,37,9293,0.8648,9330,1,2,2,100,7,21047.8216,1,983.8848,53546
5438,6a8c248da5cd299495dfaee4fae69e643652a612,0,0,1,2010-07-13 17:39:25,4496,40,0.0257,4536,1,36,1,19,19,77731.4742,32,17.9925,313
5442,d849c697a57453f535e28e2372eb79ee5dc641ef,0,1,0,2010-07-14 02:47:03,3343,1659,1.3647,5002,25,36,2,3067,9,44575.5926,2698,1071.5663,7660
5441,dcdcb3fd6c5cfb6975305efcac2ddb565fe3e078,0,0,0,2010-07-14 03:43:36,4496,36,0.0143,4532,1,36,13,139,31,16937.1524,1,1007.2339,46402
5454,663eebda7471c8b8df5730e9c9a2dfe92b8239d8,0,1,0,2010-07-14 04:13:23,17,9293,1.7669,9310,5,4,2,200,85,20585.0134,2846,989.4733,49412
5451,4dc9d5667672291fd355cec7a668bb483801fafb,0,0,1,2010-07-14 12:10:50,2,9293,0.2314,9295,3,2,2,72,10,63740.7954,268,172.9236,2093
5452,dbe2de34ea9a5325c99b9c6f6cd1f9771d956e85,0,0,0,2010-07-14 16:28:23,4496,110,0.2502,4606,3,2,2,85,83,63805.8885,667,58.8569,1131
5467,0b0c523581a2223777422d335289e593d9c58de6,0,1,0,2010-07-15 01:37:40,4496,9293,2.3181,13789,6,7,5,165,88,23217.2143,2796,958.2457,57439
5445,9e7d7f527ceb48829ef9bc927174e0c39bcb1246,0,0,0,2010-07-15 03:00:38,4496,9293,0.9657,13789,1,1,13,9,22,20638.8129,1,1010.4291,45677
5456,70d94e1cc01c31f4099143be045fe03b76163d77,0,1,0,2010-07-15 03:02:57,43,9293,1.3726,9336,2,1,13,3,22,26404.7686,2835,990.2587,45875
5459,60d7cfa6bb93bc449145ea4580cd41d3a8e74ac8,0,0,0,2010-07-15 03:05:11,4496,9293,5.6616,13789,1,36,13,19,6,43527.5387,1,1004.6239,7899
5448,9fc4b0696c3113f420b8b9563caff13b1cbfffe9,0,1,0,2010-07-15 19:40:19,51,9293,2.0893,9344,5,3,13,234,50,70623.2565,1,1004.2553,46477
5457,13e335789942becc068c3931c7810bc085ea0dad,0,0,0,2010-07-15 20:16:55,4496,9293,0.0416,13789,85,36,13,35,2,5469.5239,2835,1015.5243,7594
5462,095ceeb6226a53ab3957a4ba9929dcf583e6a9b4,0,1,0,2010-07-15 22:08:19,15,9293,5.6616,9308,1,1,1,7,7,28737.3478,2857,995.2018,46399
5443,9801cee296e48aa7f957f171291da0f2b11bacdb,0,0,0,2010-07-15 22:12:42,4496,54,5.6616,4550,85,1,13,15,8,83714.4673,627,39.7544,1458
5455,a393b92731c8eae9672f4e21442a38a998e9970b,0,1,0,2010-07-17 02:09:41,141,173,1.9191,314,14,6,2,204,35,53604.4007,1,1014.0235,55311
5447,714eab0c4079276eefcdd5a1d8d9ca7b225c9f80,0,0,1,2010-07-17 12:46:47,103,9293,1.6387,9396,4,5,1,50,18,43100.3623,1,1015.3577,45822
5472,7d8e2166e09cd1af8f7ccd54a671a801cefa5742,0,0,0,2010-07-19 12:37:33,4496,9293,0.6053,13789,3,2,2,142,86,57537.4479,1,1007.099,49448
5463,5be6ca1555554802f1cc3e23dcebfdb3d9989158,0,0,0,2010-07-19 17:23:54,4496,9293,0.0196,13789,85,36,1,3067,94,62226.567,1,995.4648,46452
5449,ebfc6951435e76848cb17b291ff23c39510d25ca,0,1,0,2010-07-19 23:54:12,4496,9293,0.5667,13789,3,2,2,36,28,42361.7152,588,31.5658,2773
5464,4a583ce84932083b8d6c1b1b564462cd4770dd25,0,0,0,2010-07-20 20:29:25,56,9293,0.0502,9349,2,1,13,3067,8,56167.1489,633,59.2104,1054
5440,d25c336656e5d5e3dbeab81e10842b3ff7947c55,0,0,0,2010-07-21 15:13:14,55,9293,0.859,9348,4,2,2,62,12,63922.5765,200,173.3835,1756
5465,d6f2119c136c735aeb73dcba808cc02e03f7ec04,0,1,0,2010-07-21 15:13:39,87,9293,2.0897,9380,7,1,2,191,40,48078.8925,260,169.6432,2208
5466,c2d748c061f58ad5fa0e022ae6116fd92a1a93f3,0,0,0,2010-07-21 15:13:59,62,114,0.6538,176,3,36,1,25,6,67295.387,246,193.8733,2003
5468,7405e8f6a1726ea42345b59f0c5b3078465c590a,0,1,0,2010-07-21 15:14:25,113,479,2.9748,592,14,6,2,235,36,49355.9223,165,203.3428,525
5469,4b4f2e93dac401cc46decaff7e2ccf663b664b36,0,0,0,2010-07-21 19:03:23,4496,85,0.7595,4581,1,2,1,255,46,48464.6193,201,171.5301,792
5471,580e920df50d83f417590cfb351955143dff60ed,0,0,0,2010-07-21 21:56:33,79,108,0.8478,187,85,2,1,322,44,9444.0864,200,165.8815,285
5473,31b5382c3b4f6fa6d68ff067f5cd5ba3e5910957,0,1,0,2010-07-22 03:30:12,60,1,0.8635,61,2,36,13,199,32,12454.8647,1,993.8501,45923
5461,2bee26f1577cdb99013dcdcb6d0085359db7fed7,0,0,0,2010-07-22 16:25:53,17,9293,5.6616,9310,85,36,1,42,16,68846.4854,1,992.7187,7638
5478,395c3caa0cadc71fb7d1fec45011b5a59b679f6c,0,1,0,2010-07-23 18:18:07,4496,9293,2.3551,13789,25,11,6,666,84,32757.444,1,955.4257,1
5477,c00a5c1f5800ba3b369cd47ec97a6cd241b1cb91,0,1,0,2010-07-23 19:22:58,246,360,2.689,606,13,9,3,353,84,33536.7782,547,71.3198,3657
5483,a6777492280ae481392cd4cb4ba613923f84989d,0,1,0,2010-07-23 20:52:54,311,9293,2.2147,9604,9,4,2,285,48,48360.9218,288,205.3861,2172
5475,2441f798ca41f610a25fc55d7f24685473085f54,0,1,0,2010-07-25 04:16:30,14,121,1.092,135,4,3,2,211,31,24174.1909,2832,985.8157,53833
5495,1babf7602bf7fe271ce9f2d0031f8a94d9766350,0,1,0,2010-07-26 18:44:25,34,9293,1.003,9327,6,6,3,326,87,28769.5441,2827,988.9364,51065
5484,cf39b740d0fadd042ba5aefd824885db6b43ca9f,0,1,0,2010-07-26 21:00:40,138,201,1.2715,339,7,3,2,195,33,10560.723,2834,986.1214,46307
5453,d52fcb17775a3e76e6fb593a48e3a1cbb490da48,0,0,0,2010-07-26 21:01:20,4496,9293,5.6616,13789,85,36,1,25,3,78309.9441,1,1008.5498,46580
5491,619cbd124d248c8a9e27e9ebb7eaa4e7d8e31046,0,1,0,2010-07-27 03:17:10,4496,9293,0.9297,13789,2,2,2,182,84,21557.7584,2855,1005.0274,49835
5498,93f71af6b3fedd7a4f35804df6a150aaae66ed64,0,1,0,2010-07-27 03:54:22,4496,9293,0.5674,13789,4,2,2,171,83,10553.3277,1,1010.9796,50235
5481,291846dc0565730e67c02081caaf347223b386bc,0,1,1,2010-07-27 04:02:04,4496,9293,0.9274,13789,3,2,13,3067,15,40352.3323,1,983.2701,7569
5488,257177b421d0930f889e96a7601053b210c05ef0,0,0,0,2010-07-27 04:05:45,61,9293,0.0481,9354,2,1,1,41,2,27481.1887,1,1017.4132,8680
5503,774c2143362353b910ad68f22bac64884cdd39f8,0,1,0,2010-07-27 12:45:26,4496,19,0.9937,4515,2,2,2,158,84,47365.5358,2857,1003.3561,50039
5470,529aa2ebd869dacae79837eaad05483ee4dae512,0,0,0,2010-07-27 13:24:20,47,9293,0.9542,9340,3,2,2,3067,13,23262.5859,212,189.2625,953
5492,3a044a9140abd8f77c935d8551ee6a62ecbdc934,0,1,0,2010-07-27 17:46:28,207,256,1.4256,463,9,7,5,233,87,61855.7425,2768,981.4143,60725
5502,e4fe6f3bcf385659e322cb644567919729f658a4,0,1,0,2010-07-27 22:43:13,26,57,5.6616,83,85,36,1,69,23,67380.8491,1,995.3899,46447
5486,76de427e4287389654f72e2e9feb451f520b555d,0,1,1,2010-07-28 18:00:18,69,11,0.9382,80,3,2,13,201,42,41241.7102,250,174.3487,967
5496,c1d3fdf48cff97aedc356a6aa41242269c52f682,0,0,1,2010-07-28 20:54:33,4496,82,5.6616,4578,2,1,13,31,1,4310.8089,304,142.5476,63673
5500,c618c213d81e64719f6cf4612a7a8f1a9760289b,0,1,0,2010-07-29 01:47:26,53,9293,1.5341,9346,4,3,2,47,11,36060.9791,2835,982.5635,54772
5480,ccc51f1a8fa6a5580c5458cd90265a072258880d,0,0,0,2010-07-29 15:58:19,4496,108,5.6616,4604,85,1,13,81,19,80096.0611,262,164.6928,683
5501,8a17df1b66d91e5b5cf7ec4cee2e13430667f684,0,0,0,2010-07-29 19:05:24,77,9293,0.3853,9370,3,1,2,236,85,30539.871,666,25.8002,3051
5499,a149163699cc8872bf161bd10fa538e862c109a0,0,0,0,2010-07-29 20:22:14,81,9293,0.067,9374,85,36,13,79,15,576.6787,265,143.8677,63673
5504,b43e536f96be9e962514563da1d12a762d0d9bfa,0,0,0,2010-07-29 20:22:19,56,115,5.6616,171,85,36,13,40,9,86384.0,246,167.2518,1014
5497,3adc03e6e4373f5d5a514f4eab81386f48b3533a,0,1,0,2010-07-30 14:02:56,150,9293,0.6025,9443,2,3,3,108,83,58048.595,214,187.7099,1793
5512,b4386e7c2486f5b26b1e2e3ed7c557bbdd9419a9,0,1,0,2010-07-31 12:51:14,363,333,2.5409,696,13,7,2,381,47,55404.3929,1,967.1091,55857
5514,ea06b0fe23bb8d7c404042577086c5deabae89ff,0,0,0,2010-08-02 15:05:11,38,51,0.0081,89,85,1,1,36,2,43614.9269,1,1002.4365,46104
5485,6d60623b2d842f2fc093a81313d606ba798933e3,0,0,0,2010-08-02 15:05:28,95,45,0.2235,140,2,2,2,22,2,8854.8801,1,994.7794,53961
5518,0ec33805acdbf23421f128b74a1cba6101647f12,0,1,0,2010-08-02 15:06:12,203,9293,1.4713,9496,4,3,13,3067,11,24443.1799,1,991.465,46959
5510,00c108a1a55affecc2ab109848f5e1ec95855762,0,1,0,2010-08-02 18:18:40,8,144,1.7081,152,8,7,4,137,32,43709.0417,163,153.4178,2341
5494,25b8945abf3b456bda03499eddcd6ee3f76175b0,0,0,0,2010-08-02 18:18:55,4496,9293,2.1848,13789,7,3,1,29,25,845.1292,249,174.8352,1795
5516,46af695250e6ddb5290dd6e1883409980fe7c25a,0,0,0,2010-08-02 18:19:10,4496,9293,5.6616,13789,85,1,1,19,2,79952.8867,245,174.5931,1836
5519,849bb95ed909db0b571c4d9b8551be8c1b6b572d,0,1,0,2010-08-02 18:19:28,193,366,2.6061,559,11,4,2,72,15,49361.8027,208,196.0606,2307
5521,0973239570dd614a6e0f2bff39b1a4d7ce68b6c6,0,1,1,2010-08-02 20:19:42,114,199,2.4764,313,5,3,1,301,51,73988.4636,194,210.3598,2886
5490,1b5577b254580b610105b0350397c0524c0c97ec,0,1,0,2010-08-03 14:58:14,60,336,2.4307,396,8,8,3,429,39,61758.4143,1,1029.9314,54964
5513,ec5d3bddfdf956b6642b937c80123863c19e2763,0,0,0,2010-08-04 21:12:15,4496,23,5.6616,4519,1,1,13,54,18,8629.2139,2851,996.3989,45920
5527,2c87b5f5623ac4c8981e37fe60382b261e5b50f1,0,0,0,2010-08-04 21:12:21,8,15,0.0079,23,85,1,1,193,37,9591.9391,2857,997.886,46121
5528,73644f16af8aaac5659ea1398b83b64f984239cd,0,0,0,2010-08-05 02:08:56,75,53,0.0345,128,85,36,13,3067,9,39954.6541,2840,989.7624,7634
5531,c26e89c11286f1948adc42443e560410fea94383,0,0,1,2010-08-05 13:14:59,4496,9293,5.6616,13789,85,36,13,3067,3,83794.9921,2844,1006.3171,46618
5532,8bda57384005236a330c73d78e36acd3ef47b4bc,0,0,0,2010-08-05 14:36:44,4496,9293,0.2608,13789,85,1,2,197,86,29114.079,2826,979.6454,10871
5530,7aacffdc9c196c04679d5639384d39d91cfb1073,0,0,0,2010-08-05 14:40:46,102,9293,5.6616,9395,85,2,1,78,31,65873.8713,2817,1013.7233,797
5529,1208a20baf698b79e73d87a3efc001a306fc5a2c,0,1,0,2010-08-05 23:31:00,42,9293,0.0253,9335,85,1,13,16,9,76661.6829,1,1006.3445,7901
5515,8b9beaaad8142c566f1f8505f625128580594cf4,0,1,0,2010-08-06 20:34:12,991,343,4.0825,1334,26,5,3,263,86,56254.4124,339,110.1556,63673
5533,fce7c1551c352d9c207a0a852176030a41a89935,0,0,0,2010-08-07 14:17:37,28,9293,5.6616,9321,85,1,13,28,9,44610.2016,2846,994.2128,46596
5534,c8f66193ac5d96989fb683c50db0ed7540c0e7e5,0,1,1,2010-08-12 14:39:01,17,9293,1.8383,9310,4,1,1,13,15,59908.2063,253,171.7875,1615
5540,72303359928221279586fb518c68bb46dfc02e8a,0,1,0,2010-08-12 19:13:09,335,172,1.1393,507,5,4,2,28,10,36589.8965,2842,989.5212,53895
5535,d94d553278622a03f33206884c69d83812e8098a,0,1,0,2010-08-12 19:22:07,15,192,0.8652,207,6,4,3,83,29,15650.9376,2838,1016.0706,55585
5544,36650a2d9a4186c38b8925ab38d959bcda70c1df,0,0,0,2010-08-12 21:36:06,4496,9293,0.8703,13789,3,2,2,244,86,18298.1461,206,188.2939,962
5525,d1498dd5b9f16ba0b7facabfc9085585d4d6cc1b,0,0,0,2010-08-13 15:34:58,92,87,0.3275,179,1,2,2,169,83,54354.0687,2833,1012.1441,49210
5539,f3d196d61bf75fe582e7522d48d3604016f5562d,0,0,0,2010-08-13 17:50:21,21,9293,0.0243,9314,85,36,13,32,17,17610.2348,1,997.1574,46379
5541,e3c27033c9f79e31990e770b9f5976900ccb8041,0,0,0,2010-08-13 17:50:24,4496,43,0.0251,4539,2,1,13,3067,5,8266.4355,1,995.0957,46475
5549,927136634449e66adc222f42b2063071295cf08b,0,1,1,2010-08-13 18:00:34,59,79,1.2063,138,2,3,3,233,84,37741.2581,271,197.6867,2553
5543,c4debf4cacd53b874008d48c0d96483a862397ec,0,0,0,2010-08-13 20:33:52,32,9293,0.0313,9325,85,1,13,28,2,14778.2373,1,992.9115,46753
5545,8bb23e0130a156b51ed97eb480e3e5740bc5e71e,0,0,0,2010-08-14 01:48:25,4496,112,0.0385,4608,2,36,13,3067,5,18382.4887,303,142.7294,699
5520,bc693a63af153b4e4921137bddc9d9a400cd7bd0,0,0,0,2010-08-14 16:58:55,11,69,5.6616,80,1,36,13,3,10,8906.5449,2853,994.9387,46532
5551,916c810b54943695cedfcdb46a3eb8eba2d90536,0,1,0,2010-08-15 16:16:58,364,767,4.0668,1131,24,19,6,255,92,65076.1473,2672,1086.7949,1
5550,d5a21efbf489a5288afa535a5de8f75130279b00,0,1,0,2010-08-15 17:59:15,62,9293,0.8787,9355,85,2,2,27,7,38895.5549,579,57.3591,2707
5552,4ac23ca0e0ca7c52657134869c8613b09e72cf2e,0,1,0,2010-08-16 16:28:43,60,315,3.1396,375,15,5,2,371,85,35893.1909,2799,1040.1676,51156
5547,96e0ed42c1677a1ab8eb4353e516d4c166691f3d,0,0,0,2010-08-16 19:25:12,66,119,0.7463,185,3,2,1,28,10,2832.6216,203,173.5028,852
5560,27c72dd66efb7a1dbcb002b9ef0caab30af76954,0,1,1,2010-08-17 15:20:46,4496,52,0.5609,4548,1,2,2,174,84,78282.8251,2844,1005.481,50286
5553,5dbee3c72153977ebea121704c34228a7eb51074,0,1,0,2010-08-17 19:08:29,13,25,0.9853,38,2,2,1,217,30,43133.0834,2853,997.2506,46011
5561,283e365196cdad3fb352de0b6d7a8c0ddd1d784a,0,1,0,2010-08-17 21:21:51,115,194,2.2631,309,5,6,4,495,84,27015.9408,2782,967.4065,61720
5563,29c38c803524127922349204f78bf1e5648f1e64,0,0,1,2010-08-17 21:43:20,71,9293,0.8449,9364,3,2,2,103,85,5935.4756,180,161.3245,2018
5559,66d32c8e283b89eee16940bfce7fa2c12f540527,0,0,0,2010-08-18 16:18:00,81,89,0.1143,170,85,2,2,201,83,72435.6679,263,163.9141,169
5564,4cd3e3af5a5fcdcbe05eadcfef8a6393534f5b91,0,1,0,2010-08-18 20:04:22,2,9293,2.0078,9295,8,5,5,261,87,44896.4891,2824,1015.7414,51749
5554,d41656b14a523fe190e7cae942ead7d80304a78b,0,0,0,2010-08-20 06:56:59,4496,6,0.0052,4502,85,36,1,10,3,7954.8786,2859,1001.6745,621
5570,d2667f651d3f10c5a8c910535f63b4073862a5a1,0,1,0,2010-08-20 19:16:35,64,74,1.5104,138,6,3,3,171,83,43716.57,262,163.4201,2043
5562,c92d3ee82c5ff16742af357743af5e15e2ce2dfe,0,1,1,2010-08-20 21:30:59,345,72,1.1334,417,5,4,3,80,10,31208.3716,264,138.6404,92
5557,ac57d9d082e1688a1bd75a9b7ec37db4f0e6c4d2,0,0,0,2010-08-21 00:26:35,4496,78,1.4964,4574,2,3,3,66,4,9691.7849,250,140.2427,267
5576,3e7343e1059b32b2313e9be8e43db07ac223326e,0,1,0,2010-08-21 11:37:04,41,139,0.6472,180,2,4,3,328,86,48952.1047,1,1012.376,58806
5575,b2a8d8954b36fd361bd30437e135c75a8a141d59,0,1,0,2010-08-21 11:55:30,181,37,3.0201,218,11,7,3,507,39,45386.6488,2811,959.6692,58189
5573,775293210c8488f3ce708ccc3a09fe7ee639d436,0,0,0,2010-08-21 16:51:11,37,115,0.9915,152,3,3,2,10,10,41798.01,2846,1008.5019,54007
5542,6055d1b696ea2e3085947afe22344b8d7a1d3589,0,1,0,2010-08-21 17:30:30,22,86,0.9163,108,2,2,2,167,16,49329.4428,2849,1006.6357,54857
5558,7173a088f44596c727eb5403de78aa3aaa2cacbf,0,1,0,2010-08-24 14:49:23,4496,165,0.4661,4661,4,3,3,231,86,47340.219,1,1013.3867,58953
5571,afc3031513feb77fc7a239fbf333de975dfa1f4f,0,0,0,2010-08-25 13:55:52,49,22,0.8656,71,85,1,13,27,6,83250.1898,1,983.6028,46593
5584,3939a02b0bdad1247c507da44e325e4abfb37f86,0,1,0,2010-08-25 13:55:58,4496,9293,3.3082,13789,9,3,1,198,32,51682.0358,2818,1016.914,44958
5579,349956bccd829d3420cde9d8832f40c0aaa5bb8c,0,1,0,2010-08-25 14:11:39,44,9293,5.6616,9337,85,36,1,54,27,67811.9142,1,1007.9804,45893
5593,3866585e87cbdfc706a83b9b9d7d790b8aa47465,0,1,1,2010-08-25 16:02:30,92,238,2.4481,330,5,2,2,89,86,73160.937,2813,1016.5188,50902
5574,d28cab41a067803b6e2fa2b5e88f6a4f4103f1ce,0,1,0,2010-08-25 20:25:49,21,9293,2.5687,9314,18,12,5,462,88,39719.7244,2735,955.7343,59590
5565,a455a8dca923dfd4fb3f82b36d97ae522172e092,0,0,0,2010-08-25 20:41:10,4496,169,1.0634,4665,4,2,1,85,12,9513.5937,265,158.189,461
5569,ac485c57edbb4a5bd58a0a536acf445cf139ec8a,0,1,0,2010-08-25 20:41:24,37,9293,1.109,9330,3,4,1,266,36,34082.189,252,165.3615,1496
5588,f51781533dc395687120001bf0ba4d9f7ddc6e62,0,0,0,2010-08-25 20:41:30,67,9293,1.6015,9360,5,2,2,194,33,25608.1458,258,143.9972,1388
5590,2a2c4ce11077fbe2ded0a055b638cb37cc362daa,0,1,0,2010-08-25 20:41:37,215,204,1.2375,419,3,3,1,70,20,19686.922,300,160.3262,30
5589,cfa5ffdd59c5adbd72f27414abfd7965455bca66,0,1,0,2010-08-25 20:50:45,128,135,0.9748,263,3,3,2,3067,8,4945.1888,2849,990.7567,54733
5591,8c003b97355ed1f04d94f0e325ab7ffb69bd4771,0,0,0,2010-08-26 17:39:25,7,9293,0.0052,9300,1,1,1,18,8,83934.4182,1,1001.6859,46146
5608,4c451cd1345045d939b17df85b41861ce33fd15c,0,0,0,2010-08-26 22:12:21,20,52,0.6116,72,2,2,2,209,84,21344.0353,1,994.2479,49571
5598,e766e15265b42e5717957df6af014ee72221efd8,0,1,1,2010-08-27 19:41:12,110,213,1.7508,323,5,2,2,292,86,64100.9081,643,17.8491,3051
5594,ea6fb4695e73aeedeaae56f6373cbfa260f4739a,0,0,0,2010-08-27 20:06:52,51,123,0.9036,174,4,3,2,30,27,85606.8874,1,1015.6656,47699
5568,fab33fb4e87decb71b3169cdc12e48f4cae104c1,0,1,1,2010-08-27 20:19:44,26,358,1.8037,384,12,4,3,409,84,33645.6743,2817,979.0679,57316
5599,4e410c9d1ca1d0b7304256e29827978b835c2959,0,0,0,2010-08-30 21:14:23,4496,212,5.6616,4708,1,3,2,232,28,19146.1135,329,135.5204,900
5578,799ca241b96f2928e3f748daa4c390ef699d658d,0,0,0,2010-08-30 21:14:29,22,80,1.4888,102,4,2,1,31,16,16231.5183,263,161.8866,111
5592,798a47d4ed809234dde7fad44a26468c83bbefe6,0,0,0,2010-08-30 21:14:34,4,9293,0.8167,9297,2,2,1,110,19,1585.9216,264,162.1603,288
5601,47069290ecc9909a0732eed13a1380362da2d791,0,0,0,2010-09-01 14:01:11,4496,68,0.0731,4564,4,2,2,4,6,54883.1307,261,167.2105,63673
5585,441450395e17df0062f80e2700380cce66429454,0,0,0,2010-09-01 15:04:05,4496,9293,0.3393,13789,3,2,2,72,6,35400.2584,195,189.1013,750
5604,94c45e7107c0b249d8899cb70dd22eacac216898,0,0,0,2010-09-01 16:16:08,93,9293,1.8593,9386,6,4,2,81,18,46318.7827,311,158.6787,294
5606,d40f112aab4f61159f3812d61a85daa16e38f3f3,0,0,0,2010-09-01 17:50:50,82,83,1.4863,165,4,2,2,82,6,28052.4505,308,161.7714,1234
5610,e0b5e87484c2a8f5112f65fa97f2a5efeb84ecd6,0,0,0,2010-09-01 18:57:26,60,9293,1.0235,9353,2,2,2,34,5,3470.7624,259,143.0312,1096
5609,a63360c88d50129d7b39482da31c0e2eaaf837e4,0,1,0,2010-09-01 21:49:56,125,77,1.1362,202,4,3,13,57,8,10620.8365,298,146.0627,382
5586,e696035f61035f21e8f7dfbd9b755985e2611e61,0,0,0,2010-09-02 16:17:21,222,125,1.406,347,4,2,2,83,6,69364.7699,579,32.0092,2538
5607,521fea03023d62512060b450e9c03060f4e62cd8,0,0,0,2010-09-02 16:42:22,46,48,0.9467,94,2,36,1,74,5,35635.7514,255,169.2298,1765
5613,45d2beafd99793c074916203530624d0e579b249,0,0,0,2010-09-02 17:52:33,4496,9293,0.0458,13789,85,1,13,75,6,3466.2427,599,57.1605,2169
5611,78a68f26751ffd9d6955a3cf526c98e94828c00d,0,0,0,2010-09-02 18:22:44,38,76,0.0669,114,85,2,2,88,4,3585.9561,316,162.725,1625
5612,bd585702d1e44ea2254c5069d8575976e07f9754,0,0,0,2010-09-02 21:17:19,44,9293,5.6616,9337,85,36,1,39,3,18429.9312,595,37.0565,2323
5620,4aaf061217bcc8a9d6715d6421b59a85d888b106,0,0,0,2010-09-03 14:56:32,2,9293,0.5272,9295,2,2,2,165,84,66586.824,1,998.759,50092
5587,d6b55b5f207c578b5791f51cc5e4184b4bf4619a,0,1,0,2010-09-03 20:24:48,138,9293,2.048,9431,5,5,2,118,19,27427.5988,210,193.2254,1941
5600,44733f013ad500cab6db80478cc63a926db3495d,0,1,0,2010-09-03 20:25:06,185,9293,1.6193,9478,5,4,3,70,25,20905.5559,208,192.1401,2238
5618,8c5069fba2a09575972bfe2ea674e17325b514dc,0,1,0,2010-09-03 21:20:10,153,203,1.5211,356,8,4,5,136,86,3935.5393,1,965.6408,54405
5583,2893b7f7a5a15ccfefbcdbba8db6c524d8494fb7,0,1,1,2010-09-04 03:31:36,4496,350,1.5129,4846,14,5,3,417,48,38148.0598,695,19.6948,618
5622,1e31b709edd0dfbf08658e2d4c5c6b9bc484d8f6,0,0,0,2010-09-04 03:49:45,43,9293,5.6616,9336,3,2,2,134,31,26858.0643,1,986.2038,47265
5625,52b6edc41366eb7fa3cd7691dc35d65989d3c1dd,0,1,0,2010-09-06 22:22:35,284,577,4.4888,861,30,13,2,547,54,25462.9631,1,940.0539,50448
5623,b324537e99e4fe784357ee2cf12f26bbf58471ce,0,1,0,2010-09-06 22:47:44,285,38,2.5449,323,10,6,2,380,37,56080.8019,2801,1036.4737,53246
5621,6eb55e1ab905598c6ade96160cfdc830e1c955ce,0,0,0,2010-09-07 14:21:16,23,61,0.0296,84,1,36,13,29,4,57086.4961,2845,1006.6606,46537
5629,2d26e6298d14e50186e765fcbe69cf94cac3cf12,0,1,1,2010-09-07 16:25:36,4496,9293,0.6599,13789,2,2,2,182,85,65227.6854,1,1003.8048,50146
5639,62c0774a1e2c05364acb9118d30854bcb04de630,0,1,1,2010-09-07 16:27:19,62,9293,1.3792,9355,3,3,2,484,90,42437.1714,2839,1008.1404,49568
5619,087cc84f2c3d2f420c06b80eac45c4faebf75bf9,0,1,0,2010-09-07 17:16:54,4496,9293,5.6616,13789,1,1,1,0,8,68185.3097,1,1002.0792,46354
5624,f3798a09dc99262d7c26556a4caae95787b3a1a7,0,0,0,2010-09-07 18:12:28,4496,65,0.0244,4561,85,1,1,69,5,70968.3176,1,996.6913,46405
5631,d03c2b4c2dab88fbaf164a0ef15441b24d60985a,0,0,0,2010-09-07 18:33:11,4496,57,5.6616,4553,85,1,13,17,3,71428.1304,1,995.3439,45873
5602,7cb9e08f777dc4420e4c40d39f2ded02832c51d1,0,1,0,2010-09-07 22:27:06,437,104,2.428,541,5,2,2,70,2,82539.7148,1,986.8381,47573
5635,ec7476c58d4d5eb7b56cfb5cdd35cb2cb5054b80,0,1,0,2010-09-08 15:14:53,129,258,1.9829,387,8,5,3,360,86,67877.2361,2807,973.1584,51255
5642,dc33a2d9f75c29ba56d1b3fed3472d4db462cbbe,0,1,1,2010-09-11 00:11:33,27,9293,0.9668,9320,3,3,2,298,86,39249.541,1,1008.8288,50384
5640,3d61dae55b2e5cbfe44a752d8a84ecfcdcd809fd,0,0,1,2010-09-12 13:57:33,4496,9293,0.0454,13789,85,36,13,221,36,76482.6832,2862,26.5326,63673
5638,4dd8fa51ff1a6db46346111be008792304ebcbbd,0,1,0,2010-09-13 14:06:08,4496,9293,2.464,13789,7,5,3,480,83,71466.522,2813,961.6447,59167
5641,9680a3febc9e1a3e06b9e1369bb8626e80770f44,0,0,0,2010-09-13 16:10:40,57,9293,0.5647,9350,1,1,1,45,6,37382.9334,216,170.7457,911
5630,d6378a85b46f25b07919d3d48423b8d61fb18d98,0,0,0,2010-09-13 16:10:47,33,77,5.6616,110,2,1,13,64,4,70509.1,264,167.9591,523
5643,89fbc1b031dd5f045601a862c751c269082aea40,0,1,0,2010-09-14 02:27:02,369,162,2.3151,531,12,5,2,215,38,562.4402,2834,1014.3497,53241
5637,122894e26629c391b52dbd9ff8a93354fb28ae0f,0,0,0,2010-09-14 02:46:07,4496,20,0.0089,4516,85,1,13,21,10,14223.167,1,998.3864,46286
5648,64cfe8dede938172fa48948cdee92a6bd93320c4,0,1,0,2010-09-14 03:20:44,72,110,0.4577,182,4,3,13,3067,6,20286.2314,1,992.279,45624
5652,a8e5c1894544b9b45765c3ca2624aa65993211c3,0,0,0,2010-09-14 20:34:53,4496,9293,1.4086,13789,4,3,2,24,11,18905.5172,2849,991.2422,53834
5644,58ab5331bacb71aa12f1e696999b51551f6adf33,0,1,0,2010-09-14 22:25:31,14,9293,2.8142,9307,8,1,13,29,14,6343.3171,1,1014.8834,45152
5634,de034ffee003c63e2ba610067b94ea139b440bcb,0,1,0,2010-09-14 22:25:53,82,9293,2.5429,9375,9,2,2,128,12,2478.9521,1,1018.2192,55995
5654,4b0964eaf627f0dede7b909af3b458826a92d963,0,0,0,2010-09-14 22:26:06,17,31,5.6616,48,1,36,1,6,6,203.7778,2859,1003.2746,46328
5632,b34385aa53f3b4205ed7b3a932d2fd75cea55659,0,0,0,2010-09-14 22:26:13,6,9293,0.0609,9299,1,2,2,105,28,1143.2663,1,1013.5118,48538
5650,0191b2819b61544c381ede2b57ef5a6c5dad80e3,0,1,0,2010-09-14 22:35:41,50,9293,1.2232,9343,2,2,2,3067,34,31824.1036,595,34.197,2603
5656,89970e8a967a25904c868af666f2ccb6ed2f2cff,0,0,0,2010-09-15 03:01:19,128,153,2.054,281,5,2,1,282,52,27540.991,656,29.531,2983
5633,dc5da90c71ae7fe542543179d655791ad8ece946,0,1,0,2010-09-15 20:38:23,5,9293,1.0737,9298,2,3,2,297,29,17359.0014,257,170.9813,974
5653,e97db28277e3f9953d7dcb4ff65004ae2ccca4fc,0,0,0,2010-09-15 20:38:53,4496,9293,0.3857,13789,4,2,13,249,29,47885.7272,209,171.1246,1983
5660,fef82b5e3527b70b10f29202314a3cfb8fd46bf2,0,1,0,2010-09-15 20:48:40,158,16,2.0662,174,9,3,1,181,38,79244.0094,2825,982.6615,47052
5658,ca8fa16c5edf7f98706c5562212df53342f2beda,0,1,0,2010-09-15 22:22:09,81,632,3.0039,713,14,4,3,165,87,40057.1187,1,966.328,60094
5649,ac4157a748244e503b22a6a70af733ca1120a16b,0,0,0,2010-09-16 16:52:30,53,128,5.6616,181,85,1,13,3067,30,66825.2802,573,34.9014,2587
5657,21cacf960f02c8043c969ce51137ae4c2dc41008,0,0,0,2010-09-16 17:37:15,58,9293,0.0742,9351,85,36,13,3067,28,1669.2015,633,56.6666,2241
5666,f16a14dd3f4e1b07ac69daa9728a9821383c1933,0,0,0,2010-09-18 13:03:06,34,9293,0.0396,9327,2,36,13,30,12,52139.3485,1,1009.0701,45731
5626,267c76a65528b856737830f78da01a89f547505d,0,1,0,2010-09-18 22:08:06,601,482,2.9296,1083,21,13,4,734,92,38514.1508,1,1064.5864,63651
5655,aa95d4adbc26d6e4f3d9f1b29061d58843a0036e,0,0,0,2010-09-19 19:40:31,26,9293,0.038,9319,1,1,1,101,22,14323.2103,2848,1008.1575,45974
5664,123ad329c5744ca05610e46ee6309db603480d48,0,1,0,2010-09-19 20:11:06,8,9293,0.0037,9301,85,36,1,29,9,84673.0215,2859,998.9241,46296
5665,5e94c48452eceb8a9bbe89689c6839aa5b3158c2,0,0,1,2010-09-20 18:47:08,0,9293,0.0277,9293,85,1,13,3067,14,19679.1105,629,39.3466,1048
5677,375a12441738816f4c8c0d5be63724f8dd928855,0,0,0,2010-09-21 14:52:59,11,9293,0.9265,9304,2,2,2,186,85,46320.3279,2858,1003.0202,49867
5671,d966ed08610940da1a590ce7a83897b9a1dc02ec,0,1,0,2010-09-21 18:56:23,1200,2048,2.8272,3248,57,15,5,977,0,49435.6007,1,1129.1769,59812
5678,ce9179ed530494d2b68316a1e1b6f3ad0e28e585,0,1,0,2010-09-21 19:40:54,95,212,2.7358,307,9,4,2,268,43,36832.9542,2826,1025.2459,46095
5670,12bcf35ea24c62289c0fa2863c45f55410f4f103,0,0,0,2010-09-21 19:46:45,18,36,5.6616,54,1,36,13,53,20,2807.0061,2851,1004.5539,46358
5675,bf0087ff843e46f91f316af25659f8771e83f0bd,0,0,0,2010-09-21 20:29:51,4496,9293,0.0505,13789,1,36,1,3067,2,14479.6874,1,993.606,8436
5661,9dd05be37caec08c568aa1823baccb5c092775ea,0,1,0,2010-09-22 01:45:55,52,49,1.0646,101,3,3,2,208,84,23107.3918,1,1007.17,50402
5669,c82a820a09a82b287689415d2054a2c3f861e941,0,0,0,2010-09-22 01:49:13,5,30,5.6616,35,1,1,1,2,12,292.4347,1,1002.3758,46083
5674,8520c3811cdb664bfef8ed0210381ad88f8a1382,0,0,0,2010-09-22 02:59:53,24,9293,5.6616,9317,1,1,1,31,6,44047.3619,2848,1004.5401,46601
5681,e6865f6c180884ad279540f2cc351362327c5c48,0,0,0,2010-09-22 03:01:14,4496,64,0.0449,4560,2,36,13,132,30,29470.6771,2833,988.5184,45641
5668,4c530a1e88c628ea5824fd95fc9adc79684b91e5,0,1,0,2010-09-22 03:41:18,154,202,2.2628,356,9,4,13,166,21,22030.2748,2838,992.4967,46924
5663,8e68f3b9a0cda1c3038ef2be95e58ad6d07c1e52,0,1,0,2010-09-22 03:41:38,152,410,3.2589,562,18,9,2,604,45,14751.1227,2801,972.669,55851
5647,b182e5e90ac7aa73fe9136cabc0970c45709282c,0,1,0,2010-09-22 03:41:52,157,219,2.4063,376,13,5,2,296,35,6422.1769,2816,980.4673,54906
5687,cebdb3007f1efe4e1a0fb2d3601c18d83a29c9ac,0,1,0,2010-09-22 03:42:00,29,9293,0.7822,9322,6,3,2,393,39,5473.3421,2839,1008.3474,48933
5673,03720401e6d9472a6466cca37953e4570ed5ba47,0,1,0,2010-09-22 03:42:09,28,9293,1.4202,9321,6,1,13,332,30,5058.4233,1,994.3873,45746
5686,971e879e2d08d7c922365b2d796e6ff55db3f6f1,0,1,0,2010-09-22 03:42:16,74,95,0.0488,169,85,1,1,31,9,18760.924,2848,995.4836,8525
5688,df57aee3987e1ccee2ade1a9beb068470b0f9278,0,1,0,2010-09-22 13:41:25,72,9293,0.1662,9365,2,1,1,187,15,36196.4209,2850,1005.5992,45970
5676,c70e17fdf705fabe2236548033f8780ed55b049c,0,1,1,2010-09-23 04:12:37,47,9293,0.0805,9340,85,36,13,155,39,29985.3991,590,25.5635,2664
5683,946a63c9196964ea94dec26e0ca7de519e71ea97,0,1,0,2010-09-23 10:58:44,8,9293,5.6616,9301,1,36,1,9,6,66710.4493,2859,998.8165,46277
5685,a7c8b9124f2fd0b0a2d7ebf588e32d6944e4d928,0,0,0,2010-09-26 21:53:40,75,9293,1.0007,9368,4,2,2,233,85,45763.0172,2852,1003.8087,50128
5695,1549efe96d0dff61ee57d4f99609b6701a8662d0,0,0,0,2010-09-26 21:53:44,21,74,1.0246,95,4,2,2,392,89,48948.0733,2848,1004.4941,50334
5702,a0d72043e22a617d0fca48346b57bbc9445a66cb,0,1,0,2010-09-26 21:53:50,41,233,0.6995,274,3,5,3,201,86,51539.7477,1,982.4714,58854
5689,0a62baaa22025ba33ebb8ab9889aaee9a113fb32,0,0,1,2010-09-26 22:26:43,19,9293,0.0411,9312,85,36,1,12,20,30355.1191,1,994.699,46016
5693,61f4b37e9b6158960717fd728f9e5f9d4b94c680,0,0,0,2010-09-27 01:48:51,74,43,0.0306,117,1,36,13,3067,0,6280.8805,1,1004.2751,45948
5697,de53f980eb7a1c89c53add66e7b659c2b864fbef,0,1,0,2010-09-27 09:04:46,15,44,2.0404,59,5,2,13,96,21,31254.4,217,176.78,1106
5701,17cbb3daa57be73bb31e17da8e8aae9112f94dd5,0,1,1,2010-09-27 22:10:42,46,9293,2.3155,9339,6,4,3,524,42,28869.2775,2798,963.6819,53076
5699,70f060ec15284e6cb77d805d090da6cad88bf427,0,1,0,2010-09-27 22:11:05,176,9293,0.9302,9469,8,4,3,234,85,18059.2909,1,990.2602,49757
5703,3132f7ab05dab62ea3f0ce2ef194784842aabce1,0,0,0,2010-09-27 22:11:26,4496,345,5.6616,4841,3,2,13,85,30,67484.6598,2824,975.1709,920
5698,e5a422c11a7be4bf35efcdb2d45a7da886c616e6,0,1,0,2010-09-27 22:30:20,172,143,0.8744,315,5,4,2,227,85,16912.3653,1,1012.2876,50307
5711,e2ffe2b0d0c1459111a2e1eef1fcb037d7343aba,0,0,1,2010-09-28 01:39:38,4496,9293,1.0244,13789,2,2,2,221,84,18193.3442,2848,995.9815,49699
5694,f289d69561f48480065610ba316ce9ec14c3fc2e,0,0,1,2010-09-28 13:52:24,4496,58,1.2749,4554,4,2,2,185,9,38535.3761,210,169.1615,977
5704,d9403c5f635e96d06a17b64a9e322410a648c8c4,0,1,0,2010-09-28 14:21:02,109,149,1.5736,258,3,2,2,194,85,52640.501,2828,1014.1287,50435
5679,1eea19ee2a1d75a9afc08ccc5ca39a62728e603f,0,0,0,2010-09-28 14:51:55,4496,46,0.0196,4542,1,1,13,66,15,68641.1165,2849,996.623,46426
5700,0511668766c791bca15b1629ac65d75f477fbc74,0,0,0,2010-09-28 17:24:10,23,60,5.6616,83,2,36,1,78,20,29525.8844,2845,1007.993,46555
5705,3a544f767fd6934fbac1f263518c6a26703a058e,0,0,0,2010-09-28 19:22:29,4496,40,0.02,4536,85,1,1,3067,6,75129.8108,2844,1004.5274,46593
5708,dd802b3a6cfff46d29b788052e73b46b1f09837b,0,0,0,2010-09-28 22:58:23,58,83,1.0859,141,2,3,1,74,20,31272.068,318,165.8221,1156
5680,5d79a29d9bed4b5975dfc982faeaa13caacc6e99,0,1,0,2010-09-28 23:00:33,171,33,1.7311,204,3,3,1,103,24,3924.6254,307,158.1844,1361
5706,cec1d5157a17eda04a7302829c03c9d462c35f42,0,1,0,2010-09-28 23:00:45,4496,86,0.609,4582,4,3,13,98,24,4546.4834,306,162.4606,157
5709,a62d9785cffc3f1534e182ad8a6763cec23bc6ee,0,1,0,2010-09-28 23:01:03,287,9293,0.626,9580,5,5,2,130,26,45640.0536,327,136.1194,1346
5662,b856f52c3e8f91b964799fbc89d8a5616795cf7e,0,0,0,2010-09-28 23:14:51,4496,113,0.0562,4609,2,36,13,3067,1,6326.6214,306,166.3612,99
5716,f9f97d4292bcb9af083263220278825e1158aca9,0,1,0,2010-09-29 16:33:46,4496,146,1.4709,4642,3,4,3,383,86,44907.6297,1,1018.6596,56977
5718,5a1dccfa4b6b23c89de4d8225bb402cf788e68a4,0,0,0,2010-09-29 19:08:44,37,42,0.0148,79,85,1,13,3067,7,9626.176,2851,996.8028,46021
5726,1a29b2cfd3b9fedd301ea2777302288157d1e4af,0,1,0,2010-09-30 13:35:26,113,325,1.0965,438,3,4,3,502,89,59227.4298,1,991.899,50931
5719,446103ff74d3598843ea22b1ff0b221635dc9b36,0,1,0,2010-09-30 16:01:17,62,108,5.6616,170,85,36,1,35,22,81704.7808,1,1008.2884,46686
5725,43eae6fa3b9324a68a2fbb5078443d55fa05bf82,0,1,0,2010-09-30 16:03:48,4496,9293,3.0591,13789,16,9,2,564,86,51397.1086,2771,1050.987,55772
5714,a34b7617dda75d29253d4c172fd69f2802375271,0,1,0,2010-09-30 16:59:45,6,34,1.2123,40,3,3,2,303,84,21921.554,2843,993.0441,49624
5720,7596861435603a2a298ce2588900b038abd67fc7,0,1,0,2010-09-30 21:03:24,21,89,1.3805,110,4,3,13,202,36,37252.6171,638,26.1653,512
5729,a03fa7e69b1cd065df78f63cf2467acd3e8b544a,0,1,1,2010-10-01 17:56:14,4496,39,0.4568,4535,2,2,2,243,84,39558.0232,2851,996.7682,49793
5710,f4bc671f7ed27d7ef34596898c251bef319890fe,0,0,1,2010-10-01 20:26:25,38,9293,0.0393,9331,85,1,1,28,5,77808.4128,1,1005.5462,45936
5722,14062b968520a058432eac0bc17527b18928712a,0,1,1,2010-10-01 21:22:25,59,115,1.5922,174,6,4,2,541,84,27203.9501,2842,1018.2312,50661
5732,a61c338d9db83492ff6dba2c7009cce6cbd5cd7a,0,0,0,2010-10-02 05:06:52,4496,49,5.6616,4545,1,2,2,198,84,37273.8247,1,1008.6089,49484
5713,1fd85af789c16c222a37fef6b2d329d255a836e6,0,0,0,2010-10-02 15:31:13,11,9293,0.0078,9304,1,1,1,3067,6,65217.1883,1,998.908,46137
5724,e2391469146d85fe5791c7269b2aa03aaab43ab7,0,1,0,2010-10-02 16:42:50,12,115,1.4008,127,5,3,1,178,33,63893.4823,2835,987.5823,46643
5734,c7810a8e17e924838972cabf1a10f341825dbd79,0,1,1,2010-10-04 22:06:36,36,9293,1.2099,9329,4,3,2,374,88,30414.1768,2848,993.7259,50289
5733,e34283c63655279caf88754e93d3af97d8ec2e78,0,1,0,2010-10-05 16:00:40,4496,9293,3.662,13789,18,8,2,417,33,39087.266,1,1023.6397,53170
5738,67198f00bc294c7450933477d16f26aa808e3a6e,0,1,0,2010-10-06 15:19:07,56,9293,0.5171,9349,2,3,3,33,5,59205.0982,247,165.0091,72
5682,c293406703939dc25ce4707919d50b3e9cab43b8,0,1,0,2010-10-06 15:19:13,39,122,1.2715,161,3,3,13,108,26,65749.6568,294,158.1798,246
5727,bbf1afa0ddbcff717e64621a69b8313f81dd7122,0,0,0,2010-10-06 15:19:19,4496,9293,0.7573,13789,1,2,13,35,1,28813.5237,263,167.225,511
5744,e7591fc3c011c2b2ebb51fa4595ca782b55a15f6,0,1,0,2010-10-06 17:19:26,49,9293,1.2627,9342,3,3,3,383,87,44891.2928,2832,1009.6427,57549
5721,297c2f36390c9d9997305f2626f6632e90e4242b,0,1,1,2010-10-06 18:45:33,97,9293,1.7704,9390,6,3,3,349,82,14254.6425,2834,984.3235,59160
5742,0c123957bfdb8113fc2429ebad54ba9a20ab943c,0,0,0,2010-10-07 00:24:16,65,9293,2.1262,9358,5,2,2,246,84,21450.1141,2843,1005.8917,49494
5723,5c44cc166e1baea7062bb660d96a253e20989ff8,0,1,0,2010-10-07 02:24:22,590,412,2.8341,1002,23,8,6,639,94,40197.0937,1,1065.0428,63225
5736,d03463df2255f5fbaab53197a830c9a7064e0778,0,1,0,2010-10-07 14:52:54,4496,9293,0.7643,13789,3,2,2,367,90,45300.7747,1,1006.8513,49619
5743,49af30a77758282bc648496972b944d60bb9e185,0,1,0,2010-10-07 16:33:07,121,195,2.2005,316,5,6,3,453,91,36516.9869,1,982.4268,59033
5730,a857b73834520157fe1c853493fb09334badf699,0,1,0,2010-10-07 18:12:13,155,196,1.8927,351,7,5,3,358,83,29883.7975,2818,984.821,57480
5740,406f4b3c6eccddfb65aadfb2cfe423cfe8cef062,0,1,0,2010-10-07 20:32:52,60,6,0.6695,66,2,2,1,34,17,34480.348,2843,1005.0213,46590
5754,39a5d29cb5ed5c2cfa92290a27b1e16a424a5af7,0,0,0,2010-10-08 17:11:16,40,78,0.9107,118,3,2,2,362,84,63749.5117,1,1005.2315,49548
5739,2e81dc863033113aed1e4f336b6df0b792a1fda2,0,1,0,2010-10-08 17:16:42,242,94,1.1135,336,4,2,2,263,84,45878.7343,1,1002.9992,49769
5745,7c71db801387d01946d9497467a56b5a35f4bb57,0,1,0,2010-10-09 21:00:20,235,9293,1.906,9528,6,4,2,310,86,36017.1155,2840,1009.8945,50781
5759,298a51d2193b16642d1956db0c21e27405b6db16,0,1,0,2010-10-09 21:04:03,40,91,0.2731,131,2,2,2,283,85,86384.0,1,990.6368,49442
5751,6cb26c377f863de1389ba0768b8591a4ded9e3a9,0,0,0,2010-10-11 16:45:10,23,9293,0.0346,9316,2,36,1,174,31,84416.212,2848,994.8132,46458
5746,2ea27a02f86f0c2e44cfe75707fd1c7b9706e631,0,0,0,2010-10-12 03:57:46,4496,60,5.6616,4556,2,1,13,91,4,32336.9245,302,143.3574,1363
5752,eb7cb663fd2f1f9feb0d896feff5ac316df50d1f,0,1,0,2010-10-12 15:51:46,42,92,0.0338,134,1,36,13,194,36,83438.8514,2842,995.36,46622
5755,894e0132fa0c2df02a0942f6fe2d7e7b8fd3065f,0,0,0,2010-10-12 16:31:35,13,28,0.0101,41,85,1,1,49,8,1801.0073,2859,1002.425,46126
5737,2c2c134abb586d59291b869d5f59a33f2531ab78,0,1,0,2010-10-12 21:19:14,4496,56,5.6616,4552,85,1,1,198,36,20296.96,2851,1007.061,46661
5750,b22169d6ca238b19452c02ac5ae7cfb38139a18d,0,1,0,2010-10-12 21:22:40,4496,9293,1.9781,13789,6,1,13,209,48,14529.6057,1,1029.853,45160
4657,efbf82220c8b73cd5b80ff8d32a25390e7ccedfd,0,1,0,2010-10-13 13:55:37,56,77,5.6616,133,1,36,13,53,16,40.4588,1,1001.6253,46178
5741,9d32382b3fd48a9362a07c2865e93e2cbfb8ee61,0,1,0,2010-10-13 15:43:18,765,350,4.5217,1115,58,24,5,703,0,48505.64,2678,924.0396,1
4666,9170ea25f1106874bb653cdc003874562711a79e,0,1,1,2010-10-13 15:56:58,4496,9293,0.516,13789,2,2,2,376,89,33125.6526,2848,993.2629,50271
5748,5a99df8c71944d4cba8218340c995571dead5ed0,0,0,0,2010-10-13 16:02:58,4496,85,0.9786,4581,1,1,13,341,31,1757.0855,2847,1012.0302,46637
4661,7aac7930c3b3873780255730e2d1ed11db130aed,0,1,0,2010-10-14 19:19:36,4496,103,1.2807,4599,5,1,1,45,9,26087.6722,2844,991.0344,45706
5761,0f89876424ed482d5200e74f00f623f42581ca8c,0,1,0,2010-10-14 20:17:47,10,9293,1.0732,9303,4,4,4,219,87,32082.5447,2835,983.6053,50189
4665,af8a19befda32f0b0a7d9645894c5fa616e99528,0,1,0,2010-10-14 20:59:04,119,9293,0.7889,9412,3,2,2,273,85,18139.2661,2848,995.1316,50249
5753,bb0dc512d8cf7f11984cdee58d1cec590caa3044,0,1,0,2010-10-15 17:42:57,692,9293,2.0627,9985,15,12,5,797,84,47097.1709,676,84.4567,35
5764,be80a71073bdc061d8aaf6029480f8f85e5b0c40,0,1,0,2010-10-16 01:49:43,249,109,0.5332,358,4,2,2,255,84,26201.7996,1,993.4221,50251
4671,9d947ea4df5f0e1a123acdbaa4bdf66c93224a31,0,1,0,2010-10-18 17:41:04,40,9293,0.2615,9333,2,2,2,230,84,68750.8078,1,1008.2031,49683
4679,72548aca3e6962d51239aec6c2d8bc11ee4bcadd,0,1,1,2010-10-18 20:41:46,4496,152,0.9446,4648,4,2,3,483,84,14059.4063,1,1017.8637,58816
4664,04562e2097fab4fb20b21f8d0e48c3782670a09f,0,0,0,2010-10-18 21:33:04,28,50,0.672,78,2,2,2,215,84,35445.7947,2848,1006.844,50275
4670,c91a3bbd93a27bd379a6659bcdfcc0717f81d6d3,0,0,0,2010-10-18 22:28:30,19,37,1.0911,56,3,2,2,433,85,8875.4673,2850,1007.41,50231
4659,42b3233f9a724fb966486e315ced00b185fea1b4,0,0,0,2010-10-19 14:23:43,45,9293,5.6616,9338,3,36,1,44,17,44697.2701,208,192.6145,1815
4669,26c3e1444bdecff8a60f3c978a6b150034846659,0,0,0,2010-10-19 14:23:51,4496,106,1.0437,4602,3,1,13,3067,3,65624.6345,206,167.1094,1989
4682,d1ec03b0d3729ccfa6cc5e259e931baddf68c982,0,1,0,2010-10-19 15:09:24,271,9293,1.3431,9564,3,3,3,279,85,61861.4071,2811,984.4187,58964
4668,b732d4a35f20b29b0aa033aab613b2ed314eddb2,0,1,0,2010-10-19 17:32:00,79,62,0.8961,141,5,2,2,262,84,41388.3981,2852,993.3851,49632
5757,1fd6af347ab1c8d989b903f3a8a18e3a33c616fe,0,1,0,2010-10-20 15:59:32,106,9293,1.0285,9399,5,3,3,224,83,24900.3104,2828,1017.2266,57251
4672,00ff744620d5e9482c71ead358cb59e21d70b232,0,1,1,2010-10-20 19:17:06,4496,9293,0.8007,13789,2,2,13,83,21,73129.0584,629,59.8863,2210
4681,8a6140d0dc0bc8bc4f6f1c47c02f09b44251ca1d,0,1,0,2010-10-20 19:18:40,175,125,1.0583,300,6,4,3,241,85,14879.2815,2831,986.1793,57020
4673,fad1f92bdb1ac50b374c3380eb18a06e8dcfddf6,0,0,0,2010-10-20 19:49:32,65,9293,1.1016,9358,4,2,2,301,85,1392.3819,2833,986.6562,49541
4677,da5a3dfebab7d3ff04a12498efc61237ecf7acc0,0,0,0,2010-10-20 20:15:27,60,106,0.797,166,2,2,2,47,15,42041.9634,2845,993.5582,45805
4684,6ae1adf91fe65cf3c6a01229da0c189e91a67712,0,0,0,2010-10-20 21:44:48,4496,53,5.6616,4549,2,1,1,26,6,18186.0239,1,1004.7691,45798
4658,c4a3fd422bb304b101d50f0501108ac936ac76f4,0,0,0,2010-10-21 04:51:33,31,94,5.6616,125,2,1,1,10,6,45532.4926,1,995.5206,45959
4674,543f49d3a2169cd3cebc025511c7be94ae6fead4,0,1,0,2010-10-21 05:57:36,20,32,0.0099,52,1,36,13,57,16,34752.523,1,997.351,46371
4680,1e3e7c5fed82c26d0f9390eccf0509030e3350f1,0,0,0,2010-10-21 06:06:58,1,9293,0.0015,9294,1,36,13,66,16,581.4466,2861,1000.9543,46207
4683,cd114940c0b87f1039d13520fc823c339dcc86fc,0,1,0,2010-10-21 06:12:24,6,22,0.0019,28,85,36,1,69,16,357.588,1,1000.1263,46206
4667,8959c1f1fc064bcf1f55febb3359c32ed748d1fc,0,0,1,2010-10-21 14:23:23,4496,108,5.6616,4604,2,36,1,182,38,81437.8384,268,172.0021,1923
4685,09d3507fb3c4794e310862ac2b27271798a45b37,0,1,1,2010-10-21 17:08:27,38,92,0.9637,130,1,2,2,335,84,80984.134,2835,1012.8347,49295
4687,77efbe1e4f58b49b2aecc42ad3f8b23e1249cd1d,0,0,0,2010-10-21 19:31:15,33,9293,0.4977,9326,2,2,1,3067,3,64301.2818,2838,990.1144,973
4696,00554e90b84074139060ccf2c32fa3130211136b,0,1,1,2010-10-21 20:55:41,4496,9293,1.9253,13789,11,6,3,598,87,18119.9115,2825,984.6888,59294
4691,1ca527f844c5138fc458074bbb98162ab196e049,0,1,0,2010-10-21 21:25:56,33,9293,1.2422,9326,6,2,2,230,83,25377.4565,1,995.0618,49440
4678,187761a3229a9d6853090295d966731fb1170458,0,1,0,2010-10-22 03:23:51,4496,629,4.1448,5125,37,16,6,453,79,28121.5762,2704,934.7029,62675
4708,8319b3909d47022fae3089d7a2bd446c84b28b57,0,1,0,2010-10-22 03:53:29,76,45,1.2065,121,4,2,2,522,85,11933.1593,2848,995.4832,50347
4690,26974cdb865c9df2610f6aa38e1e57c84a224416,0,1,0,2010-10-22 04:19:40,74,27,0.0093,101,85,36,1,63,16,3161.52,2853,996.2949,46333
4694,98d2f208d7b231bf53bcdda4a56866f21d2d64c8,0,0,0,2010-10-22 05:03:27,28,9293,5.6616,9321,85,36,1,3067,5,6377.1117,1,1004.8731,46374
4698,e2409452b5b13906c729f5156f6be34297618a8b,0,0,0,2010-10-22 14:51:17,15,100,2.2341,115,5,2,1,272,50,68235.3747,1,1003.9125,46529
4701,0e97a3869fe1e9b32ecdd2def0a751bd397aee8b,0,0,0,2010-10-22 17:26:43,4496,9293,1.6985,13789,5,2,1,102,18,50222.9962,1,1011.324,45823
4692,7a32ca47a819caaeeb5860a5215d81ac34cc3c33,0,1,1,2010-10-22 21:12:18,4496,9293,0.0282,13789,85,1,13,206,37,11531.9365,624,54.4554,1930
4699,6af572671bcdd8d254bf12528661d751ac499452,0,1,1,2010-10-22 21:18:15,186,9293,2.5438,9479,9,5,2,610,45,15012.6733,1,1025.3299,55707
4695,34302c394434dfda2d0d243e0fdcf7718a6cfe9b,0,0,0,2010-10-22 21:41:31,40,57,0.0564,97,2,1,13,3067,2,3682.5184,588,39.3,2229
4700,cf1a65498b6c01405e47511df76402a08ab7127d,0,1,1,2010-10-23 17:36:29,4496,81,0.4149,4577,2,36,1,160,37,79941.0332,1,989.7751,45651
4703,228d11eae70a5d82dcaa5b445c496dc6ff970b20,0,0,0,2010-10-24 01:02:52,4496,116,0.0759,4612,2,1,1,43,3,32573.1144,249,165.1634,94
4693,c75abc8e568bbd38f9d9336cecee7c7975562e19,0,1,0,2010-10-25 16:00:56,4496,9293,2.5673,13789,7,7,3,276,82,78573.8222,2802,977.5322,54092
4705,3be62c5ddaa330be97c718ac1d4cae0029bdcf81,0,0,0,2010-10-28 16:06:05,4496,110,0.7143,4606,3,1,13,333,32,62951.2338,2841,1019.5843,46894
4709,7a418c2c3b967ed5162c8ecf1edbbe08496a9e50,0,0,0,2010-10-28 21:22:40,24,9293,0.0687,9317,2,1,13,27,17,65471.1676,213,169.0263,1964
4686,15da7af65ffc60cf8d11880a923302aa84e1dfd6,0,0,0,2010-10-28 21:23:03,4496,9293,0.0365,13789,85,36,1,35,4,64072.1603,269,163.5878,692
4702,80a53534033b674abf8d19e0766e59d3bf07ad19,0,0,0,2010-10-28 21:40:19,4496,9293,0.0137,13789,1,36,13,3067,3,815.2432,1,995.8321,46015
4726,ab8da9552c7aad711dd814cf7b4a2d04a65857fc,0,1,1,2010-10-29 01:55:53,19,24,0.8411,43,2,2,2,254,84,41295.3572,2850,995.1654,49637
4713,7e982eba1fedc3713349bd765e6112f6d0fa1707,0,0,0,2010-10-29 02:13:25,4496,9293,0.0247,13789,85,1,13,3067,3,15764.603,1,991.8555,46802
4697,05331936ba83682d0d03d574cf1af290db5bbe77,0,0,0,2010-10-29 14:32:31,4496,581,5.6616,5077,85,36,13,177,30,83547.456,2797,1019.4106,515
4710,26ad322358df31a6f9d6f078e45ebfb2beb52b56,0,0,1,2010-10-29 22:08:48,47,9293,0.0372,9340,2,36,13,25,9,69589.5363,302,164.5062,189
4711,1f039c407080b280dd3eacd1157480e800386a8b,0,0,0,2010-10-30 01:09:05,4496,9293,5.6616,13789,1,36,1,12,8,10942.0026,2855,1003.6688,46135
4715,acbf34e8a0743d3482fc341ca1751010b22a9b44,0,0,0,2010-10-31 14:35:22,4496,9293,0.9344,13789,3,1,13,49,17,14159.3307,253,161.3948,1186
4704,9f7f02c520c0d0da0b4c09d192c0e758318b0eba,0,0,0,2010-10-31 14:35:28,4496,59,0.0361,4555,1,36,13,49,15,86384.0,298,161.452,1087
4712,f6deb516ae2009232a94d27a595c8eed367f1aaa,0,1,0,2010-10-31 14:35:36,930,9293,3.4656,10223,17,3,2,131,7,54448.1355,330,171.8838,2133
4714,b4e5a714546889fefb74c724cd8e3c6fced063e5,0,0,0,2010-10-31 14:35:48,151,9293,5.6616,9444,1,2,2,106,30,26890.1755,263,137.6298,555
4717,399d1461915d183b8e0e82adf1cd213153c1df0b,0,1,0,2010-10-31 14:36:56,238,273,3.3826,511,14,2,2,131,14,86384.0,209,168.2221,1396
4719,f39be9702e182b70e73d690076998a09151e74b4,0,1,0,2010-10-31 14:37:08,1,69,1.9513,70,4,3,2,64,12,10063.296,261,156.1176,201
4716,55b166012ec9c37641b572725e701f75cc1971bf,0,0,0,2010-10-31 14:37:15,66,81,0.6569,147,3,1,1,27,11,86384.0,241,168.1883,161
4725,08af7aca1c08b1cee8ded5d1ef6bca7153eb4797,0,0,0,2010-10-31 14:38:04,42,139,5.6616,181,2,1,1,100,15,86384.0,316,158.5915,114
4729,91a4751f716c90651b3121d88186b89b2d3509b5,0,0,0,2010-11-01 03:49:56,38,89,0.367,127,1,2,2,221,85,16882.0312,2845,1011.6558,49477
4732,4909415a3ea35bf7807a66afbb137a6853b02c76,0,1,0,2010-11-02 06:14:54,15,178,1.9886,193,6,4,2,393,85,33984.6435,1,1013.7604,50753
4728,976ac6a1c6f5b82e6b13cedf7776f5a5feb931c6,0,0,0,2010-11-02 16:41:54,50,9293,0.0485,9343,3,36,13,311,32,2903.4595,1,1014.1555,45690
4735,c075f12e13356638d9fbfcb256cba664170bf1bc,0,0,0,2010-11-03 02:28:35,4496,53,5.6616,4549,85,36,1,21,5,38198.3968,1,1007.2278,46445
4721,733a971c091834e17eada49463021c0e42308b9b,0,0,0,2010-11-03 02:32:55,39,52,5.6616,91,2,36,13,3067,11,38310.2283,2847,994.999,46591
4734,8720e2e3322b4b6a04ecbf3f1a99746ca557b9bb,0,1,1,2010-11-03 16:40:39,121,169,0.6845,290,4,2,3,355,83,55333.9158,1,1017.1534,57167
4749,133e8d5ec50592fe2361e5af1dc287692e668e97,0,1,0,2010-11-03 18:48:18,112,9293,1.8363,9405,4,4,2,335,84,32589.6696,1,1008.8384,50489
4723,c8bdd5414f986e9278a1f5fd9d14442fe8d95ec5,0,0,0,2010-11-04 21:42:21,4496,47,5.6616,4543,2,36,13,85,22,27073.8593,2842,994.7359,46474
4731,9d7568282babd4811c9433ef066d8cea15fe3452,0,1,0,2010-11-05 02:25:23,4496,9293,0.6711,13789,1,2,2,241,31,47737.3801,1,1007.818,53939
4739,5c51569c6924e25912f57618480c109e252638d4,0,0,0,2010-11-06 15:34:47,27,43,0.0126,70,1,36,13,71,16,82842.7057,2854,996.5154,46483
4743,8fde113b665521a7f9af466ebcbb953a4bfbb105,0,1,0,2010-11-08 03:21:49,30,45,1.4308,75,4,3,2,202,33,37185.6204,2848,1003.9453,47338
4742,8499625733b45ade79e7ceaddae47796613acdb4,0,1,0,2010-11-08 20:13:06,4496,9293,0.9753,13789,2,2,2,321,84,10408.7526,1,1003.8467,49762
4741,7a98d7bd2c6ee8df54efa2c9deca29209e06bc69,0,1,0,2010-11-08 20:27:44,4496,9293,0.8815,13789,2,1,13,74,21,6832.7033,1,1005.9792,45927
4737,5915c1e89785000e2fdfa64eff168e2f675ff0ae,0,0,0,2010-11-09 17:00:35,4496,75,0.0356,4571,1,1,1,120,7,48541.4717,2839,1006.6995,46835
4745,a7d9ef1972dfb0ec9ba8dbce19a1ca83ff263825,0,0,0,2010-11-09 17:39:39,17,9293,5.6616,9310,1,1,13,137,8,2685.1143,2849,994.5136,46403
4746,fc61e9399dd3f13eceb945063a076e3397bab368,0,0,0,2010-11-09 19:50:32,19,31,0.038,50,85,36,1,167,7,7291.9798,1,995.2666,46644
4724,c720ea584b90dc8bcd5686ab9c2e8e33fdca0661,0,0,0,2010-11-09 23:36:49,61,110,0.7973,171,3,1,13,299,29,74650.7009,647,37.3287,2083
4744,b186a5cd486044249cdc2cdeff5a395cdf077985,0,0,0,2010-11-10 14:06:56,31,9293,0.0318,9324,85,36,13,42,8,44440.1105,1,1005.5398,45939
4748,b5538dc4d41d6cf2d377d814c15c40bcccdb4809,0,0,0,2010-11-10 14:22:35,23,31,0.0144,54,85,36,1,160,8,66435.0097,1,994.8181,45986
4751,940141e34330297c397958ef104d36c43500caef,0,0,0,2010-11-10 17:14:49,63,9293,0.0512,9356,2,36,1,181,7,11424.7708,211,171.5903,416
4738,c6ee15ec486e71db528f00c6f649fd668f6bba13,0,1,1,2010-11-10 21:08:01,78,9293,0.8343,9371,3,2,13,38,10,50497.6021,2815,983.1548,1354
4761,d97f3f19397339ef056929fc0224c4efd6940578,0,1,0,2010-11-11 03:07:12,211,143,1.3977,354,4,3,3,256,86,29370.5212,2815,1016.518,58973
4759,018310e2708f19260ad1f31ff9e9da2b3bd85b23,0,1,0,2010-11-11 14:21:16,45,9293,1.1477,9338,4,2,2,98,16,39823.1116,2845,1010.6321,54611
4747,110280aedaff8d817a302c4c985d0b955c93167c,0,1,0,2010-11-11 18:27:18,37,9293,0.2789,9330,2,1,13,74,16,14365.1481,2853,1008.1884,46418
4754,e74a7af5ab1e1a53a3db42dd188d1e3b2fb6eecc,0,0,0,2010-11-11 18:30:00,15,29,0.0135,44,1,1,13,16,6,14665.2989,2850,996.6378,46401
4756,29f7f0623e0f9192ce140ff4b812542a1a3195f7,0,0,0,2010-11-12 02:25:24,4496,19,5.6616,4515,85,1,1,3067,7,10114.3945,2854,1005.2126,46100
4733,84d91c65e42bca3f8870e87a46451f53e6d4cbc3,0,0,0,2010-11-12 13:26:46,4496,46,5.6616,4542,1,1,1,241,36,58427.6292,1,994.8563,45806
4753,a7de735e6da742d0841d6edd7c66d89f43ab632a,0,0,0,2010-11-12 19:32:48,123,144,0.2392,267,85,2,2,49,11,86384.0,324,140.1157,63673
4757,81ffee3e99af039400d5079213a54202a9be4f4c,0,1,0,2010-11-12 19:32:54,145,9293,1.2699,9438,3,2,2,24,11,4043.1872,269,146.027,1026
4765,4bef73bf4b976b76a07c292c176d86bb75b2677c,0,0,0,2010-11-13 05:00:16,4496,9293,0.0212,13789,85,1,13,72,16,37633.3367,2852,996.5029,46459
4752,111a80cb1053ef44c866b67e2c588ed7daae6f78,0,0,0,2010-11-13 05:02:51,4,6,5.6616,10,85,1,1,83,16,179.8428,2860,1001.0787,46256
4760,6e9a2e98294e49397796f70ee4d07978c7cbed78,0,0,0,2010-11-13 05:05:07,4496,43,0.0459,4539,85,36,13,76,14,47785.7229,1,994.2736,46761
4766,37ade53595c46e2a6cee3d40b7e00e6462ed38b9,0,1,0,2010-11-14 09:05:50,0,9293,0.0112,9293,85,36,1,73,16,14292.1581,1,1003.9276,46498
4776,a0fabc5d2b1451cd35bf151df28c6cedff494f46,0,1,0,2010-11-14 16:55:59,339,101,2.2661,440,7,3,3,306,86,49643.9153,1,1015.139,49457
4764,ae7ddced332068f7920c355ed1b61bd050f402c7,0,0,0,2010-11-14 18:46:24,4496,9293,5.6616,13789,85,36,1,42,6,85968.2381,1,997.7569,46459
4767,f6c107bac6bd09baf20ebeff0903c2a6ed2a6e76,0,0,0,2010-11-14 18:46:48,4496,9293,5.6616,13789,1,1,13,18,17,3.0,1,996.0268,46012
4778,0b591df6fa170720ef6c5c096db39abf09a7f3f0,0,1,1,2010-11-15 14:53:34,28,9293,0.9692,9321,1,2,2,222,85,72129.3728,1,993.2026,49621
4768,f1c716f015c3f030db3cd86a426816adb261680a,0,0,0,2010-11-15 18:37:32,4496,43,0.8852,4539,3,2,13,214,36,48627.8228,2851,1007.4199,46559
4771,9b5c44caf3046c72808d053d2e7045d0f775be79,0,1,0,2010-11-16 15:37:21,105,9293,2.989,9398,6,7,2,19,15,59407.8236,1,978.9561,55053
4773,0d78b5c6261171833a4b181823f60876ae6ac883,0,1,0,2010-11-17 00:01:43,156,9293,1.4126,9449,3,2,13,276,42,16575.6622,1,1021.1239,46845
4774,0b74986a3f9b29ab698a3961c440601b5adf6845,0,1,0,2010-11-17 16:57:28,111,314,1.9349,425,4,3,3,177,31,50574.3019,303,136.6223,305
4769,b98e03a0bce35f83a043c41a8e8b97e0a7c2bc9c,0,0,0,2010-11-17 16:57:35,173,106,2.1325,279,6,2,2,5,11,11253.0546,273,156.0813,373
4784,4e7bcd0d3b8aeaadb470b6f56aac2b8eacab7702,0,1,1,2010-11-17 23:08:10,4496,9293,0.4757,13789,2,2,2,499,86,57011.3116,1,1009.7073,49626
4763,66d2bd02548a9a70b9d873501715da1dfb4d3d63,0,1,0,2010-11-18 17:34:08,77,94,1.2365,171,3,2,13,142,32,72485.6975,204,190.2785,661
4775,138d28cd6de07103718afb586749fe922f217650,0,1,0,2010-11-19 15:14:06,4496,9293,5.6616,13789,85,36,13,219,37,73955.1664,2853,997.6972,46020
4788,b0fd9e83b73a88f144f3a9bbe27e06c041e38d1f,0,0,0,2010-11-19 15:28:07,63,9293,0.8316,9356,4,2,2,344,31,26978.0475,265,190.7187,742
4779,5ea3dc3f61010ccf8591bc52460a7ba419978eaa,0,1,0,2010-11-19 15:28:18,153,282,1.5836,435,7,6,2,349,41,1677.9963,270,206.6805,2630
4780,3c58e6848ba94b054b7e157f0c9b726d974208f3,0,0,0,2010-11-19 15:28:51,15,195,0.1898,210,3,36,13,365,29,86384.0,259,189.5408,1876
4786,78bfb1ea24927b0daf2c2ab925c123640df3ad2a,0,0,0,2010-11-19 15:29:01,4496,9293,1.2512,13789,2,3,1,326,36,13493.4749,204,193.3426,1752
4802,53b49b1180dd2299b76709b4e7cf2ac184d2190e,0,1,1,2010-11-19 16:26:16,4496,9293,1.4439,13789,4,5,3,411,91,58616.7125,196,157.1208,960
4782,7e6ff7fef22b60e38bac659b1129e6b695b371cd,0,0,0,2010-11-19 16:39:50,4496,9293,0.0398,13789,2,36,1,0,10,85903.7416,241,185.5356,1029
4790,9a9df3007ecf6f393ec9de61c53ba2139674817e,0,0,0,2010-11-19 17:05:08,30,59,0.0213,89,85,36,1,67,6,80604.7224,1,993.5665,46008
4799,2bb1021b295c8116db2c0fb3ca7816f282043710,0,1,0,2010-11-19 19:10:48,12,9293,2.1639,9305,7,3,2,478,86,20698.488,2847,1006.7325,50446
4791,bd841173edfc3b7aa8ef953c1627199ebccd350b,0,0,0,2010-11-19 21:14:19,92,174,0.2148,266,3,2,2,107,31,4451.778,2831,1012.6094,46114
4795,2564647db8e97a701072ccedf16218e499a9aa44,0,1,0,2010-11-19 22:23:06,212,127,3.0389,339,8,3,13,217,47,47521.7528,650,10.9314,888
4789,19879f0cbfb6f8f48fceecdfd3a1b080cde553a2,0,1,0,2010-11-19 22:46:51,23,36,5.6616,59,1,1,1,98,16,12623.0236,2854,994.4092,46470
4794,ec9f3d9c80f5d4ed7dc13a6deb2e63d6119ae6ed,0,1,0,2010-11-19 22:58:09,21,33,0.0293,54,85,1,1,18,4,25300.1191,2849,1004.3527,46048
4801,440f0399b565aaa0450d62e0c45329ecdc545be4,0,0,1,2010-11-20 01:23:37,4496,9293,0.0134,13789,1,1,13,266,30,22775.3178,1,1005.2583,45974
4797,c5781b849d4fb0b503e838a0a37954f281cc0fab,0,0,0,2010-11-23 02:56:48,4496,21,0.0151,4517,85,36,1,3067,3,40137.0502,2855,1004.1556,46355
4811,2d51d59a93c389ab35e80449b2608aa71c348207,0,1,1,2010-11-23 16:28:20,19,9293,0.462,9312,2,3,3,348,85,39154.6622,263,168.722,1986
4793,b37328a090e21857fb163533b85b9a1dcbb556e8,0,1,1,2010-11-23 17:11:57,35,9293,1.6679,9328,3,3,3,428,84,31424.8686,2836,1010.8732,50250
4810,ac4d0161471bc5bd6971226a30074f3e8ef4879c,0,1,1,2010-11-23 19:27:44,4496,9293,2.9988,13789,12,9,3,497,92,56308.4485,1,978.7517,56436
4798,3940d8eed167c1bf6e3a7514ffa5c3b1de83f449,0,1,0,2010-11-25 18:26:25,4496,9293,0.9569,13789,3,2,2,324,86,76184.7514,2837,989.5916,50505
4803,8a47cff66bcb51fe733818ecaaa30eadbb98e3cb,0,0,0,2010-11-27 02:22:22,2,50,1.449,52,3,2,2,33,10,34826.6315,309,138.9266,974
4785,549945b26a8bd089f7a2de180cdf83633c489929,0,1,0,2010-11-27 19:25:36,16,129,1.529,145,7,4,2,469,84,41840.7052,2842,987.7926,50686
4819,6d368bb87de51c5931184286db9a85f764089efd,0,1,1,2010-11-29 16:50:03,4496,160,1.6208,4656,4,4,2,298,84,59788.9603,1,1010.1905,50922
4783,a44a150e9cd322aaffda68628ea3ff608519b12c,0,1,1,2010-11-29 19:36:08,132,9293,2.0568,9425,7,3,3,260,86,32839.4886,2831,1019.535,58969
4816,0c5abc427c6b9987475f2403a0a67e51d675572f,0,1,0,2010-11-30 14:26:07,54,9293,1.5262,9347,5,2,13,324,31,51467.312,2837,987.6844,46929
4804,6f1a1a798f8750bcef0c58778b864098894dc7ac,0,0,0,2010-11-30 14:28:56,2,24,5.6616,26,85,1,13,3067,11,422.2761,2857,997.2532,46314
4814,e3c78f80a2c977bcac4c48333cee01865a13f431,0,0,0,2010-11-30 15:25:29,53,100,0.036,153,2,1,1,249,31,2647.2005,2839,1008.6673,45726
4818,9f34a147ac8ea4678696094c1591570ea048b6aa,0,0,0,2010-12-01 14:45:51,22,9293,5.6616,9315,85,36,1,21,14,41567.8199,1,990.8925,45850
4800,4e90bc9ea0883d620aaf3555e8b2bd5d505264e1,0,0,0,2010-12-01 14:47:30,4496,9293,5.6616,13789,1,36,1,62,13,850.5811,2854,1002.5604,46092
4812,a9e3fa1c54580a01132bed0c2401ced7706a9e7e,0,0,0,2010-12-01 18:01:51,24,59,5.6616,83,85,36,13,19,6,80864.8111,1,1007.9926,7805
4817,2e0ff83749545622dbdfe416d812de2a41f64b8f,0,0,0,2010-12-01 22:44:50,19,18,5.6616,37,85,1,1,3067,13,3344.5454,1,1003.6158,46039
4829,8fbf2e78f7fc2ba5ec8343101ccb586af43124c9,0,1,0,2010-12-02 01:17:09,119,9293,1.881,9412,3,4,4,384,82,26279.8764,2791,980.7599,57581
4822,56770fc8070f15188e80e85978e235d75dc9f39f,0,1,1,2010-12-03 14:23:44,4496,9293,0.9547,13789,1,2,2,72,16,76217.448,1,1010.1994,54792
4836,5856ee9e6e7732922bc2c331f4cdf7ee741bd661,0,1,1,2010-12-03 14:25:24,4496,159,0.5379,4655,4,3,3,354,83,14609.1028,1,986.7378,57488
4813,4ea000beb0561ad8dbd01cd44ac318ab5e6961a9,0,0,0,2010-12-03 15:36:45,41,52,0.0169,93,85,36,13,75,20,72249.461,2844,1007.0713,45872
4823,bf22c526c60d3f4bb2b23216af78dc178b4ac02e,0,0,0,2010-12-03 15:41:25,15,31,5.6616,46,85,36,1,95,20,433.0213,2857,996.8042,46032
4835,2c6f56ddcb1248b14a27c6a1462de25c29177acf,0,1,0,2010-12-03 18:52:06,197,9293,2.4513,9490,11,7,3,550,82,35674.7712,1,1028.1919,56424
4834,0b5d59ee5169e8f4e40c7b3c8c11f6f9e41ee4a4,0,1,1,2010-12-03 19:24:15,24,9293,2.9603,9317,9,4,2,480,85,16787.6847,1,1017.4046,48917
4826,91eea35343c1a6347f8ae98739ce2f6deff83ed9,0,1,1,2010-12-03 20:57:03,56,9293,0.9906,9349,85,3,2,276,84,12726.1899,663,59.2017,2363
4827,5362293ed2b1075a243185691ecb0d4c7fdbc876,0,0,0,2010-12-03 20:57:03,4496,9293,0.056,13789,85,1,1,34,14,21549.6575,586,34.9723,2266
4830,9cb32b628881f88df5dbfbf8b2001cca4523cd70,0,0,0,2010-12-06 23:24:17,8,2,0.0,10,1,1,1,9,4,79628.0,613,46.0,87
4796,306a2332fbac2e8a46ab277faa8e74b74acc88c7,0,1,0,2010-12-06 23:24:17,8,2,0.0,10,1,1,1,9,4,79628.0,613,46.0,87
4828,0aa85e9398065fd604012303fbc194055d0065f4,0,0,0,2010-12-06 23:34:05,31,9293,5.6616,9324,2,1,13,35,5,8148.1784,630,55.4352,650
4820,7c384e254f200172a872a2d5d95855f3944b733c,0,0,0,2010-12-06 23:34:05,4496,49,0.0253,4545,85,36,13,40,5,9276.9723,625,55.3055,503
4809,2fefb714b51787f8a238ccd759e48c692b6e2f51,0,0,0,2010-12-07 21:06:53,62,9293,0.9013,9355,1,36,1,38,33,18431.568,629,39.6367,1176
4837,3a63f3e2e00abd7d9c5adcdb185208a96c35a800,0,0,0,2010-12-07 21:06:53,58,9293,1.006,9351,1,36,1,98,33,18403.6819,585,38.8733,2246
4831,371801b7e047e5aecffa808495c0579b85ca7480,0,1,0,2010-12-08 00:55:29,17,96,5.6616,113,85,36,1,30,6,5147.3079,1,1004.1739,363
4838,55d8d53876486344ac425428e42ee570cc86bf4e,0,0,0,2010-12-08 01:41:46,4496,26,0.0088,4522,85,1,1,4,6,31757.063,2858,1003.4552,46348
4805,d32fd5567a164d850e9490347b71624a1a17aadf,0,1,0,2010-12-09 16:57:42,48,9293,5.6616,9341,85,1,13,218,38,77902.7553,632,39.7201,2130
4846,0ff4d09d6452911eadf4edf620e957434925f13d,0,1,0,2010-12-09 20:21:11,151,398,0.8475,549,4,4,1,546,51,86384.0,2800,969.7283,47670
4845,8e23331f76609a987eee5306cde28986031e0e05,0,0,0,2010-12-09 20:23:30,46,50,0.4993,96,3,2,2,419,84,17410.4716,1,1005.0814,50332
4850,1a37ebf553f39387971fe1f2df2c9da31a21a01d,0,1,1,2010-12-09 23:17:16,4496,9293,5.6616,13789,85,36,1,237,37,10675.2039,2858,1001.7313,46348
4861,1ae56a66e4a5b5272783edaeefa33d193c7647dc,0,1,0,2010-12-10 16:29:37,4496,111,1.1217,4607,6,3,3,361,85,43076.8752,1,986.0612,59031
4851,6aa5925733429ae64505b68352a28a91b9b77d7d,0,0,1,2010-12-10 16:37:01,4496,81,0.8154,4577,2,2,2,312,85,1207.9608,2842,992.9794,49386
4848,115d63cfb466729672e91793da663749f53374a2,0,1,0,2010-12-11 00:06:24,1,0,0.0,1,1,1,1,283,30,13513.0,613,46.0,1682
4852,8124bdccab47bb10d86ce845ce71da7ec9f9ba73,0,0,1,2010-12-11 00:06:24,1,0,0.0,1,1,1,1,283,30,13513.0,613,46.0,1682
4841,c48abe4c1fbebe1052a53840fee98be91316f3f2,0,0,0,2010-12-11 06:26:45,4496,74,1.2758,4570,4,3,2,44,15,48332.1714,1,988.6839,54584
4847,789f625bf32454f133601560ebc86b6aecec1936,0,0,0,2010-12-11 06:28:33,29,84,0.0446,113,2,1,1,35,6,52408.1805,2840,1007.4008,7707
4853,f1783319fb21d334f285568427f5b478793edf49,0,0,0,2010-12-11 06:51:11,42,111,5.6616,153,2,1,13,49,7,232.7521,2841,992.801,8889
4821,d208e0359c75cfe033acda885720fcf83f06e620,0,1,1,2010-12-12 03:22:33,4496,9293,5.6616,13789,85,36,13,7,6,8534.8579,1,1003.7632,763
4842,6e682c0e793e576431f3222631dc661fe8b916f2,0,0,0,2010-12-13 19:43:08,34,103,0.0407,137,85,1,13,3067,5,45418.3159,247,138.8163,63673
4849,a421e2501b5f42d89dbe2335114664026c3b81c3,0,0,0,2010-12-13 19:43:12,51,88,5.6616,139,85,36,1,3067,7,86384.0,258,162.3414,63673
4857,b4e5898403ef193cd613f1ff90fc4633b8b68c89,0,0,0,2010-12-13 22:45:25,15,9293,0.0315,9308,1,36,13,69,7,19943.981,1,1005.6984,45896
4832,91133a474934aa9871873368eb9c791cdc011b9a,0,1,0,2010-12-14 17:49:41,4496,94,2.4682,4590,5,6,1,196,24,41142.39,1,983.4938,46676
4854,e4e375b3cb51b757dfdf94e565be1058a0cdc48b,0,0,0,2010-12-14 17:51:47,21,9293,0.0136,9314,1,1,1,12,12,76949.5519,1,997.6476,46044
4856,5be0a1da6bf2e463b14403dd7d1ceff3498819c3,0,0,0,2010-12-14 22:43:48,4496,75,5.6616,4571,3,2,1,50,13,49716.6087,638,36.2821,1126
4839,c9e6991b2d46b9c224a56f06355c88fb5d996997,0,0,0,2010-12-15 15:16:46,132,9293,0.0464,9425,2,36,13,64,15,45809.3618,212,196.4302,63673
4859,49d8b3f49a444261e03b60bf4c8f260808d00fab,0,1,0,2010-12-15 15:22:27,159,9293,0.7871,9452,3,4,3,335,84,22165.668,204,172.1905,1056
4862,e231f71f0fd542e4d7399f655a96fca97369fae8,0,0,0,2010-12-16 22:26:35,4496,29,1.0225,4525,2,2,13,304,30,45383.9121,2852,997.1461,46403
4858,19dd60b093c1ff94de1fc3c5342aa6199ac51dfe,0,0,0,2010-12-17 14:39:35,4496,69,0.0138,4565,1,1,1,14,10,68821.7925,2854,1003.1914,46083
4863,91048502a6f8daa3fd857ecfec70ceae35ab708d,0,0,0,2010-12-17 14:42:53,17,9293,0.0287,9310,1,36,1,28,5,71367.4989,2850,996.6913,45948
4864,fb2ce875415d5258fa92b835c91c3688c95e070d,0,0,0,2010-12-17 15:12:54,17,21,5.6616,38,1,1,13,12,10,2291.8148,2855,1003.1447,46407
4867,33add1f65b654be24b8a373eaa7b7247a0120de1,0,0,0,2010-12-17 15:14:10,0,44,5.6616,44,1,36,13,13,10,86384.0,1,1005.5116,46396
4870,033d51a590ac383d4b0b05faeeb51b24f3980ca7,0,0,1,2010-12-19 03:33:19,8,24,0.343,32,2,2,2,329,85,38874.1216,1,996.7946,50141
4872,24246c222d8eedf40b245016b538f0f794a048f5,0,0,0,2010-12-20 04:24:53,4496,53,0.285,4549,2,2,2,316,83,25697.1775,2846,995.9888,49690
4877,1664307756df90a4125a5fa8b18b11cc994c8c36,0,1,0,2010-12-20 04:45:16,7,83,1.43,90,5,3,2,373,84,23546.658,2836,988.0213,50359
4860,b5cc27121bb5203fab1f550a336b62fc62d1a45e,0,0,0,2010-12-20 04:56:09,19,9293,5.6616,9312,1,1,13,12,2,48168.0919,2847,1008.8504,7812
4871,6c2cef0ae0954a0b8d8063254a9c5b08955ab925,0,0,0,2010-12-20 13:40:10,19,25,0.0107,44,1,1,13,3067,7,71603.349,2852,998.1132,46404
4868,a3384f39273ed53a693ba72f13da3042d4811d05,0,1,0,2010-12-21 21:44:22,4496,9293,1.8672,13789,3,1,2,143,23,5405.0223,2815,991.0208,53452
4876,e9b1acc5f40adca7de1a97763f1f9816635fabe6,0,1,0,2010-12-21 22:14:02,99,9293,1.711,9392,3,4,2,139,26,19902.3421,245,173.5849,1018
4865,9d291b0d12f348c1b315f74cd6971f6b4e5f1e27,0,0,0,2010-12-22 17:31:58,36,9293,5.6616,9329,2,1,13,16,9,73862.4348,2849,997.6413,45969
4874,213b4291afb53143263633b9cc62af758a982239,0,1,0,2010-12-22 20:27:43,4496,9293,2.9047,13789,10,10,13,322,43,50871.9191,2807,1025.8748,44153
4875,b17aefbcf56b60d1994b90fe7fba45c79ce2732e,0,1,0,2010-12-22 23:53:40,4496,151,1.7938,4647,4,4,4,327,86,17218.5287,2812,1020.1151,50110
4885,a8b89fba35ef51f0b7e649fc4c8f59ece7865b05,0,1,0,2010-12-23 01:06:49,84,71,1.1972,155,4,4,2,410,85,26898.5507,1,1006.6603,50260
4873,f0709a4956392d307219f545dba08c641e99f462,0,0,0,2010-12-23 17:27:08,25,52,0.6931,77,2,2,2,310,84,61882.0667,2846,993.6054,49691
4882,0ed735570d80c42f4f279c54d652d9b1a2833e3d,0,1,1,2010-12-23 18:57:13,74,148,1.2809,222,2,3,3,305,85,9089.5528,2834,979.7164,59036
4894,6cb811b454779ae34df509b09abb69134795a4cf,0,1,0,2010-12-24 17:58:22,2158,859,2.4765,3017,32,12,5,620,91,33307.6696,2692,913.5694,57556
4879,c08a71d53100e7b25f52bd179c5f8685ceeec017,0,0,0,2010-12-27 17:24:28,12,9293,5.6616,9305,1,36,13,64,18,1862.9373,2855,1003.7034,46378
4886,88f47b80c53a4d4587130ecc4e5fb6e94eca2659,0,1,1,2010-12-27 22:13:53,4496,9293,0.2807,13789,1,2,2,313,84,47376.9744,254,173.4149,1830
4883,5b9abe18549f97f77d7f0b82af7c68546e3f696c,0,1,0,2010-12-27 23:17:05,2,32,5.6616,34,1,1,13,4,8,30959.2605,1,998.075,46074
4880,14d0647748618e44128c796ade3829f2f877d1ce,0,1,0,2010-12-28 03:17:24,70,135,1.9257,205,9,3,2,365,85,22754.381,1,1005.9265,49478
4896,5995b48e8263902607fc618c429e2b4ec2be00bf,0,1,0,2010-12-28 03:24:41,170,100,2.1047,270,8,3,2,600,86,21876.7691,2837,985.6214,49121
4889,d4251422d9ae5a3fa9f896c6083f1796b323fc50,0,0,0,2010-12-28 19:08:04,4496,9293,5.6616,13789,85,1,13,5,3,76458.0375,2849,1009.7569,45869
4898,47f4c02caa74d2210194c679043aa350e5349f7e,0,0,0,2010-12-28 19:13:32,4496,9293,0.9472,13789,4,2,2,335,83,28856.2599,1,993.606,49514
4878,db05807b0457bba7cf86c7dd98d36e2bc1ae9d93,0,0,0,2010-12-28 19:59:25,4496,42,5.6616,4538,85,1,13,30,2,2664.3092,1,1005.7398,45930
4887,c57e7c9e87f8d6b2ddb0f6e44822e550d325720f,0,0,0,2010-12-28 21:23:50,4496,9293,5.6616,13789,85,1,13,5,3,4591.4009,2848,1006.6286,46469
4893,671de68026394162108c05b74f5595c1c8bd23c7,0,0,0,2010-12-28 21:55:37,60,72,0.4426,132,2,2,1,97,19,51285.5325,625,53.4594,1950
4899,4f9dbf5b08e8b72010774b209b525fecfea5688b,0,0,0,2010-12-28 22:08:21,20,9293,0.0173,9313,1,1,13,3067,6,11413.7677,1,1003.5356,45928
4890,fd104360058df4272b93cd318c7c7ac44a422b96,0,0,0,2010-12-28 23:55:32,4496,9293,1.0939,13789,3,2,2,452,85,46662.9863,655,63.6047,1084
4891,414d2e4fec08a9f32b6a55b11907c21f8ae68075,0,0,0,2010-12-29 14:37:09,163,9293,0.0653,9456,85,1,1,27,94,51600.5196,261,196.0859,63673
4905,9b3fbc816c254e3da4f39b45a3e061d31f6926d9,0,1,0,2010-12-29 17:45:29,4496,9293,1.256,13789,4,2,2,575,84,38947.8443,1,988.9627,49404
4901,1d8ba59c9be863b4a06c15cb329e27244c7506da,0,1,1,2010-12-29 19:38:00,4496,9293,1.0286,13789,2,3,1,30,5,73820.8329,637,60.1785,63673
4855,d5c257edd96d12e04ba60ab32954a38354bee2c3,0,1,0,2010-12-30 13:55:14,78,9293,1.5503,9371,3,4,2,541,84,64779.7106,206,170.2544,2129
4906,ebdc7cd9a46c652ccfd78ee47cc637d9a41fae98,0,1,0,2010-12-30 16:18:33,219,9293,1.217,9512,6,5,3,498,87,59597.2966,2807,1023.7282,59058
4904,a2e21dc731bdb2d73965f60911c14339a534252b,0,0,0,2010-12-30 16:31:08,4496,9293,5.6616,13789,85,36,13,67,6,645.0805,2857,1002.8185,46357
4900,8110c63b16563e930504afaad800fb7b84b69410,0,1,0,2010-12-30 16:33:17,243,9293,1.3761,9536,4,5,3,486,86,86384.0,2820,1012.418,59110
4903,e5f87d1d91340db050a9a4efa954a82ee371aafa,0,1,1,2010-12-30 18:20:37,24,9293,0.8562,9317,2,3,2,28,12,32544.4006,593,27.98,2735
4915,37ec7d326d0a5125b197291234a462eda31a5883,0,1,0,2010-12-31 16:52:56,214,383,3.6529,597,32,11,3,395,47,55343.37,1,971.2311,57118
4907,910b09f6556ece6caa9f27a7d09281ea4a2b6e89,0,0,0,2010-12-31 17:24:51,4496,9293,0.0721,13789,85,1,1,3067,3,9025.1327,251,139.8672,63673
4917,c1f3c9e9aca69193099092175ba3f4d0bb763e3f,0,1,0,2011-01-03 19:50:23,29,9293,0.9414,9322,5,2,2,282,85,56777.4588,2844,1259.9442,50384
4911,bde3781da53adef3929e08e3e51228b0faf0f1bb,0,1,0,2011-01-03 22:22:13,106,9293,1.9341,9399,6,3,2,483,89,15235.2215,582,141.8425,2548
4913,d718dddd6ea1eb4584c4b17151cfdcb11da9236e,0,1,1,2011-01-04 21:34:11,50,52,5.6616,102,1,36,1,113,22,16638.208,1,1263.8647,46357
4910,e5477338458c3a0229d4fbe659231002ac154583,0,1,0,2011-01-05 06:58:16,243,493,1.6414,736,5,3,2,485,47,41676.1775,2818,1247.388,47227
4916,dcb61125e665c7a955ba293fbda11f3fad472ef0,0,1,0,2011-01-05 07:00:33,4496,9293,1.2506,13789,4,3,2,101,26,24393.6453,1,1253.8512,53633
4921,9694494e7f3dc184edb2d3d583ed48c6f0d7a711,0,1,0,2011-01-05 20:16:14,981,417,2.6648,1398,15,4,4,405,90,62096.5552,707,203.2341,63673
4918,336921d0a1d0489e820e51be12742e61ffeb7731,0,0,0,2011-01-06 22:57:18,4496,9293,0.9932,13789,2,2,2,435,84,13454.9084,1,1.0,49867
4933,8d28548efb8c3afc496e98a400c3a4418119e168,0,1,0,2011-01-11 14:09:36,4496,9293,1.6138,13789,3,3,3,339,83,69580.5423,1,1.0,58592
4926,9ef94ebc6d8da1afff6d1a6d6c154999c45ead4b,0,1,0,2011-01-11 14:18:33,140,258,1.4624,398,4,5,2,48,21,60705.7022,2805,1.0,55243
4927,f5236e4aee02b68e26092bc7926001319f127d4a,0,1,0,2011-01-11 16:45:26,121,57,0.5543,178,4,3,2,347,85,59484.5001,2851,1262.5971,49761
4897,a043125eb54193512c86086fcd90fbe798bc0367,0,1,1,2011-01-11 23:36:37,4496,262,1.8168,4758,11,5,2,366,41,44255.6581,2801,1239.3826,55093
4934,e134e51ba6d2cf8024d6b60c9328cead202a3f90,0,0,0,2011-01-12 01:01:04,18,46,0.0163,64,2,2,13,84,21,4671.2886,2851,1263.4573,46592
4935,f6f5e0e7c0b7667055adaff5242b71f2b77c90a7,0,1,0,2011-01-12 18:07:53,69,9293,1.5664,9362,9,2,1,44,14,48491.3888,652,143.2166,2573
4930,eb39ab7b4e0c566f5cfb72e13a28ab7948df04b7,0,0,1,2011-01-13 19:41:57,32,89,5.6616,121,2,1,1,67,18,10502.4462,70,27.9568,63673
4936,8dffb10d6c4730e94e9746162f9cd861ac6413e0,0,0,0,2011-01-13 22:13:45,65,78,0.8764,143,2,3,2,181,34,32275.8707,576,151.7521,1085
4924,33a66405831af0ca2a5ad0e3a244c6f246902479,0,1,0,2011-01-13 23:09:10,395,45,0.9512,440,6,3,2,21,13,26208.567,647,171.8422,1569
4939,936b46427a0623a540f0ab20f14aa46e4efb4d19,0,0,0,2011-01-13 23:23:14,4496,9293,1.4125,13789,4,3,2,172,32,3614.5558,2848,1261.453,46696
4925,71f002849b2b1c029614c25b6346085c4f68f183,0,1,0,2011-01-13 23:38:55,59,85,0.7708,144,3,4,3,435,84,6170.9877,1,1254.412,51445
4919,27042c2289b690765f3b0e1fa7f95e72ee37f24a,0,1,0,2011-01-15 19:55:21,4496,9293,1.477,13789,4,3,2,506,86,34378.3106,1,1.0,49311
4928,d4ab52d4346cfe41d86249b1c4a68ca17c1a42b2,0,0,0,2011-01-16 04:03:59,4496,9293,0.7831,13789,1,2,1,3067,5,11970.6208,259,157.3869,63673
4940,e4d9524efcb4d3e2c0f336a151c86e169975a338,0,0,0,2011-01-16 04:06:00,85,1996,5.6616,2081,2,36,1,220,27,77829.1951,219,181.8955,63673
4938,9696928064ee2797b9f850521e5d1e07d4e1b08d,0,0,0,2011-01-16 04:06:08,4496,9293,1.7297,13789,6,3,2,26,25,24680.1818,300,172.0291,996
4946,ef9c9f3f3ccb4c5bbf007680be3756ae43659b83,0,1,1,2011-01-16 22:54:09,4496,9293,1.083,13789,4,3,2,363,87,36457.0781,2778,1240.5951,5701
4943,2a3a497fd8b12160faf81edce1d7e2cbac953b95,0,0,0,2011-01-17 01:36:48,4496,88,0.7745,4584,1,2,13,93,16,53671.4509,2826,1257.9636,45710
4945,5db8757602842f2a73bdfe28774f43f593625025,0,1,1,2011-01-17 16:00:00,100,127,0.9604,227,1,2,2,51,11,79527.1546,1,1251.8867,54894
4942,43d330ddd8facd692502315c3dfe641e788f2733,0,1,0,2011-01-17 20:22:09,271,9293,4.34,9564,31,11,3,453,33,36886.8138,2711,1226.7868,51757
4961,13cf4f4d9fc628f6cedb6b6c348376189619e391,0,1,1,2011-01-18 02:56:18,20,27,0.987,47,2,2,2,423,84,18731.9533,2854,1.0,50200
4949,b2024a1a4a86e30b72fd3f358007b91f3802d4ea,0,1,0,2011-01-18 16:07:32,739,520,2.1117,1259,14,6,3,643,88,61496.6742,1,1.0,50736
4922,a4294410b84af2576af928501e983f5b9fa7f6fb,0,0,0,2011-01-18 16:33:43,19,39,0.0109,58,85,36,1,11,10,83007.9909,1,1.0,46069
4957,66918126ea49ba2221fb3c1c26239e3c42ad5d44,0,0,0,2011-01-18 21:34:04,4496,161,5.6616,4657,3,2,2,175,30,13302.205,582,179.009,2557
4947,ea678af514ebf9e9255811e550fd6df516c44b57,0,0,0,2011-01-18 21:45:22,18,9293,5.6616,9311,1,36,13,78,6,17695.4804,2856,1262.8594,46050
4952,fe57cc5e37a1af282d9a0e97ea14876507bca170,0,1,0,2011-01-19 16:37:21,4496,407,2.2847,4903,21,6,2,334,36,47475.4633,1,1.0,52983
4959,e4c38689a75639c3f81c6eb1ee1bbcbef3dffb2d,0,1,0,2011-01-19 16:38:43,39,9293,0.2129,9332,3,2,13,73,23,420.7424,2848,1262.7119,46576
4962,6350c16e6d32ff318189bc861b25e4677e80a91a,0,1,0,2011-01-19 16:39:52,233,392,3.521,625,17,10,1,749,48,36789.7105,2714,1.0,52339
4951,9f36c577af8f8ab756cf172e11943f4a1b6e78a0,0,0,0,2011-01-19 16:46:43,25,9293,1.0301,9318,2,2,1,59,23,187.5771,1,1262.5791,46021
4956,96916e29afe8884f3d8a8c4beb00f20b07fcbf3e,0,0,0,2011-01-19 17:37:04,14,9293,0.017,9307,85,1,13,59,9,3935.9133,2857,1.0,46071
4968,c538b9503809aa6221ea498e395f235af721a29c,0,1,1,2011-01-19 19:31:56,27,36,0.7224,63,3,3,2,542,85,10938.4069,2852,1263.8588,50166
4965,98aaa38ec8ae50cd6b95279e432ab0b606d81d41,0,1,0,2011-01-19 23:02:51,113,105,0.1368,218,2,2,2,334,84,41218.4569,2844,1.0,49429
4971,78ba84972546d45ed98092b9720be62fad27dec6,0,0,0,2011-01-19 23:30:45,4496,37,1.0213,4533,3,2,1,263,37,44775.8503,214,148.615,1526
4955,6f6cd971a4a7c0595403751f8e1dea4e7e5effe4,0,0,0,2011-01-20 19:36:21,47,120,5.6616,167,2,36,13,21,3,73543.1241,1,1258.7306,1121
4960,281cbbffec5df6ad9793dae5544995f9d58c53bd,0,1,0,2011-01-20 19:46:50,24,9293,0.2756,9317,3,3,1,21,3,48099.377,2837,1.0,10
4970,ef34db673735def1b4a52f1b3c623a5a4e674ddb,0,0,0,2011-01-20 20:07:07,4496,9293,0.0752,13789,2,1,1,43,5,533.0755,2835,1254.8647,63673
4931,96e530594a65b2b09abda9ad0716324a39222de6,0,0,1,2011-01-20 21:36:49,10,20,5.6616,30,1,36,13,249,37,79665.1604,620,159.3362,1832
4958,60b848b43f016091c89c77eb1713ea563136dbf2,0,1,0,2011-01-20 22:53:11,120,180,2.473,300,8,4,2,327,40,32911.3469,644,142.871,387
4974,73d2ad1447e51ecde25f768460e8442b198c4186,0,0,0,2011-01-21 15:03:54,48,9293,5.6616,9341,85,1,1,61,4,78619.8545,2820,1.0,63673
4969,a3d120ac1e1a89a08e898de0b41a71b5d9be5cb7,0,0,0,2011-01-21 16:46:52,52,83,0.0588,135,2,1,13,215,32,86384.0,2835,1255.6488,45501
4973,d9a32437a58fba25db6c19e0121827da1fa2a93e,0,0,0,2011-01-22 06:46:51,9,130,0.0467,139,85,36,1,67,11,51588.5962,2843,1.0,45946
4977,3ce5126fdab0e6f1f05bc5513273f65e17ec5ffd,0,0,0,2011-01-22 07:33:36,4496,26,5.6616,4522,1,36,13,46,12,2568.458,1,1.0,46382
4967,03b528aa2eb469b94e45c0ee305bb41b7cdbb095,0,0,0,2011-01-22 15:58:39,84,9293,1.2937,9377,3,2,2,430,85,76396.0223,2824,1251.1595,51006
4976,7b553a8eb5b42395ac1683c1bc362671b5c1a7ec,0,0,1,2011-01-24 05:38:55,4496,9293,5.6616,13789,85,1,13,2,9,36017.5489,1,1.0,46628
4979,862ae834e18d98fc3646720df292197b0604718f,0,0,0,2011-01-24 06:00:25,26,9293,0.0242,9319,2,1,13,336,42,28511.066,2845,1257.8692,46567
4964,b4709dc5004d962f9914ea300b800e01b4b27eef,0,0,0,2011-01-24 16:37:49,4496,9293,5.6616,13789,85,1,13,248,37,38171.9275,1,1.0,46306
4983,e288eefe597d860232e872467a5ab8dcd273b15a,0,1,0,2011-01-24 16:55:24,18,9293,0.9016,9311,2,2,2,500,88,24056.5275,2846,1261.8127,50150
4984,4826e8c8a52ffe2f3e01fafee410e7303d464255,0,1,0,2011-01-24 17:25:50,150,9293,1.7075,9443,7,4,2,493,83,46663.8164,1,1.0,49204
4972,ebc25c187be12487ae8ec11ff8f18af5549912b6,0,1,0,2011-01-24 17:41:14,99,81,1.2552,180,4,2,2,53,13,4144.5734,303,155.2225,1064
4985,42d14c03bda03811710122aabdd0c9cbec973822,0,1,0,2011-01-24 18:02:28,177,191,3.3756,368,13,4,2,273,81,44365.115,320,178.912,3154
4981,c3d3e6393381eb5836895b3a9bd08277bd58a7e6,0,1,0,2011-01-24 18:18:13,4496,85,1.389,4581,5,2,2,357,83,43082.2003,1,1.0,49704
4991,eaaff94934998110e865fb5772f51622a7edc3bf,0,0,0,2011-01-24 18:20:25,31,9293,0.626,9324,2,2,2,322,83,494.581,2850,1.0,49613
4963,d19c9e96c669157dc5c057e52f177e3486938be4,0,0,0,2011-01-24 19:56:09,20,33,5.6616,53,85,1,13,14,10,8454.9531,1,1259.938,46471
4975,f3a286d46755f71899cd2722a89cd9a54aeb616f,0,0,0,2011-01-24 19:57:20,3,9293,0.0059,9296,1,1,1,24,10,141.005,2858,1.0,46154
4982,6c06aa9e9ad110f0c86d23a30919b6729028998c,0,0,0,2011-01-24 20:04:18,4496,9293,5.6616,13789,2,1,1,3067,5,59056.6613,220,134.2968,1717
4990,fa8c3e4b8300ad49aef3fcb6067d9f6ffabe206f,0,1,0,2011-01-25 03:14:36,4496,9293,0.0049,13789,85,1,13,250,37,37245.8375,2858,1266.6058,46152
4988,16cb2f559fb45e8f97c8c6a33e9752b03ead7f3f,0,0,0,2011-01-25 16:49:31,59,9293,0.0439,9352,85,1,13,224,36,49611.5284,643,151.9569,2235
4978,5ba872bd89904e6126ca379f1d305b5d8edcd3e6,0,0,0,2011-01-25 17:03:33,13,28,0.0165,41,85,36,1,242,37,1011.9275,621,157.5054,1899
4992,7d567af62cf07e40b8f9f6d600857bdd2f486008,0,1,0,2011-01-25 17:09:43,4496,49,2.0346,4545,5,4,2,392,83,60858.222,2845,1260.2012,49456
4995,9069cac57d91016c89bf5f3473e54040e517910f,0,1,0,2011-01-25 18:20:14,8,9293,0.0086,9301,1,1,1,245,37,4721.012,619,162.5985,1597
4987,07fb48e51424ec325f83a90639085cc99f14ad3b,0,1,0,2011-01-25 19:37:22,41,9293,1.6299,9334,2,36,1,88,12,32104.9191,640,175.6275,1143
4993,00ecb0fac214c4a8c6a58647e3b177ab7708af93,0,1,1,2011-01-25 19:57:03,92,49,0.9007,141,4,2,2,404,84,8736.8682,1,1264.3563,50133
4997,4b92b79532fec22e7c0df9676394357354b1fe6f,0,1,1,2011-01-25 20:12:15,42,9293,5.6616,9335,2,1,13,128,22,10514.0128,2848,1263.0646,46642
4986,baf30db1f1ea8c20261d0fd407c2184d081d6c7d,0,0,0,2011-01-26 00:18:05,27,33,0.0176,60,1,36,1,3067,8,5520.1488,608,165.7504,154
4999,e9f265cee6c4e805d9c40f325977318fdc1922eb,0,1,0,2011-01-26 15:00:23,90,9293,2.1016,9383,8,3,2,510,89,45914.5598,1,1.0,50566
5010,f3630a65e168db8310f726f0d9ae8f1dd92b84d1,0,1,0,2011-01-27 00:29:39,723,1176,3.4105,1899,26,10,3,614,81,25995.0651,1,1.0,54771
4998,f50bd32da48c89f36c7e6474589ea7a65c68d599,0,0,0,2011-01-27 16:22:07,70,117,5.6616,187,3,2,2,301,83,2026.9708,1,1260.1801,49379
5000,48a154719683776af3e14b4f4441819d94f441af,0,0,0,2011-01-27 16:24:07,4496,9293,0.0498,13789,2,2,2,3067,4,5080.104,1,1254.9487,46980
5013,6aa5b81d24881f11cf218468b7a4267fd054b1ad,0,1,1,2011-01-27 16:36:51,54,9293,1.6116,9347,6,5,2,327,85,49077.3835,2823,1251.4479,49359
4996,a923d91558526c4be1e09b18c54e21623cb63e1d,0,0,0,2011-01-27 21:55:07,4496,75,0.0452,4571,85,36,13,54,9,18779.3084,256,151.6386,1306
5003,924deb091f94aa83e62bf5920b59ad5c8112122b,0,1,0,2011-01-27 21:57:20,157,9293,1.7013,9450,6,2,2,52,12,48068.1187,308,177.8071,1241
5026,745fb44accae3f9f5859c9e73e5caeef4bb1beb5,0,1,0,2011-01-27 22:28:06,25,64,1.9932,89,12,7,3,515,87,33868.392,2789,1237.6206,50114
5011,c7b4740a762c13556c044f3e8bf750c196847698,0,0,0,2011-01-27 22:46:15,4496,51,0.6736,4547,1,36,13,37,9,43675.4703,631,150.6832,1350
5015,569feedfe9f49e1de0c176431d11f5d0dc9045fe,0,1,0,2011-01-28 18:21:59,79,9293,2.8885,9372,5,7,2,286,36,36647.0079,1,1235.007,55705
5006,93126cb17960a5dce1e98983f122a26267d631f4,0,0,0,2011-01-28 18:25:13,45,50,1.044,95,1,1,1,107,19,42890.0708,2840,1260.2604,45867
5016,974b4acc4ee7e0d50aaa4033c54012cba3dc3f07,0,1,0,2011-01-29 20:20:51,67,54,5.6616,121,85,36,1,3067,1,72884.3824,2847,1261.7573,8297
5019,99b030a9579de323d4e789dd28b3323799ef3b31,0,0,0,2011-01-31 14:45:33,38,9293,5.6616,9331,2,36,13,162,32,79818.7773,2845,1.0,45629
5030,59f87afa7a61fc2d865468d23fc46b98c77c123d,0,1,1,2011-01-31 15:58:13,46,46,0.2345,92,2,2,2,384,84,70764.497,2848,1.0,50258
5009,b45ef3f5928407f2e6be336f4c893bce1f56c7d5,0,1,0,2011-01-31 16:12:57,4496,9293,1.2834,13789,3,3,2,374,84,50636.7365,271,116.8824,2134
5021,9fa7a327d038066fb7761d35c2f61ff5611294d7,0,1,0,2011-01-31 16:13:20,4496,195,1.3609,4691,3,3,2,230,38,61570.4429,1,1.0,53269
4954,a2a2dda3119a28df4a5760ac22027b85705d736c,0,0,0,2011-01-31 16:16:06,13,23,0.0232,36,85,1,13,28,5,2424.711,2855,1.0,46009
5017,2fdc5ef5e85c6527b9c693adc2b981edf846e734,0,1,0,2011-02-01 16:24:56,129,108,1.0415,237,4,2,13,322,36,19541.5156,573,170.9129,2562
5022,1151e5548465e84dd52494ebdfeae9c9f19443b9,0,0,0,2011-02-01 17:45:42,4496,9293,5.6616,13789,1,1,13,2,14,3884.0641,1,1.0,46384
5027,778d33d4aa83b1871d551245a5ba1693f4e1e68f,0,0,1,2011-02-02 14:45:12,4496,9293,0.027,13789,1,36,13,11,7,51838.8933,1,1262.1155,46575
5007,8c1105eea3f0db8f973315668fbf852e5d253682,0,0,0,2011-02-02 16:24:12,6,30,0.019,36,1,36,1,2,6,1732.1189,2856,1.0,46367
5020,158826375ffc3ac977b0ba28de9178576a4d5439,0,1,0,2011-02-02 21:13:27,27,97,5.6616,124,85,1,1,21,23,70501.6651,1,1.0,46027
5035,a23547d9aed3a9c29429cbf36be30055bd40c8ad,0,0,0,2011-02-03 15:58:58,4496,9293,0.9112,13789,4,2,2,377,83,83291.4178,1,1.0,49366
5018,88c94a711086f32c2010efae1feb5a18f8ae0df8,0,0,0,2011-02-03 16:01:31,4496,67,5.6616,4563,85,1,13,25,7,63960.2428,2841,1.0,45704
5037,25f1ed51247b966d9acf1209d6ad47f41dac03aa,0,0,0,2011-02-03 17:58:46,4496,48,0.6478,4544,4,3,1,114,19,31939.6581,632,174.7483,2248
5033,6d3aacdc49c4fb4d277c27ac3aac99068de099ab,0,1,0,2011-02-03 20:01:04,194,195,0.5663,389,5,5,3,886,89,20202.4048,2836,1.0,50893
5040,15cf72c55f06cbd9fc57ecc0a4decb9f52b59948,0,1,1,2011-02-03 20:17:06,43,9293,0.4744,9336,1,2,1,269,37,5050.5314,626,153.3935,1212
5008,ecbd71f6b4bb004d26e585ca8a7e642436a5c1a4,0,1,1,2011-02-03 23:33:51,14,70,1.4219,84,3,3,13,63,17,24290.9222,632,172.773,1112
5036,34f735d1c34001eecd81dbc3e9b997a2469a7d93,0,0,0,2011-02-04 15:30:57,17,9293,0.7975,9310,2,2,2,357,84,36344.5037,1,1.0,49774
5042,4082c1ddfe995980736a13d5271e7bd7b8524442,0,0,0,2011-02-05 01:46:48,13,9293,5.6616,9306,1,36,1,253,37,19934.6324,618,158.3143,1791
5002,75f9d6604197cb4978283bfca42b2c5483284410,0,0,0,2011-02-05 14:07:35,4496,18,5.6616,4514,1,1,1,20,6,78037.8351,1,1265.2539,46356
5028,a8c2274780c6d1b2a961c4e1e42db7f7abe8afd0,0,0,0,2011-02-05 14:08:57,4496,9293,0.0117,13789,85,36,13,24,6,304.8966,2853,1262.6184,46431
5034,46ea05fa121f7c5f412deaa2e65f21e49358960d,0,1,0,2011-02-05 19:38:35,212,9293,3.1842,9505,9,6,2,224,30,55560.1787,1,1.0,53320
5032,9c646d896180d6387325a09e495f66adc4819b25,0,0,0,2011-02-05 20:27:55,14,8,0.0021,22,1,1,1,66,13,676.6437,614,161.8066,1660
5038,7f8de5520a843c6aa4ec93d5cc97162f2670ce90,0,0,0,2011-02-05 20:35:40,3,4,0.0019,7,85,36,13,66,13,494.3351,612,160.6118,1699
5057,d935e680aeb430d79c3cbebef9db3a5891f0d7e4,0,1,1,2011-02-05 21:17:48,94,9293,1.7458,9387,10,4,2,704,84,32461.8505,2819,1253.1219,51138
5039,5348ee4126a933841ec8e88962b86b5ac7999677,0,1,0,2011-02-05 21:27:54,10,11,0.009,21,1,36,1,70,13,3046.1417,608,158.7614,1618
5046,617369abc3b3be70a6f193a2ad27262901407bd6,0,0,0,2011-02-07 14:28:13,4496,47,0.0249,4543,85,1,1,56,26,78829.6139,1,1.0,46455
5045,23192ce16c51eae68cb4a5a3a6bb8e6c427f0907,0,1,0,2011-02-07 14:34:59,4496,9293,5.6616,13789,1,1,13,112,22,80933.8129,2844,1261.2696,45919
5029,72a2437bd7eea8ada4397fcc7b8b3b01a31e785b,0,0,0,2011-02-07 15:37:20,41,9293,5.6616,9334,2,36,1,58,20,84711.2664,214,128.2634,1723
5041,6ab2b2337959a54468f1598b0e2d1db923c311ef,0,0,0,2011-02-07 15:37:30,81,145,2.0415,226,11,6,2,133,12,74147.3252,268,150.6211,908
5048,96e3e721bfeeedc0cd8890b4ed03182bd8a91330,0,0,0,2011-02-07 19:05:49,22,9293,0.4917,9315,2,1,1,33,7,81058.1362,303,158.9288,365
5050,15127a31ae3c0a931d269f451bc4fb6f35291a0b,0,0,0,2011-02-07 19:05:56,85,49,0.0448,134,2,36,13,3067,11,75536.3835,264,155.9533,223
5049,d0cadc9644494e1384422b38f60855a158d95dd5,0,0,0,2011-02-07 19:20:04,60,113,0.0429,173,2,36,13,3067,1,5862.0374,309,180.75,484
5053,7f4e3ebc31f8ce94d59903c53ad1e04b82b84355,0,1,0,2011-02-07 20:28:10,384,496,3.7923,880,49,9,2,413,27,44761.033,2740,1213.8421,51567
5044,e7edf4a323faae59feed940e5733c65056a0c6ff,0,0,0,2011-02-07 23:23:54,4496,65,0.048,4561,2,36,13,3067,2,22232.0413,2848,1260.9565,45838
5052,22ce1dd1ac19711d730e563ff01f6c0a669f1159,0,0,0,2011-02-08 00:52:26,4496,34,0.0181,4530,1,1,13,3067,5,4319.2735,2850,1259.7202,45855
5058,03d7b48c5e650a3ecdf9df7abd89b04fae2ad18a,0,0,0,2011-02-08 04:40:50,4496,9293,0.0444,13789,85,36,1,48,27,51938.7393,51,30.5187,651
5047,1f7b42e35f98eb61871fe2f4e8ee1d891e45961e,0,0,0,2011-02-08 15:03:26,36,9293,5.6616,9329,85,1,1,41,14,84810.2628,2844,1260.1416,46749
5061,5728a2062610112eb523bed1dd2fed2dc7d127a4,0,1,0,2011-02-08 15:51:22,122,9293,0.3269,9415,4,3,13,58,22,64843.6246,1,1.0,45643
5068,13bf76c64991ad030babb262f6570b4809faafaa,0,1,0,2011-02-08 19:16:21,149,9293,1.8161,9442,7,3,3,628,91,35450.3907,1,1250.2208,50880
5059,9b81dec1273922c972461d855e4bc7f93e41579d,0,0,0,2011-02-09 15:37:58,22,9293,0.0339,9315,85,1,1,88,12,72956.8144,605,166.0816,2049
5063,40488a027a9d70ac285f7369be28483688e2a4a0,0,1,0,2011-02-09 15:41:06,2,4,5.6616,6,1,1,13,72,13,224.3136,612,161.4516,1669
5066,7ed416d6aaf936ec58dd925033ea1e1e9d8cf6cc,0,0,0,2011-02-09 16:01:42,4,9293,5.6616,9297,85,1,13,70,13,1328.2265,615,162.5639,1624
5076,019f6e1f1c80430a150065839c78adf3078cf39d,0,1,1,2011-02-09 16:48:29,20,9293,0.0287,9313,85,36,13,19,23,81049.5822,1,1.0,46430
5064,b3ba15b45b126f4b27ca7907f4a00d2a799adb34,0,0,0,2011-02-09 17:48:06,77,89,0.052,166,85,1,13,3067,94,63440.6209,2830,1248.803,1044
5067,752295b68d2a4aadb1d13000a4897b41f3222778,0,0,0,2011-02-09 18:04:09,4496,21,0.0231,4517,1,36,1,11,94,65309.4912,603,158.0328,63673
5073,995f7651284b38fa4e11d1ea3e0f3b19617ab46e,0,0,0,2011-02-09 19:20:15,15,9293,5.6616,9308,1,36,13,71,20,3702.8304,602,165.5151,1266
5078,e708c46b348bee9005123d6dcde8416b528159a2,0,0,0,2011-02-09 21:19:06,164,175,0.0349,339,1,36,13,3067,9,3451.7302,308,179.4913,197
5103,5e1820487de0308e22bd8edb756a4e76dd6afdcb,0,1,0,2011-02-09 21:22:01,62,9293,3.1076,9355,7,6,4,964,91,19632.8232,2764,1.0,49773
5077,448dbc6bd21183277114cc90e176669e791de647,0,0,0,2011-02-09 21:38:57,137,78,5.6616,215,2,1,13,51,11,1880.7761,302,179.3482,1001
5081,53f2414fde0a9433075531f037466914b105ba2b,0,0,0,2011-02-09 22:48:03,4496,9293,5.6616,13789,85,1,13,7,14,16123.7309,604,165.0366,1440
5055,f2507f0d0835aef58947da8ab6e53c173d7d775a,0,0,0,2011-02-09 23:10:29,11,16,5.6616,27,85,36,13,13,14,1293.5314,1,1265.9049,46192
5071,e10d3475fd088d7a72a80199ecc9e85de2e4cb55,0,1,1,2011-02-10 02:43:32,0,129,2.1463,129,6,36,13,107,17,31744.5651,1,1253.1876,45522
5082,a6fa41e5f11dd7cb16fc7af37d6a65216d5bdabe,0,0,0,2011-02-10 02:44:50,88,118,1.4885,206,5,3,2,145,18,10028.098,2822,1.0,55331
5085,324ad8b8869fc32af201dbc5bf6972754714dd0b,0,1,0,2011-02-10 02:54:23,4496,9293,0.4387,13789,3,3,2,289,85,21145.1026,1,1242.4661,5296
5084,64e1c79501028d6d8d3e835f72f73c7c5e8c7f11,0,1,0,2011-02-10 18:40:52,35,9293,0.4088,9328,2,2,13,337,31,43069.8145,2849,1260.4741,46606
5087,04af85b0648e627a1c00759a283e6a9bc67aa6e9,0,1,1,2011-02-10 18:51:00,14,21,5.6616,35,85,1,1,104,16,57874.7919,1,1.0,46124
5090,fcf21d2d6d3415ae098edd1c2f0a7832a927d3ad,0,0,0,2011-02-10 20:27:35,242,206,5.6616,448,85,36,1,47,9,81424.9556,266,158.4664,61
5075,0cb95c2913cac4d747ca15d190363c230d87f6fe,0,0,0,2011-02-10 21:55:52,4496,9293,5.6616,13789,1,36,1,66,9,5924.3503,254,178.161,920
5083,dee2bc52a10867223c7693630dfaf9ac3a98c1d8,0,1,0,2011-02-10 22:34:05,0,487,2.3015,487,2,1,2,264,30,85619.9428,408,239.2414,63673
5074,f6b726632c782363c206371938922278c1550664,0,1,0,2011-02-10 22:35:13,21,41,5.6616,62,1,1,1,82,13,12424.1796,603,158.8411,1476
5089,2dbe35010ffea57995d264041ba20eddbff6a577,0,0,0,2011-02-10 22:59:06,4496,9293,0.0379,13789,1,1,13,85,6,6633.831,2843,1.0,46665
5091,80ddc29b7d872a26d59455bc12e5a7a1cff3f86f,0,0,0,2011-02-11 02:50:07,45,9293,0.9363,9338,1,2,1,3067,1,10911.4618,307,173.0549,63673
5092,ab4430fd2b7fce66eec1e231cfbd1f0ea388663e,0,0,0,2011-02-14 14:55:07,137,179,1.763,316,3,4,13,44,5,57449.5481,1,1253.9005,63673
5093,ed02fee1df8f4dbad920c587684553933e91e7af,0,0,0,2011-02-14 16:59:38,77,138,1.7299,215,3,36,13,52,5,81345.9754,301,174.0306,63673
5086,6a1ad132026cf610e8fb8c1be0fd1a29b4743518,0,0,0,2011-02-14 19:55:30,4496,39,0.023,4535,85,36,13,69,13,76508.9801,607,157.3041,1873
5105,6facf088692293adc0d30e9a308be1d70236f28e,0,0,1,2011-02-16 05:57:58,34,9293,0.4664,9327,3,2,2,350,84,25877.7565,1,1.0,49601
5099,f840e42b50f61a8b14a8cdd6401857e6f6b7d6ef,0,1,0,2011-02-16 22:40:51,34,9293,3.3955,9327,21,6,2,620,35,49505.2179,1,1.0,51978
5101,e46543efabd352e5b1534345266fc9c06d9025cd,0,0,0,2011-02-16 22:57:18,4496,9293,0.0289,13789,85,1,13,23,1,83266.0327,2847,1260.1679,45986
5080,c5f7cb97527439cbe8d199a4058c1810981f2976,0,1,0,2011-02-17 01:23:28,159,64,1.3766,223,4,1,13,46,12,24389.432,293,157.8458,1110
5097,da5ff984d214fc081a8c37c20999d6cc293857ad,0,0,0,2011-02-17 02:21:37,4496,154,0.0966,4650,85,2,1,113,7,39894.6048,2821,1251.3546,7348
5079,4f26622d542e1ec677653f3dbb79b25ac21aefe1,0,0,0,2011-02-17 15:40:42,22,9293,5.6616,9315,85,36,13,3067,11,60936.6466,1,1261.8432,45954
5096,6ebebbf59e0db4e2670b4c7da0a5c3be2584dc87,0,0,0,2011-02-17 15:41:16,4496,9293,0.009,13789,1,1,1,11,11,147.535,2858,1.0,46097
5102,74c464a36d1fe951ceaa6d0107f93cd46cf21572,0,0,0,2011-02-17 15:54:27,44,96,5.6616,140,2,36,13,40,3,32280.854,2810,1.0,47116
5104,af1b67b97238b71fe0e441e60644d3e3105c5898,0,0,0,2011-02-17 20:30:54,21,9293,5.6616,9314,1,1,13,14,4,20286.4302,620,165.3117,203
5111,8b5c7a82c610d215334810d8078c1fa9e2ae3341,0,0,0,2011-02-18 02:34:09,4496,9293,1.0687,13789,3,2,2,452,85,24779.295,2862,1267.3333,535
5106,50ac8d461abadc39b5695f2007ebf6b7c3393f89,0,0,0,2011-02-18 15:50:05,7,33,0.0039,40,1,1,1,19,14,59877.1312,2859,1.0,46290
5107,4a873cde2ecef4e4ea6054c921d1ec8e9fbf7f80,0,0,0,2011-02-18 21:56:15,4496,9293,0.0107,13789,1,36,1,63,12,536.3549,1,1.0,46354
5112,18084b7933c473c1800fbe8f824338d00bb20cfb,0,1,0,2011-02-18 22:10:32,114,9293,2.2036,9407,5,3,2,691,87,51615.3738,2824,1.0,50496
5110,70688be04093e9076aef261a4722bb17d489596f,0,1,0,2011-02-18 22:24:10,4496,308,1.7361,4804,10,6,3,470,84,21569.7927,1,1.0,49419
5114,2a4a0502960ee13e2ddeb0cba58ac5113e29e9f3,0,0,0,2011-02-19 16:47:58,23,9293,5.6616,9316,2,36,13,134,7,66155.9908,2831,1.0,45827
5095,1b18906cff9bae6b6d84d7a8ac96ddc6ea65bcbc,0,1,0,2011-02-20 22:18:01,179,9293,3.652,9472,14,5,13,195,28,27407.3406,562,180.4188,2885
5116,660a757b3d472b3f5628b5cf1c29fec6fb179b38,0,0,0,2011-02-21 00:15:07,53,9293,0.9846,9346,1,36,1,11,11,6048.48,2831,1.0,46668
5109,b9444ca9fbf2269bb6ac42ff19fe8a1f2d9dbda9,0,0,0,2011-02-21 00:20:48,4496,9293,0.0044,13789,1,36,1,27,10,274.2979,1,1.0,46165
5113,8b26e1b75155b9582ed19f2564d5b6ce79fe8ed7,0,0,0,2011-02-21 04:53:38,40,9293,0.027,9333,1,1,1,78,23,23191.6843,1,1259.444,45681
5115,085da5d095f01ef459e6473167e8b008597fd134,0,0,0,2011-02-21 06:23:48,4496,9293,5.6616,13789,85,1,13,3067,11,48923.0457,1,1245.5521,9058
5126,9efe2f795157267fac53b6791734ca7a7a51fe31,0,1,1,2011-02-22 14:53:01,39,9293,0.3816,9332,2,2,2,397,85,61541.5377,1,1.0,49863
5119,b9495d8e8e991fb82c6e5fe938116b40ae2d6128,0,0,1,2011-02-22 17:38:01,4496,41,0.9602,4537,3,2,2,346,84,40048.0805,2838,1259.7663,49642
5118,92d5315bb43a13409b579222677af09ce7cb1e49,0,1,1,2011-02-22 18:03:31,4496,9293,0.8768,13789,2,4,3,383,85,26396.3658,1,1255.9206,57457
5122,e027fd4215f0f2137c2c74c7e2906ee433c015c4,0,0,0,2011-02-22 23:04:51,43,9293,5.6616,9336,1,1,1,51,22,22156.0516,1,1262.2551,46704
5123,c280e204d1e54188ae930c5fa5784cf8441bea53,0,1,0,2011-02-23 03:44:26,283,9293,2.7498,9576,23,10,4,1004,0,31018.8068,1,1213.0875,55713
5124,26be0652f3d705501ce4764e0901caf6a5a4c650,0,1,1,2011-02-23 04:57:00,4496,9293,1.0076,13789,2,2,2,476,84,14229.0589,1,1265.4351,50069
5129,e6d74c13466afdcdaa433661245aac67e4a5888a,0,1,1,2011-02-23 19:03:57,4496,9293,2.5329,13789,12,10,3,793,90,42734.9396,286,162.6907,63673
5136,7ff40061958006bd45ede949ceeb09e813d654e6,0,0,0,2011-02-23 23:28:02,18,9293,1.0183,9311,2,2,2,376,84,15830.5076,1,1.0,49739
5130,d344ec749b6bc7d3ae91ff544ba91940d33b1a99,0,0,0,2011-02-24 02:18:34,31,9293,0.0439,9324,3,2,2,386,83,86384.0,2837,1250.8597,49606
5135,84404cd5b43c0d6b435a35041141be9464b64cbf,0,1,0,2011-02-24 02:20:05,14,9293,1.0307,9307,2,36,13,41,19,454.2171,1,1262.2887,46382
5151,496bffdc161be49f79cd53cf881c8e9b6ad96cf7,0,0,0,2011-02-24 02:20:30,4496,19,0.9883,4515,2,2,2,401,84,294.0998,1,1265.3267,49854
5121,1fb2d3be433ca784f1d3e492a08b91c6811c226f,0,0,0,2011-02-24 15:08:31,64,9293,0.1895,9357,3,2,1,53,17,43685.9689,2828,1252.8787,45844
5132,1d3c25c402ce0aba278970046b07a49db41ff4b4,0,1,0,2011-02-24 16:36:56,13,37,5.6616,50,1,36,1,18,5,46518.1004,2856,1.0,46324
5139,ca42b04a4e83475992f1db987ff01beaf5f46044,0,0,0,2011-02-24 17:04:45,20,9293,5.6616,9313,85,36,1,5,5,1311.9286,2856,1.0,46363
5108,2ce810082ad28753cdfaa6e0c7befc47b6b3f0b9,0,1,0,2011-02-24 17:05:13,9,9293,0.0086,9302,85,1,1,78,6,78738.2395,2858,1.0,46307
5127,914b217da39715fdb0a23956046d81daf0a8ca71,0,1,0,2011-02-24 17:37:28,178,9293,5.6616,9471,85,1,13,3067,94,63688.8087,628,167.0839,392
5133,b419eb05c6b2ce5edcf9a2848a84e5f7c57193f1,0,0,1,2011-02-24 18:10:05,4496,9293,0.9627,13789,1,1,1,137,17,56867.6348,2862,6.181,648
5140,09a1dd5e4af316fdacfb93463b20e29fff8d99db,0,1,0,2011-02-24 21:15:22,86,9293,1.3967,9379,5,4,2,319,38,32817.4794,629,170.4588,2387
5137,079276622158fdfabe0cd8f727e55e0f963a388a,0,1,1,2011-02-25 14:56:57,194,16,1.71,210,5,5,3,440,83,60813.9265,2810,1.0,57480
5153,9fd0cd4a0a872a0c942ae1f50420e5372ef69471,0,1,1,2011-02-25 20:31:12,80,9293,0.4524,9373,2,2,2,613,85,61020.2746,1,1263.5998,49580
5120,dab8cc2d9fb7efc9effd023c2f71534f128c6b7a,0,0,0,2011-02-25 21:47:25,30,65,5.6616,95,85,36,13,59,10,19593.966,316,156.1607,63673
5138,4420a2b4cb790b25d56bd206e611b33bdafc682f,0,0,0,2011-02-25 21:50:46,4496,9293,5.6616,13789,85,1,13,57,8,86384.0,315,180.4428,63673
5146,8083405b38083087df320b99270b7ae29159a4b0,0,0,0,2011-02-28 07:42:36,4496,9293,0.102,13789,2,36,13,36,94,28561.2971,2832,1.0,6888
5128,ae0275b8e2b72376835caf23b84f9a05e89a7900,0,1,0,2011-02-28 08:05:51,88,85,0.7572,173,6,4,1,56,19,44512.4342,2847,1.0,46861
5160,7364c09843942bba7ef4ed363b91b54e6251b56d,0,1,0,2011-02-28 19:40:19,274,9293,2.3351,9567,10,6,3,455,82,41515.9132,1,1.0,59055
5149,96d0a86fd983d840dee7c88b998f6ae80c847b89,0,0,0,2011-02-28 21:32:08,16,23,0.014,39,1,1,13,20,5,17417.2329,605,163.9175,1896
5161,8097545140716f0cbde4c9112a0de2d0b75698d3,0,1,1,2011-03-01 16:09:28,166,9293,1.0619,9459,4,4,3,468,86,51364.9494,2816,1252.7813,58795
5141,2b414b1e95472dc79d1ce2807a442f6c87be04d5,0,0,0,2011-03-01 22:44:06,289,153,0.0553,442,85,2,13,3067,8,26668.8142,1,1250.7438,8920
5145,ece6605e9ffd4ba3e3130cc63e070e86edb1508c,0,0,0,2011-03-01 22:45:02,42,439,0.0401,481,2,1,13,29,8,86384.0,1,1255.8119,7413
5117,ba29c6b8bef1435545cad70cd71ecd75277f8a83,0,1,0,2011-03-02 18:59:30,55,9293,0.776,9348,2,36,1,40,11,58118.4666,292,170.8732,258
5150,72896eece23ec9064e09905912705be97f62ad24,0,0,0,2011-03-02 19:47:58,62,9293,5.6616,9355,85,36,13,44,11,3724.9653,261,171.2343,1145
5154,1565a20774963eb5dd054ceaa2b342b22d52f84b,0,0,0,2011-03-02 19:48:02,4496,9293,0.0723,13789,2,1,1,3067,11,943.8335,262,178.3076,1082
5158,f8ead6d70b6746449cf809aea4c163c1ccf98718,0,0,0,2011-03-03 02:20:41,36,9293,5.6616,9329,85,36,1,3067,11,23007.5562,258,173.2929,63673
5143,1f073123f61dd7245d1412adbccd4be2337705cf,0,0,1,2011-03-03 16:06:16,189,9293,0.5501,9482,3,2,2,3067,11,4573.491,2837,1244.4545,55518
5155,ed2a60707a70e21f1a2a61416f6ce3c3f1e0865e,0,1,1,2011-03-03 17:40:59,58,78,0.9445,136,1,2,2,345,31,39255.8783,595,150.6831,1613
5162,5bce4fe321773dee1affab9a2df3f6c6bebc75c9,0,0,0,2011-03-04 04:19:58,4496,9293,5.6616,13789,2,1,1,2,13,45592.0369,1,1.0,45642
5165,688ff5bcc0f4c2223eb388ce6199d01403290f5e,0,1,0,2011-03-04 06:45:10,4496,62,0.9654,4558,2,2,1,135,25,17715.0704,2852,1.0,45861
5159,82dd73b3a549b7d101aea9ee07dd31cf756035c6,0,1,0,2011-03-04 15:13:53,132,104,2.2168,236,9,6,3,508,84,59561.8538,2833,1249.1002,51863
5164,3eaa985e261b1033b1ef4fa810edd8a50b480190,0,0,0,2011-03-04 17:53:30,26,48,5.6616,74,1,36,13,3067,5,77211.922,626,164.8821,63673
5142,0798f0fa038248a290191ba883c6b227f831a8cc,0,0,0,2011-03-04 20:31:27,4496,49,5.6616,4545,85,1,13,64,23,18157.3066,589,153.9107,1323
5171,0d6db4a68f1d66da789c037d8340c682f21253ba,0,1,0,2011-03-04 21:08:21,146,9293,2.253,9439,8,4,4,362,82,24918.794,2807,1.0,61784
5167,d96b41aee801b75956adc7e78e38513d047e8695,0,1,0,2011-03-04 23:08:48,4496,113,1.241,4609,4,2,13,3067,5,43520.863,594,152.703,691
5186,cb71747c88efc7ad3e7dda67316855d6571aadfc,0,1,0,2011-03-07 17:30:07,171,301,2.2307,472,10,6,4,813,84,39941.9956,1,1.0,60932
5182,1729edd64b933685386abd1140fc83c657b9a6a7,0,1,0,2011-03-08 04:26:06,151,9293,0.38,9444,4,3,2,315,82,36942.4638,2811,1.0,2588
5175,fffecb84f9aeb55bd4576d914e87ad7834504023,0,1,0,2011-03-08 18:21:00,138,322,1.2498,460,7,4,3,708,88,28967.5544,2841,1257.3312,51235
5177,46c014d9ec2374c28d9f39f37b678a631868c67b,0,1,0,2011-03-08 20:09:02,4496,17,5.6616,4513,1,36,1,3,11,16308.6903,1,1.0,46107
5156,8b441c4c28e87e0c12fa7af123285f885d548323,0,0,0,2011-03-08 20:13:35,4496,59,5.6616,4555,2,1,1,294,30,8849.665,2839,1.0,46601
5168,756471f7f3f51affee1fc2aaec19d4f9ce6df546,0,0,1,2011-03-08 20:40:12,21,21,5.6616,42,1,1,13,86,13,5947.4752,618,163.2621,1553
5181,c70623936a4cdfa1f3085817f373bbfe6e2d821e,0,0,0,2011-03-08 22:12:16,79,9293,0.4037,9372,3,3,2,58,11,86384.0,268,122.7151,526
5169,0bf285bd6eae2c80a14b340a74abe9cd3610a187,0,0,0,2011-03-08 23:33:18,40,9293,5.6616,9333,85,1,1,16,7,4248.1967,218,145.9628,63673
5178,531b00ec5b66732fec067fc1e898f7a930e269d3,0,0,0,2011-03-09 00:49:14,4496,9293,5.6616,13789,1,1,1,3067,7,3694.2894,247,149.6957,63673
5183,e8154be6ce30e0bdeef2162b7647565e2c5664c3,0,0,0,2011-03-09 00:55:05,56,9293,5.6616,9349,2,36,13,3067,7,1212.3475,210,131.0982,639
5184,556cdcf380f7843ab7ccfe7639fb0d1d11b13c1f,0,0,0,2011-03-09 00:55:36,4496,90,5.6616,4586,2,1,13,39,5,521.7105,268,151.0514,651
5172,703fce390f5deff5c323ecc2e8126bac80eeed74,0,0,0,2011-03-09 01:05:48,55,68,5.6616,123,85,1,13,3067,4,75401.2632,2827,1251.9789,1250
5180,2303abc1ef3e7163eab99ae600696b445bfc4e6c,0,0,0,2011-03-09 01:15:55,29,87,5.6616,116,85,36,13,3067,5,2044.7339,247,148.1392,638
5188,135b0e0c08d1263e96ededd30713ff84b384b521,0,0,0,2011-03-09 02:55:38,4496,67,0.0746,4563,85,2,1,3067,9,35117.197,1,1249.2195,45554
5191,5947c5907258c81fce0ff8e8333fa9852ed31eaf,0,0,0,2011-03-09 02:58:26,36,9293,1.7109,9329,3,3,13,87,17,42303.1159,2842,1.0,46823
5190,55a1e170d2aad5ae29b4e0e64ca764d3719fe3e8,0,0,0,2011-03-09 03:27:48,4496,102,1.8529,4598,5,4,1,74,19,2644.9332,1,1.0,46728
5216,fc4502acf0d3a2d9bdf8f26cbe63b9309705bca1,0,1,0,2011-03-09 14:27:46,4496,1238,3.8551,5734,35,14,6,1180,0,70666.932,1,1227.0856,1
5198,942a432cc367437c7dc36017d59bea9589fc8946,0,0,0,2011-03-09 14:32:25,4496,150,0.854,4646,1,3,13,486,45,1789.1682,1,1.0,46807
5192,5dc407716c79288e9372aa49a0edde3504bc6b7d,0,0,0,2011-03-09 15:43:37,4496,92,0.0362,4588,85,1,1,44,5,52875.7485,250,147.5492,612
5194,ca062168e10d1b366bb7e8f3df1684a81f4825a0,0,1,0,2011-03-09 20:22:45,262,135,1.902,397,6,3,13,40,1,66081.5615,261,124.9427,908
5187,07ca8f6196a8d7946427328347ad9d607e37ea13,0,0,0,2011-03-09 20:22:55,4496,8,0.0617,4504,2,1,1,20,3,63820.3595,210,148.0165,63673
5193,37feea22fb4807bf1813e8c714837c92f9d16c4b,0,0,0,2011-03-09 20:23:23,4496,100,5.6616,4596,85,36,1,17,1,72478.7206,214,146.5267,736
5203,97e82b194dcd1fe585923978169fcd8fc66f4a81,0,0,0,2011-03-09 20:43:55,80,9293,1.3181,9373,4,3,2,166,30,36374.7443,2831,1.0,47060
5204,df235c12ccdc0e0027aa0d88a9a839a9126dfc7a,0,0,0,2011-03-09 22:00:36,34,69,0.0395,103,2,1,1,3067,6,86112.8615,263,171.7932,109
5205,ddcf6855afd57ff1cb63b70dd47604557be2f0e4,0,0,0,2011-03-10 01:40:41,38,116,0.0641,154,85,36,1,3067,4,18210.2021,262,173.3283,765
5185,64a71547b0b877f9d928988525dcd5bc94634126,0,0,0,2011-03-10 01:40:57,4496,57,5.6616,4553,2,36,1,33,4,1020.6574,253,155.9773,704
5199,7ff0eae2268d9d01c9d9124638fce75e769eac45,0,0,0,2011-03-10 15:45:59,41,76,1.4791,117,2,2,2,46,8,63408.6349,300,175.0249,157
5206,c4b4109f240d1450f17f76ea9b421c0400ae44db,0,0,0,2011-03-10 15:46:14,53,104,5.6616,157,85,36,13,36,3,1076.1806,300,157.2864,102
4094,20082c5db68b1c8785e6425a22c92687a7af46b2,0,0,0,2011-03-10 17:11:18,29,9293,1.0141,9322,3,2,2,36,8,5507.2175,269,168.8712,1029
5201,5996eb5d4bd5c2a3ad6a3b7f9a691d6c889fac25,0,0,0,2011-03-10 17:11:24,4496,9293,5.6616,13789,85,1,1,47,11,68898.4663,312,151.9778,1210
4091,c361d204ae2394d3e7d5e621521ab1bb67c1e4ad,0,0,0,2011-03-10 17:11:29,4496,9293,1.0528,13789,1,1,1,64,7,791.5638,321,153.0605,1340
5197,a7e8d6e2a87c73efe8fa3ad9df798499eb517cc1,0,1,0,2011-03-10 18:44:36,349,70,1.5197,419,6,3,1,25,5,71888.2514,38,28.3506,63673
4095,2c9fb38e14af1f4dc876ab446ead0390ecdd0182,0,1,1,2011-03-10 20:47:21,4496,9293,5.6616,13789,85,1,13,3067,5,71075.0955,622,156.7833,219
4100,e40b07dc2992f715016ee8106fdcd2e30ad368a2,0,0,0,2011-03-10 20:56:57,4496,12,0.0049,4508,85,36,1,10,7,81808.4066,1,1266.1568,46118
5210,1946cfdfdd5501768ed1e60625ad54fa23a7fb0f,0,1,0,2011-03-11 17:54:08,375,9293,2.1556,9668,4,7,3,482,86,20119.6542,1,1.0,59612
4109,402e1edeb7302112e6ea532bf77f1d6a3eb81c78,0,1,1,2011-03-11 18:17:10,106,82,1.1342,188,3,2,3,341,84,19806.0351,2824,1.0,58809
5202,7a0ebb9cb565cc99e80d9a688a385b0cdb0f6294,0,1,1,2011-03-11 18:22:00,83,9293,1.7638,9376,6,6,2,295,36,78442.2465,2816,1.0,46004
4101,c8600fcdcb5b72cd4ba3768119a572b3f7d52d7f,0,0,0,2011-03-11 18:24:57,4496,9293,0.3594,13789,85,2,1,410,35,86384.0,1,1.0,45490
4112,6a5baa564e5e6aa0ed361f9092e556e39669f173,0,1,0,2011-03-11 18:39:13,4496,103,1.3443,4599,5,4,2,850,88,1338.1542,2826,1.0,49364
4093,d0f1835d19238a6e9d65806dc5a9578187d581e0,0,0,0,2011-03-11 21:57:04,30,50,1.4856,80,3,36,13,29,11,63549.1324,291,170.1245,902
4108,f3de30de14da6c79bfd83d59d36092ade6f4cce2,0,1,0,2011-03-11 23:13:19,4496,29,5.6616,4525,85,36,13,10,2,131.8547,619,156.8975,63673
5212,b3817177b5dc05e8639133df51922039c44c1ff8,0,0,0,2011-03-14 14:38:28,4496,174,0.7616,4670,3,2,2,417,83,69188.5474,1,1.0,50417
4114,f8203c87006632c41ed543628eb5f2636b2b3253,0,0,0,2011-03-14 19:46:36,164,9293,1.9562,9457,5,2,1,20,2,75741.6467,211,128.1489,487
4116,dbf795c41f97c1174da8ec78852de43dffea90be,0,0,0,2011-03-14 19:46:42,3,9293,1.5139,9296,5,2,1,3067,2,86384.0,250,155.0354,1008
4103,34a3c9d251c62fba99139bcb645875e5f0d7dd4e,0,0,0,2011-03-15 17:21:20,4496,9293,5.6616,13789,85,36,13,20,10,9287.2011,2846,1259.4721,46498
4111,efac0ca03f457205cc91674c591e0d550218dac8,0,0,0,2011-03-15 17:22:45,4496,97,1.665,4593,3,3,2,432,83,39765.2657,588,143.1739,1002
4120,f84aed6d44976b1017b5139e151ac1ed701a0ca7,0,0,0,2011-03-15 17:36:21,4496,100,0.9511,4596,1,2,2,591,84,40961.5061,631,174.319,1446
4106,7b03e7e6f1c3cadc69b9bb89422930ba6039d284,0,1,0,2011-03-15 20:08:42,29,9293,0.8852,9322,3,3,2,374,85,8832.5931,2854,1261.5314,49766
4118,6184b17aab814bb5d7ea8b68e53e005554b0bb7d,0,0,0,2011-03-15 20:27:29,4496,9293,0.8463,13789,3,2,2,632,85,4919.3712,2854,1.0,49685
4119,4dfe8eadec5d9271520e6117f412c9a2496f65b6,0,0,0,2011-03-15 22:52:10,929,177,0.877,1106,2,36,13,87,10,35371.6731,236,146.2321,1043
4107,c39993139772a926cc1b858ff029eb165e742912,0,0,0,2011-03-15 22:52:36,4496,9293,1.2859,13789,3,1,13,34,4,10111.9981,253,156.9994,582
4134,653dcc63e0f6b0c5b3c3592beb1e0dd3bc1ee0cf,0,0,0,2011-03-16 14:18:21,43,9293,0.0493,9336,85,1,2,406,82,61958.0777,273,149.8447,425
4110,e9e0191ea65719b805df6ef6e4f1cbf2e3531cdf,0,1,0,2011-03-16 18:37:19,348,51,0.8922,399,4,36,13,27,1,66514.2982,640,153.9113,2451
4121,840aae0f51a345e4154574a05d8d28ef5d9f1a3b,0,1,1,2011-03-17 02:55:26,4496,9293,1.1222,13789,4,2,2,93,9,51714.8556,2823,1254.9347,53433
4125,27619afb03be30c0b5d644810101266a818b1be7,0,0,0,2011-03-17 02:58:45,4496,68,5.6616,4564,2,36,1,216,30,45719.2299,586,175.4555,1075
4127,7c4d54b34f75f3dba5ddda4730710fb7cfd4105f,0,0,0,2011-03-17 14:50:56,4496,9293,1.0313,13789,3,2,2,51,26,663.6757,252,150.7282,2099
5195,e197605757a91de98ab4a5e9a922fe9e126ed810,0,0,0,2011-03-17 15:13:39,19,74,0.6701,93,3,2,1,47,2,14059.5834,210,152.2371,63673
4123,95d72596cc26d4cd3b7c21003094fed856322872,0,0,0,2011-03-17 15:13:51,4496,101,1.0692,4597,85,2,1,3067,4,1131.8143,263,155.4257,63673
4098,a05f951a6c4ef4240fc7b8afcdaf76bfabf40dce,0,0,0,2011-03-17 19:40:56,73,89,0.7617,162,4,2,2,0,12,35909.188,250,153.9483,1387
4124,99661fb1984a94c0fef4776640f3d71eefc84857,0,0,1,2011-03-17 21:37:51,4496,9293,1.9627,13789,3,36,13,55,10,23428.9375,298,158.6466,997
4131,e9446aee7514972e0d00cfd8e7c97226c879e6c7,0,0,0,2011-03-17 23:56:55,4496,9293,5.6616,13789,85,36,13,62,11,16077.9622,309,155.9282,63673
4113,2ba513058af9f5bc4106649c7f58a192d8e18661,0,0,0,2011-03-17 23:57:00,4496,93,0.0589,4589,85,36,13,58,11,638.2949,259,176.8767,159
4130,456c98922101e2496074b5fde903c424327da948,0,0,0,2011-03-18 02:37:54,4496,9293,1.8424,13789,5,36,1,3067,10,17439.4456,1,1250.3135,45821
4132,fff525d552c2e5043b0c157902021e8b5b8f2c8f,0,0,0,2011-03-18 15:29:47,41,9293,5.6616,9334,2,36,1,41,11,1753.9708,309,173.2948,49
4136,166943d833a9c3ef01d791d77b24e72bba327c4d,0,0,0,2011-03-18 15:29:52,4496,84,0.0259,4580,85,1,1,3,11,56767.6121,256,176.5434,1192
4142,acc1e1dc5b426400e3ea5edc314100d80cedae04,0,1,0,2011-03-21 14:45:14,27,72,1.4637,99,4,2,2,435,85,36989.9748,1,1256.3149,49438
4138,4d7a3522ba2c40d22fbd04b03f3f6b093fa70aa2,0,1,0,2011-03-21 21:58:45,4496,69,0.8843,4565,2,3,2,45,14,18343.2999,634,176.3292,2469
4097,4b646596204d70d2943619e07ed72b784f695b6c,0,1,0,2011-03-21 23:56:35,214,9293,2.0647,9507,6,4,2,353,29,57202.5989,651,172.8241,2960
4139,d01e56f05574a7637a4c65582564803675843389,0,0,0,2011-03-22 23:06:44,22,64,5.6616,86,1,36,13,3067,10,83808.0837,1,1257.8239,8370
4147,0d443b037611bd3576b21fa17fecd27366eb7878,0,0,1,2011-03-23 02:30:05,22,9293,0.7817,9315,2,2,2,371,83,28541.5557,2849,1.0,50220
4126,e8b42ca60c72bc8e8309476bd2088891576ce24d,0,1,0,2011-03-23 15:41:21,349,189,1.5441,538,4,1,2,169,16,14638.7521,655,147.4328,1329
4140,abebf52c9575d2016a0b2cfe1a7bc060d6b2698d,0,0,0,2011-03-23 18:36:44,79,216,1.3341,295,1,2,13,58,13,23761.3736,2787,1.0,9604
4133,25509b87e5cf262feb86b0311197075be6b75ae1,0,0,0,2011-03-23 20:03:02,4496,16,5.6616,4512,1,36,13,14,6,2526.3041,2852,1.0,46390
4143,7d7de37d91310b8c8bac679ebce0c3b9dacc036e,0,0,0,2011-03-23 21:46:58,43,9293,5.6616,9336,2,1,13,131,17,21306.3074,638,154.5666,1164
4146,c7f6f168fb3bd09a65c3c9beb5c7328b7d6ce190,0,0,0,2011-03-24 02:32:26,4496,28,5.6616,4524,85,36,13,58,8,14655.6644,1,1265.1428,45991
4149,253b34fe967f4aefa3d4798f31caebafd14fbc90,0,0,0,2011-03-24 13:23:34,39,111,1.9555,150,5,1,13,3067,3,57241.6257,1,1.0,46757
4141,0393675c9ed422a0104a3e6e3448bbbd25fe2758,0,0,0,2011-03-24 17:52:19,4496,9293,5.6616,13789,2,36,1,64,11,8968.6659,310,172.998,63673
4145,e05fb25675bf20567b530ed862116d0607841ad1,0,0,1,2011-03-24 18:59:31,4496,20,5.6616,4516,85,36,1,8,4,1882.4209,603,164.1459,1508
4150,1b59d283af1753ab3a1dae9f2fa9cfbb5351e484,0,0,0,2011-03-24 20:21:44,4496,93,0.9489,4589,1,1,1,18,9,6345.7814,300,172.0899,145
4129,793ffe11690543e359514a751e2652cb5defe33e,0,0,0,2011-03-25 04:15:43,4496,88,5.6616,4584,85,36,13,77,9,27645.9575,247,181.3928,1452
4148,8f9592bee69fd33530f4e3ae3229d8828a3ca89a,0,0,0,2011-03-25 14:03:31,36,73,0.7604,109,1,2,2,437,83,70103.0891,2844,1255.6291,50404
4152,a590dac59c8a8893e98360bd9bc04bd05b348b49,0,0,0,2011-03-25 19:47:00,10,13,0.0095,23,85,1,1,28,14,61995.0394,2854,1265.0867,46069
4154,9b2972a41a69545774a215ad416d3fbcf409e73e,0,1,0,2011-03-25 19:53:03,4496,6,5.6616,4502,85,36,13,23,14,302.1926,1,1266.1741,46266
4137,84acaa2ec51869316b2de0e1c1d3b3bf4ad63be1,0,0,0,2011-03-28 13:47:36,4496,9293,5.6616,13789,85,1,1,307,29,49401.4208,713,242.7534,2931
4166,b62b0aedd67a387b8d4b5f8bc083803e2fd99dae,0,1,1,2011-03-28 15:01:25,4496,877,4.1106,5373,48,23,3,1086,91,56389.3897,596,307.0766,7404
4156,8e180e8764d2dffd6c71ca399b51c24dcee268d6,0,1,1,2011-03-28 16:14:39,77,9293,1.9166,9370,9,6,2,476,82,40980.5018,690,272.0071,3976
4172,979ce41ef44a0444188f73ab0ab4ce8253d1c3fe,0,1,0,2011-03-28 19:05:32,190,228,2.7312,418,10,5,4,817,83,39683.1054,1,1226.2611,54058
4160,323ee4606cf4bd20cc98d2a2e7986386e9a83822,0,0,0,2011-03-28 19:17:19,4496,9293,5.6616,13789,85,36,13,351,29,86384.0,1,1253.4861,46606
4159,e6c5a28da940a086d0e786f1ad0288c0b0efa27d,0,0,0,2011-03-28 21:58:59,95,9293,0.0579,9388,85,2,2,437,86,7904.3967,1,1.0,10568
4155,f60187d4d56395f25c45ab26422ac8e7d72f5c9c,0,1,1,2011-03-29 20:39:37,189,44,1.6528,233,4,4,2,287,29,52984.4362,1,1252.4887,53499
4163,28a4b070a0a215ce586103fd50827eae7865b252,0,1,0,2011-03-29 21:26:48,36,40,1.2168,76,4,3,13,208,31,2698.4153,1,1265.6938,46384
4158,c81aab65e10bf915748318bc67ed232d42830703,0,0,0,2011-03-29 21:37:14,33,2,5.6616,35,85,36,13,43,10,693.1712,1,1266.109,46175
4161,6a78ab1839c39758c3238df93640321476c43a71,0,1,0,2011-03-29 23:41:43,38,8,2.2207,46,5,2,2,40,13,13869.5614,269,172.1177,458
4162,b1ed2d1520ff9445f5d250362608b524995c3aa0,0,1,0,2011-03-30 13:53:51,118,80,1.0771,198,4,4,2,95,14,61736.3424,693,239.9406,2199
4144,725bfa95c78d832f5e9c3b74192790f558c458a3,0,0,0,2011-03-30 14:30:33,143,118,3.5253,261,10,2,2,82,14,66259.351,258,114.361,2596
4164,3a0efde8d3fed5fcabd9de7ca6030ff9f54a19a6,0,0,0,2011-03-30 14:30:48,4496,9293,5.6616,13789,2,36,13,3067,3,950.7721,194,152.8177,522
4169,acde48fb3db47e3c523b9e2b5fddb1517d7d9f64,0,0,1,2011-03-30 16:18:39,2,9293,0.0065,9295,1,1,1,7,4,4531.3759,609,162.0143,164
4153,d10d8783057fb72ae3e7e103bd9104e86c81c9ea,0,1,1,2011-03-31 18:39:37,4496,97,1.0607,4593,1,2,2,65,11,81041.4061,1,1.0,54719
4165,cd1b798fa852b9a038ae234c5639c643a3c98d0a,0,0,0,2011-03-31 22:37:04,4496,9293,5.6616,13789,85,36,1,11,5,17352.9787,1,1.0,46077
4170,f02b2ed0c16c74c91ccbad4135decc90340ef2c7,0,0,0,2011-03-31 22:40:52,4496,32,0.0147,4528,1,1,13,15,5,629.6832,2851,1.0,46000
4177,04bb3e4b10498e1425a831070618dec7b0f51d32,0,1,0,2011-04-01 15:05:03,157,285,1.675,442,5,7,3,119,25,18102.0632,1,1233.3743,7327
4171,6ea9d2af58a9e39f8f91c190ebe6631984d9339e,0,0,0,2011-04-01 15:12:47,85,1119,5.6616,1204,2,36,13,99,30,3.0,1,1.0,700
4175,358475ae24a350e23e5c4a71d3d4f8ea49583fc5,0,0,0,2011-04-01 15:19:38,150,9293,3.4662,9443,13,2,1,3067,94,52040.1399,1,1227.4531,63673
4178,f75e364cba4b31a8d78574dc6cb62ad1a402660b,0,0,0,2011-04-01 22:10:14,4496,40,5.6616,4536,85,1,13,25,9,11335.7053,2854,1263.0004,46440
4180,264c7f01a3194313b14c311aeeb68b07bc80e89d,0,0,0,2011-04-01 22:25:19,6,9293,5.6616,9299,1,1,1,89,14,22.0855,1,1265.449,46137
4181,f674bcc07220ea7accc086406f1d99cfa6578a5f,0,0,0,2011-04-04 13:21:28,4496,9293,0.0086,13789,85,1,13,15,6,77883.1556,1,1.0,46148
4187,5e8361bbcb142e06b46bd72263b0826acc5b390f,0,1,0,2011-04-04 21:53:09,461,213,2.6525,674,11,4,2,185,26,32857.4846,648,183.7327,2790
4182,6d777b46f49e3f8af9b96911a4455bbeaac86ab2,0,0,0,2011-04-04 22:15:39,16,9293,5.6616,9309,85,1,13,3067,5,3618.1837,746,255.4431,532
4188,6fc5ccaeb77e1183c95adfa60709b74fced44626,0,0,0,2011-04-04 22:25:02,4496,38,5.6616,4534,1,1,13,14,5,790.9117,745,246.9397,46
4176,adbff64e2d345a5653d5b46cf8a08f8c35d2f5e7,0,1,0,2011-04-05 00:34:56,4496,42,5.6616,4538,85,36,13,25,5,10032.6928,606,155.5187,63673
4190,4d1af49b98e6c0cb6b1908645d321bd21b448e4c,0,1,0,2011-04-05 15:22:57,192,9293,3.8658,9485,35,13,5,722,59,44116.4686,2677,1.0,54601
4186,ffa00a673f7a916c956ea231272f313da094c0ac,0,1,0,2011-04-05 15:39:06,295,149,1.0049,444,6,4,2,190,23,22460.5347,2836,1.0,46142
4191,a234853e5ad12b3217a8d2f8d3282dd55222f5ec,0,0,0,2011-04-05 15:50:02,18,25,0.0286,43,85,1,13,312,30,1382.1328,723,244.7366,2764
4192,bdba69ff8d59c975bdfb5ba60d3435c757633209,0,0,0,2011-04-05 17:27:01,4496,70,5.6616,4566,1,1,13,30,4,72266.6524,710,238.8736,2312
4183,edc2dafdf4d4bb2240404061ef85c661eda4fcb7,0,0,0,2011-04-05 17:41:30,7,16,5.6616,23,85,36,1,33,14,7485.4817,1,1266.1321,46312
4189,7e1e4b95195251bd6f56d30f504ade09ef6a7b3f,0,1,1,2011-04-05 22:00:00,27,50,5.6616,77,85,36,1,23,5,23029.2217,605,157.0521,63673
4197,16651d9ca86fb6ec5f6b8d11e7f98be8ec1908ff,0,0,0,2011-04-06 16:21:23,7,9293,1.2071,9300,3,3,1,168,32,3668.0228,2858,1264.63,46327
4199,c048a5f07198b4e4a929a1bdb35335ce69fee8c1,0,0,0,2011-04-06 17:23:08,7,11,5.6616,18,1,36,13,124,16,7332.7882,1,1.0,46285
4185,cc0322fef8cfa526932d72784e261f0dea519516,0,0,0,2011-04-06 17:35:20,4496,9293,0.0278,13789,85,36,1,71,18,6333.8019,626,170.3986,2145
4195,80d3decdfe70b12422c24cd71405aecc5a02b97e,0,1,0,2011-04-06 18:15:47,235,9293,2.7922,9528,17,6,2,535,38,30899.8152,1,1.0,55483
4193,2b3585a0327fb43f4e086dab536c28264a4dcf91,0,0,0,2011-04-06 19:08:16,4496,9293,0.0182,13789,85,36,1,3067,4,2575.1606,1,1.0,45816
4196,9f5880cc59031044a19f915d56dbabb846a9b436,0,0,0,2011-04-06 23:25:53,4496,101,0.0429,4597,85,1,1,53,25,19330.4525,714,257.8359,2950
4204,381401af7095c9244abe81ff2c13617c1fdf975a,0,1,0,2011-04-07 15:53:08,4496,80,0.8624,4576,3,36,13,160,23,35634.0989,1,1260.734,46555
4201,51a07442885360168fdad33b6da792911e07dd83,0,0,0,2011-04-07 20:12:22,43,9293,0.6312,9336,3,3,2,387,84,38010.6093,745,246.6186,3361
4213,9026700d7162acb4726585c5cf7c14123998d4d8,0,1,1,2011-04-07 20:14:48,37,54,0.6763,91,3,3,2,391,84,86384.0,750,257.2865,2629
4211,22fc25b9a223205f89293c7143aeb15de3ce6cfb,0,1,1,2011-04-07 20:31:51,287,303,2.3323,590,9,4,2,354,34,28892.4875,788,280.2151,1502
4206,48a072dac26e89991bed9e0a0226d3880389db99,0,0,0,2011-04-07 20:59:41,4496,25,5.6616,4521,1,1,1,75,6,1469.0485,727,252.6579,2418
4194,d988e11e29358a4a22df5d3a62e1c1884a2f531e,0,0,0,2011-04-08 14:40:27,24,9293,5.6616,9317,2,1,1,3067,4,76041.0102,214,130.61,63673
4203,701828fd6a32387aa8ee63c9c725cf77062f7f2b,0,0,0,2011-04-08 14:40:30,37,90,0.0662,127,85,36,1,117,19,79427.7776,200,124.0564,2102
4212,be43a7c099436ae141d7390de9df53bc2942230f,0,0,0,2011-04-09 18:29:26,4496,30,5.6616,4526,1,1,13,126,16,3631.874,2853,1.0,46380
4214,32f85c5bc0df3f1ba0d5904f9c1af45e45bbfa98,0,1,0,2011-04-09 23:46:28,353,9293,1.0595,9646,3,2,2,3067,10,50198.7016,1,1252.1165,54922
4200,5b9c40245786cd043bd0ae80b164bf61010a4f53,0,1,0,2011-04-10 01:19:59,4496,9293,5.6616,13789,85,36,13,3067,4,4772.6148,2831,1.0,8430
4207,de2ae8f91d58b92de5629131b904966fa58d801e,0,1,1,2011-04-10 04:44:31,24,9293,2.0694,9317,13,5,4,3067,13,29293.7052,2777,1238.0074,53398
4202,798db242c4480446df52481954e19994e39dcac5,0,1,0,2011-04-10 13:39:11,67,177,2.0105,244,3,4,3,3067,11,33077.0189,2806,1.0,55050
4219,6f4daeac59e8e5c4b7abe39c20aab24be1f6689a,0,1,0,2011-04-10 18:42:30,90,114,1.1197,204,4,2,2,357,85,81115.5842,701,234.5677,2061
4222,8c7bc2fe8718d612fdbcf0f8b7e33554f17efcaa,0,1,0,2011-04-10 22:59:57,1015,1168,2.5688,2183,34,16,5,633,92,37802.7091,1,1172.8835,57933
4220,264ffbe9b3e5996ccc05d3a5d9a93cb11a26cc7e,0,0,0,2011-04-11 03:27:04,4496,9293,1.0683,13789,85,2,2,72,11,31931.8402,2826,1.0,53898
4221,beac419bd36a033c6376d3b91455abdeddc85685,0,1,0,2011-04-11 08:36:55,444,735,2.5156,1179,23,14,5,1119,85,50538.838,629,303.4241,5650
4224,32ac6ee760c979b0094c8f9e9a710bf27326253b,0,1,0,2011-04-11 08:45:07,4496,180,2.2664,4676,12,6,3,858,88,20259.3687,654,217.876,1762
4218,448e64e448b26b434561ac421dfe89b45b133150,0,1,0,2011-04-11 17:52:13,121,101,0.9319,222,3,4,3,513,83,50027.0595,763,264.031,2815
4233,61fe5d4884fb04d0f6e10746353eb3a0e11d6770,0,1,0,2011-04-11 19:27:03,4496,9293,5.6616,13789,1,1,13,20,10,14400.0407,2845,1.0,52
4217,76fa3204383cb2cb306ea381a163471a392f578e,0,1,1,2011-04-12 15:09:28,323,9293,0.5676,9616,4,4,4,80,27,70132.8307,1,1.0,46653
4231,f33c4fdc5d883f5dc2252c0d0dfbd6dfa73deefc,0,1,0,2011-04-12 15:12:00,4496,128,2.3586,4624,7,2,13,309,31,67521.8822,2818,1.0,47100
4215,643ef396d7c95b0930cf4528a78182f8550736fd,0,0,0,2011-04-12 17:13:13,27,9293,5.6616,9320,2,36,1,61,6,30015.8428,715,258.9066,2159
4223,b4682e26627ae81abb3f1145f75b177f5054bf08,0,0,0,2011-04-12 17:35:34,5,9293,0.0089,9298,1,36,1,80,6,1520.4587,738,247.4704,2728
4228,c9499e85813970a65796356189e9356083018dbc,0,0,0,2011-04-12 18:59:43,4496,9293,5.6616,13789,1,1,1,9,7,35938.573,748,253.2545,2260
4229,2c06b0c9fd62f011969378304501770ef1fb24c0,0,0,1,2011-04-12 19:08:52,0,9293,5.6616,9293,85,1,13,25,7,454.514,738,251.2328,2501
4232,bda0f39cef98f9eefc8105ed19169188ff716263,0,1,1,2011-04-13 17:42:15,29,34,0.0091,63,85,36,13,19,5,71098.0733,606,164.0028,228
4226,5cd241d0a5672a9b564d08f50d4581d3105f7793,0,1,0,2011-04-14 18:37:31,40,9293,0.0475,9333,85,36,13,3067,10,16093.2228,1,1.0,85
4230,12260cf42157af2afdc0412a0c62642e370d4566,0,0,1,2011-04-15 12:43:04,46,78,0.0475,124,85,36,1,111,25,42091.6906,196,155.0396,2188
4210,0fb4df971685d7616131063205b93007330a4ad6,0,0,0,2011-04-18 14:44:17,26,9293,5.6616,9319,85,36,1,84,16,13844.2146,751,255.2384,2311
4239,ac7c83535f05dfc55daf3c77e7aa22d08e35a278,0,1,0,2011-04-18 15:51:47,371,9293,2.1715,9664,10,6,4,331,21,61834.1603,2804,1.0,56275
4244,0654df403f65a6c93794c3132c89f34bcb1d25cc,0,0,0,2011-04-18 17:00:35,4496,41,0.7457,4537,2,2,2,412,84,10946.5091,1,1.0,49760
4240,ca1c8bf247fa3fd65fefb31adfe5b1f6c29ec1a0,0,1,1,2011-04-18 18:57:23,30,38,5.6616,68,1,36,13,68,13,80567.6409,619,166.0587,1892
4243,0dbe8baa84767e3728bc3b9f14d69ad776ab816e,0,0,0,2011-04-18 21:44:00,24,114,2.6382,138,6,1,13,55,16,39717.9759,707,231.4173,3769
4235,d951f52538fc6423f0ac221ccb72473954465ca3,0,0,0,2011-04-18 22:16:29,30,9293,5.6616,9323,1,1,1,40,8,29574.664,746,257.8749,2990
4242,20f83e459a05a938b523dbe643b00914109dfe8a,0,1,0,2011-04-18 22:21:26,5,9293,0.0074,9298,1,1,13,52,8,357.9972,737,248.8072,2524
4248,f5b030a657c1263e0b15856991b239f9d3c15214,0,0,1,2011-04-18 22:57:57,0,9293,0.0105,9293,85,36,13,52,8,1997.4138,1,1265.0621,46125
4253,ca988efcad86d27045ef18c57e9263eb15775c5e,0,0,0,2011-04-18 23:05:04,10,16,5.6616,26,1,1,1,51,8,595.0506,2858,1265.9068,46104
4241,3f71a98aac5bcf1c3e4ce506ffa5fa513f2a0c40,0,0,0,2011-04-18 23:58:07,31,88,0.9522,119,1,2,13,66,22,46087.716,2843,1260.9178,45719
4250,b2128060de185ed1d9391628ed0547a41be009af,0,0,0,2011-04-18 23:59:35,4496,119,1.6613,4615,4,2,2,52,21,8577.7199,2840,1247.3578,46073
4255,057aadfd7cdf2eb7bb8c0d008c1579d8d36dffb8,0,0,0,2011-04-19 00:04:22,83,168,0.9898,251,4,3,1,3067,12,35283.5202,1,1.0,63673
4258,a28d130f13aa45b4aeba5c9c51d1c65b205248f8,0,1,0,2011-04-19 00:05:56,4496,9293,1.7756,13789,7,4,4,719,83,30685.6045,1,1.0,57100
4256,4f6f703ccebde81a7becb96094b29c225aa49695,0,0,0,2011-04-19 00:19:26,6,9293,0.0031,9299,1,1,13,92,26,41551.4773,2859,1.0,46192
4259,e045267730a38d0b27671cb086313d3d3bd2c3a4,0,0,0,2011-04-19 00:19:58,22,52,5.6616,74,85,1,13,109,27,425.96,2848,1261.971,45830
4237,3edbee223fed6aebe33ed8c5e168b4c79efead7e,0,0,0,2011-04-19 08:59:31,4496,58,5.6616,4554,85,1,1,45,4,68209.1229,723,254.6503,657
4249,3e44d450a344ebad4373f2454d6675aa13f438b0,0,0,1,2011-04-19 09:20:40,33,44,5.6616,77,85,1,1,3067,7,70404.6162,745,242.5171,525
4254,b8534fa167cee43ffd02c79d76a8fb22b802368d,0,0,0,2011-04-19 09:22:30,4496,9293,5.6616,13789,1,36,13,3067,6,411.6019,746,255.4029,433
4261,e771943253c899105c883b6dbb224cf73e7771d9,0,1,0,2011-04-19 12:54:08,87,162,2.9772,249,8,3,13,58,16,51654.6242,775,231.5625,1728
4274,1adcd1c52e87a2f59d9006a29fb9476174968a60,0,1,0,2011-04-19 17:13:19,1720,1569,4.2741,3289,50,31,12,1545,73,25641.3142,2641,1.0,1
4267,211e2b1cd55aa4a27411b15766d523db82766dac,0,0,0,2011-04-19 18:07:03,4496,9293,5.6616,13789,85,36,13,107,18,85240.2522,2847,1.0,46633
4246,6d7887acca06c185f660e03c4d4c987329c91356,0,0,0,2011-04-19 21:54:07,181,9293,2.9303,9474,7,1,1,113,12,8719.1658,2827,1241.1238,45239
4268,9a0ff7ba4797a20ef8d637b8044cdb6d37d897f7,0,0,0,2011-04-20 00:13:02,64,87,0.9289,151,1,36,13,3067,11,52296.6305,1,1.0,45818
4262,8fcbeb9f984f1b6994fe7375ef49afbb992c352f,0,0,0,2011-04-20 04:27:56,41,323,0.0951,364,2,36,13,45,2,51304.9911,1,1.0,8956
4251,20cdc0f4751b8b140498316a7be80c05a02932c6,0,1,1,2011-04-20 09:22:36,93,94,1.469,187,6,3,1,238,30,86384.0,709,239.0302,2996
4272,4e9cdccaacdf741d1db498d5bfb6f275e57e65da,0,0,0,2011-04-20 15:53:55,45,55,1.016,100,1,2,2,496,83,44681.0314,2837,1.0,49682
4275,02d3edae90b26e39e8e99bbf314c2462a3d17be9,0,0,0,2011-04-20 18:16:04,29,9293,1.7181,9322,3,2,2,386,83,61745.9198,1,1261.0422,50421
4260,17bad060117cdb1a8098a0faa849d83c1b5f4020,0,0,0,2011-04-20 18:46:06,29,9293,0.0396,9322,1,36,1,11,4,11974.8231,1,1262.2293,802
4279,2d95cb4957ffb83a0b643929c3221cae6d71a0b1,0,1,0,2011-04-20 19:50:50,57,970,4.3462,1027,27,16,7,927,79,30609.3338,2652,1158.7453,1
4264,c948fd286495616988cf707b043baf63540b4585,0,1,1,2011-04-21 13:33:13,72,140,1.3969,212,6,4,2,607,48,86384.0,765,266.5861,2046
4285,aa98dec33fe79af93e89c13a1811f20622025cd6,0,0,0,2011-04-21 15:19:51,4,10,0.4222,14,3,2,2,437,84,62445.5525,1,1265.0945,50128
4245,9e8e192e6e7fd28ad09fa3b580c29c639df50dc5,0,0,0,2011-04-21 16:13:45,4496,49,0.0109,4545,1,1,1,90,13,76368.5992,2853,1.0,46388
4265,937599575cbf9811940337122dabd14cf36ab2bb,0,0,0,2011-04-23 20:16:31,4496,82,0.9081,4578,3,2,13,154,11,22915.5832,2830,1251.5986,45728
4281,1b24a02c4cf8d4fce042e3f9b2f34945b729fcef,0,1,0,2011-04-25 17:29:08,72,9293,1.9839,9365,5,5,3,665,87,26845.3579,2803,1.0,57226
4263,359d12e5e633427edf0367f4ffffca11b1fb7f37,0,0,0,2011-04-25 21:39:32,4496,9293,5.6616,13789,85,1,1,40,22,255.0015,2857,1.0,46094
4278,d9d4176fdf352633c8f6bab9f5df987dea26b312,0,0,0,2011-04-26 06:58:01,23,9293,0.0369,9316,2,36,13,115,21,77136.4066,748,239.8811,2059
4287,299b7be0258dbd5ba55a105e70ddfb919f12ea09,0,1,0,2011-04-26 14:53:53,285,9293,2.8258,9578,12,5,4,364,82,57760.0515,1,1.0,60064
4280,e4d7c803aa6aad5df0f547941753bb5fafdb6535,0,0,0,2011-04-26 15:48:40,4496,9293,0.0657,13789,85,36,1,225,27,23794.3167,2803,1246.6446,2664
4291,cd62c0fef1329bf7f834b72fd5bb9bda31186b20,0,1,0,2011-04-26 17:07:20,213,240,2.3337,453,6,4,4,539,87,19689.7385,2798,1.0,59988
4277,f05d1881ae392b0f18cac927d7e7202dc0728dc8,0,1,1,2011-04-26 17:11:00,105,176,1.9818,281,5,4,2,916,90,59785.0723,2831,1245.3228,50981
4284,76853c8b8ddb71bb38d228f310470ee2195e046d,0,0,0,2011-04-26 21:44:33,4496,9293,5.6616,13789,85,36,1,3067,14,23863.8214,1,1256.6079,46553
4290,ffb04056c829756f019f1be534bdee7143179377,0,0,0,2011-04-26 21:54:21,4,1,0.0053,5,85,36,13,11,15,659.6981,1,1.0,46169
4273,741c616ce95df93fac5c5cf4aebcf8bc3cc9a0f5,0,0,1,2011-04-26 22:12:36,4496,9293,0.0329,13789,85,36,1,98,13,18559.7881,603,152.8384,1949
4292,cf0f55e578f3f1cfa2f0cc259014aef809456e07,0,1,1,2011-04-27 15:54:56,4496,38,0.6734,4534,2,2,2,399,84,33340.3299,2855,1263.7721,49796
4236,5e6539addbca00d82484a60d0ca574f0223bfe05,0,1,1,2011-04-28 13:24:22,4496,9293,2.162,13789,7,2,2,448,85,66489.0706,1,1252.4952,50765
4293,0251a8f0f66055960c2dc5502b6496313bf074f3,0,1,1,2011-04-28 13:36:07,38,11,0.9251,49,3,2,2,409,84,848.5059,2858,1.0,49861
4298,8cd4dcd2117b42de75958573c6cb7b98f02ba71a,0,1,0,2011-04-28 15:39:52,83,246,2.3531,329,12,5,4,550,87,26950.9617,2819,1243.0894,60212
4296,6ef7817d568845cde8a0bde12af1eabfc8d4426c,0,1,1,2011-04-28 16:16:40,38,9293,0.4921,9331,2,2,2,470,85,7116.3097,2853,1.0,49745
4305,27a5111811706c4ae6b4ccaf114b51d7cb6cbf7c,0,0,1,2011-04-29 15:35:18,4496,108,0.9231,4604,3,2,2,468,83,80041.4746,1,1.0,49017
4289,2641bd25204e3e28c5cfabc7321a8f3c1e98eff2,0,0,0,2011-04-29 15:38:17,4496,21,0.9941,4517,2,2,2,433,84,371.3835,1,1265.5504,50093
4302,832a45d89c42869769e159a1154759edeaf5b5ef,0,0,1,2011-04-29 16:52:45,67,9293,1.5734,9360,3,2,2,105,21,4587.8718,697,267.7224,3585
4308,ffb82b0539248644062d50543f5f555017cb6996,0,0,0,2011-05-02 15:15:15,4496,9293,1.4467,13789,3,3,2,597,86,69841.5369,1,1255.5668,49673
4286,086fafe362819d399bf874e9adc411ac52377274,0,0,0,2011-05-02 18:58:11,52,128,0.5223,180,1,3,2,43,8,9278.1534,2833,1250.7102,55263
4270,1984e8e615772394766b6919f9001add29034cd6,0,0,0,2011-05-03 12:28:47,4496,52,0.0299,4548,1,36,13,76,16,83176.6789,757,241.2326,63673
4294,a8d233cae1455a7ee1d99259fec94ebc92531939,0,0,0,2011-05-03 12:30:39,25,9293,0.024,9318,85,36,1,48,16,504.6213,728,253.7723,97
4301,55b1a56e76d6d400560b979954b90a23fa88e861,0,0,0,2011-05-04 08:15:48,7,23,5.6616,30,85,36,1,16,5,60089.0832,739,252.3382,2410
4303,c473679a233ba60e18be3daeb327becc439939cd,0,1,0,2011-05-04 22:17:14,4496,9293,1.4302,13789,3,2,2,60,23,24507.2612,2822,1253.9391,53756
4297,d719e5787cfbae2201384cb94290f673879fc56f,0,0,0,2011-05-05 08:52:16,4496,135,0.49,4631,3,2,2,440,84,66779.2417,710,236.1268,2206
4309,282bd51f64772e9208c2bcc1751b8e1abe321ad0,0,0,0,2011-05-05 14:19:51,42,9293,0.2577,9335,3,2,2,701,86,47523.9553,723,238.7471,3262
4316,575dd72257690aae09668f1ed720d7e7ea82ba34,0,0,0,2011-05-05 14:25:20,34,32,0.2648,66,2,2,2,670,85,61.8764,744,254.2157,3144
4283,e1a6cc02626c29f647c8c35dc22f69c41dacc046,0,0,0,2011-05-05 19:06:38,4496,39,5.6616,4535,85,36,13,17,6,23291.6368,5,24.1678,63673
4307,67112752cf1a314f50c98b583a5dbf1d9eed02e9,0,0,0,2011-05-05 19:09:33,63,127,1.0041,190,85,2,2,469,85,6686.2134,2862,1267.3333,1186
4310,5f0970484f22fd3e00d3299a964d24a32b974c88,0,0,0,2011-05-06 17:34:22,4496,46,0.8381,4542,3,2,13,272,22,20185.5635,2845,1259.5652,46692
4313,05187d5792adb132e0706c04806da8e427318dcb,0,0,0,2011-05-06 19:03:15,4496,59,0.0248,4555,85,1,1,156,8,5939.2934,2845,1.0,45986
4304,62cd28dfef1086607bef8d4b714ceb9be8dde250,0,0,0,2011-05-07 04:58:29,4496,9293,0.0761,13789,85,36,1,198,9,36294.08,2843,1249.6146,46849
4306,94f5a6a12b2d17a5e68abd3f63cfc7736b63d6e2,0,0,0,2011-05-07 06:52:53,939,117,5.6616,1056,85,3,1,100,6,37612.0284,2792,1.0,9709
4314,1033f8a32746657c74db79692aee6764b8ff8094,0,0,0,2011-05-07 18:36:32,51,70,5.6616,121,1,1,1,3067,4,4301.6196,1,1.0,63673
4327,dec698f840e56ecf32e0c813cd5183e6051aa869,0,1,1,2011-05-08 01:43:00,146,102,3.168,248,22,4,4,1079,85,28099.2943,1,1216.1579,61362
4318,79174de4b7f96d1aff7e80099f15be6a132c20fc,0,0,0,2011-05-08 04:56:50,4496,9293,0.9032,13789,1,1,13,53,4,41161.8615,1,1256.0496,63673
4321,a5e5cef9cd97a5b16b9b73e08421bae2311d2b78,0,0,0,2011-05-09 02:51:49,684,632,0.2823,1316,85,36,13,3067,4,7252.3472,2797,1241.3989,63673
4315,155df4534ab544fbf357af1fcf876ea7455895ea,0,0,0,2011-05-09 04:11:06,45,9293,0.0251,9338,2,1,13,41,4,10966.2127,2836,1.0,1220
4325,9268478f085b1ba7c30db2adf802dc86cfddd529,0,0,0,2011-05-09 04:32:32,82,154,0.3248,236,1,2,1,3067,2,4827.4695,2831,1.0,1291
4328,5ab7cda3c7058c03a6382d96e8ee69c242185f6e,0,0,0,2011-05-09 04:44:44,4496,251,0.8341,4747,2,2,13,46,4,2951.1827,2808,1246.4183,63673
4312,a76f6b8a204ed3a13423615e7ef7b709a94874ad,0,0,0,2011-05-09 04:44:59,4496,95,0.0287,4591,2,36,1,120,25,55618.6677,2846,1.0,45507
4336,835669aee8dc0ba14a37594e1ff07d056c74a3ea,0,1,0,2011-05-09 07:05:55,1934,2312,3.1458,4246,38,10,5,1278,82,25202.0953,1,1.0,1
4326,edba1e815145d823edc4ebe61bb9de39311620a2,0,0,0,2011-05-09 07:28:16,36,9293,0.0355,9329,1,36,1,3067,9,36323.8654,752,244.4512,63673
4329,f759cb193308f1f6eef1b42d7ff6cc7c3dfafb27,0,0,0,2011-05-09 07:29:37,13,9293,5.6616,9306,85,36,1,3067,9,86384.0,727,254.917,446
4331,fed37661245b15f8b8b0f3a7fd19b72a0a9ee78d,0,0,0,2011-05-09 12:22:04,35,57,5.6616,92,85,36,1,88,14,18335.1335,710,244.7324,2979
4319,1e026e5686b9d7472aa92e6520f937abbbd65d12,0,1,0,2011-05-09 12:23:21,10,20,5.6616,30,85,36,13,100,14,256.0309,740,251.8216,2466
4334,446e30d51c568064c4fd6cc6aa2df31ca0a019ff,0,1,1,2011-05-09 13:29:24,39,9293,1.0631,9332,3,2,2,519,84,56644.2853,751,253.5372,3306
4338,522d0dd1e4e0b76cb36907d13595b31e231543d6,0,1,0,2011-05-09 17:08:23,650,9293,1.7822,9943,7,5,3,678,86,50305.7431,693,270.4338,4437
4335,5d98581e9c30bbd226fee9087bdde0ac7bae6f86,0,1,0,2011-05-09 17:24:34,1323,9293,2.2523,10616,11,3,3,357,81,51649.9463,840,219.3807,5279
4348,fcd02e3a6600bcfbbd1a6a9aca01743c0bc72efc,0,1,0,2011-05-09 21:40:27,361,9293,2.4609,9654,12,3,4,401,85,16204.3662,1,1234.1889,56386
4339,5c288ccd1531a329c8f303b383363dec3264e848,0,0,0,2011-05-10 15:18:32,47,92,1.4406,139,5,1,1,67,12,72067.6058,1,1260.6979,46818
4337,d450b39206036be6274ff4c24116c89321eb6600,0,0,0,2011-05-10 16:53:55,4496,9293,0.0485,13789,85,1,13,35,4,68999.3032,2843,1252.0663,1208
4347,921f4994f3197b77774c75fd84fa806139561ba0,0,1,0,2011-05-10 19:03:58,169,398,2.7357,567,16,6,4,713,86,22878.2888,1,1243.4644,53173
4346,ce1dcdf34b5d06b9af1183fbbd55d94604cbc6f0,0,1,0,2011-05-10 21:41:50,85,135,1.9106,220,4,3,2,468,83,2985.8601,2816,1250.8093,50857
4332,8752029ae216c259929a527ede757aba31ded73e,0,0,0,2011-05-10 21:55:04,4496,78,5.6616,4574,85,1,13,37,4,52467.2626,1,1.0,63673
4341,c8f2414688e11b457be8305017fe34db0e85ffe5,0,0,1,2011-05-11 07:19:32,34,9293,0.7637,9327,1,2,2,622,89,43429.9584,757,255.1294,2546
4351,c5bb46756a2a2b5d89a9e58cf438f52a00892687,0,1,1,2011-05-11 09:10:54,20,51,0.8372,71,2,2,2,478,84,36442.4468,748,244.5168,2672
4357,022208bf0f3099b91143a76e8b57d5fa63671269,0,1,1,2011-05-11 14:19:20,20,9293,0.5265,9313,2,2,2,464,85,22010.6483,2853,1.0,50114
4343,d2c98b024d85bf72a6ce3e03d0b8d2994199c254,0,1,1,2011-05-11 16:03:12,4496,101,0.7806,4597,2,4,3,502,83,13032.815,2814,1254.9856,58509
4352,054404ba43d2e673adbd3da0317ed17b5c91701e,0,1,0,2011-05-11 19:23:22,59,9293,0.9651,9352,2,3,2,533,86,58280.5231,205,154.4527,579
4345,50b490e046bdc23b23fbb268400abcc41a0de72c,0,1,1,2011-05-12 15:31:01,4496,9293,1.7923,13789,7,5,3,472,86,17761.0804,1,1.0,59315
4361,c2cf5c4bececf7c2c46c6dfc5ffb9f702835127a,0,1,0,2011-05-12 20:33:46,4496,108,2.0779,4604,7,2,13,127,21,18796.6727,2817,1251.0481,45575
4360,0699fd171407236dfa4e6e3fc40fda32bcbc16a8,0,0,0,2011-05-13 00:07:42,24,37,0.3978,61,2,2,2,513,85,24306.1639,1,1265.232,50086
4359,5f38849a240b778627e4177d2b849c592d0f372b,0,0,0,2011-05-13 19:16:09,26,91,1.0321,117,1,2,13,379,30,29777.3727,2843,1.0,45683
4333,8ea183969b90633f79ec017659348415c2e842ff,0,0,0,2011-05-17 08:36:02,26,9293,5.6616,9319,1,1,13,3067,7,55112.3292,754,242.6604,2924
4349,259f06eff57b97e50404614e7ef8278fb4f19cbe,0,0,0,2011-05-17 08:37:17,23,9293,0.0094,9316,85,36,13,8,6,234.4579,726,247.0062,2738
4358,6db62b56018094540db72100973f8a01e0780ad4,0,0,0,2011-05-17 22:14:35,65,9293,1.0013,9358,3,2,1,85,20,5328.9365,1,1.0,46568
4367,f07f71df6df022287dbef31098952f96e9186852,0,1,0,2011-05-18 14:07:55,131,9293,1.3296,9424,4,5,3,494,83,72811.5131,2823,1257.8791,59078
4356,fc3cc03d3e81297e8f9ee6a7aebdf9e315afbaf2,0,0,0,2011-05-18 17:56:14,21,9293,5.6616,9314,85,36,13,82,6,38512.8736,2845,1.0,45794
4362,4e6c0f6c6bc51ab0e35dbdd0b07017085682bc95,0,0,0,2011-05-19 13:53:06,4496,68,0.5211,4564,3,36,13,175,15,84714.4886,713,266.4693,3391
4368,0db8b6407654f9cdf297569c17cebd6b07643d74,0,0,0,2011-05-19 13:59:04,15,55,0.4283,70,3,1,1,168,15,86384.0,717,256.4509,2244
4350,8aeead39036eafd09c8748b4e9d52492ae9dc59f,0,0,0,2011-05-19 14:00:48,63,9293,0.5186,9356,3,1,1,118,17,86384.0,708,243.0409,3106
4364,e23fff1d73a017cd0e0a95295721e73b8034846a,0,0,0,2011-05-19 14:02:07,18,100,0.5092,118,1,36,13,119,15,703.8205,758,261.4812,3168
4374,050d129179b99fa88d25a65afed78d0fedb24f1e,0,1,1,2011-05-19 17:10:49,4496,106,1.9157,4602,3,3,2,739,90,29805.0054,2832,1.0,50893
4354,46dc52ba991bf516c2cdd61767abd2b06757235a,0,0,0,2011-05-19 22:29:27,45,88,0.066,133,85,36,1,25,4,56125.9772,1,1253.7376,1114
4366,fe122c8c7d9ca0f002d5f394b4414dc91f278d1f,0,1,0,2011-05-21 02:03:30,4496,260,2.6085,4756,11,8,13,427,43,35791.4827,2775,1.0,44314
4340,d7823c873ac268fd9c9639a75da6b450602173b3,0,0,0,2011-05-21 04:09:18,55,119,0.0493,174,2,1,1,98,8,31680.4249,1,1.0,45602
4370,252451c38b8a30701b9dacc8d8281bb23447d454,0,1,0,2011-05-23 07:34:59,258,308,2.2674,566,12,6,3,841,86,47557.3756,765,230.8431,1996
4342,b76a5b5c04db7f5abecbb80124a65ca933ed1df9,0,1,0,2011-05-23 07:53:48,213,66,2.0404,279,9,5,3,815,84,2107.5654,675,261.83,2132
4372,83fc44b2950e738ad3dd49c1a6e158b2f5192f80,0,1,0,2011-05-23 12:51:03,865,214,1.5601,1079,10,6,3,678,91,50944.9434,768,271.5015,4643
4388,8cf1b2d769504c5e725ce11a4458301285c5a36c,0,1,0,2011-05-23 19:12:29,4496,9293,1.4545,13789,3,3,2,496,83,5000.015,2835,1259.3605,50399
4377,17b2451fea40d2037a76efa5deb535c82aed5d67,0,0,0,2011-05-23 20:38:04,66,9293,0.6278,9359,2,2,2,3067,3,73825.6285,299,180.2052,1117
4375,e496f0deb44a71fdea8512405bfbd33e7907bbd0,0,0,0,2011-05-24 13:28:35,4496,9293,0.0284,13789,85,36,13,90,6,19736.4319,2849,1262.6384,46074
4382,85e5c375731c7b74630bc9a0fbdc6ffe4c0e635d,0,0,0,2011-05-24 16:29:12,4496,9293,5.6616,13789,85,36,1,57,5,33590.2033,2805,1249.4583,9001
4385,5841048f62f8b53a08f7cfaf717094ab97e083ea,0,1,0,2011-05-24 16:45:26,3,9293,0.0055,9296,85,36,13,101,26,40485.2812,2859,1.0,46305
4390,653a940cc05c23786f82f87d057ca613ab023499,0,0,0,2011-05-24 17:37:08,4496,9293,5.6616,13789,85,36,1,118,25,2692.2025,1,1258.6654,46637
4379,c6aa1094595ccfa7fce9d67074fcd1aa63498ddb,0,0,0,2011-05-24 17:37:36,4496,9293,5.6616,13789,2,1,13,92,26,86384.0,1,1.0,46625
4369,8610e8d7409e68d89e272bb4c8c3c65ca33e6cfe,0,1,0,2011-05-25 00:02:22,26,9293,1.0316,9319,2,1,13,113,31,21927.3346,590,148.9036,2412
4393,5a4cfb1b1e7ea36d59e30b74873ebba4f62d25fa,0,1,0,2011-05-25 12:58:57,319,278,2.0603,597,12,7,4,498,86,52710.0331,115,60.2771,1318
4400,ea6ec429142ee2a31c4871d32ffe42061c8da892,0,1,0,2011-05-25 13:06:39,433,299,2.3326,732,8,8,4,545,84,11246.977,108,1267.3333,1468
4396,d15972e82d557afbde631a7880c7be7f9e27cb7a,0,1,0,2011-05-25 13:44:56,51,9293,1.3553,9344,4,3,2,114,18,70157.9477,91,29.7732,63673
4376,e485f346afcf55ac4503082ba4a4d3760d6d1130,0,0,0,2011-05-25 13:45:44,55,141,1.2095,196,2,3,2,175,18,972.0736,9,7.9555,63673
4392,9c9c2edc569864bd8000c1385dd8e11343364252,0,0,0,2011-05-25 15:47:39,4496,54,5.6616,4550,1,1,13,3067,5,76675.4782,2853,1264.9067,46048
4401,840c56cb6b330f8de8754991828e577519719e93,0,1,1,2011-05-25 17:26:16,11,9293,0.209,9304,2,2,2,527,85,15114.48,2849,1261.5579,49789
4399,2ae4267b531422b372f289039566dd5dcb93264e,0,1,0,2011-05-26 20:47:16,15,9293,1.0053,9308,3,3,2,477,84,10382.497,2853,1.0,49727
4402,e970b03c65ffa2267236c636a10712e3ca448f94,0,1,0,2011-05-27 13:56:21,89,309,2.2095,398,5,6,4,680,87,54942.4588,5,61.1601,63673
4389,1da12e2e853a0562e37caa9b8c4f981450ab4152,0,0,0,2011-05-27 14:25:42,9,20,5.6616,29,1,1,13,17,8,1870.0395,728,247.7577,2453
4394,c33acda220c6171c0b28359e9e786961ea9f273a,0,0,0,2011-05-27 14:28:17,7,1,5.6616,8,85,36,13,9,8,222.6576,730,248.211,2509
4413,7c557e25038db45d1e5e8555d11608a5cbb390c4,0,0,0,2011-05-27 15:07:07,3,9293,0.9383,9296,3,2,2,498,84,6513.4125,2853,1.0,50077
4380,fc9c3b0067ebf4282d74a65047c0ffcce7d90d85,0,0,0,2011-05-27 22:25:21,43,9293,5.6616,9336,2,1,1,20,8,33728.8517,578,177.465,993
4397,a6be23463d4c0edbbfb709a88481e3ea04911816,0,0,0,2011-05-30 08:23:26,30,9293,0.0413,9323,85,36,1,316,38,71028.1799,2862,28.1562,63673
4403,5fe482029e771a3ae5cad4f51a475181460ffe4d,0,0,0,2011-05-30 08:51:33,53,63,5.6616,116,85,1,13,68,8,51491.9173,8,23.1913,63673
4406,992cc99cec0a94c0df9c0119f252d5973711565c,0,0,0,2011-05-30 09:50:44,85,9293,0.8818,9378,3,36,13,136,33,73111.0361,62,1267.3333,63673
4387,3d9305b505471db21bd73d79a95d7d4a4981433b,0,0,1,2011-05-30 13:02:40,4496,9293,0.3854,13789,2,2,2,109,7,42856.3483,711,241.6262,2394
4407,7e40e39a4e42d13887f4bb6771238ccd8f11f05c,0,0,1,2011-05-31 02:08:39,80,114,0.0905,194,2,2,13,383,29,43036.4078,70,1267.3333,777
4378,7f9d14178a83ccaeb3b5a5a8f5733c4f894f844b,0,0,0,2011-05-31 02:10:33,46,49,0.5252,95,2,2,2,759,86,24341.3222,7,27.0249,63673
4411,4552c59388a4bd73abf35ea9f3c2366be416555a,0,0,0,2011-06-01 15:03:30,29,48,5.6616,77,1,36,13,117,26,77495.5074,2847,1.0,46488
4412,86f608f3eab0292e317029ef29339deefd87c368,0,0,0,2011-06-01 15:11:28,41,67,1.0192,108,3,3,1,422,34,32175.9649,2849,1.0,45846
4395,cd60613ae03642a841c0fd460205bcf78b10249c,0,1,1,2011-06-01 15:34:57,23,9293,1.3052,9316,5,2,2,848,86,10453.5905,2848,1.0,50312
4416,afa784716907eea84c4fd88ed5a435d695aed58c,0,0,0,2011-06-01 15:52:56,220,279,0.1996,499,85,1,2,430,85,4876.4894,2796,1.0,5430
4423,00f9868d94d03ca4f7d47e7ffb530cf5f95a56f0,0,1,0,2011-06-01 15:58:44,214,143,1.8535,357,9,3,4,451,85,11749.0823,1,1.0,56667
4409,ca85af79b3b4a8a843ad6b45ce2704882a49b099,0,0,0,2011-06-01 16:06:58,4496,9293,1.1699,13789,2,3,1,80,5,72882.7172,1,1240.5467,1896
4419,a8b65ff8e0779778553c49b1b5f1399cc2b913bf,0,0,0,2011-06-01 19:11:33,4496,49,5.6616,4545,1,36,13,38,5,19114.3047,625,155.6683,63673
4428,398a47cd4d7b2a1eedb7c938b504e1c151cd2c6f,0,1,0,2011-06-02 01:42:17,4496,168,1.8669,4664,3,5,4,479,88,29604.3687,1,1.0,49506
4429,a7bc6ee07cbe6f2952a60d47786d6b152cddfbde,0,0,0,2011-06-03 23:44:31,1,9293,0.9558,9294,2,2,2,468,84,49658.8245,2852,1263.6056,50250
4430,8b24d813b586cbc16783d7b7a384ebfaef4ca3ec,0,1,0,2011-06-05 13:41:30,101,281,2.5162,382,14,8,4,578,82,34850.1903,1,1.0,60238
4425,a73383ebd70124ea5dd413fa29346b8d587fec59,0,0,0,2011-06-05 13:46:30,112,58,0.0192,170,85,36,13,12,0,49029.6158,1,1.0,46477
4426,9ca7de92762450970fd035c8060a57081e631234,0,0,0,2011-06-05 14:08:01,66,9293,0.0181,9359,85,36,13,3067,4,1550.5379,2845,1.0,45867
4391,992a81bb48e62466a456cb5d92d7cdbaaa805c58,0,1,0,2011-06-05 14:42:06,147,9293,2.0968,9440,19,10,2,507,36,25824.1861,2814,1.0,52727
4424,3c4687c6d8c8bc2989c8cc9e951a1804796428b2,0,1,0,2011-06-05 14:44:07,4496,1048,5.4909,5544,33,15,2,752,47,8263.0416,1,1201.0875,50498
4432,77b7ab228ea9207bd20311d04995d45e2592ce88,0,1,0,2011-06-05 14:45:47,561,156,1.5047,717,4,36,13,3067,1,54322.4874,2811,1.0,6943
4434,b7a173ab0768f67d86ef97943a63317b76cd4527,0,1,0,2011-06-05 14:46:18,403,9293,1.5483,9696,2,36,13,3067,11,86384.0,1,1250.5246,8829
4440,5703b6b05645537016220c29a21b72c676f2189d,0,0,0,2011-06-08 13:16:14,47,9293,0.2133,9340,2,2,2,487,85,65519.9948,2852,1.0,49545
4422,57d856f730a22c16dd84fed48d2ab5bfa1182a08,0,0,0,2011-06-08 13:16:34,107,9293,5.6616,9400,85,1,1,3067,1,49041.1227,2831,1246.3903,7100
4439,e6499d8dd1828547563936f8e4f0096d71c42f71,0,1,0,2011-06-08 13:23:09,139,140,0.9732,279,2,4,3,523,83,1652.9221,1,1251.1001,57550
4435,2cec2c90165d7707acb3781930f016b0f7e20cd4,0,0,0,2011-06-09 13:02:40,4496,5380,0.3302,9876,85,36,2,14,34,77163.0804,363,232.7369,63673
4436,8bec40c48a57a9fefdcefa4d15fd9155c93673d2,0,0,0,2011-06-09 17:53:32,4496,368,0.0299,4864,1,1,1,176,30,16903.9783,601,172.2781,63673
4420,b43abac8b2819f4d1633e2b55f464b4ed2eb51d9,0,0,0,2011-06-10 20:47:46,389,85,0.5473,474,85,1,1,36,2,10029.1298,2830,1247.8484,797
4442,e70e73352d8d9d49b88bd9a71d666328cae2cad6,0,1,0,2011-06-10 22:14:59,128,9293,2.9727,9421,7,6,2,352,33,29787.8551,1,1.0,53221
4431,8365a292913ff6cfd41cfb5d742fe226d1f4a957,0,0,0,2011-06-10 23:24:36,22,9293,0.2107,9315,2,2,2,502,84,18639.3394,1,1263.9773,49801
4446,41510386fcd4edcada3713890a66115758bc4e28,0,1,0,2011-06-11 01:45:16,352,315,2.9039,667,10,4,4,703,82,35616.3343,2791,1228.3251,59752
4444,2fa8f2fb7b8f74c897df990984a81e48c577fc87,0,0,0,2011-06-11 12:13:12,4496,9293,0.0689,13789,85,2,13,54,12,58999.076,2815,1.0,3391
4455,56997214b6c5c7f32095f6f85af82d18ebe53e90,0,1,0,2011-06-13 19:40:21,822,9293,2.7347,10115,23,12,6,1072,0,45886.4931,1,1.0,63592
4448,1a26564400d5ce1cb14ce950c9858ead6c9067be,0,0,1,2011-06-14 07:55:43,4496,9293,0.9324,13789,2,2,2,528,84,52592.1641,744,254.0653,2750
4449,5dda04f238ea552b4e679c498c71c64ccda937c2,0,0,0,2011-06-14 08:16:43,4496,50,0.8914,4546,2,2,2,538,84,1755.1816,754,256.6644,3245
4454,67949f63f19f6397f4aaac7bf0f199b136d4addb,0,0,1,2011-06-14 09:17:00,4496,60,0.4457,4556,2,2,2,459,84,22071.5084,760,238.7471,2662
4447,b602f6e2a51d6cc408420e5442dff843680b1584,0,0,0,2011-06-14 09:47:30,25,9293,0.8952,9318,2,2,2,552,84,23162.532,756,257.8321,2586
4450,bc15e804530e87b1c5cc8c96fdf939dcaaa8efd9,0,0,0,2011-06-14 15:16:04,4496,21,0.7111,4517,2,2,2,485,84,11051.5042,1,1265.1603,50149
4465,102546162af4d26f0baa85ac96dc85a47c36fb28,0,1,0,2011-06-14 21:39:47,116,248,1.8414,364,12,3,3,822,89,31903.202,2819,1247.8327,53096
4433,21bc3c217ecea552f0226b8b492d774a95ed7bc9,0,0,0,2011-06-15 11:57:44,4496,104,0.6228,4600,3,2,2,459,84,25847.2263,753,242.8422,3634
4453,27f189c6d244a7601a6587d37e89870b03c9c0c8,0,0,0,2011-06-15 17:55:31,72,9293,0.1266,9365,3,2,2,513,85,25148.7358,755,260.4954,2441
4471,d8b1fc3952caa22be53e20d0e145aa3137ffc58e,0,1,0,2011-06-16 04:24:33,524,814,3.0964,1338,12,11,4,851,85,38320.9711,2731,1.0,58265
4459,35d9347bcc475f0ac024b0a8ff9f61ce75792ae3,0,0,0,2011-06-16 16:10:09,292,9293,0.1007,9585,3,2,2,46,94,59493.9761,2825,1.0,47145
4408,63fa8711a3764951ac5ffe0cff4623c665ab6885,0,1,1,2011-06-16 20:44:50,4496,9293,1.0265,13789,4,3,13,509,33,44563.7088,63,1267.3333,849
4457,dc76b2764a6b70cfd3d41862e413a0f8e6f095f4,0,1,1,2011-06-16 21:03:15,72,9293,1.6208,9365,3,3,2,129,36,63353.4637,2814,1250.7338,45667
4451,b20e796b5eb7996212bb6154b3ab81bc582bfa4e,0,0,0,2011-06-17 15:41:03,4496,9293,0.0698,13789,85,1,13,3067,1,2451.9526,87,32.5542,63673
4458,82ca7c54452b83bd1c069e98e91831517425ed47,0,1,0,2011-06-17 19:20:18,57,75,0.0168,132,85,36,1,48,10,7452.7011,603,156.2457,1478
4477,5d2e61dc45cf62072564b021081f1b7d4b34821c,0,0,0,2011-06-20 09:00:24,39,95,0.5457,134,1,2,2,679,88,31803.7388,766,242.2021,2333
4438,28610e42863df218c569cfd342d5c8c5243a09dc,0,0,0,2011-06-20 09:03:06,4496,11,0.6016,4507,2,2,2,704,89,276.6219,730,252.1324,3149
4460,3353a57d84509329628998d029f4807f0daa7c3a,0,1,0,2011-06-20 09:05:02,57,68,1.3447,125,2,1,13,4,9,61663.435,707,257.6306,3040
4456,818432c04317b50d79367b5095665010194771b0,0,0,0,2011-06-20 16:58:46,24,9293,5.6616,9317,85,1,13,197,7,824.4603,2851,1.0,46025
4462,a06b32842087d944388d9c90a79fc0e82fc35df6,0,0,0,2011-06-20 20:25:44,4496,9293,0.0195,13789,85,36,1,38,7,85871.4241,2848,1262.7637,45910
4466,021d2a83813cf53d9173caf6615f0ef10a43db17,0,0,0,2011-06-20 20:25:50,5,8,0.005,13,1,1,1,20,13,717.8929,1,1.0,46270
4472,8d348a4d4b1db2d239b1f1c0ae43278de1279208,0,0,0,2011-06-20 20:28:28,4496,14,5.6616,4510,85,36,1,31,7,321.4548,2858,1.0,46360
4463,7754f8266fce069936891800fed3937680137fdb,0,0,0,2011-06-20 20:50:08,20,9293,0.0231,9313,1,36,13,3067,4,2901.376,1,1261.3125,45937
4468,84fee69634d0ab26eff5834896f44bd9fede6666,0,0,0,2011-06-20 20:50:23,16,9293,5.6616,9309,1,1,13,80,13,13637.4963,2850,1.0,45996
4473,a419a26739d3c5b894a88649191a72b2da9e56b2,0,0,0,2011-06-20 20:50:52,4496,9293,5.6616,13789,1,1,1,136,16,505.4137,1,1.0,46027
4481,db640f9d43b5a406b950eded93c56db4e4fa9c00,0,1,0,2011-06-20 20:59:37,53,9293,1.0211,9346,6,5,13,240,25,45733.3819,2840,1.0,45755
4469,81555f9e378cabc90a6d2a7af71f6737245ed1b9,0,0,0,2011-06-20 21:07:06,26,104,5.6616,130,85,1,1,188,30,75411.0224,2838,1253.9628,45509
4478,2cfb33271a9ad0d9910afbf2f61aaf303c10ea24,0,0,0,2011-06-21 18:07:58,4496,71,0.7009,4567,2,2,2,511,83,6645.3013,714,254.7391,3423
4484,7001cc606b3cbb6cb10f46491c58d3a1f1eea0a2,0,0,0,2011-06-21 19:50:53,4496,9293,0.9783,13789,2,2,2,494,84,15540.6379,730,248.555,3122
4487,749843507d1872e28f6cdb5fa67c305d4fc600ea,0,0,0,2011-06-21 19:52:55,27,38,0.8286,65,2,2,2,509,84,631.2275,720,246.0269,2775
4470,5a684c8caf9f982ada2b6cfc8c2ccf4e79175923,0,0,0,2011-06-22 19:06:17,12,9293,5.6616,9305,85,1,1,13,5,16028.249,2850,1263.7024,46035
4480,c0ee29d25393c2ed6d8f961ae37404e4f12d4867,0,0,0,2011-06-22 23:39:50,42,9293,5.6616,9335,2,1,13,41,18,24006.9916,1,1259.3177,46648
4482,de9dae0e825b9bc1eed21f5b99d9a8d585ce36ee,0,0,0,2011-06-23 02:14:00,32,9293,0.016,9325,1,36,1,35,6,16020.3681,1,1264.4509,46043
4492,e17513b927522a4182e9812100979bb37ccb51d9,0,1,1,2011-06-23 05:49:35,323,9293,2.4217,9616,11,5,3,767,86,35586.9095,1,1.0,59428
4496,d910cdb2db1919a4aa7c73b78d8107434df82223,0,0,0,2011-06-23 16:03:27,3,9293,0.7019,9296,2,2,2,628,84,60245.1483,1,1264.3135,50151
4474,14f3714f0504e4c6ff3914d93512f590dd5aa5d2,0,0,0,2011-06-23 21:27:12,25,9293,0.024,9318,1,36,13,87,6,21610.8824,2854,1261.4285,45851
4483,5a9a0c743d77d88a4fa4c4412f57be62eac61286,0,0,0,2011-06-24 02:13:27,35,57,5.6616,92,85,1,13,56,6,23997.853,2849,1.0,45915
4491,b15070c091e1c24268e4a3344c1c1b6dfdb16ba7,0,0,0,2011-06-24 02:48:45,11,23,5.6616,34,1,36,13,10,5,44572.2023,2856,1265.4316,46085
4495,bf879002cd11a869656bcde769fe9893880c91be,0,0,0,2011-06-24 03:22:33,32,9293,0.021,9325,85,1,13,7,6,41994.0551,1,1263.1773,46036
4497,0f4dd380e7e2da67165bf61e96a8942ed9ab0538,0,1,0,2011-06-24 14:20:01,2,12,0.005,14,1,1,13,14,15,60069.0623,2860,1.0,46261
4499,0cc90903e4fee7f33e5a30da7bf2387f3626a3f0,0,1,0,2011-06-24 14:22:41,4496,9293,1.9688,13789,5,7,3,887,86,53082.5767,2834,1247.6731,50801
4498,2d7ed1c20062f3d6d327b57348234118b2913f1a,0,1,0,2011-06-24 14:26:06,92,9293,2.2172,9385,5,5,2,800,91,4756.2873,1,1256.7466,50759
4494,62afb54215bdc82fa6145d3d25e2344f686b9f3d,0,0,0,2011-06-25 02:37:25,15,9293,5.6616,9308,2,36,13,57,9,39701.1862,2845,1258.5839,45927
4502,66583186283fa4f22e61d85c1c0d2be16831f7db,0,0,0,2011-06-27 21:40:36,36,35,0.3811,71,2,2,2,501,84,24105.6957,1,1264.982,49822
4504,8a80faf41e1179a31b7a42434f363e5c8e306aff,0,1,0,2011-06-28 00:14:09,9,9293,5.6616,9302,85,1,13,77,15,7288.534,2858,1.0,46163
4489,ebe9815431255fceba3b2238814be92360caada7,0,0,0,2011-06-28 07:53:08,46,78,1.5004,124,2,2,2,541,83,19725.7878,712,259.0775,2384
4506,2f160464807686494e224417ccce8bb86a2f4e20,0,0,1,2011-06-28 07:58:56,4496,37,0.9468,4533,2,2,2,523,84,40920.4948,745,245.078,2635
4512,27e2772b1d187d206278ee1645aeca49721451f7,0,1,0,2011-06-28 12:16:08,12,9293,0.9084,9305,2,2,2,539,84,15330.8883,731,248.4221,3082
4485,85ae73d98ed31ead1a9d123c30c9dcb4fa72212f,0,0,0,2011-06-28 17:59:17,4496,9293,0.044,13789,2,36,1,34,22,12010.7508,600,166.7201,1280
4501,99a680de3a9a9f6d12ba193b6279bfbd64a4f040,0,0,0,2011-06-28 18:00:30,22,9293,1.0247,9315,2,2,2,565,84,47175.7554,2854,1.0,49702
4513,1f75bfa1a854fdf9a6a635cba6ff6abd9d9dd814,0,0,0,2011-06-29 15:15:29,54,21,0.1419,75,2,2,2,790,85,55028.5061,729,254.4366,3229
4476,dba4e0b9224ac9bb8f1e0fe536c9cb7fc890ff50,0,0,0,2011-06-29 15:48:50,66,9293,0.1755,9359,1,2,2,759,86,1365.3197,752,243.7221,3266
4508,127c02856d297ee9d2584227549b64f48414f6a2,0,1,0,2011-06-29 18:55:50,669,9293,3.8899,9962,63,21,4,718,44,58744.8516,877,279.6811,5441
4515,320b5eff985d43955e0c51fb8eb94d75048b6e51,0,1,0,2011-06-29 19:36:15,12,48,0.0244,60,1,36,1,381,30,13969.6374,721,254.29,2334
4503,6d244e003624fcea4167fd3531d18cede65c0533,0,0,0,2011-06-29 19:41:46,45,47,0.0196,92,1,36,1,383,30,86384.0,747,245.0299,2415
4510,e63168da75623328c54e1b11207696b2599a6ba9,0,1,0,2011-06-29 19:43:24,5,1474,0.2456,1479,5,5,2,179,25,32748.7168,1,1.0,47757
4523,36638db022ee422c344630f44ce2f7e2096e05c4,0,0,0,2011-06-29 19:45:27,2,9293,0.47,9295,3,2,2,587,86,8135.4947,748,259.3789,2720
4516,f2f860e3d01c4a492fe1aca6206dec763746bb92,0,1,0,2011-06-29 19:50:42,16,33,0.367,49,2,2,2,552,85,533.1169,729,247.2445,3196
4521,b3513dfa76b176ce52415688c46a68c83e766b65,0,0,0,2011-06-30 00:59:12,4496,9293,0.668,13789,2,2,2,644,85,28083.662,2851,1.0,49756
4518,c2bc2240c65d5108103a197546f69ba3c7f8d43f,0,0,1,2011-06-30 01:02:33,85,93,5.6616,178,85,1,1,96,14,52747.7411,1,1250.2055,7015
4505,9e58703187e2ca410e63a184a89ae14684374225,0,0,0,2011-07-01 19:54:15,4496,9293,0.5226,13789,3,2,2,534,85,37965.8045,1,1.0,50236
4490,d64e8058726cbf46307075537c36fd03e41815ff,0,0,1,2011-07-04 16:20:14,4496,111,0.6543,4607,3,2,2,647,85,71371.5376,1,1.0,49335
4519,8e701e01cdb656b65f8efa9c8264baf9f4a373f2,0,0,1,2011-07-04 16:22:12,2,15,0.3684,17,2,2,2,537,84,6758.6041,2856,1263.6731,50127
4525,9075d8988d7d5f99e5358f4ade97e68f5758904a,0,1,0,2011-07-06 12:17:23,2,152,1.2416,154,6,5,3,489,85,70343.8071,711,232.0489,2809
4507,df9308f2afd2c1602e08c5ab0beb922215db6e4f,0,1,1,2011-07-06 13:16:14,4496,9293,5.6616,13789,1,1,1,136,16,75162.6152,2857,1.0,46050
4524,c6f74b6180d629c4409384eb5d8b1868a177d584,0,0,0,2011-07-06 13:27:19,4496,9293,5.6616,13789,85,1,1,3067,5,86384.0,1,1262.6245,46098
4529,52674498cd9641563e430cf55214c8e60ed8fb1f,0,0,0,2011-07-06 14:40:22,25,9293,1.0304,9318,1,2,2,556,85,43993.22,718,244.3575,2679
4536,6a9a336ad4a4621aeb7bf73a4e6cd15aaf74323d,0,1,1,2011-07-06 16:00:18,162,9293,2.5908,9455,12,5,2,1013,93,28998.2967,1,1231.8887,49025
4526,e93778a9fab0872cb1a12a97a52513319ebcc6a5,0,0,0,2011-07-07 13:37:28,11,9293,5.6616,9304,85,36,13,32,6,3124.7744,739,247.8844,2728
4537,2d2105d6c40fbe2ff54add89a393f53830764db5,0,1,1,2011-07-08 16:37:37,6,9293,1.368,9299,2,2,2,553,84,7894.2912,1,1257.6511,49657
4520,5a7c2e52d122bfee3c20431a333b42e73e4cc9e0,0,0,0,2011-07-08 18:15:49,54,9293,0.0707,9347,5,5,2,109,11,35568.5726,1,1252.7918,55368
4530,bf77ac53da6022f017102b495fb1b810b2392014,0,0,0,2011-07-09 03:34:02,4496,9293,0.9351,13789,85,1,1,3067,8,68580.6212,1,1253.2823,46749
4509,42e0de38aea1b4c85b20daedc11b7c00fc26d015,0,0,0,2011-07-09 16:12:15,19,9293,5.6616,9312,1,36,13,12,9,45184.5322,1,1263.9946,46460
4532,19658abf4126a869146ae57648c3c61319f60890,0,0,0,2011-07-09 21:42:26,16,9293,0.7874,9309,2,2,2,608,84,24625.3267,1,1.0,50279
4533,b834dde2874ea6ec6b136d1fbb3618a5ee151b2c,0,0,0,2011-07-12 23:37:01,4496,132,0.0795,4628,2,36,1,71,5,29466.8107,2831,1.0,45722
4548,ed18ee0c728ae069b7e41161bb301c9688491cbf,0,1,0,2011-07-13 16:24:31,435,9293,2.0609,9728,8,3,2,686,83,31581.8795,2789,1.0,48748
4542,273c53831faede08b6f539ea80517a454ab50a3a,0,0,0,2011-07-14 14:32:16,5,103,0.0568,108,2,36,1,3067,4,85085.134,1,1.0,7175
4514,fcb7e7a7c51778cac7f5e82461b968bfffaefd3c,0,0,0,2011-07-15 17:03:13,3,80,0.9662,83,2,1,1,330,37,4603.7892,594,148.4864,1267
4528,65dcec661a1cade3ccd5adb1fa0b47b5df7b972d,0,0,0,2011-07-15 17:33:41,4496,9293,0.3324,13789,1,2,2,135,18,43046.4232,629,152.2687,1502
4539,ab72dc9270bc14235ea81f7fc73da1b780f657e5,0,1,1,2011-07-15 17:33:50,3,66,0.2594,69,1,2,2,186,18,739.472,594,149.4655,1636
4545,1ade3939e596ebce0f7dae0d19d18439e3ab06c3,0,0,0,2011-07-15 17:42:11,22,49,5.6616,71,85,36,1,132,20,79482.5944,602,157.7484,1447
4527,22ceeb3dc2e79d377f771a922be44aeceb97b6fc,0,1,0,2011-07-15 22:12:22,51,9293,5.6616,9344,2,2,13,190,26,22340.643,622,154.2915,1306
4540,c5fb79b77576cbdb84496aacc4d4417b05e20f9d,0,1,1,2011-07-15 22:17:58,46,92,0.9022,138,3,2,2,127,16,7923.4502,633,172.817,2432
4557,6eb154ba5616e0df3ce4f11c88dbb1c92d317465,0,1,1,2011-07-16 01:52:00,44,9293,1.4166,9337,4,3,2,572,85,34266.7841,2845,1.0,50487
4531,83f9f455d76ec831666f8ed6d6dcbe811145e830,0,1,1,2011-07-17 14:13:22,57,77,0.2515,134,1,2,2,653,83,50263.1733,1,1.0,50309
4544,bf36603ea27e3093eeb7de5970323d65fceeee44,0,0,0,2011-07-18 16:34:02,4496,9293,5.6616,13789,85,36,1,14,10,77340.5819,724,245.1762,2339
4522,1d027c8b018efcf10d0e7ddca2849c78caedf5ad,0,0,0,2011-07-19 21:22:59,43,49,0.0339,92,1,1,13,30,6,39041.0816,2842,1.0,45918
4551,647e3e5a3106667e79c23e22fb7abfb0241dc5f4,0,1,0,2011-07-20 00:13:25,116,9293,1.1703,9409,5,2,3,513,85,23013.6092,2826,1251.2722,58548
4555,f3dd96507a53524ea507d1e0d701512c96b9bde3,0,0,0,2011-07-20 14:53:19,18,41,0.0147,59,85,36,1,37,14,76502.1316,2850,1261.662,46505
4554,c9b29e2091768e1083dffdf08922703ffc15259b,0,1,1,2011-07-20 15:07:09,73,76,0.0047,149,85,1,13,27,7,81846.9706,1,1265.3437,46291
4546,d20f76251e63b0f763df130152f46942a653a5e7,0,0,0,2011-07-20 17:52:42,9,9293,5.6616,9302,85,1,1,293,37,2798.5016,606,158.3813,1514
4564,43a1f3584b8ca8f4683f4e7c84c83c9fadd83b05,0,0,0,2011-07-20 18:09:10,4496,101,0.7622,4597,3,2,2,635,83,70223.8745,2832,1259.9956,50561
4569,365f11ce06c5b196f08851a9d89c122c24941743,0,1,1,2011-07-21 11:11:50,378,464,1.247,842,6,5,4,872,91,55583.2968,702,271.5781,4257
4550,a720178032af2b32bbf571784f414a909f738c28,0,0,0,2011-07-21 19:33:24,76,9293,0.7431,9369,3,1,2,171,19,12863.4508,2815,1.0,55342
4559,37326e75f1541f6f7b6ab1a60338666df30ab0f5,0,1,1,2011-07-21 20:10:54,25,12,0.0049,37,1,36,13,22,5,3660.8001,618,159.808,187
4570,be22ee49b7156d57378cd4812c38e8b4d0dd03b0,0,1,0,2011-07-21 22:42:26,114,106,1.0642,220,4,2,2,649,84,20840.2514,1,1.0,49786
4556,8736fb6c5b116bc3d8922aac6c3ada7c7df66f1f,0,0,0,2011-07-22 01:13:06,42,9293,0.9774,9335,3,3,2,593,84,13960.3864,1,1263.2207,50304
4561,bb629258475b528b94f803ae08c108230c6e8b76,0,0,0,2011-07-22 01:48:17,36,55,0.0454,91,85,1,13,35,11,25503.556,2847,1257.9095,45841
4553,ba1fb81ff92f5e9379257eac6d1dcdbd2f4119c2,0,0,0,2011-07-22 20:22:01,63,84,0.6033,147,3,2,1,357,29,9981.4359,763,261.7091,3082
4563,4a7c2c76e22c1c6677fcef52b851a0a290911be8,0,0,0,2011-07-22 20:26:15,41,108,0.5875,149,3,2,1,420,31,1416.1932,764,235.7706,3365
4568,bc09ebf50d646d4d0bd2a6ffb325360f09546673,0,0,0,2011-07-23 13:29:02,30,9293,5.6616,9323,85,36,13,106,12,41083.881,1,1.0,45671
4538,2c000d92f2985a90e3cdb262e30cb86d99da4517,0,0,0,2011-07-25 15:23:00,4496,9293,0.882,13789,1,2,2,101,21,72300.3737,755,242.7119,3715
4560,e0b88b0d944a04223d58a605addcc3e8a304b805,0,0,0,2011-07-25 16:35:46,4496,65,0.0258,4561,85,1,13,118,12,10717.9489,722,258.8614,2141
4574,97630596fb983d10c8259f299ce0d6ef649c219a,0,0,0,2011-07-25 18:41:30,12,9293,0.5666,9305,3,2,2,643,85,75060.7821,2836,1254.843,49668
4579,b9dc6a60049118c2949ec4dc122ddc779a4973c6,0,1,1,2011-07-25 18:58:27,155,177,1.6735,332,10,5,3,804,87,32843.5741,571,173.5748,3103
4571,7343adaef2a39596dc13c56a117312319bb3f650,0,0,0,2011-07-26 08:20:41,43,113,5.6616,156,85,36,13,322,38,48649.9688,755,257.4118,3070
4580,9f925e92215069b7ef8f3551d19dc4a57b06ba6e,0,1,0,2011-07-26 08:30:06,373,469,1.0625,842,6,7,4,874,87,58705.4073,774,277.1985,4657
4565,4b0192a30073c8a00940a054ae4bc84dd6d8bbf7,0,0,0,2011-07-26 08:42:42,4496,305,0.0546,4801,85,1,1,196,30,64604.6837,758,256.6015,63673
4573,3ac0d33e31d1829af7cbd0e3ff127357975716f0,0,0,0,2011-07-26 08:57:17,5,9293,0.006,9298,85,1,1,74,8,1750.2336,737,251.1866,2488
4584,e688815e5a05ba75b7a78c2da58d11a22d95b65c,0,1,0,2011-07-26 18:42:37,422,9293,2.7557,9715,22,10,5,1316,94,41525.9515,1,1.0,58952
4586,8efd3688645abcc24422713350022f32a0c664f4,0,1,0,2011-07-26 18:46:03,16,30,0.9094,46,2,2,2,543,84,8033.3646,2857,1.0,49802
4566,37135cff132e671372f04475f7a81eaee1e93c05,0,0,0,2011-07-27 01:20:15,39,67,0.0306,106,85,1,1,11,8,23437.0958,1,1.0,46419
4575,cb2ff66af9b5a0b54a6ca70231319de1b7a1d7b0,0,0,0,2011-07-27 01:43:16,34,9293,1.0954,9327,4,2,2,286,36,14780.7653,1,1260.7146,54063
4585,d04a8b514302d23ddfd28a181f21a78d9b2c40e5,0,0,1,2011-07-27 15:13:36,4496,9293,1.4067,13789,3,3,2,596,85,69475.6705,1,1.0,49414
4572,31e0a2aed934ba723d1e18157ba22ee1f1beaf9e,0,0,0,2011-07-27 15:22:46,33,50,0.5645,83,2,2,2,548,84,37562.6823,723,244.87,2640
4581,6ca7d50df5e3cc2aa7bed2c329ebd7d240c05954,0,0,0,2011-07-27 15:26:32,4496,72,0.6788,4568,3,2,2,780,89,24486.8242,722,244.2672,3419
4589,7dedd603babad5813a7b28a4c7ffd0e485daaba3,0,0,0,2011-07-27 15:28:05,28,9293,0.5605,9321,2,2,2,534,84,463.838,727,248.1705,2910
4558,d033b1f8e79db07416f075fe84c72406a21e4393,0,0,0,2011-07-27 18:42:32,4496,34,5.6616,4530,1,36,1,2,8,85996.9333,601,164.6956,57
4576,08d598e3e2628549a8fb544bc194e1f731ded24e,0,0,0,2011-07-28 00:54:34,31,9293,0.0269,9324,1,1,13,15,0,77100.1172,2848,1.0,46457
4549,99f0cf7480ee12d07e6d65b74b7d3557aa68379e,0,0,0,2011-07-29 03:46:59,14,9293,0.3561,9307,2,36,13,82,21,19944.0273,1,1.0,45940
4583,4cdc4f133cbe0719a1e25610df5e2d47b3fdd744,0,0,0,2011-07-29 05:13:04,4496,84,0.0194,4580,85,1,13,110,19,5440.8548,2848,1.0,45985
4587,6bdc779f723e67cc129321b3dc28ce6daa4db4cc,0,1,0,2011-07-29 05:47:31,60,9293,1.5357,9353,5,4,2,446,41,31689.1065,2817,1.0,53344
4547,6d10bb7f701587b1a3e5ab25894e8ea68f19b00e,0,0,0,2011-07-29 05:53:51,7,9293,0.0052,9300,1,1,13,101,19,259.856,2858,1265.7128,46140
4578,b53554f5c32e132ecf4bfc410e2f52ea6347e008,0,0,0,2011-07-29 14:00:25,22,9293,5.6616,9315,85,36,1,138,16,69881.7311,719,239.7863,2122
4591,a7595918ec46a5dfa24c216418596ab462356692,0,1,0,2011-07-29 15:33:19,136,9293,1.0977,9429,3,3,3,596,84,20521.7437,703,238.9541,3652
4590,c6741f30fa448906a27b976a03559d23e77ccfed,0,0,0,2011-07-30 02:29:32,4496,9293,0.942,13789,4,2,2,3067,11,26505.9541,2827,1.0,53742
4562,51be0c068dd07a9a3e0e943309ddf29f1b5061f2,0,0,0,2011-07-30 02:50:41,4496,21,5.6616,4517,1,36,1,90,19,75644.6838,1,1.0,46095
4593,ab2fc1f9e4c378e2f793c204435b1b728191d450,0,1,0,2011-07-31 04:40:42,33,9293,0.8355,9326,4,3,3,677,83,34817.3074,1,1254.1822,57378
4599,6015414a8bb8d6b4b04cfc0270bfc3ed2a3a64a2,0,0,0,2011-07-31 21:17:12,44,9293,0.0885,9337,85,1,1,276,36,54642.7574,1,1.0,45298
4596,8906a0aab5f3a1630c63a18f0a5ae158490530fb,0,1,0,2011-08-01 14:31:36,190,9293,1.6199,9483,5,3,3,542,86,50507.8685,705,233.5562,3975
4595,c918570674c2c0106b3df328cc5aa89fb41372dc,0,0,0,2011-08-01 17:33:35,4496,9293,0.6108,13789,1,2,2,757,89,41893.5901,752,260.6321,3326
4602,797fb638150765ce35fa5979bcc74eebf45bc8fd,0,1,0,2011-08-01 17:34:45,4496,9293,0.66,13789,2,2,2,782,89,86384.0,727,251.8889,3085
4605,53142fe48143ee45f89a0a8ea743472ac2cfbb07,0,0,0,2011-08-01 23:19:22,26,9293,5.6616,9319,85,36,13,145,16,33195.9691,602,164.7968,1905
4594,388c690c228b3e93ca870d5f6bdfe3554bd5c6e0,0,1,1,2011-08-02 13:27:10,212,174,1.3565,386,7,3,2,671,84,49181.4017,2835,1.0,49512
4608,caea7ffd6b7e71bd6bb12409cb619545d30366c2,0,1,1,2011-08-02 15:02:10,211,9293,1.9834,9504,7,7,3,661,86,34882.3733,778,237.8285,2008
4607,640deaa8746631d3b3a6e278ab7a913c83f69c2b,0,1,0,2011-08-02 15:05:50,166,167,1.8814,333,9,8,3,651,86,1157.3162,785,231.9678,2726
4610,2816bd471f619bdb25ea5efb824475904d6c1166,0,1,0,2011-08-02 17:04:15,86,494,3.0865,580,10,12,6,1028,87,32892.0946,1,1212.047,52853
4612,c024da47b4f975e2005a93d7f5c8add651a679f5,0,0,0,2011-08-02 21:43:55,4496,99,0.7142,4595,3,2,2,3067,94,79419.3922,1,1.0,54728
4598,90548386ef011c016bac70c4876ac51ddab648cf,0,0,0,2011-08-02 22:05:34,4496,9293,0.3362,13789,1,2,2,106,7,46823.8938,2832,1.0,53300
4614,3193fd526bd4dfb1b4441d3aba621f2413399ead,0,0,0,2011-08-03 18:58:21,13,40,0.278,53,2,2,2,549,84,41702.4121,1,1263.3686,50150
4613,602523f7b8fe818fa96854f92c263a8577ad4975,0,0,0,2011-08-03 19:04:29,199,151,0.8129,350,1,36,13,46,1,67561.5032,2838,1255.1488,45550
4597,c715b6d9be15c637dddd156456616bb4cf598c47,0,1,0,2011-08-03 21:40:34,260,351,2.951,611,9,5,2,187,25,29880.4351,650,146.4848,1408
4620,5dc93856fd052607bfbfd8c394fbc57ee44e87d9,0,1,1,2011-08-03 21:44:53,4496,128,0.9634,4624,3,2,13,443,43,20825.1438,647,176.5823,2093
4609,032b476c522e7d78c244b6a132027197b7434a08,0,1,0,2011-08-03 22:06:14,4496,76,1.6538,4572,4,3,1,452,41,5545.8689,643,150.9112,2455
4617,76e0b6827282693252c0065fed7127f120b78315,0,0,0,2011-08-04 03:59:19,71,125,2.1119,196,6,3,13,54,19,48123.2899,2840,1250.7,45486
4606,4ebba00095cb428c6d9ba9d3eb0f7e3b173b90da,0,0,0,2011-08-04 04:33:24,46,9293,0.6611,9339,1,2,2,56,18,23959.2618,2825,1256.1093,53596
4615,931c2f1208dee513634cde9b701ef8a00c566d89,0,0,0,2011-08-04 20:50:25,46,9293,0.0487,9339,85,1,1,112,12,53318.3756,594,168.255,994
4618,784e5b53ab0ac750da982b07ded6157032bc8230,0,0,0,2011-08-05 14:34:05,4496,27,5.6616,4523,85,36,13,104,13,64126.4964,719,246.5785,2233
4629,3199735bf3323a6bf97f6d5d1ed4e7c5c4b7a1c7,0,1,0,2011-08-05 14:35:15,45,85,1.4342,130,5,3,2,938,89,59099.6706,722,241.9768,2608
4623,e11fe50bc74a644a97908b84e80a568b2a9e5f35,0,1,0,2011-08-05 20:19:45,181,337,2.2192,518,6,4,4,661,85,48826.6653,2821,1235.755,57373
4625,26dfdac558a32c41b366ae6ba5afd5e00a3eda5e,0,1,0,2011-08-05 20:22:29,39,187,1.8976,226,4,5,3,59,33,86384.0,1,1242.246,54107
4616,65bfd9c1374b00b3340f898a58cbf3e3516119cb,0,0,0,2011-08-05 20:25:39,4496,19,5.6616,4515,85,36,13,13,7,310.7302,1,1265.2422,46127
4621,64d3409556de0b305cd478877c6afc108d8f02b0,0,0,0,2011-08-05 20:25:57,4496,9293,0.0082,13789,1,36,1,4,7,86384.0,2857,1.0,46346
4627,53dc854ba75612213f88ce50c48c5874205a3868,0,1,0,2011-08-07 01:51:44,4496,184,2.0126,4680,3,2,2,70,26,40397.1531,2831,1256.5089,55264
4611,8a8a2bd2e2c2f7a562914d860d389456b6d57475,0,1,0,2011-08-08 21:08:04,259,9293,0.8629,9552,6,3,2,143,18,53605.5381,588,170.1125,2799
4626,b6ea29d251fad924ac18a5bc6195352ceefb776f,0,1,0,2011-08-08 23:41:44,36,60,5.6616,96,85,36,13,339,36,33300.3739,591,153.5841,1234
4632,ba1821f87c0e757a4a1882d071c99952b7bd4695,0,1,0,2011-08-09 16:02:29,118,9293,2.4229,9411,11,7,3,729,83,43497.6119,83,73.1902,1883
4634,016068ab27cd6735309e44837b09d77a2387d4c2,0,1,0,2011-08-09 16:34:49,1135,9293,2.5087,10428,31,10,3,919,87,40122.405,638,210.8247,1556
4628,c9ff755776931c8d999699401b3a73bc796fcf3c,0,1,0,2011-08-09 18:37:20,37,9293,0.2534,9330,2,2,2,632,85,12366.8986,1,1260.3783,50302
4630,1bafcf91d4863470aaaf4116f60f7bf11512b794,0,0,0,2011-08-09 20:18:47,26,66,5.6616,92,85,36,1,174,15,83027.9686,2847,1.0,46624
4639,98fb5641edcb603ce3ecbc66f56d2afc69bd61ce,0,1,0,2011-08-09 20:26:07,4496,104,2.0833,4600,6,4,3,595,85,39650.9175,766,236.6525,2452
4631,8fdc12e5e3da9ba229cd91fb2bb6dd1bc1385a36,0,1,0,2011-08-09 20:47:35,27,46,0.3557,73,2,2,2,653,84,42070.4956,2854,1264.0236,49841
4637,4d9d9a91c244a1e0d3a399e49abe7dd16f6ab5be,0,0,0,2011-08-10 15:31:39,4496,9293,0.3332,13789,3,2,2,630,84,75788.0554,762,262.2675,3353
4640,25dd19c9b4387b8bd5039d2217dd01444e097799,0,0,0,2011-08-10 16:08:31,4496,9293,0.0269,13789,2,36,1,356,29,84459.2084,2845,1.0,45965
4644,f599559221ad074d9af0a99d7ffdd482c2b6b10c,0,1,0,2011-08-11 19:29:34,156,9293,1.5046,9449,6,4,3,865,85,10453.5286,1,1.0,57273
4646,453a67130bed7990fe018561f292ece899a5e3a0,0,1,1,2011-08-11 19:29:38,160,154,1.9908,314,5,3,2,745,85,11075.2115,2842,1.0,50371
4645,4069d8af44241b84cfdfa60dc362868ef5241ecf,0,1,1,2011-08-11 19:36:06,44,9293,1.6406,9337,4,5,3,951,87,2029.9152,2830,1243.2892,59129
4649,9ede4975ba35136763a2fcf36c5447d9bf1e2290,0,0,0,2011-08-11 19:43:13,4496,9293,0.7031,13789,2,2,2,840,85,743.4725,1,1.0,49747
4635,336476f88d107d54ef9534be1e6c0bd81e148484,0,1,0,2011-08-11 19:49:24,130,9293,1.9974,9423,5,4,3,1028,84,17135.9083,2831,1253.8858,49085
4647,664d2516f33f0eb033f17e63ac82e180c8faf01c,0,0,0,2011-08-11 20:05:38,4496,9293,0.0398,13789,3,2,2,818,84,1422.8155,2846,1255.7739,50317
4622,66c41a374fe6593a70d27ac375f80042e3462c42,0,0,0,2011-08-11 20:05:59,4496,9293,0.0668,13789,3,2,2,886,84,494.2063,2837,1.0,49200
4636,3b198d148546d2cd124a64a42353430ee176559c,0,1,0,2011-08-11 21:07:36,12,9293,5.6616,9305,1,1,13,15,9,17857.52,2853,1263.0603,46333
4643,b8d65836a9dec07b355cdf91a4a9e74180f2aa87,0,1,0,2011-08-12 19:33:28,28,9293,1.4968,9321,4,3,2,610,85,60645.5815,1,1261.1072,50335
4638,f9d057edbd56776f73c83a3998664f1334c32a17,0,0,0,2011-08-13 06:00:42,4496,184,0.0962,4680,2,2,13,99,14,47295.2176,1,1257.034,7288
4648,9795e845d2e0350974e41fc24f2b2447a8ed18f5,0,1,0,2011-08-13 13:53:27,4496,9293,1.7696,13789,5,4,3,611,83,48019.2892,1,1256.959,49487
4653,0ff74edcd6e1d782d98f76e241fe790cfd04e36e,0,0,0,2011-08-15 04:09:55,4496,122,5.6616,4618,85,1,13,22,20,31889.213,1,1256.7673,46960
4641,e987e3b88fb8ca88d1c69bbe48235dd770d8042a,0,1,0,2011-08-15 20:45:38,4496,9293,0.9621,13789,7,4,2,388,38,28426.6865,1,1246.2587,53270
4654,2fde44b25cb234ebbdd2389b59daf69a2456b176,0,0,0,2011-08-15 20:50:47,2,32,5.6616,34,1,36,13,148,16,1665.894,1,1.0,45996
4662,24bf5a20ea168e387b9537654b169f1156a32c1b,0,1,0,2011-08-15 21:01:39,187,128,1.2824,315,6,4,2,1111,89,30639.3214,104,60.2203,1115
4652,01883da5fc68b6570fac934fbfe5e5340b5b98de,0,1,0,2011-08-16 18:27:05,646,462,2.2418,1108,35,7,1,421,38,46545.3064,531,119.9254,4065
4655,4deb77971a43cf5a55bd2e2835255ff044137fc5,0,1,1,2011-08-16 20:47:22,120,43,1.1997,163,8,5,3,822,88,27947.073,118,67.8831,63673
3533,4ce338af735fdde13ec2a77be7ec9b97a804c04d,0,1,0,2011-08-16 21:31:38,4496,102,1.7214,4598,4,3,2,904,86,16901.0289,109,62.2047,1355
4660,4921e6b691b0a0da510b44a6948bfeafb52c632a,0,1,0,2011-08-17 05:52:45,78,42,1.396,120,7,5,2,677,84,24250.2026,1,1.0,50630
4624,79ec1bf35269139cbeae15cf17529aab4a32f261,0,1,0,2011-08-17 11:46:55,79,217,1.4079,296,4,4,1,644,51,51124.2571,207,78.1384,63673
4633,266a213453b85b4293e566d87cfd6419c0c08c19,0,1,0,2011-08-17 22:00:06,104,283,2.9184,387,9,7,1,185,31,23658.8135,1,1238.1382,47320
3538,6139767e9095fecabf38cade374a3817f9858be8,0,1,1,2011-08-17 22:17:03,173,9293,1.963,9466,5,4,3,599,85,17785.7291,76,76.9132,63673
4656,e7be5e64ddc0c48512a5d8cfc831d9399203da94,0,0,0,2011-08-18 19:38:40,26,9293,5.6616,9319,1,1,1,3067,2,81001.123,1,1263.3417,46571
3537,a9e9b720fb04aa7218a0815ea4cfeaa1ef60c065,0,1,1,2011-08-19 01:54:25,156,127,1.2283,283,5,4,3,640,85,16671.5425,1,1253.9748,58987
3544,055a98ebf1d9e9fa8cc349024c94384d715fcfb3,0,1,0,2011-08-19 01:59:22,109,256,2.1259,365,10,6,3,696,82,9124.2755,2829,1.0,58772
3542,8a8e1746dd4b4cebadd1543371bfef013233324d,0,1,1,2011-08-19 15:00:55,49,81,1.4912,130,5,3,3,725,85,59333.9372,103,36.027,84
3541,db2d62c22ab514efcb3c137f3b09f2270df84aa6,0,1,0,2011-08-19 20:44:51,93,9293,1.9531,9386,6,2,13,363,31,84084.2202,101,27.1529,1355
3536,351c0244b5c7057b64c45575bae20e6fe808034d,0,0,0,2011-08-19 22:42:45,15,9293,0.9348,9308,2,2,2,620,84,24352.4635,1,1.0,49722
3550,791a78f92c8318991cd9207bbca99b470174044a,0,1,0,2011-08-21 04:50:55,456,203,1.7126,659,9,6,3,989,86,34767.5172,2815,1.0,59562
3534,477bb5f34b8e2599d759f9548df940a3e0a28280,0,0,0,2011-08-22 15:31:59,3,98,0.9038,101,2,3,2,566,83,68171.204,103,65.6708,63673
3535,ab04470b27eba55c270280a5efc1d19a7edcd558,0,1,1,2011-08-23 18:00:34,17,35,0.0204,52,85,1,13,327,37,22151.7897,608,157.4869,1856
3545,cea0342823bd306ff469d61c37fc851c9088daea,0,0,0,2011-08-24 15:46:05,4496,9293,5.6616,13789,85,1,1,13,7,71018.6191,621,158.1926,1856
3531,428eaec33857126b2fe32e0918ee809e868fe8d4,0,1,0,2011-08-24 16:11:19,13,11,0.0128,24,1,36,13,324,37,79971.5902,619,162.5049,1609
3546,b1899ee46e2a8b44886010685de475f6374899f1,0,0,0,2011-08-24 18:30:29,41,9293,0.0273,9334,85,1,1,29,2,13901.3681,1,1.0,354
3555,1a0134376b2a6e0aa5ba9b308f2a5306b7abf605,0,0,0,2011-08-25 15:36:57,36,9293,0.0371,9329,1,2,2,625,85,79403.1979,1,1251.4789,49294
3543,91b5dd0e10802327406df84fdd66b5c3c40e7af4,0,1,0,2011-08-25 19:28:24,4496,9293,2.4733,13789,8,7,4,1152,93,33823.8449,2751,1.0,49355
3551,b6e29b44e128c024cbd2051be9239958471d355b,0,1,0,2011-08-25 19:49:52,1,9293,0.0047,9294,1,36,13,38,10,1244.4187,1,1266.2431,46180
3539,7c08ecde3b91e9ecfc0fc48555e5ae4551c792fc,0,1,0,2011-08-26 03:54:32,4496,125,1.8467,4621,5,4,2,626,83,31773.4262,1,1251.9245,51044
3561,cbd6eb804cdffe735deab7a64e438f50ae9f64f0,0,1,0,2011-08-26 20:00:35,10,21,5.6616,31,85,1,1,57,20,1406.6961,2857,1.0,46329
3553,3d4e07f7eccd607529c9323c2b0a474e76f1d6ce,0,1,0,2011-08-26 21:31:35,55,35,1.4941,90,7,7,2,514,36,16801.1215,2819,1.0,53387
3564,0a4b1667bee674f7c0a22057cbdab97e368a20d1,0,1,0,2011-08-29 12:53:02,215,15,1.0728,230,5,4,3,733,83,71138.6115,115,58.6194,63673
3557,bb7196312dae9807f42324ec36707b07fba4ad12,0,0,0,2011-08-29 15:07:04,4496,9293,0.8805,13789,3,2,2,706,83,35425.1393,716,240.673,2716
3562,86cbff7af6df6a3eea2f27b7ba01ad57e8436990,0,1,1,2011-08-29 15:15:32,4496,9293,1.37,13789,6,6,3,940,90,40668.654,2831,1252.0727,51274
3559,8fd5ed8014837ddccbb1d5dd794257038e052eec,0,1,1,2011-08-29 20:28:46,141,142,1.1151,283,4,2,2,872,85,46966.2906,2849,1260.6941,50461
3566,ea5a3d15f03802c38eed19e8f9a0011ceccedf6e,0,1,1,2011-08-30 05:50:30,245,9293,0.8574,9538,4,3,3,564,83,38704.5673,2813,1.0,57572
3552,fd0cee84b4f580dab5f7121d0c2ec3c9396a1d7a,0,0,0,2011-08-30 13:21:50,17,46,5.6616,63,85,1,1,3067,94,47765.9053,2848,1261.8169,46496
3558,4f7ed5a7c26d1897f6e00e0a0f2fb018a3c475fe,0,1,0,2011-08-30 13:39:54,4496,9293,1.1239,13789,3,2,2,620,84,49576.572,1,1263.3283,49719
3568,ffdfe1b102c164cb46885befb845057aa07102a4,0,1,1,2011-08-30 13:46:56,107,67,0.1203,174,4,5,3,781,85,58194.5627,160,68.9617,24
3560,16d73851665146c763b24c947e7a157fe24e666b,0,1,0,2011-08-30 14:25:53,799,1167,3.6161,1966,45,14,5,729,82,44914.2737,179,1267.3333,63673
3575,2cdda7688166d9ec84063ec907510597359c3090,0,0,1,2011-08-30 16:57:57,4496,9293,0.9599,13789,1,2,2,607,85,10090.8249,170,30.0177,1576
3579,dec9eec41f7a1c060db8a6bc946aa012c81b73f0,0,1,1,2011-08-31 16:06:09,158,211,1.5174,369,11,3,3,904,87,54532.5353,755,266.603,2721
3574,9361543f8021c5e8c2156fdb8b6b9a39ce852667,0,1,1,2011-08-31 16:32:37,78,9293,1.6607,9371,5,2,2,600,83,38853.4016,1,1.0,50363
3573,7ee366f5fb5a61ce86e89aa56a144e19295a296b,0,1,0,2011-08-31 16:41:26,67,131,1.9101,198,4,3,13,58,29,38332.0501,1,1251.0458,47141
3570,32182f09e115236d391f3d2f86a21ac2d408313e,0,0,1,2011-08-31 16:55:19,4496,61,0.4186,4557,3,2,2,593,84,16319.21,747,257.1853,2738
3584,2e3975ce778f7cf441f72c8f89cbef2d2f604ad9,0,1,0,2011-08-31 16:58:04,20,21,0.4206,41,2,2,2,620,84,86384.0,727,252.0825,2826
3582,994a03cdee262e533d42422084f5066bc8cc7cbf,0,1,0,2011-08-31 18:17:06,32,9293,1.2142,9325,3,3,2,393,37,20703.8916,2840,1262.1507,54676
3571,107d16741315792b48f1b9a0ec5920f1df95ae13,0,0,0,2011-08-31 18:28:39,75,9293,0.2524,9368,3,2,2,651,85,8828.1368,72,5.7907,1018
3572,55f10a86234c1cecf9abe4b2c8848af5bb875dd3,0,0,0,2011-08-31 19:31:39,30,66,0.0279,96,1,36,13,38,10,8952.8593,2848,1259.6276,46548
3578,dd7c8552c330e4d8a8d147ae7f31e39f3a6de62e,0,0,0,2011-09-01 13:19:20,44,9293,5.6616,9337,1,1,1,81,20,79735.8728,712,240.6984,1998
3580,7cf0efc0d65028e7cf6730fe38b9e8b2a5638c97,0,0,0,2011-09-01 13:19:54,72,100,5.6616,172,85,36,13,22,94,48602.7907,710,237.9246,782
3567,8c89038a38d5b856c39b11fc8265a3abd0362217,0,0,0,2011-09-01 13:21:18,23,44,0.026,67,85,36,13,127,19,499.7568,722,256.8946,2933
3577,01f32820fba5d036adf6f491a49a1cf431e12dc2,0,0,0,2011-09-01 13:22:17,65,47,5.6616,112,1,1,1,3067,1,583.2521,748,246.6387,646
3590,273dc7e6dbfa9d8db717b9d90e6b8f117e982e7e,0,1,0,2011-09-01 13:28:38,268,191,1.9998,459,8,7,3,832,83,67848.5889,193,33.8717,2092
3581,b87e2a7582de7fd5f87c6aa64150fd3e7f7e230a,0,0,1,2011-09-01 16:12:15,38,63,0.7376,101,3,36,13,356,38,65432.8207,320,155.4253,1316
3583,c927a41a3692ddc31ff952188870bc087c6cfd65,0,0,0,2011-09-01 19:13:58,17,9293,5.6616,9310,85,1,1,27,7,20275.5853,622,165.412,1413
3587,08e638ff0c9dbddf60d97dc5d11ef58e08524284,0,0,0,2011-09-01 19:51:48,4496,9293,0.0331,13789,85,36,1,302,36,12502.5951,597,170.8812,2099
3585,e4e19931e228d24988b37c2dd21429126551ddf0,0,1,0,2011-09-02 10:24:21,528,312,1.2635,840,7,7,3,881,90,59979.225,692,276.0085,2307
3586,7182c50820f09eb39214225ab45a8376446baccc,0,1,0,2011-09-02 11:43:12,4496,9293,5.6616,13789,1,36,13,3067,6,4629.1701,732,250.7653,2663
3600,333a24d90d24b05443f9b6ac9d00674616fd6a1a,0,1,0,2011-09-02 16:12:36,4496,150,2.1527,4646,7,2,3,844,92,14749.1949,681,263.1105,3865
3588,6d0d57e29b6dc44988c5f23b90f129181ec1c94e,0,0,0,2011-09-02 17:53:05,65,80,1.3454,145,4,2,2,594,83,39403.7474,755,239.9516,3598
3594,19b8a60d419341fe2e23bbcf162a1d2dc9479c53,0,1,0,2011-09-02 17:59:06,22,35,1.2962,57,4,2,2,626,84,87.2535,738,246.488,3137
3589,8eb0a938938ca12448ee7944a802589d86b8b66f,0,1,0,2011-09-02 20:23:42,4496,200,2.0281,4696,5,5,3,718,82,42901.0826,191,71.4494,63673
3595,a8c6e6224324a48eadf60a10d2181828a3fae4e4,0,0,0,2011-09-05 09:23:54,150,59,0.037,209,2,36,1,31,4,51828.4937,719,242.6251,63673
3606,2ba21e1fcdd8682d5ce0fd404bc3ab0d3f0f9683,0,1,1,2011-09-05 14:55:28,131,0,1.5232,131,4,5,2,705,85,62138.7642,757,239.7288,2503
3597,45a369468db084af2203c640c18a1b8d02ea3ded,0,0,0,2011-09-05 18:55:02,4496,9293,2.5856,13789,6,2,13,3067,6,66088.1241,2818,1.0,63673
3601,62cc775015c5da79b6bc94ef40ad78d7b504571c,0,1,0,2011-09-06 01:13:58,4496,9293,2.7377,13789,10,5,2,639,50,30337.5446,1,1233.2072,45125
3608,3e77792d31344be0253c89355c1d96ffe03c0659,0,1,0,2011-09-06 09:33:33,221,388,2.2292,609,12,9,5,849,81,50346.4361,665,284.1844,5234
3602,a8ed29baec96c76bbfda1d878758e82b0323d0e7,0,1,0,2011-09-06 13:28:31,4496,9293,4.3176,13789,31,5,5,415,31,29303.6374,1,1.0,60023
3605,447e45fd446bc11b9eb5d3d4cff5104936c9f02f,0,1,0,2011-09-06 22:20:10,232,9293,1.1394,9525,4,3,13,72,13,61357.272,2848,1.0,46545
3615,04bd02682b38e6197628b8374b140be5d3b34e90,0,0,1,2011-09-07 13:40:33,33,48,0.9685,81,3,2,2,644,85,31169.3534,152,44.735,114
3609,a1d5e939ade32288c8a6b6bd87077449df663c30,0,0,0,2011-09-07 18:26:19,4496,126,1.2509,4622,6,2,1,3067,2,51463.2214,2832,1254.7059,1392
3618,476cecf9a717bb39eee80db1bb12856791f7a550,0,1,1,2011-09-07 18:28:09,4496,9293,1.6818,13789,4,3,2,875,86,63739.1882,1,1254.971,50589
3611,fafc0ad7dd11e05c7f807b96b5ca70a3126d13da,0,0,0,2011-09-07 18:28:38,27,9293,0.0622,9320,85,1,13,21,1,67744.1205,2842,1.0,118
3614,afeeefabeacb8ac53095efdbc6b7e05c94480cb3,0,0,0,2011-09-07 18:31:32,99,96,0.9302,195,3,2,1,47,94,86384.0,1,1.0,47067
3607,206294be76b609f8c540281863c6e4a6ff1d8332,0,0,0,2011-09-08 01:40:14,83,9293,0.3795,9376,4,3,2,74,4,27544.4665,2827,1.0,46309
3592,2f8b4b7e23b4c633c8d0ec31f641e8a021252b7e,0,0,0,2011-09-08 03:42:40,4496,9293,0.0803,13789,3,2,13,243,18,29561.165,1,1254.7093,45252
3631,fa212738583856895f7de79d17914eb570a2faaa,0,1,0,2011-09-08 16:31:27,333,9293,2.9222,9626,16,10,5,1120,86,44972.0343,2735,1221.9582,60869
3620,d4ca52415e299b7d2f10fbf5fe0306578d626fab,0,0,0,2011-09-08 16:35:45,4496,140,0.791,4636,3,2,13,187,21,54711.555,1,1.0,47061
3632,ceabffaa22ece914c989a40a2e4e852cf26d91fe,0,1,0,2011-09-08 17:36:26,4496,9293,3.8553,13789,17,6,3,941,83,32445.7474,2720,1.0,59976
3624,39b4b93b06a967af8cfca140986aa81c6f6cf60b,0,0,1,2011-09-08 19:26:34,14,9293,5.6616,9307,85,36,13,28,8,3757.2839,1,1.0,46365
3622,be1c748396697f9d0bc4bc1b985bce822a4a9a02,0,1,0,2011-09-09 14:09:48,4496,9293,2.8024,13789,8,1,2,873,83,62975.3871,672,223.9316,3811
3628,f5f0b8ada4c1f7148e0b96c1db04fc65719e0774,0,0,0,2011-09-09 15:46:13,90,164,1.2421,254,4,36,1,123,21,62708.5874,2838,1258.2038,45748
3613,4da5761464f34fd20c596b51118bbe44fb686eeb,0,0,0,2011-09-09 15:47:50,32,20,1.4009,52,3,1,13,133,23,86384.0,2845,1.0,45976
3627,a549e2ba98e3c2f143eae31c647055a7f05ae5f6,0,0,0,2011-09-09 17:07:55,4496,87,1.4256,4583,5,3,1,2,4,37580.0565,1,1.0,108
3636,2acbcb768adb276e673bcaf97423ebfff7d1ca87,0,1,0,2011-09-09 17:09:37,84,9293,1.583,9377,5,1,1,182,23,23751.0504,1,1.0,45744
3633,4befd97237e0e8426555af441316705860b073c7,0,1,1,2011-09-09 18:11:58,55,71,1.8865,126,6,3,2,685,85,47795.5751,2842,1.0,49627
3640,58a2427d4b719a8896eeffef03465db92786e7c6,0,1,1,2011-09-12 15:50:16,4496,9293,1.5374,13789,3,3,3,741,84,70201.6475,1,1256.5823,49808
3621,392ff8686baf74675ee23a13cbf4ceb0f1524464,0,1,0,2011-09-12 16:48:49,4496,9293,0.9558,13789,4,2,13,146,21,67188.4927,631,151.1704,2434
3639,c7cdc317c9a14e29699f9842424388aee77d0e1a,0,1,0,2011-09-12 18:41:31,556,9293,2.702,9849,11,6,3,948,87,47252.7527,64,12.1557,2426
3635,d6415078b04246b48b92b04e7989cc1e2e2e86f8,0,0,0,2011-09-12 21:50:56,4496,15,5.6616,4511,85,36,13,18,12,18291.1208,2855,1264.1079,46105
3641,b391600dcece42b77ae73cb6cb48c5ab56849c72,0,1,0,2011-09-12 22:19:39,894,12,2.3563,906,15,5,3,859,82,9144.0067,1,1.0,50743
3634,c2e3b071e207a6680ed2ffb124b7eb7c0ca56e2f,0,0,0,2011-09-12 23:00:40,77,136,0.42,213,3,3,2,694,83,1468.1319,168,65.3273,1418
3642,c2709ba27757e5aabee28ff5c7affd0f87164fd6,0,1,1,2011-09-13 12:57:47,21,27,0.9693,48,2,2,2,624,84,61233.3047,2847,1260.6097,50263
3643,0d37eb1b6161c2231df16f3454a6c61819536107,0,0,0,2011-09-13 13:58:41,58,9293,1.6135,9351,2,3,13,109,21,63236.2441,757,264.9522,1668
3625,471938238e56b52e8291c537655092fd8bfe47c9,0,0,0,2011-09-13 13:59:58,4496,9293,1.6118,13789,2,3,13,60,21,924.6165,707,242.6525,1910
3648,2f998d02c587314a3539846a3fc35ff145daabfd,0,1,0,2011-09-13 16:03:51,70,9293,1.4136,9363,6,4,2,869,86,61376.3221,719,245.3552,2652
3654,8a7ab59d10c1d82e649398202b955b30dc5ff1c3,0,1,0,2011-09-13 16:05:17,26,81,1.4635,107,6,4,2,836,85,86384.0,751,254.7168,2697
3651,8165671565372a25eee41161aed67c45935db34b,0,0,0,2011-09-13 17:07:27,24,71,1.0412,95,1,2,2,734,85,34271.6749,710,240.7602,2553
3653,acf93f044bc698f84c91a8601f96194eb549e97a,0,0,0,2011-09-13 17:34:08,4496,9293,0.6112,13789,1,2,2,629,85,10704.0482,748,258.4019,2552
3658,1f7ff16210dbdb96ac387341bdf3350e52c3208b,0,0,0,2011-09-13 19:22:05,45,9293,0.6938,9338,2,2,2,866,89,4120.3607,2844,1.0,49682
3645,e1995c12568b9a638f47b61085c1a39d08a9a756,0,0,0,2011-09-13 19:31:20,21,29,0.0263,50,2,1,13,7,12,77574.1632,1,1.0,46035
3649,95da430b39c51eae5540d61af742990a1613e7ad,0,0,0,2011-09-13 19:36:00,83,9293,1.4393,9376,2,3,1,68,11,26644.9038,2821,1.0,3571
3629,3c2db692f2fb45b5920d27fd2ea1e3e6ac974f53,0,0,0,2011-09-13 19:54:39,4496,91,5.6616,4587,85,1,1,87,11,556.3661,2839,1.0,2981
3652,d23655b4c416970c494b6ab5e3946da97ac116ef,0,1,1,2011-09-14 13:31:47,4496,9293,1.813,13789,3,5,13,758,46,67539.9856,1,1.0,47110
3630,27a20bf8a8afb221f25a0c892251c94ac39fe10c,0,0,0,2011-09-15 13:18:03,4496,9293,0.9444,13789,3,2,1,79,16,56782.8178,1,1257.4692,46523
3656,8d979918a70ab9a58c33a32cad2734ae2bf54382,0,1,0,2011-09-15 19:54:24,4496,9293,5.6616,13789,85,1,13,20,15,1289.7418,1,1266.6884,46190
3665,ba9a8832d043d876fd18b2027cc933fc6689ca9c,0,0,0,2011-09-16 19:11:41,20,39,0.9724,59,2,2,2,646,84,10689.6631,1,1263.3788,49769
3662,2e84be2474b10adb04c13fc622483be04ee3be4d,0,0,0,2011-09-16 19:13:49,4496,9293,0.9537,13789,2,2,2,678,84,715.6669,1,1262.9848,49638
3661,ef6b9fec8eba38c93c597b574e72ff8ec8599449,0,1,0,2011-09-16 19:31:43,62,63,0.0566,125,85,36,1,355,38,22310.7839,1,1259.4356,46902
3668,e202c1995902a2f5c76dbcfe554aa5b21a6718b8,0,0,0,2011-09-19 12:45:24,45,9293,0.3958,9338,2,2,2,909,90,62083.4351,716,258.3271,3535
3650,00f93741072d8013566e9763b58816f9e657b8c4,0,0,0,2011-09-19 13:27:45,31,36,5.6616,67,85,36,13,96,9,10443.3237,758,256.6936,2207
3663,5ef053f6d11ade21fb8e98c8282d076ed51bee4f,0,0,0,2011-09-19 15:32:49,90,101,0.2259,191,2,2,2,671,83,41113.8197,763,236.3206,3376
3671,7316f1813954414e1b858f7867c5a9b2724d67e7,0,1,1,2011-09-19 16:44:18,140,242,2.4662,382,6,5,4,614,86,35064.8285,1,1.0,51899
3659,de829f17f272fced625e6aa448225bcbc5931476,0,1,0,2011-09-19 17:20:58,12,96,1.0042,108,2,2,1,368,38,36674.9018,1,1.0,46698
3673,aab97ff162882476f968c059846e3120f6fe2a94,0,1,1,2011-09-20 13:13:04,181,123,0.7534,304,3,3,2,923,84,73884.6548,1,1.0,50498
3679,1b0df3897595cf62426e4811670d092b823d3455,0,1,0,2011-09-21 13:14:47,115,118,1.006,233,5,4,2,951,85,1188.9794,2832,1260.9834,49432
3655,c3b5073b063ed291cf9b7aee27b3b62286ca4eec,0,1,0,2011-09-21 14:18:29,7,9293,5.6616,9300,85,1,13,81,8,3123.8112,738,248.0672,2677
3669,a4f75e2c909c89c504538cd7050602adc3696266,0,1,0,2011-09-22 20:07:28,9,18,1.2747,27,5,6,2,7,13,37810.0553,2825,1.0,54882
3674,84a461acf9dff96ace30b54c788e4211f80e8b91,0,1,0,2011-09-22 20:10:28,59,111,1.8962,170,5,36,13,42,15,36292.8788,2845,1260.4112,45555
3680,53698034e3f2ec83747a80891506b6e82526151c,0,1,0,2011-09-22 20:11:12,90,9293,1.8864,9383,6,2,1,20,11,66702.6345,2835,1260.3382,46569
3670,4fbcdea75f8e087f2a2da9f600e3fc656b5d4f4a,0,0,0,2011-09-22 21:17:36,4496,49,5.6616,4545,85,1,13,12,1,77205.5446,1,1263.0225,46585
3672,f0b70cdf6bf6074c436bd07f0dea4aaf902f493f,0,0,0,2011-09-23 00:45:08,4496,9293,0.7367,13789,2,2,2,753,84,40131.767,1,1.0,50279
3685,5c78fa1ff66b7e38016242025a96171c1ad82d4a,0,1,0,2011-09-23 00:49:33,4496,9293,0.9479,13789,2,2,2,674,85,20763.1516,2852,1.0,50266
3684,bab73597ab93bb7477d1a22ebf206e78279232cf,0,0,0,2011-09-23 01:01:23,4496,9293,0.0731,13789,85,1,13,3067,11,21727.0063,1,1258.1938,8825
3664,bd885cbd44a3cca8d1125a4d6d2c68d5706f855e,0,0,0,2011-09-23 12:32:28,4496,9293,0.7764,13789,2,2,2,642,83,57483.142,747,245.0113,3441
3681,85a0b46f835bc70fea42477feda6798af37da43b,0,0,0,2011-09-23 12:34:10,4496,9293,0.7697,13789,2,2,2,643,84,86384.0,753,245.8524,2710
3683,faaff141b28b0581277ccfa4f67b6754b641586d,0,1,0,2011-09-23 13:55:55,10,9293,1.3573,9303,4,2,1,395,34,32712.8814,2844,1261.4312,46451
3660,3ad3e73f59276f166720939902435ca17cbf9ad1,0,1,0,2011-09-23 13:58:54,129,149,2.5709,278,7,3,13,483,30,31689.2675,1,1245.1456,45234
3688,bbbe5024370d892d7d082568df2a1f27a79bfa6c,0,0,0,2011-09-26 09:04:37,4496,9293,0.3922,13789,2,2,2,666,85,69367.5163,718,254.46,2591
3691,74c0557fdbee4db11562c75cf39916aec0f020a7,0,0,0,2011-09-26 14:23:29,22,25,0.9744,47,2,2,2,725,85,9426.5151,744,253.0385,2758
3678,790187c541709b10e7f3bc5532eaf894dcfbf65e,0,0,0,2011-09-26 14:30:28,4496,33,1.0349,4529,3,2,2,694,85,86384.0,754,253.9228,2649
3686,d44758d10249ef100a1e9990c34ef27b9e0235b1,0,0,0,2011-09-27 05:33:06,52,9293,0.0572,9345,85,1,13,3067,1,20542.4079,2846,1.0,46784
3689,c41c0fe81ac5deacb1fd2253023213846e43d832,0,0,0,2011-09-27 05:34:31,6,9293,0.2592,9299,2,2,2,649,84,26772.9614,2849,1260.6312,49704
3667,4708aa0c9cd1a2daa03d5b4e20894f3b2e62eb8a,0,0,0,2011-09-27 13:12:39,4496,9293,0.0317,13789,1,2,2,701,85,38437.6463,710,242.9606,2231
3690,a6e5b6dd33f5ceb6c73b33bf69d52c6ca7d0bcf9,0,0,0,2011-09-28 17:03:01,75,2,1.4673,77,6,2,2,658,83,40679.8531,751,239.8132,3457
3699,31f4e627a723d5a48bf5dd3a38c84dd192511459,0,0,0,2011-09-28 17:04:48,50,73,1.4099,123,5,2,2,689,84,86384.0,728,253.7744,2877
3682,bd2a4aa378dfe9f338e839bbd740dd16641ad9b6,0,0,0,2011-09-28 22:01:01,118,25,5.6616,143,85,1,13,33,5,6296.7439,607,156.8518,307
3698,c56b488b736a60c5342e08f8f82645ddc7ed4ec3,0,0,0,2011-09-30 15:50:06,41,52,0.5941,93,3,2,2,891,90,80933.6935,718,256.3655,3435
3701,1e7cde5e75ce18cbd88c9119fef58d97f83cc74e,0,1,0,2011-09-30 17:18:50,315,49,0.9117,364,4,2,2,679,84,31868.3386,71,15.4298,63673
3687,370b64115525019bf63b860f0eea4e7a532d1a3c,0,0,0,2011-09-30 18:20:28,4496,86,1.3236,4582,3,2,2,773,86,29158.9628,66,29.2576,63673
3692,f1767bd3ac835fcffade3016e7030cdcf6f98655,0,0,0,2011-09-30 19:15:25,13,9293,0.0224,9306,85,36,13,15,7,21130.511,2856,1.0,46014
3696,6e4eccdc26cb06689b924a6be4f5073c723abd0a,0,0,1,2011-09-30 20:14:03,22,36,0.0253,58,1,36,13,54,9,1894.2546,603,164.7827,1927
3647,160cb28d97b3d14094e60f53cb760f3f145f72e3,0,0,1,2011-10-01 02:46:51,32,68,0.8777,100,2,2,2,730,84,29519.9132,1,1.0,50190
3697,2dbde4357ba52b73b4245feb12061718b24839d8,0,1,1,2011-10-01 05:41:09,32,72,0.3204,104,2,2,2,724,84,21859.7588,1,1.0,50281
3703,b42139c41abb17ffffd99b960adb73d3f9599fd9,0,1,1,2011-10-01 15:17:28,38,9293,0.6877,9331,2,2,2,707,84,21099.9059,753,242.1988,2642
3706,cb389ba6c27fd7e5999a90917e9fd9b49091aa72,0,0,0,2011-10-01 15:20:03,4496,64,0.9919,4560,1,2,2,711,85,86384.0,718,245.6972,3477
3693,e3252b7d3543fca07fd2719123a379874f14b2b1,0,0,0,2011-10-03 04:52:37,65,75,0.0718,140,85,1,1,382,31,52980.1061,1,1254.4046,45723
3700,d28fd1fc2d116e520751976d679e03c46900820f,0,0,0,2011-10-03 08:07:00,4496,9293,5.6616,13789,85,36,1,102,21,19820.5791,751,256.9034,2073
3705,a26fa838e6ebed29d7fbb8690c7346f1fca2138e,0,1,0,2011-10-03 08:52:09,117,293,3.0137,410,10,6,3,1125,82,86384.0,657,270.0419,4049
3714,94cdf8b6b00da0a1a0d37b3e259d224c469feee5,0,0,0,2011-10-03 09:06:51,11,16,0.9251,27,2,2,2,707,84,6751.265,731,251.6769,3082
3702,496649031f5a35906273293ae97b37e79da86ab6,0,0,0,2011-10-03 09:08:13,4496,45,0.9575,4541,1,2,2,726,85,86384.0,755,255.8016,3444
3713,9e04de6ac093925402a9e42f7cbb239c92f949ab,0,1,0,2011-10-03 10:45:31,100,9293,0.5281,9393,4,3,3,725,83,35640.192,163,42.0558,63673
3711,bca5ec2216d5cf56238b4e737bbf94bd3fdb8531,0,0,0,2011-10-03 18:11:48,25,9293,5.6616,9318,85,36,13,353,37,8870.1679,604,153.9777,1499
3694,31ba435576d4d9ace92a3174888f6316e110b043,0,0,0,2011-10-03 18:20:24,3,9293,0.0161,9296,85,1,1,95,13,5704.519,619,163.3989,1494
3707,3682eb7ec102c12693fba305dbec108897a7d39f,0,0,0,2011-10-03 18:40:38,43,9293,5.6616,9336,2,1,1,3067,10,79068.2002,2834,1.0,8499
3715,a4d656b86c2a40fff8174e6dc6c67f919fa9f244,0,0,0,2011-10-03 19:58:18,18,25,0.5243,43,2,2,2,695,84,17327.7793,1,1.0,50156
3723,4cdd5650466cef5c32a7c10bc0c19cbad946012b,0,0,0,2011-10-03 20:12:35,39,9293,0.8459,9332,2,2,2,716,84,38764.6506,2852,1.0,50280
3708,e5f7b37e001a76ca0e53b07a8ff8f37e20c69ca9,0,1,0,2011-10-03 20:36:35,4496,9293,1.5279,13789,3,2,2,804,86,17382.8584,588,168.9446,2200
3717,7c602fed5318ee90af726794e6e406e14870175c,0,0,0,2011-10-03 20:49:32,4496,9293,0.0162,13789,85,1,1,31,10,86384.0,622,164.5614,503
3712,048a4ab9f976fa57f78f8fa14c16efe933b82534,0,0,0,2011-10-03 20:49:32,4496,25,5.6616,4521,1,1,13,12,10,86384.0,622,157.1418,585
3722,67b6f83b3bb028f9854ff6cd18972e3ebed31d7f,0,0,0,2011-10-04 15:57:00,25,36,0.7435,61,3,2,2,805,83,44019.1897,152,41.7774,998
3720,078a605a5e60e2b138a8b9d41c8d53465360188d,0,0,0,2011-10-05 18:26:07,45,122,0.0597,167,85,1,13,3067,9,61279.5939,1,1248.6863,8853
3727,4bbf048e3761ed4924be7a051f105768ae8f2a1d,0,1,0,2011-10-05 18:33:38,122,154,1.9478,276,7,5,3,1046,84,40284.9961,1,1244.6009,56675
3719,467e89b12f62bbe3a2e05407383d2cac0b8e88eb,0,0,1,2011-10-05 19:27:57,48,126,5.6616,174,2,1,13,211,15,13170.9954,118,60.2214,997
3724,9494d31e294ddfad04cdc5a7c1d3ef0fb9aadd5d,0,0,0,2011-10-05 19:51:10,4496,9293,0.3525,13789,3,36,1,3067,4,8647.3927,1,1252.5327,63673
3731,127dc355259a769518d877b0cc2f3123856bb6ef,0,1,0,2011-10-05 20:48:22,4496,37,0.6829,4533,3,2,2,672,84,18761.1516,1,1.0,49732
3721,6fa1eaacc7c7bbacffbef264b2120dce1901400f,0,1,0,2011-10-05 22:59:31,150,232,1.0344,382,8,7,3,800,82,18782.987,91,66.438,1826
3739,5310620826fadd5f68975feb77e01d87b386b19a,0,1,1,2011-10-06 15:22:04,147,188,0.0448,335,1,2,2,681,84,38100.9843,2842,1.0,50285
3716,16fe609aec30250d8919c9f8a45c756ac93aa62c,0,0,0,2011-10-06 16:08:58,4496,9293,0.0697,13789,85,36,13,3067,4,72072.4297,1,1257.7195,112
3729,78446d67ac40ac3ba39c181a6c41587482c18c42,0,0,0,2011-10-06 18:42:52,4496,9293,1.5595,13789,4,3,2,767,83,12747.8746,2843,1.0,49541
3732,173d0d846953b4205f375d73ff1833dedeea2807,0,1,0,2011-10-06 21:11:13,8,7,5.6616,15,1,36,13,8,9,1285.2473,2860,1265.9552,46302
3709,b907e59e1aa5ef7857e5ed38fae804253e0f4c6b,0,0,0,2011-10-06 21:52:07,4496,13,5.6616,4509,85,36,1,10,9,2338.3262,1,1.0,46178
3728,e3812748ecb0b02436ebf82b7169c2c1c75b6627,0,1,0,2011-10-07 03:48:59,64,9293,1.445,9357,3,3,3,828,86,27625.0687,1,1.0,51233
3734,2eba60e1fd79cf3bfea48c8ebf647317fb3e05ed,0,1,0,2011-10-07 19:09:10,77,9293,1.3931,9370,3,1,13,3067,16,45758.55,1,1.0,46624
3695,21eb905986115b705a4743e61823e927b39d1ae1,0,0,0,2011-10-07 21:56:16,77,444,0.0596,521,85,1,13,143,27,25213.9019,2808,1.0,734
3743,d790ed1bc871a9bd3a8c8640629532c0bed77656,0,1,1,2011-10-10 13:56:27,110,192,2.5435,302,11,4,3,1119,90,53199.0825,675,275.1164,1747
3738,90d4c337bfc57745db48313ef9964b754b9a7aa5,0,1,0,2011-10-11 14:51:08,4496,9293,0.0199,13789,1,1,13,212,31,56252.4782,595,154.9331,1959
3745,9e153f64208042008a11856d0d56a3dd0fa2bfcd,0,1,0,2011-10-12 15:02:18,55,61,0.9,116,2,2,2,811,84,44083.4859,2847,1263.6977,49769
3749,657c119b4925e42e338b908d87a0a226423a6a8d,0,0,0,2011-10-12 15:21:56,4496,9293,1.5327,13789,3,2,2,720,84,46787.1382,1,1256.6472,49500
3733,ab95f980f4ea13a60a03b0bdf90479c7c36c54e8,0,1,0,2011-10-12 16:17:02,138,108,1.6862,246,5,3,2,363,36,66192.3537,631,153.8536,1532
3747,dcd94976b6c6f7db11f1dc03624b16c4d750e5a0,0,1,0,2011-10-12 16:25:00,17,25,0.2216,42,2,2,2,723,84,3849.2501,608,158.0284,1674
3752,787f9d65a3f5d3b0dfcf6751e6a076c60aa21526,0,1,0,2011-10-13 05:10:11,329,9293,3.6615,9622,18,6,3,987,87,33964.4592,2753,1.0,51138
3753,e2fe59d7b614141f3b63e7d46bcc0b305ea9c920,0,0,0,2011-10-13 16:20:22,32,9293,1.3548,9325,4,2,2,753,85,59199.8907,721,242.4978,3300
3742,bc281a7fa0abb665bd5675dc449d53440239e91f,0,1,0,2011-10-13 16:21:56,9,3,1.3925,12,3,2,2,736,84,100.3028,734,250.1026,3016
3754,84de35d2d7a06875937086655e364633a849e9d1,0,0,0,2011-10-13 16:24:42,9,1,1.3925,10,3,2,2,737,84,173.0017,734,250.0916,3008
3757,fe2905b48ae2c07d70ee7d7f29b4ae3f34e8b7ae,0,0,0,2011-10-13 21:11:36,4496,9293,1.0148,13789,2,2,2,823,84,19991.7101,2852,1263.7498,50169
3740,2c1d414e06306d32a32cbf1bd5e90f5cf1846e5f,0,0,0,2011-10-13 22:02:38,320,6093,0.3636,6413,5,3,13,26,25,86384.0,112,96.9142,63673
3756,71ba6998b504966690e099c03e04f9876dc1060e,0,0,0,2011-10-14 08:52:05,4496,9293,0.546,13789,1,2,2,729,84,55638.5576,759,256.0923,2593
3760,757e1273c9ea7fd836b7a5cac03f1e7e8128f68b,0,0,0,2011-10-14 08:54:00,27,9293,0.7719,9320,3,2,2,690,84,86384.0,753,257.5244,3347
3744,51966ae69605afdce4e261785f635e83d5864711,0,0,0,2011-10-14 08:55:08,4496,9293,0.8396,13789,2,2,2,731,84,394.2331,743,243.2046,3426
3751,1a7d83126f17b0ac369674aac93de925e59cdc82,0,0,0,2011-10-14 20:27:43,4496,9293,0.6836,13789,2,2,2,738,85,21086.7402,627,150.6412,1469
3750,5faba469bb2adfd109c7f989e0e28b461df7cf9d,0,0,0,2011-10-14 21:35:42,29,9293,5.6616,9322,85,36,13,167,22,59430.7474,1,1.0,46583
3761,43fffffcea7732d4a61fd4d68428b2981e34adc0,0,0,0,2011-10-14 21:54:12,4496,82,5.6616,4578,1,1,1,60,9,22971.3224,2843,1.0,46492
3764,374280fbfd618695ac6d76ab6715d30efc4a67ca,0,0,0,2011-10-14 21:57:29,54,9293,0.2812,9347,2,2,2,727,84,2279.8683,606,164.4601,109
3746,c4fabbbb304aa5a01af4674cf1b3a2fa4604a709,0,0,1,2011-10-16 22:43:17,52,88,0.1906,140,1,2,2,844,85,3618.8978,123,42.2398,885
3755,642ff8f07921e40f4b24c3ef811c98754862bb21,0,0,0,2011-10-17 17:21:23,21,41,5.6616,62,85,1,13,428,31,11739.644,588,166.9877,2158
3768,5d1768a1cf03af2ae226c2b223105de60ee83e23,0,1,0,2011-10-17 20:38:59,4496,9293,1.7749,13789,4,4,2,1043,86,24022.4894,111,39.0748,63673
3748,71abe093a8186532218e4cba406ce9773fc6d3ba,0,1,0,2011-10-18 14:03:10,4496,9293,1.4698,13789,3,3,2,882,85,72907.1487,719,244.1535,2708
3763,957e98504ecebf1b8a8af5bc7d2d478bdf27f01e,0,0,0,2011-10-18 14:12:11,19,36,0.0288,55,2,2,2,704,84,16817.4711,748,245.1548,2628
3767,6b5e7a1564498f7646f4fd410a34d3f0a81eb977,0,1,1,2011-10-18 17:04:56,4496,9293,5.6616,13789,85,1,13,77,15,80182.0144,625,155.885,1393
3779,7cbfaf92d232d211946737d3e122dcca28761638,0,0,0,2011-10-18 22:27:43,4496,9293,0.8821,13789,3,2,2,793,85,43417.5239,151,59.9178,208
3759,5fbb89087afa757d62bb006324d40cd64686c49e,0,1,0,2011-10-19 04:22:58,79,533,3.0586,612,15,9,4,1003,89,26521.6691,2773,1211.573,59967
3783,6d67ca18de18b95aeb8ac85ce025704a913fa10a,0,0,0,2011-10-19 04:24:13,4496,52,0.7559,4548,2,2,2,832,84,86384.0,2846,1263.073,49637
3766,25ea6c56831bbf2c672664bf4cfb525a9ea3da88,0,0,0,2011-10-19 10:19:57,4496,59,5.6616,4555,85,1,13,44,9,21849.3477,749,241.8695,2284
3736,368aa0e965cfc1dac1da5736ba6329cf55f2a867,0,1,1,2011-10-19 13:32:53,4496,9293,1.3622,13789,4,3,2,1034,85,34267.9708,2839,1256.2381,50502
3777,cf81df7ac50068772c15ae9f302af5534f14b573,0,0,1,2011-10-19 19:44:24,12,9293,1.0217,9305,2,2,2,809,84,38552.0489,127,46.1456,311
3776,00202c449787c87c311dd6fd1a40a1fbadf74bfa,0,0,0,2011-10-20 01:08:23,33,9293,0.0373,9326,85,36,13,72,8,53881.528,2850,1.0,46600
3781,9bfed83ecfa7af3834a716b694a085cce48013e9,0,0,0,2011-10-20 13:46:46,39,89,0.4866,128,2,2,2,845,85,48927.6643,1,1261.2397,50494
3773,0a2ad5d2b684cc6a0b6a9217f25426b5869be68d,0,0,0,2011-10-20 16:06:06,51,53,0.9429,104,1,2,2,848,84,8932.4665,2844,1261.4421,49587
3784,46aebe9b84340922195a737943d538b58b0fe49c,0,1,0,2011-10-20 21:02:55,4496,9293,0.8687,13789,3,2,1,25,19,18317.0335,1,1259.6341,46642
3774,ad2ae452c937cc31f142f40ff7f42ee25ee38d1f,0,1,1,2011-10-20 21:19:37,34,9293,0.5201,9327,2,2,2,708,85,8707.7596,1,1.0,49549
3782,4e1be7d02ec723005623147dbc8e9d2a2f1e1122,0,0,0,2011-10-21 13:35:33,31,46,1.229,77,3,3,2,819,85,75111.5761,717,254.6736,2667
3791,7577dfa334036a91fdabfe0380269d4faceba828,0,0,0,2011-10-21 13:44:51,4496,9293,0.9553,13789,1,2,2,826,85,27588.1592,760,257.0415,3480
3769,3bf9c79d8d073e49e1f4a89be9b4b3155b0c142e,0,1,0,2011-10-21 16:36:41,4496,65,0.8983,4561,4,2,2,754,85,44538.1344,1,1.0,50259
3789,a67606fa7fcad6b34092e847f9c774efc05a1d75,0,1,0,2011-10-21 17:42:18,10,9293,0.8195,9303,2,2,2,741,84,7153.4127,731,248.4843,2935
3793,7da6d2cbcdb3f1c39b059d54f53f20c850244092,0,0,0,2011-10-21 17:44:39,4496,36,0.7776,4532,2,2,2,757,85,86384.0,749,253.8627,2672
3771,9afc37e82f68c1897c8e8eed841822c851341b59,0,0,0,2011-10-21 21:09:41,4496,9293,5.6616,13789,85,1,13,99,18,57759.8771,1,1.0,46091
3787,663d9ac1754dc3b7fd1bfa80037bb17b91c0fb77,0,0,0,2011-10-21 21:09:42,4496,9293,0.9673,13789,1,2,2,716,83,17419.7539,83,10.0495,63673
3794,a4602b34433e039f1eda81b555056137aa9e105f,0,1,0,2011-10-21 22:28:16,4496,80,0.4308,4576,3,2,2,784,86,12925.9258,631,173.2917,2411
3790,8d555cf2b9a54c609c568fbc8bd8f793dcf0c59c,0,0,0,2011-10-24 20:22:02,85,156,5.6616,241,85,36,13,366,31,57406.47,2833,1.0,45126
3799,c93ca8e1a92513450d8e6ca6d0b2b9d92114421f,0,0,1,2011-10-25 15:49:54,34,61,0.4015,95,2,2,2,791,85,25633.3973,745,242.5915,3467
3802,4408d0c162823d644b0531d980b411a5530f508f,0,0,0,2011-10-25 15:52:35,37,9293,0.4198,9330,2,2,2,770,85,86384.0,726,253.655,2658
3792,9807dce0a1f6b91bb9e76c6ea0d7c8f9bc07270a,0,0,0,2011-10-25 15:55:04,35,9293,0.363,9328,2,2,2,772,85,86384.0,720,255.7275,2678
3798,c7455fbfcc0807ee8a78e666057d3eadec896448,0,0,0,2011-10-25 18:30:10,36,50,0.0218,86,85,1,1,3,7,6574.757,1,1.0,45912
3800,f1adb7cdee05fc0bebc92e2319a9e7c0b33d0d45,0,0,0,2011-10-26 08:27:52,4496,9293,1.6416,13789,4,2,1,62,19,36424.9437,715,257.6545,3136
3786,2308b10186666cec8a2b741dcb113adbe18fccce,0,0,0,2011-10-26 08:42:11,4496,119,1.5421,4615,2,2,1,3067,21,316.3401,774,267.0211,3042
3803,c8b6763b1d0377a9d42d0625792762f460185397,0,1,1,2011-10-26 19:33:48,139,211,0.6681,350,3,3,2,716,84,29764.4944,2848,1.0,50163
3801,e8fa4aeba256a49d6d7e9b4d8a7157d36e569b4a,0,1,1,2011-10-26 19:50:02,38,249,1.327,287,4,3,2,247,21,38660.0779,586,176.0864,1001
3795,fa70ed507492951c850f5f3d7fc178d4731b0a4d,0,1,0,2011-10-26 20:56:31,209,9293,2.4937,9502,8,7,3,1059,87,41310.663,656,145.291,2954
3810,7d2fbf985447da336ac1fe2ee8f626c8b3b987be,0,0,1,2011-10-27 13:16:53,24,9293,0.53,9317,2,2,2,752,84,64897.6689,750,258.6288,3390
3807,16e1875d7d074f1f95cb776c6ad40aea168ded1c,0,1,1,2011-10-27 16:44:50,55,9293,1.2537,9348,4,2,2,808,84,51232.6489,2851,1.0,50167
3785,7a21ad27047e346924e36cb9af587dbd25f9fc12,0,0,1,2011-10-28 12:50:27,43,9293,1.0326,9336,1,2,2,833,83,78479.4774,2846,1.0,50432
3806,7980429c52dded61e4e89eca16d0ea739d6626b1,0,1,0,2011-10-28 15:58:32,574,111,0.3351,685,2,3,3,706,85,34788.5967,2834,1252.267,49155
3809,b04b0a6e2293f64685ce5b69be0e0977cc552fb7,0,1,1,2011-10-28 17:22:53,48,70,0.1817,118,2,2,2,998,88,4331.8982,719,254.1161,2749
3770,0f96794ce4f690e50a32090972de8a80f81412b4,0,0,0,2011-10-28 17:24:29,12,45,0.1737,57,2,2,2,997,89,86384.0,725,254.8878,3228
3811,32f21794ed8020055458bda7e62043ad644b8861,0,0,1,2011-10-30 18:56:25,4496,9293,0.9691,13789,1,2,2,853,84,11726.0063,156,60.5898,288
3817,609bc4e123f08b8f65dbb45da3243719b7ccfdde,0,1,1,2011-10-31 16:06:48,6,9293,2.8329,9299,12,9,3,1071,84,52447.1131,1,1233.447,60327
3804,6e34dc3effabb0efd3945ee1dd359a24cb941e2b,0,0,0,2011-10-31 16:29:24,4496,9293,5.6616,13789,85,1,13,10,14,1401.9345,1,1266.216,46169
3814,2284ee0eb82eda0906676b44e6566a108f6154f5,0,0,0,2011-10-31 16:35:03,4496,82,0.0351,4578,3,2,2,807,84,2084.1483,155,37.5959,171
3808,b0fff6d29f0012a3997398371f8ea7808e0a07fb,0,0,0,2011-10-31 22:09:53,5,9293,0.8982,9298,2,2,2,741,83,15040.5194,1,1.0,50239
3788,2224f8185a26a5f1ace942652bf3df8dbb8ba8c5,0,0,0,2011-11-03 06:21:24,4496,81,0.9397,4577,3,2,2,885,83,34743.9443,1,1258.505,49618
3822,259807bfa54b07828ea7e6b2c5fd3a9078e2a8b9,0,0,0,2011-11-03 06:24:47,36,47,0.9182,83,2,2,2,760,85,31921.3785,1,1258.6315,50163
3819,510bfd357f136048e4cb072d4b3fec5ce753f2b6,0,0,0,2011-11-03 06:25:26,4496,75,5.6616,4571,1,1,13,22,3,86384.0,2847,1262.223,46451
3826,59e2f30a553dd9678f833a699e1ec461c00cb3a2,0,1,0,2011-11-03 14:03:01,24,76,0.8696,100,4,2,2,1057,90,64341.9934,753,260.5821,2476
3816,b70beda7e9d6a830214bce12d5fa1dc242a9876b,0,0,0,2011-11-04 00:02:35,4496,99,0.0559,4595,2,36,1,52,9,68770.9637,2846,1253.4209,45590
3820,ed5091388aa09fc4633f5fac06394ae515590982,0,0,0,2011-11-04 00:11:47,4496,51,5.6616,4547,85,36,1,31,3,18311.8177,1,1260.9272,46528
3828,5cf72b7c53f88411158afb91a98369201a79290b,0,0,1,2011-11-04 07:52:58,22,33,1.3605,55,3,3,2,735,84,56334.9661,721,255.5822,2809
3815,2d81358cefe2505a63901c2f5e85faa345a121af,0,0,0,2011-11-04 07:54:27,4496,9293,1.366,13789,3,3,2,756,84,276.3409,739,252.0312,2876
3829,6faf3410447ae81f5b77ce0570d6dbcb99bc8abf,0,1,1,2011-11-04 08:35:33,45,140,1.2105,185,5,3,2,901,85,15997.5834,711,242.0018,2238
3827,103d63697d313fe406ba1278b0039dc64a9f0860,0,1,0,2011-11-04 10:44:50,95,31,5.6616,126,85,1,13,3067,94,39031.9298,726,246.924,2854
3813,59a314bc9a1fb04b3ef060a2ea9f93664f707c6b,0,0,0,2011-11-04 10:46:53,99,38,0.0225,137,1,36,13,3067,2,408.4238,743,255.285,2818
3823,4f6350f9e91e81757b6272cdffae2b75cf83c108,0,0,0,2011-11-04 21:03:33,4496,9293,1.0065,13789,3,2,1,461,33,49114.7657,2824,1252.5752,45610
3831,d4beddc060e405d9170c4c393ba48ad03b87abff,0,0,0,2011-11-04 21:19:01,4496,9293,5.6616,13789,2,1,13,382,31,343.3092,1,1.0,47119
3833,5f3e3cacfe083b9c64fd9c87b7179bd8a563aae4,0,0,0,2011-11-04 21:23:39,4496,75,0.0395,4571,2,36,1,372,29,1290.9012,1,1.0,46667
3832,cc0ad2a0c81be678202f48ab13341d167608adfc,0,0,0,2011-11-04 21:27:53,1,9293,0.3405,9294,85,2,2,799,83,31383.0975,581,173.6964,1369
3836,287601d7f4d894687721aa54be8e822f3346d45a,0,1,1,2011-11-07 13:26:00,338,20,2.2556,358,11,9,3,1282,84,61733.2166,665,234.912,2501
3835,1fa626407f4712e002cec8c02e7b0516b05d3dc0,0,1,0,2011-11-07 13:35:05,438,64,2.1998,502,11,9,3,1191,89,1972.288,794,215.4654,4793
3838,adac1e680bb3e2c77bfe8a2a31ba47984494ceea,0,0,0,2011-11-07 17:58:56,51,178,0.0753,229,5,3,1,470,36,1122.0821,2825,1252.2877,47144
3841,514a54018036f959cdefef711e68cd7cc18e7e85,0,0,0,2011-11-07 23:32:04,52,9293,0.662,9345,4,36,13,159,21,9049.4822,2845,1.0,45595
3834,6adc7b78b8343d4ddf4951adde005540b65755bd,0,0,0,2011-11-07 23:33:25,43,76,5.6616,119,3,1,1,120,22,339.151,1,1.0,46383
3844,a853d7e40f75bec7046a04d83b9c9a01d72a3cef,0,0,0,2011-11-08 00:06:47,4496,9293,0.4,13789,3,2,2,781,84,32687.69,2845,1.0,50424
3847,a439b7ed7156dcd2b3279aab8e3d5830ab01c0b5,0,0,0,2011-11-08 14:00:55,56,148,0.0418,204,3,2,2,809,83,53963.9869,77,30.5075,63673
3846,1d9269618022b5cd95c6fdc6b1af7f4e17975143,0,1,0,2011-11-08 15:29:40,22,93,1.0191,115,3,2,2,1093,88,5229.0332,715,241.2122,3390
3851,e6f11f43bc48aa2ce9a5c01c0215b0c9838f1295,0,0,1,2011-11-08 17:50:12,4496,47,0.8598,4543,3,2,2,823,83,36950.9271,750,242.2126,3393
3853,00e13685ba0b4f6dd6eaf65e9ac8d1d9836a6f38,0,1,0,2011-11-09 00:01:11,95,27,1.2705,122,4,3,2,855,84,38495.8589,131,57.5714,825
3845,b47233bc829f11316c5b4b68b1d92065e95126ef,0,1,0,2011-11-09 14:04:40,84,9293,1.4419,9377,5,3,2,835,84,52870.4185,725,243.9632,2725
3824,45edba697f915fedae33f415afec2e5900e82a6d,0,1,0,2011-11-09 17:17:54,4496,199,1.4241,4695,3,2,3,723,83,15489.1032,1,1.0,57357
3849,74459de4dd1b9e55e502f2b7296bc2fcaca365fa,0,1,0,2011-11-10 02:24:46,115,115,1.3932,230,6,6,3,1132,83,27727.566,2818,1254.8154,57027
3854,88bb07b8cefa837e5b57d2b48082f7ac34deee9f,0,0,0,2011-11-10 09:12:29,4496,66,5.6616,4562,1,36,13,28,7,15122.5848,725,242.0518,2801
3830,759fb2403be2de96a2d9ec5e0319a8d3b748146c,0,0,0,2011-11-10 09:13:44,8,21,0.0102,29,85,36,1,38,6,86384.0,731,251.3914,2711
3850,0b54c99e22f53042d04df449d38ae91548df752d,0,1,0,2011-11-10 10:07:25,206,229,2.6488,435,10,5,3,1216,86,49614.6897,210,82.364,63673
3842,0f61444ff9ae25246fd18669cd095e6b3d6e006b,0,0,0,2011-11-10 18:37:37,26,82,0.1803,108,3,2,2,829,83,21307.6956,639,168.5853,2399
3860,d0b37192d549856176c33edd98cf647eb8f037c5,0,1,0,2011-11-10 18:43:20,75,26,0.1564,101,2,2,2,778,84,670.2242,625,155.9495,2130
3858,5771a1c836d2251e2b7acc5c8c88704f53ea7d40,0,0,0,2011-11-11 17:45:11,4496,42,5.6616,4538,2,1,13,79,17,27944.9589,753,255.1616,2264
3864,ce6460cdfc77a19fbc090b2ab871a9bf728c4b99,0,1,1,2011-11-11 17:56:25,25,9293,0.9683,9318,2,2,2,781,84,45779.336,746,257.024,3288
3861,d5723b08bd22e1ea2e8a3abe0485b6d4e96c205c,0,1,1,2011-11-11 19:52:59,4496,85,1.3471,4581,4,2,2,1088,86,17131.2414,2843,1.0,50297
3866,52a99ccbcd67ee5b7a86d7010f08dbffff2772f1,0,0,0,2011-11-11 20:02:50,28,33,0.7783,61,2,2,2,769,84,42126.6522,723,245.8832,3246
3870,9f7a83d1b1881ff23ed2c5ed53b33d252993e821,0,1,0,2011-11-14 14:31:42,86,9293,1.6655,9379,6,5,3,844,86,48683.3498,709,259.6547,3889
3856,19b55ff83c037b559c54deb1e12e82a48f5ec212,0,0,0,2011-11-14 22:50:50,4496,9293,5.6616,13789,2,2,1,170,16,82540.361,2844,1259.8697,45763
3863,0dfd8c97b2ed8d99ebdd78ed5d9928da8c1276c8,0,0,0,2011-11-15 07:15:58,206,9293,0.0485,9499,2,36,1,3067,94,26824.0267,752,243.6734,3059
3877,d8f5842c0ba91a3045fb9b9f00b5332cc65b60a8,0,1,1,2011-11-15 07:39:12,28,37,0.7594,65,2,2,2,787,84,70198.359,721,254.1249,3452
3855,8f2c5f792c532855c397894d373be1b520a7c4cc,0,0,0,2011-11-15 07:42:00,4496,45,0.7018,4541,2,2,2,787,84,427.0106,742,245.5331,2808
3873,dd1fee7b3c43f255c538345974fa4c5b1daee6b2,0,0,0,2011-11-16 18:22:32,19,27,0.903,46,2,2,2,804,85,21295.279,2851,1.0,50184
3868,68e224b51425af2475eaab751b249a38dd4203e0,0,0,0,2011-11-16 18:50:44,27,60,0.6217,87,2,36,13,40,8,37282.1137,157,57.9275,23
3848,504d4d7fce9cfe7963ffd1b80949ce0a739d7a29,0,1,0,2011-11-16 22:02:03,4496,38,5.6616,4534,1,1,1,35,16,84986.5229,1,1.0,7776
3871,3b944ed78a186d3fc16ae3d0d8330b133b14aa60,0,1,0,2011-11-16 22:07:35,81,9293,1.6205,9374,6,3,2,898,85,33252.6954,2838,1253.779,49135
3879,bafa3059cc404045c570050081f7263f3fcc35a9,0,1,0,2011-11-17 08:57:38,178,9293,2.6276,9471,12,5,4,1441,92,50931.2002,807,219.5024,4872
3869,943fd92c9c0e16601a1445181462bde5466d55b4,0,1,0,2011-11-17 18:45:04,76,9293,1.4138,9369,2,2,2,32,21,59154.1748,2812,1.0,55278
3876,6c3a28970549f66e20eb7b449706f1ef2fba11e2,0,0,0,2011-11-17 18:54:52,4496,63,0.0292,4559,1,36,1,3067,1,66660.4658,1,1.0,7772
3862,be1b02b95bd9c847cdfb01a0979d1cce7c581845,0,1,0,2011-11-18 16:37:39,7,231,2.2364,238,9,5,3,1141,84,16072.8685,2799,1.0,56940
3875,136a1e53ad8e04374a6c54dd07d61d1a595a033f,0,0,0,2011-11-18 16:42:34,4496,9293,0.0397,13789,85,1,13,3067,0,78052.8713,1,1263.131,7649
3840,181ca1bc548c54a29e74f6fa5c81d097ec8df557,0,0,0,2011-11-18 21:59:22,47,80,0.0398,127,2,36,13,374,38,46184.603,2843,1258.953,45659
3867,8c5f95845ee14c71d74b603323ebe83c9a3d7062,0,0,0,2011-11-21 13:21:12,29,9293,0.0213,9322,1,1,1,6,9,77383.1655,726,246.0603,2866
3872,c80468f1e2452c18b2743e87f3c206e6de3c09e1,0,0,0,2011-11-21 15:01:17,4496,9293,5.6616,13789,1,36,13,19,7,73580.5318,1,1.0,46672
3878,fcb54ce339ea11932e20e08e77825fafeee6184e,0,0,0,2011-11-22 10:07:13,29,9293,1.0331,9322,2,2,2,791,84,56356.7947,750,241.9595,2708
3859,d0f952dc75c1de25be38da75ecf2f320ca8882f3,0,0,0,2011-11-22 23:27:51,14,9293,5.6616,9307,85,1,13,71,20,17092.6233,1,1264.0819,46336
3874,3e584c7561ae4c7fb61ce2f6ab564bfb49f398f1,0,0,0,2011-11-23 07:23:25,40,73,5.6616,113,2,36,1,407,31,47408.9344,2837,1258.981,45876
3881,35ec26055584ff228ec79392d1e8f71608c84334,0,1,0,2011-11-23 14:09:36,19,9293,1.1058,9312,3,2,2,921,84,57563.1088,1,1258.9828,49713
3880,7d0db867588309a5e00c455e6752ac90e8e35bf2,0,1,0,2011-11-23 16:18:43,141,9293,2.8176,9434,9,6,3,881,83,7570.7333,1,1.0,56788
3884,48d1284a6438f1d6d7858a147149fff0f560f691,0,1,1,2011-11-24 20:05:37,20,127,1.419,147,6,4,2,950,83,54874.7604,1,1260.1017,49399
3891,dcbe1e4d671f6243e826313048cda68971e0235e,0,0,1,2011-11-25 09:19:00,19,62,0.8835,81,2,2,2,801,85,25916.8663,757,241.0903,3497
3857,d3e115156f6e809a6a115098c9b56c2d8fadf1a2,0,0,0,2011-11-25 09:20:28,35,68,0.8977,103,2,2,2,773,85,86384.0,748,244.6624,3410
3889,789aa15fc1990643a1162e0ac93f1487446328db,0,1,0,2011-11-25 09:39:58,87,119,1.8477,206,5,3,2,888,84,36093.0504,770,236.3367,2273
3898,b1e6799d3b8bf3d8047e913924451628eaad74dd,0,1,0,2011-11-25 09:41:46,68,9293,1.8485,9361,7,4,2,889,86,712.1588,762,241.5055,3396
3886,545cd657526cb92be4c7d677df943bd7c2646136,0,0,0,2011-11-25 14:18:41,4496,9293,5.6616,13789,85,1,1,3067,4,22796.1962,747,245.2255,574
3865,9afaebb57637d492aae5a6291447123f34f84135,0,0,0,2011-11-25 16:53:27,27,9293,5.6616,9320,85,36,13,21,13,44960.869,1,1.0,45820
3885,21417a7bc5e6678a10c5eb45bf91a854c2014e68,0,0,0,2011-11-28 16:56:54,7,24,0.0106,31,1,36,1,33,12,440.8206,741,252.0651,2447
3892,052e9ff98a2d2fb130fb3af4de3a5ce81d10d0a1,0,0,0,2011-11-28 17:02:42,4496,9293,1.0456,13789,3,2,2,129,11,36289.8863,705,240.4348,3596
3902,5fc19f48c6defc6c0fe8f33c2857735474e33252,0,1,0,2011-11-29 10:17:18,4496,293,3.5785,4789,15,8,3,824,91,44300.673,798,302.8759,5335
3905,ba0f2bc33ec98c6b1f83683cfb4a8eb7a16933b0,0,1,0,2011-11-29 10:20:09,15,369,3.1754,384,16,6,3,1007,86,86384.0,670,217.9911,1572
3900,ba326770f77c9b279fe130fc7d5db1c731c5bcc9,0,1,0,2011-11-29 16:59:58,36,66,0.4477,102,3,2,2,914,84,13612.9598,757,240.5751,3423
3901,206800e979e7338182dbe370265d7036631af5cb,0,0,0,2011-11-29 17:48:56,4496,67,0.0293,4563,1,1,13,16,94,64549.769,750,244.2992,2185
3882,e651d55f520022f463918aa3a13834334b2212dd,0,1,0,2011-11-29 18:41:38,67,9293,1.5072,9360,4,2,2,845,85,56350.9525,625,173.257,2140
3896,90d7063a4771ef26407e558572ba3bdefe6a3407,0,1,0,2011-11-29 18:56:51,4496,9293,5.6616,13789,1,1,13,3067,1,3878.1292,743,254.3639,2788
3906,cd8612121d81c1feea4d3da5bca95d1af27caf3b,0,1,0,2011-11-30 16:38:36,396,9293,2.5985,9689,13,8,2,949,87,46175.759,523,189.9951,815
3893,27a97d79e1b2ace2e48cf3596adec30c3cf08db3,0,1,0,2011-12-01 21:30:26,38,67,5.6616,105,2,36,1,365,36,85023.8279,2838,1.0,46498
3904,268a540ff0f90db51639cb7f53e56d6139f792e3,0,0,0,2011-12-02 10:53:44,4496,74,0.2457,4570,2,2,2,836,85,61397.7558,750,256.9287,3326
3913,cef35c0c68f8eae76fbb99424fa0cc8712e4d7d8,0,1,1,2011-12-02 15:47:07,4496,9293,1.636,13789,6,3,2,1142,86,43199.839,1,1.0,50684
3899,ee54540ebf1bac99c19815301499213cf60d140d,0,1,0,2011-12-02 18:07:51,37,9293,0.5753,9330,1,2,2,846,87,17953.2517,2844,1.0,49637
3908,76b5f8e63ac0b117b4f26d878f77c9a4e5128438,0,0,0,2011-12-02 20:16:03,31,9293,5.6616,9324,1,36,13,10,8,12688.6182,630,166.1504,1918
3915,eaca5341522a079dcecc181d229728da418ff2d6,0,1,1,2011-12-02 21:00:43,235,9293,3.5047,9528,15,6,3,1178,87,29632.9442,2783,1231.1586,59292
3916,562cd1391d24a5d43e1eb63c355c773be03ea73a,0,1,1,2011-12-02 22:09:54,33,90,0.4323,123,3,2,2,841,86,8909.3326,2840,1259.9083,50440
3894,c2626cdf241ff1e380255eab58155ac45fa1d4ce,0,0,0,2011-12-02 22:12:17,4496,22,0.0155,4518,1,1,1,154,22,18592.9959,2853,1264.5082,46405
3911,16097db1f2afac9e5098d67e9709552f4f7ef9a0,0,1,1,2011-12-02 23:30:32,168,215,1.7292,383,3,4,3,893,87,28623.0342,1,1.0,56931
3914,7b99df114536732ad4b21a5ce275e58dbe911510,0,0,0,2011-12-05 17:10:31,4496,99,0.0557,4595,85,1,1,93,22,25279.1593,1,1.0,46526
3890,0d805c7455494f32f906e97ed294f7d7d4525450,0,1,1,2011-12-05 20:18:57,4496,9293,2.3061,13789,3,3,2,799,83,59612.0113,179,34.5669,2013
3912,3d5a5957a83beb21b72be1ae4c11aaa28960c5e0,0,1,0,2011-12-05 20:28:37,99,9293,1.5333,9392,7,5,4,892,87,60681.7321,72,77.2083,2006
3926,fe1e7fce60fbe2652a44e535e9bbd9bf04a0ef39,0,1,0,2011-12-06 02:11:50,144,93,0.4304,237,5,4,2,919,85,34146.7492,1,1.0,50217
3910,09ac4bc05bbc2ef7f0fb68895fafb858ff7cfeb0,0,1,1,2011-12-06 12:30:21,47,9293,0.4727,9340,2,2,2,825,85,48203.4118,157,57.8467,224
3920,8480f06e324e0bc2e042b7c1c483e08132d81eb4,0,0,0,2011-12-06 13:28:33,29,79,0.9423,108,1,2,2,887,83,28451.8857,1,1.0,49627
3919,2ffe87e9d257e0c6cc584c11a4b55a3bb7fa1470,0,0,0,2011-12-06 16:30:53,4496,55,0.0383,4551,1,36,1,18,10,85633.0679,748,242.9884,3028
3909,b9a3d66dd4781842c077daa1a1f4cd906835f04e,0,0,0,2011-12-07 04:24:26,4496,9293,0.9022,13789,2,2,2,923,85,54278.3624,1,1260.8957,49718
3918,d3f868395450cf8562328b7422b5d3bd3a140562,0,1,0,2011-12-07 16:06:18,54,35,0.5271,89,3,3,2,887,84,59682.0922,746,254.952,3378
3921,c0adddd077c20e57231b87ce9f681b3d8b1d3415,0,1,0,2011-12-07 16:36:19,739,166,2.8807,905,12,3,1,55,10,65737.7281,317,149.7775,63673
3917,a97be906ffb4698e43310a241ab0e2b06c62dbaa,0,0,0,2011-12-07 16:36:35,62,9293,5.6616,9355,2,36,13,3067,9,86384.0,313,153.4814,63673
3928,fc42891a3a174545658c1b20b09006d824e990ee,0,0,1,2011-12-07 17:33:54,26,9293,0.6308,9319,2,2,2,835,84,44478.0727,746,244.0172,3368
3933,aef5e6aa25edd3ec7dbeb063e882db16cae08537,0,1,0,2011-12-08 12:07:13,162,9293,1.0867,9455,20,3,3,962,82,46410.8455,772,218.4317,2451
3922,c898b070a169fed7fcd7c84cfa5a7d042847f064,0,0,0,2011-12-08 13:58:54,29,9293,0.0432,9322,85,36,13,36,17,6234.0081,747,240.4399,594
3927,425e524ab75cdaededb74703b03fb3223ba50f3d,0,0,0,2011-12-08 16:20:09,38,9293,5.6616,9331,2,1,1,90,10,71196.1385,254,175.4079,1191
3937,ec624f50957776a444c28d6fea028786fe97640c,0,1,0,2011-12-08 17:31:07,4496,9293,3.5047,13789,19,7,3,1091,82,38179.3976,789,210.6206,5722
3945,508503d1672a9ec876cf9134cea0a1099c6d9070,0,1,1,2011-12-08 20:33:15,135,210,1.7684,345,8,5,3,959,88,51678.881,1,1247.7078,50584
3935,3459b3f8287a38d28cf08597a6e930d3298e4b1c,0,0,0,2011-12-09 08:54:47,4496,9293,0.7436,13789,2,2,2,910,84,46186.8336,717,242.5841,2805
3939,114314df3c2d0219692022da5f4024289681d575,0,0,0,2011-12-09 18:01:36,20,47,1.0193,67,2,2,2,907,84,41356.9091,1,1.0,49706
3938,bf0f80cbb67b1fe6b190cdeeee135d0dc73c4e52,0,1,0,2011-12-09 18:14:14,48,51,0.1762,99,2,36,13,120,13,12241.1249,597,167.2218,2044
3929,250e63bc74c948aea68c06fd2b684d77ff25762c,0,0,0,2011-12-09 18:45:39,68,1482,0.067,1550,1,2,2,272,37,47018.9944,645,146.2541,63673
3943,27b733efe27943768064c60867ed6a9a8a1633f5,0,0,0,2011-12-09 21:00:58,4496,35,1.5534,4531,3,3,13,434,37,59498.0661,601,152.9802,1454
3944,4b0a0a75b1728df522dca662d8d73990cd936366,0,1,0,2011-12-10 19:40:59,4496,196,2.3727,4692,3,4,2,1190,88,66371.9935,2811,1.0,50955
3947,db0d3131c2afa9f5bf75e30774d04e6bc56a1d52,0,0,1,2011-12-12 20:31:13,40,67,0.9475,107,2,2,2,843,84,9422.1215,1,1.0,50207
3949,e37bd7e8d344332ff41bd1015e6018c81ca81fa3,0,0,0,2011-12-13 18:25:48,4496,78,0.3523,4574,2,2,2,790,85,80158.7317,761,257.9862,2359
3931,00436c08bfe682b727c77c1d734c3c73a78a9590,0,0,0,2011-12-14 02:18:44,89,362,0.1865,451,85,2,1,3067,9,28938.5612,2828,1257.8024,47051
3940,5fa71cce0be9dc8a86cee957c00fd890fd660237,0,1,1,2011-12-14 18:44:54,58,9293,1.0559,9351,3,36,13,339,38,30031.8689,583,147.6464,1336
3954,1596ae9057956706a9c9630072567ab615fe844b,0,1,1,2011-12-14 21:44:14,81,94,0.2433,175,3,2,2,843,84,18922.7535,124,36.7978,168
3950,e15f3aa028baa1d239bb82b2e200b4cad5a55345,0,1,0,2011-12-14 22:53:36,2541,232,0.8303,2773,7,36,13,22,16,43386.6083,398,135.9034,63673
3941,e4163cbad655db183acf60dcc7a3218a2f7e825d,0,0,0,2011-12-14 22:54:54,50,9293,0.5444,9343,3,2,13,195,22,86384.0,297,159.1373,845
3948,cff12a848ca81584ba7a9e514aeaf75c7b9354b9,0,0,0,2011-12-14 22:55:17,4496,71,5.6616,4567,85,1,13,101,11,86384.0,262,150.5073,63673
3953,ef2c94af859fb5809d1b33b4ec46851d124c4f02,0,0,0,2011-12-14 22:55:36,4496,74,1.0084,4570,3,2,13,164,26,86384.0,302,156.0455,340
3934,16da34e1bab8ea9990473f1d92b9986596512e58,0,0,0,2011-12-15 15:05:08,26,9293,5.6616,9319,2,36,13,3067,16,57433.6704,256,170.6634,1092
3973,ce29659ae29f8449023a27b6d80f1034767d302c,0,0,0,2011-12-15 15:21:35,4233,4272,0.1808,8505,7,4,2,303,16,42021.9788,122,238.6912,63673
3957,0860058edaa8c07dc9bf627601e5580132a00110,0,0,1,2011-12-15 19:10:36,32,119,0.9072,151,3,2,2,930,84,39062.1658,596,152.6507,1306
3965,76454268062351e408d5c520b840e8ec2ba229ea,0,0,0,2011-12-15 19:14:28,4496,9293,1.0696,13789,3,2,2,872,86,86384.0,636,176.6519,2598
3932,8bef247f3da043b73eeddafbef7eb3adb92f5b6f,0,0,0,2011-12-19 09:16:07,1,8,5.6616,9,1,1,1,8,5,4209.4427,738,248.6286,2532
3951,b98c8ca1958b1ae13e3813c9581fe9dd04b1b538,0,1,0,2011-12-19 09:18:36,85,9293,0.0863,9378,2,2,2,834,84,52687.0947,739,245.9887,3172
3959,66031419626e8258690ca3bd534f388535f35d68,0,0,0,2011-12-19 16:50:08,4496,9293,5.6616,13789,2,1,13,63,9,65150.1091,253,155.1891,132
3946,7f4ee8839ae60e086595ae37ff21906a4f5a96f7,0,0,0,2011-12-19 16:50:35,12,218,1.6871,230,5,1,1,127,10,49469.611,264,150.651,215
3958,6979113b9de80f842f63acc1a4046fd78a988818,0,0,0,2011-12-19 16:55:52,67,9293,0.0622,9360,2,1,13,57,5,86384.0,313,174.8832,1370
3966,4c2efec96c1fb57b7e945c9a789990c77b93d854,0,0,0,2011-12-19 17:03:13,34,52,5.6616,86,85,36,1,456,30,84264.0316,1,1258.8744,45866
3942,5cdfaab72c6c8a2a9fab0d1a97fd1cdeafd6c2df,0,0,1,2011-12-19 20:11:40,4496,33,0.0377,4529,1,1,13,45,6,57229.3638,631,156.2858,355
3955,9e6087c0138eb434e3fee769bae2cdc72b863ba5,0,0,0,2011-12-19 20:26:47,15,9293,5.6616,9308,85,36,1,42,5,652.0111,618,157.6314,186
3976,e3c5d5d4335150e76b3e7e5ea7147f33ddc49910,0,1,1,2011-12-20 20:08:20,124,230,2.0116,354,8,7,3,1224,87,35204.1034,1,1244.6427,57210
3967,76020d689354897a6b409062bf7f2cf0cefbd0ee,0,0,0,2011-12-20 20:57:36,21,9293,0.0347,9314,85,36,13,83,22,58772.7211,2843,1.0,46556
3968,4020da3b9f31ecdde3e4facb14fce4612b58b1bb,0,0,0,2011-12-22 16:17:50,4496,9293,5.6616,13789,1,1,13,86,9,73925.0476,601,169.1053,1981
3930,0a61bac3e8a6aadc882a82edd586c1755e58b3bb,0,0,0,2011-12-22 16:56:17,4496,9293,0.0139,13789,1,36,13,179,16,65387.4073,621,157.3134,1543
3952,f198582a7ca0de8d15337a569e036e6dcec14104,0,0,0,2011-12-22 17:49:05,31,9293,5.6616,9324,85,1,13,157,20,67489.4869,600,155.8362,1453
3964,490ca770e8cc87f345c2a8d1ef7a85e74ca03581,0,0,0,2011-12-22 17:53:42,30,9293,5.6616,9323,1,1,1,158,20,86384.0,598,154.1958,1982
3960,acfacbd8d4e79ddb1285a1cb65c8ec8b61b99d2b,0,1,0,2011-12-22 20:25:10,12,9293,5.6616,9305,1,1,13,349,37,320.5846,607,163.8547,1499
3971,b41e645ea3c3bfb03a7cc5e138ce4f727d7a3c2e,0,1,0,2011-12-22 20:41:30,4496,9293,1.016,13789,2,2,2,852,83,2564.6042,1,1.0,50231
3981,23e1aa4c047061da3ab32f222f2172979967fd45,0,1,1,2011-12-22 21:34:24,19,9293,1.5359,9312,10,4,3,1508,91,9282.5987,2818,1.0,49716
3974,6ea00a304733d851759c7c788e66951d26592451,0,1,1,2011-12-22 21:56:00,4496,9293,3.4875,13789,26,16,3,1149,90,25413.7686,869,296.0,1169
3978,00b314d152c6d9c67c2d8da7c64edddbe746739a,0,1,1,2011-12-23 16:25:19,4496,9293,1.3534,13789,2,2,2,908,84,71391.1894,748,242.0719,3333
3961,d38aea143338939c887a0bd7c28225f77f310e90,0,1,0,2011-12-23 16:39:01,268,9293,1.9458,9561,11,7,3,1183,82,40651.2379,1,1.0,53847
3975,02346a1e6a4523077f1e7d6fdc0c931f53abbc59,0,0,0,2011-12-28 15:12:46,4496,9293,0.5354,13789,3,2,13,460,38,44005.4444,2841,1260.7209,45866
3983,7f747c9d9addb87d3e6f9747483c413ea2918724,0,1,0,2011-12-28 17:02:16,22,9293,1.1493,9315,3,2,2,849,84,35762.6711,133,47.0127,915
3982,c66f439f78983cdac04584b0f4913fee673acc87,0,1,0,2011-12-28 17:51:08,11,9293,0.0145,9304,85,36,1,114,19,9684.0545,1,1264.4823,46433
3969,952c6e536b90abe94874813030033975e33672a4,0,1,0,2011-12-28 18:09:06,21,36,5.6616,57,1,1,13,120,19,977.0062,2859,1.0,46295
3988,c0af7f604189f9e2a21fed397ad32c43a8aff89f,0,1,1,2011-12-31 16:17:40,4496,9293,3.1923,13789,9,8,3,1370,86,38953.9214,2750,1.0,48016
3997,b9813ed388f9672ac4099d4a72c6362edc442ede,0,1,0,2012-01-02 20:30:16,281,9293,1.6358,9574,14,10,4,1431,87,28164.2495,214,66.0279,63673
3979,a1f156ddf80b0ae374028cd1e981400970e208f0,0,1,1,2012-01-03 15:29:28,14,9293,5.6616,9307,85,36,13,13,8,66605.8746,740,303.7442,2377
3984,2a7786e452caa57d650f3aa8a0b509108bbc900e,0,0,0,2012-01-03 16:51:20,72,106,0.3049,178,1,2,13,168,25,73828.1115,167,120.2444,63673
3990,de333791e81ae5364e2454af1e2fbf674bacb761,0,0,0,2012-01-04 16:33:57,32,9293,5.6616,9325,85,36,13,15,3,62687.4336,623,195.388,309
3956,7ab6cb1e500ecdd0c1c7a920c066373ae5b06cc9,0,0,0,2012-01-04 16:37:17,4496,43,5.6616,4539,85,1,13,170,17,43972.3338,123,34.351,63673
3993,70a350e6e975c8c1aaaa5ed732f090974621355c,0,0,0,2012-01-05 03:10:10,4496,9293,1.3951,13789,4,2,2,809,83,38000.1423,2827,1075.4842,50654
3992,eca0c4856fbc42d833aead796c82fc2939cbfd5b,0,0,0,2012-01-05 21:47:50,36,9293,1.4383,9329,3,2,13,397,35,56998.2056,601,204.6666,1469
3977,0d0939582ceda20de2f7765e3496bda3d5318520,0,1,1,2012-01-05 22:39:57,67,8,0.0105,75,1,36,1,89,15,68608.9509,2855,1089.4136,46316
4005,89e54091fd2b55363f3a4917d0883d688c9e8a9c,0,1,0,2012-01-09 16:56:00,4496,113,1.5609,4609,6,3,2,1135,86,73968.4727,713,289.9547,2241
4001,9a11e424efeaa67a5d0081a93319b5ed9fddc516,0,1,0,2012-01-09 17:57:51,213,9293,2.0632,9506,11,5,4,104,27,6078.565,576,183.3128,3555
3996,bcc87a9ee83d3975919a12fdb95106f79f9c62a5,0,0,0,2012-01-09 20:16:49,44,9293,5.6616,9337,2,1,13,109,25,13042.0173,105,120.184,63673
4014,f64c17e428ce4fc73bca4119b4513762cd0120af,0,0,1,2012-01-10 08:26:51,4496,9293,1.2742,13789,2,3,2,833,84,63106.4666,746,297.5066,3273
3989,a3f2e9c3bf59b31bdb122a24527904b8ca27ada0,0,0,0,2012-01-10 17:37:14,14,383,0.0218,397,1,1,13,167,29,54662.6791,630,191.9785,322
3998,d48a6c14f370dfe97eb4e45c567ea9d1923914c6,0,0,0,2012-01-10 18:56:23,4496,86,0.6102,4582,3,2,2,46,23,26471.869,2823,1096.2305,47388
4004,ea4296932c6be69d7a1a995367bcf7e2130e962b,0,1,0,2012-01-11 00:17:39,4496,19,1.5125,4515,4,3,2,72,22,56372.6606,1,1098.6336,55130
3999,10a8f67783d9987063424212129be29690628bca,0,1,1,2012-01-11 07:52:42,44,9293,0.4052,9337,2,2,2,822,84,73293.4451,745,313.3894,2643
4009,185eca5d1fa7e384bb888c144d06abbced0fd577,0,1,1,2012-01-11 17:44:32,160,185,2.2759,345,11,6,2,531,39,47513.4775,1,1107.685,53070
4000,bb7b64312d80d9dc3864cf6b09d565cbd6a14c14,0,0,0,2012-01-11 22:43:41,44,9293,0.9567,9337,2,2,2,832,85,41923.3539,124,113.7302,63673
4006,452ddf63c530fc573551e6fc9c79c1a876f11dd0,0,1,0,2012-01-11 22:59:33,21,7,0.0054,28,85,36,1,128,19,18995.9094,2858,1088.6749,46280
4011,1e750138177e9cd9cbd6537451a4b5cd301dab3a,0,0,0,2012-01-12 02:26:44,4496,72,0.9661,4568,3,2,1,162,20,21248.4887,1,1073.0734,46925
3985,c1f125b9b61a1aafb65c0466a43ceddbf9e8e9f9,0,0,0,2012-01-12 08:11:25,12,53,0.021,65,1,36,1,61,9,60565.0805,750,300.9766,2249
4003,cafeeebd17b208e12313bea9da0972e6f4c5cdf8,0,1,0,2012-01-12 16:54:22,4496,9293,0.018,13789,1,1,13,111,15,65291.2879,623,201.9106,1399
4008,58fe9e9f56638d00858aebb65bf4b2dc69721291,0,0,0,2012-01-12 20:55:44,4496,9293,0.0538,13789,85,36,1,3067,7,73296.2094,36,12.72,544
4023,6a1ed6205cad8d019eb6eda326d7796a8a0dd67b,0,1,0,2012-01-13 07:49:21,55,51,1.0188,106,2,3,3,813,86,40047.632,755,294.1922,3658
4013,f458cc1ad94acb06cc8a7b59d15b03d4150ad353,0,1,0,2012-01-13 20:48:39,42,9293,1.6753,9335,6,3,3,33,16,42306.1699,2862,1267.3333,677
4012,9ad560d2fbb7f4a9a2cbac5741fe9301919b6319,0,1,0,2012-01-14 00:33:16,24,50,5.6616,74,1,36,13,348,37,24063.4162,624,194.1648,1471
3991,0456b7eb231275fba368d35fb861b09096fdd8fb,0,1,0,2012-01-17 08:40:04,97,259,2.8895,356,19,8,3,1385,87,50852.0953,818,264.6383,5462
4020,35f7bc597a8d26ca88526cf0d5208c13bdda523d,0,1,0,2012-01-19 16:05:45,656,462,3.2786,1118,16,8,4,1334,89,35465.3364,620,270.8024,5836
4007,9bfdb01f00bdd88165fac9d07e7f6b60700ca40b,0,0,0,2012-01-19 19:22:09,4496,9293,5.6616,13789,2,1,13,333,38,68367.0904,2838,1076.7898,46848
4019,2bc0d4db9d1b8fe074c7f79e90420072d5890ace,0,1,0,2012-01-19 19:26:40,481,813,4.1936,1294,40,16,13,784,49,61685.4573,1,1178.1467,50446
4010,83119656a2f54db064ec1479eddb826d8fcaf7de,0,0,1,2012-01-19 21:04:21,29,9293,5.6616,9322,1,36,13,62,9,656.186,95,53.2041,575
4016,e86469ee058fb73acebbae5f0ff64e5eae55e613,0,0,0,2012-01-19 23:34:44,44,78,1.3957,122,4,2,1,3067,13,60159.1153,598,209.9047,958
4030,d51d6f0b43b006b40ec3c1d6d13e2155b58136c0,0,1,0,2012-01-20 20:05:07,83,9293,1.4907,9376,8,3,3,1268,84,25998.929,1,1068.6684,51169
4018,5409af4535e483103686a4913ea69ab2c68a4b1b,0,0,0,2012-01-20 23:31:47,4496,93,0.7095,4589,3,36,1,64,5,16797.8668,2835,1062.7168,63673
4025,ee5dbdb8d355bd1fa5de535fdbebbfcb7344810b,0,0,0,2012-01-20 23:54:07,103,104,0.6598,207,85,36,13,49,2,488.7447,2836,1074.7287,760
4031,27b818386cdb123691702726f35d3ed6876c8b25,0,1,1,2012-01-21 21:41:06,4496,9293,2.064,13789,7,2,3,927,86,17437.7911,2801,1061.7106,49205
4028,f6edaa8555307dc94c905e5627e79c97d06b254e,0,0,0,2012-01-24 16:14:49,24,9293,0.7022,9317,2,2,2,873,84,68255.5853,1,1093.7106,50223
4027,341611095a884f9222326af6207e838888b5764d,0,0,0,2012-01-24 16:14:49,4496,39,0.7388,4535,2,2,2,851,84,68309.3289,1,1091.2788,50244
3986,2f115d4342e3830fbf320cb4a4f34f4c3613b29d,0,0,0,2012-01-24 20:03:57,4496,9293,0.03,13789,1,1,13,36,14,11015.6331,107,119.107,63673
4015,7c374547793c30f62366b2a28a2ca2c1d914f146,0,0,0,2012-01-24 20:28:41,4496,9293,0.0222,13789,85,1,13,35,15,1830.0257,127,99.7307,137
4037,372a3ade515b307209ea078358fa8777eda10599,0,1,0,2012-01-25 00:52:14,10,9293,0.8603,9303,2,2,2,859,84,30982.1527,1,1087.7386,49909
4026,5c66bd9d388f59243b852be0fa4da58b60c1af30,0,0,0,2012-01-25 00:52:14,2,7,0.9155,9,2,2,2,864,84,31103.7955,2860,1087.9016,49934
4036,86637d43cb4019d5f6747349d9d7315ff2236017,0,1,0,2012-01-25 10:24:54,172,9293,2.1386,9465,7,4,3,918,85,62036.5295,692,324.7335,2475
4032,cf0b69ff5d09d91c91f7663011c48a5a5178243f,0,1,0,2012-01-25 21:56:58,60,78,0.575,138,3,2,13,108,10,38176.2085,2832,1095.3966,46769
4040,26083f71f1fa39b74fbc6ffbad1a0abfb60fdd9b,0,0,0,2012-01-26 07:31:38,4496,86,1.0694,4582,1,2,2,835,85,40634.3561,1,1072.2622,49452
4035,b663210576a2ca9534d17d2c757e87a8726a8d0c,0,0,0,2012-01-26 07:31:38,36,65,1.0609,101,1,2,2,896,85,41855.5819,1,1097.514,50402
4033,48fbdb34a9c5c548e68726f56d3c32b6ac2028e7,0,1,0,2012-01-26 08:58:36,4496,9293,0.3665,13789,2,2,13,19,15,31158.5455,760,298.8481,2306
4043,d49113fad1bf7a15ca052156b872b9bdc01b6d73,0,1,0,2012-01-26 09:49:56,20,9293,0.1549,9313,3,2,2,850,84,18968.366,757,296.7387,3489
4050,0fdab63d366810c4225221624082a30c332d3d3d,0,1,0,2012-01-26 15:20:55,193,257,2.9934,450,12,5,3,918,83,21432.088,808,273.769,1742
4029,e10eb19e85834aeea4514a968613d41e1dc0d247,0,1,0,2012-01-26 15:25:18,701,9293,3.0908,9994,23,5,4,1024,89,45787.8853,850,330.9582,5103
4046,93fa8d8ad6f721cb107e9bb0a618f4ec39bb9f94,0,0,0,2012-01-26 17:33:19,4496,62,0.8892,4558,1,2,13,52,14,57389.0378,1,1095.8861,46904
4062,68d4e28d94a69bfa954a04c4e2fbdb75252db47b,0,0,0,2012-01-26 22:58:47,46,65,0.9965,111,85,2,2,842,85,42727.4755,2821,1103.4205,49439
4039,998dbcef21e1075b4d64031281c467b2172fa8f9,0,0,0,2012-01-27 02:48:59,4496,9293,0.0167,13789,1,1,13,3067,6,15612.9237,2850,1091.5134,46024
4048,006137294999d1713956a99abfe7cd41807c73c3,0,0,0,2012-01-27 09:53:09,4496,9293,1.5353,13789,2,2,13,461,31,59198.2701,767,317.4613,3068
4058,a5b3abb667928e231b9dc9cfcb9184024f23f8d5,0,1,0,2012-01-27 15:02:43,56,75,0.3315,131,1,2,2,980,85,42560.0679,706,299.9447,2700
4055,2c62adab36a589e9ff9e9169fd2125272e067918,0,0,0,2012-01-27 22:03:12,4496,35,5.6616,4531,85,36,1,39,12,36721.8961,133,110.165,750
4060,b10d5bd705fbbf07c567f61b2d6f68a4c8d22b0b,0,0,0,2012-01-28 04:21:57,2,86,0.8886,88,3,3,2,1114,90,26873.3521,1,1079.4893,49440
4054,4fb3963197761244e86eab7e92883fa0ca0bb687,0,0,1,2012-01-28 14:21:47,4496,9293,0.0721,13789,85,1,1,399,38,37187.9751,2835,1096.0208,45314
4066,46adb0db9ceeafb166012632d20d61d1d85ce5bc,0,0,0,2012-01-29 00:19:45,31,9293,0.847,9324,2,2,2,965,85,30852.8764,154,96.824,892
4045,119fa050307a9ea768ef5c9fcb90124950feb56b,0,0,0,2012-01-29 02:31:49,4496,9293,5.6616,13789,2,1,1,19,13,15198.5527,118,91.978,944
4053,43003f06a37c93ab8fdc44f9b31decafa039972d,0,0,0,2012-01-29 16:12:34,66,9293,5.6616,9359,85,1,13,3067,1,64743.4796,307,134.4479,63673
4073,2deee7a4e70c3e17344f7bbd53e9a72a8ac99dba,0,1,1,2012-01-30 15:22:39,394,296,1.4865,690,11,6,3,1172,88,50461.4946,783,326.7084,4191
4059,f4064b5ff1c1d14736afdb35493ade0db033668f,0,0,1,2012-01-30 17:10:54,44,9293,5.6616,9337,85,36,1,50,11,53225.4183,122,109.1233,272
4072,3d55a2b033ee7c7333230af5ef7c83b44bd8c8f7,0,1,1,2012-01-31 00:37:59,4496,32,0.7878,4528,2,2,2,1180,85,46449.8188,128,101.2521,818
4071,6173fa9e3443909474e14f5695e705df5b10dbcc,0,1,1,2012-01-31 21:24:27,33,15,0.3298,48,2,2,2,893,84,37993.0,139,105.0,113
4068,dbd8ced107fad720c416d7e4919cb33884378a02,0,0,0,2012-01-31 21:24:27,33,15,0.3298,48,2,2,2,893,84,37993.0,139,105.0,113
4051,e6b3cbbe28feaa6102c94d3717539a828cedd543,0,0,1,2012-02-01 07:43:21,4496,39,0.0338,4535,2,36,1,67,23,58502.4145,753,312.729,2832
4061,5c459243415118e3e1866d07f2620f29fa62e56d,0,0,0,2012-02-01 18:31:08,8,29,0.0134,37,85,36,13,27,9,72090.6314,2857,1089.6519,46349
4070,0074d64915fbff95794ed81263f15d0116b4e8d3,0,1,0,2012-02-02 04:54:30,4496,9293,2.1256,13789,5,5,1,357,25,1425.2575,36,69.4225,63673
4052,cba4087cf696e6520082313bc575d88858f5e260,0,1,1,2012-02-02 23:08:59,79,83,1.636,162,4,3,13,45,29,48774.125,633,187.0713,1220
4069,35aad40b05442b4c827cf8d373c65954d4b36748,0,1,1,2012-02-03 00:00:08,81,9293,5.6616,9374,85,36,1,3067,6,16585.4589,618,201.3643,1566
4074,cbac7af793f8a726f051d6dbf36a382fac595c45,0,0,1,2012-02-04 14:23:45,4496,9293,0.0376,13789,2,36,1,120,21,83115.8791,710,298.4667,3315
4078,270850d793aa1a8ed408f682479117f3f8ff3f6b,0,0,0,2012-02-05 23:22:40,27,48,0.6765,75,2,2,2,885,84,69368.9722,2854,1083.1087,49775
4080,8eccb80a317082897dc04d033fce500ac43e70aa,0,1,1,2012-02-06 09:33:42,59,103,1.1336,162,4,4,2,1252,85,52477.1942,757,312.1368,3483
4064,fdd3721fbaee64e404feaa72806ff89d04878b4e,0,1,0,2012-02-06 18:20:52,4496,9293,0.0154,13789,1,1,13,11,6,66398.165,623,201.8915,1847
4077,54528835775460f427989138529624f8a6b6e34c,0,1,1,2012-02-07 14:00:23,153,155,2.3317,308,8,6,2,1230,85,33856.1033,171,78.8927,63673
4083,7b1dd3d8f0191c7d53211a6312e591cd29128184,0,1,0,2012-02-07 19:06:31,13,82,0.5575,95,2,36,13,21,12,50328.266,2835,1095.8156,47001
4082,ba637b4d1f1b0c48c62498cc35ac6f5665cf4f27,0,1,0,2012-02-07 23:27:20,168,263,2.2912,431,7,5,2,1392,91,10467.1982,2824,1067.0844,48522
4096,7108f3ed318f3be0afaf4bed109226d3373215c2,0,1,0,2012-02-08 09:21:30,3,9293,0.6711,9296,2,3,2,897,83,49956.4241,716,312.2189,2741
4084,6c70b83d055d9212c9ec8ad9437ed9d8a63a7882,0,1,0,2012-02-08 17:57:16,4496,76,1.9142,4572,4,5,2,933,82,31032.9504,169,125.1792,1138
4089,d9ed0378786b4bbd6e07e5ea2801cd34d35a2258,0,0,0,2012-02-08 23:42:54,4496,9293,1.0565,13789,1,36,13,504,31,7596.0679,2840,1102.5373,46694
4065,96afdba855f94bce44f5747121e6019529dc8c07,0,1,0,2012-02-09 03:46:00,19,9293,5.6616,9312,85,36,1,122,18,12173.7318,1,1090.4955,45946
4087,c3dc7894159ad413f9c8fa0cc0024c6ed0984831,0,0,0,2012-02-09 04:28:47,4496,9293,1.5733,13789,4,2,2,1022,83,35806.9492,1,1095.9479,50708
4086,a85bbdf633d302ded4861ed95a69375d50566904,0,0,0,2012-02-09 08:01:29,68,9293,0.9353,9361,85,2,1,85,21,52448.047,781,322.3103,1739
4105,12d26f869d966a842e6b01b13e338051c9c85f68,0,1,0,2012-02-09 23:18:18,175,260,2.5922,435,7,7,2,1584,88,57088.4354,1,1066.7305,48082
4088,742648c821bb5922018423ff5f360233017a08ba,0,0,0,2012-02-10 16:07:53,51,41,0.045,92,2,36,13,22,6,37812.2072,640,191.0804,613
3011,4e6a4c016a9efe60c053318b4da81e6a90b9588b,0,1,0,2012-02-10 18:51:04,270,9293,2.4134,9563,16,9,2,527,29,3006.9839,2862,25.5088,63673
3008,c49a1497eafc5ab5c16b03b3f97842c5ab1e64c8,0,0,0,2012-02-13 20:37:22,4496,72,0.0322,4568,2,1,1,3067,9,70656.699,95,56.4773,17
4075,2a5547981dad7e59be2c26aeb52f5d49d2195b9c,0,0,1,2012-02-13 20:42:29,33,29,0.0233,62,85,1,13,17,8,752.8204,101,54.9029,54
4090,79050449e7e953a301e275a755a2b5f3a5b0d06a,0,0,0,2012-02-13 21:31:43,48,94,0.8182,142,2,2,1,382,37,33162.1771,1,1096.3743,46778
4063,d2c22a855c260a9c4e51ac41f42b7b3de46a0a7b,0,1,1,2012-02-14 13:29:35,201,213,2.6797,414,8,6,2,522,46,52560.4131,675,221.0589,1271
3021,5dac2086dcd4cb6845b814384d04952c986ac240,0,1,1,2012-02-14 17:58:15,73,9293,1.1009,9366,4,3,2,889,84,40134.8749,32,2.8737,353
4085,5d6c1bdad7107618fc165bec74fc0444078910f8,0,1,0,2012-02-14 18:21:47,36,41,5.6616,77,1,1,13,53,5,67482.5052,630,205.5084,63673
3013,b3bc28bdb49d1c683de61b0ac0d63fead3cf5c3b,0,0,0,2012-02-14 20:36:43,35,56,5.6616,91,2,36,1,67,10,59802.1091,43,7.4852,531
3016,212fd417f3e622449725d83e8dacab9506318dff,0,0,0,2012-02-14 23:37:26,4496,101,0.0326,4597,85,1,13,100,18,14239.9046,22,16.3589,63673
4081,ddee43e8463777b0419fac2423a59511202c8fab,0,1,0,2012-02-15 09:48:32,106,9293,1.3172,9399,12,6,2,958,53,42548.0598,158,8.1673,63673
3018,10b3dcc9672c9e748469eb5df5826639d8c88c8d,0,0,0,2012-02-15 12:50:22,4496,9293,0.0365,13789,85,36,13,23,5,42966.6268,721,299.9702,666
3022,c0a342bc85482eb2ae14c15a349188ef27ed98f5,0,0,0,2012-02-15 15:05:45,38,9293,0.9448,9331,3,2,1,213,15,21132.6148,628,210.6223,2163
3010,636e41dc3c1827ce438c98fb7a45c2a511083842,0,1,1,2012-02-15 15:41:46,4496,82,0.7171,4578,1,2,2,44,8,46956.6526,752,316.4097,2279
3017,78142cb790f921395273233eea5e2016b9148d36,0,0,0,2012-02-16 10:54:36,22,9293,5.6616,9315,1,1,13,3067,5,16381.5333,713,314.6233,782
3030,94860c6c3713cda4f17dabb2ac2ce30cfe92f6e2,0,0,1,2012-02-16 15:26:16,29,9293,0.943,9322,2,2,2,882,84,73425.3643,1,1084.3525,49699
3019,8f570ea68e50246ae825fa895f0e7fcf934e191b,0,0,0,2012-02-17 07:49:32,4496,75,1.0181,4571,4,3,2,1167,84,60260.311,719,297.5084,2607
3031,058307b65ebf6d85027c8960e26ed10a4f4bfd80,0,1,0,2012-02-20 10:04:00,4496,54,0.9848,4550,3,3,2,907,84,47853.9937,753,298.258,2632
3015,712cfb12dd01b368a34e6b19d16c21edcaac1487,0,0,0,2012-02-21 12:37:17,4496,9293,0.0274,13789,1,1,13,3067,13,77283.5489,720,314.8188,102
3024,83cfa9dd16d3f3bce8c60d7872d415ba58da8652,0,0,0,2012-02-21 14:31:50,13,30,5.6616,43,85,36,13,15,6,81471.2288,621,195.8759,1876
3028,527d590d435073ebefab7369f77e7d3a04d5b651,0,1,1,2012-02-21 18:30:06,4496,9293,1.414,13789,4,3,13,426,38,54979.348,603,203.1014,1504
3023,f943a6edf20a62f08c17cdb1c392478fc9846987,0,1,1,2012-02-22 08:24:43,12,11,0.9045,23,4,2,2,980,84,48307.5919,729,302.0976,2820
3034,8413d831d12099e8f2764438f0f31ec8ea1830b0,0,1,1,2012-02-22 13:21:53,48,9293,0.5355,9341,2,2,2,922,85,17973.4409,756,311.7516,3363
3040,5030f78a5aa9bfa52915812dceb78a717db1ee86,0,1,1,2012-02-22 15:30:54,4496,9293,2.5623,13789,7,7,4,1146,81,30869.2833,816,288.5398,4997
3037,e376bc02eca6f75489d2aff41e0cc36105eb8567,0,1,0,2012-02-22 18:54:43,93,161,1.8504,254,10,5,2,1274,88,27493.6663,77,88.5975,63673
3026,9dbb1b7757b1601e78254fde5a7142e93f46b620,0,1,1,2012-02-23 15:03:17,4496,209,2.2097,4705,14,7,2,1012,83,39326.9028,88,79.1249,1960
3038,44d6f49bb051a3a49fb2b758b6fb8016a1845f13,0,0,0,2012-02-23 15:07:59,76,9293,0.911,9369,2,2,1,93,13,28393.2789,157,95.9944,63673
3027,5888fcd6aff4e8c00ad7f4c629c5feb1cf9663a0,0,1,1,2012-02-23 16:22:11,4496,110,1.2536,4606,4,1,1,390,38,14537.2802,693,290.8051,3384
3039,38ee718ee6edc0116a3727d9186b64272daa1018,0,1,0,2012-02-23 18:58:23,4496,728,4.0624,5224,36,12,1,1462,63,56165.0421,1,1163.603,43616
3036,3a896db908927dc3fae18859fdd804f5c1400e7a,0,1,0,2012-02-23 20:29:37,32,9293,1.7319,9325,4,3,2,941,85,54636.3421,2849,1082.5417,49761
3042,8ad7840b336f47cf4d6c33da3459121c98db2d48,0,0,0,2012-02-24 11:20:49,34,119,5.6616,153,2,1,1,156,30,72680.3375,754,292.7724,663
3009,e2ac5303a26ed631af23408400185d8d8dc42f06,0,0,0,2012-02-24 12:56:42,50,163,5.6616,213,85,36,1,164,28,6404.5836,752,293.5701,690
3046,9020f20133d8d7297f833102c603d8775fa5b141,0,0,0,2012-02-24 14:09:16,4496,9293,5.6616,13789,1,1,13,217,28,4991.3308,747,313.9053,63673
3035,5cc12f37f6419a80efaa7341e8a284e19165ef30,0,1,1,2012-02-24 16:35:58,11,23,0.7253,34,2,2,2,966,84,72186.416,1,1083.2466,49871
3053,1ed6065b5b9d87ef6223683e1d45bebbf0463283,0,1,1,2012-02-27 16:52:20,64,86,1.3662,150,4,2,13,1,6,67791.8603,638,209.9989,447
3048,a043998c98cdbcafad248311b11295b7675911a7,0,0,0,2012-02-27 19:42:09,42,126,0.8655,168,3,2,2,998,83,43763.7175,2841,1096.6456,50712
3056,c44a19a8090d105d1ecc417c8dce6319b6bf80f9,0,0,0,2012-02-27 21:39:57,4496,57,0.7626,4553,3,2,2,1033,84,25010.7373,121,110.5622,1079
3058,930721d71a2beb6a0c90b56577eafcc3479c25c1,0,1,0,2012-02-27 22:18:18,1104,203,0.7456,1307,3,2,2,925,82,23045.0992,188,86.1172,1770
3044,aa75168470b433c818b77d150d6e77991491c7fb,0,0,0,2012-02-28 04:54:24,4496,82,5.6616,4578,1,1,1,365,37,19453.4472,1,1094.8029,46621
3051,24939a58b381589461677e03c2b19a2035d9c727,0,0,0,2012-02-28 09:49:29,4496,9293,0.03,13789,2,1,13,374,37,86384.0,750,315.3868,2054
3054,d079c8204e5e187b36b8d0cf66556c60cf33043e,0,0,0,2012-02-28 10:04:31,4496,9293,0.0107,13789,1,36,1,17,5,5196.527,742,308.5664,2399
3025,4e17ac4699e59637f20cd4cfcf2258eec5c42c5a,0,1,0,2012-02-28 13:27:41,721,1238,3.6663,1959,39,12,2,343,51,35741.2961,566,236.5442,6734
3057,f7629d8498d4d857128ee1697428d9d5fd9c9273,0,0,0,2012-02-28 16:34:18,4496,9293,5.6616,13789,85,36,13,408,36,41143.781,1,1097.2965,45700
3061,0d40edb40f695dbda1e5da6787424ac067a8f081,0,0,0,2012-02-28 16:34:18,4496,132,0.0637,4628,2,36,1,406,38,42983.6939,2824,1095.5951,45627
3033,40617c8be6ea85287f1c75d07c87e8315aa1ed4c,0,0,0,2012-02-28 16:37:32,4496,9293,5.6616,13789,2,1,1,427,36,1483.4357,2827,1073.4721,45248
3055,c9270f4e3ae5f94d46070f1c7e585c90bc68df7c,0,1,0,2012-02-28 17:53:32,418,270,3.132,688,22,9,3,1329,82,36589.704,669,353.2786,1239
3065,9483e147ec675c6024b5f1a55c799cc15aa2239e,0,1,0,2012-02-28 19:45:24,141,230,1.9042,371,11,4,3,1025,85,33981.5477,199,86.8235,63673
3060,3f8db24e4ae5d17442e15ad485d03021628e91c1,0,0,1,2012-02-28 20:05:51,4496,9293,0.4883,13789,1,2,2,1196,89,21099.8673,20,16.3452,63673
3062,061595fafd01f412c2922aae360b95da8d8ee086,0,0,0,2012-02-29 04:02:40,33,9293,5.6616,9326,85,36,13,86,14,29410.9048,601,191.3507,1963
3059,9252ee95b9f8e30f94ffb2eaf3a3828dadee3610,0,1,0,2012-02-29 19:59:20,134,288,1.432,422,6,5,3,1173,87,62440.2311,2819,1072.5866,51005
3066,bc05b5960ac14e9412f81d7f4ca1cc04035ca60f,0,0,0,2012-03-01 16:39:47,0,41,0.0175,41,85,1,13,214,16,35785.3164,607,195.095,1531
3070,0c2d2ccd962ded0f536c04f841bf22f45763e430,0,0,0,2012-03-02 00:22:21,0,9293,5.6616,9293,85,1,13,51,10,9354.0801,2857,1084.8704,46137
3052,a3c07ee4165ee68dc4aa1a4a61c198026149f22f,0,0,0,2012-03-02 01:46:15,4496,52,0.0347,4548,85,36,13,37,20,17816.2059,68,59.8937,23
3063,4299d07f5ee0237e6e02de7ed6711facacd5de17,0,0,0,2012-03-02 01:51:10,4496,38,5.6616,4534,1,1,1,32,19,86384.0,67,42.4655,670
3045,1c56ec2da2664abaab63b504b34767a1a5e8386e,0,0,0,2012-03-02 18:28:36,4496,35,0.8658,4531,2,2,2,920,84,64687.4696,1,1092.4872,50316
3074,5d03d6029ac7b439c64348f429dec2ad6a6077d0,0,0,0,2012-03-02 18:28:36,22,9293,0.6946,9315,2,2,2,898,84,65375.4142,2851,1082.1872,50286
3077,53fb52ac713e5471edd988b59cbd75f202a4f57b,0,0,0,2012-03-02 18:28:36,4496,30,0.7419,4526,2,2,2,918,84,65541.0961,1,1083.4261,50201
3079,ef01ca5bcf42fcf6c6a43a77eb4f0a90a93bbc1d,0,0,1,2012-03-04 10:06:16,42,9293,0.4683,9335,2,2,2,1164,88,82480.5926,721,313.4266,2634
3075,e5040e4fd525f4d14944b11779d154816317c376,0,0,0,2012-03-05 08:06:24,24,30,0.0206,54,85,36,1,372,37,79621.3277,716,311.0037,2240
3068,9c5ac8ff69db65dd5197062bbf60c10dc2371390,0,1,0,2012-03-06 05:06:39,17,9293,1.5007,9310,4,4,4,1314,89,48435.1613,52,1267.3333,1048
3067,e58540fe368ed5f3d3c0d877fdaacc245fbce3bb,0,0,0,2012-03-06 08:35:55,4496,82,0.4739,4578,3,2,2,883,85,27013.9928,30,1267.3333,63673
3076,4fe3bb13eb096666b16830a9d5e95524fd7430fd,0,0,0,2012-03-06 19:12:58,4496,9293,5.6616,13789,85,1,1,29,9,82295.3355,2853,1081.0636,46454
3088,edb105ded294a78e30b416ec75e83b0e76a30e02,0,1,1,2012-03-07 10:13:18,4496,59,0.965,4555,2,2,2,905,84,56526.1877,715,314.6119,3304
3073,e4f710108918babc76ff9127f87761b28e57ad96,0,0,0,2012-03-07 10:27:45,4496,9293,5.6616,13789,2,36,13,1,13,76070.8559,754,300.0015,2119
3041,e8b444269ffea05d7077deb54ccff55bb4ceae33,0,0,0,2012-03-07 10:27:45,21,9293,5.6616,9314,2,1,13,6,12,75120.2603,755,314.4522,2370
3082,c7895e99fb86ae3c36b4d63634498662ba20c220,0,0,0,2012-03-07 13:17:25,53,9293,0.0359,9346,3,2,2,940,83,30730.7911,698,292.0906,3605
3096,048c8a98d83b41d463b557ede8a0bf98d3def022,0,1,0,2012-03-07 17:35:15,4,9293,2.6757,9297,12,6,3,1324,83,34801.4358,660,330.9784,1622
3091,f2399074465357fefd60521da644d65adc54651d,0,1,0,2012-03-07 17:37:48,44,45,0.888,89,3,2,2,1262,85,4316.8995,741,301.3033,2705
3087,6b2ea264702f80518a1147ab0aac44e0cf40dfc3,0,1,0,2012-03-07 21:21:11,749,9293,2.8382,10042,18,9,3,1186,81,31846.2474,2748,1121.7958,60481
3080,3f40c6e63e06b27402aa60830ffc4fd1b4172993,0,1,0,2012-03-08 21:21:16,31,74,1.7987,105,5,2,13,236,33,49267.5876,589,191.5046,930
3085,28a9a15e1cbc2422d56ed28fc6fa7093328c7764,0,0,0,2012-03-08 23:32:43,4496,9293,5.6616,13789,85,36,1,11,4,8053.4599,626,194.8389,1885
3072,d6a13a68e163e23e0e3dd7087c0fd45fa063e376,0,0,0,2012-03-08 23:39:51,1,35,0.0201,36,1,1,1,3067,3,171.4802,626,204.2444,1448
3083,d0964715d4d5f6d71c1139bd247962d278aa167c,0,0,0,2012-03-08 23:39:51,34,9293,5.6616,9327,85,36,13,3067,3,28.3642,604,202.0818,1866
3086,b7a8b57ca653843e14bad544745a1ee7f0df5f44,0,1,0,2012-03-08 23:41:22,129,279,1.2373,408,6,4,3,213,31,6338.4238,665,222.4743,2875
3092,f16becfc29ef7e8bbf5f92913be51e33a99ba537,0,0,0,2012-03-09 00:41:07,45,9293,0.8351,9338,4,2,2,98,14,380.0381,111,57.9429,1156
3084,a7b9d09b05f263f2e9629b4c5432d6044b1f15e2,0,0,0,2012-03-12 18:49:00,4496,9293,1.0305,13789,85,2,2,3067,6,65985.6013,102,35.2461,63673
3093,d8742aa46242c128b73d82f397e303f5a79692ac,0,0,0,2012-03-13 20:36:38,4496,9293,5.6616,13789,85,1,1,3067,4,1246.9015,627,194.4741,1448
3078,6423bfe791fb7fc9f1b84cd18e614c7725797aaa,0,1,1,2012-03-14 19:59:23,58,9293,0.4825,9351,2,3,2,1314,86,27935.4913,109,97.8911,157
3090,65c33fac9c974fe93b617cc8f3e77c929733df21,0,0,0,2012-03-15 14:24:45,20,9293,5.6616,9313,85,36,1,40,9,59530.9783,715,311.5916,2302
3101,86f5eaa9b68e3dda0052bb92658fb86ac5fddc48,0,1,0,2012-03-16 08:30:34,390,169,2.6446,559,20,6,3,1109,86,56182.6433,806,342.7268,2081
3100,522730a0fc7ec0847c05867e769c275a160ba171,0,1,0,2012-03-16 08:30:34,405,95,2.6129,500,19,6,3,1252,81,52366.4985,825,268.6357,5346
3099,02a302a9396653f0f1f389d6d53f34869de2d46f,0,0,0,2012-03-19 11:08:53,21,9293,0.7854,9314,2,2,2,1061,84,12815.2334,125,112.2086,779
3114,0e2706a7f1eec0ba161177002e6e25bb58678607,0,1,0,2012-03-19 15:18:01,88,333,0.0617,421,2,3,3,1059,87,53392.9879,2834,1075.1391,52362
3102,cd806ddd266d69f83f5a5a12283945a7c9fd4e8d,0,1,0,2012-03-19 18:39:58,118,105,1.4254,223,4,1,1,3067,9,44514.0149,585,183.6473,1047
3095,78304fe24abfb4184243f54c9b9dcdd38b51ff65,0,0,0,2012-03-19 18:55:53,23,9293,0.0291,9316,85,36,13,3067,6,1237.5494,606,194.6804,1438
3103,c573c46e34b952e3147e36e8a7b097f701f2b0e4,0,0,0,2012-03-20 02:38:33,27,9293,0.0266,9320,85,36,13,114,28,84998.2072,629,189.9958,2041
3110,1e18538c9868e92622e9e0acf87b2e88b9bd6182,0,1,0,2012-03-21 21:33:02,4496,9293,1.0294,13789,3,4,3,962,83,20579.8798,2837,1110.7417,58773
3097,5a3d4c14b2f7e804c74c04c6e0b229c50649e7bd,0,1,1,2012-03-22 12:42:22,4496,9293,0.0237,13789,85,1,13,475,30,52250.8802,746,313.2528,2336
3104,772c4f1a7939e1bf236c5bf3e7bf624f7078c80b,0,1,1,2012-03-23 16:43:32,26,160,1.7471,186,5,3,2,3067,14,57946.1209,1,1074.1067,55103
3109,18b55642821d26f3507f08e8b3f71e1f23db5ae1,0,0,0,2012-03-23 17:47:21,27,30,0.0125,57,85,36,13,10,1,65978.1194,2853,1090.5725,46335
3107,f11e4f2a1c3387083637efc85bcfa7a9d0c3248a,0,0,0,2012-03-23 19:57:46,84,66,0.8797,150,3,36,13,71,25,46063.5749,591,185.5785,932
3113,0aa128a9a61d068067ce049ac04349a6d76e9c4a,0,0,0,2012-03-23 21:40:57,27,9293,5.6616,9320,1,1,1,20,3,13092.9673,2850,1090.9187,46576
3089,b1d12db7338ecf1eb6f5aa4905ddadb0500e9445,0,0,0,2012-03-23 22:19:26,21,9293,5.6616,9314,85,36,1,3067,5,55341.6358,2854,1082.2564,46438
3105,8b23dcaef922a9c343bfdb7595d618da4efc9a2d,0,0,0,2012-03-26 14:41:26,4496,139,2.0828,4635,27,2,1,92,7,34864.5129,2803,1053.3975,9613
3115,959764186ac64e450d7f5566070da32e1b567146,0,0,0,2012-03-26 14:59:37,21,49,5.6616,70,1,1,13,18,8,44012.8842,1,1092.4514,8401
3116,c38d32638eea94114c578c3c9f400fd581aade39,0,0,0,2012-03-26 18:17:27,87,9293,1.7462,9380,5,2,1,425,49,57281.504,649,187.9076,829
3118,5a6f0b852935e7da957e5cfc397fd0a55b9516b6,0,1,0,2012-03-26 22:48:46,1244,1816,4.5194,3060,53,13,5,1352,61,33624.046,2615,980.2356,60633
3122,021ec71be5c32788347cee077034df690a279a34,0,1,0,2012-03-26 22:49:56,412,646,2.9576,1058,42,5,3,727,43,11050.146,1,1135.3851,51582
3119,5b9fc26c51161837f01a9383aad8a2786445a4bd,0,1,0,2012-03-26 22:53:59,153,340,3.6067,493,20,6,13,130,22,34058.3952,2791,1047.3448,44675
3064,b4af12b43ba9aef71613274a12d037b0caaffd4b,0,0,0,2012-03-27 04:34:12,4496,9293,0.0318,13789,1,1,1,480,29,37845.8647,2843,1073.7343,46570
3125,417b175fa4bfc80994b3d4e85c9f8d93f3d9ab60,0,0,0,2012-03-27 04:44:50,4496,56,0.9711,4552,1,2,1,74,20,52714.7168,1,1093.2416,45860
3123,731af1a4323314dc31020deec9fd04b97a79519c,0,1,0,2012-03-27 10:57:07,4496,118,1.0548,4614,3,3,3,1124,86,35013.2013,169,117.0865,63673
3135,57b9a346cb023da3d3a2cea09d9fed9298be7cc9,0,1,0,2012-03-27 16:59:07,77,73,1.6708,150,5,3,2,980,85,72465.2131,2837,1072.0687,49452
3124,211bc0ca3d01475a8780c73cd4e6c26c7dcc04be,0,0,0,2012-03-27 16:59:40,4496,9293,0.0205,13789,1,1,1,6,6,86384.0,2854,1089.5271,46429
3127,46689e51b4c5479e7875bf918a820c5e74c3b418,0,1,1,2012-03-27 17:25:35,4496,9293,0.0446,13789,1,36,1,416,38,66277.3798,631,189.8043,2155
3128,3ee8682eb8e32f04979f44984911cf3547ead206,0,1,0,2012-03-27 20:00:41,177,12,2.4871,189,12,6,1,577,50,57432.0839,559,179.8847,2309
3130,e12840e2182dfd12cb70df9a5aca4111a3a13217,0,0,0,2012-03-27 20:02:43,4496,9293,1.5148,13789,4,2,2,287,31,29182.9464,111,94.207,1004
3126,2b44e546096a8b2dc1f20be2165e6044b15dd276,0,0,0,2012-03-28 17:02:27,4496,87,0.4941,4583,2,1,13,19,8,42943.0757,592,204.8543,1240
3132,190e27bb5cc910d020b3828c1fbe83f009534b89,0,1,0,2012-03-29 18:03:41,229,151,1.9524,380,9,3,2,531,38,69105.0626,670,209.697,1352
3121,33f66e4fb13b17be08c368424aac07f532bdbab8,0,0,0,2012-03-29 18:16:21,4496,37,5.6616,4533,1,1,13,42,6,1062.3453,597,193.0215,1347
3137,ef50e8f12a81986407351f5b7e3125dab2d4ffa1,0,0,0,2012-03-30 11:47:44,55,44,0.7453,99,2,3,2,958,84,23126.0746,117,99.6261,367
3139,5cde93d9607ddbdb5316afaa2be9b9132d1bec3f,0,1,1,2012-03-30 15:22:59,4496,9293,1.2423,13789,4,2,2,988,83,11451.4107,709,320.426,3683
3145,e5a324e31e0da3e5e57d3bd87e06f20aaf108a3d,0,1,1,2012-03-30 15:31:51,33,9293,0.9495,9326,2,2,2,1223,84,32069.0284,753,312.7947,3299
3117,08345fabbc7536051d57ec4cde615704e5426788,0,1,0,2012-03-30 21:43:43,79,92,1.0786,171,4,2,13,345,39,35132.9321,638,185.5935,2191
3106,98a70bdebb26955ea629fe3a21212253fc7b7d17,0,1,0,2012-03-30 21:44:35,32,9293,2.5613,9325,11,6,2,563,44,50638.396,549,172.7725,2982
3131,1b79d815555aeb749f17f246a317b05812b6b937,0,0,0,2012-04-02 17:24:32,20,9293,0.8981,9313,2,2,2,1045,84,73808.2903,2853,1090.003,50173
3144,b69fd1aff7e34363298aece693c4be5a3a603c71,0,1,0,2012-04-03 09:57:29,92,52,1.9752,144,4,3,2,1306,91,56953.5504,751,318.0921,2715
3155,031e894174475ae98a728bfcf33b97217b39fe45,0,0,0,2012-04-03 16:13:44,5,62,0.7213,67,1,2,2,947,84,58370.2594,1,1093.9984,49537
3136,f956569dbd7848eadbe5e70b12fadb7e25e0fc4a,0,0,0,2012-04-03 19:26:01,4496,9293,0.0288,13789,1,36,1,3067,5,62456.9556,57,40.3441,719
3140,030d4718e5596884c766b6e3e5b1c54fe23f6dd8,0,0,0,2012-04-03 19:26:01,4496,77,0.0314,4573,85,1,13,26,5,63784.2168,57,42.183,665
3146,374f511eb484fabdf904000d27ca4b5f24e9d91f,0,0,0,2012-04-04 20:09:30,4496,9293,1.0671,13789,1,36,13,3067,94,46680.1038,101,61.8768,954
3149,dd020e1fd97019af4a2be66813071540b3d1be28,0,0,0,2012-04-04 21:26:21,49,9293,0.914,9342,3,36,1,113,20,82703.8124,160,30.3995,124
3141,1a42cf3f8e3ef33b22c3f7cf32c981eb2eb3de93,0,0,0,2012-04-05 19:53:54,4496,76,5.6616,4572,2,1,1,416,38,11181.6734,626,208.4869,1422
3154,5f1e66a15cd8392ba1042445ce0189e0b9b0de48,0,0,0,2012-04-06 15:38:16,4496,52,0.0271,4548,85,1,13,3067,2,60579.2493,598,204.0668,193
3156,acc9823220d9dae190a9dca5ec2fe537071ad241,0,0,0,2012-04-06 16:17:04,16,36,0.0241,52,1,36,1,11,2,1962.8639,604,202.3481,599
3148,25da034fb3bb8edb393ae7908ee0d292efbb4ed9,0,0,0,2012-04-06 19:32:12,4496,9293,1.326,13789,3,2,2,952,84,19735.418,126,111.5883,63673
3157,0cc97d91c0cf92cd8476b5a5d0bdf7d3d66a45fc,0,1,0,2012-04-06 23:36:35,4496,9293,5.6616,13789,1,1,13,27,8,6849.9098,607,200.6226,1776
3151,4884c1f96f1cd52a4c12e7c4710b66dffb870490,0,0,0,2012-04-09 17:09:18,25,9293,5.6616,9318,85,1,1,49,9,6243.45,743,300.9031,2944
3160,16f6b0ca10de59a1b6e1eb2eb7c899b700890680,0,0,0,2012-04-10 18:23:52,4496,81,5.6616,4577,85,1,13,176,29,69562.4732,156,46.86,63673
3158,7321adf4326381ab7ce89346dbd0703a56af0c4e,0,1,0,2012-04-10 20:58:00,75,121,1.4049,196,5,4,1,36,3,36659.1325,1,1108.0673,1278
3163,a3fe297510acdaefbb40b0a91aaf8c38843f9a8b,0,0,0,2012-04-10 21:03:43,4496,9293,5.6616,13789,85,1,13,3067,4,76658.8024,1,1095.7435,46447
3170,dbc0f599fe83651369802b98b8349331d1f617b8,0,0,0,2012-04-10 21:05:58,7,10,0.0068,17,1,36,1,53,10,78333.4377,2859,1087.9766,46157
3165,f774b7fc396f4fec611247159023c58863de5f85,0,1,0,2012-04-11 00:34:18,4496,9293,1.0882,13789,4,36,1,41,23,46452.355,107,41.6221,957
3162,142e8c1a2967947a3ed5314e4577f4be3cfe4bd3,0,1,0,2012-04-11 14:01:56,4496,9293,2.722,13789,6,6,3,1430,87,55391.6296,2818,1053.2296,49402
4044,fc7e86404a27963071e416ff4deb0c7143e68bfc,0,1,1,2012-04-11 14:31:36,21,149,1.9435,170,12,9,3,1500,86,43485.0868,807,330.0239,1833
3168,34c1fc0b7cbdf568ec7869a564fe614f96dcbe9b,0,1,1,2012-04-11 20:06:45,112,9293,2.0637,9405,6,3,13,475,42,2883.1091,646,186.029,561
3175,b289de1a7cf3ed491ee952f1c177e11d13cd04be,0,0,0,2012-04-11 20:14:27,4496,30,0.0164,4526,85,36,13,407,37,635.3373,604,201.5576,1800
3164,2eaea5be96461b1d9e405d26229b9803a96d3abf,0,0,0,2012-04-12 15:36:22,4496,38,5.6616,4534,2,36,13,33,5,60428.8181,95,39.4026,708
3152,33cdcaf73463c351ada6e64dcd158a4823bdb902,0,0,0,2012-04-12 15:36:22,4496,9293,0.0382,13789,2,36,13,3067,6,60352.8032,60,43.1818,719
3171,c215a4c96436303c9644f19c95db67ba88d871c3,0,0,0,2012-04-12 16:12:52,4496,9293,5.6616,13789,85,36,1,17,6,60646.2847,606,203.3985,111
3176,f0805119410092235a311a9b82ade268e9065597,0,0,0,2012-04-13 17:58:56,4496,16,0.014,4512,85,1,1,110,15,66892.8045,2855,1085.3212,46086
3185,5b024bd256fa4ca9a19dab0dc4dd77f6e47a5019,0,1,0,2012-04-16 13:41:17,45,137,1.3747,182,6,4,2,925,85,47449.6577,704,291.471,3469
3173,67b340becd1aa369c71af10e5b76570e73809e2e,0,0,0,2012-04-16 16:50:33,7,9293,1.0918,9300,4,3,1,3067,13,73907.3413,580,191.3073,1151
3177,3f8372c1f5225afe83dced250660c4314e8d86b0,0,1,1,2012-04-16 18:15:03,2,20,5.6616,22,1,36,13,18,6,83683.973,620,195.0663,1570
3133,e48b94098efca6d1abea86c07210492315359737,0,1,0,2012-04-16 20:27:47,88,9293,0.099,9381,1,2,2,1271,86,81746.99,2842,1078.1723,50457
3184,b184972b0f83487cb44ce7c211d3ca7cd5dbb3eb,0,1,1,2012-04-16 21:23:28,4496,52,0.7854,4548,2,2,2,958,84,1233.3247,2846,1094.1476,50335
3178,a6302d6d7dd35d6b59e9911850f6bd2e69da088b,0,1,0,2012-04-16 22:41:08,69,48,5.6616,117,1,36,1,21,6,24658.6767,628,193.8023,1977
3186,5b57673c962a2d9451356877b9f825b4ee003509,0,1,0,2012-04-17 07:10:23,115,149,2.7136,264,8,5,2,990,82,66286.7859,685,319.6026,3703
3179,7b38d6a4dff57b666d9a882029e3dbfddd92a412,0,1,0,2012-04-17 07:40:18,33,54,5.6616,87,2,36,1,421,36,66756.0576,720,312.9266,2874
3181,f2152dd4bb18be694c6e505fa99d5933373b1c11,0,0,0,2012-04-18 16:25:11,78,56,0.8599,134,1,1,1,61,15,43222.9052,633,188.697,1251
3167,6fcd1f4704610f5073028faa5ccf027d81b0f470,0,0,0,2012-04-18 16:25:11,10,9293,0.8491,9303,1,36,13,64,14,43035.5383,634,191.6511,2048
3195,726f6827dfd2059a793ec433653b2fe2ddc74266,0,0,0,2012-04-18 18:23:17,51,9293,1.1358,9344,4,2,2,1046,86,12021.7055,2844,1094.5736,50377
3159,09b4e7bdfb113715b3e1ae0be179415fab79d4b7,0,0,0,2012-04-18 19:29:38,18,54,0.0137,72,1,36,1,27,13,10812.8873,625,201.7329,1803
3182,65d51bb747cc5b7f60a58793026529cb4c6bdf1d,0,0,0,2012-04-18 19:44:58,4496,9293,5.6616,13789,85,1,1,29,13,734.7441,621,201.7124,1536
3188,bfe2dfb50d5b8f1f322a7b3380df3f74f24ab960,0,0,0,2012-04-18 22:07:15,18,71,1.0647,89,4,36,13,32,14,8909.933,2838,1079.6921,45822
3203,36a9f9bd8f70b35a13fe510576635c619b2b81ff,0,1,1,2012-04-19 20:53:53,42,9293,1.6155,9335,5,3,3,1031,87,25558.0047,1,1095.9814,49195
3190,3868cf5f2996818ca702e1c409a856e2d285558f,0,1,0,2012-04-23 05:04:04,224,113,0.1028,337,3,2,2,1091,83,27889.1114,108,96.4396,107
3192,189e133a586a5b4afb1021440def9c02d14d17bb,0,0,0,2012-04-23 05:48:24,47,50,0.0472,97,2,1,1,191,17,2108.6165,155,99.3438,63673
3202,04874186892c86a20181a2f64c5dc24285021b2c,0,1,0,2012-04-23 23:28:14,139,9293,2.1522,9432,9,4,2,988,86,42997.3149,180,116.006,63673
3193,8dd6a3449a090266951424bc6307515ed8c9c93c,0,1,0,2012-04-24 17:27:52,31,9293,0.0231,9324,1,1,1,21,6,37450.2041,722,311.826,2762
3206,150b3167f2f9952a4537e0d3c754d094a9a097b2,0,1,0,2012-04-24 18:07:34,4496,9293,1.419,13789,4,3,2,1306,86,77906.899,1,1101.8255,49549
3180,808d7c9f32a9b3c623506a4d26febf70c1770f0d,0,0,0,2012-04-24 18:20:02,3,9293,5.6616,9296,2,36,1,3067,0,48482.7333,2847,1092.1606,7624
3189,7daa6625a19e7556e0514e7c46efe6dab0b9de14,0,0,0,2012-04-24 18:26:01,19,19,5.6616,38,85,36,13,64,10,75954.0129,623,196.0993,1443
3201,a725f80fce2be6880db9572b35339d68acc398a7,0,0,0,2012-04-27 14:40:56,52,138,5.6616,190,3,2,2,53,27,61812.7745,236,102.639,1095
3197,2af8591bd71838b9782c552c6724f1efe1cc836e,0,0,0,2012-04-27 14:40:56,4496,147,5.6616,4643,85,1,2,119,27,62166.4157,321,108.8337,74
3187,5fd5864249707e2a88bf27641d40ed675c8c9e14,0,0,0,2012-04-27 21:16:41,4496,90,0.783,4586,3,2,1,240,24,76880.8102,102,32.5347,63673
3210,46e422a9417b5b513ceae4c9652ba413e2ede474,0,1,0,2012-04-27 21:19:24,205,9293,2.6514,9498,20,7,3,1224,81,70702.1244,1,1122.4449,60470
3183,934570398108b4e3732f59c5d28d245ca2502cd9,0,0,0,2012-05-01 15:41:02,16,9293,5.6616,9309,1,36,1,10,5,39755.213,1,1083.7844,46397
3209,30e78d6dc98b7e425c121c9a40c4b803dd9a9e7b,0,0,1,2012-05-01 21:55:45,4496,92,0.8238,4588,3,2,2,977,84,11851.0242,1,1081.2314,49533
3208,116d8a1a7cfe585affbd8ab09115cc5ff620d56e,0,1,0,2012-05-01 21:58:49,4496,30,0.9794,4526,2,1,1,42,15,41097.5159,1,1082.6926,46544
3224,3a04d85488b32c106ccfec76092b187f5728b3dd,0,1,0,2012-05-02 04:26:17,63,9293,1.0844,9356,4,3,3,981,82,40813.083,1,1066.2511,58593
3204,263f192b65db18e3cfb5126e86358f374a0be5fa,0,0,0,2012-05-02 12:29:34,57,9293,0.3959,9350,2,3,13,281,25,54766.2602,759,315.1125,1764
3213,606e666f846a7be65716bdfad0afb2083cf4f797,0,1,0,2012-05-02 18:28:27,104,73,1.5749,177,2,2,2,27,1,47609.623,2832,1068.5293,45580
3215,bf9a72265fc5262df8b3eee6ce907dd48185f99d,0,0,0,2012-05-02 19:39:23,23,9293,5.6616,9316,85,1,1,3067,4,4659.7147,2848,1092.703,46488
3191,087f902d6e03af46d77f2a3c1af535ab776de867,0,0,0,2012-05-02 19:41:18,4496,9293,5.6616,13789,85,1,13,3067,4,86384.0,1,1083.692,46416
3220,ad685c4615b08725488fdf26c1dd248cfe196cf8,0,1,0,2012-05-02 23:47:13,98,373,3.3159,471,16,8,2,721,48,28854.8989,365,158.0756,2588
3217,0a5267e5c9c5b8282a4ccf056be1f203f83b687b,0,1,0,2012-05-02 23:48:16,4496,118,1.5866,4614,5,3,2,405,31,10269.1852,315,100.4114,63673
3207,dfd05673cd59dcd18ffea6c7f26dec4f880d5085,0,1,0,2012-05-02 23:48:54,207,9293,3.0402,9500,6,5,3,577,51,86384.0,363,81.0184,2477
3229,f20badb685393e60f74b236edf623c7c9264f1eb,0,1,0,2012-05-03 00:29:34,66,9293,0.7517,9359,3,2,2,962,85,16426.4968,130,110.1218,63673
3216,5f1c5ad393a0ce5e455f865a7883303ca5e51690,0,1,1,2012-05-03 07:18:59,96,9293,2.1356,9389,6,3,2,998,85,50686.6931,702,293.1755,2341
3228,6d38881430c9010b2249a91953fe1bae038b0364,0,1,1,2012-05-03 07:26:18,4496,9293,2.0466,13789,4,2,2,925,85,58808.6762,712,291.0948,2220
3199,a75b708decc25372949f3c764e4f500735fdd452,0,0,0,2012-05-03 07:58:27,4496,31,5.6616,4527,85,1,13,3067,15,2654.3267,745,299.3987,2345
3222,f960f13a5405addb861bcf5dc6512efa7b18226d,0,1,0,2012-05-03 15:29:02,4496,7,1.0436,4503,6,4,2,1030,85,38205.7943,753,292.1993,3531
3226,b4e520c3b668360d08f6f0c6dbc86fc0d7e29cc7,0,0,0,2012-05-03 15:44:04,22,38,0.015,60,85,1,13,75,16,57091.511,1,1093.4784,45944
3196,ad72c578ea8daed05f987ae1933276fa4a8ea5bf,0,0,0,2012-05-03 15:58:15,10,9293,2.5773,9303,6,1,13,187,21,50137.397,2845,1101.3675,45658
3223,aea4510e42d38f4091b2b01aa6666d9bf0c57fe0,0,0,0,2012-05-04 01:47:09,4496,90,5.6616,4586,2,1,1,114,21,6507.9682,310,125.5158,63673
3231,655a748502cdef15ffddc4fa17b68c49b0f11ea8,0,0,1,2012-05-04 08:18:27,38,59,0.6784,97,2,2,2,982,85,64114.8756,754,312.3505,2519
3212,2e851032b702de50419e0123bbfc799efe905177,0,0,0,2012-05-04 15:50:59,4496,9293,0.0255,13789,1,1,1,21,4,56918.7494,720,296.48,772
3221,e24681e70ca130643908508eac9550ed26f78a4e,0,1,1,2012-05-04 18:05:34,4496,9293,5.6616,13789,1,36,13,15,8,66806.1212,627,194.398,1923
3236,4e2e547d2e4cee403a4ff68a86f52a7cf898f6ef,0,0,0,2012-05-04 23:09:47,4496,9293,5.6616,13789,2,3,2,926,83,54757.0095,2845,1095.0506,49563
3194,5435c4fd6075c54c0ad8c4c3016d780c631e563c,0,0,0,2012-05-05 02:33:12,4496,81,0.033,4577,1,1,1,30,4,69360.5917,2843,1096.2477,8580
3219,1ab4ec1748617e7d2bd0f7d0037fecba0226e7b2,0,0,0,2012-05-05 10:43:26,12,25,0.0159,37,85,36,13,3067,7,83356.9595,721,302.9296,2753
3234,8b81c8f2fb93a051fbd317c03af727ab919034f2,0,1,0,2012-05-07 11:47:11,113,6,1.4073,119,4,3,2,1002,85,44579.5072,703,293.7425,3862
3111,4dbecb3023c7f660f0c5d8245820cdc74b93dbbf,0,0,0,2012-05-07 15:33:43,4496,67,0.0243,4563,1,1,1,48,13,70830.2339,627,191.9289,2015
3227,2ae527218d2878b8fe874d2c05064351419ee832,0,1,0,2012-05-08 17:54:59,4496,9293,0.0,13789,53,17,3,338,45,53176.9002,2682,1190.9516,48397
3235,641346b0dc85a723f1bd755007c334b310c71e67,0,0,0,2012-05-08 21:53:49,55,75,5.6616,130,85,1,13,75,21,73041.4449,2838,1097.92,46629
3238,033486158a8ee2ed3af870bd17e2734632a796ff,0,0,0,2012-05-09 16:15:07,4496,46,5.6616,4542,85,1,1,13,5,78614.32,1,1082.8087,46537
3218,16d4c6c320cd98e3e7628a68bd6b4f20f9a365f4,0,0,0,2012-05-09 16:24:19,4496,9293,0.7992,13789,3,2,1,132,26,64663.6762,2842,1098.978,45480
3239,fd66ccf21f1331fd2bd07611ad8dd5bf4be5f83b,0,0,1,2012-05-09 16:28:40,34,9293,1.5917,9327,4,2,2,979,83,57818.0458,2851,1091.6976,50280
3242,452619cd07ca7985bff6f6fa8fe6f9764ea7fa4a,0,0,0,2012-05-09 16:32:50,4496,69,5.6616,4565,1,1,13,72,22,66472.4922,633,192.1673,2109
3225,d4ec6d2bb758bab37773d36a0e9db8edc029e500,0,0,0,2012-05-09 18:26:36,7,13,5.6616,20,1,1,1,43,9,7309.8527,2856,1084.2195,46089
3232,146f4bd9e730425db1065a86bb4303d38a7e84ac,0,0,0,2012-05-09 18:26:36,4496,27,5.6616,4523,1,1,1,60,9,6859.1978,2857,1088.8649,46089
3237,67ed39fa9bf71be4cfc13fccbdd7b76dcb46c062,0,1,0,2012-05-09 19:01:18,14,17,0.0074,31,85,1,13,8,10,78021.2357,2859,1088.1744,46288
3251,a2a28a4081d244b8e6c2da90b4f63beefdbccfaf,0,0,0,2012-05-09 19:55:59,4496,23,0.0072,4519,2,36,1,33,13,184.0144,1,1085.7619,46306
3233,374fa2c2f27a1a51c820eeeb7cfab9875d79be08,0,0,0,2012-05-11 22:14:32,4496,30,0.0245,4526,85,36,1,38,12,81243.7144,2854,1091.9245,46369
3243,47783861abf556f37cd2ab2f9cc6a30942213ab0,0,0,0,2012-05-11 22:51:34,4496,9293,0.0335,13789,1,36,13,33,6,65855.6558,2846,1092.843,45878
3247,68bae31313161848116d13b10f78639f4252f71a,0,1,0,2012-05-14 20:23:27,9,14,5.6616,23,1,36,13,16,14,5904.6274,2859,1085.9284,46144
3214,6633eb4ebc20265cea41d017d29dbd911dd49e25,0,0,0,2012-05-14 23:17:53,62,123,2.7988,185,6,36,1,174,21,17005.3339,1,1096.9051,47150
3249,96d6aa269bfa03cd3afc0da60424ca97886aa2ce,0,1,1,2012-05-15 14:18:37,34,64,1.5299,98,4,3,2,966,83,38253.9562,121,96.1385,169
3257,5979bce8ec6338f3aaf88ce193da01e10249b12e,0,1,0,2012-05-15 21:29:54,4496,9293,0.8309,13789,3,3,2,1267,85,2718.1546,1,1081.78,50477
3241,0077edc946a3f8520b3366ee3ace0d6f029651e5,0,0,0,2012-05-15 23:01:47,16,67,0.0288,83,85,36,13,79,22,23964.6862,631,202.4965,2116
3252,1e8685d836fee9f65f976d4587da88bda3dbeca2,0,1,1,2012-05-16 09:55:12,4496,9293,1.0495,13789,1,2,2,1014,84,35661.4566,751,313.1379,2463
3264,7dae25d87e77208c471c59b1851981bf34acaafb,0,0,1,2012-05-16 16:08:05,4496,9293,0.9864,13789,2,2,2,1286,85,65920.0845,2850,1091.4055,49690
3245,e6610e4692800485501e316df3dab53a6e9e34b2,0,1,0,2012-05-16 19:49:56,39,339,3.3755,378,19,6,4,1356,81,62151.6873,2799,1050.0897,52823
3254,a0e0e2c13cbce65c1eaee47ed0d0286e82da5178,0,1,0,2012-05-17 17:13:08,315,322,1.7186,637,10,4,3,1097,83,22479.4524,678,289.5585,4237
3270,d90f0f3e7a2597a4327d39b3047bd34ab9af0c70,0,1,1,2012-05-18 16:36:02,4496,9293,1.8196,13789,7,3,2,1322,86,58369.7399,2833,1101.722,50593
3262,7007a8510247f88a27d54abb9e67f11ea337a38e,0,0,0,2012-05-18 20:20:19,30,66,5.6616,96,85,1,1,83,23,77392.7964,633,192.0168,2225
3261,89e7a57427dd4f27e433788a2e95a6bf769b4d9f,0,0,0,2012-05-18 20:20:19,23,9293,0.0351,9316,2,1,13,116,22,76322.7293,591,205.9734,1169
3265,f211e507bf6b7d3ca5bbefba984dd1472e1ac697,0,0,0,2012-05-19 03:38:43,66,9293,1.2864,9359,4,2,1,141,21,25076.3041,351,48.8299,2602
3259,490a0998738d07f72257a637752557a2a9626a8c,0,1,0,2012-05-19 16:43:23,123,3,0.8931,126,4,2,1,131,21,57683.7027,2853,1083.0994,46443
3256,29d97dc2ab8aa14e3d83c1ad48674ed0c89e4939,0,0,0,2012-05-21 15:55:08,50,112,0.0426,162,1,2,2,3067,6,78889.2397,116,33.8219,39
3263,b5f99a3364a6b0a8531d8bb1c240a8f0603b4f56,0,1,1,2012-05-22 16:27:06,27,79,0.8507,106,2,2,1,454,38,60254.7988,634,208.7243,1344
3269,bd32d4f0b9f0f88fed97e8ddf2ee41b5b048d31d,0,0,0,2012-05-22 23:50:32,4496,34,5.6616,4530,85,36,1,196,22,17743.6944,385,35.6845,2056
3240,820411fe4653697528bcbb210ca9e4171579b36f,0,1,1,2012-05-23 13:45:17,4496,9293,2.2734,13789,9,5,2,1032,82,54788.9474,781,286.078,2340
3200,c37fe54f1a170dbf29fd112fd9ea62c4058b735c,0,0,0,2012-05-23 21:11:28,9,9,1.7527,18,4,2,1,64,24,68848.0,2862,1087.0833,46227
3255,512d97f3bddb450681af4d05e0815618533fcb89,0,1,0,2012-05-23 21:11:28,9,9,1.7527,18,4,2,1,64,24,68848.0,2862,1087.0833,46227
3272,a4f06c237f0d7c62d10ce9f2ad0592b202f35917,0,0,0,2012-05-23 22:17:12,4496,9293,0.9347,13789,2,2,2,1072,84,5286.3167,1,1091.5897,49798
3278,f77cd11373a85c4136e76f004c5bf8c45e875f09,0,1,0,2012-05-24 14:42:01,271,9293,1.6654,9564,4,3,2,1006,83,59276.292,759,319.1868,3401
3260,5ab69b62cce884266e0e1ba5a8a0e64137b1098f,0,0,0,2012-05-25 09:29:47,31,38,0.0212,69,2,1,13,19,6,75239.5084,744,315.0846,2979
3268,853a75936c886136e9c7d5e0be42583e0305a6bd,0,0,0,2012-05-25 20:17:21,27,57,5.6616,84,1,1,1,22,8,13153.9933,1,1091.7003,46529
3274,cf9a581bf7957d9404a6a5f33f77cf32468c6336,0,1,0,2012-05-25 20:21:27,113,9293,0.2749,9406,2,2,2,73,30,40921.5391,594,206.3446,2294
3267,1bfb68518a20abdfd7fd1c3e3422df9214df6b05,0,1,0,2012-05-25 20:49:49,6,4,0.9183,10,2,2,2,1287,85,49247.5,2862,1087.0833,49967
3277,00a553438623945117066d4adfc2826c17d59ccb,0,0,0,2012-05-25 20:49:49,6,4,0.9183,10,2,2,2,1287,85,49247.5,2862,1087.0833,49967
3279,99ad7d60012c05e98754ca8c5730d865ffe024e8,0,1,0,2012-05-25 21:15:19,4496,64,1.7299,4560,5,1,13,56,26,4850.596,1,1095.0835,45537
3275,db68e03f7de49935b2f0e43a91a4a8d2ca134a08,0,1,0,2012-05-26 15:38:42,162,9293,5.6616,9455,85,1,13,18,6,60793.4344,602,203.0397,1398
3283,1d9b7f5597f2cd090e312e270431ab56c81de9d9,0,1,1,2012-05-28 17:59:14,4496,182,2.094,4678,7,7,2,1172,88,31052.0649,181,89.6631,1343
3273,5177d56f35698c00d58224df65c3b2fa550fc25f,0,1,1,2012-05-29 08:47:01,4496,9293,1.4794,13789,3,2,2,999,84,60724.5242,723,315.2141,2745
3285,5cda764a9f956c35feba0a4cf3138037fcf39a76,0,1,0,2012-05-30 19:39:20,4496,214,2.1199,4710,8,3,2,1435,86,21903.5392,204,61.4132,1841
3286,59f349de705f38daa8869c64817e27e9657ccc45,0,1,0,2012-05-31 00:30:36,48,9293,0.0269,9341,85,36,13,16,18,4968.9821,381,37.8354,1685
3276,267690a140ae7d6dfba169448654f9d15ba2b98e,0,1,1,2012-06-01 15:10:21,100,99,1.4674,199,5,5,3,1071,83,21677.6616,172,87.95,63673
3290,5c275310f95637f6cc49aefe2154503b743bac94,0,0,0,2012-06-01 15:36:09,19,29,0.7449,48,2,2,2,1024,84,47510.8719,744,302.5177,2807
3293,1f36de1c7f2bdb10819b9de52bb3c5f3aac84784,0,0,1,2012-06-01 15:39:35,50,9293,0.5566,9343,1,2,2,995,85,34891.075,706,312.1955,3441
3284,604a38645cbb958d4bb32db8a25b6093ee4cd68e,0,1,0,2012-06-04 21:43:00,157,310,1.215,467,2,2,5,1070,83,47197.7307,2720,1148.8807,17058
3287,90ce0257827a93cbdfab893c21bd0b5b31c02ec8,0,0,0,2012-06-05 12:40:44,51,9293,0.0527,9344,2,36,13,224,30,79160.5369,420,42.4473,2289
3300,625e61396b9e91d86ca989761c43da726f2e71b2,0,1,0,2012-06-06 02:27:44,141,127,2.2415,268,6,4,3,1196,87,22446.3336,1,1101.6504,49872
3294,39aae3d8309e8cc4ba46feb24711f65796dbd88e,0,0,0,2012-06-06 14:31:12,4496,93,5.6616,4589,2,1,13,189,7,39958.7822,1,1077.1449,46743
3280,c82a9d9b96667cc2afeb2609fbff955b4232fc2b,0,1,1,2012-06-06 17:33:10,137,262,1.4585,399,7,4,3,1381,90,38458.1673,2827,1065.5119,52665
3298,6a858a30d61fb6a575521bce9afa9448b5c309c1,0,1,0,2012-06-06 18:15:53,4496,235,2.1616,4731,14,5,1,816,45,20939.0059,2820,1125.7765,48003
3296,b61d2d6c24586526b706171d64d8828e638fc532,0,0,0,2012-06-08 13:43:18,5,68,0.0202,73,2,36,1,96,15,84000.2262,754,301.1377,543
3299,72a74c3cbbf32e3dd1313bf1252b09578ad38615,0,0,0,2012-06-08 20:54:18,4496,9293,5.6616,13789,1,1,13,113,22,4886.8781,622,202.6504,1886
3281,6352edb3fe0a3a678e83ba11002e4cdde2cac468,0,1,1,2012-06-09 15:31:57,63,114,2.4378,177,6,3,2,977,86,32957.7767,2816,1102.0998,49288
3302,2d0b14e9156a5dabc92c6e3835d97da661f38329,0,1,1,2012-06-12 13:01:08,32,9293,0.8904,9325,2,2,2,967,84,18508.2876,743,298.4565,2647
3309,21aef92905678f98675fc34aeb4edb0e34a1d6af,0,1,0,2012-06-13 17:22:59,445,9293,2.6781,9738,14,8,3,1225,81,63087.9623,65,77.0199,63673
3297,2820f050db002d653e3e6474ea5351db198ac71b,0,0,0,2012-06-13 18:57:08,28,46,0.478,74,2,2,2,1077,85,10443.2761,1,1081.5617,50234
3314,760214577c1ef9534d84402f51c2ad4d2a914aae,0,0,1,2012-06-13 18:57:08,4496,73,0.5425,4569,2,2,2,1039,84,10298.2506,2837,1081.7553,49505
3303,b3915f51fd85ff3e62abb2b57e790f81450e9d21,0,0,0,2012-06-13 21:15:07,4496,9293,0.034,13789,1,36,1,3067,6,72558.0772,1,1096.4685,7570
3308,1280c6c7dd7103955a728f8f274f26ab6f85b528,0,0,0,2012-06-14 18:51:45,23,46,5.6616,69,1,36,1,20,5,8508.7288,2847,1082.6852,45932
3317,a4fab90af0063110e1118fb69b9c5923a415b9d3,0,1,0,2012-06-14 19:30:36,29,122,0.1771,151,3,2,2,1018,83,41807.6198,2826,1095.6223,49387
3310,b993eecfb033d01345718d396a2c32c5120b5e0e,0,1,0,2012-06-14 21:19:34,16,9293,1.9445,9309,5,6,4,1199,87,45558.4545,2828,1056.649,49380
3311,aae0dfc92aa6e17e1b977788ec8a4280cd4fce42,0,1,0,2012-06-14 22:57:25,14,9293,0.0065,9307,85,36,13,147,19,20201.783,1,1085.6648,46342
3288,55d5c041382a3185387def648f6a7c7a76847f75,0,1,0,2012-06-14 23:40:05,11,114,5.6616,125,2,1,1,43,13,24063.7661,1,1081.0581,7670
3304,95b833d42f9b6bec8f18aa0cdeca42c620b360b7,0,0,0,2012-06-15 00:56:41,4496,46,5.6616,4542,85,36,1,15,5,20686.7597,63,43.2682,662
3323,f74ed12a70ba0e59efef20a2207ef6bf4df0ae04,0,1,1,2012-06-15 01:09:21,4496,94,0.1889,4590,1,2,2,976,85,17800.9757,1,1075.6642,49591
3315,8aaaacd09d8e34c93271383a0c86ecce38ef1965,0,1,0,2012-06-15 01:10:42,120,9293,2.3015,9413,9,4,2,1,14,41303.4974,54,34.4718,1274
3327,45c8f53a2c42f48317110908734119a7cb24baf1,0,0,1,2012-06-18 19:15:27,22,9293,0.7033,9315,3,2,2,995,84,74857.4352,2858,1091.3471,50111
3320,e6530cc3723a7d2fdc84400bf8cd722474eed589,0,1,1,2012-06-20 02:10:38,4496,9293,1.3633,13789,3,3,1,554,38,19016.8171,643,216.2755,741
3305,930fdc59ecd5eb5b1e3e45d85fc8c8c65f205efb,0,0,0,2012-06-20 15:38:58,4496,126,0.0766,4622,2,36,13,389,38,47725.3288,589,209.1353,944
3312,b4e47bca8c80de488a305ce679d2bbece5da7e9c,0,0,0,2012-06-20 15:44:15,4496,9293,5.6616,13789,2,1,1,22,1,64527.5052,749,301.0188,3035
3244,ced78f3c405419de02559556d6a99238fb711b1c,0,0,0,2012-06-21 00:59:49,4496,9293,5.6616,13789,2,36,1,3067,6,37422.0825,363,23.4676,1363
3319,84bfdf27dfbd8aa3c030fd77b188c245db9bf705,0,0,0,2012-06-21 18:36:29,4496,9293,5.6616,13789,85,1,1,24,3,70864.4305,1,1095.0114,46500
3306,9cf915fd464b6f8a6aa9d54a762ad8796872681a,0,0,0,2012-06-22 04:20:09,74,9293,0.0425,9367,2,1,1,210,21,28401.7093,102,54.6596,63673
3316,5868cee0f4766afdf3b0fec78fd1fdbe9d46a74a,0,0,0,2012-06-22 06:40:20,50,9293,5.6616,9343,85,36,13,179,25,54657.9938,712,315.6279,3215
3318,f17fbac1934721c4a90c86745f8481b2d8a8b223,0,0,0,2012-06-22 16:19:12,4496,100,5.6616,4596,85,36,1,206,23,44079.1936,54,38.543,895
3326,f422b98140dcec99d93858148415d43f01fa70d1,0,0,0,2012-06-22 17:31:52,27,9293,0.8346,9320,2,2,1,144,19,56906.6535,1,1084.0358,46060
3295,80d7d43e2952d7612ab4406bca800c2b6f30c85f,0,1,0,2012-06-22 18:15:51,4496,9293,2.3045,13789,5,4,1,123,26,46649.5887,2836,1077.3847,45742
3324,27a816e5ff5e605e9154bd5a32ece7e112dbc30e,0,0,0,2012-06-25 17:49:50,4496,9293,0.0213,13789,85,36,13,2,9,3191.7869,601,195.1465,1937
3329,ae76bda569442ecc7ee06d50a5f26b21f04b59cf,0,0,0,2012-06-25 17:52:08,4496,75,0.0524,4571,2,1,1,450,29,80536.4126,594,204.6958,1268
3322,0240cc9dfaac62660af61bfee2df42f71a1d4b3e,0,0,0,2012-06-26 01:38:03,46,9293,0.0181,9339,1,36,13,15,7,21058.2787,96,55.145,63673
3337,98dc41393fc6cc2b2b8756f6d8b33f86c45c0726,0,1,1,2012-06-27 00:51:30,4496,9293,0.8531,13789,4,3,3,1082,85,37696.343,1,1101.4298,57168
3325,dd8506836ccdeef16a5518fcf2b605084c0e7e98,0,0,0,2012-06-27 19:09:00,18,72,0.0194,90,2,36,1,245,31,79121.1471,595,203.8386,2060
3328,dcc4793036809383a1b9ee2d7d186f34d8f01365,0,0,0,2012-06-27 19:23:58,1,9,0.0011,10,85,36,13,66,29,79445.3083,612,198.599,1665
3331,4725bf71e18550ac60f90d9c3561d81c38894124,0,0,0,2012-06-28 10:39:08,4496,9293,5.6616,13789,85,36,1,44,9,84430.0608,743,300.9586,2759
3313,57998976f0024776bab6b2301f2436ea60e38fe0,0,1,0,2012-06-28 21:35:37,191,135,1.4001,326,9,3,2,51,26,49571.9825,56,41.3824,63673
3332,a4add95732163ffe9b15f49ffd250379872d47e4,0,0,0,2012-06-28 21:45:21,35,66,0.9904,101,3,1,13,3067,10,1824.0141,60,40.4922,1027
3338,67c26d4715a2ad699eccd749971671aa7e487a4d,0,0,0,2012-06-29 00:12:01,36,89,1.5312,125,2,36,1,98,24,15647.9799,1,1097.42,45541
3340,88b48df21d0bbfa7412a66f6ecf85ea0a0932368,0,1,1,2012-06-29 08:24:34,81,9293,0.7765,9374,4,4,2,1051,83,71000.2942,761,317.0709,2571
3336,09e54430d57647178bfae911cf0f5de1c64f335b,0,0,0,2012-06-29 08:48:41,31,23,0.0197,54,1,1,13,45,9,1854.3312,742,300.2359,2286
3343,b1c60d2b33815d7ba2136b5c3318f7dbae3ee062,0,1,0,2012-06-30 11:52:55,139,334,3.2692,473,23,3,1,1118,86,75332.2815,241,155.8908,63673
3334,44f4cac62e33238461274b6aec6790d623b70484,0,1,0,2012-06-30 13:12:32,39,9293,1.7577,9332,9,6,2,1222,83,36597.3572,93,84.3325,1119
3339,8bd1729833882474722e80b5a76dda8d45fce5ce,0,0,0,2012-07-01 07:21:11,42,91,5.6616,133,2,36,13,37,9,47160.2354,2840,1077.6693,46887
3344,67dec69f53d2bfd3818fea4ede40e5d5a6b2356b,0,1,1,2012-07-02 06:40:38,10,9293,1.9422,9303,6,36,13,112,16,36961.5257,2844,1074.998,46638
3347,5bcfcbc3ed1bbaadcd0f6e373d0d207db38ec6c2,0,1,1,2012-07-02 07:56:03,87,132,2.4138,219,5,4,2,1009,83,33895.1902,1,1097.5084,49456
3348,583cc97f3bd587e8cb1ea00731793dd416dd115c,0,0,0,2012-07-02 18:06:06,61,109,1.38,170,4,3,2,316,35,56637.9828,2842,1074.8843,45649
3333,8674784932ee80d06d3df6526fabe74e1bba4dcc,0,0,0,2012-07-02 18:30:49,66,104,0.0513,170,85,2,13,444,29,1469.2017,1,1100.0934,45379
3342,76ada1106f6a8306c1f3abd3b334380d4e4818d3,0,1,0,2012-07-02 18:32:00,4496,147,0.5948,4643,3,2,13,764,46,6234.6676,2816,1074.8225,46959
3351,893d1da990b4f31462ad241dc0c4b6a91cf3dbee,0,1,0,2012-07-03 16:55:54,93,9293,0.7824,9386,8,4,2,437,38,52238.2475,1,1074.3095,54815
3346,9688a79d0c315395772d15d92e051d00e18b966b,0,1,1,2012-07-03 16:58:23,83,151,0.9541,234,4,3,3,976,82,58053.093,2821,1076.4269,57281
3350,e0f4c7cccff023140b33ae2223fbb2f36e20265f,0,0,0,2012-07-03 17:29:24,67,109,1.3137,176,4,1,1,3067,10,52109.5758,2833,1074.8237,46580
3335,e7d323009526fd3ef7347537eddb168809cbc5a6,0,0,0,2012-07-04 11:23:52,4496,9293,5.6616,13789,2,1,1,177,22,15194.1787,724,314.6373,2243
3345,45ad66895d0e5b99feaa74ec061b887c1a9688a3,0,1,1,2012-07-04 17:35:03,13,9293,0.0134,9306,85,1,13,22,12,28919.2207,729,308.1714,2365
3357,2ff33abebf2520cbff50f4ade8a717568349edd6,0,1,0,2012-07-05 12:14:57,62,9293,0.1221,9355,1,2,2,1037,83,15394.3989,167,111.9307,252
3365,4fd6fe3fa6a1371f5f9c16a7199fbf81320d98c7,0,1,0,2012-07-05 12:14:57,59,9293,0.0209,9352,3,2,2,1031,85,16667.2638,119,119.403,63673
3352,9a8a8902b223db00fa18c55ecf8f33c269325ea5,0,0,1,2012-07-05 16:08:14,4496,51,0.489,4547,2,2,2,991,83,9198.5245,747,300.1955,3295
3341,aa2c28eadea7009361b46d95ee86a46fff291c0b,0,1,0,2012-07-06 18:36:20,66,74,1.6355,140,5,3,3,1222,84,77829.4012,1,1072.2267,50057
3374,2e7d1f83f53d0aa2ffc52af6d8531c0355318484,0,1,0,2012-07-06 20:15:45,208,40,1.1968,248,6,3,2,1345,91,36586.7962,2840,1075.5691,50392
3353,b9df12c173ed62a3c367bbee919b056d349e6b68,0,0,0,2012-07-06 23:21:17,4496,50,5.6616,4546,85,1,1,24,16,6845.0271,72,42.6203,363
3358,df8f823ef4c73920f2b52085c5235e214bfa3bf8,0,1,0,2012-07-06 23:34:13,25,64,0.4039,89,2,2,1,118,16,44015.0134,130,112.1635,732
3361,a2bdc8ff9c88b2a6062f23cc5ae1d4931163538e,0,0,0,2012-07-06 23:49:40,18,9293,5.6616,9311,85,1,1,21,16,1563.865,86,52.6819,189
3354,c716fc7fa03c75f9029d35a2b80ee729f605814e,0,0,1,2012-07-07 15:31:04,4496,47,1.0291,4543,1,2,2,1021,84,48442.7455,127,109.6031,379
3356,e85afdc5b6a691591834bd32f766087560c60a39,0,1,0,2012-07-09 22:07:34,202,183,1.3002,385,4,3,2,408,38,13301.7237,253,105.557,63673
3363,19a45370da1d46ffc6bc609181648170858af6d1,0,0,0,2012-07-09 22:11:21,139,9293,0.839,9432,1,1,13,38,1,57412.4714,254,101.9807,1239
3349,84a1d6059bbaab375817a33179bb8de63121176b,0,1,0,2012-07-10 13:35:23,1,90,0.2091,91,3,2,2,3067,13,34020.9934,1,1102.9427,53773
3359,629dac6c8aeeb5649ebb640ab0c6334b24eee85d,0,0,0,2012-07-10 20:33:11,4496,142,0.0471,4638,85,1,13,50,17,3.0,1,1069.151,8939
3330,326312b5db746ecfac19275d560a19c1bfc6362f,0,0,0,2012-07-11 01:18:58,43,9293,1.0566,9336,4,2,2,1146,83,34233.8572,1,1079.5953,49305
3360,200ba86477f49939630b75f989afe07a2d91185a,0,0,0,2012-07-11 23:10:02,28,32,0.8318,60,2,2,13,209,22,51219.8709,1,1083.2177,45910
3369,c9a13c3c452d3e9e49bca158da93f9a9bbae7379,0,1,0,2012-07-11 23:13:25,108,304,2.0745,412,13,6,2,489,36,39733.0633,2826,1057.1543,47630
3370,13f8eee99d0acb7063eab5dab7a8980d1b71a3b9,0,0,0,2012-07-12 04:29:37,12,9293,0.0066,9305,85,36,13,161,20,19066.094,1,1085.7894,46326
3378,d569f873de40f0336a9a34e260c1942866e48950,0,1,1,2012-07-12 15:40:24,411,92,2.1908,503,13,3,3,990,86,47281.3567,84,66.6761,63673
3367,7f6cc5ef6cad831061dc5cb75f5623f949ab7ca2,0,1,0,2012-07-13 15:38:15,44,63,1.5097,107,2,2,2,25,7,53275.0508,584,183.0416,1146
3364,0091af932c6ef65a0a5917f123fe24398b79c079,0,1,0,2012-07-13 18:17:51,100,188,1.9951,288,9,3,3,1010,86,38599.8607,87,53.6129,63673
3373,ff1ba870726d9c0de24ff8dad3e23aa96465290e,0,1,0,2012-07-16 21:13:53,9,99,0.9257,108,3,2,13,493,38,25428.036,592,190.0743,2319
3375,6a6b7ec1f00d8084fb29379111a798c09c35e6d6,0,1,0,2012-07-18 17:54:20,110,139,2.1006,249,6,3,2,1342,84,19581.7968,758,315.1982,2336
3376,8c09e87e40020139611088cf836f8f079bffb0ce,0,0,0,2012-07-18 18:35:53,73,9293,0.0569,9366,2,36,1,451,36,75931.3255,300,130.1636,1452
3380,e220efa2a87c8232d87bdca9f2a02cfcef9f1a4c,0,0,1,2012-07-18 22:49:46,4496,95,0.0329,4591,85,1,1,194,26,31095.1169,168,115.2483,63673
3381,7af91424d9b2929a72138c3f8ee75e09256aa5ef,0,0,0,2012-07-19 01:18:21,4496,59,5.6616,4555,1,36,13,100,10,17639.931,404,26.5024,1608
3372,864e03671abf3e99410175df21106efa1a463772,0,0,0,2012-07-23 13:17:14,43,9293,0.0627,9336,85,36,13,30,1,55513.519,703,294.3174,2993
3379,8d6fe24ce490847aaf3fdb472095279850bbfbd8,0,0,0,2012-07-23 14:44:08,4496,37,0.0325,4533,1,36,1,80,21,71790.3093,115,51.0725,761
3382,655a76face34c18370d49c4fb0a1232395187ea1,0,0,0,2012-07-23 16:33:45,47,69,0.0579,116,2,1,13,143,25,27423.0545,115,92.1978,63673
3377,d0d1b2cf3cd2bb2ddf66aa9fcdab5566954683ab,0,0,0,2012-07-23 23:30:13,16,36,5.6616,52,85,36,1,3,19,2681.1591,594,190.9295,1484
3368,41c9ba63d624d1d6863b67a0cbcf4144bfbea29c,0,0,0,2012-07-23 23:30:13,4496,39,5.6616,4535,85,1,13,33,19,2711.6023,603,193.0313,1888
3396,795174611b7a9bea4ee2d64f8640c8bfebe07cfb,0,1,0,2012-07-24 07:31:56,102,162,2.3833,264,7,4,2,1176,82,47857.5366,701,291.2648,4173
3383,f46232c0b02f27c5177bd453a6d0b0f6441c2499,0,0,0,2012-07-25 18:15:21,22,31,0.017,53,1,36,13,78,17,84783.949,2855,1081.9931,46493
3384,732d83b7581b89394bd28a8c03124bff733efe7c,0,0,0,2012-07-26 03:46:01,51,65,5.6616,116,2,1,13,21,1,84770.0065,371,25.3124,1407
3400,bce2d6c35753929c62a557159f944ace82896869,0,1,0,2012-07-26 17:37:24,312,9293,0.8001,9605,6,5,3,1107,83,46977.7943,84,1267.3333,914
3385,27cd2bfda07ac9dc2b336a45aadfb96a168a2d2b,0,0,0,2012-07-26 18:35:31,29,9293,5.6616,9322,85,1,13,3067,7,76037.1033,78,25.5028,63673
3389,bcc7f7b0fbd0eabfc1ae985009cce7fca985b613,0,1,0,2012-07-26 22:12:02,30,86,0.0354,116,3,2,13,33,7,11506.0551,1,1078.2351,7792
3393,dc071e702e20bf49f05b70fd75de0e63474707c5,0,0,0,2012-07-27 01:47:25,12,116,5.6616,128,2,1,1,3067,1,78067.0886,409,39.3495,796
3390,7ff8e3c384df32eaca361cbb77632d04cc64060b,0,1,1,2012-07-27 08:06:33,4496,9293,0.6876,13789,2,2,2,1065,84,80024.6462,717,298.4162,3318
3397,652ae9a6456dd8cdd38e3eebdfbbfad51b2ad197,0,1,0,2012-07-27 10:56:45,82,195,1.6154,277,5,4,3,1170,82,36597.0355,170,89.5379,1291
3388,8227f43a7553d492b63d297733baef38f1f433ce,0,0,0,2012-07-27 15:17:18,4496,65,0.0197,4561,85,1,1,38,5,57403.4677,123,35.938,870
3395,203d0d109e00cc6c6cbf076bac70e6cee1a93d36,0,0,0,2012-07-27 15:17:18,33,9293,5.6616,9326,85,1,13,1,6,57500.4734,152,44.9607,37
3398,5dab451afc6a9b63206bf2428022d641682b60b2,0,0,0,2012-07-27 15:17:18,17,65,5.6616,82,1,36,13,34,7,58330.8823,151,48.5565,63673
3401,3d23188a0e7a526992aa3dcb756e75d7d0870fcc,0,0,0,2012-07-27 20:46:49,33,9293,1.5047,9326,4,2,1,131,18,49907.4835,2849,1096.8788,46633
3386,7d857e68a484410140e8ed7ada0e16553972e87a,0,1,0,2012-07-28 14:45:16,4496,181,2.532,4677,8,7,2,311,33,57521.5187,2820,1110.5193,45228
3399,c3fdb6cc915a69fed2f96b28b1acb291074b22f0,0,0,0,2012-07-28 19:34:30,11,9293,0.0228,9304,1,1,13,158,26,20751.7152,378,27.6163,1671
3404,c517c628f882593c46ba467d4f7a0f4dcb308ab2,0,0,0,2012-07-29 17:23:42,4496,9293,0.0314,13789,2,36,1,449,38,82017.3012,2836,1080.4812,45563
3392,844b9c46c9ceb08a52da7738c8312e8c0b599737,0,0,0,2012-07-30 20:38:53,24,9293,0.0296,9317,1,1,13,3067,7,80462.6914,2840,1096.1834,7544
3414,8b6ce324bf35210196e0f0ec0665ba87b0f3991f,0,0,0,2012-07-31 15:41:26,4496,9293,1.0288,13789,2,2,2,1067,84,75945.563,2852,1095.6049,50304
3415,953bcb345d46eb982bf97a285c00c4dadbedbf7a,0,0,0,2012-07-31 15:41:26,29,47,0.7822,76,2,2,2,1061,84,75172.5555,2854,1090.1901,49654
3405,1f556183bb7cbe499799d0b5ec3b79614f9eb91e,0,0,0,2012-07-31 15:44:13,18,9293,5.6616,9311,85,1,13,47,10,365.7848,2858,1089.9399,46335
3408,f775e624281c87c483bb36d271e21d55f0d1ca00,0,0,0,2012-07-31 15:44:13,18,9293,5.6616,9311,85,1,1,63,10,375.7514,1,1090.0832,46355
3402,b93960e2899c9238a46545221ebca71771a9627d,0,1,0,2012-08-01 05:14:23,23,9293,5.6616,9316,85,36,1,3,8,23354.344,378,38.2758,2169
3406,bef8eef1b12b6ea8e9f6ee3ce12547c7302d7bb9,0,1,0,2012-08-01 18:35:51,24,109,1.4684,133,4,2,2,3067,94,74796.0946,774,322.3592,2179
3403,8e6962f018aa9e5ec0ce38bd9c6ebbd972d8a515,0,0,0,2012-08-02 17:53:21,1,1,0.0,2,1,1,1,147,19,82596.0,2862,1087.0833,46227
3394,afb2c00e5864e9a7b60a1ff4b60740c321faee28,0,1,1,2012-08-02 17:53:21,1,1,0.0,2,1,1,1,147,19,82596.0,2862,1087.0833,46227
3407,22fbc4e413da1c61f6d0381be8cfa9972a4a1385,0,0,0,2012-08-05 07:24:33,4496,9293,0.0329,13789,1,1,1,3067,3,72424.1335,751,301.4631,2306
3411,f199fa39bb7a536a203a5154de24ae67c137ec23,0,1,0,2012-08-08 15:12:20,665,9293,2.9962,9958,16,4,2,3067,13,65746.2266,672,278.1845,4159
3412,dec5eedd38cb64093a965ce96b22c50bc5397b11,0,0,0,2012-08-09 09:44:55,34,9293,0.0352,9327,2,36,1,200,25,73516.4651,716,316.3818,2220
3425,115f380a86912e5918f534db2ec2935253909fad,0,0,0,2012-08-09 14:36:32,5,1,0.7219,6,2,2,2,1021,84,68199.5,2862,1087.0833,49967
3417,ce368f812cc494e13221a208aba20f91019716e8,0,1,0,2012-08-09 14:36:32,5,1,0.7219,6,2,2,2,1021,84,68199.5,2862,1087.0833,49967
3420,9fb63a2f93997ffa5b70a291f5045c7f6100eea9,0,1,0,2012-08-09 16:37:52,27,62,0.9615,89,1,2,1,3067,16,34705.6547,1,1080.1583,46567
3409,5e5fbc6853468e47abe5d25817be1220e90c980f,0,1,0,2012-08-14 21:48:19,216,126,1.9544,342,5,3,13,3067,14,56886.0028,1,1099.9243,47049
3423,6ce498f5ad5879fdc58dc0c92af6cc52002fd198,0,0,0,2012-08-14 21:52:02,17,9293,0.0153,9310,85,1,1,3067,10,86384.0,1,1089.5662,46075
3416,d14717504ba1e05e06c6a820166f0c86b4c4f6f5,0,0,0,2012-08-16 22:48:08,4496,51,5.6616,4547,2,36,13,2,11,85054.9945,2848,1080.2248,46511
3419,1124615a65329a4991a5a610fa78af56b0502627,0,1,1,2012-08-17 02:29:16,18,25,0.0142,43,1,1,1,13,14,31894.9376,6,5.9154,63673
3426,f5619bbfdc7e17e33fc27c9e2d06293cde14c800,0,0,0,2012-08-17 09:32:57,29,45,0.9987,74,2,2,2,1042,84,28801.0609,122,111.2688,918
3429,a343c85b79419d47a9fc05eb555fae7740bfbfb5,0,0,0,2012-08-17 15:10:59,49,90,5.6616,139,85,36,13,42,18,55381.4003,1,1079.4668,45934
3422,7db46ef80acc567a6ac3e4edcfcf39a6b22b73fa,0,1,0,2012-08-20 20:27:53,166,104,1.9315,270,7,2,1,66,14,50211.051,636,187.8291,1265
3428,413a177dfca61123813ec3e77592210d3c33fa74,0,0,0,2012-08-20 20:45:54,16,9293,5.6616,9309,1,36,1,5,7,1310.3159,628,191.5331,1495
3433,08b3091914e99cc3c4ebded66184bb0882e5dd8a,0,1,0,2012-08-22 01:33:29,4496,90,1.2727,4586,4,4,2,1201,87,11902.53,1,1097.4857,50293
3436,0f52874ab5fa857e8f8ead1a52fbb5f0ff27027f,0,0,0,2012-08-22 02:59:37,4496,83,0.0314,4579,85,1,13,31,94,81899.0927,407,20.3357,2454
3427,dbf99d6740917cdecc342d84e1e3bec03613d8ba,0,0,0,2012-08-22 09:28:24,29,58,1.3319,87,2,2,2,1105,87,45385.6565,115,113.1277,1055
3413,8bd1c1f86e875a34cf717c95706a29955fd6d2bd,0,0,0,2012-08-23 03:16:16,16,64,0.0364,80,1,36,1,74,11,28639.8954,409,27.7509,1617
3439,3925aba84260063618bf85db6d51b409116f4050,0,1,1,2012-08-23 15:58:54,111,9293,2.0915,9404,4,3,1,498,38,63102.4352,639,209.0774,2098
3440,58c5533e956cab461a4122e63212cee1f8275713,0,0,0,2012-08-24 04:09:25,4496,9293,0.0489,13789,2,1,1,67,7,38158.8503,368,46.724,2683
3459,99605d9f8db9a64ce58a738de5aa236103ec8f66,0,1,0,2012-08-24 19:57:37,13,255,3.5386,268,17,10,5,1541,89,51044.9726,2753,1128.3118,52841
3434,44f599866aa09bfa6ee07fc0f5beff2ab5837568,0,1,0,2012-08-24 20:17:36,76,9293,0.0301,9369,85,1,1,14,94,54600.4272,2846,1083.4981,45941
3431,e1ee636026ffc1bfde2a500a766ddcfda2a52b4d,0,1,0,2012-08-24 20:35:53,4496,98,1.4911,4594,4,3,2,171,32,2892.9214,2845,1101.677,47562
3430,4764a379e295bdc68612359a26bf96a8833823c8,0,1,1,2012-08-28 14:25:26,4496,32,0.5544,4528,2,2,2,1108,84,60446.8977,2857,1091.0662,50065
3441,70754af41e3e3d38f66b55cb7eaa4b79bccc794b,0,0,0,2012-08-28 14:59:08,4496,9293,5.6616,13789,1,1,13,125,15,2343.9232,1,1082.4245,46086
3447,501d7134f587c333034ccb2607502c23c61d3efd,0,0,0,2012-08-28 20:53:03,14,28,5.6616,42,1,1,13,28,8,3555.8924,1,1085.3294,46370
3446,846b14019de484e9bf36e8907c48d3518f09e32f,0,1,0,2012-08-29 11:12:03,42,88,0.1302,130,4,2,2,1080,85,47695.6364,123,92.9929,154
3444,4e6167da57915e803946f35f039d7a33680f4693,0,1,0,2012-08-29 15:20:11,16,25,5.6616,41,1,1,13,22,13,56773.3956,150,43.1745,273
3449,ad52ce4fa303d2c63cbd9833b7245ab2cdff28b3,0,0,0,2012-08-29 18:47:18,4496,39,0.0317,4535,85,1,13,99,22,4501.8706,2848,1082.9841,45902
3453,5b6a2b11bc8a9499ac012d745869e3d814cc91ad,0,0,0,2012-08-29 23:09:57,4496,9293,5.6616,13789,2,36,13,505,29,10804.7735,2825,1077.4603,46964
3454,8a1b93d79f39b80979f5403de1fac4f7e8d7cb02,0,1,0,2012-08-30 14:07:05,455,9293,3.1492,9748,24,9,3,1612,81,62914.081,1,1133.0784,60798
3456,9cd53fba648ae5a30a181f8a06786f33db95a0fe,0,0,0,2012-08-30 16:53:08,4496,35,0.0236,4531,85,1,13,118,21,68485.7807,72,56.2507,66
3432,d7468ea1444ddf9e1616050e46d4832f0a66290d,0,1,0,2012-08-31 13:39:00,167,9293,3.4866,9460,19,14,2,241,40,65322.7447,1,1137.4244,56173
3437,e49d140bb72264a503a634d5603c25766c78e50d,0,0,0,2012-08-31 23:41:47,35,9293,5.6616,9328,2,36,13,3067,94,65999.8176,105,24.9161,1109
3450,9c80f37d5eb3ec505341347631a430ffc03b0071,0,1,0,2012-09-03 15:36:56,4496,9293,5.6616,13789,1,36,1,45,13,76594.924,2852,1090.2558,46065
3455,ae6a58fd71fc6b98316cdfcbfaecb74f595c3ece,0,1,0,2012-09-03 15:38:03,6,23,0.0055,29,1,36,1,31,13,86384.0,1,1086.0245,46279
3458,73317c4427e25c131a95095781b8ddb3c95d133e,0,0,0,2012-09-04 14:17:49,4496,9293,0.0342,13789,2,1,1,39,1,44170.237,596,188.9007,1320
3438,3282cb5242bc9d29f5492f144fb5d593921779dc,0,0,0,2012-09-04 14:26:01,4496,9293,5.6616,13789,1,1,13,29,2,266.5468,625,193.4885,1951
3452,b475bc69b7e6d08e6d12527578552e67e8c0f88a,0,1,0,2012-09-04 15:41:58,117,279,2.9115,396,12,6,2,623,39,56879.2631,660,216.008,477
3465,769fe895a36868c47101f681f5fdd721bee1ad62,0,1,1,2012-09-04 17:41:33,172,214,2.0972,386,9,4,3,1126,82,28479.9276,705,321.8194,2084
3451,5df7b2512de1f851d2add08d699c948f3d95d9c8,0,1,1,2012-09-04 20:04:16,4496,9293,1.1139,13789,3,2,2,1054,84,5775.7506,1,1090.9484,49769
3461,1e289fa0ebfc1e329e4a047d176d6c35d4939afc,0,0,0,2012-09-05 03:12:11,62,9293,0.0466,9355,2,36,13,3067,11,49352.158,372,19.4522,2600
3421,a9d4e649ffee05d8ce50685bdbc08a6572657194,0,1,0,2012-09-05 13:51:32,3,9293,0.0197,9296,1,36,1,11,11,81343.9546,746,308.9613,2337
3457,b7fdc674a9882db9e46078c0532add4493233377,0,0,0,2012-09-05 16:16:01,19,24,5.6616,43,1,36,1,125,13,2267.1602,621,194.4719,1521
3463,ec1c64ab5a00fd9823e6cbb50adbca326669f7d9,0,0,0,2012-09-05 19:49:15,28,30,5.6616,58,85,1,1,3067,8,11814.8067,2850,1090.1235,45938
3466,978d7bb7d59492129aee2747308d55f949003b02,0,1,1,2012-09-06 03:59:31,8,203,2.0724,211,10,5,3,1178,84,42046.2022,330,18.2623,834
3467,7371e10be40d9a01167d36eb2db69526b6b0ce50,0,1,0,2012-09-06 12:57:08,139,202,2.5235,341,8,3,2,1244,86,53698.2354,671,325.1477,1768
3464,8e03f7bdf26558dc397628c885c5b6ab0cfde3e0,0,0,1,2012-09-06 14:56:29,4496,9293,0.978,13789,2,2,2,1028,85,4127.9639,749,312.6966,3231
3468,76e092b2d3785ac1549f1af16702839bee570c69,0,1,0,2012-09-06 15:11:05,18,9293,0.1751,9311,1,2,2,1030,83,4872.3492,162,97.7761,1014
3469,e681a1a62280dca648b8dd1b6a1d386cb1a2788e,0,1,1,2012-09-06 15:11:05,97,64,0.1415,161,1,2,2,1021,84,3713.474,156,112.6866,1021
3474,ceca1997d045c8f09b198e73a956bfaddc11485a,0,1,1,2012-09-07 09:58:02,57,47,1.0029,104,3,3,2,1375,85,43795.0268,715,297.1436,3267
3471,2c69e2ea757be9492a095aa22b5d51234c4b4102,0,0,0,2012-09-07 11:43:51,4496,98,5.6616,4594,85,1,1,51,4,72886.2217,106,121.086,1221
3460,429fa7a80e22757a55c03e99c27c157824a666af,0,0,1,2012-09-07 11:43:51,35,62,5.6616,97,2,36,13,3,4,73029.1567,115,91.9013,105
3472,19800189d76453cf08af60e21a544729565714ba,0,0,0,2012-09-07 14:14:58,4496,9293,0.2977,13789,3,2,2,1114,84,11959.26,753,298.9601,3321
3473,e395307893d93a01e976656f6e0f5cee1acf3c3b,0,0,0,2012-09-07 16:57:19,24,50,0.0362,74,85,1,1,30,8,64857.4458,1,1094.3895,45934
3445,8b374b206991255bde336911c68a7f988ab62a61,0,1,0,2012-09-08 03:06:54,4496,304,3.0652,4800,13,9,13,395,36,39183.1389,328,69.2274,94
3475,18962d7b28e1d471c59e0e95c99b2a09b6a9402c,0,0,0,2012-09-09 03:10:04,4496,9293,5.6616,13789,1,1,13,30,10,12387.9459,2851,1082.4522,45967
3478,5831fe7936315bb7049a9cf9a4f9b6f68f989b5a,0,1,0,2012-09-10 09:30:02,280,159,1.3768,439,4,3,2,1089,84,60481.1227,21,8.9128,63673
3484,500a529e7dc8947149b419adbac922596bb341b7,0,1,1,2012-09-10 16:50:21,58,9293,1.4135,9351,3,3,4,1045,83,25675.5986,757,320.6752,3841
3488,02769d5b69d5a5a7512c0f605793f21750b2c4ca,0,1,0,2012-09-10 17:32:38,31,9293,2.0238,9324,6,4,2,1020,83,16868.4028,181,93.8787,857
3476,b2dcd9406b779a2ef28041263a3580156b015dfd,0,1,0,2012-09-10 18:15:21,56,72,0.7698,128,4,3,2,1121,84,58984.6737,2843,1079.9252,50346
3483,e172a9b735ef8f99cf45ba86c9850943829d14fb,0,0,0,2012-09-10 21:48:40,31,9293,0.0406,9324,85,36,1,7,16,20838.177,120,95.1793,896
3489,c20b33c93775f62a638a8725dc07b00142aae252,0,1,0,2012-09-11 08:30:36,39,101,1.5927,140,3,1,13,36,17,42984.0802,715,296.6275,2879
3479,73a4b4685c61068986e597c1a9adb8641d4de793,0,1,1,2012-09-11 09:02:41,69,39,1.4925,108,4,3,2,1201,84,61604.6496,727,299.1822,3312
3492,93685a4780f2b03319f49a6cba17ef98ea22728e,0,0,0,2012-09-11 15:43:08,37,73,0.315,110,3,2,2,1071,85,29740.574,716,315.6264,3389
3493,203b3ad04b63345373f9ad5473b2b30b8b467b03,0,0,0,2012-09-11 16:27:56,4496,9293,0.6374,13789,2,2,2,1145,83,20607.0421,128,94.8229,390
3487,c5df208327826dd197f1a9f743243bcd53de50f5,0,1,1,2012-09-11 19:52:01,49,9293,1.3237,9342,4,3,2,1072,84,19221.9966,130,100.5096,344
3480,c74a871e7a5882802de46550ea5bab0220f16883,0,1,1,2012-09-12 12:21:17,243,9293,2.5952,9536,15,3,2,1026,86,52535.3476,691,280.8081,1737
3486,1e126dadac0498a8fac9841da6d216d2510a2a1c,0,1,0,2012-09-12 16:03:19,487,92,2.4924,579,10,4,2,1201,86,67643.7657,691,281.1191,4018
3498,71845d214babc5a1eba9e9fcfccb898853030f9b,0,0,0,2012-09-13 17:41:19,4496,69,0.0335,4565,2,1,13,32,6,376.4166,123,30.3238,778
3495,aa8989d9b98f35a95c988f0b664a0b4ffd232bac,0,1,0,2012-09-13 19:34:34,46,114,2.0479,160,6,5,2,1209,82,20770.6304,699,285.8054,3604
3470,9f643a4ae62200d47fbe64f2b44260b767449767,0,1,0,2012-09-14 15:08:53,136,121,0.6579,257,3,2,1,479,36,21055.785,318,126.3519,55
3491,a02bbf50eb09f1364de21eb41d91e6521610092b,0,1,0,2012-09-14 15:08:58,128,9293,1.1245,9421,4,4,13,485,36,43915.5627,297,108.8368,1264
3503,398b1d263379a5b3ae080b3d985e00b032ca1ddf,0,1,0,2012-09-14 15:09:14,106,100,1.2344,206,6,4,1,700,43,29819.0801,243,102.7603,1433
3494,f1aec3d5f6eb817d883325d8bb9204ce8c91bf27,0,1,0,2012-09-17 06:44:31,4496,26,5.6616,4522,1,36,1,200,22,63810.7457,739,309.7846,2411
3500,aa7dafaca4843fcd2eea70bca51bd303910f756e,0,1,0,2012-09-17 16:42:46,41,9293,0.0487,9334,1,2,2,41,23,57029.1456,2833,1101.1247,45792
3511,6ad7d45ad56482707ecd541984894e4e2a278cfb,0,1,0,2012-09-17 17:37:01,8,9293,0.4372,9301,3,3,2,1080,84,67859.7603,1,1094.0642,49581
3496,1693ee22fe70049ee3dd45eb211fb4f902dc8d9f,0,1,1,2012-09-18 15:32:53,34,33,1.1324,67,3,2,2,1084,84,24306.896,129,99.5261,895
3502,b43cc362aa568a46bc53e545c68518b0bd350b76,0,0,0,2012-09-19 11:11:22,10,67,0.9289,77,2,2,13,333,41,67734.7164,640,190.089,1380
3505,96a46771b287a265a4d9faf61543163e342f6d87,0,0,0,2012-09-19 11:13:34,4496,22,5.6616,4518,1,36,1,105,22,252.6748,618,195.2169,1590
3490,c565b64fe1566ed29a260ca0ff0b777ed533c717,0,0,0,2012-09-19 16:08:22,4496,9293,0.0167,13789,85,1,1,118,22,17487.2738,1,1091.6062,46107
3504,0ada184628b4a1c86b35b73c51d9eb9f635f7ca0,0,0,0,2012-09-19 21:39:06,11,40,5.6616,51,1,1,13,109,22,272.9715,618,200.5151,1561
3508,84c06577dcfdfb227c2440d6100515e6f05d698c,0,1,0,2012-09-20 21:56:49,91,9293,1.8474,9384,7,4,2,476,36,25222.5623,1,1112.9671,49147
3514,dc97a8ff524ce9fa56e3dc0932d9074006495596,0,1,1,2012-09-20 22:02:52,4496,274,3.2655,4770,7,3,2,1178,83,13856.3872,2808,1127.9638,52038
3510,ebae28ec27e14083026cc9006381a0fe3e7c703f,0,0,0,2012-09-21 10:22:01,4496,122,1.057,4618,1,2,1,211,22,35848.5436,115,92.1994,1239
3515,98eb543a9829c1e857612edc6376a192f7ce4cff,0,0,0,2012-09-21 10:33:54,4496,9293,0.3343,13789,1,2,1,52,22,42299.8552,128,109.3861,798
3506,ef8620f8839f7f5278dbfb5b817c3656396966a4,0,0,0,2012-09-21 16:32:23,4496,50,0.0272,4546,1,36,13,27,9,82920.8467,2846,1090.5998,46471
3512,fa9bbf7e196835ea9c4aad684b840aeac85e8eda,0,0,0,2012-09-22 20:18:54,18,31,5.6616,49,1,1,13,187,22,80437.4848,2851,1082.8806,46081
3507,db45670a3e0650738fee52ebba5bbe9b43af26c0,0,0,0,2012-09-24 15:08:48,4496,45,0.8763,4541,2,2,2,1096,83,76517.8363,2849,1091.4864,49733
3524,103d9fba48cf2c486b6bcde11877c1ffb1158aba,0,0,0,2012-09-24 15:08:48,4496,9293,0.5202,13789,2,2,2,1065,84,77053.2641,2852,1081.3251,50150
3513,ccca5f1e39c220ddc7ce68883622667229e28113,0,1,0,2012-09-26 12:05:09,377,9293,2.6429,9670,13,10,3,1063,86,31134.6283,838,335.2847,1942
3519,2d76556742998ca332e562aba3398ab49c803d67,0,1,1,2012-09-26 12:06:37,37,9293,0.5365,9330,3,3,2,1212,84,9106.5935,715,300.9948,2612
3525,ee4a26d8659f4ab09d2646de0b68d39db958bdb9,0,0,0,2012-09-26 12:12:20,36,62,0.5143,98,2,2,2,1052,83,30493.8931,758,313.766,2590
3517,e752de96f7e3ae676b5dba0564e1321d6661a0cc,0,0,0,2012-09-26 15:03:57,9,10,0.0,19,1,1,1,115,15,61628.0,2862,1087.0833,46227
3518,b03ae12cb58da9bc77dc88151da47d26223051de,0,1,0,2012-09-26 15:03:57,9,10,0.0,19,1,1,1,115,15,61628.0,2862,1087.0833,46227
3516,16f3d33f3356b1694bdd448db7c3d3194d6dd064,0,0,0,2012-09-26 15:29:14,4496,42,0.018,4538,85,1,13,3067,5,11999.546,745,310.6577,2744
3521,b781ee7d52c9f30136ae2ce851c4af6def8df38e,0,0,0,2012-09-26 17:54:59,42,56,1.0612,98,3,36,13,11,12,59275.1804,1,1076.9912,45870
3477,cc68336cac161156abc0c37279cd8e91df226643,0,1,0,2012-09-26 18:22:35,122,9293,2.175,9415,9,4,1,563,42,54432.2518,2797,1066.0899,44884
3482,822ee88a38b3862d60b50748382ddf7957907cec,0,0,0,2012-09-26 21:34:48,4496,9293,5.6616,13789,85,36,13,43,12,11678.4539,1,1082.1048,45997
3529,988ea81d409968614d84dacb3a022dcb156172c3,0,1,0,2012-09-27 14:16:55,80,9293,0.2535,9373,5,3,2,1182,84,24421.6516,120,111.7277,927
3532,0b94b191d803f2a59e39c0e14fca45f5fb2ceb65,0,1,0,2012-09-27 20:28:25,1120,9293,1.6494,10413,9,7,4,1479,0,37891.3216,1,1110.0432,55844
3527,480cb2f5a29a271b91008becaa68a7c11caf2024,0,1,1,2012-09-27 20:55:52,4496,33,0.6814,4529,2,2,2,1064,84,3472.9754,1,1092.9893,49680
2466,c7ce11f0031c81311a359de03380860fa4e366a5,0,0,0,2012-09-27 21:57:37,4496,9293,0.2294,13789,3,2,2,1162,83,35465.3725,115,30.6551,63673
3520,c710edf07b8bda7c2456fa615ce61a7d490f89a4,0,1,0,2012-09-28 14:53:05,13,9293,0.4779,9306,3,2,13,148,22,58144.3845,1,1083.2219,46519
3526,ccd1a3d38c998d000b2ff12df9045425932adc17,0,0,0,2012-09-28 15:17:50,4496,9293,0.4118,13789,3,2,1,219,30,40092.5761,694,287.008,1764
2473,732d82b4d4f66f5ae45c7eb24912d612f4505c17,0,1,0,2012-09-28 18:23:10,62,9293,0.2653,9355,3,2,2,1102,85,61242.1028,176,29.8286,942
2481,d41d5f6db29721726765723a1cba8d38bb52ce22,0,1,0,2012-10-02 03:44:39,4496,9293,1.6883,13789,5,4,2,1329,84,25760.3561,2832,1097.0499,49243
2469,5eb53085398af4d30002785ee21f50b894208735,0,1,0,2012-10-02 16:01:21,44,148,1.8386,192,8,3,3,1526,91,29807.3429,694,284.2703,3916
2485,ab13579a3cfde211437987a889b25f8ae6d94725,0,1,0,2012-10-02 16:37:35,27,90,1.2208,117,6,2,2,1098,84,6109.1747,724,311.3384,3376
2474,6ddcf0388b5e968b52ec3dee5b2d9a4482e371e5,0,1,1,2012-10-02 16:44:29,4496,84,0.2393,4580,2,2,2,1068,84,4953.0669,714,312.9167,2509
2477,59a6a5d82dc088dac8f1d98bc48a6426d75dc1a2,0,1,0,2012-10-03 01:13:01,139,117,2.08,256,5,3,2,1143,82,30261.3699,176,128.4201,1306
3522,447fcef48630ea3f60a2c97f76910dbfa1a334f5,0,0,0,2012-10-03 08:08:19,22,43,5.6616,65,1,1,1,51,12,31152.2589,93,45.3768,121
2471,88ae22f3851fc253e3d02b34d53ea56c7fefe97f,0,0,0,2012-10-03 10:37:34,4496,9293,0.0207,13789,1,36,1,11,11,69524.2192,742,300.9412,2429
2475,7833db26050eafcee928f6ca7b8becf64a9c5563,0,1,0,2012-10-03 15:29:20,4496,9293,5.6616,13789,85,36,1,22,8,67793.9351,723,310.8673,2378
2487,637af9d78272d4c849d865a5cfe4b041ba86f35e,0,1,0,2012-10-03 17:47:45,22,30,1.1977,52,4,3,2,1281,84,55173.7956,2847,1091.7089,50118
2476,d170a7a99dfc04499e8bb8cbca0fc4e14aa1fc26,0,1,1,2012-10-03 18:44:45,0,9293,5.6616,9293,1,1,1,73,29,79749.6739,614,197.9642,1657
2480,5df99327e6c3b7cf809f6a5088580ae8dad5e669,0,0,0,2012-10-03 22:51:48,11,9293,5.6616,9304,85,1,1,22,12,53249.4717,91,43.3993,645
2490,e863c2b71cbf917dde2d0c5f236b749f0070c1dc,0,1,1,2012-10-04 09:11:29,68,95,1.1235,163,4,4,3,1239,84,53260.8366,716,314.5811,2260
2478,2ce7b9b3ada14182067c934c475c6ab899086355,0,1,0,2012-10-04 09:19:21,449,9293,2.3992,9742,12,4,2,1117,86,54886.0085,671,288.9598,3714
2493,eff4b686653fb15593c7fecd2033f60b65c9ee8f,0,1,1,2012-10-04 15:00:38,31,56,0.3498,87,2,2,2,1066,83,49809.372,715,310.6812,3331
2486,0d44159e63a2f5b56d621ba71a2f3fadd7f5a301,0,1,1,2012-10-04 15:28:52,4496,9293,0.8399,13789,2,2,2,1150,84,70281.5739,2855,1082.6615,49825
2483,d54a93f2d4696e146ef7b58cf81c40a66443058d,0,0,0,2012-10-04 17:53:19,4496,146,1.6003,4642,4,1,1,34,4,73707.4717,2820,1104.7174,45154
2497,8b00f3a258fcc04f0350d4f46760eacacbfed3df,0,1,1,2012-10-05 07:29:17,288,303,3.0411,591,9,6,3,1172,81,56853.9395,801,283.0194,1820
2492,d5ec013cee4f3d923d9618694716a265ab04fe1b,0,1,0,2012-10-05 07:34:51,32,175,1.4693,207,6,5,2,1548,90,49943.0574,767,287.8862,2491
2470,2a91a48181b269684d491d961a0c513bf81baf25,0,0,0,2012-10-05 08:24:37,4496,51,5.6616,4547,1,1,13,125,21,1402.9811,720,299.6208,2940
2484,b7716c76b338ad8eea0a19822ec9ba99de1699b6,0,0,0,2012-10-05 12:54:12,36,60,5.6616,96,2,1,1,70,9,19569.844,745,298.7181,2199
2488,e232407adf534e54950c2766347d4a0321c039ad,0,0,0,2012-10-05 14:31:26,4496,80,1.4181,4576,4,2,1,3067,13,3909.3475,720,314.0954,2307
2482,c2a8f1288f8985cdec374c88a063ac84cec60181,0,0,0,2012-10-05 17:03:26,4496,9293,0.7728,13789,85,2,13,313,27,23437.3617,698,290.8823,3703
2501,11f7d72536c3acf2ecdb255ddbcee545f29d6742,0,1,0,2012-10-05 17:46:10,249,9293,3.3234,9542,15,6,3,1498,94,18395.846,835,353.7419,4589
2494,074f4befaa0e5b7a7a3bf8dbaabdc3388ff61f8e,0,0,0,2012-10-05 18:20:19,4496,75,5.6616,4571,2,36,1,3067,1,48624.7073,122,29.8394,1342
2505,5b5b20a8787ef004751e8c7ee18a31e8b30d1fab,0,1,0,2012-10-08 15:20:06,194,132,0.0968,326,9,4,4,1399,86,67927.3699,2808,1066.2649,51221
2498,fa56af1336073ea19950b37d2403a761690d0ab1,0,0,0,2012-10-08 15:49:37,31,54,0.9392,85,2,2,1,3067,11,41627.3699,716,313.6171,3068
2504,5160de59149b61ffb8f63c133c64d899fcf33130,0,1,0,2012-10-08 16:33:24,84,9293,5.6616,9377,1,36,1,3067,0,41330.2947,1,1092.8085,46030
2479,7a2b45ae4205572e6b8b4309bbac80859c709c2b,0,1,0,2012-10-08 18:34:30,4496,70,1.1895,4566,2,3,3,1078,83,27021.721,119,27.5906,1351
2513,0d12493721fdf3212ecfe58a341ca07ba83453cd,0,1,1,2012-10-09 04:23:20,136,9293,0.5985,9429,4,2,3,1207,85,46601.4568,2815,1109.5589,58854
2489,52ecf41d2d48be2bfb5a92f743275951e6a2a982,0,0,0,2012-10-09 05:05:49,46,9293,0.0322,9339,1,1,13,50,16,38910.0348,413,39.6829,1284
2506,ed6d24e592b3d84cac520295a5ae9f1161e2d829,0,1,0,2012-10-09 17:46:55,36,9293,0.0281,9329,1,2,2,35,10,54393.8871,641,210.3304,2233
2499,f34bd79b9a92f23c1fc5e185e074d7faa880fc0b,0,1,0,2012-10-09 21:45:20,11,16,5.6616,27,85,36,13,34,9,19012.3168,1,1091.0293,46422
2511,2a3076bf77d063402c5d3afa93e1398a1f03833b,0,1,0,2012-10-10 23:48:19,192,596,2.6891,788,17,8,4,1317,87,23621.2873,248,11.2931,2587
2509,4f5d072a28ecca654eabbc9a88f5a18a51c4e0b3,0,1,0,2012-10-11 03:53:31,4496,49,5.6616,4545,1,1,1,125,22,20880.1642,401,38.5768,2159
2512,f75026a17fb6f4437b808b76f4adb089d1321743,0,0,0,2012-10-11 03:59:02,4496,63,0.029,4559,1,36,13,20,13,11651.1165,404,39.2122,1544
2521,63a5e4ef892d4a11edc0e273fc9440e7c43e944c,0,1,0,2012-10-11 18:54:32,17,1,0.3228,18,2,2,2,1099,84,61015.5,613,198.3333,1837
2516,4355aa877f29b653614cb801a2b57861f4cef428,0,0,1,2012-10-11 18:54:32,17,1,0.3228,18,2,2,2,1099,84,61015.5,613,198.3333,1837
2524,4881221363f984ab6610756cab38e1a016b79e15,0,1,0,2012-10-11 21:12:21,180,196,1.7534,376,3,6,3,1158,83,46279.0084,1,1100.6127,59297
2523,f81864ebae0f7e098a21ab957921a7a3f4ad1b3f,0,1,1,2012-10-12 15:26:39,38,9293,0.7574,9331,4,3,2,1155,85,67903.1785,1,1080.9379,49744
2520,5c5fe91f3a9e05bd51e1582818643a4e85c0cf35,0,0,0,2012-10-14 18:57:50,51,9293,0.0702,9344,8,5,2,222,21,36785.2638,341,14.1095,1149
2514,5e91088040a05599c2ba1a01a147fb881b368069,0,0,0,2012-10-14 21:40:40,20,53,0.024,73,85,1,1,46,11,28990.5761,377,39.9438,2217
2518,fe5e4aef2e463acc157b41ef4a7f9fab9a61050e,0,0,0,2012-10-15 00:31:02,4496,43,0.0286,4539,2,36,13,21,11,9948.431,409,26.3438,1590
2528,3b8bff78d40804b37fa0658b0a8e4342dd98366f,0,1,1,2012-10-15 08:17:49,56,102,1.886,158,4,2,2,1128,83,51874.2453,720,295.5212,3642
2515,d525cf969c042b21a9375446f5449ee82d7d1484,0,1,1,2012-10-16 04:21:51,4496,15,0.0125,4511,85,1,13,437,37,5604.3921,84,46.5842,515
2525,18acbef1356e1130f816eceacdff49c9ebf3c50c,0,1,1,2012-10-16 06:24:49,30,9293,0.4688,9323,1,2,2,1091,84,79310.1154,721,301.7791,2764
2526,4376ce702182aa1e97761f995595a73b9ed745d4,0,0,0,2012-10-16 16:42:57,4496,9293,0.0163,13789,1,36,13,28,10,61136.9256,132,38.0546,613
2508,8c471240d0ffafeef53df2fd69693294257ed730,0,0,0,2012-10-16 16:44:42,23,9293,0.0245,9316,85,1,13,3067,6,61286.3614,126,34.6841,354
2527,b8874ad1a892cfc45c87ed1187d43df356f48315,0,1,1,2012-10-16 21:23:46,13,87,0.8412,100,3,3,3,1122,85,23495.0739,120,31.5561,269
2529,f5dda349b36521819d26402661e1a9e5b9f76d03,0,0,0,2012-10-17 04:05:26,39,47,0.0417,86,2,36,1,141,21,26690.6288,414,25.6657,1643
2531,eb775fe7c225699a8ea61901b6dc887716780909,0,1,0,2012-10-17 16:52:16,4496,9293,2.3391,13789,6,5,2,1491,88,34968.1731,762,292.3632,2248
2534,c866c805b3d379794bc063dfe3f300f061d01d68,0,0,0,2012-10-17 17:18:18,2,23,0.0069,25,85,1,1,10,6,1456.7087,727,307.5262,2498
2537,ffbcb4b11b40c52253b02098ca0225b9cf426cd2,0,1,1,2012-10-17 18:06:28,4496,48,0.5985,4544,1,2,2,1074,84,63716.111,124,111.2634,1044
2535,8495560c2ba71621ab4326de7a87e9f3222ab8e4,0,1,0,2012-10-18 01:58:04,416,9293,2.9851,9709,13,10,4,433,37,31616.3311,15,94.581,63673
2546,e400d0eca27f3c00e36e3871a30ac5c97891abbe,0,1,1,2012-10-18 20:17:29,4496,30,0.9901,4526,2,2,2,1414,85,65635.2302,2856,1083.6177,49659
2538,1b8c47524029b37e7f9309bc1d3169769e5fee62,0,0,0,2012-10-18 22:15:23,23,9293,5.6616,9316,1,36,13,13,9,22413.2256,1,1091.4465,46420
2522,e63a1ae1c00acf130d33c1e8161f66a194b9bfa4,0,0,0,2012-10-19 02:26:48,49,9293,0.7686,9342,2,2,13,63,14,51167.1596,295,110.5097,944
2533,487c9168fce9a40f6906ee4a7ee250a9bd390fde,0,0,0,2012-10-19 02:26:48,4496,80,0.7491,4576,2,2,13,6,14,50976.0959,252,106.9649,1135
2540,a28a2ba93764c602268d17ce4e5604ba179428f4,0,1,0,2012-10-19 22:58:37,74,123,1.8796,197,5,3,2,297,35,57501.8734,60,38.7877,1107
2530,0bb3a064f3dd34823145124360c049f5d29b91ad,0,0,0,2012-10-19 22:59:09,3,31,5.6616,34,85,1,13,49,11,67765.5538,1,1082.6876,46618
2519,f22e2c4596d67138b3da64d3b163743cbbbf82fc,0,0,0,2012-10-19 23:30:43,4496,9293,0.0097,13789,1,1,13,43,6,1607.2651,2854,1091.1347,46099
2517,a58b87020b4315eab48482666450049fb7cf0674,0,1,1,2012-10-22 16:48:07,4496,48,0.3047,4544,2,2,2,1098,84,74163.9426,1,1091.9803,49793
2552,95fb613bf996c715392f9aa1f491609b6acaeff5,0,1,1,2012-10-22 17:16:20,10,134,0.6866,144,2,3,3,1182,83,35098.2143,177,31.9442,1086
2536,269c0cdac3d0457e6f00f6f055b5aa280a21e8b2,0,0,1,2012-10-22 21:31:52,4496,26,1.0353,4522,2,2,2,1234,84,7349.4821,1,1079.3613,49748
2548,5eb9e1c1576edb90f5b6e2ef975686e87a8c93af,0,0,0,2012-10-23 20:16:03,152,5,1.1475,157,3,1,13,152,17,46499.8496,2846,1082.195,46457
2551,36b40be64f56d1bffb31fb75b9a0f11b586686b4,0,1,0,2012-10-23 22:03:10,149,383,2.513,532,11,5,1,848,40,26788.4619,2809,1053.3013,44363
2554,0f255da32f23b5e00dcd08dcbd8bca02bf190d8e,0,0,0,2012-10-24 18:52:32,30,9293,5.6616,9323,2,36,1,20,5,44317.8713,750,312.1078,2352
2547,0d10424a7f577c9f7c654e87f05e83ad36373e35,0,0,0,2012-10-24 21:20:00,4496,75,0.0773,4571,2,1,1,535,29,82558.6691,1,1074.4733,46995
2556,6adf52c94d5c819bd1b4c38be9cdc234d40aa1fd,0,1,0,2012-10-25 02:16:29,4496,9293,2.4632,13789,11,4,1,417,29,16231.2145,1,1098.457,45183
2553,c54fe4c41e18ffcedb3a849aead4d7576cd73167,0,1,1,2012-10-25 06:51:48,4496,81,2.1445,4577,7,3,2,1078,85,63599.9961,703,288.4311,3406
2561,10777f2cc8d0ab51fd760427a6f11a1d41aee596,0,1,0,2012-10-25 15:05:35,19,51,1.1464,70,4,4,13,103,18,51841.4364,2846,1078.0415,45989
2542,14afcc7d76f9b60228f4c76b696294835027c1a4,0,1,0,2012-10-25 16:13:27,887,9293,0.8991,10180,5,3,2,45,2,41844.4565,317,138.5573,63673
2557,438e75335f57d5cb8c60e42c21efa8adbb900346,0,0,0,2012-10-26 03:52:16,11,84,5.6616,95,85,36,13,15,7,73662.9891,1,1093.0763,46447
2564,98721bfcaebd90672a7a94d566a07ca1619152d3,0,1,0,2012-10-26 03:55:56,4496,37,5.6616,4533,2,2,13,15,8,17355.235,1,1089.6046,46350
2532,af97b0f3ae080b01cbf1a3db934087082eeedb89,0,1,0,2012-10-26 03:57:37,4496,9293,1.5234,13789,5,3,2,47,13,41643.6999,2843,1077.8358,54881
2558,f593717ace884befa16e6753942c3f734c88f379,0,0,0,2012-10-26 05:35:24,4496,86,1.0223,4582,3,36,1,35,9,47928.2685,106,60.4768,63673
2555,f3b636fc24e1b00f299a7c4ae29995d680c99fad,0,0,0,2012-10-26 08:06:07,47,9293,0.6771,9340,1,2,1,500,31,14738.715,2834,1097.8827,47059
2562,ab2614ca15c509fafdbc3ba084dd9c1e85d6660c,0,0,0,2012-10-26 17:43:52,4496,9293,0.0363,13789,85,36,13,24,3,2144.8842,403,44.6321,1588
2563,a15500e742b7c18804ead7ef338d6fa39b9ba984,0,1,0,2012-10-27 17:16:25,332,9293,5.1898,9625,46,19,1,1249,46,48310.8917,2639,1197.7757,51336
2571,37cf942c1128dfff392ce2947cc4c652a957c318,0,1,0,2012-10-27 17:40:44,4496,9293,2.399,13789,9,7,3,1372,86,22298.8991,2811,1101.8014,51692
2577,38bfc6dca06bd0192167ae5e9bd51d593542f03e,0,1,0,2012-10-27 18:18:31,168,162,1.9769,330,8,6,2,1548,86,28463.1582,1,1077.8573,49240
2572,7ca60b464651af3a3ab47b3449594638d8bec83f,0,1,0,2012-10-30 14:38:06,46,9293,1.2296,9339,5,6,4,1176,86,69844.835,2835,1105.351,49504
2560,b8be661e7367dec9888d84018591905c2717a6a8,0,0,1,2012-10-30 14:42:44,4496,74,0.0457,4570,2,1,13,3067,2,29565.7355,2849,1080.8635,45819
2544,63a8bfe030ece2497c839bb34148b73e416466f4,0,1,1,2012-10-30 15:11:27,274,9293,2.1521,9567,11,5,4,1521,87,55113.2918,677,281.4106,2462
2580,99b245d3184c26bd29f4e17120a55bdb1a4b2912,0,0,0,2012-10-30 15:22:22,4496,9293,1.1586,13789,4,2,2,1152,83,42367.1108,1,1075.8701,49327
2568,a850abd16e2d87200e942e9523548f17ba3a6e7b,0,0,0,2012-10-30 15:26:06,4496,9293,0.0393,13789,2,36,1,422,38,321.2752,717,301.701,2266
2569,3b0aa84ca3d70caeb2d818989ba9145fd836cd04,0,0,0,2012-10-30 17:20:43,4496,9293,1.3795,13789,2,3,13,3067,22,39313.411,758,316.5076,3066
2587,d401d9f1deaad08ff0a76e3795ec4b1c0fa72421,0,0,1,2012-10-31 15:42:36,4496,75,1.1368,4571,4,2,2,1132,83,59940.3701,170,48.1743,79
2576,dc37dea745fe89d70819d649c823d9bfcb0d7577,0,1,0,2012-10-31 15:54:47,823,563,2.8157,1386,20,9,4,1082,81,18103.2379,2754,1054.8697,56444
2575,25f8b6faebe9e0b9f7ccf3bb18492e9542727612,0,0,0,2012-11-01 09:42:51,4496,9293,1.4956,13789,2,36,13,48,14,7412.8895,702,293.5927,2897
2583,a653dc818aacb1bbe2979a21107725d8ccf8eeeb,0,0,0,2012-11-01 16:58:17,21,9293,5.6616,9314,1,36,13,3067,2,63264.2136,1,1081.6943,46483
2570,78d6f64f33c592890051c690ddf5d26b7b2af027,0,0,0,2012-11-02 03:21:50,17,43,0.0162,60,85,36,1,3067,4,4630.353,2848,1092.1836,46456
2574,110f69c3b857483162c7e86c7ad63061a13dab7f,0,1,1,2012-11-02 13:13:10,4496,50,1.0493,4546,4,3,13,622,38,31039.7068,627,192.7778,2059
2584,f0114cfe7ead3ada6aa3525a9be8ea7833d42140,0,0,0,2012-11-02 13:23:53,19,24,0.0148,43,1,1,1,146,19,291.2725,623,194.0574,1819
2585,a412ebd5b863a2b1a8b3bd16f89d3f90d203cdba,0,0,0,2012-11-02 13:35:08,4496,19,5.6616,4515,1,1,1,152,19,428.9027,619,202.3329,1881
2559,c7399e97e83cf737ead696fda8824de1d3487afb,0,0,0,2012-11-02 13:58:50,13,9293,0.0113,9306,85,1,1,168,19,1698.979,624,201.4914,1522
2578,3d3d93cef4e1d078eedefc67c5890296bd19567a,0,1,0,2012-11-02 15:44:19,49,64,0.4876,113,1,36,13,148,20,32029.38,121,31.2813,63673
2588,c1d1ab7caa23293b0cd5ebe40a04ad45f81fb2e2,0,1,0,2012-11-02 23:00:42,25,20,5.6616,45,85,1,1,108,18,8430.7641,2852,1084.2613,46472
2590,f725ed1390f0a9eb049b0c7c4761073e9a55f124,0,0,0,2012-11-03 00:32:29,21,9293,0.0251,9314,85,36,1,59,14,32865.6554,1,1078.671,45845
2573,a37c2564f80af99f5652c621d12dfc8c96e4c2f0,0,1,0,2012-11-03 14:51:23,123,9293,1.6769,9416,6,5,1,544,37,82406.5621,1,1065.7099,45567
2591,2fb5e2ea11c109bfd687836cf2b22b37b33f6893,0,0,0,2012-11-03 15:30:59,4496,9293,5.6616,13789,2,36,13,451,31,3567.1378,1,1102.4519,47146
2592,015358c178da70046c2cb9cadc4b39b0142de6c4,0,0,0,2012-11-03 18:22:04,4496,9293,5.6616,13789,85,36,1,541,29,10880.9829,1,1096.648,45496
2599,018ea85df3d391c348f1073b04e78d77a65798d2,0,0,0,2012-11-03 18:22:19,4496,79,0.6607,4575,85,2,1,479,32,26231.5225,2821,1064.5203,45190
2586,f8e52ea98d10d643e8a8afb38affd9ac95dda6fe,0,1,0,2012-11-03 18:50:10,4496,23,0.0061,4519,1,36,1,95,9,9011.6397,2859,1085.8058,46113
2593,c51dc91caca823c51a56704f084ce2131ade2eb5,0,0,0,2012-11-03 20:40:36,60,82,0.0358,142,85,1,13,459,29,8983.464,2834,1102.2684,47094
2597,c7e8a631a7a7b2581c86a1ec33820525392f7a33,0,0,0,2012-11-03 20:41:27,76,9293,0.0602,9369,85,1,1,449,29,86384.0,1,1099.8056,45571
2589,a20edf96118f2557e7f64c7847d77cf432bc6eb0,0,0,0,2012-11-03 20:42:40,11,9293,0.0095,9304,1,1,13,3067,10,20871.4864,1,1083.4036,46036
2595,617a4ab6fd1ee76820a95de5fe32a5b283e07c06,0,1,1,2012-11-05 16:17:16,4496,32,0.6966,4528,2,2,2,1103,84,50492.4385,745,311.4046,2831
2594,0aef004896951372b0d9f7a755d0ad906cc810b2,0,1,0,2012-11-05 16:35:05,36,9293,5.6616,9329,1,1,1,447,39,19842.6377,748,309.7967,2771
2600,d909fb4faf7de41b3cf19f19b48f962ab0e6fb32,0,0,0,2012-11-06 12:23:15,32,9293,5.6616,9325,1,36,1,30,9,41772.4928,582,187.1253,2413
2601,f32110c6c3ad53aa18aff02565722af82f68533a,0,1,0,2012-11-07 16:48:23,4496,789,2.8774,5285,19,10,4,1667,86,46804.9228,1,1136.3273,53350
2613,d564a2f02bcbfd850b51e9eea5297b79a4bd369c,0,1,1,2012-11-07 18:32:38,25,50,0.9453,75,2,2,2,1136,83,31207.5362,747,302.2919,3260
2609,d7ff10d8293529b4f30e462ffd08aae5aff4bc97,0,1,0,2012-11-08 08:18:57,298,410,2.8567,708,25,10,4,2031,91,66773.9173,652,351.7332,5861
2604,c016b31844668b6031bf8674a01691683b20ef78,0,0,0,2012-11-08 08:42:49,4496,21,0.0093,4517,85,1,1,48,13,34841.6763,728,303.8682,2399
2617,9a89eefe11828bd33e198f447071b06d9852df7d,0,1,0,2012-11-08 10:46:30,79,69,1.3634,148,5,3,2,1492,86,21306.557,710,297.4292,3546
2579,e27a9558737f4f0d18104fd57169f681bcfc1703,0,1,0,2012-11-08 13:29:12,56,9293,2.4369,9349,6,2,1,3067,21,60129.7409,701,314.4383,3088
2603,566e20637d117c2907a4f81197fa59c8a19bc979,0,0,0,2012-11-08 16:19:41,65,98,1.2834,163,2,2,1,242,18,28202.7157,1,1098.5483,45863
2622,5c81f4b928b3a94d317c2e3829a07447ea21ea77,0,1,0,2012-11-08 17:13:10,56,9293,0.2907,9349,5,3,3,1413,87,24179.2506,1,1096.4021,52194
2598,e6ee1faff6417084dd24466dc4226d0679b3a6f0,0,0,0,2012-11-08 18:18:20,12,21,5.6616,33,85,36,13,41,8,9836.4489,2855,1085.2861,46302
2614,fc5f877fb2c17e3003ba4b31817bd2ac10ee5f6a,0,0,0,2012-11-08 19:17:12,21,9293,5.6616,9314,1,36,13,36,6,8663.0954,2854,1089.5783,46026
2611,686a17cf444011bd9e95ce73b4ba875cacffe770,0,0,0,2012-11-09 03:40:04,4496,9293,0.8906,13789,2,2,13,35,7,48802.0811,406,25.2507,2531
2616,e0a0eb751f01b3deca3a1d02e77913b222453e3a,0,0,0,2012-11-09 15:52:21,4496,71,0.888,4567,3,1,1,66,23,62144.5427,2850,1097.0072,46555
2612,880188384f83ef673d5f02099be91e8da07a57b2,0,0,0,2012-11-09 22:29:43,4496,9293,5.6616,13789,2,36,1,33,5,1594.5458,162,27.7032,63673
2605,dda7aee34f31ebbb039fb57c0b434291b1e72dfb,0,0,0,2012-11-09 22:29:43,4496,9293,5.6616,13789,2,1,1,33,6,1526.2506,117,32.5582,63673
2606,792bd184f57407d2853cd7233c2732eacc551761,0,0,0,2012-11-09 22:54:59,26,9293,5.6616,9319,85,36,1,107,14,32131.2191,1,1081.5694,45719
2596,4549a98b4ef6c293c200cbd8e226aee2e574c2c0,0,1,0,2012-11-10 02:47:27,67,157,1.2197,224,6,4,3,1247,85,27776.2922,2836,1075.8087,51403
2615,de6260ddcbc5a532a1aa96f648bc44b55dedf6f2,0,0,0,2012-11-10 04:01:08,16,9293,5.6616,9309,1,1,13,17,10,4677.2554,2852,1084.7786,46412
2621,6773383df800b8b5099b09f1fc71518619c0aa1b,0,0,0,2012-11-10 04:33:37,59,9293,0.8244,9352,3,2,2,3067,13,24683.7407,1,1073.4943,53519
2607,edcc7f137f573eb6aa38fe4f5b79c22de7811342,0,1,0,2012-11-10 05:03:51,4496,9293,2.1337,13789,10,6,3,1189,82,22980.5294,2790,1061.7062,59730
2731,39066b722607fa88e75d5bc772bd52f1ec8914a0,0,1,0,2012-11-11 13:54:43,332,9293,1.6014,9625,5,4,5,1115,82,51848.4026,677,274.2672,4666
2620,91187643babfa9d52ba64161cd109765a1a3a3ad,0,0,0,2012-11-12 11:18:48,4496,9293,0.0306,13789,1,36,13,232,16,3552.9155,744,301.8276,2971
2629,a05f6766e292769fde3b7536e5586cf324a1cb17,0,0,1,2012-11-12 14:27:16,26,9293,0.5266,9319,2,2,2,1164,84,72518.3684,2849,1092.2874,49735
2602,660016658f033875f4a442b5f9fdd5875f610cb9,0,1,0,2012-11-12 22:14:44,27,74,5.6616,101,85,1,1,187,22,25570.1821,1,1082.6582,46565
2627,6677d075e9cadc073633fd84f810b9fc5174db45,0,1,0,2012-11-13 00:57:31,33,9293,1.3133,9326,2,4,3,1094,85,46512.7549,348,22.6419,3021
2608,53943180a4a41ecc5e145d1e08b0ea4a9d849c8c,0,1,0,2012-11-13 07:54:37,7,154,1.9453,161,4,4,3,1208,85,57145.4614,765,321.4933,2620
2625,01c9e1050bfbc6fcd884f1e9814d4c03ba328905,0,0,0,2012-11-13 08:04:08,4496,131,0.8673,4627,1,2,13,249,27,35611.8369,695,315.4554,1978
2628,91a10fa58e0218739e09498c2d90fa858cea85d6,0,1,0,2012-11-13 19:10:50,4496,9293,5.6616,13789,85,1,13,10,21,8839.3894,746,309.9782,2806
2610,901a54a6d6c7b6f7276088e67b45f95dcc7b57f7,0,1,1,2012-11-13 22:18:07,25,9293,3.0677,9318,18,4,3,1275,87,20525.8191,39,91.8368,63673
2618,acda52799297ab4676905577e3954df8e7a58ea5,0,0,0,2012-11-13 22:48:18,4496,50,5.6616,4546,85,1,1,4,19,26631.5672,1,1080.088,46681
2634,9dffa57360d4fc08729bb68046d45dcd535bc342,0,0,0,2012-11-13 23:53:47,4496,9293,0.885,13789,3,2,2,1118,83,11498.8147,120,34.4375,951
2630,be559a38b1887ca104baefdcdd98d5f19e886acc,0,0,0,2012-11-14 03:52:25,4496,98,0.0407,4594,2,1,13,139,21,83661.1861,424,49.3957,1285
2633,f1ea0ab8db5d4e1e70f4737b4be4417c19010c08,0,0,0,2012-11-14 05:30:22,17,9293,0.0277,9310,85,1,13,13,8,29855.8474,408,40.8268,2131
2623,c4cca2d8bba20a7651b956e1893727391bf5f10a,0,0,0,2012-11-14 11:01:48,57,9293,1.0484,9350,4,2,1,319,28,24080.867,758,317.7302,3204
2642,60027c4ccabaab390dbf4c4bba83ac3a843b3a48,0,1,0,2012-11-15 16:03:29,283,9293,2.013,9576,13,7,3,1812,83,47608.4018,1,1105.7508,50964
2638,309666b4dddd7e0292d8dfc5661901d9cb9fc549,0,1,1,2012-11-15 16:59:48,4496,112,0.8388,4608,2,2,2,1496,90,61211.2182,155,46.6144,17
2635,8dd1d56b4307302bf0ebd1687df28cb3cdd3f711,0,1,1,2012-11-16 22:35:29,20,9293,0.0117,9313,1,36,1,11,3,80872.2841,620,193.6532,1924
2637,a8e848241a5eab8947cb521dd631da91deaa1d5d,0,1,0,2012-11-18 15:59:18,266,175,2.4255,441,10,3,2,377,33,49347.0846,43,84.1048,63673
2641,fab61e309fd4ddf312f033f3458a9aa067279090,0,1,0,2012-11-19 18:37:09,33,119,0.8659,152,3,3,2,1185,85,29619.9799,222,1267.3333,779
2639,edf63d8a5110aaaa1efa708343d1dce071d031cd,0,0,0,2012-11-19 20:25:41,4496,96,0.6861,4592,85,36,1,3067,8,57351.2012,590,184.8751,2204
2626,553b9e86d0da87738cbce9c39a5a8de8f5ed12d2,0,0,0,2012-11-20 18:19:46,7,9293,0.0126,9300,1,36,13,444,37,4959.2961,137,43.588,583
2644,b4f2f2014e088b293fc7305f9c3e6409ee428495,0,1,1,2012-11-21 08:13:07,359,235,2.0238,594,10,4,2,1194,85,64405.66,773,315.9605,2257
2624,e39bf7a3df66a0062716632e6a3cd28ae1a633cb,0,1,0,2012-11-21 11:38:00,16,29,0.0177,45,1,36,1,43,14,61678.5425,724,309.0274,2729
2646,a32eb9f7d2f2868e8154d178e96e045859e1d855,0,1,1,2012-11-21 13:03:32,247,433,3.3204,680,18,10,2,1524,89,23152.2078,614,350.6188,5933
2652,8c24d019fced1bb6039310c192208721462d280a,0,1,1,2012-11-21 23:05:51,175,219,1.9586,394,10,4,2,1754,89,42182.9556,115,27.4299,63673
2649,d0292ef45ad215e3980fc92fe0ef1e9cf5604fa8,0,0,0,2012-11-23 09:01:39,4496,43,0.4846,4539,2,2,2,1138,85,60598.2964,753,296.0128,2753
2650,6fb751240013799a13890282e1af1f7dc85d9e8d,0,1,0,2012-11-23 09:04:56,42,26,0.9438,68,3,3,2,1137,84,25507.1874,724,302.9458,2724
2631,27db966539f6912e38b100a1c7c62b2ab93df8b7,0,0,0,2012-11-23 21:50:38,32,96,0.0548,128,85,1,1,27,15,21319.9712,631,206.219,1299
2647,3a097ccff5420cdb3aa853e3cbc272b2187ebd8a,0,1,1,2012-11-26 09:21:55,4496,9293,0.6166,13789,2,2,2,1129,84,43311.8068,718,301.5606,2714
2651,f5a4a1dfc5f708141209a4e15d51f82da3217a42,0,0,1,2012-11-26 18:20:12,4496,9293,0.8237,13789,2,2,2,1140,84,26747.9178,746,301.1657,2870
2654,b44abadafb5e54e579c2e726036ca07c8f74b3f4,0,0,1,2012-11-26 18:22:01,16,24,0.9426,40,2,2,2,1163,84,6847.203,744,299.5464,2865
2643,763305b49e98756c3b85cad02cf68c36f5059994,0,0,0,2012-11-26 18:38:49,28,32,5.6616,60,1,1,1,51,14,667.5557,726,309.0816,2893
2653,a0db8ffc53cdaf85fc991807f9173a8c1269796a,0,1,0,2012-11-27 10:49:42,68,9293,2.4512,9361,5,3,2,370,34,47836.9645,764,284.5234,3380
2659,37067495cfa818b9adeea0c6a08898dbec088c80,0,0,0,2012-11-27 15:01:32,4,63,0.5362,67,3,3,2,1284,84,16640.6558,1,1093.5749,49631
2636,e4d5d3393767efa2777122254ff2b8c7d7f8ceab,0,1,0,2012-11-29 12:41:57,347,597,3.2803,944,17,10,2,1380,47,32438.2493,2685,1146.0019,58080
2656,188f0792858167da48f59bdc8f07844d2ef82e18,0,1,0,2012-11-30 19:07:23,4496,9293,0.0417,13789,1,36,13,129,28,39070.7608,2847,1077.6293,45894
2677,6a5c9ed87995059e8cb824608fd5907432fa7ab4,0,1,0,2012-12-01 00:42:18,535,1162,1.4787,1697,37,20,6,1875,85,49192.4121,1,1185.561,1
2658,25bf3bf04e9a43006114be520c99a953ac90bb3f,0,0,0,2012-12-01 11:50:54,68,160,0.0755,228,2,2,13,3067,5,22368.3601,2842,1106.5646,63673
2662,7abc634d520dc926de3559e234ba38857a51cc26,0,0,0,2012-12-01 11:50:54,52,9293,0.077,9345,2,36,1,46,5,20215.5072,2842,1069.2532,859
2666,f07effb1c3f22d29f1fc10492d4658fd944c0ea1,0,0,0,2012-12-01 12:13:06,27,9293,0.0224,9320,85,1,1,25,6,2041.952,2849,1079.6958,679
2671,ae9faf080d215cb52a5ae6047d155cf38bc9b65e,0,0,0,2012-12-01 12:13:06,4496,74,5.6616,4570,85,36,1,3067,4,3002.0052,2843,1095.1151,76
2661,b475602be82230ad3d20da8d0b56b99f47b9d192,0,0,0,2012-12-01 19:38:59,4496,368,3.5333,4864,12,3,13,3067,18,36791.8753,2747,1030.127,63673
2660,85d9ce1ba079f12c1a42a9d402ea3e8f038e262e,0,0,0,2012-12-01 19:38:59,4496,442,3.5436,4938,18,1,1,172,16,35836.196,2751,1139.8254,63673
2657,91f36f6dcadcc7260265028e912aeaa6e6129a8e,0,0,0,2012-12-03 21:40:26,12,54,5.6616,66,85,36,1,17,10,2250.0416,624,194.3296,46
2668,2e271233ffeaef9881fdc38704051d4879879021,0,0,0,2012-12-04 20:37:23,4496,9293,5.6616,13789,85,36,1,57,11,61273.2998,2853,1082.94,46467
2673,0d699016734014761a214261a7fdebb600a499ea,0,0,0,2012-12-04 20:49:02,4496,9293,0.0067,13789,85,1,13,53,11,505.7166,2858,1084.4185,46355
2679,21581315760d8d6764da120dd07dd9d4cf53093e,0,0,0,2012-12-05 05:13:50,4496,56,1.0445,4552,2,2,2,1276,83,27327.5273,2844,1078.8446,50206
2685,ba8dfe300c6e52766ad7f98afdd6e2ff8e67b79b,0,1,1,2012-12-05 08:01:32,56,11,0.6368,67,4,3,2,1174,83,44345.7825,749,301.0133,2807
2667,5a90123eb5b275e35eb0e5777bae383c41d03b24,0,0,0,2012-12-05 19:16:34,10,37,0.0165,47,85,1,1,1,9,28040.8206,55,9.0813,254
2680,54ab2d2cf5022d23a1682e82b71480e61eb89e83,0,0,0,2012-12-05 19:16:34,20,23,0.0176,43,1,36,1,17,9,28688.3192,33,10.5096,261
2675,d6d4151ee24791aa35a983de1c39cc4f895d6a55,0,1,0,2012-12-05 19:18:00,350,168,0.7258,518,9,9,13,626,36,44927.5885,572,219.1877,669
2664,c533b888510c1e6f78b9f3100e259a7b784bddbb,0,0,0,2012-12-05 19:29:04,4496,9293,0.0448,13789,3,2,2,241,28,69557.4922,1,1102.9653,47590
2686,6e61c4cddd51e1a1bae33239e50dc603f3b12010,0,0,0,2012-12-05 19:29:04,55,9293,0.0596,9348,1,2,2,248,28,69511.5547,2840,1074.3125,48653
2672,7ec4f5a6e5256b135c8fbf7df2eb110a133c159a,0,0,0,2012-12-05 20:26:13,4496,9293,0.9787,13789,1,2,13,46,10,27964.332,645,185.4572,2345
2682,2f3b5bfb2da968b408062d56b9d41ab420b95ba2,0,1,0,2012-12-05 20:26:13,4496,9293,3.0501,13789,12,8,13,768,37,10683.8135,665,224.9228,3886
2683,a41b7806a627e5253cead31ae30300f862a331da,0,0,0,2012-12-05 20:49:15,4496,9293,0.0239,13789,1,1,1,111,18,1748.6883,622,193.068,1951
2688,94e37b4e411f043f9950fe3d7e4f6bffe3bf7e85,0,0,0,2012-12-06 00:45:29,26,55,5.6616,81,1,36,13,3067,10,51281.8624,640,204.7116,609
2689,989dd44c078bcfd4a1fbe825b104e3b9bce1435c,0,0,0,2012-12-06 03:26:15,31,269,5.6616,300,3,2,2,308,39,27372.9557,592,191.5469,2282
2681,7322f8238bb53efbac2a078585c4582cb1fc5e4a,0,1,1,2012-12-06 14:24:30,85,9293,0.7904,9378,4,3,13,651,42,63464.6541,588,209.8087,2573
2698,8d55474febf31980f2eb158ae0ff9717b0761f1e,0,1,1,2012-12-06 22:12:31,10,9293,0.1923,9303,1,2,2,1197,85,15072.8757,1,1080.0735,49609
2691,1ac90589ead4b95a922d783ead75412dd46c0f28,0,0,0,2012-12-07 17:23:44,4496,51,5.6616,4547,1,36,1,197,15,6512.8704,164,35.8111,948
2674,248d6266e67bae97a0a6f27776645768704df201,0,0,0,2012-12-07 17:50:49,28,49,5.6616,77,85,36,1,33,9,59307.5119,56,1267.3333,298
2684,b49ca58b2a7fb272e21dd2acd00996483a36ddcc,0,0,0,2012-12-07 17:50:49,33,9293,0.0266,9326,85,1,13,28,9,59147.1163,24,1267.3333,530
2700,f91001a085886a75f62c7eef019fd32bdc4c9fe1,0,1,1,2012-12-07 19:47:52,4496,140,0.9757,4636,5,4,3,1138,83,32896.9797,4,1267.3333,964
2692,c9ce1f0111202044d686f335fc2ebf0fe771ed79,0,0,0,2012-12-07 21:31:25,67,66,0.5792,133,1,36,1,452,36,55142.6568,638,191.3051,1202
2665,442a7b3a60c5cc765221cc6f07add3546a8e9c3d,0,0,0,2012-12-07 21:31:25,84,70,0.5619,154,3,1,1,452,38,54187.2892,639,190.6848,2281
2695,5e4629793b41674bc4056e87e00eaa6bf30133fa,0,0,0,2012-12-07 23:23:40,35,9293,0.4092,9328,1,1,13,449,36,7300.6626,636,206.1493,1163
2696,ec7a5f1040545905016feb18ee5e31224eae624c,0,0,0,2012-12-07 23:23:40,31,57,0.3927,88,1,36,1,493,36,6301.4212,588,188.3528,2161
2690,36389f7d8d59881cad309b078fc89df5864fd6d1,0,0,0,2012-12-07 23:23:40,4496,9293,0.6054,13789,3,1,13,488,36,7326.595,633,205.389,1427
2701,5b511b62136d3bcb230a282fa433a122d061ee22,0,0,0,2012-12-08 15:18:10,43,41,1.0113,84,3,3,2,1197,84,68464.086,1,1089.8872,49654
2693,62b9037d1a2baa859b8bef27a4329f60a3bf356b,0,0,0,2012-12-08 16:39:35,74,123,1.6467,197,4,3,13,3067,18,6062.1678,215,20.7453,2186
2702,6b8a0d9f15fa4147100f9218056fda8ba7ffabe9,0,0,0,2012-12-10 14:59:43,4496,55,0.0317,4551,1,36,13,103,21,67294.6874,2849,1079.5889,45919
2694,dd5a4bf0e9d8a511d8c2e2c16913abf8f2b1990d,0,0,0,2012-12-10 19:36:20,64,9293,0.1532,9357,2,2,2,1150,85,63797.411,2851,1079.0349,49700
2707,9b61606a5d450df15261cc2f04c006323ae2881e,0,0,0,2012-12-10 19:36:20,71,9293,0.1442,9364,2,2,2,1192,83,62895.4006,2844,1082.567,49589
2703,b241bcd08da55d03d54095acdc3246a59884f7fc,0,0,0,2012-12-10 19:48:26,25,9293,0.0278,9318,85,1,1,35,9,263.236,599,202.2604,2026
2705,dfe3ef9a3b7a9c81585e1a6c22f74d4026155b28,0,0,0,2012-12-11 17:21:59,4496,9293,0.0093,13789,1,1,1,108,9,10550.8627,2858,1088.4419,46352
2697,1bb78b0c45f410588189932ae968791f659deb59,0,0,0,2012-12-13 01:32:41,59,87,0.0437,146,2,1,13,220,27,36133.2289,282,1267.3333,569
2709,158376963b10f2cba75d76f9d0f4f330dfeb53e7,0,1,1,2012-12-13 16:19:12,200,137,2.1612,337,9,5,3,1335,86,54203.1013,1,1106.0633,58896
2669,3e27a320b41179e9b14c006271827fb79ca5c229,0,0,1,2012-12-13 16:52:01,53,9293,0.3338,9346,1,2,2,1205,85,25616.399,1,1096.3598,49614
2710,4885bfccf1841def0c86b46302133cf2924d7acd,0,0,1,2012-12-14 15:52:29,4496,27,0.7458,4523,2,2,2,1172,84,17734.7487,747,302.1305,3241
2712,9b217e4676187cd6b4f05b6724c199dd15e03f73,0,1,1,2012-12-17 10:29:15,58,55,0.9764,113,7,4,2,1904,88,31324.0543,716,318.6728,3563
2708,3e70d3ac41af9167a7e883c3989a1e69703437eb,0,0,0,2012-12-17 16:30:23,4496,9293,0.6776,13789,2,2,2,1505,86,55441.0028,2847,1077.7526,49605
2721,d67816bee5271a4f65116561950bbd2b6fcf51a4,0,1,1,2012-12-18 20:32:07,4496,58,0.4639,4554,3,2,2,1456,88,10179.8892,1,1076.446,50512
2715,82db56699c63ed95a5c07fda59409aabcb82addf,0,0,0,2012-12-18 21:08:33,4496,9293,0.0521,13789,85,36,1,28,3,86246.1184,2839,1080.3147,45550
2678,e792187bce376756284f784ef6c66e8d4331cef1,0,0,0,2012-12-19 02:47:36,32,9293,0.0242,9325,1,1,1,3,6,23346.2211,2847,1093.5274,45899
2711,de2495c2c9bf8d8387d241df2962ae52f092b145,0,1,1,2012-12-19 20:55:53,102,31,0.1189,133,3,3,2,1374,85,21934.8027,2847,1080.0528,50257
2713,45310c068fcc8868e3d4bdb877b2b62ec1bfdb98,0,0,0,2012-12-19 21:06:11,4496,83,5.6616,4579,85,1,13,30,3,65006.7238,161,49.8671,388
2722,986893e424677964e7e44baeffdb3ae0f2a914da,0,0,1,2012-12-20 15:11:03,47,59,0.5001,106,2,2,2,1173,84,31903.8859,751,301.9858,2776
2706,6018709abf41c112b7d28d17fcc46672e787b23f,0,0,0,2012-12-24 02:16:17,73,9293,0.841,9366,1,2,13,154,21,21290.3396,1,1074.3137,46777
2719,38757c4b2782bbfc837faee00199d373b645cb76,0,0,0,2012-12-26 03:23:38,80,136,1.1958,216,4,2,2,1182,83,4199.5009,170,113.9773,1332
2724,e19cdaa1f1c7eee106417ea8fa80058157db8720,0,0,0,2012-12-27 14:32:38,22,26,0.3943,48,2,2,2,1156,84,61894.6899,1,1083.8895,49749
2714,26a9ab1f07a4ed20fb9e02fcb757793754a3d150,0,1,0,2012-12-27 15:42:53,4496,9293,0.3262,13789,2,2,1,75,19,38115.2688,2841,1096.2133,46762
2717,8a3b29174b7b6ed921b93fe604fac95afd1d8924,0,1,1,2012-12-27 20:41:16,3,9293,0.0124,9296,1,1,1,76,9,19694.7259,2855,1090.2357,46388
2718,ac9f4786e4d7b3b1a414838eec465f8553bf43b2,0,1,0,2012-12-28 02:45:21,4496,9293,3.7436,13789,18,7,2,880,43,38534.631,2862,5.7537,63673
2736,1772b1c2ecea1f2a167aef2c572d5543cd3ea4a0,0,1,1,2012-12-28 15:29:19,32,117,0.7743,149,2,2,2,1136,83,35510.4704,230,18.2556,1791
2716,1d96e32b871efaa484246f2a4b6b195648302688,0,0,0,2012-12-28 17:02:10,13,23,5.6616,36,85,36,1,29,13,4828.5761,2859,1085.4699,46302
2726,119c726f490bcc94b4dcbcbe9d8f8f9cc1464edc,0,1,0,2013-01-02 13:06:49,232,124,1.9185,356,6,3,2,1203,85,47052.2866,710,347.0629,2087
2730,f6a8cc53fdad0e5ff620c1f97848a07bcce97880,0,0,0,2013-01-03 04:42:35,42,9293,0.048,9335,85,36,1,477,29,17076.5991,415,186.0022,2336
2720,a56906ada6e4f075a83776df40a03620efbcba53,0,0,0,2013-01-03 04:47:28,37,59,0.0378,96,2,1,1,46,6,30743.1488,422,155.634,2370
2725,c2812f38a4eea8124786e3753c4e45a7e07a9fd1,0,0,0,2013-01-03 04:52:38,4496,9293,5.6616,13789,85,1,13,167,12,24355.5428,362,183.9388,1215
2740,2575275a04938e361a874ba685e50ac0e88df246,0,1,0,2013-01-04 12:21:11,412,509,1.4665,921,7,6,3,1499,87,53203.003,794,354.9157,4213
2728,49cb6901b269ff3ea2b5e388aec2c8fcb9879194,0,0,0,2013-01-04 12:39:28,49,71,5.6616,120,85,36,1,96,23,49735.5573,589,217.3622,1084
2739,3034eeecbfd2680556378fec64b73d190908c01b,0,1,0,2013-01-04 16:38:45,4496,23,0.4629,4519,2,2,2,1186,84,60206.3506,603,232.027,1681
2732,3d787b78c155773edcf29af8290ef1bea62a4206,0,1,1,2013-01-07 10:11:45,4496,9293,2.9345,13789,9,6,4,1554,84,49447.0529,675,367.2164,4478
2743,0d6131c400cc296796f132f802f4156408e84ace,0,1,1,2013-01-07 16:22:49,40,9293,0.4268,9333,1,2,2,1204,84,40606.0423,716,332.9862,3428
2738,55f936f1da13dc732da52735f1d1becc18546b0b,0,1,1,2013-01-07 22:46:06,42,9293,0.2032,9335,2,2,2,1189,84,42243.6266,1,1045.9314,50371
2749,0906b7cc5173770e04932432d40503f7c39eb61f,0,1,0,2013-01-08 17:20:25,143,102,1.7862,245,5,3,2,1627,89,40987.6783,173,72.505,104
2742,dc94f3730f50005524edf946772e00bdb7c80327,0,1,0,2013-01-09 10:17:37,69,80,1.9371,149,7,3,2,1342,85,74344.3009,759,347.3181,2397
2746,0d2410e78ae9ca03b102c562a8412507cdd35408,0,0,0,2013-01-09 22:41:31,7,9293,0.0052,9300,85,1,13,75,9,3529.7522,2859,1054.1641,46276
2734,ccdb632d4005165efdc65dfa3aa0a1799ae0a87b,0,1,1,2013-01-10 18:50:32,10,9293,0.012,9303,85,36,1,82,9,72794.3801,1,1050.2495,46376
2745,4c25eef0d7aca92144c8570f3d2e8cee5ebf9ddf,0,1,1,2013-01-10 23:53:00,4496,72,0.4126,4568,1,2,2,1248,85,57237.0191,278,131.1752,568
2755,3cc8656f8fbb67c7e665fe27642076ae0109c2b5,0,1,1,2013-01-11 18:32:59,79,9293,1.1683,9372,2,3,2,1561,86,26953.8462,173,44.3784,63673
2723,5262098a0b7770e5b105d03b539a8c65a03c9fbf,0,0,0,2013-01-11 23:44:03,25,37,5.6616,62,2,1,1,3067,4,15212.632,1,1061.6422,45838
2741,374524b5b3932e73cd78054d9c57ad9f6828ffe3,0,0,0,2013-01-11 23:45:01,54,9293,0.9766,9347,3,36,1,90,23,44726.6015,1,1048.3388,45753
2764,713bba5af085273650b8202b4a7c225b5a094b5f,0,1,0,2013-01-14 12:26:22,305,205,0.8406,510,4,3,3,1529,88,41368.1725,652,238.6519,2843
2729,7de6f9666b0b6dd18f8496f549a61279d7ba58ec,0,0,0,2013-01-14 13:39:33,51,39,0.0255,90,1,36,13,25,6,74877.3111,601,222.2437,63673
2744,4ff5b0ff22e5b00039691fe3a5348cf3a2168870,0,0,0,2013-01-14 14:16:55,36,36,5.6616,72,1,1,13,38,9,2605.0509,603,222.0774,628
2756,fc0f2472d874db1cdbf8f49da61fa70b08da17f8,0,0,0,2013-01-14 22:29:09,80,9293,0.1869,9373,85,1,1,604,30,14925.2596,1,1063.4371,46824
2750,e90dcd51d010fbe4fa2e2de6b91a7b93cb3ac9ec,0,1,0,2013-01-15 04:57:25,144,128,1.5719,272,6,3,3,63,7,74824.6288,46,41.2012,1497
2761,ec35427fdfbc46a8adeafc042651f552b9bcc1a0,0,1,1,2013-01-15 15:24:54,37,46,1.4626,83,3,3,2,1568,90,23596.784,759,329.4433,3523
2751,dcddfaf5e16479b735235bb4a29ce8742cea56ba,0,0,0,2013-01-15 15:48:53,4496,9293,0.046,13789,85,1,1,24,3,78730.509,713,327.3927,744
2757,bc575ae28f26ac7be239839ffbb191045cce8b8c,0,1,0,2013-01-15 17:09:29,24,31,5.6616,55,85,36,1,441,38,16688.9822,622,221.4597,1927
2748,233ea266c841f100345c30666c32bd2be29cd43b,0,0,0,2013-01-15 17:20:48,11,56,5.6616,67,1,1,1,200,29,252.51,603,233.7192,220
2752,993945833ce3d7edf2fdc694d3907cace8f5f149,0,1,0,2013-01-15 18:15:27,42,9293,1.6238,9335,6,3,3,55,4,48731.6995,51,64.8285,63673
2762,83c014777a8d4597ca9b6cfc0f3dd9c77bd39d50,0,0,0,2013-01-15 19:05:19,4496,9293,5.6616,13789,85,2,13,177,28,7557.5695,2805,1083.5064,335
2747,1108ede0ff459d62add74487aa949139ed11d3ab,0,1,0,2013-01-16 00:41:54,4496,9293,1.203,13789,4,3,2,1273,85,16577.8188,637,236.9698,2595
2759,994d2625b1eb40ded5da310f3080ce1a2d5d2ba3,0,0,0,2013-01-16 04:43:35,45,85,5.6616,130,1,1,1,300,30,33109.9777,2846,1061.8748,46527
2777,526711288c30a6824a8e29805af7a2b1d72b9129,0,1,0,2013-01-16 17:43:20,626,678,3.5881,1304,32,6,3,2065,93,30246.6161,832,303.7155,5638
2758,2354d62e3709ac4d73eb7bcf11504f9d93f9ff0d,0,1,1,2013-01-16 18:28:15,4496,14,0.0037,4510,85,1,13,3,5,64100.0387,616,228.309,1770
2768,2dc444851afe8e76d648f6d54031fa80bdb03437,0,0,0,2013-01-16 18:46:53,29,9293,5.6616,9322,3,1,1,126,12,49407.7847,1,1059.39,45982
2769,1cc0f1f30d7404f13aa02c2715f028e6e1c47c61,0,0,0,2013-01-16 18:46:53,28,9293,5.6616,9321,1,1,1,131,13,48633.6976,1,1046.4452,46603
2753,551da4cfa5448d076edc529596c73f9180a60c6d,0,1,1,2013-01-16 20:44:38,4496,60,0.9054,4556,2,36,1,40,7,38607.1239,637,222.645,1409
2763,afed8ccddf2f5f32eebfa04a697da15fd3e07d2d,0,0,0,2013-01-17 11:12:19,9,16,0.0089,25,85,36,1,203,22,63055.1872,727,335.4659,2445
2779,8be7e5c0eb6b0df2e28c5a1038ef0da0f7e0902e,0,1,1,2013-01-18 12:56:32,438,9293,2.6507,9731,11,7,5,1237,86,57483.4152,622,382.3489,1042
2770,19972bdd91d6f8117eb8baa957b547000e995de3,0,0,0,2013-01-18 14:19:04,4496,9293,5.6616,13789,85,36,1,226,23,10718.8473,746,331.8429,2882
2781,056f38cc185702c865eb1d4a2f1ed1599300e1d3,0,0,0,2013-01-18 16:03:23,63,9293,1.2793,9356,4,2,3,1324,83,24022.6164,749,332.2659,3387
2760,e6b6eaa583e8fc15f03c3e27664bf7fc06b3af0a,0,1,1,2013-01-18 16:19:00,4496,9293,1.0404,13789,2,3,2,574,36,59592.0346,591,219.6129,1663
2772,43c9e8156a5b9ae3fd5fce07f885365538d6ca50,0,1,1,2013-01-18 17:49:47,54,88,0.971,142,2,2,1,504,38,5173.9729,630,217.9761,1354
2774,9dcec00dbbe19b4f8090eb023bb754021d228a19,0,0,0,2013-01-18 18:29:57,4496,78,0.0276,4574,85,1,13,34,5,13393.8588,718,332.5667,627
2776,a7da0295d575124032c2f2a0a96ce45ebe2d5df6,0,0,0,2013-01-18 20:56:24,30,9293,0.9489,9323,1,2,2,1197,84,53349.0359,1,1045.7338,50296
2773,85443ec5c160e1778cc49edb791f48ad3fa5b535,0,0,0,2013-01-21 16:04:39,4496,127,0.5619,4623,4,4,2,218,32,26437.2459,682,355.2584,3735
2737,59e3f3b9e4acb3f9f82f021ac7568b9db5654802,0,0,0,2013-01-22 22:31:55,4496,57,0.0491,4553,2,1,1,50,9,16406.1754,414,159.5816,1244
2766,fc1daa3a7fb7328c70b3f07e3234f129ddfa56af,0,0,0,2013-01-23 06:41:00,4496,9293,5.6616,13789,85,1,13,33,13,47901.0718,73,59.4801,148
2775,09634692718a92fbc435c30012c22a709667c343,0,0,0,2013-01-23 06:44:35,9,18,0.012,27,1,1,1,46,13,477.473,74,53.0644,248
2778,11d1414628c18d07f7449af0aa9374406077b9a8,0,0,0,2013-01-23 07:38:14,57,9293,1.3426,9350,4,1,13,212,21,19338.1038,62,44.122,63673
2782,360d1a2224c8e3614cd665393e0241dc0ba06a58,0,1,1,2013-01-24 16:53:09,277,9293,2.4458,9570,12,7,3,1375,85,37566.297,772,358.7914,2323
2767,d49bae6c9bb108a9350866a3759f92807c88e43a,0,1,0,2013-01-24 17:39:49,29,9293,0.958,9322,1,2,2,3067,5,68266.1265,718,331.3233,2402
2786,cc66c73ba60ec3f062e3fd699b76e352f8b10f6d,0,1,0,2013-01-24 19:42:37,117,9293,1.138,9410,3,4,2,1508,89,31491.5074,2842,1046.8094,50492
2784,cc8d1602329c1ea1e63d57d58a1aca890f15454b,0,0,0,2013-01-24 23:45:52,4496,9293,0.021,13789,85,1,13,32,13,2672.785,412,179.6711,1517
2771,7752f018b1cf4bbc03db77e251cd6272356087a9,0,1,0,2013-01-25 16:36:58,33,9293,0.8373,9326,3,2,2,1171,84,31182.3888,127,61.1432,186
2785,73d828e4e8023b9f7ca8fafd12becec34eb59211,0,1,1,2013-01-26 05:49:25,4496,9293,1.9167,13789,8,4,2,1210,85,31886.3762,176,41.6769,1447
2780,a67f77922a5aba36540abd4526adf4ded1d6e8c7,0,1,1,2013-01-31 10:40:28,800,670,5.3812,1470,48,10,4,609,42,51510.0391,613,394.8275,6911
2787,d4ce7bee1c773378518634527283318c5181e8dc,0,0,0,2013-01-31 11:40:53,4496,9293,0.022,13789,85,36,13,3067,4,10493.3388,741,336.3678,34
2802,22f515b3760279046f051c083c8c2fe66bb80d56,0,1,0,2013-01-31 21:08:41,430,564,2.4616,994,51,10,4,1853,91,51795.644,468,272.7141,4214
2795,639b314d2ef2d95cfef2ffd4bc597540fa83f3cf,0,1,0,2013-01-31 21:49:19,230,9293,1.5693,9523,6,4,2,166,24,67749.3509,109,43.1948,1049
2788,aa90c88be14b337714739cd857c12cad2a9fedeb,0,1,0,2013-01-31 22:01:32,390,234,2.3525,624,14,9,3,1643,83,28100.8068,2816,1088.3778,59322
2800,0467c19d9df454e40710cf8fa0ac9703360b4528,0,0,0,2013-01-31 23:41:10,33,43,0.0479,76,2,2,1,430,28,7941.517,599,238.3059,2074
2798,ddab67d37bb9ebd8ca3a14180cea78e8a45c381a,0,0,0,2013-02-01 20:25:58,4496,9293,0.0283,13789,85,1,1,32,3,2663.7649,59,62.2061,63673
2792,6bddbb2dd242cacd50cf1b98643385c7b22c1939,0,1,1,2013-02-01 20:30:58,41,9293,1.2271,9334,4,3,2,1381,89,15718.9865,123,42.3897,63673
2803,29915e845b96c7c10bfd861ea62fd457b97aceb1,0,1,1,2013-02-03 14:15:25,4496,184,2.1011,4680,9,4,2,1265,83,27930.227,278,99.1858,2459
2789,60acf0d792cb761da06bf1fc91d9f2b57fcc065c,0,1,0,2013-02-03 22:49:20,62,9293,1.6,9355,5,4,2,540,32,62064.2107,138,79.1424,63673
2799,b251e7aec03273ac14eeae79bee13422068d508b,0,0,0,2013-02-04 09:44:30,83,151,0.8152,234,1,4,3,56,22,84102.9322,679,323.3396,1165
2783,2dd226875282ada1e99e3e0d0bb384da26488185,0,0,0,2013-02-04 09:49:26,7,29,5.6616,36,1,36,13,10,4,203.8414,731,340.1437,2496
2801,1c79426ab86a1d26e7214d8d86b8eb24d67c0ab0,0,1,0,2013-02-05 14:40:45,4496,80,1.479,4576,3,3,2,1249,84,54419.2107,2856,1055.2856,50189
2806,baca0bc7fe4b13bf8970f974c15d83701e02c048,0,1,1,2013-02-05 14:44:32,43,9293,2.0778,9336,5,5,2,1269,86,34883.8901,1,1033.9676,50594
2793,7a90c7466fc3a4c372eb1d864bdb8229fdba6391,0,1,1,2013-02-05 23:39:40,47,9293,0.5619,9340,2,3,2,1193,83,43462.5741,229,112.9751,1875
2809,cef8eb07dfb4b81cd4e985bc86c5506602650c93,0,1,0,2013-02-06 14:33:33,176,110,1.336,286,4,4,2,1583,91,60932.1126,586,216.2492,2437
2807,22d8e8448a5db16a2c550664773780748e801bf7,0,0,0,2013-02-06 22:31:24,4496,44,0.0261,4540,85,1,13,3067,2,1596.7895,2846,1059.1217,678
2804,27ccc433f36f99ce42f3dd2463d2248f398fb19e,0,0,0,2013-02-07 17:40:24,4496,38,0.3249,4534,2,2,2,1189,84,22862.8011,726,334.7802,3233
2813,5632a56c469ca49d43842a399de687e47f9be1db,0,1,1,2013-02-08 17:48:42,4496,88,1.0505,4584,3,2,2,1224,83,37745.2002,710,348.6261,3533
2821,c3f9ee7d918fef6542f82c35c41edf0918f0fc60,0,1,0,2013-02-11 05:58:42,586,293,1.4344,879,10,6,6,1323,84,54616.0451,1,1081.5876,60000
2815,440987ed5dbdc5511f470a542a6fcad0a734ce94,0,0,0,2013-02-11 06:00:26,4496,9293,5.6616,13789,1,1,1,218,26,33284.9889,2852,1047.9907,45979
2805,ce8b379c2ad1c7cb1b8c67620b9ead1a17d28adc,0,1,0,2013-02-11 23:41:48,51,9293,2.0243,9344,4,3,1,77,20,27335.4588,270,132.0447,1551
2812,4b1fca7dcbc91c7429b5502614ef0b66c32a2116,0,0,0,2013-02-12 12:59:41,67,9293,0.0745,9360,2,1,1,3067,1,49860.477,760,354.7894,2199
2818,d0f7e9e14a80ce29510672dd21cd04156b073514,0,1,0,2013-02-12 18:14:43,123,9293,1.8917,9416,9,8,3,1471,83,36715.2143,295,133.4609,281
2811,c1e5b0ffafd28411ef2c36ace94bf011c0484b3f,0,0,0,2013-02-12 21:12:59,120,105,0.9128,225,3,1,13,3067,13,56260.5279,590,243.6782,745
2814,e531be77a417e45d5a4f8fe7149b489d4e6cf3b1,0,0,0,2013-02-13 10:54:59,29,9293,0.0347,9322,85,36,1,43,12,72129.3429,744,332.2571,45
2794,265964064bd5012b871101e884d7e2032a44e32a,0,1,0,2013-02-13 22:19:04,236,214,1.4354,450,16,7,4,1736,87,27587.032,170,90.0337,63673
2827,3925f56061307971008fdd0db48c4e29e0700443,0,1,1,2013-02-14 04:55:52,4496,115,0.7037,4611,3,2,2,1565,88,29690.4946,586,218.5275,1325
2820,ee0be0624b0ee1b2151b9be92a5d4e6334801cde,0,1,1,2013-02-14 19:43:01,35,72,0.0877,107,4,3,3,1243,83,50988.5351,164,44.5445,63673
2810,0d30c8ceaef95e05979a0271b8b11baac4ee5502,0,0,0,2013-02-15 05:22:54,44,89,0.0268,133,85,1,1,3067,1,2106.1119,414,163.5548,1333
2817,9828c63b49b98ef3530ef03a075208d4e40c906d,0,0,0,2013-02-15 06:25:47,52,86,5.6616,138,85,1,13,59,12,28787.7285,418,161.8632,1329
2825,86063aa2087b5b0bb9eff6458b528f74a39eaf02,0,0,0,2013-02-15 22:06:53,3,9293,0.4275,9296,2,2,2,1553,85,51587.6166,725,342.2747,2843
2822,068b53dd5de928fd80815b54963af796f51f1c38,0,0,0,2013-02-15 23:21:35,4496,9293,5.6616,13789,85,36,13,3067,8,20974.9909,715,347.5806,940
2816,aef01d1627a4ed303da76f751c7c8c98418e6d45,0,0,0,2013-02-16 04:35:30,32,9293,5.6616,9325,85,36,13,142,27,53307.7408,413,182.6818,2308
2836,278a5e86001b1fd094da2e0d05ea48e8f7eb9e1f,0,1,0,2013-02-18 15:24:23,835,765,3.6622,1600,33,11,4,1567,92,19150.0504,1,1118.9668,61922
2840,686f516ccb887fe977238b53b9be307b56432b8c,0,1,1,2013-02-18 21:31:49,268,9293,2.8076,9561,13,5,3,1666,87,38057.4605,2804,1090.0201,59515
2844,d72e9381fa8f992e182b415d6060128b567808be,0,1,0,2013-02-18 21:43:00,540,140,2.8924,680,20,6,4,2158,86,27687.3318,2749,1012.6963,60563
2819,4cd813632d7e03adae1f8b519be65e0d65b7eaad,0,0,0,2013-02-18 23:01:41,4496,100,2.4664,4596,8,2,13,52,9,60322.0451,769,326.701,63673
2832,89e250b8b347876a5c9f74e738e182b66495d61b,0,0,0,2013-02-20 03:44:04,26,74,5.6616,100,85,36,1,245,15,18698.9975,374,178.7806,2283
2843,03b4c2794c4c0f5e11ec9a24b52b523d8746fbb5,0,1,1,2013-02-20 16:49:41,4496,9293,0.5764,13789,3,2,2,1242,84,14525.6415,747,333.8148,3202
2834,89ab670eb54fe267afa83a56f9d90bb4cd10b9e5,0,1,1,2013-02-20 16:51:20,4496,9293,0.2809,13789,3,2,2,1246,85,897.1648,764,327.2322,3714
2831,1954345297dddd4fde9da5c5850f7fa81f32c481,0,0,0,2013-02-22 01:03:32,4496,34,0.0261,4530,85,1,1,23,11,9851.245,2846,1060.0356,8399
2849,00748405bc374ee8f5ade4891a6a1445df072344,0,1,0,2013-02-22 21:43:42,143,9293,1.8345,9436,7,3,2,1617,91,29519.4533,638,240.2276,2503
2828,3b98e63ddb551fd4f8dfb1025fc3cb0400ed0a2b,0,0,0,2013-02-23 16:24:19,42,9293,5.6616,9335,85,1,1,102,23,67831.3123,629,222.4661,2170
2837,6d3002fecb5c84a99b1110d49257021491e10e67,0,0,0,2013-02-27 18:33:16,24,46,5.6616,70,85,36,1,448,36,75663.6223,1,1040.8044,45865
2839,ab23afa521327ce5bf46a078e6bbd0591e00e778,0,0,0,2013-02-27 21:53:22,70,94,1.435,164,2,3,2,157,29,48819.9468,277,135.3883,1710
2846,4b2a9c1b07871eb259ed1f0bd6c54c297a384673,0,0,0,2013-02-28 15:33:07,4496,9293,0.0171,13789,1,1,13,83,12,64798.6199,2848,1056.1339,45954
2830,273309babc66f563d01965d7f9185fd94873713b,0,0,0,2013-02-28 15:37:49,40,9293,5.6616,9333,85,36,13,107,12,513.1524,2855,1049.3289,46087
2855,7c920b0bb88dffca61602c849df777725cc3153c,0,0,1,2013-03-01 13:25:44,4496,31,0.9516,4527,2,2,2,1208,84,65938.2176,740,333.8835,2878
2829,8261aa0837646c1d50bcb0fcd0809cde84fe63c5,0,0,0,2013-03-02 05:00:58,4496,111,0.0533,4607,2,2,13,3067,5,43086.0577,430,187.2833,1277
2841,1a473094c170e24a8c763fb811e5e8c2bc8ed268,0,0,0,2013-03-02 19:31:21,4496,46,0.636,4542,2,36,1,88,10,74678.5176,2853,1056.3142,46470
2861,1936648a1188b8948048610eb2ccea316a39c647,0,1,0,2013-03-04 10:37:38,300,9293,4.6798,9593,37,9,2,1419,81,46720.8644,1,982.064,62589
2859,3a3f1d947462c7c5bdefd661f9e5c9738eab5c31,0,1,1,2013-03-04 10:45:16,12,20,0.8031,32,2,2,2,1209,84,21503.5391,2857,1055.6215,50067
2850,ef574569a23d33e18c3d9893a323a891a96215db,0,1,0,2013-03-04 16:58:16,179,192,2.734,371,7,3,2,1291,85,48087.4921,690,318.6704,4029
2857,6d5e0831a42541a3ce4b1bac32d1285fb1004241,0,1,0,2013-03-04 17:46:51,208,9293,1.0126,9501,2,5,4,1260,85,38465.0369,135,7.5061,63673
2854,0ce9220a5d638bda3ccd37a81e270ae054a41ff9,0,0,0,2013-03-05 03:16:40,16,9293,0.0236,9309,85,1,1,124,9,26998.9642,1,1047.0884,46445
2868,ccc5971e03ffc72766d7f8c02bfef8c5c08a2e32,0,0,1,2013-03-05 03:20:54,4496,9293,0.408,13789,3,2,2,1329,83,35502.4012,235,115.8874,1811
2863,934339acd660bd986224036104ab9ec5db46f756,0,0,0,2013-03-05 03:53:06,93,9293,2.0185,9386,5,1,13,52,16,29542.1008,2846,1063.1833,46678
2853,b1abbf2d05d8cdf46c08a7a6e5289c9ade98dd3b,0,0,0,2013-03-05 03:59:01,28,9293,5.6616,9321,2,1,1,248,17,1442.7309,274,113.6973,1775
2881,c315745c92dcee3954dad830bf8756307e3c6bf5,0,1,0,2013-03-05 10:41:07,232,9293,2.5015,9525,13,8,3,1728,87,51546.3648,813,317.698,1471
2865,86e2cc579d4627f45334e401e3dda65f9cf3dbb5,0,0,0,2013-03-06 08:20:26,20,9293,0.029,9313,85,1,13,39,10,16369.8441,753,347.7931,2343
2826,2b87bfe55293ce1f2541a1ea17be67828a13ccdf,0,0,0,2013-03-06 21:52:30,37,90,0.6389,127,2,1,13,127,14,18170.3504,596,238.944,2221
2870,814c05e14b90bd420e916f5c6a16883b73b51edd,0,0,0,2013-03-06 22:22:20,143,9293,0.6393,9436,2,1,13,3067,1,57887.2925,630,235.1685,1053
2845,54601f1927a70ef11bf5707b65cf08f81f070873,0,0,0,2013-03-06 22:23:35,201,58,0.6794,259,2,1,1,12,2,391.1477,595,218.5315,74
2848,4cd67af552bace64096dbc53d2b3d153a360e583,0,0,0,2013-03-07 00:02:47,4496,39,5.6616,4535,1,1,1,3067,3,6045.9208,627,221.4556,605
2867,593807007415b28ffb128f408c44cac2023930dc,0,0,0,2013-03-07 01:28:28,29,9293,0.0261,9322,1,36,13,18,11,11861.8607,602,232.4285,564
2876,d1e91a771dc30516a0dfb8a6d021869ae135cdac,0,0,0,2013-03-07 17:59:35,55,72,5.6616,127,85,1,1,18,22,30571.9847,1,1058.0811,46536
2874,8daa5d2df72c40e75efeaa32dba83e0cb49a8034,0,0,0,2013-03-07 17:59:35,64,44,5.6616,108,85,1,13,20,21,30286.164,2850,1060.1294,45774
2872,416f80d82eabc2c65ece41a0d781f101625582f2,0,0,0,2013-03-07 18:08:59,4496,69,0.9038,4565,1,2,13,340,32,5835.3813,1,1042.4884,46855
2886,aadc5e500d4b4080e56e706b8df826328fd87088,0,0,0,2013-03-07 18:23:47,32,85,0.836,117,2,2,2,1400,85,17534.8474,1,1060.6383,49468
2866,3a6125db8782f09c291ec3625af65c624e16df3a,0,0,0,2013-03-07 18:23:47,34,9293,0.9605,9327,3,2,2,1403,85,17726.1643,2843,1044.7411,50412
2878,b6ae2e72539f72904f83d5cb7b62e43258d173a7,0,0,0,2013-03-07 21:21:51,30,64,5.6616,94,2,1,1,312,32,49815.6772,2833,1062.5965,45682
2880,712d46868ac7e3d3b9f79df38e15005467a8540c,0,0,0,2013-03-07 21:26:10,69,85,5.6616,154,85,36,1,256,32,86384.0,2843,1034.4662,46969
2884,61465c39a9ce602214975ca9d311f30fb2ce7e3d,0,0,1,2013-03-08 23:36:03,37,40,0.8352,77,2,2,2,1261,85,57064.1391,2852,1056.7582,49506
2869,37ba434efba9e307850711ec71b4ddc7b23d7d7a,0,1,0,2013-03-10 22:35:51,19,25,0.0125,44,1,1,13,38,13,64228.2445,147,55.9,717
2875,a8c104369858dfe7581ff848880d1550b3c51e27,0,0,0,2013-03-11 16:40:23,48,9293,0.0739,9341,85,1,13,265,32,1455.8168,213,108.0755,1841
2882,c65f9e7ed7ecbc2b338ebff1ade45f7730da7b14,0,0,0,2013-03-11 16:50:27,61,141,5.6616,202,4,2,2,412,37,2349.8023,207,139.7197,613
2894,b5f172624af4083b3b7683060a595ca437daf4c7,0,1,1,2013-03-11 21:22:22,4496,29,1.0212,4525,1,2,2,1541,89,47316.8147,121,50.2804,708
2891,ba06e4128b4cc66edb3e8e3ea02ce5cb5eae211c,0,0,0,2013-03-11 23:13:57,4496,34,0.8897,4530,2,2,2,1227,84,45277.9001,2852,1047.3775,49654
2888,3346771a03fa334f2375fc585694bb768bb7b0d8,0,0,0,2013-03-13 22:54:00,4496,66,0.7538,4562,3,2,1,200,18,43577.7781,231,130.5986,761
2871,585619443baae8ec9cfc6051ad37cd086457c0b0,0,0,0,2013-03-14 16:47:59,4496,31,0.0195,4527,85,1,1,21,5,3458.8002,2856,1055.8877,46428
2883,2e63d096c3d80a9c7be7fc76d9949c941b6b1f9e,0,0,0,2013-03-17 14:45:49,4496,41,0.0329,4537,1,36,1,64,9,58573.6489,1,1056.3692,45880
2893,28be383769448520e80fa9df067f09b044f4c819,0,1,1,2013-03-18 08:27:17,4496,9293,0.8575,13789,2,2,2,1222,84,29357.6778,742,344.1341,3257
2899,4d29c709a88b2c6d55011554e79205115277dc65,0,0,0,2013-03-18 13:45:07,43,9293,1.544,9336,4,2,2,1231,84,58425.354,724,344.6032,3250
2887,f8fd169220bdcef90fb97955971ba8cfcdd14281,0,0,0,2013-03-19 12:10:32,31,9293,0.8759,9324,2,36,1,93,21,56072.2634,1,1059.6722,46448
2892,6a7a28852bee26903dbaf1ca02f0b89a5438898c,0,0,0,2013-03-19 12:10:32,24,3,0.822,27,2,1,1,93,22,55887.867,1,1058.2783,46052
2896,1fc218ff78053d49ed4f73b03f915e6702046382,0,0,0,2013-03-19 20:49:29,18,9293,0.0254,9311,2,1,13,49,16,28131.4635,591,222.5508,1253
2879,f3a93f95ba1374986ea6d4ed12a84b888d22aa94,0,0,0,2013-03-20 15:45:09,26,9293,5.6616,9319,85,36,1,124,22,1300.1595,610,229.0399,1607
2889,87d936251df056211673b90d62f37b9fe3440d83,0,1,1,2013-03-20 16:38:45,24,9293,5.6616,9317,1,36,1,182,19,35346.8407,619,222.7837,1445
2909,27ed655fd0552055bd1c26c62c098c16501bc32b,0,1,0,2013-03-20 21:45:13,4496,9293,3.2613,13789,21,14,4,1521,89,50108.6048,2862,95.472,63673
2900,9f268d1687a1c6ccd5138ad1cf88d82d23756984,0,1,1,2013-03-21 12:57:01,0,159,2.3404,159,9,3,2,1290,86,48013.195,686,317.6304,4045
2914,effdb08b341e7c3799a50983c6086d7f4bbaf120,0,1,0,2013-03-21 14:06:41,66,9,0.6248,75,5,3,2,1317,85,64455.6045,2843,1061.0128,50289
2897,4937ac7e5776cf72e4c3b266fbffb29ff97c807a,0,1,0,2013-03-22 09:27:43,315,9293,2.6421,9608,19,10,2,298,36,53846.2748,783,319.2074,1058
2904,01d81d27651c9608fa1344ea1ca769ea8ec4e4d6,0,0,1,2013-03-22 14:22:28,25,35,0.9404,60,2,2,2,1249,84,72035.4211,1,1058.7378,49652
2903,f13f2579e152358ef35082e0de1ea73ca4011c01,0,0,0,2013-03-22 15:32:21,4496,9293,0.0223,13789,85,1,13,3067,1,26485.6917,1,1049.023,45966
2905,b60bc58e6d259a5ec69a354eb7a096525e5a8763,0,0,0,2013-03-22 15:42:10,30,54,0.7514,84,1,1,13,3067,10,65801.1304,2831,1043.5549,46629
2912,3d4c2f9414d58117052b26f2b002bed7546a937a,0,1,0,2013-03-22 15:47:28,4496,228,2.4052,4724,5,4,2,435,32,19432.5007,1,1032.3958,49062
2902,29231238073d15e7ab826a75a7a4ea3faf7960cf,0,1,0,2013-03-22 15:52:30,71,9293,2.8149,9364,6,4,13,652,38,4930.7411,1,1086.1384,47470
2862,aebe612db3abe8a22b27cd4619dece10a536cc96,0,1,0,2013-03-22 16:00:41,1,9,0.0013,10,1,36,13,23,8,471.5845,1,1052.2232,46213
2898,de0707432d92bdcf9b846a1135f64e1777ab56d6,0,0,0,2013-03-22 16:26:49,4496,9293,0.0622,13789,85,1,1,37,10,2993.9603,1,1039.4572,8448
2910,ae80948025ef336117508c731b508506b650c33b,0,1,0,2013-03-23 21:49:56,206,9293,2.4882,9499,6,5,2,835,51,18236.7185,1,1080.4588,52866
2895,8744c04d323bebd5b08c03ae8241e3bf24fc95a6,0,0,0,2013-03-24 05:57:48,4496,40,0.685,4536,2,2,2,1231,83,40494.3795,1,1044.3329,49719
2908,2ab0c720f800292fc705f277b90097f6d0b16f26,0,0,0,2013-03-24 06:39:24,27,58,0.0287,85,3,36,1,295,31,38921.3957,2844,1057.1139,46544
2918,ac965a60eeb931d0d97346157004681d76e2a0d6,0,1,0,2013-03-24 10:20:27,30,9293,1.6444,9323,6,3,3,1400,85,35233.5738,219,108.0566,2099
2906,dda7b2b432c94f4a7040f935a9faf746cd208d5b,0,0,0,2013-03-24 14:48:31,34,9293,0.0289,9327,1,1,13,1,11,61501.4545,1,1048.1647,7892
2913,925023432c7b305e7d0c9802cddf7e3e56027cc2,0,0,0,2013-03-25 12:49:05,27,52,0.0234,79,1,1,13,52,21,48681.9063,1,1056.6574,45950
2915,a2ccd2f706c03f5053e09c2a8bdaa23eb1795121,0,0,0,2013-03-25 12:49:05,34,9293,5.6616,9327,85,36,1,57,21,48899.7797,1,1044.9795,46479
2890,37010e9d75c695d9e538873dadc3984e11eb3b25,0,1,0,2013-03-25 19:07:02,4496,9293,2.6597,13789,10,5,3,1896,88,14155.4478,688,354.6321,4539
2924,e580ef10472a52c1e96c153a8e93c7164812d563,0,0,0,2013-03-25 19:08:46,33,9293,0.0697,9326,2,2,2,1553,84,86384.0,757,325.6394,2633
2922,d394ab14a91300ac017f233db6a40b71ff048214,0,0,0,2013-03-25 20:42:19,4496,9293,4.8986,13789,35,36,2,316,19,6642.2187,1,1134.4332,6634
2921,175b22c153c9a0dee6f1c61df7ad9f93c1fb0128,0,1,0,2013-03-26 20:42:58,4496,33,0.0209,4529,1,1,13,34,13,14385.9615,1,1055.3454,45946
2923,5b157e47695dd5cb656d9354ed8a00033e22e9e8,0,0,0,2013-03-26 21:49:02,4496,9293,0.9666,13789,3,36,1,3067,20,30278.9558,1,1048.0899,45914
2911,b79b236d0009ed9c4037642d9cc3325d5f56c521,0,0,0,2013-03-26 21:49:02,29,41,1.0348,70,2,36,1,26,20,29083.1378,2849,1047.0322,46682
2917,f4b87e69621a90515b2945bdb1fc4a3de33259ae,0,0,0,2013-03-26 23:15:46,31,60,0.0244,91,4,1,1,120,16,53027.1627,2842,1047.8086,45982
2926,17d40b726097a2d9a57ad24ab92a3d8ce1131a6a,0,0,0,2013-03-27 01:53:52,23,9293,5.6616,9316,3,36,1,2,6,20779.5647,2850,1056.8005,45880
2916,c3569d05b8d28d3b3481d2e661320071dc30431c,0,0,0,2013-03-27 04:11:39,4496,65,2.1839,4561,5,2,2,47,11,50717.0063,2836,1045.8227,53917
2930,29564517a3b059cb5242d7337aa18d694bb99dfc,0,0,0,2013-03-27 04:43:42,38,61,5.6616,99,3,2,2,298,32,36020.9621,1,1033.8212,48513
2938,b14fc6d0cda035633590dbe495e9ba08c21d26cc,0,1,1,2013-03-27 09:51:05,73,45,1.1112,118,3,3,2,1240,84,67117.0433,727,335.4949,2743
2927,193e56607bc26d8cbba404fd4197ec279bc073b8,0,1,1,2013-03-27 10:30:33,2,9293,0.2858,9295,2,2,2,1244,84,33259.0613,750,332.5421,2761
2936,61e329f7aea6a502c274277ca448c6207072a376,0,1,0,2013-03-27 10:41:36,4496,44,0.6677,4540,2,2,2,1260,84,21608.4042,719,345.8232,2640
2942,b72af485f625b734cecaa8556578890f346cd274,0,1,1,2013-03-27 15:16:10,4496,9293,1.5178,13789,6,5,2,1300,83,43813.3271,694,328.5529,3605
2925,1d3ad3047ed04b5810f9896acdffcf55f2d9d5e3,0,0,0,2013-03-27 16:58:11,4496,9293,5.6616,13789,1,1,13,3067,10,79011.4223,1,1050.0973,46058
2931,0ab3d60fb78194ab2d7dd04ae590f871a9286c31,0,1,0,2013-03-27 19:33:53,21,26,0.0154,47,1,1,1,33,19,1634.0812,2849,1055.0651,46450
2933,a143966e1cfe3f782f6237d67d216ef8bc2d4713,0,1,0,2013-03-27 21:17:53,87,82,1.3092,169,3,2,2,35,10,43365.4185,2842,1044.9632,54652
2928,be2726b39d54bb0f00d2479070b39b939db4a3cb,0,0,0,2013-03-28 22:48:03,4496,9293,5.6616,13789,1,1,13,3067,11,66617.6932,2850,1056.9066,45965
2935,f70339682524026a3955bf56ac7a0d4f4f1e1114,0,0,0,2013-03-29 04:28:05,5,83,0.0273,88,85,1,1,3067,10,20733.9164,127,60.6814,636
2920,cc6429e2722e764dce8cad77660732146ed596ab,0,0,1,2013-03-29 14:58:07,4496,86,0.6946,4582,3,2,2,1273,85,68542.6847,155,48.3305,126
2934,ed3215d7655a7c4fdb01d7d585377726c351fe4f,0,0,0,2013-03-29 16:48:27,29,9293,0.0334,9322,1,1,1,501,36,9919.0053,602,218.0316,1202
2943,9f8526fefe6def2a10accbe8e9b514884192b6c1,0,0,0,2013-03-30 14:29:22,26,90,5.6616,116,85,1,13,140,21,72652.249,1,1061.1952,45877
2953,65b9093d4905da489e472dfd565417c6865d44c8,0,1,1,2013-04-02 09:38:30,4496,9293,0.4242,13789,2,2,2,1267,84,37262.8312,709,332.5813,3494
2929,0b20e139d64faa3147ba068c367df4bffb278c47,0,0,0,2013-04-02 09:44:39,4496,13,0.0073,4509,85,36,13,3067,6,238.4439,730,339.9033,2536
2947,b82027ccbc315bfd46f760204c71358e5f85b254,0,1,1,2013-04-02 17:22:48,38,89,1.256,127,4,3,2,1268,85,18897.5302,747,346.5652,2703
2950,81cbdc531265a6279c9584719a6d2f807bc9d2c4,0,1,0,2013-04-02 19:55:47,719,170,1.1362,889,6,6,4,1182,83,43515.7307,667,211.186,3439
2951,8b1395a94c07b523ad0eac28a80000df010900b4,0,0,0,2013-04-03 02:24:55,4496,9293,5.6616,13789,2,36,13,105,16,15245.6003,369,160.8787,2405
2940,abbb8601ee75174519b3b33776a37e1db20f3fd4,0,0,0,2013-04-03 02:33:02,54,87,0.0341,141,1,1,13,3067,3,26652.0425,372,180.5783,1586
2946,4271d19a1580b717fa7f548b00b27fef54949898,0,0,0,2013-04-03 20:01:20,50,115,0.9391,165,1,36,1,193,25,30584.0457,224,109.1356,1872
2961,e306a87b7d8e1ef15a5269006d7706a4c97d1798,0,1,1,2013-04-03 20:23:07,143,121,1.3147,264,5,3,3,1298,83,44967.0765,2817,1067.0458,58624
2939,213063399cee1433ed73b563ba38f91e9374aacf,0,0,0,2013-04-03 23:12:54,4496,9293,1.6406,13789,6,2,13,115,14,61649.992,2862,11.0459,693
2949,128177c41248734e76499ef382152fd3c40378bd,0,0,0,2013-04-04 00:30:53,4496,9293,0.0307,13789,2,36,13,3067,5,35118.2993,163,48.2731,744
2966,6a4af0c77ac0aa3600e0a778497e6856d3e356cb,0,1,1,2013-04-04 15:55:17,175,125,1.2162,300,6,5,3,1341,82,51088.6037,2826,1030.9614,58946
2957,cf84ea718f84da3071cce0e66d6a9dc753ea4952,0,1,0,2013-04-04 17:07:32,12,121,2.0084,133,6,2,2,1218,85,19827.4135,767,320.0978,3661
2956,a19a15a2bacd12c758180da0cf51e0af5e0411c1,0,1,0,2013-04-04 17:37:39,25,9293,1.5482,9318,3,36,1,16,7,2119.8828,748,334.3753,2834
2955,8a52dc0727578de0ceb59694b89950df669c1de0,0,0,0,2013-04-04 18:34:31,4496,50,5.6616,4546,1,36,1,18,19,9940.9118,2851,1047.3255,46461
2960,c3ab05f3936b1bedd2e28ebf86790c0eaa45eaba,0,0,0,2013-04-04 18:47:08,4496,9293,0.0251,13789,1,1,1,3067,6,84026.5814,67,59.4077,274
2952,530f5ba1e490457239e76b9472ee7c3bf8fd2138,0,0,0,2013-04-05 17:02:33,69,9293,1.4459,9362,2,2,1,202,31,58099.2321,629,216.8482,1202
2964,26bcbeea1a2a7af74aa830290b03ecdb56ed16f3,0,0,0,2013-04-05 23:43:49,4496,9293,5.6616,13789,85,1,13,3067,3,69793.682,2848,1047.7881,45816
2962,69f05a704aafa90f2151db721312f3c5907abb2f,0,0,0,2013-04-08 09:39:16,10,29,5.6616,39,1,36,13,64,14,63972.1206,729,334.6145,2731
2980,75d5639014a4680f2a734b4ec9b452ed0cfff058,0,1,1,2013-04-08 18:19:40,15,535,3.4456,550,16,6,3,1576,89,59659.7996,1,1017.07,56447
2970,220a828b7045c1e178d23bc6820b15e7725598d1,0,0,0,2013-04-08 18:20:11,4496,8,0.0336,4504,85,1,1,78,24,441.5968,1,1046.9488,46042
2954,4902bdc7b97d8f514724ebf1ccb2598f8e69d64d,0,1,0,2013-04-08 18:36:04,4496,158,2.4664,4654,5,1,13,646,36,11363.358,2804,1028.9499,45122
2967,3e0b21c45aead137250c30bba1224d213debe73b,0,0,0,2013-04-09 05:23:24,29,9293,0.0259,9322,85,1,13,19,7,8090.4021,369,181.5035,2207
2975,efbdee23705fed6be49a2fb20a79f1aaaa8c98ff,0,1,0,2013-04-09 06:08:32,4496,9293,1.8439,13789,9,5,3,1363,84,49572.0481,150,1.5163,1532
2978,ebefb77c6e8a5046a8c1b1bb0edd258aaf0ad8b7,0,1,1,2013-04-09 16:28:11,338,9293,3.8927,9631,25,12,5,2071,94,31721.2486,258,1267.3333,63673
2986,38fdcd1986d5b8f5bfb9a78cd68b837342ec1d32,0,0,1,2013-04-09 19:09:26,15,16,0.8525,31,2,2,2,1283,84,22439.4483,1,1049.9063,50164
2989,87b350ff777983cdd2f4136c5b649c8dfb11b685,0,0,0,2013-04-09 19:09:26,4496,9293,0.9025,13789,2,2,2,1279,84,22470.2004,2853,1055.6878,49821
2965,a5647ad5c70c3b2bf25ca0901e461ee9bdb41299,0,1,0,2013-04-09 20:18:00,168,166,5.6616,334,2,36,13,36,13,69213.8132,1,1059.5843,7851
2971,61bbae106931499ab24ec6d87fe5d4826efe9e21,0,0,0,2013-04-09 20:19:19,55,9293,0.047,9348,2,36,1,3067,11,718.3258,1,1038.4658,8858
2976,2fde93d7e8b9a53eb1f913f669f8e6fe9d653b9a,0,0,0,2013-04-09 20:20:29,4496,9293,5.6616,13789,2,36,13,67,13,1348.9288,2822,1037.3113,8924
2983,162675983c0a41edd29220e6cbc061f04830142b,0,0,0,2013-04-09 22:00:37,47,9293,0.844,9340,3,2,2,3067,21,15950.8382,1,1043.0542,53506
2972,08b2bc5963a8732b5444f42ee421f15df9c838ea,0,0,1,2013-04-09 22:04:57,4496,9293,5.6616,13789,85,36,13,29,14,82650.5893,1,1057.5258,45928
2981,6f8d73711a5d9d64947a1f5d51284bfda3d5d127,0,1,0,2013-04-10 02:10:58,49,83,0.0155,132,85,36,13,29,11,47302.7213,1,1059.2931,7879
2985,b31f48d30e1b667c657bd0d5faf907a171073231,0,1,0,2013-04-10 14:53:22,4496,9293,0.0223,13789,85,36,1,209,8,57735.2383,2852,1058.1952,45891
2982,4ab0dacade95fcca81d032d5b23fb40d45606325,0,0,0,2013-04-10 21:32:05,4496,41,5.6616,4537,2,36,13,14,6,51991.4047,1,1045.7844,45812
2987,f5ec4c7c3620d453db39d44217cfeca4f775b47b,0,0,0,2013-04-11 14:32:41,105,306,0.0849,411,3,2,1,279,31,1668.448,1,1034.4438,515
2963,eba27a641341878c08180c88814e33287ca8b05b,0,0,0,2013-04-11 16:23:08,32,9293,0.0522,9325,3,2,2,20,13,31256.3585,172,65.5946,1282
2988,6b4f2ee591e63b435300cd602aa5a8c66aaabfb5,0,0,0,2013-04-12 03:01:43,4496,9293,5.6616,13789,85,36,13,3067,5,78529.4145,367,182.2007,2416
2992,8d6ed07b5bb97c6b82fd8962061f7c38439fb3aa,0,0,0,2013-04-12 16:36:19,32,9293,0.0273,9325,1,1,13,132,13,83334.7382,31,24.5483,267
2979,ca63545887f283bc6b84b1d103674f4a532c5b5b,0,0,0,2013-04-13 02:53:49,42,9293,5.6616,9335,85,1,1,13,10,16669.716,410,161.275,2348
2991,112014a4c8e2a164299db069a4bf9d1a0cbdcb26,0,0,0,2013-04-13 04:07:22,4496,9293,0.0299,13789,1,36,13,85,10,8802.5307,413,162.2929,2202
2993,260dc757fc9da97cc5005def87bf8eefd2cd92e2,0,0,0,2013-04-13 04:16:22,31,69,5.6616,100,85,1,13,60,11,5531.019,415,180.7302,2201
3005,822bda77aba24fda8b234590bedb292e32443aa5,0,1,1,2013-04-13 05:03:11,4496,9293,0.7883,13789,3,2,2,1281,83,37447.9634,379,163.4673,2174
2984,6db8ac3898f1263dd33f159835999cdfd1f09a07,0,0,0,2013-04-15 23:14:08,25,40,0.0286,65,2,36,1,17,5,26577.6983,409,183.5577,2255
2994,40e7aba6b2f694017df5fbba90fd44caa0d43fc9,0,0,0,2013-04-16 02:37:16,59,200,5.6616,259,3,2,2,370,29,45355.294,429,185.3596,2361
2998,35ef47ec0c73d882e53dfde51bd61f27f76a2b83,0,0,0,2013-04-16 04:06:31,12,9293,5.6616,9305,85,1,1,73,15,2281.5763,1,1055.5538,46101
2974,57e51b4bd99173fde8656b902900c5a251853806,0,1,0,2013-04-16 17:11:40,52,9293,1.8908,9345,5,4,13,207,25,64310.8056,1,1060.899,45696
2997,67f5d6f1c9398cc8b69b244c583ed64b16f19431,0,0,0,2013-04-16 20:30:08,33,9293,0.019,9326,1,1,1,3067,1,13657.3635,2847,1048.9551,46449
2999,da93a1cfe483a1522b2c149d287279a74e43a8a9,0,1,0,2013-04-17 01:24:11,330,199,2.4046,529,14,6,2,173,18,55949.5878,126,35.3229,63673
3006,bf2ee04431fa3f8142ad43cbf514b69741002f7e,0,1,0,2013-04-17 17:10:54,165,9293,3.2847,9458,16,3,2,1180,86,51061.0703,38,3.1304,1595
3002,9fc071a39971d7e2a4b17399b07630f6f2438484,0,0,0,2013-04-18 12:56:18,43,9293,0.838,9336,1,2,2,13,12,58443.1418,11,34.894,63673
3014,455a0fccfb6f2e679c4d69857ccca2899a5a1d33,0,1,1,2013-04-18 16:47:13,58,118,0.9587,176,2,3,3,1226,83,11391.5987,222,133.8615,2370
2990,2762f484c90152eb23c641732ecf6f650e937bfc,0,0,0,2013-04-18 18:32:27,96,9293,0.0417,9389,85,36,1,59,14,72192.4947,65,13.0829,63673
3004,e2aeb7474a5295796bc011ddd477715021cb1637,0,0,0,2013-04-18 21:57:55,36,90,5.6616,126,2,36,13,48,5,86384.0,368,179.5582,1504
1969,7d36c1e025abbcdd4ed50c580bbd990fd262bbed,0,1,1,2013-04-19 03:35:21,18,43,1.2145,61,3,3,2,1375,83,15161.0942,2849,1057.3605,50218
1965,317ab72a8cc067bd16db63d9e6c19390e96075f9,0,0,0,2013-04-19 18:31:11,56,96,0.6842,152,1,2,2,36,4,68286.9296,2832,1061.6785,53608
2996,3d557240ae85f626852fe7eb14bf8cfb1077d1b2,0,1,0,2013-04-19 18:43:26,194,9293,5.6616,9487,4,2,1,3067,11,52037.2924,2838,1061.2392,7581
1961,811f82c5b151bb1f6178392470981883d5e1dfc5,0,0,0,2013-04-19 19:04:41,32,9293,0.6951,9325,1,2,2,3067,7,2564.3431,2850,1047.2538,54826
1977,6968f68cd7c8d4a1ab4a6d4638c547e9de33a560,0,1,1,2013-04-21 23:08:12,72,131,2.0442,203,6,3,2,1267,83,40283.8453,1,1069.7637,50774
1968,b59ca1fc8944f4d8cf81b21041be4a7ab722419e,0,0,0,2013-04-22 04:07:40,4496,9293,5.6616,13789,2,1,1,26,0,961.1568,413,163.9901,1516
1974,98b5195f7eb1f3a88bb86aa95211403dbd73c98d,0,0,0,2013-04-22 13:40:33,4496,86,0.8218,4582,5,2,2,132,22,14731.5862,1,1040.6935,53548
1970,573ddbfb057ac1858e910f569d7204df1d87519e,0,1,0,2013-04-22 13:47:08,77,9293,2.4371,9370,7,3,2,219,19,8018.1407,1,1069.3691,53157
1978,1af5865edc448a1ae1117f2254285ebc79ae6a68,0,0,0,2013-04-22 14:52:32,4496,55,5.6616,4551,2,1,1,449,36,85094.8,1,1064.0059,45830
1983,a6edfa56962c55d7a84eea31fe8fec7c29454f83,0,1,1,2013-04-23 11:45:35,28,84,0.4446,112,3,2,2,1626,88,42814.7718,721,349.9241,3506
1973,79c2ff7c7ee194a8f9bf083bf9302a96743c6a72,0,0,0,2013-04-23 18:14:29,4496,29,0.0203,4525,1,36,13,14,7,16267.2419,2854,1056.0414,46412
1976,3c93e8c6b5e96dcf4487e1b8f8cfe2a327237c6f,0,0,0,2013-04-24 02:03:16,44,9293,0.0504,9337,2,1,1,509,38,30253.688,419,180.3846,1479
1985,68444f9b2f573425bdd38b378e14cd6a8c16821c,0,0,1,2013-04-25 17:35:18,4496,21,1.0088,4517,2,2,2,1406,84,45281.6455,136,58.2803,319
1986,dc5b1e9b86b42c786b4e1e3752a08d45e6e447e8,0,1,1,2013-04-26 15:17:53,23,9293,0.7014,9316,2,2,2,1264,84,9803.3905,746,333.869,3235
1980,1aa987402d43b4a6ca7af8725e0e9fcb5477b6d2,0,0,0,2013-04-27 02:23:48,4496,65,0.0389,4561,3,2,1,519,39,20906.9244,376,157.3017,2431
1996,e26b726ccbc140f3971ce24371bd555db497e94e,0,1,0,2013-04-27 04:54:03,131,168,2.0718,299,10,5,4,1702,88,27437.551,2797,1020.5664,59727
1990,9851b73fc3bbaf61ec80b54c64483bcf56aaa396,0,1,0,2013-04-28 14:10:38,236,210,1.8364,446,10,6,3,1501,86,38006.5913,2830,1038.5246,56695
2006,4439b4117dad85b206f3cd8d4bfbb4a5d1a9e822,0,1,0,2013-04-28 14:49:56,4496,9293,2.0298,13789,12,7,3,1694,91,8280.5084,1,1092.3637,59203
1994,6c8b3ad0efaabd0e728eadd437ae0ed45237d01d,0,0,0,2013-04-29 02:49:29,36,52,5.6616,88,85,36,13,211,17,14781.1715,364,179.9756,2389
1981,0749c0415edb480f98da501b09a212af4ed6d9d7,0,0,0,2013-04-29 03:10:29,4496,83,5.6616,4579,2,36,1,126,10,77089.4364,366,183.0865,2450
1989,383d35ea516deb4f127c1c9884ee64561da3cb2b,0,0,0,2013-04-29 03:30:20,50,9293,0.0352,9343,85,1,1,54,8,37773.1967,422,161.2504,2302
2000,524261f88cd2adcd623de3604e735b282dd5caac,0,1,0,2013-04-29 07:27:36,280,159,1.938,439,8,4,2,1351,85,49575.8304,762,354.4003,3502
1995,7eae57aeac291799d54d5a1b5a444e27336215f1,0,1,1,2013-04-29 07:29:22,53,9293,0.314,9346,2,2,2,1264,84,25243.9488,745,344.4743,3281
1997,2f3f620ed1bdd1bbcf5564b75885b9aaf02c0359,0,0,0,2013-04-30 12:46:37,21,9293,5.6616,9314,1,36,13,3067,13,19689.1963,747,331.2637,2892
2014,1227751661e653fb39be1ada369a9eda8f1e9d7f,0,1,0,2013-04-30 17:42:26,4496,9293,0.8479,13789,12,8,4,1649,86,53477.6175,2798,1074.7354,62742
1998,56237c91646e75149ebc9c2161bad656942715d9,0,0,0,2013-04-30 18:57:46,4496,73,5.6616,4569,85,36,1,230,22,4927.1653,2843,1060.8218,45864
2018,2b0797b24e2d4a433c0e17506a0d8bb812f8f2dd,0,1,0,2013-04-30 19:09:25,63,343,2.9076,406,14,6,3,1337,80,42979.9967,2743,1090.5632,59377
2017,74f37b5a398fea0d60c5dc87124208a28580e8c3,0,1,0,2013-04-30 20:51:34,286,9293,3.4247,9579,16,11,3,1365,80,23289.952,1,1012.7048,55152
2008,faf75d4d5b99a11bd9708e75972104f887c1a46c,0,1,0,2013-04-30 21:01:14,131,37,1.0339,168,2,2,13,3067,6,6356.5101,2850,1060.2319,45824
1984,559674593d836b1fd90d3e5f00bb47728a42f4cd,0,0,0,2013-05-01 01:57:33,4496,102,5.6616,4598,85,1,1,525,38,44825.829,423,181.6769,2521
2002,5dad16045eaa71240b4d190ee9166ef7b1db2788,0,0,0,2013-05-01 13:58:58,4496,9293,0.6479,13789,3,2,2,1267,85,66746.057,75,1267.3333,882
2005,3f394828f9c6cca20d8e376b9465fa2069efd542,0,0,0,2013-05-02 01:03:33,40,9293,0.059,9333,2,1,1,62,14,37497.2203,361,159.0413,63673
2011,a861c53e60402e4c7a5663d387c8f991285b3d98,0,0,0,2013-05-02 01:36:58,45,9293,0.9668,9338,2,3,1,540,30,17432.7314,360,181.6935,2341
2012,b6be6835d15c1c709d503d7f03aad2355ea60f40,0,1,1,2013-05-02 16:47:34,131,101,0.9498,232,3,2,2,88,14,67112.7905,1,1040.8712,54703
1982,57c75a7c296c1952704b8347eb8ce6f1d3d3704b,0,0,0,2013-05-02 17:18:23,4496,9293,5.6616,13789,85,36,1,3067,10,2800.0018,1,1060.7991,8797
2001,976c388ef1bb927d05b8e7e2f8f026804ba39aa4,0,0,0,2013-05-02 17:18:38,4496,9293,0.0082,13789,85,36,13,61,10,1989.1297,2859,1053.7211,46132
2010,1405912a00cf82135fbee0fe4804d50fb6c54cac,0,0,0,2013-05-02 19:14:40,39,9293,0.0776,9332,85,2,13,251,28,86316.8096,278,103.2301,63673
2013,0b18bee403c52729fd16f889a4ddcc78ca1bd3a3,0,0,0,2013-05-03 04:46:13,64,75,0.0389,139,85,36,1,18,13,55726.8349,352,183.9,1211
1987,25f30559b541002456cef2874373ae5a89ca9204,0,0,0,2013-05-03 04:53:03,28,9293,0.0734,9321,85,36,1,3067,6,31675.5583,427,159.3883,2423
2004,c33ccd9e38cae018022bec16e66489428bfc8912,0,1,0,2013-05-03 08:13:44,315,9293,2.6977,9608,12,6,2,389,27,40160.9348,123,39.6274,63673
1991,bdf08364a60d9b05d0b45cb47ddd73adb08b4196,0,1,1,2013-05-03 09:03:10,103,9293,0.2501,9396,4,3,1,540,37,15206.2798,114,66.6357,930
2016,a7b80d78ab181c3eb1c51b94621a74023bc5d76f,0,1,0,2013-05-03 14:30:31,49,76,0.6288,125,1,2,2,230,22,44751.6402,1,1062.0771,47230
2025,64c0d1e7d508367c91da8f5fa835635e0524a37d,0,1,1,2013-05-03 14:59:33,290,354,1.8452,644,7,5,6,1192,80,30287.4055,151,87.9914,3229
2015,c007102c5b2fe2b6abd09a19cbc4b69f5e83ad0b,0,0,0,2013-05-03 17:53:16,4496,9293,5.6616,13789,85,36,1,57,5,16611.4154,112,70.1245,63673
2021,bfa06db1ac4755ce8dc01856eeaefebbf9c7a892,0,0,0,2013-05-05 19:43:54,61,135,1.9071,196,3,3,2,93,13,23171.7006,366,183.0969,3007
1999,b460b565e20fdb4739fc92ce387136b39d16e2f1,0,0,0,2013-05-05 20:18:31,40,82,0.9434,122,3,2,13,102,20,12327.6836,423,155.0603,1333
2019,0f4ce2fb68f6bb9957877a76a3a5bee80b4c5a8c,0,0,0,2013-05-05 20:26:43,4496,53,0.0431,4549,85,1,13,3067,4,64917.443,367,181.2811,2245
2022,b638370d3a07a980bcc833a233fe57ed91aa8c06,0,0,0,2013-05-05 20:47:00,4496,9293,0.0258,13789,85,1,13,253,17,63948.0042,371,180.644,2386
2032,45e6d912cca3de66a3af02e9df2c3484992d0a2e,0,0,1,2013-05-06 07:07:31,4496,59,0.6288,4555,2,2,2,1288,84,45462.4522,723,332.8721,3258
2027,3c06ff0a8ee64742416c4b8a5ec083ea5a390e34,0,0,0,2013-05-06 13:39:35,4496,9293,5.6616,13789,2,1,1,201,21,60475.6315,360,159.7942,1280
2009,df723af8a6c04536abd2b4a48cd101f3b2e96746,0,1,0,2013-05-06 19:03:26,34,131,1.7144,165,5,3,2,2,21,32624.8248,60,39.4543,63673
2029,08df0b8604cd34c4f1fb384f9f6eaba86203d116,0,1,0,2013-05-06 20:11:52,138,9293,2.2807,9431,14,5,6,1469,88,40335.5038,322,157.8309,3234
2026,f1c9bc612e2df5ffacec0debedb2021f1a9171e7,0,1,0,2013-05-07 05:47:03,195,619,4.2417,814,32,17,1,1013,49,42884.9836,291,247.4604,5324
2037,dbc8bd85f23acd78de70e22b50c7168ca338dc2e,0,1,0,2013-05-07 22:13:41,110,245,2.9599,355,11,5,13,784,45,38091.5436,2774,1021.6112,48196
2036,ae0d6ebd26389d9504456cf96582eb76c24c9ff3,0,0,0,2013-05-08 22:01:06,4496,9293,0.035,13789,2,1,1,292,32,85308.3325,2837,1062.3797,45868
2020,a5a3a28fc8cf69fa985b6c59fecb28578f12f4cf,0,0,0,2013-05-08 22:14:44,16,42,5.6616,58,85,36,13,18,11,78429.5721,2858,1054.4827,46432
2038,95cf9a5f0d5c437a9e042018eadc698e3fd5f9e0,0,1,1,2013-05-09 22:38:23,30,32,1.4264,62,4,3,2,1333,85,52245.4678,2848,1058.429,49716
2035,0e4bf0916d971a1e3194b2b9dbb0654eedc863ce,0,0,0,2013-05-10 01:41:09,23,39,5.6616,62,1,1,1,286,31,13615.5246,2841,1042.7785,45764
1992,ce8bc33d438dc0877a2bcb0049d4c1d84db508d5,0,0,0,2013-05-10 22:30:17,69,9293,5.6616,9362,3,2,2,252,30,29759.0067,216,113.9089,63673
2028,d349787515554087efc92231599e270c2c3aa29b,0,0,0,2013-05-11 01:12:35,4496,51,5.6616,4547,2,1,13,213,17,15262.2944,411,182.3864,2277
2041,2e2dd48ff911a84ef46dae3fe05331ce8f669791,0,1,1,2013-05-13 10:11:08,20,9293,1.0228,9313,2,2,2,1280,84,31679.6112,721,334.3188,3254
2045,c5dc0292e0689f2e714e23495944f6a6a58b5028,0,0,0,2013-05-13 14:31:22,15,31,0.9717,46,2,2,2,1279,84,11860.3392,751,346.0924,3206
2033,2effc40edb798fc3e39b0511b5be39e6d0738f59,0,1,0,2013-05-13 16:26:23,4496,941,4.1881,5437,26,13,5,1528,43,52488.479,1,995.3141,50613
2052,740e344c7fc1ee0283744fefd659db999b48c71f,0,1,0,2013-05-13 16:51:56,17,22,0.7381,39,2,2,2,1324,84,69088.4749,2853,1055.9379,50133
2049,31d991a2551278de629ef38ed7e31b483ca67157,0,0,0,2013-05-13 18:29:46,39,9293,0.6213,9332,3,2,2,1319,83,3455.6294,373,177.5621,2547
2039,e76ce2161e9213ce16b5b8a2f8c559e3d7f2db2c,0,0,0,2013-05-13 23:13:28,41,42,5.6616,83,85,36,1,3067,10,3780.2874,368,177.6648,1506
2044,10cc4e0c37190b92ed80a04cdb59a664f8cfe2e8,0,0,0,2013-05-13 23:25:44,4496,56,0.0539,4552,85,1,1,84,8,70884.696,404,160.6013,2361
2047,4adb583c207b83b3b57725ba3d1ccd862ff5c087,0,0,0,2013-05-14 01:59:07,4496,9293,5.6616,13789,2,1,1,58,8,14885.8321,363,166.0545,1455
2031,2dcbf0673e01e0977bf18814dc99d93b63b2a2be,0,1,0,2013-05-14 20:30:38,31,9293,0.9015,9324,3,2,1,204,22,35370.7486,2852,1060.1433,46550
2043,793d58a197eded203a7bae5ec49c60d347eb2d14,0,0,0,2013-05-14 22:05:20,4496,58,0.0395,4554,1,1,1,34,13,36528.5581,259,115.1604,1690
2050,5612b93611bb82342e4da73975188fe740d0d1ca,0,0,0,2013-05-15 21:54:16,15,24,5.6616,39,85,36,1,39,12,80358.2912,1,1046.6695,46429
2055,177bf5f4fcfab34f868268ae802c1f7fe08f8b64,0,0,0,2013-05-15 22:13:56,4496,109,1.9788,4605,4,4,1,60,17,25098.6428,1,1059.4027,46807
2060,a3d64339550e0f12a98e7a5d1771ef7f114033e2,0,0,0,2013-05-15 22:31:28,43,9293,5.6616,9336,3,2,2,328,30,33161.5111,2833,1041.6067,49010
2042,b397187850f6e6a131d5d418473cc68ebe5ed5ea,0,0,0,2013-05-15 22:42:35,3,116,0.5517,119,2,2,1,207,18,784.4428,2844,1063.5809,45705
2058,42a39b5d642efc6c593b27e26642a9acb5b84a2f,0,1,0,2013-05-15 23:03:13,4496,167,1.6011,4663,7,5,2,526,32,21204.266,2834,1068.0351,53053
2034,ad191c55d207e4c2f5fc683133fbbfd966eeb905,0,0,0,2013-05-16 01:06:24,14,9293,1.0231,9307,3,2,1,100,13,40772.927,1,1048.6236,45933
2054,9bb3441fe23ddff2ccf12469860e37492e1092d6,0,0,0,2013-05-16 09:03:22,35,69,5.6616,104,85,1,13,27,10,53228.4672,743,330.9358,3031
2062,61567e7b4676a7075979e005b54c3c1f7ff8d04b,0,0,1,2013-05-16 13:43:45,4496,9293,1.4512,13789,2,2,2,1431,84,51513.6574,223,131.8004,1871
2024,6d04ef0383eb09716377f649b4c6f903624a31ac,0,1,0,2013-05-16 14:37:42,421,122,1.4929,543,6,4,2,77,29,41202.6943,693,348.3758,3387
2064,8b96334a0c107216604d85d59ff50b1edbec89fa,0,1,1,2013-05-16 16:36:50,140,9293,1.0892,9433,5,3,2,1638,86,64619.9272,2862,1267.3333,531
2007,b6a0284fb909c976f4bcf61c7623dd75de2cdd32,0,0,0,2013-05-16 19:01:18,16,9293,0.016,9309,85,1,1,35,9,10477.0312,2857,1048.9171,46122
2051,439ce7e4cc90fc7daf9e6d32f549a28627d3cc3d,0,0,0,2013-05-16 19:32:55,32,51,0.7554,83,4,2,1,144,20,57049.0566,2856,1046.4633,46502
2063,410142b06a9c7575def0e73a807540e8cfdf8e9f,0,0,0,2013-05-17 02:59:30,35,76,5.6616,111,1,36,1,46,6,19453.1878,409,161.2181,2269
2040,c22c685ffa7da67b7ee069b37e7b3c770ee23263,0,1,0,2013-05-17 12:52:04,21,9293,0.0261,9314,85,36,13,3067,2,10595.8492,723,343.9923,2364
2057,cfe4c5963b8bfde21f197fc25e223bae88c94e0e,0,0,0,2013-05-19 00:23:48,4496,80,0.0343,4576,85,1,1,3067,5,10523.8677,378,161.9576,2145
2071,6f467d920fc79569dd39cd651889b44efb1fd332,0,1,1,2013-05-20 22:10:56,4496,9293,1.9074,13789,3,4,2,134,23,30986.7545,1,1059.9578,46219
2068,1d2c12242f20dfcc0b787129b4ad8eeef2768d6b,0,1,0,2013-05-21 15:02:12,472,9293,4.1936,9765,28,15,5,2182,0,55757.5018,1,996.5523,53817
2070,3a51ccf2d12a5fcfaa1378eff0209526c9a33278,0,1,1,2013-05-21 21:25:27,171,217,1.3818,388,5,5,3,1456,83,43406.8432,273,137.4657,2029
2075,de2ee6e28fc65340c1702583fef343d7d81bbc3b,0,0,0,2013-05-22 00:49:20,4496,9293,5.6616,13789,1,1,13,71,11,12966.6709,402,164.0424,1552
2048,93cfbc187133d90d88a28826ad5989a53bde3e2f,0,0,0,2013-05-22 00:51:04,4496,46,0.0224,4542,85,36,1,79,11,86384.0,371,166.0516,1385
2076,bf28e8d4b84afd5f9821ad965274768b8d4ca179,0,1,1,2013-05-22 15:32:36,37,91,0.4531,128,1,2,2,1311,83,50236.8742,2846,1059.686,49686
2073,369936c2c3f67b3023c2f33620f2f26ad7b70539,0,0,0,2013-05-22 16:03:36,4496,56,5.6616,4552,85,1,1,207,22,37795.812,1,1059.3484,46022
2086,c48c7ef16610b1ef86fc3c784a0659de9b5effd4,0,0,0,2013-05-22 16:51:45,53,9293,0.2881,9346,4,2,2,1282,83,19478.923,2862,1267.3333,63673
2067,a583123e8a8c07d5cd1fee06cb1a15af267eeee0,0,0,0,2013-05-23 01:55:35,4496,9293,5.6616,13789,85,36,1,47,9,35966.0268,371,179.2979,1412
2074,49f220cbe0a1774066a048cdfd8682d214a6df68,0,0,0,2013-05-23 14:31:52,25,55,5.6616,80,85,1,1,42,12,83065.6922,234,116.9511,954
2077,c4c9626f8b3ba941aa51860a7d10a6e686362f85,0,1,1,2013-05-23 15:04:04,117,9293,2.2616,9410,9,3,2,1764,86,39692.8929,1,1079.7057,49247
2082,44c462cb7a231c1e99226e4a3cac3f05a3a99669,0,0,0,2013-05-23 16:04:18,13,21,0.012,34,85,1,13,114,9,3767.0276,1,1055.3504,46342
2056,2d0dff7acec0c36f43536c92480892d9c92bd27f,0,0,0,2013-05-23 16:23:18,4496,45,0.0158,4541,1,1,13,124,20,4599.3987,1,1049.3666,45885
2079,57e6888e6aa8cc726fadb4087fe0cb77853c12eb,0,1,0,2013-05-23 16:24:35,13,27,0.015,40,1,36,13,7,13,4621.537,2858,1049.6598,46330
2081,6abb1d499e850ebc7d3d5ee140a868d743f9f441,0,0,0,2013-05-23 17:41:58,14,9293,5.6616,9307,85,36,1,127,9,5526.0597,1,1057.6086,46457
2083,f5cc4760b993355c695253dca925aa58fffb582f,0,0,0,2013-05-23 17:46:38,9,9293,0.0186,9302,85,1,13,117,12,9991.4972,2856,1055.7676,45989
2059,cc301de4f7236f411a621566f749ff53ad962ca9,0,0,0,2013-05-23 18:08:52,38,66,1.5784,104,4,2,1,27,12,51968.6857,1,1040.1775,46762
2085,03f0116611795836009ea488dd8035b70641ecb3,0,0,0,2013-05-23 19:50:49,4496,9293,1.3862,13789,3,2,2,1318,84,55603.8042,1,1047.5627,49802
2096,0ad499e9a82afa23f17672e25678d065b421e0d8,0,1,0,2013-05-23 20:08:58,547,9293,2.9728,9840,26,11,3,1778,81,47982.5011,2727,992.0632,60701
2080,22d1173021772cfb445cd60c7d6b8f2ef5ca193b,0,0,0,2013-05-23 23:24:16,4496,9293,5.6616,13789,2,1,1,26,11,7620.7515,233,130.4915,830
2084,54c15d826b4c414e0f22f5eedf023dfe53d2eae4,0,0,0,2013-05-24 02:54:50,41,83,5.6616,124,2,1,13,3067,9,76453.0591,367,165.6457,2505
2087,d106950ec049fc7dfef7e64b124dc8c050b06af4,0,0,0,2013-05-24 16:54:59,41,9293,0.06,9334,85,36,1,13,6,12682.7849,125,14.5868,63673
2072,1b5edee00faeb03ec4fc5dff779a031f7093241b,0,1,0,2013-05-26 02:40:11,66,9293,1.6001,9359,5,2,2,1277,83,36322.0716,269,134.3018,797
2003,bc3597d3549850997fd137cc8b74700c62cebf64,0,1,0,2013-05-27 19:31:44,434,9293,2.3492,9727,15,10,4,1747,81,47524.4039,2777,1018.4996,61805
2088,bef5209d60a0d69e9e712e785d39002b0040c83e,0,1,0,2013-05-28 18:22:50,27,42,0.5627,69,2,2,2,1312,84,19644.1888,91,18.311,123
2094,6d7404bc2eec2c34feb6e2b9db938f9e0e5ae208,0,1,1,2013-05-29 17:53:52,4496,9293,0.7807,13789,4,3,3,1281,85,62379.7638,630,215.7456,1363
2090,22be25b89c22f3a77a73b20ce1b819b257914d20,0,0,0,2013-05-29 20:13:21,41,65,0.0325,106,1,1,1,284,32,5402.4159,2837,1065.2757,45586
2101,2f72f8bc57bb96fa4434fb395373a73b259dcce5,0,0,0,2013-05-30 21:10:11,4496,9293,1.2924,13789,4,2,2,1305,83,57386.0811,53,34.2833,63673
2102,d0dc597261b0b9949ecd26150cd30ef89ecc7a21,0,1,0,2013-05-31 01:09:30,21,54,0.0117,75,1,1,13,219,22,20455.3406,1,1055.1474,45971
2106,401b46bb3c5c27717d6f64af3aab349817485322,0,1,0,2013-05-31 08:59:53,613,9293,3.3092,9906,11,6,3,1380,81,59535.5941,838,305.809,4886
2092,1a70df0c0eaf301117ba78600e1ebc2727f52167,0,1,0,2013-05-31 09:49:39,142,83,1.7989,225,6,3,2,36,14,17267.6882,714,346.1767,2187
2103,496035585a5a9b115a23ba311459e5e08b494334,0,1,0,2013-05-31 13:02:03,77,9293,2.2426,9370,5,2,13,41,11,26770.1989,697,351.518,3154
2109,1ea5059fe3976ce8f660b46520859c31bb433fda,0,1,1,2013-05-31 14:20:54,42,100,0.5564,142,3,3,2,1285,83,8857.1242,113,34.5966,88
2105,f6e08ddf0560fab0193527ddcde842e2c8222483,0,0,0,2013-05-31 15:30:50,7,13,5.6616,20,85,36,13,3067,4,62519.9318,617,225.2165,1571
2107,fa7d87de8d04da8af6b0e85c464115d52e8da7c6,0,0,0,2013-05-31 18:58:03,4496,9293,5.6616,13789,2,36,1,67,12,14192.0747,275,131.283,1929
2095,12537ca7289db7aed7c7b6135a3cc1bd9ff56800,0,0,0,2013-06-02 00:49:09,4496,9293,0.0455,13789,2,1,1,217,19,61134.5552,264,130.4236,865
2110,880ce10bf16c96f8b5ceb419890948223d174c6c,0,1,0,2013-06-02 05:27:23,29,65,1.057,94,4,3,2,1363,84,43233.5508,401,163.4931,2347
2108,4303dfa5e14331092efcef602fa91fd5b1904cc2,0,0,0,2013-06-02 05:38:48,30,9293,0.0458,9323,2,1,1,17,1,5363.7275,366,184.2167,2228
2111,19ad1ca4beca31ded9ee7111fc302b0f3e21a269,0,0,0,2013-06-02 15:13:40,47,106,1.5515,153,4,3,13,170,29,44015.8492,374,180.5022,1331
2112,88f2ebc5fe2a31bd4bf79aaaab87a455421f6e11,0,0,0,2013-06-03 02:02:23,4496,62,0.0545,4558,85,36,13,31,11,71338.4842,416,162.5541,1460
2113,9e8691c26283f2532be3101486a8290ed5128c18,0,0,0,2013-06-03 07:31:47,4496,34,0.0194,4530,1,36,1,9,11,64078.8106,95,22.2099,63673
2100,1f48695301695eb7b2c0753a105b9af776c19db2,0,0,0,2013-06-04 20:58:28,4496,69,0.0612,4565,2,1,13,8,17,25832.4926,213,110.3808,833
2115,ca3c75ecb22fa13e2f58129df83073800ff451ef,0,0,0,2013-06-05 14:22:04,28,36,0.9619,64,3,2,2,1291,83,45611.2719,258,112.5565,1625
2117,b4b30cf87cbf3f7957c64f625f0f90d24b43b49c,0,0,0,2013-06-06 02:41:54,57,9293,1.2265,9350,4,1,13,198,24,30683.4874,576,209.8484,2361
2104,1c038f50446e4ee0da23bb86a032e591e1899265,0,0,0,2013-06-06 03:10:32,51,81,1.5375,132,2,36,1,263,22,1051.8963,632,214.1222,2180
2097,4c0be33ea00d292557ce76ced241df84e6582c9e,0,1,0,2013-06-06 03:12:35,173,9293,2.4829,9466,6,4,1,479,41,1953.6832,664,245.8396,761
2126,9b0c3de85c37ebde3d0130eb29d000702ad509dc,0,0,0,2013-06-06 19:41:04,28,46,5.6616,74,2,1,13,27,5,4097.3933,380,165.531,1565
2130,fd6d19bd5cdf764ce6667d1bd974795bb1d871fc,0,0,0,2013-06-06 20:00:42,19,9293,0.0435,9312,85,1,1,33,6,1691.0566,416,180.12,1307
2125,a2436f07a45ba81cd32b0f915a32d0f83f19538e,0,0,0,2013-06-06 21:47:03,20,23,0.0,43,1,1,1,1,1,9035.0,2862,1052.6,46227
2119,ff5b8304431477eb82fc13ab1344a2fc92c66a57,0,1,0,2013-06-06 21:47:03,20,23,0.0,43,1,1,1,1,1,9035.0,2862,1052.6,46227
2121,02a7ba817cb70ce1e0807e97f33ad14ac5accbde,0,1,0,2013-06-06 22:00:08,132,198,2.67,330,8,1,2,3067,6,40984.895,1,1077.7727,45882
2134,a0047797638b9c0d30ebf225e8a00a029e05be0a,0,1,0,2013-06-06 22:00:08,86,9293,2.6711,9379,8,3,2,3067,4,37952.1097,2813,1076.4385,45567
2131,47ac188a3f73b74e1581c18f986488e005f4921c,0,0,0,2013-06-07 22:13:42,4496,117,5.6616,4613,2,36,13,3067,6,52402.7997,284,104.8481,518
2136,30b093a715e61fd7773ebee3a49096cf9544421f,0,0,0,2013-06-10 11:42:04,4496,9293,0.8504,13789,2,3,2,425,34,54377.4072,2817,1037.0507,47819
2127,9c4be2928a80ab503aab54afc1805894bcef4fc8,0,0,0,2013-06-12 03:43:35,50,117,0.055,167,85,1,13,3067,2,46934.5588,285,111.8585,1835
2140,4ef8a8a19412adcca4b0225756d5940a2cb1427a,0,1,0,2013-06-14 16:19:56,134,110,0.4015,244,4,3,3,1353,85,44431.3967,639,244.8047,1002
2133,0c81eaecb2572d9c70e033aa2c76288611386d8f,0,1,0,2013-06-14 17:34:57,37,9293,0.7646,9330,4,3,13,292,31,38602.6182,1,1061.4123,46715
2143,f1004e9b175d6593b816e72058b2dbea14257a43,0,1,1,2013-06-17 22:41:58,43,9293,0.7083,9336,6,4,3,1367,83,9753.9052,1,1040.6138,49693
2123,e5c34d7c29e9ec6dc162210b90fc69ea11a4c331,0,0,0,2013-06-18 13:51:39,21,9293,5.6616,9314,85,1,13,247,22,80489.6755,1,1045.8517,46025
2145,df063449a88655018a94aabf494b3e604f1e4cd9,0,0,0,2013-06-18 14:53:44,37,9293,5.6616,9330,85,1,1,3067,8,1344.9749,221,135.0833,1792
2132,62295f68c7b7b10cc7d41d72f0817e17133a9b36,0,0,0,2013-06-18 15:57:22,4496,9293,0.0188,13789,1,36,1,5,11,30729.4945,111,28.7125,319
2139,26c4262233c0fb1b4593683bf7829d42ca3e12b8,0,0,0,2013-06-18 17:22:28,50,101,0.3106,151,1,2,2,268,16,38156.9069,225,112.0603,1987
2156,b1d7405fd1263a04d8cc4bbfcba3ec1928b75738,0,1,1,2013-06-19 03:20:42,67,106,1.1497,173,6,4,2,1641,84,48350.2302,1,1063.928,50404
2137,7861f1731feb18f8bd0e87963e53c89a2dac45ed,0,0,0,2013-06-19 05:40:20,65,9293,0.0658,9358,2,36,1,448,35,30513.0313,2828,1067.8094,45700
2141,00126da7b59cd1083e8a345acd7ba99b7d9fd40e,0,0,0,2013-06-19 12:49:54,36,87,5.6616,123,85,36,13,125,12,70422.2825,52,28.3188,683
2158,2188d6472d87b9320f913ead3bf608d8170c2f6a,0,1,0,2013-06-19 16:14:11,163,9293,2.1948,9456,9,6,2,1762,87,44880.8684,1,1032.1545,49285
2147,9ba0ff03e211554df6b01fd860159cc74bf95026,0,0,0,2013-06-19 21:30:02,4496,9293,5.6616,13789,85,36,13,456,36,55911.7405,1,1037.4044,45482
2155,fbe8a6eb213ee3558be701c73c31a0da79446657,0,1,1,2013-06-20 15:19:13,301,9293,3.1851,9594,14,7,3,1434,89,51269.1827,2798,1004.2971,59170
2148,3814af8087c8b5541bea563344afcc344f5efa2a,0,1,0,2013-06-20 18:15:54,551,9293,1.8101,9844,3,5,4,68,19,45582.1514,669,212.988,2538
2152,72b1a1b4989212267dba9a8d389af21d24423533,0,0,0,2013-06-20 18:19:44,4496,65,0.0532,4561,1,1,1,3067,4,63865.0549,21,32.3247,63673
2129,1f061f94906884efca0213014516fbdeb82f8005,0,0,0,2013-06-20 18:59:19,10,25,0.0147,35,1,36,13,72,14,72892.7467,1,1049.6071,46363
2150,24da2bcc5d74dfe02ad0148eafc9e22368be34f5,0,0,0,2013-06-20 19:09:47,4496,11,5.6616,4507,85,1,13,3067,8,3297.9131,1,1054.6444,46126
2161,998fe96766a8c826ab0483e657885eb10a9293ae,0,0,0,2013-06-20 19:43:46,4496,48,0.8016,4544,3,3,2,1332,84,20385.0088,24,16.9835,293
2153,7dc2eb95c1752eb661b93c72a831ceb783d42ce4,0,0,0,2013-06-20 20:47:06,9,50,5.6616,59,1,1,1,3067,5,11367.0257,1,1056.4865,45963
2164,0ba5cf12b9e1b7558ccf0c3a8bbd663f028024ce,0,1,0,2013-06-21 07:47:50,712,624,1.8478,1336,18,5,3,1708,81,54286.7461,651,301.9752,4982
2172,b73f9d42315311e3573018749aeba34f77f1419e,0,1,0,2013-06-21 09:21:54,257,9293,2.9478,9550,9,4,4,1235,82,41751.0489,632,297.5594,4572
2159,18f3a79fdd2414698817aa4c35d0f9b44d5a7e55,0,1,0,2013-06-21 15:39:27,78,9293,1.7923,9371,3,2,1,31,14,86384.0,1,1068.4984,45518
2165,e75e33fa6dc5e2a3fe061d747cc98679a65ef960,0,0,0,2013-06-21 15:40:31,118,82,0.3812,200,2,1,1,3067,7,64082.6718,2849,1044.4508,46513
2160,110d283afd780774a44368b17177b5e8e781e37f,0,0,0,2013-06-21 16:13:21,11,9293,0.0182,9304,1,36,1,31,6,3121.9855,1,1054.5058,46069
2168,b7e13b89c265c28acfb624a984b97a06a837c3ea,0,0,0,2013-06-21 16:23:17,4496,100,5.6616,4596,2,1,1,128,12,12124.8279,69,8.2156,63673
2157,043a63c63b92b0bf68047da6b5e379da35f3c688,0,0,0,2013-06-21 18:37:22,37,45,0.0405,82,2,1,13,170,14,7698.371,16,14.6733,510
2163,c06e0b57784690af9a30e639b09d7169d5fa1588,0,0,0,2013-06-21 23:36:06,33,56,0.0504,89,2,36,13,3067,11,76898.5183,410,177.7007,1324
2169,5c5fdd40ebac875ee0b4f9de1a7d1eea3b3788b9,0,0,0,2013-06-21 23:42:49,40,57,0.9539,97,1,36,1,29,6,52372.0319,415,161.0716,2563
2171,e8970976ce91f29faa7b7e24e1ae11b2d15fa475,0,0,0,2013-06-21 23:50:46,28,83,0.0255,111,85,36,1,16,7,21205.7734,410,165.2602,1547
2174,67ccdabfe8c48229e184d1374f9c6435ccea93ec,0,1,1,2013-06-22 10:14:32,362,393,2.0391,755,12,5,2,1267,87,41983.8667,690,360.9431,1641
2181,57eb87b57cc7c69d99238ced08e50cc23b0127ba,0,0,1,2013-06-22 13:54:21,4496,19,0.7031,4515,2,2,2,1355,84,39919.3363,240,117.2146,1568
2162,921761575c2e01356bcd1165decdd7b5adc9a510,0,0,0,2013-06-23 21:09:49,25,41,0.0492,66,2,36,1,50,8,70628.3273,379,178.7591,2205
2173,c0547983d39eab6a16f4974a1871873b5b8116fa,0,0,0,2013-06-23 21:18:44,4496,9293,0.0445,13789,2,1,1,3067,8,83339.0123,369,178.5218,2340
2151,b48bd56e78788f0cd20735fdb7d9bfcbfb999cf7,0,0,0,2013-06-24 13:41:22,31,9293,5.6616,9324,85,36,13,30,4,79348.3209,1,1045.0486,46603
2177,15df6691caf9e681727338d66d8f8b0d42843177,0,1,0,2013-06-24 13:46:28,4496,9293,2.0399,13789,11,7,13,808,46,56387.4419,1,1086.0851,47870
2175,07c627aaed6d381aee79e2e7e388fd115e3cd410,0,0,0,2013-06-25 01:00:27,4496,9293,0.1876,13789,1,2,2,1351,83,67998.0217,2838,1061.5771,49594
2179,81619fe9c6bd8f0ab82837598f72ba49f0afc104,0,0,0,2013-06-25 01:08:43,2,60,0.0106,62,85,1,13,55,10,396.5899,1,1050.2,46145
2091,76462036843b51f0e875154b2e150a7a52b0e84f,0,0,0,2013-06-25 08:33:27,28,9293,0.0243,9321,2,1,13,12,0,37660.1346,745,342.9442,2885
2182,8c062d807e4a4c497dbc9a07c5d256ebf92e80fa,0,0,0,2013-06-26 15:46:50,16,9293,0.8302,9309,2,1,13,27,9,39349.7034,744,345.7482,2397
2186,29232a88d174d331a982e5abc01b0d441ed1c248,0,0,1,2013-06-26 17:59:47,19,43,0.5746,62,2,2,2,1439,84,46352.9903,749,331.682,3345
2193,54266ea705b20e12a6f03dab69fa5d6b05e160a7,0,0,0,2013-06-26 20:52:43,4496,72,1.2731,4568,2,2,3,1358,85,48727.451,589,236.6121,1412
2198,33a3d2ca57e855ff5484fb039f14d424132db93b,0,1,0,2013-06-26 21:52:20,1678,1006,1.4725,2684,9,6,3,1275,81,23459.4153,716,257.2228,656
2180,e22de4316e05a6bb4ec5c1621904f55332b7371a,0,1,1,2013-06-26 21:54:10,39,9293,0.0203,9332,1,1,13,10,15,46847.9878,44,15.4795,63673
2167,9668535debed61e3c13d4b0305e2ac0d3e21c7c6,0,0,0,2013-06-27 02:50:09,51,9293,0.0661,9344,85,36,13,85,15,45865.3629,362,154.6122,2411
2183,c06244916ad3b3527345f4a6b6130214ddc987fb,0,0,0,2013-06-27 07:54:50,21,9293,0.021,9314,1,1,13,15,9,29611.7853,725,335.7757,2757
2187,93a03feacebb34b639558b8e6400398b3ae26f37,0,0,0,2013-06-27 09:08:18,91,9293,0.9708,9384,4,2,1,23,13,70718.8429,710,351.3053,3254
2184,39355875f383f733850c1203512042ebdc93be15,0,0,0,2013-06-27 16:37:05,4496,76,5.6616,4572,2,1,13,512,31,27729.6414,701,349.36,2164
2178,296da81fc809f71e8e08bda612ba89925880fb6c,0,1,1,2013-06-27 19:54:25,43,31,0.0119,74,85,1,13,61,13,22301.3348,44,24.8741,63673
2191,cc83177af8a81499d4dfa2ba182427f2c2443359,0,0,0,2013-06-28 06:27:38,22,154,5.6616,176,85,36,13,249,28,54791.5593,754,346.0166,665
2199,6e81f816c730de1798fede6073b0908bf49ee5c0,0,1,0,2013-06-28 16:02:37,1220,400,1.88,1620,20,10,3,1664,88,47606.4183,645,370.916,1755
2189,66f301457f90a49ffbd3cc4c0964f36c86871ff5,0,0,0,2013-06-28 23:49:16,41,119,1.9692,160,9,2,13,18,10,17700.7815,364,182.6468,2213
2196,09ea746207a448d8ede85e7905f05e5f9535fb1f,0,0,0,2013-06-30 01:43:42,5,11,5.6616,16,85,36,1,238,22,32205.2065,1,1051.8314,46188
2176,5fe804c46fcdaa0f2a864917b142b77966ac4df3,0,0,0,2013-06-30 17:45:35,43,88,0.8593,131,1,2,13,13,21,74110.6839,367,162.3683,1059
2200,8e003d842619bfce3585761684e7ba4114be89db,0,1,0,2013-07-01 06:25:09,100,124,1.183,224,6,6,2,1570,83,30276.0898,1,1065.1519,49378
2205,dad2f11aa660de36896859ca27b454cce26b4590,0,1,0,2013-07-01 12:50:50,214,9293,2.6473,9507,9,5,3,1432,85,55340.077,778,316.3043,2126
2209,b068a9c4fa80ed85c463c6cb95102d2233fdf161,0,1,0,2013-07-01 17:05:25,89,615,4.1691,704,37,9,4,1806,89,38250.6299,644,275.2683,6839
2188,ec3b8f8173e6bdae313bf7f3814e3718a0cd3348,0,0,0,2013-07-02 02:36:04,34,79,0.0449,113,85,36,13,15,5,16438.9057,376,164.4094,1322
2206,bfe1e1cef71baa6dc2a4bccbe0848f06f52474ec,0,1,0,2013-07-03 06:32:59,1374,283,2.4248,1657,19,5,3,643,35,69469.8201,636,283.8552,382
2166,6158c6428ea72311d7dc477df871aa99857d567a,0,1,0,2013-07-03 12:54:18,4496,36,0.7865,4532,2,2,13,28,10,36233.1824,746,334.6335,2338
2195,b7e49b3ab16ad601df76b57ba47a6c685f28578d,0,0,0,2013-07-04 13:32:41,4496,47,0.0198,4543,85,36,13,125,10,58453.7413,750,346.5834,2959
2194,1a2f35731fb3e7804176fad44fb505e02a43f517,0,0,0,2013-07-08 00:27:04,59,9293,0.0621,9352,2,1,1,3067,6,36847.4826,353,161.2955,1175
2204,9ec7b808ac6786db74b5cbad0a63f6a9cdfdc5bd,0,1,1,2013-07-08 13:49:21,273,210,1.4561,483,15,9,3,1370,85,61596.1455,664,310.6065,1523
2201,4cd087f44a0fdaaaa49ea82745d4f7aeaeace1fa,0,1,0,2013-07-08 16:08:33,35,31,0.0179,66,85,1,13,23,13,34381.4054,725,336.8315,2401
2212,f8c072e974eef21ca7287e21db33f09788cb56c0,0,0,0,2013-07-08 16:30:31,4496,9293,0.8351,13789,1,2,2,1322,83,13609.4857,1,1047.1756,50395
2218,e9c674242b617588651ecbb79669e97a612cd25b,0,1,0,2013-07-08 16:34:34,866,396,0.0,1262,1,20,6,2338,0,49793.1983,1049,420.1611,7652
2208,fc8b76f79ec725c1082b18a0d6b19bdd080bb033,0,1,0,2013-07-08 17:39:25,4496,1125,0.0,5621,1,21,2,614,48,28200.5233,1069,200.7244,7692
2227,f57b89a9c2271367151fee7747913a74936cc830,0,0,0,2013-07-09 11:19:31,26,9293,1.0231,9319,2,2,2,1435,85,68461.4309,714,347.7115,3410
2222,0beab74df98cf4022717a686ea087e546e67dbf8,0,1,1,2013-07-09 14:05:29,62,16,0.9337,78,5,4,2,1396,83,54213.2603,757,332.9616,3467
2214,db4da73e58424de64d56d61a7bca10d33fe213d1,0,1,1,2013-07-10 02:08:42,110,147,1.8417,257,6,6,2,213,26,42312.638,39,43.3895,1025
2210,626b0783c70f69e35861cfbbd523632d8d91537c,0,0,0,2013-07-10 04:50:51,4496,87,0.2493,4583,1,2,2,1452,86,35979.1531,405,162.0885,2495
2220,829688f9ebf941f90d2168fcfaa8b9385eb14318,0,1,0,2013-07-12 04:36:30,61,70,1.596,131,4,3,1,26,94,77071.0664,100,68.3748,63673
2223,daff1fce0f17c03d51e06d1d9a27a70d9785a5a6,0,1,0,2013-07-12 13:25:48,471,221,5.0237,692,51,13,4,1593,79,67396.0027,925,248.1017,63673
2213,71afb93d9a7862705914cd0420cfda8f23c83797,0,0,0,2013-07-12 15:17:05,4496,15,5.6616,4511,85,1,1,3067,7,4131.1348,726,334.5678,2456
2217,c048f97cb02c136d98ba6f711a904881e99e6f5c,0,0,0,2013-07-13 00:04:30,4496,9293,0.03,13789,85,36,1,49,14,15014.0973,377,176.5935,1537
2221,0a6e5fb44e791dfa6989522e1b3f326424afcd51,0,0,0,2013-07-13 00:10:33,4496,44,1.9636,4540,4,2,1,157,22,30517.5322,376,163.0686,1628
2211,920fc9c3005ba14f8918ae4ba5dfe53e38154403,0,0,0,2013-07-13 01:32:33,4496,9293,0.053,13789,2,36,13,204,17,5857.115,411,164.1998,1492
2216,872e1218d8ab86b05682ff83363f1a99cefcb0c6,0,0,0,2013-07-13 01:35:58,4496,67,5.6616,4563,85,36,13,16,6,5839.2754,415,181.6494,2225
2233,295984dbd08598793cf2d072705010302fed205c,0,0,0,2013-07-13 23:50:23,50,9293,0.9503,9343,2,2,2,1387,84,27556.576,367,177.7279,2514
2236,b60f63d5438be5ea3f564e7d00e32d1fdb4001de,0,1,0,2013-07-14 21:54:54,45,93,0.7397,138,3,3,3,1537,83,31047.2723,280,111.2985,2254
2219,20c0baf08565fbae1b6fb52f80155039a847f93a,0,0,0,2013-07-15 07:45:54,4496,9293,1.4493,13789,2,2,2,37,8,49735.3232,714,327.9717,2280
2226,f5b224cf9aa0f319d51078ef4b78d55e36613963,0,1,0,2013-07-15 08:33:34,4496,9293,0.7002,13789,85,2,2,39,7,60291.0474,699,353.8156,3828
2235,ba6396a20c642108447c0c9820e2585ed6f6adb0,0,1,0,2013-07-15 20:52:45,4496,100,1.1712,4596,2,3,2,1872,90,40346.3911,633,220.2324,1440
2230,d6145668c6cee8e30246f912ee58e8cd2ffdb9ba,0,1,0,2013-07-15 21:10:23,4,9293,0.0033,9297,1,1,1,313,31,1028.9884,615,228.1442,1650
2234,e7061901a108a9388f270323d327881fc83098ab,0,0,0,2013-07-15 22:08:39,4496,9293,5.6616,13789,85,36,13,519,36,4260.5194,593,220.6571,1917
2228,66599611d585ec600bfdceed14868889e0cb423b,0,1,1,2013-07-15 22:37:31,50,48,0.401,98,2,2,2,1372,85,45165.5475,2848,1057.7774,50309
2232,b2daab711cd8dc03afb39a6464f21325ba0193ee,0,1,0,2013-07-15 22:44:40,12,42,5.6616,54,1,36,1,11,3,580.2115,1,1055.6206,46077
2238,3280fb087801de8b66eaf32e7b73a9e74a07d0ce,0,0,0,2013-07-16 04:44:39,4496,9293,0.0311,13789,85,36,1,512,37,24069.4968,598,219.9013,1958
2239,57f1ad3a39ad60e37d5981c77a31776a3ccb0efe,0,0,0,2013-07-17 04:38:52,44,9293,0.056,9337,85,36,13,94,11,18895.6539,414,180.8428,2207
2225,9382c4b4c505f89ad23df0455ea0c7001317eb3c,0,0,0,2013-07-17 20:01:37,4496,34,0.028,4530,85,36,13,244,15,63373.2343,625,234.4325,1901
2231,2b53cf78f53b333f90f0b3d55e209483d0434f75,0,0,0,2013-07-18 02:36:24,4496,9293,0.9562,13789,3,2,1,278,24,15751.5021,357,178.6753,1491
2237,681983a1fc83c1bc7f110dc07ab7250f4269eee7,0,0,0,2013-07-18 12:25:19,74,9293,5.6616,9367,2,1,1,349,32,82442.3269,220,110.9402,775
2251,4f0d7b456a2ba14f9b63e41982daa7868cc82e63,0,1,1,2013-07-18 12:30:01,15,9293,1.1684,9308,3,3,2,1405,85,54642.4507,714,329.3827,3358
2243,76ad645a3a8591dd7d5062dc97e2590631bf5970,0,1,1,2013-07-18 21:14:37,88,129,1.5333,217,4,3,2,1719,90,17340.5597,573,241.0733,901
2245,373c0336e3e902d2332765ce712546a9e1bef837,0,0,0,2013-07-18 23:46:12,4496,67,5.6616,4563,1,36,1,523,37,8573.3301,634,221.7789,1221
2247,dc51727a15f0a5936fc70083356ca2a48d4d39ef,0,0,0,2013-07-19 04:00:47,4496,86,0.0774,4582,85,36,1,3067,11,35131.6462,367,180.3166,1130
2254,57769f6bb511282d7d9918f5cceabe7dbb6e8dcc,0,1,1,2013-07-19 06:49:30,130,199,2.0455,329,10,6,3,1335,83,39680.1709,702,324.7533,1991
2249,27efded38d855b24f41e5332ffb29cd13d98f8da,0,1,1,2013-07-19 06:52:19,35,9293,0.4019,9328,3,2,2,1680,89,26350.1873,757,326.3891,3329
2252,b257109a77e13ff154ded9b75b5e18263eab7bab,0,0,0,2013-07-19 08:34:54,34,43,1.1833,77,3,3,2,1379,84,32081.2765,743,345.1065,3218
2250,f8be23a8154e8c1d1159ff8ea1dadc82ce89bd2c,0,1,0,2013-07-19 12:52:20,448,768,3.8639,1216,24,2,13,3067,26,30126.6295,677,309.9035,4457
2246,c3171085ac520d2119146cb81b67efd7d1b61961,0,0,0,2013-07-19 14:13:43,55,9293,0.0687,9348,2,1,1,256,17,8419.1826,213,106.2354,1634
2256,5ac5676282eb7f6ac12ef0629e565ab4c983173b,0,1,0,2013-07-19 15:09:15,4496,88,0.8503,4584,2,3,2,1446,83,33529.3752,157,64.6764,983
2263,5a18e3706424270439aaacbf8ef9b57547510459,0,1,1,2013-07-19 15:21:40,232,523,3.7426,755,23,6,3,1533,86,16759.8674,850,274.6328,1109
2248,ed645f32aaa0247f010840170594f5b214c6c185,0,0,0,2013-07-19 16:05:22,25,9293,5.6616,9318,1,1,1,10,14,85845.871,717,330.8371,2914
2253,0cc0d8ded34051bf94e936dc4564b634a68ea864,0,0,0,2013-07-19 16:19:09,4496,41,5.6616,4537,1,36,13,121,24,70865.2347,128,48.182,96
2257,0396ff4785ff98956c4aa161cece9fb3d2c8a9fe,0,0,0,2013-07-22 05:55:34,4496,65,0.0669,4561,85,1,13,174,21,41979.8145,409,162.9708,2440
2261,b0f7bab7da7511b8b26332a3b436967ae75cecca,0,1,1,2013-07-22 09:30:25,44,98,0.2338,142,2,2,2,1413,85,8883.1831,717,345.7938,2441
2273,37130b5998e060b52c379fbd726d61e3e7926a3c,0,1,1,2013-07-22 13:44:55,4496,9293,1.4303,13789,4,3,2,1355,84,31111.1404,745,334.8724,3380
2258,fbe63ab3d9d71107261126616fce4199fdd61e36,0,1,1,2013-07-22 13:48:47,4496,24,1.0156,4520,2,2,2,1523,84,31263.357,730,336.7955,2875
2267,dfc9faf28bccdd0e0da0681698ca5223968369d1,0,1,1,2013-07-22 13:50:58,158,9293,1.8709,9451,8,4,2,1405,85,49182.9366,162,67.1296,1275
2255,371e7bf69bbfdca0f5415e32a8c0f652711f5257,0,1,1,2013-07-22 14:48:24,66,55,0.1537,121,3,2,2,1394,84,31150.1181,714,327.9658,2579
2280,0f0a11c979d5ed8503dbba87894e685245cc1b41,0,0,0,2013-07-23 00:41:31,4496,47,0.4718,4543,3,2,2,1456,84,7493.1912,411,165.7002,2165
2268,25a46eae5d1f6b48a490a4e77eb4df7c81a436d9,0,0,0,2013-07-23 21:49:52,4496,9293,5.6616,13789,2,1,13,50,15,47214.6408,216,131.9209,1575
2259,9ae960a1a4f57e3c9ec018f3cbb32fd3312d7a6e,0,0,0,2013-07-24 12:18:57,23,9293,0.035,9316,1,36,13,3067,8,73416.8725,743,331.8259,2172
2276,ce4e4b9b5b29b0e0518aafe02544de3765ea9dd7,0,1,1,2013-07-24 15:46:52,273,166,2.3503,439,8,2,2,1344,83,50172.8566,783,316.726,2179
2272,1e73b330aca294b924e5045905db615e77b13690,0,1,0,2013-07-24 19:33:04,25,9293,3.0106,9318,11,2,13,3067,13,33750.7743,170,68.0997,63673
2269,843e92c96b0ce5a8418ba42bbef5a6c26750fe79,0,0,0,2013-07-25 05:36:17,57,121,5.6616,178,2,1,1,42,10,31155.3532,355,178.7149,1357
2274,a2a31244a7434cd93409754d6bbeb180147d3df1,0,0,0,2013-07-25 05:48:09,36,85,0.0527,121,85,1,1,3067,7,25384.0984,416,181.6395,2364
2262,4fbed40c6c7f2dc9af8feb222139d06adc0eecbf,0,0,0,2013-07-25 05:50:05,4496,107,0.032,4603,85,1,13,3067,6,31365.0605,421,161.6801,1497
2289,bfd73beaf1554370eb23897a403991b3e2467dd1,0,1,0,2013-07-25 08:25:31,503,680,3.2532,1183,35,14,3,1644,80,41488.5305,592,292.4358,5323
2270,a3dbc3ddc720f9ca4a9075fa542b3a8af54187fc,0,1,0,2013-07-25 15:52:26,57,174,1.0957,231,5,2,2,42,6,58908.9875,596,218.4701,2088
2279,1a45fcbaa331c768edb083f5682b4f559f4de33d,0,0,0,2013-07-25 17:20:05,20,9293,1.4601,9313,4,2,1,31,11,8060.819,230,116.5023,1695
2283,491098e797d01b99275b98109392455f4a5bc2bd,0,0,0,2013-07-25 18:14:16,28,124,0.9715,152,4,2,13,42,10,2562.3674,262,131.2093,708
2288,dc457c5ebca5654c86b4df8a7574e579bae00b7e,0,1,0,2013-07-26 17:02:44,1,9293,1.7004,9294,6,4,3,1397,83,34398.364,225,131.529,598
2278,6d6a5e330bfdbda911f8ad0df393dedfbf648632,0,0,0,2013-07-29 01:12:24,39,49,5.6616,88,85,36,13,3067,10,18962.651,370,178.5786,805
2284,605c640aae57c2c8ea456e4a457032bee2130be3,0,0,0,2013-07-29 04:42:37,4496,9293,5.6616,13789,85,1,13,208,17,27826.2303,419,188.8354,1387
2287,6decaf4e868658fc79a29cc4ce91d09d490b389f,0,0,0,2013-07-29 06:10:05,56,88,0.0529,144,2,36,1,35,10,42772.8424,368,158.5681,2360
2281,d28034916f2cc52a52912fda6c32417b00c3c053,0,1,0,2013-07-29 14:13:38,4496,195,2.5203,4691,8,4,2,1453,82,44806.1203,2862,1267.3333,1528
2291,f2be80c6170f469a42b0f01d91b4ad206b5c1cf3,0,1,0,2013-07-29 18:15:00,21,44,0.0292,65,1,36,1,118,15,79781.5559,69,4.2459,63673
2292,d2f43e41cad76fccc666b0d90ef9a20df221e22e,0,0,0,2013-07-29 19:18:28,4496,9293,0.9642,13789,1,2,2,1361,84,54396.9966,2845,1043.0818,49520
2264,1795e1b1cdef53d12e30ff24d7f934a1f0b4a814,0,0,0,2013-07-30 03:22:52,28,9293,5.6616,9321,1,1,1,14,3,14894.1064,2849,1058.2306,46610
2282,6b3b62f98e5243b0bf9ecf65cda78989619ae792,0,0,0,2013-07-30 05:11:10,4496,76,5.6616,4572,2,36,13,35,7,25331.533,405,164.4138,1543
2293,af1a9fef29be8220973834f89b21bd539efdf055,0,0,1,2013-07-30 14:23:56,4496,9293,5.6616,13789,1,36,13,60,13,68059.9452,2853,1047.7961,46001
2307,aa518998c9114f6cc8de4bb43d5dae7eaa6b06f8,0,1,1,2013-07-30 19:29:44,4496,51,1.3552,4547,3,2,2,1355,83,66135.9173,1,1043.2249,49439
2266,2ccbe3c6f547511e79454b79cbef682ef8a6973a,0,0,0,2013-07-30 20:38:57,14,9293,1.009,9307,2,2,2,1383,84,9437.5822,1,1049.8841,50089
2295,22bf2c40e46ddf11e1ae0faf0db9e58578c662c4,0,1,1,2013-07-30 22:58:59,4496,54,0.6141,4550,2,2,2,1388,85,21138.3747,130,51.9832,115
2310,7a39421074d3d14bfc1a4fa1ab986b4fa614f324,0,1,1,2013-07-31 23:15:40,88,27,1.1685,115,3,2,2,1388,84,9136.047,2853,1054.7356,49816
2302,a7202effa7067604ef23eae441caa8b9480a63f4,0,0,0,2013-07-31 23:22:49,4496,51,0.9512,4547,3,1,13,31,7,1027.0893,1,1042.4942,45855
2294,0f49210cb6af7a57b9d8a37cab4f3b1edbd64ec1,0,0,0,2013-07-31 23:23:39,4496,12,0.0121,4508,85,36,1,2,6,86384.0,1,1050.1613,46303
2301,5c2895881b8f4ff080f1f7236f5d759f0323ea91,0,0,0,2013-08-01 00:22:29,4496,330,0.1561,4826,3,2,1,175,28,1173.9247,1,1032.9585,3042
2304,4cdd75a5887f39cc6f2cb7971b06699d534663d4,0,0,0,2013-08-01 03:34:47,34,79,0.0465,113,85,1,1,265,25,50281.9532,203,132.2286,306
2285,dbe53c811fea105f0a98adbb21850348ce37d336,0,0,0,2013-08-01 17:06:18,16,9293,0.5763,9309,2,2,2,1383,84,69593.4308,2855,1049.9052,49829
2296,9ff7d6f0296c3f304cb9ab18966686daf72dffb7,0,0,0,2013-08-02 02:07:09,58,9293,5.6616,9351,2,1,1,282,21,42787.5025,373,160.7396,2623
2305,a11724366d3706a5fb079c75ef844ee3c808ac90,0,0,0,2013-08-02 04:59:53,55,116,0.078,171,2,36,13,506,29,20538.63,1,1040.3168,47039
2313,ec673ac99708ba6c0d62a50f6c870d846a7435ba,0,0,0,2013-08-02 17:16:17,51,75,0.5388,126,3,2,2,1396,85,27216.2614,2840,1042.9122,50428
2299,703bd684ca79f817392acfed5c26ad0871660735,0,1,1,2013-08-03 21:40:02,208,89,1.7081,297,5,6,4,1368,82,51578.449,206,95.4208,2158
2309,c552c29dffc848dfb91216bf520d379b5a25e150,0,0,0,2013-08-05 01:13:59,4496,38,5.6616,4534,85,36,1,30,6,6858.7647,411,161.3658,2294
2303,75d0ac9b270a8a82c72e37dfb4b73607b75664cd,0,0,0,2013-08-05 13:11:46,4496,9293,0.0566,13789,85,36,1,15,5,14637.7448,231,112.3411,1714
2308,bf6c3aaba3657b7b57ebfac2de42f6ee27138bed,0,0,0,2013-08-06 02:45:57,50,9293,0.7501,9343,1,2,13,166,21,26935.7812,93,45.5888,38
2306,913edd65090cf4d38aa8bd3b3966e56fc52caecb,0,0,0,2013-08-06 02:54:53,4496,37,5.6616,4533,1,36,1,154,18,185.0344,94,59.5028,155
2286,3d95cad4f014deb7868a7cbd816351a6bdfacf32,0,0,0,2013-08-06 02:54:53,25,9293,0.0156,9318,1,1,1,153,18,958.9956,65,49.5941,94
2320,ed4a06771f555f49882c37f02ae45a58c2301105,0,1,0,2013-08-06 19:15:46,337,122,1.0051,459,6,4,3,1475,84,55569.1241,1,1028.1722,59324
2314,238139cda53eae51516c477f7ac10c5397df02a4,0,0,0,2013-08-06 21:55:20,16,41,0.9685,57,2,2,2,1395,84,7813.9595,1,1056.4793,50201
2319,18f0234bf908d1f970bb694d0bb58539ab427387,0,1,0,2013-08-07 17:19:09,629,232,2.1143,861,10,5,3,1490,84,56660.3077,2862,1267.3333,793
2277,f022354cb44a15d034b3a28dec5d38cc97084faf,0,0,0,2013-08-08 15:57:48,19,32,5.6616,51,1,1,13,19,2,43697.052,2853,1056.8795,46454
2311,e533d5afbc0cc1c321060dc40224422d23578b4f,0,0,0,2013-08-08 16:11:38,9,14,5.6616,23,85,1,1,47,10,75267.2748,2861,1053.162,46273
2318,23d7bd85758762dbc2b717af56c4f590702a8b30,0,0,0,2013-08-08 16:15:27,15,34,5.6616,49,1,1,13,152,20,33238.0308,2854,1047.6987,45951
2317,93f838d18518b42427f6596041a7d7edecda4ff4,0,0,0,2013-08-08 17:57:04,4496,81,0.034,4577,2,1,1,67,22,84549.4291,639,237.7012,1234
2298,50b40e91f0605f5dea56994fe4de47dfd6e46b36,0,0,0,2013-08-08 18:03:08,4496,9293,5.6616,13789,1,1,13,60,21,117.3298,619,225.0309,1888
2315,a0d6ed1290540673b0336418cbca0dd2f07e64a8,0,1,1,2013-08-08 19:30:16,719,9293,2.9092,10012,11,2,1,181,26,51092.4531,77,38.8273,63673
2321,815b2382a34dc25f005c9cc1bde78e10bc5d2ae0,0,1,0,2013-08-08 21:21:40,157,9293,2.4537,9450,12,8,3,1355,86,15854.7001,2862,1267.3333,1669
2323,2bcfab03c6621114178cd3c248667373bc6a970a,0,0,0,2013-08-09 15:51:53,65,132,1.3602,197,4,2,2,16,19,51548.5329,265,135.2243,663
2336,f5d632fa7ad94021bde4f4f6401a1bfcc2759c2a,0,1,0,2013-08-09 19:10:36,17,9293,1.4027,9310,6,5,2,1506,85,57592.5362,123,49.516,1287
2329,cb0a0cd2f8295a526068b7f6c52860e707e7665a,0,0,0,2013-08-12 10:36:43,4496,9293,0.0431,13789,3,2,2,281,29,43365.1211,198,108.8387,494
2322,a34790085ae7f79615f7225911ba9cf8ceb8f3e2,0,0,0,2013-08-12 16:07:53,4496,108,5.6616,4604,2,1,1,3067,0,73708.5201,114,66.5177,1060
2335,89fc57674e68c834564cbcfd42e158fcb0aa4d33,0,0,0,2013-08-13 16:44:43,4496,88,0.6107,4584,2,2,2,1412,83,61730.6375,69,14.6486,581
2327,2d2099751c63149f21b5635e0e290722b2ae92d3,0,0,0,2013-08-13 18:16:02,4496,9293,5.6616,13789,1,1,13,3067,13,10625.8262,157,51.1279,63673
2331,e15dee2f4a92b1d0822f229488d89a405b4ef0cb,0,0,0,2013-08-13 18:16:59,4496,9293,5.6616,13789,1,36,13,13,12,416.6262,126,50.5472,279
2324,82081c7b4b2ad2d602374f0817abc4cfc2c86c98,0,0,0,2013-08-13 18:52:34,44,9293,0.7528,9337,3,36,13,137,10,44159.1637,227,128.1646,1618
2328,c651f83627b4bc491e2ebe6c8f29c311d40ed2a6,0,0,0,2013-08-14 00:44:45,58,9293,0.5154,9351,85,2,2,45,4,23299.8812,366,184.117,1689
2339,9e846d9ff69f825f6200f7f75fdfc53926bfc255,0,1,0,2013-08-14 06:41:30,650,250,1.7862,900,9,5,3,1760,84,60132.4716,157,48.5677,63673
2326,65f189b9d0520ce9d6a2ed8742d227e60a3e76d4,0,0,0,2013-08-14 12:07:41,46,9293,0.0479,9339,85,1,1,3067,8,69005.9442,22,1267.3333,63673
2333,1db8a221b30362d11799b20bf1b699d28022114a,0,0,0,2013-08-14 16:36:22,6,49,5.6616,55,1,1,13,131,22,54024.8936,2850,1048.4045,45955
2334,a2006b6d8992ebac9eab6fee890cd7b4004872f3,0,0,0,2013-08-14 17:57:57,4496,9293,0.0307,13789,85,1,13,3067,94,74903.4331,272,130.874,898
2332,e7c96c438ca9d4ac43030306127a8698659ac033,0,0,0,2013-08-15 02:07:18,4496,9293,5.6616,13789,1,1,13,11,7,72009.9532,2854,1048.1065,46022
2325,873ce0cb3f05d55753f205092e681c963cd20fc4,0,0,0,2013-08-15 02:07:18,22,21,0.0202,43,85,1,13,3067,7,72019.8263,1,1055.7234,46475
2348,bc12d73a5a0f31ab8258b3d2a35063b5750df91c,0,1,0,2013-08-15 20:17:13,294,182,1.5625,476,5,7,3,1558,83,30275.294,2834,1033.4561,56765
2338,ea712bbbe8bb66ceb439dad0ddbb10da18a19c22,0,0,0,2013-08-16 01:52:30,37,9293,5.6616,9330,85,1,1,31,6,67273.4986,220,114.1157,1817
2343,ebab9d39196384f2b9f37cb241b276f8112ab281,0,0,0,2013-08-16 02:00:35,4496,143,5.6616,4639,85,1,13,362,30,44511.1264,298,105.5745,346
2345,3529ac711e5588918afcc8b514aa03c67a9adac7,0,1,1,2013-08-17 15:40:09,24,3,0.5827,27,2,2,2,1423,84,40137.4672,239,119.6955,1552
2341,8de7c1f5de0fea4d2e49920eea0f08c33fdb56f8,0,0,0,2013-08-19 02:40:53,4496,9293,0.047,13789,85,36,13,35,11,77568.3856,413,176.6293,2232
2351,bc98886d4bbb15eec28f2e8f059dddbd47999985,0,1,1,2013-08-19 23:01:57,11,9293,0.9303,9304,2,2,2,1465,84,47250.0626,1,1056.8338,50130
2342,7a300c2a5e84cc39d1ac7e97dbf2f16a5e0013bc,0,0,0,2013-08-20 16:40:14,4496,9293,0.981,13789,2,2,2,1431,84,32832.3,739,342.6332,3225
2356,dbb55ebd685ca36dc962e07d1a33b3354a1ce433,0,1,1,2013-08-20 21:38:52,4496,9293,2.4407,13789,7,3,2,2157,91,38960.6767,332,148.1426,3394
2350,fcc51ea49bb45b5862acdb458a5c9a96880597bc,0,0,0,2013-08-20 22:30:28,4496,9293,0.7468,13789,3,36,13,3067,6,59608.9643,114,67.4962,63673
2347,a606c6c5ed25ddb87ffc3f6ca5dfa18d34a46a25,0,1,1,2013-08-21 14:09:20,4496,87,0.3718,4583,2,2,2,1423,85,66202.936,714,350.8819,2328
2355,b362aebd304144235121350913839b9a7ba3a5b0,0,1,0,2013-08-21 16:09:58,153,148,1.3281,301,9,5,5,1415,86,52645.8278,195,88.4744,244
2215,647e0678db7c4a112a605754459e3d67973275c3,0,0,0,2013-08-22 03:32:37,4496,9293,0.0599,13789,2,36,1,110,16,36623.15,361,184.2552,2333
2354,d60ead8eeabda1edbb622b9a73f81e835ed69ba8,0,0,0,2013-08-22 03:32:37,42,72,5.6616,114,85,1,1,162,16,37963.6515,362,159.0544,1342
2357,3f5322f02af3ef7e93706cd80ca65c5b127478e0,0,0,0,2013-08-22 13:39:16,21,50,0.0289,71,85,1,13,20,9,2354.1301,110,32.9117,40
2346,407980c76bee05f91d9cc7d6ce5f664f11b08318,0,0,0,2013-08-24 00:37:21,45,9293,5.6616,9338,2,1,1,24,3,38898.7387,366,180.5967,2645
2352,cc1072473bf4908ac24ee279111d8ffa6146f78b,0,0,0,2013-08-24 00:50:29,4496,9293,0.0268,13789,85,36,1,16,6,22046.6639,404,165.161,2409
2359,8d1fc58276c9e79eaccb35720b804fa4cc048927,0,0,0,2013-08-24 04:25:06,26,70,0.03,96,85,1,1,521,36,23751.4295,364,165.6581,2259
2360,cd6aa2d1ef16a8af2e5e3de20e2389575d8021e1,0,1,0,2013-08-24 05:04:04,246,9293,3.9969,9539,19,7,1,1159,58,34719.548,269,122.9446,63673
2353,65cd5801f53e2d9abe3cd9d557e39a425976cc6a,0,0,0,2013-08-24 21:22:23,23,9293,5.6616,9316,85,1,1,163,13,83581.8774,237,116.3491,801
2368,02d9238e2ac664ded1db7b923201bd4d9730f9b3,0,1,1,2013-08-26 15:35:19,1,9293,0.4607,9294,4,3,3,1472,86,19702.0439,719,330.0323,3402
2361,625d43f83ecad4957aef5ef36bca10f559ddf9c8,0,0,1,2013-08-26 15:49:49,4496,29,0.5537,4525,2,2,2,1401,84,7662.1857,240,123.5815,1552
2365,f5c9b4a8b9a7cabfd99e1f9b3978498a6bd55c39,0,1,1,2013-08-26 16:37:32,144,9293,2.3697,9437,5,3,2,1537,82,27716.5623,209,76.6347,63673
2363,cf1de311224dce9c3db51db9dcbeae30bb22cfd0,0,0,0,2013-08-26 20:22:55,71,9293,0.2208,9364,2,2,2,1416,85,8869.2354,2862,1267.3333,507
2371,4b805adc54007498d7ddd63ce0de43bfe126675f,0,1,0,2013-08-26 22:41:36,4496,147,2.1996,4643,5,3,2,1747,83,45824.5157,2830,1041.3473,48841
2375,a4dd7aa39277c6c7426b9e05e2d3676bc428692a,0,0,0,2013-08-26 22:53:44,4496,68,0.8716,4564,3,2,2,1453,83,30156.9529,2846,1060.5247,50532
2362,db381eaa0823e2d36bec664722fd17714efeecc8,0,1,0,2013-08-27 02:07:49,4496,9293,1.0012,13789,2,3,13,547,31,42867.8789,2832,1039.8257,45538
2358,c2847864c6ec05320f18ba380104742b41ca4023,0,0,0,2013-08-27 08:50:07,30,69,0.0407,99,85,36,1,3067,0,39500.6905,749,329.9112,574
2370,47b2cd6620894bf0c4c4584036eab49a2e14a50e,0,0,0,2013-08-28 03:44:16,37,124,5.6616,161,85,36,1,50,8,49983.3373,1,1040.3239,63673
2349,6ad62c3f4a44ccbf1b462075610487e771e56f73,0,1,1,2013-08-28 10:31:59,23,9293,1.0537,9316,3,3,2,1409,84,48704.8218,729,334.9245,3147
2367,1a5021525bb68434daa8f7a3f47828b8475b4e89,0,0,0,2013-08-31 18:17:22,46,9293,5.6616,9339,85,1,1,116,23,44385.838,65,65.5259,891
2388,b14273b4352ac814946d8e1b9f9be479ddae8d0b,0,0,0,2013-09-01 01:35:19,46,9293,0.2329,9339,2,2,2,1439,84,24859.3983,1,1046.572,49769
2379,7375c03aa6b6b8c97b9485e8a94b26a9ca1ee465,0,0,0,2013-09-01 02:36:03,23,9293,0.0131,9316,1,1,1,32,7,3502.4386,2858,1051.1506,46334
2373,3380fa7baf76998b7c2fdbcb85b23fa3f0099f7c,0,1,1,2013-09-01 19:34:11,43,9293,0.5012,9336,2,2,2,1544,85,34792.6799,1,1046.9036,50519
2385,4e52e0d2add1358c5d80bf9bf805a987dfb4dc5d,0,1,0,2013-09-03 04:18:03,4496,9293,3.3895,13789,31,16,3,2301,81,43798.5203,364,193.5386,63673
2369,31f6ec1bf5ac642ea0e47e40e62add46901135fc,0,1,1,2013-09-03 17:11:40,20,9293,0.1395,9313,1,2,2,1392,85,40290.7574,1,1060.8626,50480
2378,d1595b2175f09d69400c4287994845412f8a8e87,0,0,0,2013-09-04 04:43:49,45,9293,0.0654,9338,2,1,1,515,29,2513.1436,211,135.7939,692
2381,06dc4d0fd278ce0b4b8f86eaca1ff45269c0da17,0,0,0,2013-09-04 12:54:40,39,9293,0.976,9332,3,2,13,27,10,46310.0239,756,346.761,2167
2391,edc753127311fefa8de47fb9cc42a30cd783c24a,0,1,0,2013-09-04 18:50:45,4496,119,1.7888,4615,4,4,2,1519,85,55541.2392,278,110.7432,884
2380,b248b1ae390bcbe81724c499882435a4a5eda4d8,0,0,0,2013-09-08 16:40:38,50,9293,1.841,9343,5,2,13,3067,4,81272.8242,215,114.5189,1744
2392,04cd81cdbb16e4f64b950325b581c6ba573b14a8,0,1,1,2013-09-08 22:41:24,8,7,5.6616,15,1,1,1,254,22,32767.3332,2861,1052.0633,46178
2382,30f5e561312ef7359d9a8ad0c3803e0ae150a4b7,0,0,0,2013-09-09 07:57:02,4496,39,0.0201,4535,85,36,1,45,18,49955.9835,1,1045.34,46030
2384,52678a284382d4da911c007fe8bc84b47057925f,0,0,0,2013-09-09 22:43:21,4496,9293,0.0511,13789,2,36,13,3067,4,14118.2265,413,177.1614,1365
2400,4f5242cfbfb302e8099cb514ea78f134fef84d45,0,1,0,2013-09-10 14:13:01,16,553,2.4248,569,7,6,3,1722,84,42873.8035,206,108.3916,2158
2390,caef32e5d67c3b093de53bf99479cd457169178c,0,1,1,2013-09-10 14:41:04,63,9293,0.4368,9356,3,3,2,1794,86,25542.0889,229,133.2915,877
2393,1ff0d8e9f653b7575caa0f2c09e59ff51c79a8ad,0,0,0,2013-09-10 15:23:03,4496,9293,0.0483,13789,85,36,13,3067,11,3344.1748,270,109.7469,1698
2401,70297f9ad44d52cc9612cd91e7305969fc86e204,0,1,1,2013-09-10 18:28:23,163,93,1.0137,256,3,2,2,1388,85,25898.8074,584,215.3246,1436
2389,fd129664ca482181d2c794a68bbd5a5bcc2b01be,0,1,0,2013-09-10 21:43:28,129,156,1.7164,285,8,6,3,1632,83,21567.377,292,101.2516,2861
2398,f5618e36dcec78c0fb791327defad14b4488b235,0,1,1,2013-09-11 15:16:19,98,9293,0.4823,9391,2,36,13,3067,8,77219.3438,582,239.1146,1164
2374,4f119341eabcbe276d4409e8ec314ea337f10822,0,0,0,2013-09-11 15:34:20,18,46,0.0165,64,85,36,1,5,6,1317.6098,622,232.9051,1512
2395,8cc28a1477e19545bd0f6dca9180c937f9c85c8d,0,0,0,2013-09-12 11:21:20,4496,24,0.8254,4520,2,2,2,1492,84,44632.3264,1,1055.5195,49873
2404,f663a996c799bd93963a50b418ed5fcde2e48a40,0,1,0,2013-09-12 17:35:31,87,56,1.3516,143,5,4,2,1407,83,30437.2436,279,107.873,1826
2399,2ce932761afd9f0b0949dcd97d360927c3a2c007,0,0,1,2013-09-12 18:24:26,4496,38,0.7683,4534,2,2,2,1433,85,7990.4286,1,1059.4215,50225
2405,fa70e064c41b13c1528359485c0e2bffcf3b23f6,0,1,1,2013-09-13 07:15:24,4496,41,0.8073,4537,1,2,2,1447,84,26515.2386,115,32.6477,63673
2408,50c9d77e1b2be206a765e7f86cd4b8ecf3d232df,0,1,1,2013-09-13 10:06:46,38,9293,0.8035,9331,3,3,2,1594,83,14858.041,719,344.4153,2588
2377,806a45225bb5fdfd5f21cbc90456dc9dbe7c4461,0,1,1,2013-09-13 16:37:22,4496,9293,0.9043,13789,2,2,2,1462,84,43592.7927,149,60.1639,396
2402,0e18f23c5cb7080b3bbaee15b87001b323fd1c29,0,1,0,2013-09-13 16:46:01,4496,156,2.0239,4652,7,3,2,1891,88,41635.9437,114,42.1569,63673
2407,b281dd15db9139a50493aa35c85ea270cc9e84ef,0,0,0,2013-09-13 18:53:32,18,9293,0.0157,9311,85,1,13,3067,9,79734.4028,629,223.465,1453
2397,6ec4eef2b0d7c7ef235299d47016dd64ff2ace04,0,1,1,2013-09-16 06:39:13,84,9293,0.838,9377,3,3,2,1563,84,59302.9254,713,347.5035,2688
2410,bab28e4ae4cf420f24433c24ea64177d78a7307b,0,1,1,2013-09-16 06:43:46,4496,159,1.8636,4655,5,4,2,1513,83,34862.0131,762,349.8343,3857
2412,a05f6309d16ce6943442c4f5734000d34ab313e9,0,0,0,2013-09-16 13:59:26,66,9293,0.0468,9359,85,2,1,3067,6,45697.2006,436,189.9862,943
2406,56b5c6f3024625b90f7a1deef1def7a7002b6e28,0,0,1,2013-09-17 13:31:13,4496,9293,0.695,13789,2,2,2,1431,84,8965.329,719,332.4515,3253
2417,dc95c8c0beb9309cfdfbabbd32ea1b74084daafd,0,1,0,2013-09-17 17:06:18,12,229,1.9569,241,11,7,3,2047,88,47253.9726,1,1037.318,49480
2403,dfe49376097cf73c04c0d8506782263a2e820cb0,0,1,1,2013-09-17 21:49:11,171,150,1.652,321,7,6,3,1625,84,33054.4814,1,1072.5921,51808
2414,e638acec945924d31c35fa6308b62ab6873bec6a,0,0,0,2013-09-18 12:12:09,4496,9293,0.4075,13789,3,2,2,1414,83,12777.0995,228,113.8962,1676
2423,d19f802a296862010f26e09892351d923d31a23c,0,0,0,2013-09-18 14:39:35,44,118,5.6616,162,3,2,2,1420,83,72750.0894,2834,1034.971,50454
2420,8d6271ddf22115da4032247f1fabbcea1b9a9d07,0,0,0,2013-09-18 14:39:35,38,87,0.0665,125,3,2,2,1428,85,72961.6851,2829,1039.9476,50419
2411,e93578b3bd9776b99d4068201b1f872f8f8689e2,0,1,0,2013-09-18 15:51:17,601,123,1.7076,724,7,4,3,1428,85,39576.7974,762,358.2973,3699
2429,7161aec42c5bdb9e007587e20bc71603a505a95d,0,1,1,2013-09-18 17:12:51,4496,9293,2.4414,13789,10,7,3,1513,88,34214.9688,1,1086.3905,57063
2424,9d7bb1e0c27fd5076afc750150ab4b86f228efb5,0,1,1,2013-09-18 19:19:45,79,119,1.0264,198,4,3,2,1568,83,7674.6864,116,73.6408,1105
2428,a552b305f3d1b17e394744b18efd7f40599f3c2e,0,1,0,2013-09-19 07:20:13,1396,9293,3.8204,10689,17,9,2,1950,83,46988.8045,642,308.9322,6101
2416,a886e34909c313a1c3fa5dff48b77f1cee2c6847,0,1,1,2013-09-19 09:56:17,43,9293,1.085,9336,3,3,2,1594,83,25150.9867,715,331.3325,3320
2427,caf047b8581709ba57327f9e3c4607f273771840,0,1,0,2013-09-19 12:53:24,52,31,0.4511,83,3,2,2,1445,84,5730.8514,239,119.0199,1183
2431,e5cbde9d62d7cb3a4755099750107aea77b157be,0,1,1,2013-09-19 22:43:21,99,143,0.5079,242,2,3,2,104,17,49522.3945,1,1061.4385,55044
2421,fb43309b4741372f777e8ce910cd496299a1ebbf,0,0,0,2013-09-21 03:24:10,70,63,0.259,133,1,2,2,1564,85,22613.6751,401,177.6332,2122
2433,5dc508645759f6f45f837ae38bbefc631b2209a6,0,1,0,2013-09-23 14:22:00,29,9293,0.4922,9322,2,2,2,1464,84,42520.0085,1,1047.4917,49754
2438,2267c20942feb486fbbf1bd54d7a0fbbe468ae10,0,1,0,2013-09-23 14:30:22,259,252,3.1867,511,13,9,3,2409,87,63776.1637,2802,1092.7993,48534
2442,2980796a7df00499f6011c1d5db349521c9c5a50,0,1,1,2013-09-23 14:30:22,4496,37,0.5018,4533,3,2,2,1431,85,177.4371,1,1062.059,49478
2447,ba59423b69b6d3c8c8372ee1ee40ffddf0f9d2ad,0,0,1,2013-09-23 14:39:45,28,58,0.7869,86,2,2,2,1507,84,51942.9694,750,346.6529,2763
2415,3448ca57f3714521b5b7fc88fac43e31d0adcafa,0,0,1,2013-09-24 07:55:00,4496,9293,1.0323,13789,2,2,2,1567,84,50511.0086,93,20.9137,63673
2434,326d5454dd22a40117791952a80fad37e9161d89,0,1,0,2013-09-24 13:59:09,177,345,2.3444,522,14,7,3,1448,82,43814.7959,291,95.5629,2447
2425,fa8d92312e2f881fab8e58c8afc7265bd0d52bab,0,1,1,2013-09-24 15:26:04,11,13,0.0056,24,1,36,13,145,22,589.3893,615,228.9523,1632
2449,546485310e20dd2c6c67f863cba4b5acd1bae586,0,0,0,2013-09-24 15:44:20,5,3,0.7219,8,2,2,2,1480,84,42829.5,2862,1052.6,49967
2448,1b79d6ed4f19752369a0345ae8d611ec107746d5,0,1,0,2013-09-24 15:44:20,5,3,0.7219,8,2,2,2,1480,84,42829.5,2862,1052.6,49967
2436,102e9119b8f9cad55ac84bb65cf0d620b3e17533,0,0,1,2013-09-25 12:53:30,37,9293,1.0213,9330,2,2,2,1438,83,48863.6945,92,20.522,676
2441,25926d0946ff04243dab6876dcdd76b05c57e472,0,0,1,2013-09-25 14:58:48,6,5,0.0028,11,85,36,13,330,31,1778.6989,612,226.6989,1737
2418,308a3e41e7a70be90ab3335601f3a67aa93d8927,0,1,1,2013-09-25 21:07:27,57,25,5.6616,82,1,1,13,3067,5,20601.8638,602,234.4788,1917
2439,00e871d0fa4f34e0024d82934d7ec9649ab62680,0,0,0,2013-09-26 03:15:52,4496,73,5.6616,4569,2,36,13,3067,7,86384.0,413,182.01,845
2460,20c419b9480e0e5b3c1da53a106b2a6760be35b9,0,1,1,2013-09-26 20:38:13,191,92,0.4847,283,5,2,2,1642,85,57188.73,2845,1062.6546,50551
2444,7a87fc1186f39678382cf9b3e1dd224d9c71aead,0,0,0,2013-09-26 21:10:15,6,9293,5.6616,9299,85,36,13,12,7,2017.661,2857,1054.1701,46133
2451,8693a26e42851b99716317f8c44d571f674fb697,0,1,0,2013-09-27 22:38:00,4496,9293,2.2041,13789,4,5,1,883,41,29583.1003,2821,1077.9345,47356
2435,8d3d67e5f2ce2a215dc9f72ca252e5f0efdadc6e,0,0,0,2013-09-28 02:03:15,57,137,0.0435,194,85,1,13,48,3,40713.0327,360,185.3498,1255
2446,ee553f32d31afc0c9ac627f713050bfcbc24ab36,0,0,0,2013-09-28 05:29:11,4496,83,0.0279,4579,2,36,13,23,2,10535.0434,413,181.8243,2197
2461,c8915cea4ba58174208c083b145fecaf93c7e69a,0,1,0,2013-09-28 15:22:17,174,97,1.8857,271,7,5,2,1708,83,45457.0742,1,1066.6755,49408
2453,c3b7669d003cc18fbba5f8c9bd3258c624f54c4d,0,0,0,2013-09-28 17:16:55,165,36,5.6616,201,1,36,13,3067,0,43992.0732,2855,1058.7825,46558
2457,d7bf566aed0cd8add3707f97aa309b2bba9b28ee,0,0,0,2013-09-29 21:53:45,52,9293,0.4977,9345,3,2,2,294,31,16858.6666,2820,1042.5138,47020
2464,65773b1cdcec02eef0d73c15890fd0071bb78949,0,1,0,2013-09-29 22:28:09,50,9293,2.1084,9343,7,3,2,1755,86,32667.7061,214,105.6945,2514
2458,00f6173f5d80bbdfd05b725236ba96cbbca58746,0,0,0,2013-09-30 18:01:16,4496,9293,0.0684,13789,2,1,1,520,31,40393.4519,2821,1036.587,46874
2459,705e8d5a7d179b4b9b4e002cb549af3848920236,0,0,0,2013-09-30 18:03:09,4496,9293,5.6616,13789,85,1,13,520,29,86384.0,1,1028.2028,47105
2440,672131d97fe31a7c724a236fc4f040d4c241769d,0,0,0,2013-09-30 18:52:09,20,9293,0.0114,9313,85,1,13,51,10,752.0051,2859,1054.9788,46099
2463,8f88670f721f4ab4206c9b2d5594eabf1b46cebe,0,0,1,2013-10-01 15:38:22,4496,18,1.0224,4514,2,2,2,1470,84,47962.6809,725,336.4767,2872
2468,dc7221f0bfd44dfb70d0f9256c9cb1fe91462c50,0,1,0,2013-10-01 19:20:19,4496,9293,3.151,13789,9,8,4,1951,85,34354.9961,1,1092.2049,53450
2467,32c3f44a684a1208bf9d43c18079ba45aa8e2fa6,0,1,0,2013-10-01 19:25:42,123,278,1.3642,401,9,6,6,1619,84,27557.8588,1,1084.724,53381
1454,546cbf5ffc8205e361ed9cf57b44faa384097c45,0,1,0,2013-10-02 16:00:04,4496,35,0.8397,4531,2,2,1,67,12,74026.861,2847,1046.6125,46534
1463,70239e17b55b9e13b7f356683d78887f0c9a83c4,0,0,0,2013-10-02 17:42:06,4496,41,5.6616,4537,85,36,13,10,10,11433.0526,1,1046.7302,46032
2452,5440a0a6767544d6ea1ba34f5d2a3e223f260fb5,0,1,0,2013-10-02 19:09:29,113,9293,1.7127,9406,5,2,13,385,26,37139.4447,2828,1034.1018,45784
1455,76cb10ca92d46ccf9bb3f81f0ad897c6fb9bbf53,0,0,0,2013-10-02 21:10:47,4496,9293,0.0301,13789,85,36,1,3067,7,34292.2536,2846,1047.781,46498
1459,c7af3040c6ecd7a7fa7288ac56ba0c7fe0602e40,0,0,0,2013-10-03 02:59:56,7,9293,0.0355,9300,85,1,13,47,7,17068.8782,417,164.3364,2307
2437,b3647d9e7e30668370b701bb0b3724a111e24795,0,0,0,2013-10-03 09:21:18,31,9293,0.0382,9324,85,1,13,72,16,82836.8428,751,333.1682,685
2462,31a9a2fd1e93e41632b729b43c0894c0e8e0c4e9,0,1,1,2013-10-03 14:30:50,4496,10,0.0056,4506,85,36,13,17,10,74883.9084,2860,1051.5069,46178
1460,55a55000526bc24313bbc7afc08f758d35dda03a,0,0,0,2013-10-03 14:53:00,27,27,5.6616,54,1,1,13,159,22,84226.4756,1,1056.4287,46438
1464,71c89128279af4ef9f1a990b022f77e05f5aafb8,0,0,0,2013-10-03 14:53:00,25,49,0.0121,74,1,1,13,158,22,84615.6796,2848,1049.2255,46381
2454,8dfd75de160a29516af315166649d5c66cec3113,0,1,1,2013-10-04 07:37:22,44,9293,1.1852,9337,7,4,2,1609,87,43507.6707,89,17.672,780
1470,a28b4300c53dfcb8b5a23b0b0295252e0788ee21,0,1,0,2013-10-04 21:48:37,240,50,0.2483,290,3,3,2,1623,84,27671.4258,2847,1065.2379,50368
1468,6529d7309a72916d9efd126a281801b9cfae7d68,0,0,0,2013-10-05 00:41:58,27,9293,0.879,9320,1,2,2,1484,83,13986.1234,1,1058.2247,49757
1461,8d9b5fdaedcd06462882212781fe8d86f34c4c44,0,0,0,2013-10-05 23:42:29,4496,56,0.0588,4552,2,36,1,261,15,69104.7337,410,162.4264,1466
1474,4784e6717a7217f0d82cbf73d0d3883ec52211d4,0,1,0,2013-10-06 16:27:33,3,9293,0.1871,9296,1,2,2,1450,85,58255.0961,1,1063.7141,49307
1475,d396fd47df2c04d75504208eb1de9d683747f5ee,0,0,0,2013-10-06 18:35:11,4496,9293,1.0455,13789,1,2,13,182,21,71177.8491,1,1042.3522,45603
2455,e43b82ba6c02d305020959adfcb2189389c82261,0,0,0,2013-10-07 00:39:31,27,9293,5.6616,9320,85,36,1,220,17,4195.0784,368,165.3518,1343
1465,9d31ac14dfec10ede53cbd6fecfd9a08c39bfa45,0,0,0,2013-10-07 17:55:29,38,71,5.6616,109,85,36,13,294,23,23895.1869,224,128.2758,1695
1471,3633aea42d7689fa0252c104f62b0646d0858624,0,1,0,2013-10-07 18:57:45,26,13,0.6219,39,3,1,1,26,7,518.0,613,227.5,1682
1479,bdb7bb16facda0fbe266390bd3213f092d02c0dc,0,0,0,2013-10-07 18:57:45,26,13,0.6219,39,3,1,1,26,7,518.0,613,227.5,1682
1469,a2b12784fe3785fe96d9c0e2d7e8c72bfc88ac7c,0,1,0,2013-10-07 20:22:11,61,324,2.5396,385,10,5,3,1743,84,32050.4465,101,30.9311,63673
1456,b77fdcc3df540ce5f735844eec0cd4cc7909ec07,0,0,0,2013-10-07 22:00:43,25,37,5.6616,62,85,1,13,29,6,10594.4937,623,232.536,1459
1489,6a543407835fd40f007a9210d1f837d621d446c7,0,0,0,2013-10-08 07:40:49,61,98,1.2749,159,2,2,2,1492,85,62158.7621,226,107.8201,2048
1480,fe56518d94bb53cf931a4700d9c5e4e56fc6f703,0,0,0,2013-10-08 10:27:02,59,80,0.6476,139,3,36,13,54,8,33591.7232,634,234.9783,1141
1495,241c70a37a89334657c9983736b35db0611fb874,0,0,0,2013-10-08 14:52:42,45,9293,1.1559,9338,3,3,2,1462,84,43590.0157,2844,1047.1097,49545
1478,102c3c123ed52bff6d2e2418bb393b9fdc427f7e,0,0,0,2013-10-08 17:04:34,28,9293,1.0257,9321,1,2,1,7,10,7623.8996,2853,1045.0413,45881
1483,f31e399abe01c0e78f3b8289c562c2f279f04c2c,0,0,1,2013-10-08 20:37:58,26,39,1.0371,65,2,2,1,198,23,11092.991,2837,1042.2844,46553
1484,1bba280b790a9abf1f96048e3566a0fbaa854141,0,0,1,2013-10-09 14:50:22,34,9293,0.8443,9327,3,2,2,1446,85,19916.4376,717,334.0774,3484
1485,6fae7a6509c516c403c8b343ab208225669095d7,0,1,0,2013-10-09 20:22:25,4496,104,0.9662,4600,2,3,13,412,26,77108.2299,2839,1063.0394,47090
1488,9644f098967d6ba9154725148a383b3502ef62c2,0,0,0,2013-10-09 21:24:17,39,9293,5.6616,9332,85,36,13,28,11,86384.0,372,163.4398,1347
1476,490135213d9cca5fbffc145d94222ec74dc65b6a,0,0,0,2013-10-09 23:31:32,4496,9293,5.6616,13789,85,1,13,181,21,13372.5824,407,183.9391,1065
1482,8a506e66a66c004a7a253e3dd28845517da8a967,0,0,0,2013-10-10 01:52:19,52,82,0.0614,134,85,1,13,3067,9,39573.9044,362,185.0692,2533
1501,7290abd198d6c63f1109094cf237d9c84f617f7d,0,1,1,2013-10-10 19:45:46,4496,9293,1.0467,13789,3,4,2,1896,86,49972.3875,2836,1068.1645,49455
1487,bc8e2475fa71f4bbbf95d4294d78b96a1aa1211c,0,0,0,2013-10-11 20:22:35,67,1,1.21,68,4,36,1,3067,6,29381.1559,642,218.9435,1197
1462,639c01a3504ba2e2a55061093651a9973ad68d11,0,0,0,2013-10-11 20:22:35,54,106,1.1393,160,3,1,13,5,8,29531.9852,583,236.2985,2374
1500,5fab1276cae60d59dfbeafab98b9c6d1bce2e7f0,0,0,0,2013-10-12 16:49:47,47,9293,0.2342,9340,2,2,2,1506,83,34431.5051,227,114.8321,63673
1481,d40f3c8d7f826e88c4e2d23dfa2712b258b9857f,0,1,1,2013-10-14 09:35:10,36,9293,0.2775,9329,2,2,2,1490,84,36010.3549,2856,1055.6028,50124
1491,4e35969795793159075cd9368f3dd595b265584f,0,1,0,2013-10-14 19:13:18,1384,9293,1.9306,10677,12,4,3,205,21,60157.2347,550,192.1466,3475
1477,b1c60a0c083fd79141e9cab071ac222b8fe0eb8e,0,0,0,2013-10-14 19:35:37,100,82,2.9784,182,10,3,1,106,19,23374.6181,287,105.5618,224
1496,d6d35ba31e193cfd6f73019c3dbe97670f782e61,0,0,0,2013-10-14 21:34:49,4496,9293,0.0323,13789,85,36,1,42,22,22689.1179,597,218.6373,2064
1492,5c0c84b3d115880e786063df3b6e5f59eff402a0,0,1,0,2013-10-15 18:34:01,246,270,3.3055,516,15,11,5,177,28,32718.7146,2862,68.427,63673
1497,8d319b06a1086f31271c451f67a3d78b48aa0820,0,0,0,2013-10-16 12:32:27,4496,54,0.0595,4550,85,1,13,128,21,74255.2059,636,218.5518,1178
1504,c9528f9c9c6c53779959419625ac6aaf3ed86025,0,1,0,2013-10-16 22:09:07,4496,9293,2.276,13789,11,10,4,353,23,19944.215,120,46.2269,2206
1499,aefa20d0fe2360ab9ee8db6d2c535f5eed498669,0,0,0,2013-10-17 18:22:18,27,49,0.0327,76,85,36,13,317,32,12171.7569,629,233.5631,1905
1506,886f16ca1c14f1209151579408b59cd699832cbf,0,0,0,2013-10-17 18:37:04,4496,3,5.6616,4499,1,36,1,334,31,837.9178,615,227.0457,1706
1507,4e53d1e75c1f327ece05cf4445dff4d3f2cdf44c,0,0,1,2013-10-17 19:04:10,4496,24,5.6616,4520,85,1,1,3,5,85686.9268,620,223.0391,1540
1505,f19610c1a9357e217d156908386b7c04c865758c,0,0,0,2013-10-18 01:50:46,41,9293,0.0652,9334,85,1,13,75,11,38945.2389,365,155.2327,2392
1510,351d43ef120a725cf83d29f80fd243ad9fc30fc2,0,1,1,2013-10-18 01:59:36,297,205,1.8351,502,9,4,2,1086,48,33721.5438,550,209.4224,2756
1508,4dc5d690f1483ed8e112c0d7834af1e46b982b05,0,0,0,2013-10-18 05:22:10,4496,9293,0.0239,13789,1,36,1,530,37,11629.9832,627,222.5297,1870
1524,16bb89810df5d1b0d8c7262c1f6c426e36866372,0,1,1,2013-10-18 08:50:07,114,183,2.1323,297,3,5,3,1448,87,49014.2753,2807,1076.2013,58855
1517,6bcf28edcb1d59253113102efd7ac25ffb35037f,0,0,0,2013-10-18 13:28:21,4496,22,5.6616,4518,85,1,1,524,37,2597.7588,95,22.5578,173
1503,91bd207ffb3bb8fb1071488a372f65ea168cf222,0,0,0,2013-10-18 14:08:20,11,13,5.6616,24,1,1,1,525,37,2599.828,107,27.2295,180
1509,44f8ba4f702bce85265bf841daf32204e9ee8221,0,1,0,2013-10-18 14:44:14,549,9293,1.1002,9842,1,1,2,47,3,48263.0118,572,248.1635,3179
1493,4a382ff4565f6c85e36587683051257e1abb590d,0,0,0,2013-10-18 16:11:24,4496,9293,5.6616,13789,2,1,1,497,38,38052.9483,633,216.4131,1232
1519,558483dd20439d1bc74dec6ebed0b4632ef5a1ca,0,0,1,2013-10-18 16:11:24,4496,9293,0.0562,13789,85,36,13,537,37,38028.4165,631,235.1055,1049
1511,99bef9dfe8bbf83526b5a3686a7eb1aaf7cb9b94,0,0,0,2013-10-18 16:15:57,4496,9293,5.6616,13789,2,36,13,540,38,883.8429,591,222.4913,1421
1520,2bc30e4ba50f8f21d357d88ae4cf70e15df270bd,0,0,0,2013-10-18 19:33:05,4496,9293,5.6616,13789,85,1,13,534,37,12253.2535,622,220.2129,2095
1513,db275f4075dd9b870bd30ee7deccbb072c625a03,0,0,0,2013-10-18 19:48:17,4496,9293,5.6616,13789,1,36,13,537,36,533.4023,602,222.3151,1216
1521,232906d7e01587c32739c61cd72079715c0abb3c,0,0,0,2013-10-19 06:48:43,4496,33,5.6616,4529,1,1,1,3,11,55736.2939,109,29.0119,459
1523,6f0b88002ecef88e31074356125f28f81a22a98a,0,0,0,2013-10-19 22:39:42,4496,54,0.0333,4550,85,1,1,3067,4,44280.0711,1,1046.0616,46521
1514,0c65759ef4cb91bbca60881c9e3aae39ce9ddc2f,0,0,0,2013-10-19 22:43:10,21,9293,0.0188,9314,85,1,1,31,8,56724.1817,2844,1046.5346,45815
1532,abe1395cbc29b21856d06b4bb3857fa7ae95eb18,0,0,1,2013-10-19 23:18:58,27,9293,0.9637,9320,2,2,2,1493,83,37810.7699,2848,1058.0106,50213
1537,fa155248eeb88fabe2a67fd9b591bc3401c1bae6,0,0,0,2013-10-19 23:18:58,25,56,0.9616,81,3,2,2,1501,84,37793.438,1,1046.6249,49614
1490,9afac241090ee961bd1bcd3c9e78798ac1868d37,0,0,0,2013-10-21 01:52:08,4496,9293,0.0343,13789,85,1,13,23,7,2418.2935,416,177.332,1594
1522,d00a2336b7163ad8b4a0c0f4a848ad79c3652903,0,0,0,2013-10-21 02:16:38,33,9293,0.9454,9326,3,2,1,518,36,6656.9399,406,179.2345,1262
1525,df188cc8d286b3ad17e21332dd5633d9f974108e,0,0,0,2013-10-21 02:24:40,4496,9293,0.0508,13789,2,1,1,27,2,82926.3658,405,161.1188,2296
1539,edd1226fda7408f97ded52a8cdab0ba1dea8d0df,0,1,0,2013-10-21 07:38:33,4496,9293,2.1355,13789,4,5,2,1703,88,19334.7745,304,136.6531,2441
1530,189a60728db1e01bfeaa664b41431701fd684f5f,0,1,1,2013-10-21 08:10:54,133,119,1.9483,252,5,4,2,1519,83,40761.9137,697,327.4145,2233
1534,b365edc46266925a6aec028345f6a47d415a1f0d,0,0,0,2013-10-21 09:38:10,55,9293,1.0417,9348,3,36,1,190,31,6131.2053,264,110.6078,709
1527,a9b403e649aaa4de5e28d3bd4c562568d0ae3fbc,0,0,0,2013-10-21 22:54:01,65,103,5.6616,168,85,1,13,154,23,11533.1819,351,181.5729,2636
1536,66fe5bdaaa1f5e22d33528c3d2313cc23e7621d8,0,0,0,2013-10-22 14:08:53,4496,9293,5.6616,13789,85,2,2,384,33,37765.5722,774,327.214,3152
1526,7159ec10046fd4dce58ca9406ef096fdb965700d,0,1,1,2013-10-22 15:42:50,4496,36,0.7411,4532,2,2,2,1538,84,42226.596,745,345.4739,3307
1529,59bf44dd94939cea513a74250f6002357d1f9f2c,0,1,1,2013-10-22 20:28:47,40,9293,0.9219,9333,2,2,13,213,17,39442.799,600,218.672,1423
1540,4155afd510828770c2d666a7e4cea28062964130,0,1,0,2013-10-22 21:44:35,4496,9293,0.2553,13789,2,2,1,630,38,72140.4895,588,239.2196,2073
1518,86b26b67fe9dd804b84a56c2535726b966d28d13,0,0,0,2013-10-23 13:57:19,51,9293,0.4808,9344,1,2,1,3067,10,41863.2724,721,326.5058,1932
1531,854de4ed5681a5b7772d313bb5b44ade21ae4b72,0,0,0,2013-10-23 14:40:15,4496,84,5.6616,4580,85,1,1,33,7,43128.7935,2839,1057.7992,45737
1541,c040759da53e70c2cb9ed93186bcdba2b55405ec,0,0,0,2013-10-23 15:34:03,42,9293,0.9489,9335,1,2,2,1531,83,54062.7534,636,213.0454,2434
1542,4adfd5c5aa82ec676a57cc4964f35e8a88700caf,0,0,0,2013-10-23 15:49:44,4496,9293,0.8604,13789,1,2,2,375,33,26964.9218,276,136.1876,1915
1528,721c4a5ecccd45b2d9ca046d86c350e2fa6a76e1,0,0,0,2013-10-23 15:59:50,25,56,0.0507,81,85,1,13,43,7,52439.6866,279,131.3759,1924
1546,a2b224a45975286ce4db5133d3a8f4b19e05ec63,0,0,0,2013-10-24 03:49:45,4496,9293,5.6616,13789,85,1,13,540,38,26198.293,414,180.9563,1499
1547,9eddaa8ffa212c42f32f7d1e8b485d5aa0e2f10f,0,0,0,2013-10-24 14:56:38,41,47,0.0307,88,85,1,1,503,36,35978.7232,599,219.7761,1158
1543,2faac19e1746d179c04596cb6885d1cb52663e77,0,0,0,2013-10-25 04:41:09,54,9293,0.0484,9347,2,36,1,52,9,73606.3605,405,182.9593,63673
1535,dcbf35c552a53e7779d7da917cbce78ecf109021,0,0,0,2013-10-25 14:47:00,4496,51,0.0503,4547,85,36,1,32,8,38494.7409,1,1043.1193,45941
1544,9cdc755f8570e774a1bfb4dbbac8cd4a9c8b9bf9,0,0,0,2013-10-28 01:36:09,98,130,5.6616,228,2,1,1,31,3,80167.1244,409,165.6788,687
1545,e6b4fcf24c46019dae955aba54939ad18afad8ba,0,0,0,2013-10-28 01:41:54,28,53,5.6616,81,2,36,1,26,1,27473.3589,374,161.4943,939
1552,46f71866a1dde31d499f7875833210dcb7bf3d04,0,0,1,2013-10-28 12:52:16,45,74,1.4256,119,3,3,2,1595,83,41836.1638,266,128.237,1902
1548,27da625fb2b67edd7615427c679db1b62695d82a,0,0,0,2013-10-28 16:59:15,16,37,5.6616,53,85,36,13,125,15,73647.8318,622,231.8516,1534
1549,b5d563ec3c7d569e626119bd5900026c07f247b6,0,0,0,2013-10-28 17:21:24,45,49,5.6616,94,85,1,1,289,23,17682.2264,232,112.4105,1798
1556,5eddf185465a0e2dde18df179faefb9a68fba29a,0,1,0,2013-10-29 20:03:29,117,9293,2.6225,9410,8,5,2,819,44,47993.6488,537,203.4794,20
1557,786672edb6b4156e69bb3daecb9bcca0cba7db21,0,1,0,2013-10-29 20:25:39,285,232,1.495,517,4,3,3,1619,85,58344.6515,1,1074.3716,56868
1568,37285304ee484122410c977399024f2af132753c,0,1,0,2013-10-29 20:25:39,432,9293,1.3617,9725,6,4,3,1518,85,58065.1136,1,1069.0755,57364
1550,9a9449406ede4e9efcd14de0fbc5c0e43272cee5,0,0,0,2013-10-29 20:36:10,10,4,5.6616,14,85,36,13,26,8,655.6089,2861,1052.9832,46236
1559,f3a75035ac105d032988d8b26e562458ac469699,0,0,0,2013-10-29 20:39:30,4496,9293,0.9443,13789,2,2,2,29,6,1352.4387,1,1057.9965,53901
1561,7187a8af05b53d5318f3e4fa47122b232c4c7e52,0,0,0,2013-10-30 10:20:47,4496,9293,1.9496,13789,5,2,1,88,14,51492.3578,229,136.2779,1712
1553,d4b5b0dbc541b4b6249ccd1b507c777d7fc0bc4f,0,1,1,2013-10-30 15:14:15,129,255,1.7763,384,10,5,3,1523,87,58437.1973,1,1032.7224,56987
1564,36cdf34bd92ede5ad99447e10d90e6caa1fd743a,0,1,1,2013-10-30 15:17:23,381,873,2.583,1254,15,8,4,1015,44,35545.3446,1,1117.5994,54658
1555,620bb80eccda228573e0c8f821d766c16f89d2ea,0,0,1,2013-10-30 15:44:33,51,62,0.5176,113,2,2,2,1715,85,1089.7298,1,1064.6979,50426
1567,4169aa3d448c402da32ff5b10f687fbd460fc1e1,0,1,1,2013-10-30 16:20:55,56,72,1.3365,128,5,5,2,1544,84,33165.9899,759,350.7869,2434
1566,3d00fe6cd5577ee92e5659a1abe9bd9f8d735012,0,0,0,2013-10-30 20:44:46,22,9293,0.0321,9315,85,36,1,51,18,12079.926,625,232.611,63673
1554,47b8fc422f3978c7173c91e7324953d81e5f5b63,0,0,0,2013-10-30 21:10:26,28,46,5.6616,74,85,36,1,50,16,1990.1106,596,233.7233,63673
1562,ddb8bc68a9e6198c6eb5d49afdaff2bdc57a1ede,0,0,0,2013-10-30 21:11:06,16,9293,5.6616,9309,2,36,13,56,17,591.3227,623,234.2874,155
1577,7918718c8ce53c6d0958aa969fc813e586463d08,0,0,0,2013-11-01 05:57:48,43,9293,0.5591,9336,3,2,2,1504,85,38548.796,114,29.8937,710
1571,91fa4672248e4f5c3e829d312564d1cd5e1750bc,0,0,0,2013-11-01 16:34:29,4496,148,5.6616,4644,2,3,2,56,15,61055.7381,1,1062.2949,53717
1560,84b47c89a1520f41bdf2cb1e0da8ec18a1cbfd21,0,1,0,2013-11-02 00:43:08,16,9293,0.9694,9309,2,2,1,192,20,48038.729,1,1046.4228,46426
1570,54e91e551c73a923ec89a3abb2701a5945d5f80d,0,0,0,2013-11-02 00:51:01,4496,100,0.0711,4596,85,36,13,555,36,17883.436,2832,1043.8042,45653
1575,c0ba85a40012ef65b7f563a09817da3c0cf04e5c,0,0,0,2013-11-02 02:27:30,18,9293,0.0139,9311,2,2,1,9,9,18730.8969,2857,1055.0256,46072
1580,ce206e20142024dbeff9ed68cb0ff4aeb4aaf0b8,0,1,0,2013-11-03 05:06:34,197,448,3.4723,645,18,11,4,1055,44,41209.9752,2755,1121.1361,58113
2394,6c9efb0e16ebb65fb1989ae4c28074c83f792946,0,0,0,2013-11-04 15:04:07,4496,35,0.0284,4531,85,36,13,26,10,4043.3143,743,342.8085,2407
1569,4a439d22c53c658a1f05bf84f56a319312669a96,0,1,1,2013-11-04 15:12:02,187,9293,1.0777,9480,7,4,4,1778,86,19221.0977,704,324.7901,3980
1588,e76819135163836ce687cc26d4a085d73e6fbfd0,0,1,0,2013-11-04 15:47:59,66,63,0.5227,129,3,3,2,1592,83,44982.4872,2849,1048.797,49551
1578,c3c8a241a8a3313f531771fefdc713c8f5d79d68,0,1,0,2013-11-04 19:14:19,182,93,0.5068,275,1,1,13,3067,5,25313.4416,631,214.7246,2022
1558,cd7b05ffb6d2859eb4fbb9567d1fe38af3f39d27,0,0,0,2013-11-05 19:40:50,11,9,5.6616,20,85,36,13,6,6,63186.1853,611,229.1498,1743
1574,dc71d2200339f9cf781346afc4b95b60dd3cd88f,0,0,0,2013-11-05 21:33:49,15,18,0.0084,33,85,36,13,3067,6,6605.4782,617,231.4825,1778
1586,8c2404493a6efc109cd621c02a4de6ef1f1f46aa,0,1,1,2013-11-06 20:33:45,30,9293,0.4375,9323,1,2,2,1653,83,30584.694,1,1041.2139,50242
1595,66df206d8df74fa9c5380e2ecfd3746fd6b3316e,0,0,0,2013-11-07 19:53:15,75,9293,0.1048,9368,2,2,2,1508,84,34204.226,2854,1057.2636,49713
1573,eb577459df33ef2fd0b19c4eb567b4d0395575d6,0,0,0,2013-11-07 21:53:27,4496,37,0.026,4533,1,36,1,34,4,85293.5676,234,115.3269,1442
1582,3c229c0d90ecfa6cf011e495be4cc73a2f97c389,0,0,0,2013-11-08 02:38:20,4496,61,0.0307,4557,1,1,13,2,14,23624.8913,1,1043.9545,46006
1585,863428c2b523695275897291d2da3de6f12dd0bd,0,0,0,2013-11-08 06:18:53,44,51,1.0335,95,1,2,1,568,41,30885.355,412,161.8868,2415
1589,7fb2d24fa35d01eab2ff6e5ebaa6885c795a80b8,0,0,0,2013-11-12 18:25:26,4496,20,5.6616,4516,85,36,13,49,11,27177.7321,743,336.1202,2437
1593,c20dd29923ea9e99122d75cb8f3b1d91e199fc15,0,0,0,2013-11-12 19:28:23,4496,79,0.0599,4575,85,36,1,309,30,25837.1788,756,346.777,3276
1598,5008507ca21265e0c6be53d61024baa7eaf187fc,0,1,1,2013-11-13 16:59:07,19,167,2.11,186,8,4,3,1525,85,52494.6872,779,326.4839,2733
1591,1d3a4dd44facefa68696ead7fb89077811676c85,0,0,0,2013-11-13 20:33:02,20,37,0.0101,57,1,36,13,229,16,51677.2399,1,1049.5609,46430
1600,d12a0d7b0299786bf1d0484f3770bae6a94cb0c9,0,1,0,2013-11-14 08:17:51,725,9293,3.2356,10018,13,8,2,1963,83,49999.3234,836,307.0691,5126
1599,f388c9d69b855f0c3b146864717a971034fd3dc5,0,1,0,2013-11-15 21:23:55,221,9293,2.6453,9514,21,9,2,774,39,44137.3934,84,11.0201,2054
1614,08167d6ac784274a48ff8428f3ef4f6e92cd8ab0,0,1,1,2013-11-16 16:34:22,4496,60,0.4133,4556,2,2,2,1549,84,37219.0081,1,1048.9262,50359
1592,2b1fb0ff4b49dc6f511dd7aa9996e1e103c223d7,0,0,1,2013-11-16 17:09:40,4496,66,0.5615,4562,1,2,2,1835,86,36129.6702,1,1046.3844,50511
1590,a301ea14293f046dc4ff10c84aaef192fbc70c0a,0,0,0,2013-11-18 14:53:42,23,41,5.6616,64,85,1,13,3067,7,15560.9375,751,348.4533,3005
1608,34645c37d1e47b60cb20d3e3cd0e0376e8f92ae5,0,0,1,2013-11-18 16:16:11,46,68,1.1995,114,4,2,3,1680,83,11108.5763,706,325.9921,2622
1576,0ffa5c20af381b697d25f19b7a987fef8fcc2e92,0,1,1,2013-11-18 16:17:46,95,122,2.5963,217,8,4,2,1520,82,33148.3181,700,350.1366,2434
1601,1ac601980382516419bfe45b01ce1b8eccf4d9ce,0,0,0,2013-11-18 16:30:55,24,9293,0.0334,9317,85,1,1,223,20,132.9496,753,333.5405,2879
1604,b678035ed1a9f0046ea16e78205996d8f58c5ecd,0,0,0,2013-11-19 02:29:40,25,60,5.6616,85,1,1,13,3067,7,19373.6532,373,160.8764,1499
1583,582a16eff5fb7f94f936c9d6163f0a526c6ec4e4,0,0,0,2013-11-19 07:30:08,4496,84,0.0338,4580,85,36,1,30,1,29842.4694,711,347.0814,2275
1594,0a5a766d52f3c06399bfa8826df836b3dc070a20,0,0,0,2013-11-19 16:21:19,45,9293,5.6616,9338,2,1,13,21,4,83218.6126,712,330.0855,63673
1603,47724e6b732b1ec97d7736ba75f314a96311d489,0,0,0,2013-11-19 17:00:41,4496,9293,0.033,13789,1,36,13,3067,6,67301.9433,126,64.8322,63673
1605,eeb8d1bdc6ea67f472bcbc5225cdaca5a3199650,0,0,0,2013-11-19 17:05:03,52,9293,5.6616,9345,85,1,13,3067,7,57821.4276,705,326.0711,922
1584,39e3a5e039a61e649827950bb36f67617e0bd884,0,0,0,2013-11-19 17:13:23,3,36,0.0134,39,85,36,13,40,10,79461.1938,729,343.6448,2784
1602,1bad5ed9f7e159f93ffa68d27dc1b9e8674b4f8a,0,0,1,2013-11-20 13:26:20,20,37,5.6616,57,85,1,1,139,20,74408.4621,1,1046.8888,45695
1596,e01224ede63e941fffa7b9b3906c1d54fb699bea,0,1,1,2013-11-20 23:52:45,4496,129,0.6507,4625,2,3,3,1507,84,23435.4198,2838,1066.467,57495
1609,03e3d15e97b27766c42211b65079ec3794435232,0,0,0,2013-11-21 01:51:45,4496,101,5.6616,4597,85,1,13,80,15,18953.9916,362,162.8814,1045
1611,ed8117ff9b69511c0c3a715030daa7da004afe86,0,0,0,2013-11-21 02:57:27,27,9293,0.0376,9320,85,1,13,28,3,29453.2939,2843,1044.2766,46583
1613,d8691649845c138f0c9ffca8ac6c65edd410bd5d,0,0,0,2013-11-21 03:00:22,4496,9293,5.6616,13789,85,36,13,3067,3,78177.2264,2843,1061.2923,46592
1610,08f2e9797fc518f44c198e4f4ffd76fa43987565,0,1,0,2013-11-21 08:53:00,136,239,2.1261,375,4,5,5,1615,81,51554.7157,810,364.3311,3891
1626,fdbddc13272bed6dfa3019e77acfb5f9107d6dce,0,1,0,2013-11-21 23:20:28,23,11,0.1603,34,1,2,2,1560,85,44026.7918,28,27.9858,63673
1579,3c9760bdb986f6c2430adfc13c86ecb75c3246ac,0,1,1,2013-11-22 07:45:22,40,9293,0.2776,9333,2,2,2,1497,84,58302.7444,725,343.1034,3346
1607,f3dc188e203b3db980ee81df05390968043cb601,0,0,0,2013-11-22 23:33:07,13,9293,0.0173,9306,1,1,1,66,9,7483.5114,2856,1050.6471,46062
1616,9f3a7f8a698aaaa9be44bed01aaf526567df8aca,0,0,0,2013-11-26 01:06:42,30,68,5.6616,98,2,36,1,30,3,8078.2449,410,177.179,883
1606,8145c83566450feb68a12352ac88efe9983ec266,0,1,1,2013-11-26 20:09:56,34,9293,0.9866,9327,3,2,2,1601,85,58500.3974,2845,1045.7646,49562
1615,cc8a05ab6ac22f019e60ec79c11338d4c77d49c3,0,0,0,2013-11-26 20:27:52,4496,9293,0.042,13789,85,36,1,198,9,50015.9517,1,1043.1969,46816
1624,5f62610969a83a1c33e06a3cf20a136961bd0a08,0,1,0,2013-11-26 20:34:37,4496,70,0.953,4566,2,36,13,53,12,34304.3239,1,1047.3839,45884
1623,f15681b6795d8a0b192100e37bec4080db2b7edb,0,0,0,2013-11-26 20:39:21,4496,9293,5.6616,13789,85,36,1,58,10,402.0643,2857,1050.7911,46142
1627,e178ff45c0510c56257c26da2dc8d082ba301522,0,1,1,2013-11-26 20:42:05,55,9293,1.3022,9348,6,4,2,2020,87,29928.6007,2823,1068.7198,50619
1625,7ea5b40b7172ec9f3fdecca533e19d8a165de7df,0,1,0,2013-11-27 17:35:12,4496,56,0.0301,4552,1,36,13,3067,0,41171.3894,2841,1045.6246,7645
1617,351d49b06bd6887447eecb149b3cdf1697ab41ac,0,0,0,2013-11-27 18:37:31,150,125,0.6744,275,1,2,1,57,23,81727.4025,2838,1039.9799,45624
1622,69c1ee96025dd35ed37bce2a2ccc0c2ca5a3dfed,0,0,0,2013-11-28 02:10:04,4496,68,0.0411,4564,2,1,1,57,11,35392.7358,223,116.178,1631
1630,4bdd7f8f8abd6d7aaef619776952bdbd7e867e97,0,0,0,2013-11-28 04:56:18,25,38,0.0306,63,85,36,1,86,9,5582.7751,410,162.7949,1509
1619,a322b645e6725fae4b4b765ff1b6e6375efe24d5,0,0,0,2013-11-28 08:07:45,4496,78,0.6942,4574,3,2,2,1537,85,74148.2378,708,327.4894,3461
1628,58bcdd493280252d69151361676e60ce8974736d,0,0,0,2013-11-28 17:55:04,83,9293,1.0243,9376,5,1,13,682,30,24081.1967,1,1041.4642,45567
1620,36f54f939caeeb57f4583bb526fe3b9f73296cf6,0,0,0,2013-12-01 15:59:25,4496,9293,0.0438,13789,3,2,1,682,40,44130.7072,220,127.6947,1676
1631,7ad39601dd3c248595d84f016c41ac35abd786ed,0,0,0,2013-12-03 02:56:14,4496,42,0.9824,4538,2,2,2,1546,84,65138.4811,1,1048.5393,49784
1629,ecd94221a25494ece1af22e9fa8c1f8d34eaf48d,0,0,0,2013-12-03 03:16:24,4496,88,5.6616,4584,3,2,2,1505,85,1839.8055,1,1063.2138,50452
1632,f634ac7eae468b944d22951fc7c9d05aa6c7f447,0,0,1,2013-12-03 13:53:33,4496,67,1.3832,4563,4,2,2,1495,83,70997.4616,766,330.3539,2268
1621,d8c4e89b3e85e8cb41a438963845cb10a923a3d6,0,0,0,2013-12-04 19:17:30,4496,9293,0.0291,13789,1,1,13,30,9,67094.8028,112,30.9536,353
1633,57613dc8c14d7213ee2d46d41bd642dd7cf697ab,0,1,1,2013-12-05 15:42:41,36,9293,0.9534,9329,1,2,2,1500,86,75997.1502,2837,1039.7267,49364
1639,86e949f321cb1ce3b0bc0c9ed387218cc8a2b7b9,0,1,0,2013-12-06 02:49:19,1822,1097,0.3616,2919,6,5,3,1910,92,23337.4491,2743,1084.0761,54459
1642,8010d77eb0790326fae56fb1c633e530b7e51eec,0,0,0,2013-12-08 03:33:28,4496,9293,5.6616,13789,85,1,13,35,8,14154.574,407,181.6988,1589
1646,3edb62bf773617aeb3a348edc5667a6b0bad0ffe,0,1,0,2013-12-12 17:28:13,371,9293,2.4762,9664,12,8,3,2058,89,37213.5044,2774,1024.6698,60372
1649,4e9a7b8c7fa55df9cda4ac06f77ee9c69b85314d,0,0,0,2013-12-12 17:43:59,16,2,5.6616,18,85,1,13,41,9,1002.6463,2860,1051.7782,46271
1643,0d8da2ee3c9de7b890b5630c3e0c74b8c80e63dc,0,1,0,2013-12-12 18:35:41,4,9293,5.6616,9297,1,1,1,42,9,3159.1585,1,1050.834,46303
1648,b1711488801781106c90e9143678f94d102e11dd,0,0,0,2013-12-12 18:44:13,7,9293,5.6616,9300,1,1,13,35,9,604.99,1,1051.3904,46150
1638,c4d3a313885f14e802247b9354aafa4caaae9804,0,0,0,2013-12-12 20:30:38,34,9293,0.6554,9327,2,36,13,212,18,35376.9151,2847,1048.8338,46546
1641,343a6472d8e26bc846c575c03d0af7d8b66e6dfa,0,1,1,2013-12-13 17:40:20,144,101,2.0596,245,11,4,3,61,22,58250.3456,567,214.0085,3185
1653,84d85ee70bacdf7db92d52e5c738bf7722625d83,0,0,0,2013-12-13 19:59:20,12,21,0.0242,33,1,36,13,9,5,7987.6842,607,232.4068,1529
1640,5d167cf3df23c728034e43a01e7f5e6561094df4,0,0,0,2013-12-14 23:37:13,4496,82,0.0487,4578,2,36,1,74,10,3136.9691,377,165.7443,1578
1647,13348c47a415bb0887ee722af33384cf18362497,0,0,0,2013-12-17 15:25:31,48,64,5.6616,112,85,36,13,69,9,12943.9348,233,109.0254,938
1706,0b42b0e76267aa4101b1634bd5d96c9b85997b56,0,1,0,2013-12-17 15:57:08,33,145,1.4606,178,3,3,2,1523,83,12509.7853,706,330.1288,3557
1660,ecec863d1fe3b1b249b7d2948b482104f5ff1ef3,0,1,0,2013-12-17 20:31:04,4496,172,2.0008,4668,7,2,2,1616,83,60006.3299,2832,1064.2547,50482
1652,1d6052810df9363ed8dee308444b8466be112b5d,0,1,0,2013-12-17 22:34:53,34,58,0.0104,92,85,1,1,192,19,50389.0514,1,1047.7075,46029
1666,53af91e650d3fd881df6e811f5d4c5e46a039119,0,0,0,2013-12-17 22:37:43,32,98,0.9436,130,3,2,2,1631,85,4425.3592,1,1063.7623,50311
1661,079f1e81166579c5da0bdde76be7c9201d2e1711,0,0,1,2013-12-18 10:13:54,59,9293,1.4974,9352,4,2,2,1509,85,64509.0804,760,324.1095,3481
1657,7c32ffbbfae9959edc89ec5fcf9fced1b75c495b,0,1,1,2013-12-18 10:18:30,99,113,1.3434,212,6,2,2,1541,85,34315.7884,712,330.2343,3458
1659,1a5ebd6a7d65af8393c9d5c67e7de8088bbb1d0f,0,0,0,2013-12-18 10:23:44,4496,11,0.0088,4507,85,1,1,3067,3,396.153,740,340.6713,2661
1650,b73178d8626ec7fb404c8ded442ecff23192f14f,0,0,0,2013-12-18 12:48:26,55,96,1.5185,151,4,2,2,1713,84,57166.0585,759,350.1651,3362
1684,1b2a190379141094a986495bd1386e720786c9b7,0,1,1,2013-12-18 22:17:13,94,102,0.1216,196,3,2,2,1515,83,17500.6903,1,1061.1149,50580
1645,4a6f8a6610aacbe2c518bb6f8533ee5bdb943f41,0,1,0,2013-12-19 00:01:28,72,9293,0.0217,9365,85,36,1,7,0,64684.7416,2853,1055.1492,45990
1656,d276d0a0638ff6d80ce8749d2afc1eaa5cfbb14a,0,0,0,2013-12-19 04:27:47,53,9293,0.7598,9346,3,2,1,18,15,46029.3637,373,163.1316,63673
1695,c2294aa21eb6310b6d5c05d6d9ff505f59b376c2,0,1,0,2013-12-19 13:52:13,115,9293,1.7307,9408,4,4,2,1509,83,34815.4761,765,328.8278,3587
1662,4b72dae2da715ef84df7f25197ac9a70e14e876d,0,0,0,2013-12-19 14:45:29,4496,9293,5.6616,13789,85,36,13,3067,1,57739.4352,767,345.8969,2200
1681,a4895c551fb31bea90111a960f2c51634950536c,0,0,1,2013-12-19 23:41:17,39,9293,0.8193,9332,85,2,2,1722,84,19299.8811,1,1037.3949,49216
1654,2aeb30cf778de079f3a473c167c534085f95714d,0,0,0,2013-12-20 01:06:09,4496,9293,5.6616,13789,1,36,13,10,10,35003.7358,370,186.1124,1117
1665,5d1d70a07b16bd8226ca79eab6efbcb102135f98,0,0,0,2013-12-20 04:07:36,4496,69,5.6616,4565,2,36,13,235,19,9005.5553,359,183.3438,2691
1678,a462083fc4f74e508ee0e5234c7bc34a6bdb618e,0,1,1,2013-12-20 07:40:36,6,70,0.21,76,1,2,2,1506,83,65938.0974,746,347.1027,3527
1635,4d36bbfbbb1692ef6038189fdd4981f23431cef0,0,1,0,2013-12-20 08:44:38,10,9293,0.0118,9303,1,36,1,4,4,3664.5149,728,336.4431,2480
1663,7bf14648ee6ed344acc0afe68e23d0b484826b24,0,0,1,2013-12-20 11:11:31,24,65,0.6007,89,3,2,2,1624,84,34221.4062,2862,1267.3333,320
1668,b97c5233e17b73232be3554cf06b8ae6e472b145,0,1,0,2013-12-20 16:52:00,76,9293,3.1007,9369,9,2,13,417,35,39799.0297,183,95.7166,2746
1667,92449234519374d49585fec3d2940c9d5e7851f4,0,0,0,2013-12-20 17:15:07,38,9293,0.043,9331,85,36,1,72,19,788.1099,232,109.9463,679
1669,4fb06b33d4fb742ce0aeb3fe569d7d513314311f,0,0,0,2013-12-20 20:14:09,4496,9293,5.6616,13789,85,36,13,44,8,17467.5688,751,348.1258,3230
1672,388cbfae0c08cb1664bed52b044062ff5d6db617,0,1,0,2013-12-20 20:14:36,35,67,0.0334,102,85,36,13,70,13,85030.7947,129,52.26,741
1655,486f0792d43f03c059f4d2dc501db8b8183c4ea2,0,0,0,2013-12-20 20:49:51,60,89,5.6616,149,85,1,1,3067,94,77517.7356,762,328.6509,3288
1674,b34ed0db535068525e59f5c3ec20e2c29155467b,0,0,0,2013-12-21 02:56:15,4496,9293,0.0472,13789,85,1,13,3067,6,38390.2184,422,154.8809,851
1679,d0ab7519c95a16c6452337d8f748545f7c99f3f8,0,0,0,2013-12-22 05:32:03,4496,9293,0.8494,13789,1,2,13,112,27,28468.9301,418,179.3683,1487
1671,34235ad7b5722a5a5ee9680ba3a2d563a67ecc6f,0,0,0,2013-12-22 17:10:59,4496,96,5.6616,4592,85,1,1,111,10,754.8456,223,106.497,1990
1675,7c182811b0c1e199a7628a642249141f2f3c4b7a,0,0,0,2013-12-24 22:48:42,4496,42,5.6616,4538,85,1,13,30,6,23063.7877,372,165.4633,839
1690,2111a20b4b44e557357f81146ead6cf7493a8d31,0,1,1,2013-12-26 21:52:03,103,90,0.7242,193,4,3,3,1593,83,2767.4751,124,72.3732,987
1670,b2933717c423e5510e35a096e38d084e139cb141,0,0,0,2013-12-27 21:53:03,4496,83,5.6616,4579,85,36,1,3067,94,60342.3333,411,164.9308,63673
1676,e603555636bc04e5a87d0457f4f10824b6cf94be,0,0,0,2013-12-27 22:12:46,65,106,1.2651,171,6,3,13,3067,8,26681.4414,376,177.2559,362
1693,ecbf0fd6f9e2b0dd9c5f0c5439b677388d4caf9c,0,0,1,2013-12-28 06:16:02,4496,68,1.2961,4564,4,3,2,1509,85,28358.611,1,1043.301,49630
1677,e085e82b3cd78e6df154995bfa6779887fce9a0c,0,0,0,2013-12-28 21:16:30,32,72,0.0502,104,85,1,13,27,3,85397.0449,364,178.0543,734
1683,3eef54097b8ec96d0bdd71499f944f0484787021,0,0,0,2013-12-29 02:48:49,5,9293,5.6616,9298,1,1,13,8,10,73921.9703,2859,1053.4447,46270
1685,604e31b60998d5df349f8cc84d06bbae1391dc0e,0,1,0,2013-12-30 14:17:50,146,9293,2.0999,9439,5,4,2,404,36,39783.7883,647,215.3787,3144
1680,23bc52386bd13fddf01037ac7e9cfb234f52ec43,0,0,0,2013-12-30 14:30:43,4496,33,0.0182,4529,85,1,13,19,7,451.5225,625,231.6725,172
1686,2f63bbadfa2fad66e04bc17edc66ce8be7497157,0,0,0,2013-12-30 15:51:36,58,9293,5.6616,9351,85,36,13,152,22,5959.6754,624,234.7683,2054
1688,c5ca8de4dfd512e971f9bba100dfcc3709f70786,0,0,0,2013-12-30 15:53:13,73,56,5.6616,129,1,1,1,170,22,86384.0,618,228.9054,1577
1694,80548b359ae254048145483b22e3fbe93fc90379,0,0,0,2014-01-01 03:47:28,45,79,0.0799,124,85,36,13,46,5,49652.1728,432,156.7903,2669
1710,7171b7a2c621c2a0b4f876bef23e4f1ebc5332b0,0,0,1,2014-01-02 13:15:06,9,9293,0.9265,9302,2,2,2,1559,84,32741.3104,740,333.6649,2877
1689,7aa3364e04b286ac7b41cfadda568df41e4e2821,0,0,0,2014-01-02 20:17:14,10,85,1.4792,95,4,2,1,53,15,34185.0653,116,75.025,745
1696,af3ad31c3056fc5c54a3860e5e9d7f9662fa15f0,0,0,0,2014-01-03 00:58:42,46,98,0.0412,144,85,36,13,3067,1,72539.6543,370,196.7097,63673
1701,4260736e1eed08b49a31a9328d6823ae3fc86d0d,0,0,0,2014-01-03 15:23:52,43,9293,0.5804,9336,3,36,1,3067,5,31291.2505,750,318.8306,3032
1691,b65481b1d09c9829521aac838a2d9e082eaf2154,0,0,0,2014-01-03 21:39:11,4496,123,5.6616,4619,2,36,1,591,31,3651.5372,224,184.3065,394
1697,be9a70eb3bd7a454cc5d26fc22858fe90e311e05,0,0,0,2014-01-04 00:08:20,4496,9293,2.0374,13789,6,2,13,56,9,16067.6401,270,176.9849,1590
1705,25777e1f462e153a5670a107eeb65fb186bf9530,0,0,0,2014-01-04 02:33:02,4496,9293,0.8747,13789,85,2,2,3067,9,21442.2389,2801,853.2944,55491
1709,2a7c20ea9111c05964400fe0a30e7b75ff719277,0,1,1,2014-01-05 00:06:47,125,114,1.9371,239,7,3,4,1777,86,41316.2811,306,148.8994,2194
1707,e674abe8eca6157b5c72c1dbdba2ecd122185274,0,0,0,2014-01-06 01:03:06,31,85,0.0387,116,85,36,1,54,9,83176.7541,372,200.4674,1588
1711,694988015f67685dc2decaf950153f557f7f598f,0,0,0,2014-01-06 08:42:48,31,9293,5.6616,9324,1,36,1,236,21,32222.6164,747,322.5668,2266
1699,ae0a1e0f5a88d66974582f383a942f6bf42b6ac5,0,1,1,2014-01-07 05:48:08,4496,9293,0.7164,13789,3,3,1,520,36,36486.6998,77,72.5966,63673
1722,5fa6055107e5d54eff1e2bbdfdbbd511cd555a4b,0,1,0,2014-01-07 15:01:32,4496,168,1.4143,4664,9,7,5,1603,86,42747.7556,170,154.8208,17
1700,32d7cb5066050ef6123f50a25c6e9b4c9e180ea0,0,1,0,2014-01-08 16:14:58,15,89,0.3822,104,4,3,2,1548,85,39238.3781,714,321.1247,2354
1727,de19f963aeed2752374d2f84c1b230f6cab253f1,0,0,0,2014-01-09 02:53:46,88,140,0.2012,228,85,2,2,1622,86,22129.1041,2817,841.8109,50949
1713,3e31143e1c8658e9ab529fe6f705bf836e7f7a64,0,0,0,2014-01-09 17:20:31,66,9293,0.0379,9359,85,36,1,203,25,39141.9439,118,62.8017,63673
1719,0bfe9efd859eccd6bb6c6a253ad3912650831ec0,0,0,0,2014-01-09 18:51:04,4496,134,5.6616,4630,2,1,13,528,31,45269.1386,107,93.1451,1316
1704,be2141757010aacbcb2c6ebaa00623db14e192bd,0,0,0,2014-01-09 21:23:11,4496,113,0.8998,4609,3,2,1,151,25,13096.314,169,95.1181,833
1714,4be62009490e2d736c803ea11753f9437ed2db3f,0,1,1,2014-01-09 22:59:05,41,52,0.027,93,85,36,1,150,13,15024.578,597,318.765,1962
1718,29d5dd03ae7f6b4741e07ce01014acaca93a6e6e,0,0,0,2014-01-09 23:06:34,4496,9293,0.0152,13789,2,2,13,27,11,60186.4547,146,81.6746,281
1702,eca02fd2551d36ccbcf7a2f5e7aeafed12b0a869,0,0,0,2014-01-10 17:54:54,4496,9293,0.9665,13789,2,2,1,13,10,30205.1712,724,336.7697,2964
1716,5977e7b6d61a9dab2a6e699b4cb75eb9d93cffc8,0,0,0,2014-01-10 18:48:08,7,9293,1.0176,9300,1,3,2,572,38,43292.2374,588,330.8538,1251
1720,cd381f0696e45884ce60459dd272b248fcd504df,0,0,0,2014-01-10 19:04:31,4496,9293,0.0534,13789,85,1,1,133,14,73161.4956,631,302.6434,2010
1724,1997b7b409d12d04f4726ea2631a89601551356c,0,0,0,2014-01-10 19:50:35,26,9293,0.0183,9319,85,1,13,22,6,4097.5669,627,317.188,114
1708,fbd51b77a047f2a04a94c4b474881c2be9bf1171,0,0,0,2014-01-10 19:50:35,4496,54,5.6616,4550,85,36,1,22,6,4201.521,625,315.935,57
1717,2bfaf8f8d991588de43fe3d194a447fe4279cb44,0,0,0,2014-01-10 19:53:32,34,9293,5.6616,9327,85,36,13,21,6,599.1347,599,318.4976,557
1723,9d837e50b082dae8adb59c8db5e084df1f49392b,0,0,0,2014-01-11 01:36:25,4496,81,5.6616,4577,85,36,13,98,22,86243.2258,359,197.309,2390
1725,5c86f362165e81759fd0c5cfcb70025fc286398b,0,0,0,2014-01-11 04:44:19,4496,9293,5.6616,13789,85,36,13,36,12,7743.6441,2862,8.5841,63673
1732,34058783f50b8c81096075b01d093e7aceec2b73,0,1,1,2014-01-13 09:21:35,2,9293,0.5347,9295,2,2,2,1574,84,50149.5113,740,333.6773,2861
1721,db69dceeb3aa92e23d22668ea3bfa953d33ada83,0,0,0,2014-01-13 14:22:51,2,9293,0.0085,9295,1,1,13,9,6,66438.0619,618,309.4483,265
1728,8b8c159f4de8f657a7bee73a96f05c307eb2e8c0,0,0,1,2014-01-13 15:14:22,36,9293,0.0444,9329,1,36,1,146,12,71986.9068,585,321.34,1378
1733,d1361502ac45e74b60dcc98046caacb6d483a83d,0,0,0,2014-01-13 16:23:53,4496,9,5.6616,4505,1,36,13,536,37,77683.8095,616,311.8216,1622
1715,5edf94842e04aff89a88856bc6dad0918d59c8c0,0,1,1,2014-01-13 20:12:20,8,11,0.012,19,1,1,1,3067,6,66509.1999,616,308.1716,1598
1726,2fd2d89782b7d6fa36c0cb9c710711af39da35ed,0,0,0,2014-01-14 13:50:36,4496,124,1.7212,4620,3,2,1,3067,7,17233.7574,768,338.8693,2130
1734,0e55e9ff6695504c4698115d8856620b752cf713,0,0,0,2014-01-14 14:34:53,10,9293,0.0157,9303,1,1,1,6,5,66003.695,727,333.5338,2379
1712,f6f50ddffe0821617fe29482f9ec918608560381,0,0,0,2014-01-14 14:43:57,4496,30,0.0156,4526,1,1,13,3067,8,2878.0586,726,332.9611,2728
1731,0d38b25f6fa3b7b52f5e64780f6591eabc7fc76d,0,0,0,2014-01-14 21:19:51,4496,52,5.6616,4548,85,36,1,555,38,18254.1874,628,306.4135,1936
1703,05f120991cfbfa6eb019d2cb78b9afe41e26e3bf,0,0,1,2014-01-15 03:21:27,29,49,0.0282,78,85,1,13,3067,6,21983.7617,595,304.9884,1904
1729,2966852a03faecf4ef2dbbc99da98f414826d0cf,0,0,0,2014-01-15 18:08:44,4496,62,0.0446,4558,85,1,13,20,3,31095.6372,749,336.3987,2275
1740,5f635782a8cbe45f1d00ec4f2ed50e1827d3d498,0,0,0,2014-01-15 21:58:46,4496,9293,5.6616,13789,1,36,13,532,37,2486.028,619,314.3472,1844
1730,eb4eb656e3a8038a59ef95f0b9c95283fa388ed9,0,1,0,2014-01-15 23:15:17,11,22,5.6616,33,1,1,13,547,37,4503.2304,608,313.4407,1796
1736,49439ac9afa639aa16a76b8ca4168f3cf59aaf6b,0,1,0,2014-01-16 10:18:12,25,17,5.6616,42,1,1,13,3067,2,3247.9365,744,326.265,2409
1738,d3a9e8f13fc304daf9cedf6e8a21b1d76575020c,0,0,0,2014-01-16 14:21:47,4496,9293,5.6616,13789,85,1,1,42,8,64834.2314,2834,820.0119,45633
1746,b168f3e294e7db6abfbfda777a567acd76bfa863,0,1,0,2014-01-16 21:04:26,21,10,5.6616,31,1,36,13,544,37,78469.1972,610,310.1285,1608
1750,b0b168f0690f7e1d2c0e3401ea0e74d3bbccd164,0,1,1,2014-01-17 16:24:49,211,130,1.1065,341,2,3,3,1576,85,67419.8559,274,185.1267,2559
1749,68baaedd6f0adf4719f0c65296433d5f006c74c4,0,0,0,2014-01-18 00:34:52,69,108,0.7975,177,3,3,2,1554,86,55473.1786,408,212.9134,2551
1741,9be437bd7b268c88901745b361aba271f2dbe5ec,0,0,0,2014-01-19 19:13:48,32,9293,0.0647,9325,1,36,1,174,20,38731.1266,278,184.3938,861
1745,0b6f03f12b41423d4c7d3a995050c62fa1ef3009,0,0,0,2014-01-21 04:40:02,36,64,5.6616,100,2,1,13,15,14,83394.1895,409,199.7752,2181
1756,719103b649c1c5459683a8ffd1c013664f1ffbb6,0,1,0,2014-01-22 06:27:24,63,147,2.6933,210,7,4,2,2236,92,30787.5454,1,795.2212,48877
1747,7822733658b5614549ccad8c7c51463b159aa923,0,0,0,2014-01-22 06:28:46,23,118,0.0968,141,85,1,13,37,2,82213.7261,2831,843.3417,47104
1755,c0c31ed0f654da1a73aeae4e51440332495fdbec,0,1,1,2014-01-22 19:36:44,11,9293,0.2365,9304,2,2,2,1567,85,62473.119,619,306.9188,1696
1752,9771cea2186977adf406ad35cb54a10feae69591,0,0,0,2014-01-23 23:19:49,62,9293,5.6616,9355,2,36,13,10,10,53210.6671,2836,846.9001,45160
1739,f49fc3a6dddb4aae60892178f56a67ae2a07cce1,0,0,0,2014-01-24 02:05:43,32,9293,0.0287,9325,85,36,1,54,13,81065.8345,371,199.5773,1381
1754,b38a905c63b94fce60e7369d4ec727bd0f76bd7a,0,0,0,2014-01-24 18:09:52,45,79,5.6616,124,85,1,1,3067,21,32570.2544,600,299.4331,1090
1759,c612a364951c02d95ead41fb54048fa8fcb35265,0,0,0,2014-01-24 18:49:19,4496,65,0.6432,4561,1,2,2,583,36,25079.3102,641,300.6067,2972
1744,f5d542c5a8c3dbdd80304220c9e2a7b030616daf,0,0,0,2014-01-26 00:08:57,37,9293,5.6616,9330,2,1,1,3067,23,24062.2351,363,192.2499,1311
1753,4d13d09985722e1a06e45f1e96dff7d771959068,0,0,0,2014-01-26 15:02:29,59,9293,0.2156,9352,2,36,13,27,3,43318.358,634,318.0317,1435
1758,b010cb791b70634bf77fcfb39210d85fa40918d4,0,0,0,2014-01-28 00:06:47,4496,55,5.6616,4551,2,36,13,41,21,81982.7905,647,321.332,1212
1767,0254741772262972a6d0535b3c88e5240be41ae7,0,0,0,2014-01-28 14:02:00,4496,109,0.0556,4605,4,3,2,1612,86,36534.8794,1,821.8717,49399
1760,41ffca1281dcdc69b1b843b47a5bb6dc3c462aac,0,1,1,2014-01-28 15:17:30,35,93,0.3067,128,3,3,2,1540,84,35315.9255,154,72.1037,710
1762,41de0bd4e422c1b5959823caccb39a6f9a262df1,0,0,0,2014-01-28 21:31:10,4496,9293,0.0674,13789,2,1,13,27,22,26075.8752,2837,850.2471,45339
1766,752415ed91842da61ceda8a0095da0c035b1fbc1,0,0,0,2014-01-28 21:31:10,47,160,5.6616,207,85,1,13,21,20,25663.2296,2829,841.9446,46862
1757,55211bca799cba0b9bb443c5111102216d416591,0,1,1,2014-01-29 09:08:08,241,110,0.5849,351,4,3,3,1528,83,12841.5571,706,340.6098,2927
1761,1a24611ee378e9afaf990230f0eeef038a10f186,0,0,0,2014-01-29 10:17:54,4496,98,0.051,4594,85,1,1,29,4,5015.4293,75,70.3796,743
1770,0be42463b756ede298c099cf1661f02e198b3344,0,1,0,2014-01-29 18:19:55,32,9293,0.6199,9325,2,2,2,1564,85,25739.6748,750,334.9125,3229
1748,b1cb582a259ba2b601958ba3a2e295c2ddbf44d2,0,0,0,2014-01-30 07:43:01,4496,140,1.1808,4636,2,36,1,245,24,27567.2567,691,318.3813,3174
1769,652ec6a5c36feae346c71f0ff009ec3b8457448b,0,1,0,2014-01-30 15:11:35,100,170,2.7075,270,12,4,3,1557,82,46514.8867,764,311.0592,4317
1765,81fcc33d9d483d27d38348f7aed582f3621cedbd,0,1,1,2014-01-30 17:17:16,14,52,0.7652,66,2,3,3,1546,85,51143.1838,756,319.9429,3700
1784,6ad995e8fa7703e082ea9ce67dc4c1ed0b1fd18a,0,0,0,2014-01-30 17:51:42,41,9293,1.1767,9334,3,2,2,1599,83,44460.2385,59,15.8924,63673
1775,52e1def7a2e1870ad3999b4eeaaa62ee5c9a2a40,0,0,0,2014-01-31 12:47:18,31,9293,5.6616,9324,85,36,1,556,37,64247.2693,623,305.4821,1917
1776,811de14eccbcadffe3dba740d8747fd8eac0248f,0,0,0,2014-01-31 14:09:20,4496,9293,0.0424,13789,85,1,1,605,29,11277.799,22,12.9277,603
1764,5200d45a9e7c317c7bd7cb3893810844a62d7dce,0,0,0,2014-01-31 15:01:39,4496,62,5.6616,4558,3,2,13,694,32,61646.8042,700,343.7731,2233
1774,5f6c5ce68f53e8943a171679f595e99ff06afa49,0,0,0,2014-01-31 15:40:06,30,68,1.5515,98,3,2,13,3067,4,3492.5515,631,303.1832,753
1790,3d64d3ad2793a86c8b162ee6a5be0698ac0d2d52,0,0,1,2014-01-31 15:47:01,33,9293,0.1526,9326,2,2,2,1550,84,55922.4169,719,324.4473,928
1781,016a2b052b9aa71be9d2d4e9afa60525d19f322d,0,0,0,2014-01-31 16:57:55,137,152,0.9543,289,4,36,1,38,5,52241.9787,216,186.5134,493
1777,72507b7a17b4815677acc030a903f03099bdafee,0,0,0,2014-02-02 05:10:12,49,9293,0.0621,9342,2,36,1,3067,6,34733.8298,372,221.4268,1212
1780,6643dbdb1e1aef61c016b3f0c7d01c2c82ad91c0,0,0,0,2014-02-02 05:26:38,4496,9293,5.6616,13789,85,1,13,3067,94,1999.3637,420,198.1566,1552
1783,8085e6df2311a64e3284952e9514b06d4dabfe56,0,0,0,2014-02-02 05:37:10,4496,110,0.8584,4606,3,2,13,83,13,29790.4883,353,215.9564,2621
1786,b71372146135fdcee6353ec8254ebfd87c42f907,0,0,0,2014-02-02 07:30:50,41,118,0.0353,159,85,1,1,51,4,3533.685,231,158.771,1841
1778,fc91071c01c33500774de83944bf5f937397c089,0,1,0,2014-02-03 17:33:37,81,9293,1.9976,9374,4,2,2,90,24,60009.3331,641,322.2336,2966
1796,728c4fa9bf2b2c11dbc61c8e5536b1542abc1ccb,0,1,1,2014-02-03 20:01:31,242,9293,2.5585,9535,14,6,4,2506,87,48260.1676,154,134.3797,136
1785,0842681e214229b5d83283574911d70b5b050586,0,0,0,2014-02-04 06:07:30,4496,84,5.6616,4580,85,1,13,3067,7,15158.9662,2830,839.5935,45377
1788,723fcd1936ad792b8e85490312cbe3edc9d4099e,0,0,0,2014-02-04 17:00:04,42,133,5.6616,175,85,2,13,593,38,41877.739,638,298.6537,2236
1800,ed5cac1d2ab18f03ec2fe211c46b5382729b4c4d,0,1,0,2014-02-05 00:23:30,4496,71,1.4556,4567,4,2,2,1986,90,54170.8518,589,321.1613,2204
1791,93bd89fbba7d76821d3d85ae371cb2e665176b6a,0,1,1,2014-02-05 00:33:44,4496,75,1.392,4571,4,2,2,1942,88,86384.0,591,318.5592,1491
1793,adcb713d597302a868b6224a87ea6ce38e718e5d,0,0,0,2014-02-05 17:34:37,3,9293,1.7488,9296,3,2,2,1706,85,24005.3868,709,343.2848,2700
1794,fc01759f41f253f7c850ed17e939b610812925e5,0,0,0,2014-02-06 04:01:46,4496,40,5.6616,4536,85,1,13,202,30,14083.9043,271,191.7531,63673
1779,9fb44ee55bd14043f307cc320ecc277010a42953,0,1,0,2014-02-06 07:13:24,27,9293,1.7708,9320,5,4,13,208,21,34619.0288,67,79.6244,698
1802,43e6e184b0bc4881a3324fa1caad987207a95e9e,0,0,0,2014-02-06 16:11:51,136,133,5.6616,269,85,2,2,1611,86,28554.4431,2822,841.5523,50641
1789,7a3e697d836ca6fd7f41215678c977cb48a2ce1f,0,1,0,2014-02-07 03:28:36,86,9293,1.5271,9379,4,3,13,145,27,16172.1616,16,1267.3333,361
1798,6e0ce7a0507f58aab61343bdc6e8d955834cb321,0,0,0,2014-02-07 04:40:32,4496,130,5.6616,4626,85,1,13,64,7,37453.4143,355,195.1427,2396
1801,31414fb871c073a19a02dce5dda70bf3df0e5888,0,1,0,2014-02-07 14:34:00,29,9293,0.0323,9322,85,36,13,52,11,50093.1427,629,304.193,1889
1787,3d5b5c3a7e37532017e910ffc680e4f42d918c30,0,0,0,2014-02-07 14:53:49,18,55,0.0324,73,85,36,13,50,21,62177.51,595,319.8343,1412
1797,d69529c3e5a3734e97254190d2049124c6f897e4,0,0,0,2014-02-07 16:12:38,54,9293,0.0455,9347,85,2,1,13,13,84161.1082,1,842.0598,45441
1816,ab5372f0f3b3650556242a21a9d463b4f1e93efd,0,1,1,2014-02-07 16:30:20,4496,9293,0.297,13789,3,2,2,1641,84,41279.5785,1,834.634,49516
1805,2dd55c7d31829b7746201fd86b647296b0c8ae58,0,0,0,2014-02-07 16:37:36,21,9293,0.0355,9314,85,1,13,3067,5,78112.2716,636,302.6466,796
1795,0ced33c6ee2469c68862a90cae7be477274f3be0,0,0,0,2014-02-07 22:05:47,50,9293,0.0678,9343,85,1,1,273,25,54472.3689,278,161.7994,1664
1804,4336a1917c32737bac9e5ef87b31926784065cdc,0,0,0,2014-02-07 22:30:14,4496,148,5.6616,4644,85,36,1,230,25,2266.7014,272,155.687,2038
1806,a4ed367eadb35b5b6df373db80b22898ebc0751b,0,0,0,2014-02-07 23:50:39,4496,127,5.6616,4623,85,36,1,45,13,64377.297,261,157.3942,867
1808,887558f7a3c6a5bbb38a1cf0bacad90f8baa4f0e,0,0,0,2014-02-08 01:11:32,48,9293,5.6616,9341,2,36,1,126,15,34070.8731,277,162.9372,1725
1799,bcfaeaa9c88c056cc36b47ae2df49062316cac83,0,0,0,2014-02-08 04:05:41,4496,106,0.9523,4602,3,2,1,269,26,75869.005,370,216.8877,1303
1807,b75ed1c34b11bfbe7cbb3af72e08d5f9843c2dbe,0,1,0,2014-02-08 12:22:13,487,124,2.2806,611,19,4,2,3067,94,46333.1738,26,40.8083,63673
1809,cca65d7c1638dcd9370b080f08fd55faefc2733e,0,0,0,2014-02-08 22:34:37,4496,156,0.5886,4652,1,1,13,66,12,15664.02,282,185.8584,1849
1819,c5627008a2c87ab960da98f4d5b8ca4aca6eebdd,0,1,1,2014-02-10 15:36:42,4496,9293,0.012,13789,85,1,13,65,11,3483.6308,622,305.599,1973
1812,1b8b7b54087dd2dc2aeb2b9a0b06fbb4f13030be,0,0,0,2014-02-10 17:32:06,4496,37,5.6616,4533,1,36,13,26,10,56653.661,96,67.1163,269
1818,4b83a6f9d9c00fe662ddb9db4533df8b9b96883d,0,0,0,2014-02-10 17:32:06,4496,9293,0.0116,13789,1,36,1,6,10,56026.0045,112,58.9606,340
1823,55b5605b7afcb7ae9bcb9b61959b91502f769db4,0,0,0,2014-02-11 08:18:09,35,9293,0.2426,9328,3,2,2,1594,85,47861.708,85,56.8702,571
1833,9381b8d569ae17cf2760bca266b5253e4bcd6ac2,0,1,0,2014-02-11 12:13:37,23,406,2.9493,429,9,8,4,2319,93,45263.1299,5,106.8841,2794
1821,7a6e5f043670353848fa1373656445c5ca8e4671,0,0,0,2014-02-11 17:16:54,4496,81,1.0635,4577,1,2,2,140,23,60923.9379,106,89.8465,1336
1815,5a3ffc0904e75152eb3e8fafd0b84ae499a94c77,0,0,0,2014-02-11 17:30:02,37,9293,0.0298,9330,1,36,13,22,94,41723.2936,596,316.7476,1978
1825,662f546aa76b7f6473b8da8b9ea675a9fd9757e1,0,0,0,2014-02-11 17:30:02,39,46,5.6616,85,85,36,13,3067,94,42019.8722,594,303.3082,1289
1822,7787deab72fe5772170c0cf6b6712ed2211158ed,0,0,1,2014-02-11 22:39:40,4496,96,0.1742,4592,3,2,2,1575,83,50996.4704,217,179.7178,1937
1829,cf6b4888242d9f4ce891d051b02e6f9eb529d300,0,0,0,2014-02-11 23:12:45,4496,42,0.4321,4538,1,2,2,1964,88,14818.4306,627,322.2191,2247
1841,00a8b1e6ece0f89ae038589f36c7b9a9012fb7f7,0,0,1,2014-02-11 23:12:45,50,71,0.3557,121,3,2,2,1972,89,13726.4343,631,305.9308,1392
1832,84f2b8908e9cdc418a03322db41c9db1ac4f6d6f,0,1,0,2014-02-12 11:36:35,292,9293,2.2193,9585,15,2,1,56,9,50405.4067,78,1267.3333,903
1840,cafaa8eeadd8adae348234773040ef97fe712609,0,0,0,2014-02-12 13:44:46,57,117,0.0754,174,85,36,13,49,22,81481.9078,2831,819.703,45372
1838,b2dfaed3170c8b5b96a7ea8e7df6129490ead3be,0,1,1,2014-02-12 16:37:34,4496,82,0.4496,4578,1,2,2,1595,83,42874.3502,220,164.3245,1690
1835,0d0acac6c59d3fa703a3d504f9cfd063e4d111b7,0,0,0,2014-02-12 17:27:32,27,69,5.6616,96,4,2,13,12,7,69529.2676,745,335.5892,63673
1842,efec07e1134ea176ea5820e725be6603eb250333,0,0,0,2014-02-12 21:38:35,82,151,0.0686,233,2,1,13,528,38,79470.5535,1,845.5453,46879
1827,c6c686f4138e6646bad233e89a630be0aada08ae,0,0,0,2014-02-12 21:48:14,4496,9293,0.6185,13789,4,2,1,159,26,24614.329,2819,853.5629,46996
1837,de6a74a2d5a475cdb1c3e51f65562880ed705378,0,0,0,2014-02-12 21:50:33,76,151,0.0487,227,85,2,13,260,26,86384.0,2835,809.9954,45533
1831,f66b9eb27d88e6f438d4e9d4d4bb8885f78c7bf1,0,0,0,2014-02-13 00:10:27,52,9293,0.0613,9345,85,1,1,3067,8,43731.9661,264,181.2357,1616
1843,5f60fcc39c9ac8958bd2d8565404515f919d8124,0,0,0,2014-02-13 01:50:35,28,66,5.6616,94,85,1,1,13,12,84310.4416,407,197.6707,2207
1834,951fc855496826f9785ad0df66e8d30badf51e4b,0,0,0,2014-02-13 01:59:58,41,9293,5.6616,9334,85,36,13,27,1,34999.5904,423,225.7186,974
1839,4334f99f4bbe0f8361d2063f53b1d10cbc4ba8d0,0,0,0,2014-02-13 02:13:12,4496,9293,0.9764,13789,2,3,2,3067,5,31623.2359,358,195.6969,63673
1847,15ee94897d7d8dae5b23c2a2112eb1564fada22b,0,1,1,2014-02-13 07:42:13,4496,70,0.8837,4566,3,2,2,1567,85,24541.2531,81,73.5365,4
1828,79c6ecccc0760c2c19d3e83f5815307690ec0bdf,0,0,0,2014-02-13 08:44:21,4496,9293,1.627,13789,3,3,2,109,21,34793.0413,262,176.1988,1925
1846,de72e7fc0a750fdb2fcd752092e5a07a7f47046e,0,1,1,2014-02-13 16:26:48,37,42,1.1033,79,4,3,2,1765,84,41332.4057,238,174.5845,1663
1856,e9f8fc7164aac0c7a746b74911afda9e0f02dbd8,0,1,0,2014-02-13 21:56:55,68,50,0.9888,118,3,3,2,1617,85,18139.734,1,825.2504,50194
1853,5b0eb01c9da6a2c27e419e19210f0bfebf5ac216,0,0,0,2014-02-14 03:01:40,17,35,5.6616,52,85,36,1,16,11,35428.4787,147,73.6119,672
1845,c9ade9dc67f1193c1c417a8709b6e0f85568fc68,0,1,1,2014-02-14 12:42:27,4496,48,0.6287,4544,2,2,2,1598,84,60551.3281,725,325.1869,3355
1848,4b08be49a3ee18a4d02db7c52a56dd37e3a187ea,0,0,0,2014-02-14 18:24:02,4496,73,5.6616,4569,85,36,1,58,18,36416.3647,218,181.099,830
1852,b0954a0c1a4c3b888eafdd3b7d4c6da293e7a242,0,0,0,2014-02-15 01:04:16,4496,9293,0.4628,13789,1,2,13,85,17,66573.5209,425,220.3473,1211
1836,fc503dd52fd743a7e519dccc1be3a8bfd7606aef,0,0,0,2014-02-15 16:06:39,4496,148,0.061,4644,85,36,1,291,24,29376.8068,2807,853.717,45424
1859,4112a7fa279b340fb5f0f28f68ec0bf43f1479bf,0,1,0,2014-02-15 20:25:14,4496,155,1.6141,4651,7,5,3,1855,85,24515.5292,40,18.9081,63673
1858,94bda1f7d39adc631cfc8ef316730b54df040cdc,0,1,0,2014-02-15 20:25:14,98,104,1.5131,202,6,3,2,371,32,25725.2885,2862,1267.3333,641
1860,b041a9339d5dd79e81054554c6c32e35a46241cd,0,0,0,2014-02-15 21:51:56,41,59,5.6616,100,85,1,1,3067,5,4467.5673,2862,1267.3333,63673
1861,97859b0a74017ec008025feade05d26fc9fc747c,0,0,0,2014-02-16 04:28:14,4496,46,5.6616,4542,85,1,1,49,12,11754.7812,410,214.2581,786
1768,ea28d36892b72480495629d8df3468f8ecfc9764,0,0,0,2014-02-16 21:37:02,4496,55,0.0264,4551,2,36,13,27,5,85151.0668,2862,1267.3333,525
1854,110990401e22d4842d11cd549979b289958dcdfa,0,0,1,2014-02-17 05:38:07,4496,79,0.0914,4575,85,1,13,303,25,49352.1238,2817,849.8348,47124
1863,9ea99491e846db82777bfdc740e409b827c07238,0,0,0,2014-02-17 08:57:07,80,9293,1.1984,9373,4,2,1,164,24,51822.9613,711,315.5549,3285
1867,5f82aa3b03031c9aa7439b4cb745a6c5641a7b76,0,1,0,2014-02-18 02:40:42,188,277,1.8365,465,5,3,3,1518,86,41929.2375,2813,856.439,59117
1873,26217071280f909f81fc3711df406a572b547c58,0,1,0,2014-02-18 03:50:15,4496,5100,4.5219,9596,39,19,7,1973,83,47253.4697,527,68.8893,63673
1864,500c62d6b98f5b5c15b91f1d38f0132b846c6b48,0,1,0,2014-02-18 17:21:13,471,283,1.7554,754,9,8,5,2073,93,68376.2694,2765,875.3907,52654
1872,6a34b56515add399999d612e3b5a379c54d554a7,0,1,0,2014-02-18 18:41:46,185,9293,1.2663,9478,5,2,2,1554,86,27969.463,160,85.0923,907
1874,ad3a4f824e6d0f1484883f78498e3a07592259b3,0,0,0,2014-02-18 22:21:13,4496,9293,1.2299,13789,4,2,2,1578,85,37340.797,260,162.0707,1005
1866,e67a0a9819c7cd4facfb4448eea78a29b44d4cf5,0,0,0,2014-02-19 02:43:40,4496,9293,0.0503,13789,2,1,1,144,28,38041.4167,364,216.3664,1391
1879,657e16006e56b52cdb06a6014e4a2a8bfd87d77c,0,0,0,2014-02-19 17:35:35,45,40,0.2985,85,2,2,2,1581,88,61817.7537,606,306.7683,1986
1857,54a7e0034148f451ff493f9f5363c26f10a21f20,0,1,0,2014-02-19 18:10:09,99,128,1.3913,227,6,3,2,1723,85,47848.0905,762,343.3976,3312
1875,5223c4797cbb46d5df427d72bb115f96af342d60,0,1,0,2014-02-20 17:36:34,73,9293,1.1532,9366,2,3,2,1621,83,44630.6753,1,821.5676,49535
1876,6ed241acb33087e6cedf8f4637aca5dce0fe502c,0,0,0,2014-02-20 18:33:28,90,77,0.9213,167,3,2,13,145,20,40515.2682,219,160.335,763
1869,3d7019cc3c93acd0c4f3556f10497a2bd07c3a05,0,0,0,2014-02-20 20:07:08,4496,9293,0.8121,13789,1,2,13,34,6,70798.2104,760,336.2111,2058
1862,edf16c950dadcf2b75c8faed33269881b58b1de6,0,0,0,2014-02-20 20:11:33,4496,73,0.877,4569,3,36,13,63,7,20019.5449,750,319.4888,2917
1892,e30f11143abfe3b03fe43aadf99a0804a62f3091,0,1,1,2014-02-24 09:04:48,96,9293,2.2899,9389,9,4,2,1630,83,52524.1726,703,347.6496,1831
1885,cd2c43884d600f9d444fbacd05f56c3581c10aa0,0,1,1,2014-02-25 09:31:14,21,137,1.8288,158,5,4,3,1634,83,39845.4414,704,320.8805,3902
1682,e0857f2dc6d2ad1a35a88a4f33c4d49bd0186727,0,0,0,2014-02-25 09:49:48,11,9293,5.6616,9304,1,1,1,3067,3,906.1899,728,335.1366,502
1871,47a787a9183278d928dff5b06ce5eb6e1a83582e,0,0,0,2014-02-25 14:36:00,63,90,0.0696,153,2,36,13,3067,3,2300.9064,2841,817.3232,46794
1884,d0c38591bbf340ad4e998b66201b8e41a36dba8a,0,0,0,2014-02-26 00:02:18,4496,9293,5.6616,13789,85,36,13,2,12,22878.9917,128,70.4697,63673
1865,5b6d2e40c85f6f9770c03a22e9b11ea5fb0fbe4c,0,0,0,2014-02-26 03:52:16,4496,9293,5.6616,13789,85,1,13,24,4,23980.5795,162,71.6316,63673
1877,f145fa496ce0264708ff8525dfd45ddfb65a39f1,0,0,0,2014-02-26 14:15:32,25,33,0.039,58,85,1,1,3067,12,75850.6874,745,338.2478,665
1882,583041f541e5622ffe8aa569b6c6e4b693649a14,0,0,0,2014-02-26 18:44:29,4496,95,0.0359,4591,2,1,1,23,8,48173.0457,159,88.1827,63673
1893,15728ad8dfbc8991acaf2bee6ad213a39330606a,0,1,1,2014-02-28 07:47:48,4496,9293,1.7064,13789,5,2,2,1575,85,42659.1958,711,315.3406,2585
1886,cdd3625db6a2fed0735329cc1571c72dbab47b64,0,0,0,2014-02-28 15:44:51,4496,9293,0.8418,13789,2,2,2,1608,84,18611.8905,2853,824.7753,50124
1890,4eb21ea7aad3dedcb32621e8f04f4a763a4d0a7c,0,0,0,2014-02-28 16:05:18,4496,183,0.0618,4679,85,36,1,629,29,1938.9786,2809,815.6831,45577
1888,9a62ef339c2fc7f25cde102a052899438ef08927,0,0,0,2014-02-28 21:01:29,4496,111,0.4991,4607,3,1,1,25,7,7586.6493,171,84.5336,962
1880,163049391f4696705161d00a14dbe673e8614559,0,0,0,2014-03-01 23:25:47,57,132,5.6616,189,85,36,1,3067,9,66982.5079,2826,815.4628,47034
1887,7d8092b6602d2d92bd3ef215153ff5e686fab106,0,0,0,2014-03-03 06:18:52,41,9293,5.6616,9334,85,36,1,3067,13,35059.2132,373,219.3476,63673
1889,04395312745805ed7e4fd201b88bcd3d46b3a601,0,0,0,2014-03-03 13:39:40,4496,9293,0.0483,13789,85,36,1,3067,11,77403.4408,119,71.2456,63673
1898,ab2717b6f6475a5d925058338549d31bb2776e6e,0,0,1,2014-03-04 23:10:16,4496,9293,0.692,13789,2,2,2,1656,83,15201.8983,2844,824.0875,50219
1883,630d3b9c777e4b9e371300f9b3578312412970d0,0,0,0,2014-03-05 02:44:34,4496,9293,0.0396,13789,85,36,1,39,6,81899.9812,379,195.1813,63673
1881,b173ce207b311a57f288269eebf13375a2459a99,0,0,0,2014-03-06 04:57:37,21,9293,5.6616,9314,85,36,1,21,11,2362.7117,409,215.2338,823
1895,773fade9aee009170c7062d174f2b78211061fce,0,1,1,2014-03-06 07:54:32,193,9293,2.8254,9486,21,10,3,1765,82,41538.1729,639,289.6503,4931
1901,ba95ca0db52567b875e5be0d10f8523b706385c5,0,1,1,2014-03-06 09:07:51,4496,9293,1.3032,13789,2,3,3,1583,85,23635.5764,721,319.4756,3746
1910,485feefb2503fa58f92a10ea5f310bf5a29029f2,0,1,0,2014-03-06 17:59:49,274,158,2.7814,432,14,8,3,2040,83,38018.5274,2862,1267.3333,63673
1913,84626372c0ae007bb55e0072d981d856f5a8e72c,0,1,1,2014-03-06 21:24:52,53,83,0.4019,136,1,2,2,1959,89,17150.3622,129,65.5862,1045
1897,edd6636e054b0a60ba88da6262b8d439feaa6bcc,0,0,0,2014-03-07 10:06:40,4496,40,0.9493,4536,2,2,2,1618,84,49419.1247,722,335.4349,3331
1902,f3be42fc1a81b01dca2aa2de331083810d8b35e5,0,1,1,2014-03-07 11:13:15,22,9293,1.2446,9315,3,3,2,1611,84,30297.7997,720,335.8,3257
1915,893c11f5451b199365f2edecc9914a20879ac552,0,1,0,2014-03-07 19:09:05,4496,9293,1.3963,13789,9,7,3,2172,91,40618.9269,31,17.7588,1058
1899,89bccb6f7b34667668db6a41f34fa24c94faf0d2,0,0,0,2014-03-09 02:20:35,26,9293,0.04,9319,2,36,13,3067,5,3818.7348,376,195.6549,2333
1906,572d328762bee9100549963a6826fdb9f633af2a,0,0,0,2014-03-09 02:38:23,50,117,1.4412,167,4,3,2,117,18,57880.1042,366,214.8469,1539
1907,1e1129c61db7e410816854c8f62f1c600d10644f,0,0,0,2014-03-09 02:48:57,4496,9293,0.0329,13789,2,1,13,170,28,36214.5538,361,218.0913,2495
1894,57f6f9291d5d8351dce2d493e87fdc5e62c4ebcd,0,0,0,2014-03-09 20:55:32,3,97,5.6616,100,85,1,1,208,21,7498.7768,25,14.3374,63673
1904,67ba0507cdde9389bdd79044be6bf8960a8d67c1,0,0,0,2014-03-09 21:48:11,89,110,0.0605,199,2,1,13,48,21,10433.0198,2862,1267.3333,63673
1908,639ddace4d314919650459ed2065ea8e73ed3e2e,0,0,0,2014-03-10 15:29:10,4496,47,0.0412,4543,1,1,1,582,38,76395.9602,125,84.2002,712
1903,553401d2fef2a8ab66b2da7a79d865be4dd669d9,0,1,1,2014-03-11 11:48:53,102,9293,0.3196,9395,3,3,3,1779,83,30245.3216,56,1267.3333,617
1916,f7eca98a7487b5e4013fbc07e43ebf0055520856,0,1,1,2014-03-11 11:55:16,220,83,0.2032,303,3,3,3,1806,85,23296.2142,9,1267.3333,63673
1911,b4f262e1b0520a683666186d952f9913f568a71b,0,0,0,2014-03-11 12:32:25,4496,9293,5.6616,13789,2,36,1,30,2,3044.8198,222,179.0213,63673
1905,8e360f80f4454c1c40edfefdf44b92bfbb9be6f1,0,1,0,2014-03-11 18:00:28,434,436,1.9001,870,2,36,1,1441,77,56814.7622,1,742.5682,7789
1912,2037a8d7acb4d3a3a44204f077663fbd5869995c,0,0,0,2014-03-12 02:47:11,24,156,0.0696,180,2,36,13,32,8,50988.2347,371,218.0101,1063
1921,31cbdfd7ba9e7ff2ae5f99f3f0f1a7831cd88147,0,0,1,2014-03-12 04:18:54,35,96,0.8516,131,2,2,2,1568,83,27535.1797,2845,822.1442,49253
1914,ed93ad4d8c7ecba8a40ab51b0ecec491629458dd,0,1,1,2014-03-12 11:56:29,46,65,0.2566,111,2,2,2,1630,84,19217.1779,261,161.4286,1776
1920,9405ce0e2d95424544561d088d3167cf328964ec,0,1,0,2014-03-12 15:04:29,30,9293,2.2204,9323,7,4,2,1665,83,34641.367,1,812.6394,49122
1918,6041433108e9968f0612378c22cd96c274554ac5,0,0,0,2014-03-12 23:28:11,32,117,0.0452,149,2,1,13,42,11,60891.2304,1,840.1226,7390
1925,0cb1e3d248eb3d14f197217256d8ec29c4b3717c,0,1,0,2014-03-12 23:29:40,237,9293,1.1186,9530,4,3,3,1572,86,56225.1319,2837,813.1835,59177
1917,948964b52fc58d6aa08f369be9e2d3a058cfea95,0,0,0,2014-03-12 23:40:06,116,9293,1.3151,9409,5,3,2,3067,3,27666.5762,1,850.4563,55140
1926,92381fd26970f53a3f45454a036db20592a72f34,0,1,1,2014-03-13 21:53:01,4496,9293,2.2099,13789,10,2,2,1669,83,73641.3736,100,62.5128,63673
1932,cbf304ebd0436a321753e81231545b705aa8dd23,0,1,0,2014-03-14 09:36:17,521,858,4.222,1379,32,8,4,1474,79,41913.2552,190,102.3119,63673
1937,5ddeba3365a41e682e3e9fa19e7a790f6b2bcd34,0,1,1,2014-03-14 18:13:46,35,82,0.9169,117,2,2,2,1603,85,47614.0004,417,216.4136,2360
1934,8c52cc0e7f67378d66093c958558e765b682888f,0,1,1,2014-03-14 19:46:53,4496,9293,5.6616,13789,85,36,13,3067,1,2136.0323,617,309.6802,213
1930,47675ce7598ed07dc227fd2ebe3e169180f3b0a8,0,0,0,2014-03-14 20:41:56,4496,101,0.0701,4597,2,1,13,80,12,861.6493,1,843.0495,46763
1933,593bd619acff2303e648b48d8a630dfc8d65be93,0,0,0,2014-03-15 05:35:24,25,82,5.6616,107,85,1,1,1,9,80330.6349,368,199.1858,2479
1938,32c15c2fb0d31a8f061a8fb812c2d4851d52ef2f,0,1,0,2014-03-16 00:11:46,25,55,0.7446,80,4,3,3,1653,85,34306.3572,2862,14.745,562
1931,b74c2ade5c7f633262f7c292b21e3f77727a281f,0,1,0,2014-03-16 20:23:53,4496,243,2.0733,4739,10,6,2,606,29,44741.2473,329,229.3676,934
1939,850cd59ca4f409a9c9a2dc0edd7bf02f52308a35,0,1,1,2014-03-18 06:52:12,4496,107,1.7981,4603,6,4,3,1803,83,63380.9495,131,83.7806,63673
1950,17945ab0d0bd65d35f99e4577f5c516aa60423f1,0,1,1,2014-03-18 08:38:14,235,9293,1.9137,9528,9,6,2,2344,92,61749.197,144,91.8053,1797
1940,5b3b52f596eaa50a5eff7e31bec7f1243e34ade2,0,1,0,2014-03-18 19:24:15,16,9293,1.7489,9309,6,3,2,1617,83,54448.002,19,53.3192,1075
1953,75ff51e12485c16f3c408d40f357e07bb26905ea,0,1,0,2014-03-18 20:42:33,257,72,0.8765,329,3,4,3,1823,83,39704.4823,2862,19.7951,777
1935,aabc43973eaa097d004e7d2cd09ff1576b38c0eb,0,0,0,2014-03-19 00:50:05,4496,69,0.8773,4565,3,2,13,33,12,42894.3143,374,214.8306,805
1942,283175ee6032a652080f3767fa1fcac0ca74af0e,0,0,0,2014-03-19 00:54:29,38,9293,0.0426,9331,85,36,13,3067,1,9368.0335,378,199.7844,941
1945,2639ac2ae94f8a2d773cf333a2631772df479325,0,0,0,2014-03-19 01:03:50,21,59,5.6616,80,85,1,1,3067,3,79255.2977,371,197.4694,63673
1927,4ce44df4d346124013e322fdbb13993f7d0689ab,0,0,1,2014-03-19 06:04:47,30,80,0.7509,110,2,2,2,1653,83,45835.095,2841,839.0369,50495
1941,f1f8384a0c449e600b62280bbd601d6da08c3e74,0,1,0,2014-03-19 09:55:19,1,39,0.2687,40,2,2,2,1634,84,54979.5371,744,325.7572,2711
1946,9ef3eeec13b1cd30b35780def9cc35923193dfe9,0,0,0,2014-03-19 16:46:20,4496,9293,0.0736,13789,3,1,1,3067,4,80955.6237,1,817.2118,46913
1929,48c9db60526cea38be4a442694b1aa843a85d257,0,0,0,2014-03-20 09:16:20,21,41,0.0409,62,85,1,13,23,1,37411.7623,750,323.6375,63673
1936,922f5af10357a1933aadfa70ccb649ee3f0b6188,0,0,0,2014-03-20 13:48:56,4496,9293,0.0792,13789,85,36,1,75,18,70661.5644,266,178.8318,1846
1952,269f81052e42d36f9a3bee684464543b7074b6b9,0,1,0,2014-03-21 14:04:36,22,257,2.6128,279,11,10,3,1653,86,32931.4908,74,37.6221,63673
1958,c843b6b85cf828fde16d8d8a04411cba515f715e,0,1,1,2014-03-21 18:03:12,4496,96,1.8144,4592,4,4,3,2059,86,34322.027,710,322.1492,3729
1954,6b6139cc8bf903f76dfc422d1f45a800a84b9000,0,1,0,2014-03-21 18:17:33,4496,133,1.5045,4629,3,3,2,2042,88,19184.6475,2831,813.4867,50642
1944,e682c0370e68af75779bf2b0cd1622fce6e03eab,0,0,0,2014-03-21 21:55:36,4496,79,5.6616,4575,2,2,13,3067,10,73490.5143,2819,810.7809,46786
1959,4347982974176bd20bfa69d72a72f895e1b05d25,0,0,0,2014-03-22 02:45:09,4496,9293,1.466,13789,2,2,2,1795,84,35955.8647,2839,840.633,49465
1966,44ed78aaaa150c9de74331944fdcc37a22262e4c,0,0,0,2014-03-22 03:37:35,18,9293,0.9807,9311,2,2,2,1684,85,18129.7348,2856,834.3556,50113
1957,26b8f4ac9d50b2e9dfd3cc4e608ee38fa46d4279,0,0,1,2014-03-22 20:48:55,4496,50,5.6616,4546,2,1,13,149,21,40393.851,31,17.9541,63673
1955,5baa72f7f299b4ec190ddb30b897d5519a6a2a75,0,0,0,2014-03-24 11:36:05,4496,9293,0.0414,13789,1,1,13,28,1,46016.0447,75,56.2117,482
954,91130373f474c8a8d8f5100044507553d2a9b872,0,0,0,2014-03-24 16:06:01,4496,9293,5.6616,13789,1,1,13,3,7,81340.6886,742,325.958,2329
1956,13910dc40077d5d0dadb541c043047f1b7a37be2,0,1,0,2014-03-25 10:09:45,176,164,1.5423,340,7,5,2,2124,84,33027.8601,46,1267.3333,63673
956,24e71dbff4e08878c94ad8cadaf9c5c6de8ae658,0,1,1,2014-03-25 10:09:45,95,9293,1.1306,9388,3,3,2,1625,84,18531.5999,2862,23.4639,480
957,ad81cabdce6c7dae46f1a207b0ed4b4bfa479618,0,0,1,2014-03-25 16:42:20,4496,53,0.8879,4549,2,2,2,1651,83,27873.3329,724,323.6569,3228
966,58e524e77f218cc75d01acc8f41c8ee6eef86207,0,1,0,2014-03-25 18:55:37,125,141,0.5813,266,3,3,2,1619,83,39146.6837,221,178.5608,1003
980,1a3b5dbcb5fbee5066ceaa2467536119893f7e7f,0,1,0,2014-03-25 21:02:22,1208,84,3.8236,1292,40,18,4,2734,81,37062.0305,274,1267.3333,63673
973,3bb87d1699584e4ffe412479ae898e52c67654a6,0,0,0,2014-03-25 21:44:41,58,70,0.9538,128,3,36,13,78,14,1591.5759,115,33.3022,882
967,0ac36ea86bb9773997856ff897842bf66d69f5fc,0,0,0,2014-03-26 02:29:29,57,108,0.032,165,2,36,1,3067,6,29727.4827,408,194.0129,1498
977,ebaa755b1b05e2b4c3671efa242afbf59dfd0497,0,0,0,2014-03-26 19:02:47,4496,9293,0.6261,13789,3,2,2,1619,85,60115.4781,145,24.5598,730
971,e615960c16b69fcbcb77c917ade30850912d3ede,0,0,0,2014-03-27 03:50:23,53,148,5.6616,201,2,36,1,3067,6,18243.5088,2833,818.9526,45494
960,1cd818c6b4b36e1b4c55e52bb7d4bcc2af1dc322,0,0,0,2014-03-27 13:02:23,34,9293,0.9521,9327,1,36,1,146,17,5157.7236,220,159.2034,607
969,07a451ea0274ab75f4772aef741bf8aa83e86f91,0,0,0,2014-03-27 14:14:50,4496,9293,5.6616,13789,1,2,1,30,13,41008.3686,722,341.188,2171
974,6d796c7956e0b1bc49a11a54e761d123cc53f966,0,0,0,2014-03-27 15:01:08,4496,115,1.0313,4611,3,1,13,209,17,8193.8769,279,156.9315,872
959,5749fb1eaa81e4c6c6ba06bce38e3b29d17d398e,0,0,0,2014-03-27 15:14:54,4496,43,5.6616,4539,85,36,1,608,30,7455.2964,754,338.7426,1958
970,180bb757164ae1c938ac0335ea4cfc83b54bd740,0,0,0,2014-03-27 15:21:21,4496,24,0.0116,4520,1,1,13,1,6,3525.8054,738,332.4439,2726
979,6e6863d4d14161027a419ef606916c95f59e7f41,0,0,0,2014-03-28 02:29:10,4496,9293,0.048,13789,2,36,13,3067,10,45025.446,352,193.5961,1353
991,47bbfe35afd750ef110311725f6b2824a91552fd,0,1,0,2014-03-28 21:36:28,20,81,0.5691,101,4,2,2,2079,86,26295.3309,258,178.0602,1153
972,bef9526d1b89ccd8bf3f42664aebf05d587a0411,0,0,0,2014-03-28 22:58:34,36,56,0.9621,92,1,2,1,60,16,64894.9727,231,157.7163,926
965,b7ac8f96c169a3cfe18dd50ca1f27ce2b21fd78b,0,1,0,2014-03-31 10:09:36,4496,9293,1.5007,13789,6,5,3,630,34,44438.4332,193,155.5513,545
993,abc6565e260d07614a400b0a83a56a20a7a0722f,0,1,1,2014-04-01 09:02:15,2,9293,0.2453,9295,3,2,2,1631,84,69078.8412,745,339.8333,3345
975,d8c29a3f7e482c99a075f581902c0ed7d142cd6e,0,1,0,2014-04-01 09:28:48,0,17,0.0111,17,1,1,1,3067,2,1499.5036,737,328.0592,2518
986,55fba6ab0b5521711ed5c33a2d8ddadd2edd8906,0,0,0,2014-04-01 10:09:27,4496,9293,0.049,13789,85,1,13,33,11,11068.0215,722,338.1501,3029
988,79da4a6e0e1b33f880f6228e93905d85122238a2,0,0,0,2014-04-02 09:32:48,4496,38,5.6616,4534,1,1,1,38,18,63456.3935,723,334.355,2318
1005,b42feea6432905946083e0e287b3545a5799e4a7,0,1,1,2014-04-02 09:58:00,278,9293,2.4594,9571,13,9,3,2066,82,39940.4435,669,303.183,1426
994,486cc4cc0a1aae49ef8d09fd884d7e4095c05f1b,0,1,0,2014-04-02 15:02:49,4496,9293,1.0565,13789,3,2,2,87,12,17554.9558,750,339.5509,2093
983,b218536dbc55232a73a81f6288d82ef2b0fa0e6f,0,1,0,2014-04-02 17:02:47,401,113,0.8083,514,5,5,3,1656,83,30691.7877,106,20.7911,873
976,f4f7417735e179c73334ecfb3df6aeb1467b6842,0,0,0,2014-04-02 19:27:35,60,9293,0.9256,9353,1,2,2,3067,9,9583.551,41,24.5957,63673
989,5ab1a341a47d43f74398443f1ec1c17edb95e550,0,1,0,2014-04-02 19:35:54,4496,9293,2.9524,13789,8,6,2,124,31,41440.8964,2801,813.7479,52756
982,4f47a44d05a1c9b8e284c2d8c084edb7c0376d1d,0,1,0,2014-04-02 19:53:25,96,9293,0.8938,9389,5,4,3,1771,85,3735.0775,644,322.2923,1610
1007,133cfd399e15a2061f4759188726e875e288e625,0,0,0,2014-04-02 20:26:24,4496,9293,0.5925,13789,2,2,2,1829,84,5319.9085,68,45.6905,63673
999,a4d7e227dc22714c47f7e362fed4b72b4ae9ab18,0,0,0,2014-04-02 21:43:23,4496,36,0.0304,4532,85,36,1,590,38,21708.3254,632,318.1133,1912
961,3ca740119e7b402a453a2fb43ee904a0ee313ff0,0,0,0,2014-04-02 21:54:40,44,9293,5.6616,9337,2,1,13,3067,5,84345.5523,589,302.5942,1065
990,5e51aa4e6d1d868bb82a1aa2ffaed4613b24ffc1,0,0,0,2014-04-02 21:56:08,4496,9293,0.0205,13789,85,1,1,3067,4,436.3036,620,315.4885,1966
996,43d35a651c83e52113bbf25b405c3329dc963e58,0,0,0,2014-04-02 22:53:19,17,9293,0.0337,9310,1,1,1,3067,94,63918.4424,626,305.4103,805
1000,05b08822c0aa060eb7ec5afd234e459f8f5ea05e,0,0,0,2014-04-02 22:53:47,39,9293,5.6616,9332,85,36,13,8,1,86384.0,620,309.0195,211
1002,4ebf82cc306ce4ef719abbb960d3f44b33f173af,0,0,0,2014-04-03 02:42:59,4496,9293,5.6616,13789,2,36,1,3067,10,33511.2212,267,178.5376,1736
1009,e6e596d1a86272b70d759aad18f561e84e2854be,0,1,1,2014-04-03 19:55:07,74,136,1.6717,210,4,5,3,1587,86,71140.4861,1,850.5914,56924
1012,04fd84c3d536a82b1e20a6295bc09d9250b76d29,0,1,0,2014-04-03 21:17:44,193,9293,1.3519,9486,8,4,3,1626,83,34147.8685,113,95.7101,167
1003,9cd68230b2430a2782d2b7062eaa7ed4f3437d62,0,0,0,2014-04-03 21:28:45,4496,90,0.0431,4586,85,36,1,3067,6,1150.2147,161,70.6091,658
1006,28d82160fc9e1082755ff770d189dacbabbeef80,0,0,0,2014-04-03 23:29:58,22,9293,0.0308,9315,85,1,13,17,4,5244.694,620,317.502,1917
981,bc8951726e4830e6b9248b4417570f3363ff5eed,0,0,0,2014-04-03 23:29:58,26,9293,5.6616,9319,1,1,13,19,4,5237.0713,605,317.5271,1859
1001,4b09b8deb33bd87d0714797e2e862221bd8735ab,0,0,0,2014-04-03 23:30:43,26,29,5.6616,55,85,1,13,23,4,86384.0,624,306.6342,1449
1013,57b18e600c6d79d19d29f3569b81cb946ef9ee57,0,1,0,2014-04-04 14:36:15,82,254,3.0095,336,14,8,3,1925,83,42303.467,192,140.769,3619
1008,655ae7a8f9c4582eb6c303e005df6edbe76bd732,0,0,0,2014-04-04 17:34:12,55,140,0.0679,195,2,36,1,3067,2,69782.013,2836,847.6854,46842
1018,5ebadc11e36749e6479f9aba19406db3aacdaf41,0,1,1,2014-04-04 20:37:09,363,323,1.1299,686,14,5,3,1725,82,39254.0212,65,40.5415,1502
1022,c18ce589efdf480ad4623298ffb7038eb4091afb,0,1,1,2014-04-07 20:51:35,359,495,2.2038,854,8,7,3,1771,81,55744.9052,2804,857.3489,55722
1011,1755f65a647da1816e2bd8229ba656a26cfcff1d,0,1,1,2014-04-08 19:28:58,8,9293,0.95,9301,3,2,2,2064,89,76181.4905,610,310.1175,1761
1015,97a6e36bcdb6e186c07acac8ab9baaafd37d43ad,0,0,0,2014-04-08 19:42:04,18,31,5.6616,49,1,36,1,581,37,578.9414,604,315.4671,1810
995,d7ae79427e1153e0065933cdd9df43b08da3fabc,0,1,0,2014-04-08 22:31:38,112,9293,5.6616,9405,1,1,13,546,36,10544.5463,627,302.4424,2148
1017,d41c075721428b4beece0d8b22086a8017664280,0,1,1,2014-04-08 23:08:19,4496,9293,0.4577,13789,2,2,2,1704,84,3996.355,52,28.4881,466
1021,76db70e9d46688a6ef57f963dae0dad3d7c04ca7,0,1,0,2014-04-08 23:13:51,4496,46,0.012,4542,1,1,13,576,37,2715.5458,63,36.3868,242
1020,f6671a7ac42515b057615ae3ac38bdb81715f98e,0,0,0,2014-04-10 02:51:05,33,9293,0.0315,9326,85,36,13,29,7,80536.8017,373,198.4161,1481
1025,333986428e6556f68c5889046d79afad8cb8e8f9,0,0,0,2014-04-10 16:21:42,22,9293,0.0356,9315,1,36,13,11,9,48665.982,107,43.7458,63673
998,66a6990aa076bbcdebee952f47c95ccdad735dbc,0,0,0,2014-04-10 20:51:33,4496,130,0.0349,4626,2,1,1,35,3,71771.342,162,93.0642,1298
1016,9d08e50daaed83fc8e9321b6ae1d44f8e8137d8a,0,0,0,2014-04-11 16:31:31,23,59,0.0285,82,85,1,13,194,21,71029.3532,115,68.8679,63673
1029,b69f5e363b75543429a25b0909b45dff735c64b2,0,0,1,2014-04-14 19:08:31,4496,9293,1.1056,13789,4,2,2,1798,83,57024.135,25,12.604,63673
1023,de8a479f2e1a8b536dedf2e6470301709bc3d9dc,0,1,0,2014-04-15 22:13:45,35,9293,1.7639,9328,5,4,2,1997,84,61772.1302,116,85.9513,63673
1038,87097066e7c3c133e333804c4e4b00457b6c989d,0,1,1,2014-04-17 22:36:08,103,9293,1.8972,9396,9,5,3,2291,83,30689.6732,280,195.0409,744
1032,48d7e408085ff4f56a718487dedb05c23dfe57c9,0,1,1,2014-04-22 08:12:19,4496,9293,0.2803,13789,1,2,2,29,23,65383.8076,768,320.5217,2270
1047,a2e74354ca51809a11b62dd7995c026807683b0a,0,1,0,2014-04-22 12:27:20,298,187,2.3859,485,9,4,3,1866,86,38748.4888,2815,797.7291,56945
1034,75c185199d403dbd6d1220a4f4dcd1553c98c15f,0,0,0,2014-04-22 13:33:12,4496,9293,0.8388,13789,85,2,1,43,23,42433.1343,2833,810.0915,45353
1036,44f4e790196ff6425255cd12cfd100ddf9415524,0,0,0,2014-04-22 13:47:11,115,9293,5.6616,9408,2,1,13,50,17,69639.7504,2821,815.8859,8710
1026,0547d16d5f5475e66c339ed779cf561c52869445,0,0,0,2014-04-22 14:15:29,49,9293,0.8223,9342,3,2,2,1698,85,49652.7851,2851,837.8179,50236
1030,8b8042b032fd93103fa6c74fc4b751e0dd9a207b,0,1,1,2014-04-22 14:42:04,4496,9293,1.0334,13789,2,1,1,3067,7,65098.2419,635,304.2391,1323
1037,c320cb34019710895a3570d001c73688fa948c2b,0,0,0,2014-04-22 15:24:37,37,9293,5.6616,9330,2,36,1,34,23,2433.3649,592,300.7718,1987
1044,072b488cfcc4603d467bee6ea601c16cf92efc3e,0,0,0,2014-04-23 19:09:54,99,137,0.0612,236,3,2,2,180,24,51814.1808,60,44.3935,63673
1040,c3550fe40c298bb7d31735ac1aedfc9fab84c169,0,0,0,2014-04-23 22:56:51,19,59,1.031,78,1,2,2,1823,84,17755.5986,2862,1267.3333,262
1048,86382f6427803854e24e7ae198f2292e1b9edf09,0,0,0,2014-04-25 03:25:29,4496,86,0.0443,4582,85,1,1,118,13,41859.7355,422,214.951,1419
1051,c0c2de53a075e00f3ee8b32db23a3cb3b289943a,0,0,0,2014-04-25 10:23:55,4496,9293,0.0218,13789,85,1,13,28,4,48226.9907,756,320.9339,2223
1028,a4f5794222f2a69ea4502085f928e3d413dba1d7,0,0,0,2014-04-25 13:21:39,4496,45,5.6616,4541,1,1,1,1,11,53297.4223,23,11.9823,63673
1043,08a9d384d87d472d7f8383fa1d9b457190309b27,0,0,0,2014-04-25 13:37:50,4496,9293,0.0241,13789,1,36,1,24,5,84689.2995,744,336.2671,3041
1050,7c0c34b1a5635990751ce4ebbbf308673536cd41,0,0,0,2014-04-25 14:03:50,4496,128,0.0381,4624,85,36,13,3067,2,36974.1319,266,160.1894,1658
1068,acf1b1801352cdc6103325ff4498c2020dcc1c32,0,1,0,2014-04-25 15:56:34,496,9293,4.6223,9789,32,9,2,1608,90,36143.1932,178,1267.3333,2918
1014,63ba5886e3ee3d6e5b5ab538c4b2e5890bfebeb3,0,0,0,2014-04-25 21:50:41,23,68,0.7462,91,1,2,2,1784,84,42421.5087,627,320.6758,1482
1077,9881ea6b3e4c48fab071bf3e1cf3535775adefa2,0,1,0,2014-04-27 16:26:34,272,608,2.7221,880,21,5,2,2103,82,48789.762,2862,1267.3333,63673
1039,9002e76d6971c3035a439209a9f2e5b8c2465247,0,0,0,2014-04-28 16:58:43,28,92,5.6616,120,85,1,13,573,29,65848.3947,174,93.0049,808
1060,7f019804ca82c727062c2a787fe534690e9dbf6d,0,0,0,2014-04-28 23:51:56,27,54,0.954,81,3,2,2,1722,85,9888.6338,411,215.2735,1674
1061,0a20f5f170b3596e6e74bba7daddebd4c1f5963a,0,1,1,2014-04-29 04:24:07,4496,189,1.6476,4685,3,2,1,648,52,42048.2026,2862,1267.3333,1562
1056,6f919368c87f1c4c3531843fb8f7f5c80d21f51a,0,0,0,2014-04-29 17:05:47,4496,9293,0.4033,13789,2,2,2,1668,85,57370.9045,600,303.678,2247
1067,90d086a152643b19b9a80f2446c6e8b1747722f9,0,1,1,2014-04-30 00:15:31,4496,79,1.0321,4575,3,2,2,1663,85,48046.8357,409,200.9545,2242
1062,a4664328c2be71a39301b1fe92eb9fb4e2d4755b,0,0,0,2014-04-30 00:39:24,4496,9293,5.6616,13789,2,1,1,2,6,2215.2577,417,213.5587,2426
1063,1b51bec1455265de050fa85f1a2f90c26d28f591,0,0,0,2014-04-30 01:07:09,36,9293,0.0314,9329,85,1,13,3067,4,2401.1403,411,216.2892,55
1080,10527498a340feb7333b3c2b0252029fe6a840c7,0,0,0,2014-04-30 09:19:57,4496,72,0.465,4568,3,3,2,1902,83,48692.44,718,335.9551,2673
1054,74e96b460ae779e5823178108001871d4a10be7a,0,0,0,2014-04-30 16:46:51,71,9293,0.0578,9364,2,1,1,3067,4,56100.8323,1,842.9117,45238
1064,dbf3e1c574d08dee0450feaf8cc7e0d4df0e0ba8,0,0,0,2014-04-30 17:45:45,43,9293,5.6616,9336,2,1,13,3067,6,2459.6658,1,814.7068,46702
1066,cf3f5b6efbe80a95bfc57e40e60ef5531eddc71e,0,0,0,2014-04-30 19:07:51,4496,63,0.0604,4559,85,1,1,39,6,5549.7761,1,813.3626,46944
1069,b573d0fb51a91b053d11d5693eae5a397019d288,0,0,1,2014-04-30 20:39:02,4496,9293,5.6616,13789,1,1,13,3067,8,32112.0783,2862,9.31,368
1055,70fd478271fe13afeb85f05b8897b91058967b96,0,0,0,2014-04-30 20:59:21,4496,9293,5.6616,13789,2,36,13,31,6,19895.7186,71,33.5111,63673
1065,68961a6a9089a8cd374dc90577f2d48b515aa0a7,0,0,0,2014-04-30 21:29:05,60,9293,0.0407,9353,85,1,13,3067,6,44717.6272,225,158.8702,1729
1071,43f19eb576004ac7694e76425d37cf876c01673c,0,0,0,2014-04-30 22:15:43,4496,9293,0.991,13789,1,36,13,32,1,52715.6954,358,194.1676,63673
1076,e78b002b131bb34792dd7a04f26d9a3a57c531c1,0,0,0,2014-04-30 22:20:26,31,9293,0.0281,9324,2,1,1,558,38,75902.9933,420,212.4468,2408
1058,233761e53988301222dfaa590dc7fd8ee396c9b4,0,0,0,2014-05-01 09:37:36,41,127,0.6629,168,3,2,13,3067,8,8994.4483,708,320.0675,3356
1070,742682833259e0bd48243211253dd6a2469e95e2,0,0,0,2014-05-01 21:40:17,23,68,5.6616,91,85,1,1,3067,0,59454.3656,631,318.6044,63673
1072,18d3b52d478c31a9091bb328f8cf5adaa7879a66,0,0,0,2014-05-02 00:24:53,31,47,5.6616,78,2,36,1,52,10,9812.0492,368,199.6948,2139
1074,73ef82f384ca9c95933cd92d0e389f2f0dff7ab8,0,0,0,2014-05-02 00:28:26,38,79,5.6616,117,85,1,13,3067,3,30175.2334,363,221.2918,1346
1081,62af7d0c9d12c642fcc749f64f3db096013d2e41,0,0,0,2014-05-02 18:56:08,41,9293,5.6616,9334,85,36,1,3067,5,5768.6755,1,846.6291,45588
1091,562a22fcd29b215f921ed3a4f4fe26b6f2290530,0,0,1,2014-05-02 20:46:11,10,9293,0.9096,9303,2,2,2,2077,89,76303.0631,615,312.9823,1911
1073,837bded794f23975414eb81a73a7120aaabc13ea,0,0,0,2014-05-02 21:39:36,4496,18,5.6616,4514,1,36,13,571,37,3081.1354,608,313.1461,1564
1087,af96d405b42a9e4ae23cba841b7a5d83ee8f7ec8,0,1,0,2014-05-03 03:47:27,164,9293,1.2459,9457,6,3,3,1800,82,66203.0991,1,849.1334,58828
1075,3fb2dcdf06fa74db14891abb76a447c040f32436,0,0,0,2014-05-03 20:39:16,47,71,5.6616,118,85,1,1,3067,4,9092.9652,370,197.9668,2383
1083,65cd825d0d423b7473b7197b2d22a3dc169e2bb1,0,0,0,2014-05-03 20:51:14,4496,9293,5.6616,13789,85,1,1,33,3,10692.5647,378,200.4299,2472
1088,f486193ab5654881986a7f7b655fee3aedabad15,0,1,0,2014-05-04 00:33:03,81,36,0.8969,117,3,4,3,571,36,19134.5623,216,185.9469,1159
1078,2f32783bd60081b7798b73c58f9d973776dfd7b5,0,0,0,2014-05-04 04:07:40,65,120,5.6616,185,2,1,1,3067,3,37970.0773,357,221.4467,2465
1086,c454807a75a55bf7a12dbe7c641266bcaf33d6e1,0,0,0,2014-05-04 04:19:51,84,9293,5.6616,9377,2,36,13,3067,5,1274.9731,366,213.7204,1486
1099,3aa41fbce807d07e3952cbc78beec7cbc2d743e7,0,1,1,2014-05-05 07:23:27,32,9293,0.6974,9325,2,2,2,1695,84,35886.5522,746,334.649,3295
1095,9d06ea6f144c3a1327d9c1322f1543067852701e,0,1,1,2014-05-05 09:19:13,392,9293,2.8936,9685,16,5,2,133,27,45231.376,797,299.914,1742
1035,4791d9814d97c6bc373b5b126774e4d1381732a6,0,0,0,2014-05-06 03:36:20,35,9293,0.0258,9328,85,1,13,10,12,71820.1136,365,214.0896,2199
1089,69e65be8d77716c4ddf318d63f180aceb2393133,0,0,0,2014-05-06 04:13:32,4496,81,0.0375,4577,2,1,13,3067,5,26870.6366,376,195.1408,2180
1096,f4460a55b85759d2a631a2d931f10106e1748770,0,0,1,2014-05-06 21:10:10,62,9293,5.6616,9355,1,1,1,600,37,85047.6007,595,318.2029,1382
1098,0a09edc8180d4b0dae8c56dd64a1b1c531d684f8,0,0,0,2014-05-06 21:12:58,4496,47,5.6616,4543,85,36,1,591,37,86384.0,603,306.4627,1513
1082,9030693180b1e6484ae7d1d44ef6964ca9491f49,0,0,0,2014-05-07 00:49:46,4496,35,5.6616,4531,2,1,1,3067,4,6743.2752,119,69.7362,838
1100,bc4b008bf138f3542f228624b9e9a4a4301ea8b2,0,1,0,2014-05-07 01:22:03,199,9293,1.7585,9492,5,2,2,1730,83,41483.9368,75,47.3821,63673
1104,ef35641edd2682b6e6ee177dce0b93849dbe8c4f,0,0,0,2014-05-07 03:36:04,4496,87,5.6616,4583,2,36,13,236,18,11313.6987,1,816.5603,46728
1093,c7e472e8c1eb5739866e8c93957738676cc744bc,0,0,1,2014-05-07 03:41:20,4496,197,0.7405,4693,85,1,2,1764,82,1566.8886,1,849.0102,50588
1106,32e1b16b81af5afb244860af9dad368575d69988,0,0,0,2014-05-07 08:27:04,38,9293,0.6311,9331,2,2,2,1682,84,56833.9361,727,323.6892,3363
1101,2e61cd5e07f3983d262ec6bba2aea329e28c5fdc,0,0,0,2014-05-07 08:53:09,4496,52,0.9472,4548,3,36,1,85,16,42712.0387,714,339.1764,2968
1094,dceb739f32b7d8a8525b3af99cf51b7acdd3b7f6,0,0,0,2014-05-07 21:30:05,4496,9293,5.6616,13789,85,1,1,19,4,81864.0048,596,320.3793,1326
1107,ce7bf5e99405ce08dbd2b4955fd76582c27db403,0,1,0,2014-05-07 21:53:16,4496,101,1.5591,4597,5,3,2,2056,84,33884.6198,1,840.5468,49604
1105,39b0d0e3efe3f0b58c317a0fa8766dc99ad5ec11,0,0,0,2014-05-07 23:11:47,4496,9293,0.0212,13789,85,36,13,614,30,4368.853,596,305.3542,2200
1092,d267cf88c870a05efc9109a53b51b8628b4dfe48,0,0,0,2014-05-07 23:34:29,46,89,0.0556,135,2,1,13,556,29,15936.6131,60,34.3338,63673
1108,d839350f42405ccd85ff478bd13bad9920522dee,0,1,0,2014-05-08 01:17:48,36,9293,0.842,9329,2,2,2,1669,84,17214.9234,410,213.7746,2259
1112,79a4dd58cd060cc28f32e0fc17001fe1179552a2,0,0,1,2014-05-08 15:51:29,32,52,1.0247,84,3,3,2,1745,85,29905.9146,742,337.0946,2749
1110,3b299c4ca123e66172163bacc05e7ce8e096164c,0,0,0,2014-05-08 15:59:52,4496,117,1.955,4613,3,3,2,3067,4,25006.3514,704,339.9082,3432
1113,134e0226e42d977e8e73477b1ff24d51e64b4436,0,1,1,2014-05-08 20:56:22,108,230,2.2313,338,7,4,2,1780,84,44447.7552,2818,849.4057,48767
1117,d13f78ab82c6fe4a6fbb5293126670fb7032203f,0,0,0,2014-05-08 22:04:17,4496,93,0.6216,4589,3,2,2,1712,84,12207.0652,2837,841.5983,50651
1114,259e17df3bd39d1cedf5e3a40c88b1d0d8efdc33,0,0,0,2014-05-09 15:04:55,4496,78,0.8532,4574,3,2,2,102,21,34348.7422,572,301.5492,2846
1116,361ad681ecdde12e299026ccee5e17c184f943d8,0,0,0,2014-05-09 15:12:16,20,29,0.0305,49,85,1,1,30,11,68339.3493,600,316.2776,117
1102,7484bd41918cc042642753f1ad1eaf468c6fc3af,0,1,1,2014-05-09 15:40:50,4496,21,5.6616,4517,85,36,13,8,11,60821.8284,135,75.7667,275
1111,65a46265df79593c684efceba0ebb93e37339e0e,0,0,0,2014-05-09 18:28:27,25,52,5.6616,77,1,1,13,30,15,12613.3814,622,307.8739,1419
1122,820f0eb60b89e043761a8c882ff8a016c3ea2212,0,1,1,2014-05-12 15:49:37,32,9293,0.4449,9325,3,2,2,1674,85,45807.6003,2862,8.8736,63673
1125,81bf2b08895336b7f650624b7a581ccc5e2dbf26,0,0,1,2014-05-13 00:10:28,22,74,0.9544,96,1,2,2,1716,84,54343.5769,378,200.5669,2375
1119,2e456f56a604402a4c176c0995f62147a129149a,0,0,0,2014-05-13 08:18:59,4496,82,0.0393,4578,1,1,13,3067,5,46222.9605,760,341.6149,2210
1132,db9ef0b6db3b3198cc0c67eb00505f0ef53b87e3,0,1,1,2014-05-13 12:03:54,179,283,1.8349,462,10,7,3,1912,82,29062.231,700,344.1987,1777
1126,362e54803434053fea25f874f64c69bdc1db78da,0,0,0,2014-05-14 12:25:29,78,9293,1.8464,9371,11,2,1,196,26,51507.2608,763,320.9213,1673
1123,1147ee3a81e483b26b4b8c5d7cc7e55fcc2baeec,0,1,0,2014-05-14 12:25:29,566,428,2.8554,994,22,9,3,2138,86,42869.3682,804,287.8553,4756
1142,541a20dbb2ef258705c0632cddc3361ea533995c,0,0,1,2014-05-14 16:55:55,64,9293,0.99,9357,85,1,2,1745,82,67167.5662,2832,816.5629,49414
1097,c6efd35cf20db59c917b590100a7d09555fa4854,0,1,0,2014-05-14 17:10:32,83,9293,0.03,9376,3,2,2,1734,85,33664.1484,24,46.9619,415
1140,a01eb5a9458e03e7e53509d738b8717d0975141b,0,0,0,2014-05-16 02:21:20,44,9293,0.5848,9337,3,2,2,1777,85,72821.9863,23,1267.3333,261
1131,401ed436ab0ca1f9294fbdd26d3da78ee70e9c3f,0,0,0,2014-05-16 02:32:41,4496,9293,0.0543,13789,2,36,13,33,6,4.0465,374,214.804,63673
1135,7879e7f9b6f0d95b85f24923bb93229ab129fca2,0,0,0,2014-05-16 10:34:38,24,9293,0.0281,9317,85,1,13,42,15,74522.8984,416,197.6739,63673
1120,c045690b126e6b1f594291c6eff3957a6d9079ea,0,1,1,2014-05-16 13:56:05,4496,9293,0.3007,13789,5,3,2,1673,85,34351.7433,753,315.5052,3462
1139,7eefbf8b9d8602181acddb799103f64583c8a5ef,0,0,0,2014-05-17 16:44:03,4496,64,0.6881,4560,1,2,2,1729,85,77067.5665,18,9.4637,63673
1138,eaa78e0857b30662c55cd72d5bc635a4d9d1a23a,0,0,0,2014-05-17 21:00:11,37,9293,5.6616,9330,1,36,13,35,4,20884.7957,2862,10.5124,539
1079,58dc48889536878bab2dfc67ed892b27cde03558,0,0,0,2014-05-18 00:43:06,4496,9293,5.6616,13789,85,1,1,318,30,48534.9835,417,189.4291,1324
1137,590b3b23ac2db333048c52c5323b78d0630605ae,0,1,1,2014-05-19 10:28:49,86,9293,1.6742,9379,8,3,3,1673,86,32317.848,711,318.7154,2385
1145,e3a88b9f80ea9ba59cf3da8f7b5cc81ccb32e24a,0,1,0,2014-05-19 12:29:15,4496,9293,1.1659,13789,3,3,2,1774,83,7151.3467,90,68.6015,732
1129,51583ad3dc2fab9ba9e667b6ca73d3773642ce05,0,0,0,2014-05-19 13:45:20,46,112,0.4781,158,3,1,13,100,14,4121.9046,758,343.4831,3280
1146,b9802ffbc4d22e5a6a608f16113d8a0d7914a319,0,0,0,2014-05-19 18:52:40,57,9293,0.5823,9350,2,2,2,1692,85,6975.8155,598,300.7573,2310
1144,e141694e2bcaecf3c604f3c60b622f8cc63f3b46,0,0,0,2014-05-19 18:52:40,42,9293,0.5469,9335,2,2,2,1727,85,7092.4808,629,317.8453,2091
1121,de1f7ee1eebc0ed9a092940874ac5868b16ef930,0,0,0,2014-05-20 01:12:44,4496,9293,5.6616,13789,85,36,1,598,36,23615.6004,412,219.1807,2432
1141,ba08eb3577dfe00885b024e66738d294f431129b,0,0,0,2014-05-20 03:46:40,56,105,5.6616,161,85,1,1,76,17,10435.4459,2815,810.2526,8794
1143,76139e42693959c5975f46803b9897f009656846,0,0,0,2014-05-20 04:09:26,50,87,5.6616,137,85,36,13,562,36,11557.9942,422,218.1656,1471
1149,a42b4e584842a3104652fa2c0092f9306f935f26,0,0,0,2014-05-21 03:47:46,63,9293,0.0496,9356,2,36,13,42,8,37717.0469,1,840.4934,7104
1128,ca213ccdc029e74f548115dfbb61c65d221e5e42,0,0,1,2014-05-21 09:44:50,40,9293,0.554,9333,2,2,2,2104,86,43757.3395,702,342.7826,2476
1134,2635632270289fbbab2f3e3181f20aa98c34a879,0,1,1,2014-05-21 15:29:12,124,64,1.6607,188,6,4,3,1714,85,15002.1858,713,320.8289,2566
1157,6127f85670e9aeb569d5cc74468a2e17cc93b0bb,0,0,0,2014-05-22 09:51:32,4496,9293,1.0303,13789,2,2,2,1770,83,62329.0375,747,339.623,3401
1152,36cc02ca76fa11b6b1d2cb24fb068d2a5dfaa842,0,0,0,2014-05-22 14:02:23,16,58,5.6616,74,85,36,1,41,18,5530.5378,742,325.9358,2358
1153,028f539eaa7f5ebcda42495145686dc1fa40acd9,0,1,0,2014-05-23 07:33:25,4496,105,1.6743,4601,4,5,2,1720,83,71296.6279,702,342.8849,3645
1151,465a09c468679548cb4884f6a219c4335bb39350,0,0,0,2014-05-23 09:13:55,34,95,0.0273,129,2,1,13,3067,6,75699.9474,709,335.8208,2847
1166,dfcb73426c9e87b0e4c263d0739d6856c3119c05,0,1,1,2014-05-23 16:01:58,4496,9293,0.45,13789,2,2,2,1711,84,22845.0418,746,326.2774,2766
1147,926f639a53fdd260bc789a3cd69a49186b7e7c76,0,0,0,2014-05-23 16:20:10,58,9293,0.3121,9351,2,2,2,83,23,37622.4022,84,30.4386,63673
1154,ca7e9d5c49b08fa4981d5986ef68c82b3777e282,0,1,0,2014-05-23 16:49:44,56,9293,0.8846,9349,3,3,2,1696,83,15215.8336,755,335.1682,2528
1136,f5ee620bf9f47194b4326a4194c8d85e35ca4545,0,0,0,2014-05-27 06:31:07,4496,91,5.6616,4587,85,36,13,41,21,79189.1846,83,70.136,63673
1155,367c741931c2a20eb2213650313dc238e8b0f3aa,0,1,1,2014-05-27 08:20:29,180,9293,1.3251,9473,7,4,5,1691,83,54709.1172,24,96.098,63673
1160,4e67631ef84464ee4a1c141719521e835ddcd529,0,0,0,2014-05-27 23:11:38,4496,9293,0.039,13789,85,36,1,594,37,64606.1438,592,306.1096,1230
1133,b59ae73cf20e7ddb7ed656ad968419e06e4a82e4,0,0,0,2014-05-28 09:51:21,58,124,5.6616,182,2,1,1,4,14,63682.2394,1,845.8828,45545
1167,5767757abc98759c7c3cf955b03e972d29fda633,0,0,0,2014-05-28 21:43:26,50,63,0.6205,113,3,2,2,1689,85,18056.8854,85,51.2691,570
1163,d92a79f5b3287ee26e45b666b2c4c5feec823f74,0,0,0,2014-05-28 21:59:06,45,9293,0.0597,9338,2,1,1,3067,1,61786.1387,83,52.4381,63673
1165,78e91c4cacb7128a994a7a8ca16f5a9e20b576ce,0,1,0,2014-05-29 14:16:53,91,9293,2.7262,9384,21,8,4,2444,0,45895.6248,661,381.8896,1059
1175,5420b7a2296d230e7fd5bc2f41fc6472a9c8b55e,0,1,0,2014-05-29 21:16:03,1359,9293,2.8307,10652,30,12,2,1971,84,51748.9675,174,75.9938,63673
1176,ee950b4103459740329dd91b07738b4e6003f977,0,1,0,2014-05-29 21:37:50,4496,9293,2.667,13789,17,10,4,2269,89,43389.9813,2862,1267.3333,63673
1174,e68ac31f3fc5a1a44bdb36a4124bf921a65f2be4,0,0,0,2014-05-30 14:21:27,4496,129,0.0851,4625,2,1,1,46,5,58410.9456,2820,845.7219,45248
1162,f66689db9705fe5ebb0a6d2fe5063e23b0c2af0c,0,0,0,2014-05-31 03:54:17,26,9293,0.0293,9319,85,36,13,3067,5,6253.7252,371,213.8963,2340
1170,1c33ea3677ce788dacc3e158991cf99452c0325a,0,0,0,2014-05-31 03:58:51,4496,56,5.6616,4552,85,36,1,3067,2,6799.4772,365,214.079,2184
1177,371507a121209ceb8d3d6774f36cbb34175d4347,0,0,0,2014-06-03 04:01:11,27,9293,5.6616,9320,1,1,1,21,3,19128.076,377,195.4862,1354
1180,58bb974a330ab71d2ee34cace565f489e26629c7,0,1,1,2014-06-03 05:54:21,48,71,0.346,119,1,2,2,1704,85,36595.5439,86,54.2884,63673
1173,0f2d7d0b9540efa3ea3dfe4f8270c3635afdc63c,0,1,0,2014-06-03 06:11:56,93,9293,1.9547,9386,9,5,3,1774,84,38969.722,67,80.0526,63673
1178,f2a656e9d6eb43fd5e6ca13603453bebd6fa210c,0,0,0,2014-06-03 06:18:00,77,94,5.6616,171,2,1,1,3067,94,29308.6877,69,73.3935,63673
1183,2800c7fdb8c4a913ad08670a1597036aa79d7ead,0,0,0,2014-06-03 15:35:11,49,116,1.0624,165,3,2,1,73,13,7348.8388,2833,843.3945,46803
1181,1dc157afe7da3dce57f7657e445ba12f16073d49,0,0,0,2014-06-03 15:51:20,4496,79,0.8564,4575,4,3,2,1894,85,27926.1108,262,164.7596,1745
1190,00b5c36cc55f8ed65c9d769e93035f2fc8fb1eb0,0,0,0,2014-06-04 18:42:12,4496,119,5.6616,4615,2,1,1,9,6,63197.1687,2838,821.4629,45344
1158,285c369ac7910d24b7260a3d96a67de9257cb9bd,0,0,0,2014-06-04 19:29:48,71,108,5.6616,179,2,36,1,3067,9,80324.7133,2826,838.3247,45338
1182,1e49abaf9cbc0833146f30c32ab574cd892aa0a4,0,0,0,2014-06-05 15:50:04,4496,9293,0.4984,13789,2,2,2,1809,84,17874.5846,233,165.9458,1820
1192,4722fe70aa9ae1b62772cfa1a1de58ef289445d5,0,1,0,2014-06-05 18:15:32,440,415,2.5398,855,14,9,4,2025,82,57580.1186,2862,80.0734,1545
1194,60be74230e48bb7f3aba132e247d054a8b8b8a0d,0,1,0,2014-06-05 20:38:41,203,9293,2.6093,9496,9,5,6,2121,87,43406.3879,2862,66.0907,63673
1184,cd9e4638fa878d4d6ef286918d33a25835436bbc,0,0,0,2014-06-06 04:01:58,28,9293,5.6616,9321,85,1,1,3067,5,85373.6042,410,217.0311,1421
1189,512c3d1a4e9f236f22308eab12d5374d24d48a8c,0,0,0,2014-06-06 19:18:32,50,105,0.6419,155,2,2,1,63,16,34383.6444,34,6.621,577
1203,f72738125339c21a6981ecd2bfe86035244e8257,0,0,0,2014-06-07 13:21:33,78,9293,0.488,9371,3,1,2,1790,83,56871.3921,1,804.8997,51258
1188,ce98b2de09641772f4466593c6b650906e66fad7,0,0,0,2014-06-07 20:40:40,4496,9293,0.0624,13789,2,36,1,3067,5,14254.0415,271,154.8775,2005
1193,68c92652aec5934c5050520f060c07a91057c3c0,0,1,1,2014-06-09 18:40:33,36,51,0.4165,87,4,3,3,1764,85,36817.3973,2862,13.0344,360
1195,fa601bdff0bbd98605db6ff17591724aefc16245,0,0,0,2014-06-12 17:00:37,4496,103,5.6616,4599,85,1,1,128,19,83593.8478,1,838.8953,46818
1186,b93f287c869c1da5158a7961b3ee1281a11a2b9e,0,0,0,2014-06-12 17:00:37,51,114,5.6616,165,85,36,1,112,17,85592.1344,1,814.1068,45671
1197,29a89d818a8befa95408e7c6c0a1347e107c3a26,0,0,0,2014-06-12 19:41:52,4496,9293,0.4804,13789,1,2,2,1980,86,41827.2727,633,302.7032,1227
1201,d509fe1a5f8798f23f248fd0421fe15d04a53e32,0,0,0,2014-06-12 19:53:11,4496,9293,5.6616,13789,85,36,13,57,7,4083.2437,604,315.2484,1516
1164,cecd1da318f19139446db526be035fb25e1c5b12,0,0,0,2014-06-12 23:42:21,158,102,0.0016,260,1,2,1,3067,11,74621.1511,630,319.0788,1259
1202,68dd6349551f5b26b399a80f38624e02bf89a9b4,0,0,0,2014-06-12 23:42:21,173,9293,5.6616,9466,85,36,13,25,1,66913.8015,598,303.6814,1954
1213,a4504388a8761b42f4f28604d98ac668ca496d55,0,0,0,2014-06-12 23:42:21,33,9293,0.7034,9326,2,2,2,1891,84,14747.5348,624,319.0019,2229
1185,6eda57c1b612346d7936f6749b684882ec46d68e,0,0,0,2014-06-12 23:42:21,4496,69,0.7646,4565,2,2,2,1726,84,46454.114,601,319.0058,2118
1214,f1aa49b9f80f532307195932e6bf34f4705e6ccb,0,0,0,2014-06-12 23:42:21,37,9293,0.762,9330,2,2,2,1765,83,46558.3066,590,318.1387,1613
1218,be79ba500e6e63ade6e337374f935e69a691086e,0,0,0,2014-06-12 23:49:09,39,9293,0.0482,9332,3,2,2,1720,85,1595.0427,656,299.6315,2454
1198,55c48c2a001ff659722236df5636a45a000fdb46,0,0,0,2014-06-12 23:49:09,46,89,5.6616,135,3,2,2,1726,85,86384.0,642,301.9847,1233
1209,cc276fb198cbc1cddd880736a5d99f49cfcc9592,0,0,0,2014-06-13 16:17:51,4496,9293,5.6616,13789,1,1,13,27,10,59738.4342,604,304.1171,1977
1215,9baae7b80767b077403a75cd1c1e2589ae38b0ba,0,0,0,2014-06-13 16:35:07,58,9293,5.6616,9351,2,2,13,3067,12,30379.4091,597,305.0258,1337
1187,a8f5278c8c7253ff5bd707a6b8b9fd508545fe73,0,0,0,2014-06-13 16:47:27,18,9293,0.0141,9311,1,36,13,17,4,500.85,625,316.2873,1435
1205,593bba94f68ce6fe5220264d5323693ce80ef6fb,0,0,0,2014-06-13 18:35:08,4496,72,5.6616,4568,1,36,1,17,4,5979.2905,629,314.9303,1486
1212,45afe1d935be9057fe3aa08f2d7b9300501402ff,0,0,0,2014-06-14 05:29:58,68,9293,0.066,9361,85,36,13,577,29,50885.0312,428,189.7894,1059
1219,a14a01c924e4db8e084ba313149d35149dc53825,0,1,1,2014-06-16 20:10:06,272,152,1.4819,424,8,5,3,1838,85,42627.8427,69,19.0928,1062
1216,9afc2097ef8e806b9916e623815202b0f43d1cfc,0,1,1,2014-06-18 00:59:26,4496,9293,0.9864,13789,2,2,2,1852,84,38318.0653,256,174.5502,1157
1217,4b3a17cda6f46b444ec54b719bf6ac7c246c513f,0,0,0,2014-06-18 18:32:19,4496,144,1.0553,4640,85,2,13,180,19,81873.7797,667,322.9289,2454
1220,498ee24b52a6876a008c3d3d3ef4870e4bd9842c,0,0,0,2014-06-18 19:05:31,43,63,0.0775,106,85,36,13,3067,10,77161.4219,1,840.2125,46879
1221,7bceedf47017f625779c00df3d483a88010681f5,0,0,0,2014-06-18 19:06:59,1349,192,5.6616,1541,4,1,2,1938,82,68796.837,532,291.7078,3065
1226,b34237150afc15c50ca0a281f77a67e73b229bd6,0,1,1,2014-06-18 19:06:59,3,0,0.9183,3,2,2,2,1877,85,74861.0,613,311.2,1837
1210,20fffa9993ba79d99109e037582b488963567777,0,0,0,2014-06-18 19:06:59,3,0,0.9183,3,2,2,2,1877,85,74861.0,613,311.2,1837
1206,c1b5c270df35bd9554d565c44cd409ec9d96b44f,0,0,0,2014-06-18 19:16:26,4496,9293,5.6616,13789,85,1,1,161,21,68617.3418,628,306.4477,1450
1225,93c99a65e70cd21c8b4e26c161b990b0155449b9,0,1,0,2014-06-19 03:30:02,4496,9293,4.4816,13789,46,19,5,2726,0,42662.9316,611,283.3238,5426
1229,303ff22dd608d4971a12de52f91184dcd82895c0,0,1,1,2014-06-19 06:50:27,189,9293,1.1461,9482,7,6,3,1913,84,39335.1692,135,75.0114,1445
1204,434b5d683ec7520acf1a5a2d421ee5aba2ede0e8,0,1,0,2014-06-19 15:47:14,113,9293,0.3086,9406,3,2,13,735,43,42042.7178,153,89.3252,63673
1222,4f381a2a60c95bba9b3d7153aab8db504b3b7720,0,0,0,2014-06-19 16:18:58,27,74,5.6616,101,85,36,1,29,6,1895.2118,66,48.6611,63673
1228,eb56b490bad44f2ffa04e6b52f3cf0eaaa9c7e4a,0,0,0,2014-06-20 04:45:18,4496,86,0.0264,4582,2,1,13,32,4,27528.0558,415,194.4389,2469
1223,93f54fc44461c995ff30d42f284c78d1a9a02723,0,0,0,2014-06-20 20:31:52,28,75,5.6616,103,1,2,2,1850,85,38795.981,2845,822.8834,49583
1234,ee401cf8131a779069805cbe9ef4ab05d4a63b9a,0,1,0,2014-06-20 22:16:12,154,164,1.3425,318,7,4,3,1742,83,51032.6779,75,47.9628,63673
1232,bf9b49ca8443b020cee6f0e1550763fed5a36363,0,0,0,2014-06-20 22:46:16,56,9293,1.0012,9349,2,2,13,18,17,2708.2561,278,177.4097,576
1224,2420cb46bf3b5c07069a24f56af73d8a00d9673f,0,0,0,2014-06-23 15:29:25,58,9293,0.068,9351,2,2,1,50,8,74382.2155,2825,813.3819,45378
1243,5b8ac8cbc5ff9e0dffb6ebc0485e0e2bc2a679fe,0,1,0,2014-06-24 18:06:53,403,336,1.4154,739,8,4,3,2198,84,86384.0,590,323.5161,1485
1236,a224e583ab2fcda98b0428ab0c41d6bb6e5ee09a,0,0,0,2014-06-24 19:35:46,4496,9293,0.0672,13789,85,36,13,22,4,2035.8374,66,50.3462,63673
1118,6e4dca02a720ac9277370ba1d4cf387ef1a3cfd4,0,1,1,2014-06-25 09:30:53,78,128,0.8822,206,2,2,3,1801,83,78678.2161,713,322.6222,2390
1230,d84b692eb1cc0fbc55f047ec61c6a1c2cabe8b46,0,0,0,2014-06-25 15:34:30,53,9293,5.6616,9346,1,2,1,915,46,79798.4347,89,26.6581,63673
1235,23893ead557989bb74d699e1028c9c6a1b689f3b,0,1,1,2014-06-25 21:09:31,182,80,1.0447,262,4,3,2,169,23,45103.6307,18,27.4819,450
1253,ef4a07b4b62eb448b6c1752250896fc861ff29a4,0,1,0,2014-06-27 17:13:02,111,173,1.7519,284,4,5,3,1872,84,46331.4534,180,98.3995,63673
1239,da3606e180411e88774a9f24e7884147a202fea8,0,1,1,2014-06-30 12:00:42,201,259,2.2053,460,6,4,3,573,33,46764.8062,197,67.0416,1222
1248,6aa81a5b378938bcd9d1201af191685dcbf4a96b,0,0,0,2014-07-01 19:25:13,4496,9293,5.6616,13789,1,36,13,56,14,3337.4452,40,39.6913,13
1231,135513cf9b95edadf7ab52be8b05c2d83019f3cd,0,0,0,2014-07-02 08:23:19,4496,134,1.4106,4630,2,2,13,153,23,61078.9975,768,321.6006,1904
1245,e90c493cb27e563d473befd1c932284d40df4f9c,0,0,0,2014-07-02 13:00:30,29,9293,5.6616,9322,2,36,13,48,17,7572.6778,123,53.9666,588
1256,9b539f966f56a98775eacadd6495b4482b0e87a9,0,1,1,2014-07-07 04:55:32,99,102,1.9916,201,7,4,2,1746,85,29923.0845,2821,818.2285,50834
1257,cbe4fd02aec75a359df34b48bafdf7361796f527,0,1,0,2014-07-07 13:34:00,4496,9293,0.0293,13789,1,36,13,112,24,65784.3802,52,21.0443,63673
1247,0c6fad4a8a8d30198283f36f35077d52e8122cee,0,1,1,2014-07-07 15:31:44,76,88,1.2056,164,4,3,3,1786,83,18650.8983,710,340.8894,2683
1258,8d87e0e25e7252926bbe8b671bd86262ba7bc246,0,1,1,2014-07-07 15:50:26,176,107,2.2876,283,6,4,3,1742,83,32950.3783,778,346.8803,2214
1252,d13a996e45a3294a7c16102bf9d3da881ae2c732,0,1,0,2014-07-07 15:53:01,134,9293,1.8447,9427,9,6,4,1870,85,51650.4382,183,51.4761,63673
1260,871de53a83639922d6dcbe0b5a0c52ddc7591fe2,0,0,0,2014-07-07 16:10:49,17,34,0.0157,51,2,1,13,62,11,1392.7674,156,81.3112,796
1246,8f7678967c4a042f8e351e8948a44e8b54671240,0,0,0,2014-07-07 16:16:54,16,46,5.6616,62,85,36,13,3067,9,2091.2672,749,327.0905,63673
1254,61ee287bc7d56008c3b7851f0f2e2413325d81f4,0,0,0,2014-07-07 16:16:54,19,9293,5.6616,9312,85,1,1,19,9,1884.5738,749,335.3672,599
1251,d5265bb326bcf4703e866ca96241842d9dce974f,0,0,0,2014-07-08 17:17:13,4496,84,0.0517,4580,85,36,1,38,23,47047.0319,633,294.3188,924
1262,eb4032e5fb4b5c7ec4f59989c0e62ebc431c1e21,0,1,1,2014-07-08 23:20:58,4496,53,1.1131,4549,3,2,2,2189,89,36277.2778,29,30.0543,423
1264,ae03e1bab709bcadcd973899be04e0c06a7df7a9,0,1,1,2014-07-09 20:51:51,210,246,0.9766,456,3,4,3,1851,84,71335.0013,26,8.478,63673
1269,11351e3c0dd20e60e1f21be6cfa966377a999f83,0,0,0,2014-07-10 17:08:58,4496,61,0.322,4557,2,2,2,1791,84,45184.9836,628,306.724,2162
1273,5e4b8f535fb2b176335ba29a59302b08c3c23766,0,1,0,2014-07-12 04:36:13,27,9293,1.0643,9320,5,3,3,2041,84,38138.2175,2845,838.8906,50371
1271,1630ebf6afa6c3ceb4751dfd9bb3e444b99211e2,0,0,1,2014-07-14 16:11:07,4496,154,0.7166,4650,4,1,2,2220,90,56160.8344,2803,812.9985,48889
1261,8a2d8a138d5ac1fc38b24bc7fd7513f6dbe86b24,0,1,0,2014-07-15 17:05:47,560,9293,1.9151,9853,9,2,3,1754,83,47310.8585,83,30.443,63673
1267,ca431888efd91bb8a7900c0219bd821744153686,0,0,0,2014-07-15 17:20:48,4496,9293,0.0347,13789,2,1,1,3067,2,64606.2531,141,42.4834,873
1280,233bd3c0340d6bd19fe0c25072bd3b4931be0e1f,0,0,0,2014-07-15 20:21:41,4496,76,0.9422,4572,1,36,13,413,32,86384.0,2838,844.7572,45259
1268,fad5ad5a6af5a9ed2954a6395149f0ca95d34603,0,0,0,2014-07-15 21:19:25,4496,9293,0.0759,13789,2,36,13,420,32,4484.264,1,819.0424,47215
1288,6319dc804f073b65b011c5ff87f6c320df6b7e8b,0,1,0,2014-07-15 23:18:15,179,9293,0.1349,9472,5,5,4,1784,83,8456.2838,94,57.2757,1387
1276,e60b4e6d1d8fb94586ec3e277e77a6d2aef0be2e,0,1,0,2014-07-15 23:18:15,196,174,0.3019,370,5,5,4,1760,85,7593.5731,116,25.2541,1367
1274,721afaead6bdf02107a88f650edf1be5b1127268,0,0,0,2014-07-15 23:22:26,34,55,0.6079,89,3,2,2,1768,87,11637.6245,84,27.6767,63673
1277,c7f3a238e7fcc09292c0316b4df3279a4d241b2d,0,1,0,2014-07-16 16:26:35,14,9293,1.4087,9307,3,2,2,86,17,79032.1811,20,29.4635,63673
1266,2a661195fe0fb5fb43b0295266d0decf40820442,0,1,1,2014-07-16 22:18:46,229,9293,2.6817,9522,10,8,3,2043,87,44505.0624,130,3.1522,63673
1279,43c2c169b7bd8f6d5ec16557532c34f3ebcc995a,0,0,0,2014-07-17 20:59:05,34,9293,0.0321,9327,2,1,13,3067,21,77009.9782,592,318.783,929
1282,337e4a8292d29ea1a07c932d8853ca62939548ed,0,0,0,2014-07-18 17:31:17,4496,9293,1.7647,13789,7,7,1,35,3,63002.6252,649,301.9676,763
1283,33719e759aa600149b4b1286c63e4f895a920b4e,0,0,0,2014-07-18 21:19:34,27,9293,1.0268,9320,2,2,2,1805,84,52615.214,257,164.5422,1658
1290,3d2da7987e3a6d0f1e088af9c661068335cc9f67,0,0,0,2014-07-21 13:36:01,4496,9293,1.0329,13789,2,2,2,1794,84,52049.641,2862,7.7203,324
1286,453292f3c6a443aed72a4b53203f1a46b26d9aaf,0,0,0,2014-07-21 21:41:43,4496,81,0.0384,4577,2,36,1,3067,1,64439.3012,404,213.3255,467
1287,4f6e108e146f5226a6a20ad83fb5c46c7d18d046,0,0,0,2014-07-21 22:42:24,4496,9293,0.9798,13789,2,2,2,1799,84,41198.6318,238,167.5251,1561
1284,ef894c2aad85fbb980be20f5c42f735966871d47,0,0,0,2014-07-22 21:14:14,30,9293,5.6616,9323,85,36,1,25,6,9827.0532,155,86.1569,63673
1270,7f571b57abe6e93493a1406a582d5b0ababc0118,0,0,0,2014-07-24 16:48:55,4496,9293,0.0266,13789,85,36,1,3067,4,5159.7996,604,307.2605,1394
1299,67ce78fcc70422b7d831f6fc4a6e5512ca4d5ffa,0,0,1,2014-07-24 22:38:26,23,9293,0.6956,9316,2,2,2,1793,85,18247.5161,81,47.0232,63673
1295,d9cc6c1bf610f13533df23f1b5fa99f955abd85f,0,0,0,2014-07-25 15:45:31,50,9293,0.0255,9343,2,1,13,37,8,83059.9477,598,319.6282,80
1292,2b35d4b94affac7662858f7642880d89c9a70a31,0,0,0,2014-07-25 15:58:37,19,38,0.024,57,1,36,1,33,8,553.4079,603,314.278,126
1285,d2934049b4693af3d90a60e30002e9f7bd16d8fc,0,0,0,2014-07-25 15:58:37,4496,44,0.0215,4540,85,1,13,40,8,345.0636,627,315.799,70
1294,60e56d4bebdd7889df88274540d58159b17a3364,0,0,0,2014-07-25 15:58:37,15,9293,0.024,9308,85,36,1,12,8,340.9252,603,305.1466,693
1296,8bf6974b4b9c1be035bb6b10350d190166c39379,0,0,0,2014-07-25 16:11:19,4496,9293,5.6616,13789,1,36,13,11,8,509.7018,606,307.6831,683
1301,638c40e817a0d4c4e52956491b99c2699bedc80c,0,1,0,2014-07-25 18:25:35,4496,24,1.0118,4520,2,2,2,1972,84,71572.4586,49,41.7143,384
1291,3744d7792941785e6e38fefa2b50b1df5cda8791,0,0,0,2014-07-25 23:49:55,4496,71,0.0378,4567,2,36,1,18,4,24686.5801,632,320.5976,1317
1302,a5bc52eee90e342efcdc53282612008d3dbaeaeb,0,1,0,2014-07-29 16:57:34,168,338,1.3463,506,5,4,4,2161,85,30749.2335,2776,799.0259,58870
1313,892bf5551c06e669b02d161439463ebf2de0793c,0,1,1,2014-07-30 11:38:51,75,83,2.0431,158,3,4,2,1917,86,12664.9057,62,76.2383,63673
1293,70c72b7ec56367f9701ccf971363fc179bf2db50,0,0,0,2014-07-30 22:02:10,4496,9293,0.0274,13789,85,1,1,14,9,4644.3816,50,46.9374,63673
1306,cde5666290a89fcfff0c6a4bf2a421caa615de36,0,0,0,2014-07-31 05:46:10,38,96,1.5387,134,2,3,1,279,23,66302.9871,135,48.1826,63673
1318,0947fb8a91ddbf9785a675bafaac51c02dd1f27e,0,1,1,2014-07-31 17:38:03,4496,9293,0.2811,13789,2,3,3,2134,86,45365.9484,645,298.8247,1534
1310,1879d9928b506845f45578580f2a902d41409c8d,0,0,0,2014-07-31 20:41:06,29,55,5.6616,84,85,1,13,12,10,81254.2469,45,35.2886,237
1307,d667556d060068a4a93e5331372b92468f0996d8,0,0,0,2014-08-01 13:23:02,69,133,1.1347,202,6,2,1,3067,5,37459.0316,65,52.8597,747
1311,1921b98599aa5190c74737c4e8a1092c63f842dc,0,0,0,2014-08-01 13:32:31,4496,9293,0.0567,13789,85,36,1,18,3,1379.796,21,47.3592,343
1315,60eab4e45e18d6b08350187acf56deed9654fda7,0,1,1,2014-08-01 14:30:48,4496,9293,1.2248,13789,5,5,3,2333,88,58385.7915,5,50.4176,689
1324,2f48723bfff605af31102fcfcd767b3dc878e097,0,1,0,2014-08-01 15:50:34,19,9293,1.0352,9312,2,2,2,1785,84,18811.6977,629,318.9963,1411
1319,a48b3c42255d99eb22b826a3abffea8409f7feea,0,0,0,2014-08-01 16:48:30,84,176,1.4495,260,5,3,2,670,44,6225.8083,2,26.1316,63673
1316,85b74382782767b82cf9b5393770cdf93dd0645d,0,0,0,2014-08-02 05:17:50,26,9293,0.0467,9319,2,36,1,3067,2,27408.7482,370,194.2398,1546
1320,57abab1f2551fb5e3792bc9f3828af3c04d52636,0,0,0,2014-08-03 04:25:14,40,9293,5.6616,9333,85,36,13,214,20,35035.5617,416,212.9967,1381
1305,f47863e13c91566aca5f8a25cfa247b7ea27ec59,0,0,0,2014-08-04 12:28:58,59,157,1.5141,216,4,2,2,3067,11,53459.4313,2798,849.719,9822
1330,5009ee31b933fcc5843417fd65ab9ff91bb74e73,0,1,0,2014-08-04 12:32:56,174,9293,1.8669,9467,4,4,3,1823,83,48694.5588,1,803.9657,59182
1278,5151fd5bcc369540d83914cdcb5cc01f4d739f96,0,1,0,2014-08-05 08:16:35,47,9293,1.2833,9340,2,2,3,1842,87,59867.9092,755,321.3758,3277
1314,2d211608e4e8b334fbfe2c8b69880287377f99f5,0,0,0,2014-08-05 12:44:41,36,61,5.6616,97,1,1,1,25,10,74130.8884,749,322.7156,690
1322,9f1e9575cb946cf2aa4efd403606474e070c3cc9,0,0,0,2014-08-05 13:47:35,4496,9293,0.0117,13789,85,1,1,13,5,5436.4566,727,332.265,2510
1309,ef2785137618672614f40618e99a57ce98671335,0,0,0,2014-08-05 14:02:56,5,0,0.0,5,1,1,1,10,5,921.0,734,330.3333,2581
1325,4b6d6ebd8cb613d1975ef3fc6e7ba4218143364c,0,1,0,2014-08-05 14:02:56,5,0,0.0,5,1,1,1,10,5,921.0,734,330.3333,2581
1321,9faf905743696264ef0fdf6f962378ce95829e50,0,0,0,2014-08-05 15:35:30,4496,22,0.0168,4518,1,36,1,3067,5,811.6132,625,317.2257,1993
1317,b4741d04b57591f35292a9929951cd515109c8d6,0,0,0,2014-08-05 15:46:18,14,9293,5.6616,9307,1,1,13,14,5,397.669,622,316.8736,1891
1336,1adc39f1713a826e833b393798b4eea4a64f9e3a,0,0,0,2014-08-05 15:59:44,4496,9293,0.7,13789,2,2,2,1800,85,9863.4191,715,325.7819,2753
1312,7e71d01a036fc0338b0f5ad1b9d61792ed190caa,0,0,0,2014-08-05 18:53:01,38,9293,5.6616,9331,1,1,13,3067,4,64317.137,621,307.4001,1888
1327,73eb68c516a291e2f8a816abab20b67999eb851b,0,0,0,2014-08-05 18:53:01,40,9293,0.0191,9333,85,36,1,11,4,64295.7739,605,314.7046,1793
1329,f7598815059bad05b6c6a4af53c8f5f5c8800a04,0,0,0,2014-08-05 19:05:21,4496,9293,0.0278,13789,85,1,13,3067,5,12299.6063,595,318.7497,1887
1333,bd191f18e0317df1040567d5de9a3744dfc32aba,0,0,0,2014-08-05 19:20:03,25,9293,0.0167,9318,1,36,1,3067,5,1238.839,626,308.4456,1379
1331,91d61b3276ec5ffda85a99009a779f1ebcb4358a,0,1,1,2014-08-05 21:41:01,35,9293,2.3756,9328,6,4,3,1877,86,45057.0956,2804,803.887,59655
1346,cd84cc9ec63a1b7831262b87f29e0f4313a6eab2,0,1,1,2014-08-06 08:17:39,26,98,1.7071,124,5,3,3,1785,85,50136.2294,704,344.1893,2785
1328,266f6b7b50b1ee9b13d533af9e3406f8797c4af5,0,0,0,2014-08-06 10:10:53,24,9293,0.672,9317,1,2,2,1799,83,20716.338,725,324.85,2643
1348,f83909e04161675addcf7454cea52aa8122dcfef,0,0,0,2014-08-06 14:06:42,30,69,0.3763,99,3,2,2,1822,84,68281.9627,624,318.6744,1623
1337,b4aa75012276c4d78253bf95a4fc6f0c5f342c04,0,0,0,2014-08-06 16:16:05,34,139,0.0272,173,85,36,13,234,28,6153.3362,599,321.0856,567
1350,a21e655ebd4f7d63926f00ce6b2a86390c35dfb9,0,0,0,2014-08-06 17:41:46,4496,176,1.077,4672,3,2,2,1978,84,6105.8098,2834,843.3443,49208
1338,1993702a311a894c01c7a7190953b5891390d95c,0,0,0,2014-08-06 18:09:22,4496,862,0.4536,5358,2,2,3,1994,87,8457.2978,591,296.4486,63673
1334,368b63f06d86edbcbdd87e0fddd7ca662da6b367,0,0,0,2014-08-06 19:27:20,48,84,0.0268,132,85,1,13,3067,6,79906.6996,590,321.2297,1168
1340,a1924ba3946c9f7f0cc67ef119768b2d9251bc63,0,0,0,2014-08-06 19:27:20,31,43,5.6616,74,2,1,13,3067,5,80096.825,591,321.0491,1300
1343,41f3677841b0e959b912091e4ad36d8f388649fa,0,0,0,2014-08-06 19:27:20,4496,79,5.6616,4575,85,1,1,24,5,79985.3574,599,303.3407,1272
1352,f3f69cb47319bbc7d3c1e1aa1d48076e4a155e8c,0,1,1,2014-08-07 14:11:38,108,101,0.1222,209,2,2,2,1842,85,44838.9334,714,336.5665,2618
1335,6fdcd3b616b262c0a5c266e765046a57602be1b8,0,0,0,2014-08-07 16:54:34,7,159,0.6319,166,2,36,13,3067,5,5665.3301,599,302.7927,637
1344,939994064bad12f6687ac1031b92e44a8f30bc11,0,0,0,2014-08-07 16:54:34,212,1,1.6271,213,3,36,13,3067,5,5775.7441,629,319.4041,945
1353,4f475d12e99f6760f139cf7fcb031a31152c2ff7,0,0,0,2014-08-08 08:20:22,15,9293,1.1732,9308,4,2,2,1800,85,63653.8422,762,342.1526,2714
1357,5bd37b92d2a8c75163ca51a0cfde908a299b7ca1,0,1,0,2014-08-08 08:21:34,123,110,1.0647,233,2,3,3,1846,85,39245.0608,715,317.8705,3666
1345,d93b8519100076321228935b853829ac78df44ac,0,0,0,2014-08-08 15:50:56,25,53,0.0215,78,1,36,1,3067,6,26123.0692,754,320.9872,2206
1355,25411bf1d15a35bf17002cf7664173357c6dc6cf,0,1,0,2014-08-08 19:11:01,1816,9293,3.96,11109,23,10,6,2264,92,45144.3743,2862,73.2815,63673
1342,6976d82ed64f7b48a6d2d465de176abf3c040f81,0,0,0,2014-08-11 00:33:09,71,98,0.0876,169,85,1,13,312,27,47395.8437,272,153.9365,1776
1360,bd0bb6df4613588967ab0c67c268a231c112b321,0,1,0,2014-08-11 16:07:35,4496,9293,0.6893,13789,2,2,2,1815,83,51270.3166,718,334.8739,3402
1361,52df514dd1a95d4fc4d699d6ffa9d3bf7e844854,0,1,0,2014-08-11 18:00:39,183,9293,0.6694,9476,5,3,2,1856,83,68423.137,628,318.6676,2177
1351,9be6576f24e52ca6553981976ac589bf6966e804,0,1,1,2014-08-12 13:53:53,20,74,1.6922,94,3,3,3,2237,85,78147.3641,21,28.7352,63673
1368,c7834d3dab82860ef8d87b043b8d6a7150419edb,0,1,0,2014-08-12 14:00:28,13,9293,1.1361,9306,2,3,3,2249,85,1429.9178,4,20.0919,63673
1362,6caf4265a41f61e9fbb9b11428702ead8ddb6c69,0,1,0,2014-08-12 14:24:27,4496,9293,0.0065,13789,85,36,13,40,14,1966.1767,48,40.3608,135
1354,f774b2a931949c2fc1485733fdc88ab674db870e,0,0,0,2014-08-12 14:58:29,5,24,0.015,29,1,1,13,26,16,3636.694,48,40.6423,200
1365,f7e88033452ae2fee18a4fc4ec104d14bbddefbe,0,0,1,2014-08-12 16:16:54,23,9293,0.7899,9316,2,2,2,2058,85,18559.1266,740,333.2491,2814
1363,7049ee0e2bdb37a0dc82fa849462ffd375a20e85,0,0,0,2014-08-12 17:33:46,4496,9293,0.0257,13789,1,36,13,3067,7,84325.1075,623,303.7006,1218
1364,7ddcf3e2ed71116e3cbbe05de6986e28f43941d2,0,0,0,2014-08-12 18:32:51,4496,21,5.6616,4517,1,1,1,3067,7,3249.9621,604,315.5026,1814
1356,67889d6a639e09b76e0c07216223134a868ab544,0,0,0,2014-08-13 01:10:07,85,70,0.0301,155,85,1,13,3067,94,73399.7559,588,320.2595,63673
1359,6e73a51795e1f3c87788a27e656ce326a2f75244,0,0,0,2014-08-13 01:50:37,62,9293,0.2637,9355,3,2,2,3067,6,13261.4327,640,303.2912,2546
1366,fe4c8c2c5709d1c909fcacd8af081a8394c99554,0,0,0,2014-08-13 13:41:59,4496,72,5.6616,4568,3,2,1,122,22,5939.0688,22,8.0596,499
1326,b6ce0a6bbbadfeba5dc5a0fd9ddfe227aa0ac5fd,0,1,1,2014-08-13 15:13:55,44,9293,1.4365,9337,3,2,1,70,16,49576.8501,69,47.9061,63673
1369,22a4629d2569d448f8156dcc384154fcc1571cac,0,1,1,2014-08-13 15:27:33,4496,30,0.9792,4526,2,2,2,1884,84,71936.8234,131,81.5978,325
1358,e4e56c2fd08037b4ddc7459f341e2c86c272e803,0,1,1,2014-08-13 20:10:52,31,33,0.4208,64,2,2,2,1847,84,27228.4887,13,8.681,63673
1367,4c510dc6cc1ea3fdb21180cfc74ab6c29b78c24f,0,0,0,2014-08-14 15:51:57,27,89,0.039,116,2,36,1,1,21,66978.384,624,322.5203,1298
1372,04a1fc6e10ba6ffd774c3d5a67a650520a0ac896,0,1,0,2014-08-15 00:59:29,52,64,0.3235,116,3,2,2,2032,84,29123.6918,59,3.2205,786
1379,563cea14b4bb87cd37ab10399904f08757c34d27,0,1,1,2014-08-15 17:31:59,445,345,2.7723,790,11,5,3,1826,82,39353.7546,213,56.5553,63673
1374,561f6ef5cfb50878dff2ea3ceb182b48f400a23e,0,0,0,2014-08-15 19:15:09,22,54,0.0297,76,1,1,1,8,10,84595.9159,30,42.256,63673
1384,f26e86c6c2a31d8428343e794dfa12ef6eb3c2b6,0,0,0,2014-08-15 20:42:11,24,9293,0.5679,9317,3,2,2,1856,87,42736.7943,31,23.237,126
1378,8e42d5fe86f6b2f4dd636ed77793d6ab69792895,0,1,0,2014-08-16 05:11:45,27,9293,0.9042,9320,2,3,3,1863,83,48991.7774,136,42.9907,1286
1381,c44526b2961fb9d91ceab17c1f32b2bf58af186d,0,0,0,2014-08-18 10:09:25,4,94,0.8547,98,4,3,2,1955,85,60841.6285,718,341.5838,3467
1385,56db00180f588cd3a5da7ae5861eefda00fbac56,0,0,1,2014-08-18 12:18:02,5,53,1.248,58,3,2,2,1856,83,58363.6115,747,320.7501,3484
1391,76adf0e12ed91ee7c75164872202bff29a2ad7f4,0,1,1,2014-08-19 09:45:57,89,106,1.3034,195,2,3,3,1809,83,45894.3412,83,74.7435,63673
1376,7554eb5316c63ef3eeda652e84daabed705eb5a8,0,0,0,2014-08-19 13:12:19,27,9293,0.4171,9320,1,2,2,1885,85,20031.0453,13,8.5582,63673
1382,1ed1af5b9baaecf5810ce3ca176ed3b14c8893b8,0,0,1,2014-08-19 16:09:57,25,37,0.7414,62,2,2,2,1823,84,74793.8851,46,44.6772,477
1394,296903bd3c75cf35a4e0ec8cfc1a02e805c87f2f,0,0,1,2014-08-19 16:13:54,38,34,0.8011,72,2,2,2,1897,83,6071.3611,37,44.3132,63673
1375,4fc417c404aab0713a7d9747d22ce7eceb777859,0,1,1,2014-08-19 18:31:30,17,9293,0.216,9310,2,2,2,1825,84,26892.1423,125,67.4478,172
1390,48d6950c181987952a4b05e60f918646445d62f9,0,0,0,2014-08-19 23:01:14,64,9293,1.1659,9357,2,2,2,1833,84,32511.1112,269,162.5291,1831
1403,37f5175935a37ce2c005335c2f486efb827b6eba,0,1,0,2014-08-20 11:27:52,257,179,2.0728,436,7,3,3,1883,83,32974.8814,2862,1267.3333,63673
1408,44cfd958a4b59c2e13881b42e2ba34db64dd64e8,0,0,0,2014-08-20 17:00:34,58,114,0.9508,172,3,2,2,1953,83,41777.2812,2834,821.1562,50643
1393,7269e465bcd47b2ce22cda2f87f77f220fdfe57e,0,0,0,2014-08-20 19:38:55,30,66,0.026,96,2,36,1,3067,6,68090.8239,375,200.428,2183
1380,e6668bee488f6749068d35f9c6b142cb09b40d82,0,0,0,2014-08-20 19:59:03,25,9293,1.0461,9318,3,36,1,39,10,11232.8096,376,197.7511,2174
1400,a41d5270fb39a5aaddf72a015aab44eb7e2db4a1,0,1,1,2014-08-21 08:34:58,4496,9293,0.4134,13789,2,2,2,1837,85,64703.5221,112,71.2696,63673
1396,fd8f5b9f7e88bebf180c6142f772ba2808bc8b01,0,0,0,2014-08-22 14:02:43,4496,9293,1.0662,13789,85,36,1,105,16,3152.4909,765,337.7162,2220
1377,a5617d689c8feee40f9412c373d02c9f1770d359,0,0,0,2014-08-22 18:52:11,4496,87,0.3481,4583,1,36,1,39,10,50727.3032,113,58.3793,960
1392,508db1e9ddfac1abb49cf29a5e6618fba4aab275,0,0,1,2014-08-22 22:04:09,4496,105,5.6616,4601,2,36,1,308,25,53191.3725,275,185.3047,2124
1395,43e113b39049b71db7706394aefe815e81ac5944,0,0,0,2014-08-22 23:00:27,34,42,5.6616,76,2,1,1,30,10,68434.3653,406,198.3614,2154
1399,209d1dbd980178762019691071c07fb99e098b84,0,0,0,2014-08-22 23:04:06,61,66,0.0753,127,85,36,13,166,30,14059.1008,351,217.0123,2634
1386,0ce9abd78c8712ad4fba28734214b18f617a2aac,0,0,0,2014-08-22 23:07:15,31,58,0.0434,89,2,36,1,31,10,23070.6426,367,217.9669,2209
1398,0a0ee442fdb13ec8a04c2990635dc389d3ba98a2,0,1,0,2014-08-22 23:24:04,4496,269,3.8083,4765,13,11,1,613,41,26906.8192,322,237.0966,3749
1406,618441b9776bf1da3dcda76ce20dd04734dfab59,0,0,0,2014-08-23 15:26:10,4496,110,0.0767,4606,85,1,13,249,25,61436.3709,293,157.458,2210
1388,c489a4e37aeb46be7b91f740c22cb4d6feac57f5,0,0,0,2014-08-23 15:28:05,45,9293,0.0571,9338,2,1,13,249,27,1287.6089,287,189.6048,517
1409,591a2779a7f4213fd7f0e7eee8d2a844359d65bb,0,1,0,2014-08-25 08:08:44,103,183,1.8458,286,9,5,3,1948,83,54604.0415,785,317.2962,4064
1397,e5bd1c38ea0978710f3059e81ba87b98980423d6,0,0,0,2014-08-25 08:55:42,10,23,5.6616,33,1,1,13,8,1,3111.9479,741,334.0219,131
1407,3fa5a9ea7a33b3f9347927706a8eba394ab78775,0,0,0,2014-08-25 08:55:42,10,17,0.0173,27,85,36,1,3067,1,2958.9895,725,327.7114,138
1410,5d4740c5841c9c3a8d6c24578c1c6fb512524321,0,0,0,2014-08-25 13:55:43,4,9293,0.6519,9297,2,2,2,2036,84,15232.6318,722,333.7946,3197
1414,20150727b49b5c4f2c5b35fd17b908054a5fd2d5,0,0,1,2014-08-25 14:34:01,4496,40,0.892,4536,1,2,2,1870,84,38534.1551,710,320.3414,3419
1387,7f9e9a87188ccbc16bbb1630fe0720d6b366569d,0,1,1,2014-08-26 12:16:48,8,120,1.357,128,4,4,3,1929,84,36600.4497,134,77.9021,1028
1405,86e3012633866d049ac3898ed710ee278b7de3ee,0,0,0,2014-08-26 15:16:37,78,110,1.7293,188,3,36,13,3067,7,66821.4799,708,316.7204,3117
1415,9219361b62134ec6773f06ce9aeb8b9d04180052,0,0,1,2014-08-26 15:39:42,4496,39,0.8382,4535,2,2,2,2022,83,22754.8046,261,164.7915,1656
1411,ce3fcbe5f810cf1ebe0d86b702996b71e3ba03ec,0,0,1,2014-08-27 14:59:14,80,9293,0.5629,9373,2,2,2,3067,9,46005.9346,60,46.563,545
1417,36ecc69cbf3cc3734cf0602c60f101de95032a44,0,1,1,2014-08-28 13:30:23,22,9293,0.6918,9315,2,2,2,1843,85,50491.6285,264,174.5725,1112
1421,e48e6f33ab8f0f2259f3b7172698eb6b8bf74b23,0,0,0,2014-08-28 15:39:24,18,25,1.0196,43,2,2,2,1873,84,69806.8031,50,44.2536,63673
1404,5642baf5ea1899ab5168e403be75b3043f05f830,0,0,0,2014-08-31 03:14:30,45,9293,0.0431,9338,85,36,1,33,9,26158.5061,407,218.1298,1545
1412,ebb97579ee19faa19eb3e8ad2241e0ce95ba8dad,0,0,0,2014-08-31 03:22:34,4496,9293,1.0563,13789,1,2,1,64,14,29070.5468,423,218.2899,1328
1416,f92d00cc70d020e875215f55ba0f0216faccf64f,0,0,0,2014-08-31 04:53:47,28,9293,0.9504,9321,2,2,13,3067,5,41090.5161,413,218.3255,1317
1427,02be0dedd9773f1f2f7ce19dfeca82eed5456ca1,0,1,0,2014-09-02 08:41:48,115,144,1.8373,259,7,3,3,1832,85,66211.1563,691,319.2426,4192
1429,511129ddbda694bebcd7502d1760f3587b8adf8b,0,1,0,2014-09-03 19:37:15,600,9293,1.7761,9893,7,3,6,1855,84,36930.9626,2862,52.9359,63673
1418,77b036a876d64d3cd12902d90db2f652e3e33d88,0,0,0,2014-09-04 18:45:59,4496,121,0.3561,4617,1,2,13,241,25,40097.7158,217,179.0431,2112
1423,d304b7cabd6ab69b737c978c4436b14f262f4b62,0,0,0,2014-09-05 08:59:05,14,9293,0.029,9307,1,1,13,3067,3,70109.4109,751,324.1493,737
1424,45014886e89e5bd47bf2f4c9871391d77702ad82,0,1,1,2014-09-05 09:02:29,4496,9293,1.9104,13789,4,4,2,2306,89,40725.9754,65,83.3343,63673
1431,46ef9628fa4035c26d81c4a070ebd270e59e5520,0,0,0,2014-09-05 15:22:33,28,81,0.8667,109,3,2,2,2228,90,69308.3907,113,65.1845,110
1434,838151caba98f88ff583e01bad087d4ead4a764d,0,1,1,2014-09-06 05:44:38,98,9293,0.2205,9391,2,3,3,1927,84,39803.9611,2862,1267.3333,563
1420,0d11731178ca409a36f4ff67f441a5190eea21fe,0,0,0,2014-09-06 18:29:38,45,52,5.6616,97,2,36,13,3067,1,2452.6937,376,199.8971,2241
1422,bd889dc41f97dcbf6d2b223b73f934a64c261c5c,0,0,0,2014-09-06 18:44:07,4496,9293,5.6616,13789,85,36,13,3067,6,28895.7754,420,199.595,2166
1432,eec381e0d658cc467b75d1abc0d8a89de9826e04,0,0,0,2014-09-07 14:32:55,4496,9293,0.7781,13789,4,3,1,44,9,25316.8861,141,21.9123,63673
1437,a44d641e8ff877be7f758221d125c7b94d6fd1e4,0,0,0,2014-09-08 01:06:36,4496,9293,5.6616,13789,2,1,13,14,1,37637.927,107,41.8543,648
1443,d641053ab83d37d089155fef69fd53c9e9bc7535,0,0,0,2014-09-08 03:52:35,4496,9293,0.041,13789,1,2,2,1880,85,44766.7534,145,27.4571,63673
1446,6860d6fad9e6af90ff7c2f4359a0bdc1226135b5,0,0,0,2014-09-08 19:01:37,4496,9293,0.962,13789,2,2,2,1903,83,38338.6709,20,1267.3333,63673
1440,f099e086f3f002789e24bd6c58e52b7553cd5381,0,0,0,2014-09-09 02:36:14,4496,94,0.8728,4590,3,36,13,46,10,45370.3956,106,25.077,856
1449,c1d2b86a4cc6e219eee1cd78c582d5dc2ed27234,0,1,1,2014-09-09 23:21:29,41,67,0.4213,108,3,2,2,1864,84,10300.6861,721,326.2418,2642
1453,2170ac4d3922425f008f441d2d92e3233449c765,0,1,1,2014-09-10 01:18:12,174,91,1.7242,265,5,4,3,1838,83,26120.9807,773,318.4343,3769
1457,6eec29ed80de11e820dfcb0f3b3812553dd14246,0,0,0,2014-09-10 20:24:32,4496,51,5.6616,4547,1,2,2,1972,86,39419.7969,129,87.7724,222
1438,12ac7eaf6f26ae8001954841c9b2120d02cbdcdd,0,0,0,2014-09-10 21:14:57,4496,9293,0.0524,13789,2,1,13,45,2,3960.9939,14,53.4552,496
1433,73b2dcc165155fd90ecc978c7281276e536d317d,0,0,0,2014-09-11 05:35:29,70,66,1.8205,136,4,1,13,3067,7,29141.9109,99,24.6689,524
1458,25eb83091e03bb3ca9393fdec220727ac3e340ab,0,1,1,2014-09-11 14:28:39,4496,40,0.3945,4536,2,2,2,1857,84,29989.1376,90,68.0998,663
1452,314b1f177063a314ccba219c4406ad6df529dc4a,0,0,0,2014-09-12 17:16:47,40,81,5.6616,121,1,36,1,32,5,53109.7102,631,320.275,284
1435,ec1f8f9e2bf931a7627361b6499672e0740bf288,0,0,0,2014-09-12 17:21:43,22,80,5.6616,102,2,1,13,3067,1,45154.9389,641,303.728,1125
1444,d93a580d73f733b5b40e768c5c838a219b552bde,0,0,0,2014-09-12 22:46:05,4496,9293,0.0147,13789,85,1,1,3067,4,3028.5161,606,307.3602,1882
1450,796ddbc060a2e7ef444fd65da2ee92db2854afe1,0,0,0,2014-09-12 22:57:26,45,492,0.0455,537,3,2,2,315,30,70125.4817,578,326.6167,1359
1441,1cef273ed3d77505bf3ad2afc9eef1a0b37405b3,0,0,0,2014-09-13 17:15:48,107,9293,0.0838,9400,3,2,2,1839,89,74421.1122,584,297.1954,2228
1467,d002c7edc58b3a01e57392eb4f5aab367b1a5512,0,1,0,2014-09-13 23:04:05,115,9293,1.0447,9408,4,3,2,2300,91,23310.1991,575,322.2688,2363
533,0e652e7548edbfda2dbf47ce2272bb707a14a089,0,1,0,2014-09-14 08:09:37,432,9293,2.6569,9725,11,7,3,2071,90,46697.8282,80,69.756,2380
525,eea042b0b0abfb09f60b672c8930a924c5d7f25b,0,1,0,2014-09-14 08:13:18,65,71,1.7103,136,4,3,2,1904,85,37981.2599,143,44.4556,972
522,a6678a273d61b4db54e0b7afeeab8b1b0f7d82a1,0,0,0,2014-09-14 12:50:38,44,9293,0.0727,9337,85,36,13,3067,0,15909.0839,86,18.7925,1021
1439,e4e6e907c856f17d927e19e2ff22c99f9f3bf7d9,0,0,0,2014-09-15 00:35:43,4496,9293,0.8739,13789,3,2,1,3067,9,17420.8239,418,219.3114,1132
520,cbc36e019b589ea7a08433853160a582fc579c93,0,0,0,2014-09-15 00:43:07,4496,64,5.6616,4560,2,36,1,59,23,42538.8114,371,194.4351,2618
523,2c28fded11d70f5880db4077b0d9702df0c7fcf3,0,0,0,2014-09-15 00:47:45,36,9293,0.0267,9329,2,1,13,11,23,86384.0,371,200.1838,1512
527,db3cc3e65163dbb6ef0f75a158f632d168e314d9,0,0,0,2014-09-15 02:01:27,45,58,0.031,103,2,1,13,10,23,5227.9064,372,195.8963,2435
1448,52d09eaa7b7f6707902dd2db9816a24730af5f9f,0,0,0,2014-09-15 02:25:01,4496,94,0.0398,4590,2,1,13,180,17,44056.3331,373,218.8577,1128
526,fb6c28514c5aabf56d64042652c1c079ec1642c8,0,0,0,2014-09-15 02:29:49,4496,9293,5.6616,13789,85,1,1,618,38,15361.8783,376,218.5121,1435
534,094aa8ef2be1f1c832b6baa7e2f25a1f220b279e,0,1,0,2014-09-15 06:52:35,4496,9293,0.5547,13789,85,2,2,2248,90,55110.3955,584,329.716,2620
536,028880e74ceef57b33b858fbd78d8aa9ac3b9680,0,1,0,2014-09-15 13:56:39,169,9293,3.0753,9462,7,9,2,2343,82,36416.7578,18,78.4026,2118
529,6bff5a3318c46d09f1338665d0d0251bf5bda3a1,0,0,0,2014-09-15 15:56:45,4496,9293,0.031,13789,85,1,1,24,3,28695.24,142,26.01,63673
543,b3573f3d3bc8ab18ee82534625868dae12f7234c,0,0,0,2014-09-15 16:20:43,43,9293,0.4486,9336,3,3,2,1864,84,26010.2199,34,42.1329,186
519,1ba959391c77e41a1a60c2afca38b77576907ddf,0,0,0,2014-09-16 03:49:36,4496,9293,5.6616,13789,2,1,1,7,21,6008.4447,361,195.6348,2424
524,ff6042968ca84d3b78bb441a04d20c842dd60410,0,0,0,2014-09-16 03:54:40,4496,9293,5.6616,13789,2,1,13,35,5,42577.012,361,193.132,63673
531,4efb6dc8c13e56b4d93ac7799a6edaa7dfc07e6f,0,0,0,2014-09-16 05:28:01,12,64,1.548,76,3,3,13,28,3,70132.0963,144,28.8824,560
1451,5f37e9fa57189b6f9fd30f1c5f1894686d076b34,0,1,0,2014-09-16 06:36:07,4496,23,0.4357,4519,2,2,2,1892,84,46741.8762,109,66.7008,91
528,38d5178a3714d04d557b05dc6e76a5cb97f3c93b,0,1,0,2014-09-16 17:02:15,16,9293,0.0121,9309,85,36,13,74,13,37948.3639,96,68.29,570
541,90a2114551bf2052e2abccbc04c654ceec74c2d3,0,1,1,2014-09-16 22:46:53,129,87,1.1432,216,4,3,3,1874,85,31081.1225,2862,1267.3333,63673
537,50c27cca4084e1e65ac51af6e7125cf2be918d76,0,0,0,2014-09-17 01:07:10,4496,9293,0.0503,13789,2,36,1,91,19,12733.6857,371,215.4563,2328
516,05920cb38bc8559704450965ce4bb326a917c86a,0,0,1,2014-09-17 14:06:10,4496,9293,0.0439,13789,85,36,1,191,12,3.0,588,302.0078,2188
539,a079779000a9e4479d5a035a9ffba8fabfdf5222,0,0,0,2014-09-17 14:47:52,4496,73,5.6616,4569,85,1,1,43,22,17614.2465,601,306.4366,1254
540,74877bb6aa26d6caa96ba9dd1954b7dac1c612e2,0,0,0,2014-09-18 08:12:32,14,31,0.009,45,85,36,1,594,37,80894.5663,619,315.0314,1881
554,3f79af23e735571bf1a14fd73c81942ef2b6203a,0,1,1,2014-09-18 14:36:31,4,9293,1.0151,9297,2,3,2,2387,90,11586.1551,640,327.0185,2646
549,cbc705d419d0db54d5a94e181e0f50916eb57dbc,0,1,0,2014-09-18 17:24:29,117,9293,0.7627,9410,4,3,2,1908,84,31963.2273,12,7.4938,396
546,e1bc6b4a4594083b7e875d1a296402981f26e7d0,0,0,0,2014-09-18 23:41:49,4496,9293,0.3151,13789,2,2,2,1931,84,36232.7124,16,6.9124,63673
556,75e4acbe20a248c01fb340f6d59d7582e8b57803,0,0,0,2014-09-19 00:12:27,4496,9293,1.3314,13789,2,2,2,1865,85,24590.4205,626,303.977,1251
559,0e831007760bffced8687f51b99525b650d7e193,0,1,1,2014-09-19 17:17:19,386,103,1.9843,489,7,5,3,2017,85,42178.551,165,47.3224,1667
560,d143487cb198051d0eaccc7f587f35cc63fc85a9,0,1,1,2014-09-19 22:11:25,56,55,1.7989,111,5,3,2,1905,83,55020.0435,157,86.2669,158
535,eecc034b686b4f2998fbc8045cbc4c7a1e4f0902,0,0,0,2014-09-20 07:44:37,86,9293,1.028,9379,3,2,1,61,10,75601.1345,145,19.6767,63673
552,d96485ff16d8b90173007a8d6601aba8d105b8f0,0,0,0,2014-09-22 16:12:12,24,9293,0.0359,9317,85,36,1,83,16,16045.2469,165,67.3055,63673
555,85401dc76c6e5c4d155b52d308686a5579f5d910,0,0,1,2014-09-22 18:40:29,4496,74,0.9673,4570,85,2,2,37,10,61738.258,60,17.8469,63673
557,62db20a779fac3235c0e4dbade8c3d340d3c310b,0,1,0,2014-09-23 16:30:25,2,22,1.2543,24,3,3,2,1973,84,54688.4532,34,42.4542,63673
551,c2c9835f7a431d4d267e501f6b31fdc7a7e0b5fc,0,1,0,2014-09-23 16:42:11,63,9293,0.0947,9356,2,1,13,19,9,26839.6526,55,41.6157,63673
558,6618bd89d3d51b06a6c12ec947cce089807a4190,0,1,0,2014-09-23 20:19:13,183,216,1.6751,399,9,5,4,1967,86,15708.3803,78,1267.3333,1510
547,2a12e057464fff44d2d229fe2dc7bf5bcd6d7fc9,0,1,1,2014-09-23 20:59:01,75,9293,0.1491,9368,1,2,2,1904,84,3257.8695,23,11.8351,63673
561,dad0bfac6e885176d83f802bc75763c5ba21d68e,0,1,1,2014-09-24 15:46:53,436,401,1.2804,837,4,3,4,2039,85,62367.3019,2862,34.3579,63673
530,24b18a9e5d050a28c3f359ee29d496fda4b38e98,0,1,1,2014-09-24 16:01:43,52,47,0.4893,99,2,1,13,16,0,39939.4597,10,5.3898,401
553,04f0d412b271af0dbe7665976a4165dfd0dfcb66,0,0,0,2014-09-27 03:08:30,4496,92,5.6616,4588,1,1,13,48,23,30778.4791,370,194.9165,1307
562,6b8b8e0f924b53b9f99854f88ff9ba84073cb295,0,1,0,2014-09-29 14:46:02,47,9293,1.0421,9340,3,2,2,2318,90,62191.0581,637,318.825,1244
566,3ece6f2399fa15c97d889c5d43b4a7457825e8e1,0,1,1,2014-09-29 14:52:09,63,91,0.2768,154,3,2,2,2263,90,1190.4068,647,299.1076,2542
568,31235bc39e662065f06eca0909be0f00d8bc69e9,0,1,1,2014-10-01 15:17:10,4496,9293,0.7797,13789,1,2,2,1930,83,51381.18,89,73.2548,757
572,1a096efebb51a782bc31e4dfd35e4b7fb8dba56f,0,0,1,2014-10-02 07:47:44,40,100,1.9096,140,5,2,2,1919,85,40247.5896,756,341.3245,2433
565,b701dd52fd3b2a53edc995308260d56641cce3d3,0,1,1,2014-10-02 08:20:56,4496,9293,0.5568,13789,4,3,3,1872,85,53577.4388,707,318.1657,3681
569,0793e569b4ae5f3a74fbff272fed8ef8332f0557,0,0,0,2014-10-02 09:08:38,6,9293,0.9626,9299,2,2,2,1927,85,32720.997,113,56.0785,623
542,1c39320860f2de747a35a922cb04b59585cd74b6,0,0,0,2014-10-02 09:49:04,35,47,5.6616,82,85,1,1,3067,5,39844.1251,82,53.7425,63673
563,dd8c129a90becd44365210cf4613e2715445a4e4,0,0,0,2014-10-02 11:25:52,21,9293,0.0132,9314,85,1,13,3067,4,5517.4349,742,325.6319,482
570,ca224b323975da298c41d4f5f8c7b17d0cd63e0a,0,1,1,2014-10-02 17:15:22,4496,57,0.7002,4553,2,2,2,1918,84,35950.1699,159,83.6267,744
577,9783777c2a257599a65bd0f058537b98d1512025,0,0,0,2014-10-02 18:06:23,4496,9293,1.4579,13789,4,3,2,2024,86,1637.5719,14,1267.3333,63673
574,7785e12a656fbcb0166c1dfa8f3fd5a66b0553f5,0,0,0,2014-10-03 08:22:30,38,50,0.9603,88,3,3,2,1897,84,66902.0381,2862,1267.3333,63673
576,a8052d7c812fd232d7a249aa5a72afdeaa9f4583,0,0,0,2014-10-06 14:36:41,55,81,0.9747,136,3,2,1,16,2,47192.8855,17,48.7834,602
581,dacddd266808e70edc65c86f5d7c34809a213572,0,1,0,2014-10-07 03:03:08,140,239,1.4568,379,9,5,5,1924,88,57960.9634,104,73.0703,972
585,0de0b8c0372e825e834b1ffd9685d3db87d21378,0,1,0,2014-10-07 05:35:53,4496,317,3.8091,4813,18,11,2,1959,90,57456.2764,184,121.1925,63673
571,0cad81aeb9ddaf5dad8b2ab9c6ff6955402c9310,0,1,0,2014-10-07 10:18:52,1183,381,2.6038,1564,16,4,3,2059,87,53365.7685,67,1267.3333,63673
579,ba50db4297364877eb40c1b51e5e747f39dcfae8,0,0,0,2014-10-07 21:02:45,55,9293,0.0695,9348,85,1,13,31,7,51077.4079,228,159.4835,546
586,24c181ff754d629094f5210f5a53bcad1d0aa81d,0,1,0,2014-10-07 22:59:43,34,9293,0.6522,9327,4,3,2,2047,84,51817.8867,77,46.8685,559
582,186e994e28d24e43989d41f271266dc6e5bc9c43,0,0,1,2014-10-08 15:56:59,4496,75,0.4728,4571,1,2,2,1889,84,67493.3636,2862,1267.3333,63673
583,816c905ae2a3d98f877babc72c1f8d8650aa5d24,0,1,0,2014-10-08 20:06:55,338,109,1.3276,447,5,4,3,1869,83,41742.8215,76,1267.3333,1264
588,861c4cf2de9075c721945fb7ef84a23030a4f35a,0,1,0,2014-10-08 22:08:11,600,322,1.4435,922,39,11,8,2155,91,61852.8884,136,53.8957,63673
591,1452134707e2a143def3c03d1db416b1c8197565,0,1,0,2014-10-09 15:40:57,242,9293,3.6815,9535,19,16,2,2409,87,58865.6267,2862,67.5093,63673
594,708adca7d702ce2466e80c4bf83f3c5b7cecca46,0,0,0,2014-10-09 16:10:20,55,9293,0.8829,9348,3,2,2,1945,85,37659.3511,1,821.3002,49535
589,1bae25ace7cd25487aa5cff83447069cd80d3e42,0,0,0,2014-10-09 21:16:17,4496,9293,5.6616,13789,1,1,13,41,15,65190.1282,33,34.6483,63673
600,b7adf9810aa07a9b9eb2a58d9c53d298696b0403,0,0,1,2014-10-10 13:34:23,48,9293,0.6311,9341,2,2,2,1894,85,42400.4779,227,182.3269,1775
595,77dae508cf65d847e56dafdb77059c72448711a6,0,1,0,2014-10-10 16:01:24,586,9293,1.4122,9879,5,3,5,2026,81,38658.5029,2862,39.0702,1557
593,abde62d04a6ea333b5107e03b0e1a983f9b3b733,0,0,0,2014-10-11 22:09:13,48,9293,5.6616,9341,2,36,1,53,8,3370.4801,1,818.0509,46750
592,b94c87a1816b5fc370d14dbc001eaca5b7c720e8,0,0,0,2014-10-14 06:52:15,4496,72,0.1788,4568,2,3,3,99,23,47445.91,6,24.2956,920
597,7e53db0b927ad2f7bd25dbebc6c01a942afd79da,0,1,1,2014-10-14 11:17:57,1558,1219,3.5296,2777,14,5,2,550,36,36797.9951,2862,40.7527,63673
605,c5cbd58a3ba4d8aa1594970b1506dffa388a6592,0,1,1,2014-10-14 12:55:50,7,67,0.9078,74,5,3,2,2407,85,49049.9096,36,10.193,63673
609,d828643f555aac14be59e7f8b35ac67cb06da20b,0,0,0,2014-10-14 13:31:20,36,47,0.3294,83,2,2,2,1932,84,48401.4703,49,28.4632,63673
602,cc8eeefe8895e01a2a5f387788bb3772b4dabbc9,0,0,0,2014-10-14 13:57:52,4496,9293,5.6616,13789,85,1,1,3067,6,2322.5638,63,34.8952,455
596,c55cbc763506d8c48ae251fc806316ac055de696,0,0,0,2014-10-14 15:40:29,4496,33,5.6616,4529,85,36,13,17,9,557.8942,602,313.9527,1542
601,6c0ee30ea7c57066aa15c25a40a217ca83aff248,0,0,0,2014-10-14 20:42:43,42,9293,1.0269,9335,3,1,1,18,4,34086.1258,629,318.7945,1320
616,8be8a086cb40f3280e9af5543d7b170241b268d8,0,1,0,2014-10-14 21:55:42,1,9293,0.4651,9294,2,2,2,2060,85,18191.9901,32,30.0787,63673
584,5555311d182c24f830924501fde6474438e82b41,0,0,0,2014-10-14 21:58:54,4496,9293,0.0196,13789,1,36,1,183,13,86384.0,29,20.0279,294
611,f16507dd1608456da0b9826b47e21c04699f0393,0,1,1,2014-10-15 16:37:08,4,30,0.5321,34,2,2,2,1935,84,79290.3798,51,34.4274,282
606,ba79107aefb8a40047c4068b8d3a3f838ddb62fc,0,0,0,2014-10-15 17:15:07,11,9293,5.6616,9304,1,36,1,1,10,59601.5805,66,42.8858,63673
612,027006dcb0931e5b93f5378494831aadc3baa809,0,1,0,2014-10-15 20:15:24,90,169,0.4251,259,4,2,1,926,47,15815.2235,571,286.9781,742
599,98bcf40226db7c8dbafa6eacee9ce5ef3feaeb1b,0,1,1,2014-10-16 16:04:33,83,179,0.6834,262,3,3,3,2363,88,30720.0394,193,181.6473,2555
603,ca16e5be37cd6eff83a86e141ff6201fd11767ef,0,1,0,2014-10-16 16:43:13,215,9293,1.5349,9508,3,3,1,364,29,1240.0639,587,301.3192,1195
613,67db1bf2786679b71dad8a32894346abdf59206e,0,0,0,2014-10-16 17:16:16,73,9293,0.0342,9366,2,1,13,3067,94,44931.7028,637,319.9243,1162
604,e916dff8ba032d878ad4435eb7175c6a56f79ef4,0,1,1,2014-10-17 00:18:37,94,119,1.316,213,5,4,3,2305,88,38780.4823,2862,16.2877,63673
607,049ace4c1847d39af5724538476971cbccce3ea9,0,0,0,2014-10-17 11:08:09,4496,9293,5.6616,13789,85,1,1,33,5,84846.39,711,342.5525,63673
617,9c316e7858f6dbf9df892aff78431044aa104ed9,0,1,1,2014-10-17 12:15:46,517,144,0.6001,661,5,2,3,1967,86,48069.99,125,85.6232,1422
598,42f85904221aeaf0181f75af2fa5d469b8cbcee7,0,1,0,2014-10-17 20:13:26,12,15,0.0158,27,1,36,1,166,13,1107.2232,620,314.0708,1870
618,c6867c2c25e1a220abef24e54a86eeb64dab28c5,0,1,1,2014-10-20 14:25:42,4496,492,3.1525,4988,11,11,3,2369,86,36849.3288,15,108.768,63673
615,be3b3807e0681a405d0be83fd2c076bf3992f8e0,0,0,0,2014-10-20 23:09:37,4496,135,0.0642,4631,85,36,13,94,19,28799.6562,229,152.7747,379
631,18cd3e3205ac3301ebce0b047aa444e50388083b,0,1,1,2014-10-21 14:39:35,34,9293,1.4325,9327,3,3,3,1990,85,41324.8028,2862,1267.3333,494
621,b10c2ab86ecece22409d5072a79bcb3ea60c552c,0,0,0,2014-10-23 16:53:36,4496,102,0.8523,4598,1,2,2,1917,83,5755.2598,586,317.6119,1470
623,35648e8cbdca376e4543a0df2f82d1401a5c2ed9,0,0,0,2014-10-23 22:36:30,4496,18,0.0118,4514,85,36,13,10,10,62615.4133,146,80.7472,290
625,1d5d30327541e1f91cd6f4e8cd9fc5a39a146aa2,0,0,0,2014-10-24 02:54:07,4496,93,5.6616,4589,85,1,1,3067,8,38643.8438,426,215.2239,1304
629,abbf634dd3001bce3c2ad205c32338256fcebf43,0,0,0,2014-10-24 03:19:13,4496,9293,0.0268,13789,85,36,13,40,8,1910.9341,406,219.3693,1515
626,d4df271f754ac4d5afd785d4043ccaaeb907a6ad,0,1,0,2014-10-24 17:27:20,103,9293,2.3728,9396,7,9,4,2141,89,10276.7463,2862,1267.3333,1843
632,82e26b217dab3c327bab882be8cc6b8c0c257139,0,0,0,2014-10-24 18:47:40,45,9293,5.6616,9338,1,1,1,3067,8,70947.4039,127,89.8586,63673
620,f25da979f605d2484042e275284d55ce7d6f9142,0,1,0,2014-10-27 18:49:07,398,879,3.8812,1277,38,25,2,0,86,50667.5865,2862,137.2532,3145
633,95f96669755b3971c9829ef034948515344cd110,0,0,0,2014-10-27 21:42:33,20,42,0.0281,62,2,1,13,404,30,10004.3549,41,1267.3333,63673
644,e60a06cc866e5e85d3e58f25b98f8c048d07ad24,0,1,0,2014-10-28 15:30:50,282,481,2.849,763,17,9,3,2789,92,44468.8989,31,8.5821,63673
638,c93765772e97b5807fe037c7208b2a412ea9b3db,0,1,1,2014-10-28 16:34:23,17,65,0.304,82,2,2,2,1915,84,74611.5279,52,44.2233,350
646,f13ce558cc410f959634a6f0d31fcf7bd69be85d,0,1,0,2014-10-29 18:57:25,169,107,1.2257,276,3,3,3,1973,85,54005.7517,646,296.0822,1685
627,bb8cc621467b1bc17ae3ac23e230a6df769829a7,0,0,0,2014-10-30 01:23:07,39,54,0.0377,93,85,36,1,18,3,43403.8466,77,7.0406,484
636,84bc49e900772b04cda4c21e48f23b84f0e0b2cd,0,0,0,2014-10-30 15:47:43,99,9293,1.0337,9392,4,2,2,3067,12,74209.4284,592,296.0266,2498
641,fbb6b8abfa359be3475ba55912d939096637b8f8,0,1,0,2014-10-30 15:49:42,178,129,1.015,307,2,2,2,3067,10,86384.0,583,323.5504,1581
628,2e37655f945e6ed464b65a190fd544970975d129,0,0,0,2014-10-30 16:09:38,4496,9293,5.6616,13789,1,36,13,3067,7,1688.0943,605,318.2317,579
643,a29ee07e301e1d3985529676ab04d5f4743c25f4,0,0,1,2014-10-31 16:52:57,17,9293,0.5318,9310,2,2,2,1975,84,76284.021,34,17.2514,324
649,399a4ecf9e0974488bc5a60fcff90c7f84e5b044,0,0,0,2014-11-03 20:42:03,40,43,1.4661,83,4,2,2,2083,84,5214.1908,594,320.0831,2370
624,827d93e22fed93d5701b8b69a4818d0cc955dcce,0,0,0,2014-11-03 21:06:55,20,34,5.6616,54,85,36,1,137,15,4237.388,623,317.1673,1931
639,e88bcfeb15266756c7543beb97aad6c1be74dabe,0,0,1,2014-11-03 21:47:02,16,26,5.6616,42,1,1,1,156,15,2263.2095,618,309.2466,1592
648,071b8e391f985e5815bcec977079d5529ad41cca,0,0,0,2014-11-04 05:20:01,4496,35,5.6616,4531,85,1,13,3067,10,49179.1384,113,58.2986,63673
657,52a701f295490cf10850b2a6ad8fb3fdcbc57211,0,1,0,2014-11-04 16:16:57,321,9293,3.2172,9614,19,9,4,2034,81,45372.7145,2862,1267.3333,63673
650,b3c1e147b5cdeaba283e082f9091d907cdfdcfee,0,0,1,2014-11-04 17:56:13,4496,9293,0.8988,13789,3,36,1,3067,11,60326.1411,25,30.7558,63673
654,7bfb34714a19ff3ab44f253e55cc47ffd77baba3,0,0,0,2014-11-04 19:39:28,4496,9293,5.6616,13789,2,36,13,131,17,10511.3452,110,88.0114,829
658,e019760783e4d4ebf2d3ed60c33e7e63c226fa71,0,1,0,2014-11-04 20:00:41,4496,212,1.7524,4708,7,1,1,755,30,47609.447,42,1267.3333,1771
653,5acc7a9ed72f0862cc87927014e8de131826cd23,0,1,0,2014-11-04 20:30:34,99,9293,1.8523,9392,3,1,1,767,34,16577.32,42,24.9028,954
664,11e657189addf1a7da3c5f32719f1cedbcf3d2e3,0,1,0,2014-11-04 22:42:05,516,9293,3.1552,9809,19,5,3,1914,80,32572.9774,2862,74.044,63673
661,ea0cd4caadfb5e8f049376cf2dc1ecfbd7d7ab36,0,0,0,2014-11-05 02:55:10,61,64,0.0523,125,85,36,1,11,9,22280.7791,406,213.0243,2484
635,32da3c8cdae4d48511345bc44081759a6b7268c7,0,0,0,2014-11-05 13:30:08,4496,9293,5.6616,13789,85,1,13,250,25,21405.6052,219,184.1622,577
647,40ba9fe2f12d785c8706bebd276115d5384e3574,0,0,0,2014-11-05 14:02:56,4496,9293,0.0547,13789,85,1,1,306,27,1171.1793,209,188.1636,2157
666,4f863be3f7d3c28d090ce5a428211906d95ff4f8,0,1,1,2014-11-05 20:23:50,177,323,2.693,500,10,7,7,1876,89,59828.2124,2862,3.9153,1813
670,65f7990085230dd9da9bbae584c6502c8b6c8bf3,0,0,1,2014-11-05 22:45:01,90,9293,0.6701,9383,85,1,2,2089,83,4876.3298,2830,848.0591,49053
630,9685622b32d19ffc9315e764a224f41cbe6b6d4a,0,1,1,2014-11-06 16:18:09,95,9293,1.0191,9388,3,3,2,1961,87,68303.4371,3,9.6124,329
663,6b3f3e9607c6e1113dd1e475b5b7c3ad91de6c03,0,0,0,2014-11-06 19:37:03,4496,9293,0.472,13789,1,2,2,1943,85,47754.6421,2862,6.9086,63673
667,c3a809584a131bb665f32e93256b3c473570139f,0,0,0,2014-11-07 18:28:33,37,93,5.6616,130,2,1,13,3067,15,43841.5932,232,179.0355,904
668,7920ebebe2640ffb59225b7d32d5d818ce76dd12,0,0,0,2014-11-07 18:36:40,4496,9293,0.052,13789,85,1,1,45,13,1628.1895,214,159.5255,593
674,feb26752b2671801a9d6139c2dc9217ee257505d,0,1,1,2014-11-11 16:08:27,41,80,1.4074,121,2,3,2,1974,85,49931.7605,120,87.7446,954
673,a6802aa479a46b6f3fb1855786f72f6e3b08e0b9,0,1,0,2014-11-11 17:38:06,34,9293,1.3419,9327,2,3,2,2383,90,29980.7171,26,11.0394,314
656,37d33b2086abb8e073a3ec7f9de23150eb49fb32,0,0,0,2014-11-13 00:12:36,4496,82,1.7302,4578,5,3,1,94,21,1588.7975,1,42.2684,854
675,1470cee58872b89ee8ae5d2f7e287ad7f32ed50b,0,0,0,2014-11-13 02:31:04,1,9293,0.2885,9294,1,2,2,2017,84,10114.4467,24,31.0948,512
676,93824864022825c5a22d000e78afe86ea5aed796,0,0,0,2014-11-13 03:45:32,58,9293,5.6616,9351,2,1,13,62,13,27968.8175,370,192.5937,2300
642,7c93b04b34844afdc3a502af9e7fb296f43dc068,0,0,0,2014-11-13 03:53:47,69,120,5.6616,189,2,1,1,652,31,28932.4563,364,191.4871,2504
672,4ff6e7dfff58eaca02c49a13d82058665cfad23b,0,1,1,2014-11-13 17:34:39,4496,9293,2.9824,13789,14,4,4,2035,80,70732.1546,2862,45.7236,1767
681,abbcfc5f72323d0c6040a3cc02aba8f2c0058d95,0,1,0,2014-11-14 09:54:39,13,9293,0.7831,9306,2,3,3,1945,85,71526.461,126,53.7104,63673
669,1b21aef8152d96a180e75f2fcc5afad9ded6c595,0,0,0,2014-11-14 21:06:59,4496,95,0.0741,4591,85,1,1,327,25,10073.5565,284,148.8095,1821
677,105360cb14513ee77b1d9145d7367690a3ad2dc4,0,0,0,2014-11-14 21:36:04,4496,65,0.0366,4561,2,36,13,67,16,18741.7211,163,84.5506,63673
680,9c564f10fddce15746e81f003798ddddd023522b,0,0,0,2014-11-15 20:26:55,35,9293,0.0323,9328,2,1,1,3067,6,8993.5999,368,196.5096,2324
683,2c3f9ba048af3f4f4bb144f7fdb41a84df5346e2,0,1,0,2014-11-15 21:22:33,109,317,2.5851,426,6,6,1,1144,50,53428.0046,469,182.7467,587
686,b1062929185690567e4567e0e657b361c5105482,0,1,1,2014-11-18 06:07:30,278,9293,1.1967,9571,5,3,3,2013,86,58403.0689,84,77.6881,1199
692,1945384fdf1d0bac18d6f75e5f864f1aca5b49db,0,1,1,2014-11-19 17:06:03,480,9293,0.9075,9773,9,4,3,2070,86,57010.9902,98,50.9405,63673
693,4397c34476070ea15ee0d2b9c625887a8b08b622,0,1,0,2014-11-19 22:42:03,446,428,3.1301,874,19,13,4,2901,0,44614.3301,2862,68.4533,3775
689,1bb2dd906c1da04be602aa1cec988c4e15bf1ffc,0,1,0,2014-11-21 20:54:47,4496,779,3.0034,5275,13,13,8,2294,85,66637.164,2862,1267.3333,3151
695,0e3d9fc14bfcb38b9f179c0428cf586890c4a8ab,0,1,1,2014-11-24 11:50:14,248,233,1.7994,481,11,7,3,2077,85,64624.5922,2862,1267.3333,63673
679,29436845f8dfe0ab6d26ca1cd11ad22e2861bb1a,0,1,0,2014-11-25 00:48:44,16,9293,0.7376,9309,2,2,2,1975,85,23001.654,18,9.4237,326
688,e0dff2b808789c4c2a0751d00eff3e3d066c87dc,0,0,1,2014-11-25 10:03:44,4496,43,5.6616,4539,85,36,1,44,9,85181.1045,2862,8.873,433
694,29259cb22c2ba02d5c2beba6c6512173f8b5b3f9,0,1,1,2014-11-25 10:12:20,110,129,0.9501,239,2,3,3,1975,84,28616.6056,75,74.1521,63673
698,c5cec004628c2b669d48c4cf565bfa5482a766f3,0,0,0,2014-11-26 20:17:09,27,9293,5.6616,9320,85,1,13,20,94,83509.1893,257,165.6331,771
684,d15c9187a4b66645bf0575a7c3bfdbb9b10a263d,0,1,1,2014-11-27 17:12:24,46,142,1.1969,188,5,4,3,2058,83,63518.1521,131,56.014,1054
697,7a14a77f2cbe2ce10ac35d5853ddf9496a86e16e,0,1,0,2014-11-27 23:55:46,64,9293,3.1823,9357,19,7,1,2431,82,44781.4185,2862,62.7605,2891
696,630e47ba4cd7fe7264f7373b3432ca96a38a6610,0,0,0,2014-11-29 02:53:29,4496,70,0.0246,4566,1,36,13,30,5,15192.8871,407,197.8258,1615
744,0ff9c3cb222be634e46c378bb357ba0658e0e55b,0,0,0,2014-11-29 08:45:27,30,63,0.7709,93,1,2,2,2394,89,48753.752,2862,8.961,245
700,1850ec7275e6262660698a3651d46f6634f06b5d,0,0,0,2014-11-30 00:06:48,4496,9293,5.6616,13789,85,1,13,3067,10,31220.026,414,213.4746,2328
702,f0ea366b3d7733572e7de6a2eb3c9c197f484864,0,0,0,2014-11-30 00:19:54,66,122,0.7646,188,1,1,13,3067,6,45111.2368,413,216.1351,1035
691,7add7ead1884325c9c648802b66af45a258104ee,0,0,0,2014-12-01 18:00:28,62,9293,0.9112,9355,3,36,1,34,3,72203.7689,587,318.6386,1979
703,54b4b99e1e12328005df51feb71448a320a9b7d6,0,0,0,2014-12-01 18:18:54,4496,9293,1.4289,13789,6,3,13,835,51,55678.0086,664,294.0219,2279
707,dd1dd8eb76767d4d81feb3d5c35b78a12bb61162,0,0,0,2014-12-01 19:17:15,4496,148,1.4657,4644,4,2,1,679,47,4781.9076,658,292.3983,2669
699,eb0424ecdef4fae4dd54050862c096b9976a9b01,0,0,0,2014-12-01 19:43:16,4496,44,1.5242,4540,3,2,2,2110,85,57166.8523,594,321.3186,2308
748,6d9d175a44a6beb7be17ffebcbee45112d48eeea,0,1,1,2014-12-03 12:25:00,89,9293,1.4138,9382,6,5,2,2066,86,48050.5468,68,73.87,63673
709,f5866ca2bac8ce530bb4e20832ff61e622206815,0,1,0,2014-12-03 19:15:10,633,9293,3.4939,9926,19,8,2,1077,48,61230.3949,140,1267.3333,63673
710,ceed3a20ef78b402a7a734e63d758aff105fa2de,0,1,0,2014-12-04 15:59:34,63,55,0.6864,118,4,3,2,2352,84,71407.6495,2862,9.8631,476
708,58c88b7d54ca2290cee9cfb322d8b34e873a370c,0,0,1,2014-12-05 18:19:00,90,182,0.0526,272,2,36,1,32,6,64246.2872,2,1267.3333,63673
712,a910930272a4a6443e6c5a2969d5add8b76fe752,0,0,0,2014-12-06 02:16:54,48,9293,5.6616,9341,2,36,1,659,31,39479.0512,354,227.5585,1266
701,773a38f79c30a0e270c46de7bc6430c835e5e995,0,0,0,2014-12-06 02:57:50,105,9293,0.7902,9398,3,1,2,2099,86,65828.7185,1,815.4642,51404
706,5d41dab152ef9047270e8b76a1a499f73860e9ac,0,1,1,2014-12-07 22:43:07,31,9293,0.03,9324,85,1,1,22,22,11916.3374,598,305.4511,1950
755,576a75f28a19cc43e207212cf72cd460c49f2ad8,0,1,0,2014-12-08 14:17:51,43,69,1.2437,112,3,3,2,2330,84,37995.3557,76,53.9232,952
713,c1610f6daf01ca280692491b07ab6599dc3f0467,0,0,0,2014-12-08 15:20:14,4496,105,0.0508,4601,2,1,13,36,3,45945.7596,35,28.0545,63673
718,578430952789bbc2dc7d9b17f4f4b41495d0757f,0,0,0,2014-12-10 21:19:11,4496,9293,1.0496,13789,1,2,2,1992,85,37645.5397,2840,841.1919,50410
711,451c514a3a02f4e889f040176453beefbcd75843,0,0,0,2014-12-11 14:17:29,3,9293,0.3456,9296,2,2,2,2159,84,65089.7782,20,9.7445,2
716,6c579a0102fa3e67215fef5d9f8aa97191e3a216,0,1,0,2014-12-12 14:09:37,4496,329,4.4106,4825,56,13,4,2326,82,49254.7306,306,124.4673,5131
705,ac9cfbd9aeb91c3391d78724fe8cb1e49ada55aa,0,0,1,2014-12-12 14:10:33,30,9293,0.8458,9323,2,2,2,1965,84,59899.031,38,7.5739,63673
729,d5e5f980093c20b42b89fec7bef8e31808fd37f6,0,1,1,2014-12-12 14:50:12,53,9293,0.8305,9346,4,3,3,2036,83,22118.8827,127,52.3017,1066
723,597a1d5db27ef9e37f7066868e76cc9450fc3c9c,0,1,0,2014-12-12 15:07:15,657,85,0.521,742,2,3,13,42,3,45370.3379,98,46.5588,703
717,2fdd1d59c6e8934803f3c3d5629c41a8ca6a8a14,0,0,0,2014-12-12 15:22:15,37,75,5.6616,112,1,36,1,20,2,4787.2824,141,26.1668,63673
722,c3ac6baac7bfea790a74fe7bc0a62a65202cb67e,0,0,1,2014-12-12 17:48:37,22,53,5.6616,75,85,36,13,171,17,75107.1283,41,8.8155,63673
724,6d8862b00ed60a24387beb642609c03fcee095e9,0,1,0,2014-12-15 17:10:17,150,9293,1.9767,9443,7,5,1,775,42,43966.4274,2862,1267.3333,1346
727,a6c6d0f60c74a9b9889f49ca1cba41e855cad091,0,0,0,2014-12-15 19:14:12,93,140,1.4406,233,3,2,13,3067,8,62896.6576,2862,15.7424,578
719,345e69e1c197faf73f303034c9a895b1dac65402,0,1,1,2014-12-16 19:32:08,4496,9293,0.893,13789,2,2,2,1969,84,15869.6506,722,326.4945,2751
733,93f679e00f0dbd81972acf641c5a47f3ee4727ee,0,1,1,2014-12-16 20:24:40,43,9293,1.0359,9336,3,3,2,1994,85,4693.9273,37,5.1201,436
736,987191418849191258519464665223f48620920c,0,0,0,2014-12-16 20:29:49,46,9293,0.2677,9339,2,2,2,2198,85,42568.1536,13,19.6575,357
715,1fec4a4281be94f8ef2f9f8a5eaccee56d70e87e,0,1,1,2014-12-16 20:37:07,292,9293,3.0732,9585,21,5,3,640,36,40502.9506,2862,1267.3333,63673
721,ffa806733e7492d3d4b54957f911af501e043df9,0,0,0,2014-12-16 21:06:02,93,77,0.0411,170,85,1,1,3067,94,55676.5281,2862,30.5378,63673
753,33a3a09cbf2f0a31a823b6ef8f5e9fcc1546c9f5,0,1,0,2014-12-17 20:50:38,195,98,0.7059,293,4,3,3,1944,85,77930.5997,135,54.1277,742
734,a7c1729c17a9f1eaa26b23338357b364ba986c77,0,0,0,2014-12-18 02:16:19,35,9293,5.6616,9328,2,36,1,3067,5,47298.8606,368,215.4591,2302
735,9775a9c6808b8ed3cf37ca04d3b701284b459893,0,1,1,2014-12-19 11:04:23,57,77,0.0289,134,1,36,13,30,9,38810.3158,12,7.4385,360
728,382834d4e49dbd305bb299ce911592838a5e1e3e,0,0,0,2014-12-19 12:43:00,28,9293,5.6616,9321,1,36,1,25,7,44348.8983,746,340.7999,2970
732,58529c77f4a2159fbfbe696c619787c327c80763,0,0,0,2014-12-19 15:43:38,28,9293,0.043,9321,2,1,1,30,6,3559.6656,107,42.1943,548
737,c0e3f66d60a77abec11afc8464abbcc7680139a1,0,1,0,2014-12-19 19:08:41,100,9293,1.0218,9393,4,3,1,698,42,48071.0983,216,180.3191,785
726,bf599fb5b062cbcc652da78b7d699e7a01b949ad,0,0,0,2014-12-19 19:19:29,28,62,0.973,90,1,2,1,158,30,17190.9465,231,180.7358,862
745,29ff2d26f87f5977aa919d037ca3bbb67e40bdb0,0,0,1,2014-12-22 13:59:12,20,31,1.3713,51,3,2,2,1996,84,55003.0472,47,19.0735,63673
740,5cff788efcc63ac738e16ca8cd912e1108d5c1be,0,0,0,2014-12-22 15:39:29,4496,9293,5.6616,13789,85,36,13,29,3,86251.9057,102,27.1291,590
747,b5a232b04eb61fef4d722dae67147f686e07b503,0,0,0,2014-12-25 20:30:33,62,89,2.2416,151,4,2,13,39,13,55456.8781,414,198.3326,2491
741,cfee3da908c685dad3103a497dd70eb9a884df3d,0,0,0,2014-12-28 02:09:26,19,48,0.0452,67,85,36,1,3067,6,15184.2033,377,214.7853,63673
754,dcc3bb054167eb5f408cea79935855780fd56285,0,1,0,2014-12-30 18:25:17,691,471,3.3655,1162,24,13,3,2222,80,49434.1552,218,82.7076,63673
749,e20810c7bdf81b2ea225d1356ac3237994fb5349,0,0,0,2015-01-06 20:24:37,4496,9293,1.0489,13789,2,2,13,734,47,21562.0731,108,76.0664,1082
751,e27cdf935c73f5d51ce920cf3245eca58219ceb1,0,0,0,2015-01-06 23:25:09,4496,69,1.4612,4565,2,2,2,3,5,20158.6033,214,99.9383,500
752,3679b1bd270fcfbbae4c8ac9eb5114cc98fbe4de,0,1,0,2015-01-07 12:54:48,132,192,2.3615,324,13,7,2,2132,81,33481.2587,66,74.1051,2059
763,905273e3e419ba12d8130f56943b8f4f6818d544,0,0,0,2015-01-07 18:35:11,4496,9293,0.6357,13789,2,2,2,2003,84,17431.7654,14,13.0943,63673
750,bdbb071f4f87131d6996aac52f2b75a5833d5238,0,0,0,2015-01-07 19:05:31,1,9293,0.2158,9294,3,2,1,80,17,72249.1466,9,31.4964,63673
764,493859bf617ac80f560d02ad6d471aefd6a0ef91,0,1,1,2015-01-07 20:05:38,504,9293,1.7823,9797,7,4,3,2019,85,44816.3685,54,34.1625,63673
757,6afab52b27de4b5d8b377d4fb7d15012bc43527c,0,0,0,2015-01-07 23:11:01,20,9293,5.6616,9313,1,1,13,97,15,8594.2625,41,33.367,63673
758,1eea314602d50491093cf63bef6a26eed9df3ceb,0,0,0,2015-01-08 00:19:28,26,9293,5.6616,9319,2,1,1,24,4,31434.4532,155,55.3174,63673
761,b8dd3bd75f61c20350db37b784a667636fb6a24d,0,1,1,2015-01-08 07:35:44,43,9293,1.3778,9336,4,3,3,1975,84,58023.0934,133,47.2843,63673
762,5e797ebbad60fee3d7c3686de23d68d7611611a0,0,1,0,2015-01-08 18:56:46,4496,97,0.7358,4593,1,2,2,138,24,31342.2751,25,1267.3333,63673
766,bd3c47ca739a9b84ba68a19387bef8233e1f90e1,0,0,0,2015-01-08 20:39:29,4496,26,5.6616,4522,1,36,1,33,10,24386.8848,66,33.8717,366
770,e750ab238e07daa61180d2451ba90f819a4cf5a1,0,1,0,2015-01-09 01:02:32,66,9293,1.3615,9359,9,7,4,2397,89,29477.6762,2862,1267.3333,1080
767,ed54e80855a37f88a8625e1ecf9ce574f0d4081d,0,0,0,2015-01-09 05:27:47,29,78,5.6616,107,1,36,13,19,4,22617.5047,404,196.5505,957
756,a289e71bd883bce6b78169b64c95cd6c2e1a8853,0,0,0,2015-01-09 05:33:25,4496,50,0.0424,4546,2,36,1,28,14,15071.0484,408,198.4059,2242
772,c6525da86eb1ac668206553336056f90e7bfcdaa,0,1,0,2015-01-09 19:30:22,557,575,3.3092,1132,25,9,3,2211,81,50728.2742,2862,57.7114,3674
773,c20d415833b785bfa5f49d3dd2a7468e111fb5d0,0,1,1,2015-01-12 10:22:23,4496,9293,1.2657,13789,3,4,2,2045,85,63746.5719,87,49.0818,851
777,f6d0f436b39f78f2b4fee5e84190a53259ff677b,0,0,0,2015-01-12 17:57:23,46,9293,1.5415,9339,4,2,2,3067,5,35007.5817,640,203.8466,1135
780,2424dd133bd971de4b19e5030619d7be79e261e0,0,0,0,2015-01-14 10:07:22,68,9293,0.2439,9361,3,2,2,2046,83,54353.0572,754,239.0571,2294
779,1c9c47d26f2da98d1a923254858bcde550122445,0,1,1,2015-01-14 10:40:57,191,198,2.2354,389,6,6,3,2022,82,35486.6702,772,250.2063,2603
760,0a17c0fd7d31e6ff6ea4d4ae901ded72bb2fe113,0,0,0,2015-01-14 10:58:50,4496,9293,0.0107,13789,1,1,13,118,14,952.8158,730,227.5799,2503
771,92f753957325413e2aba67f36b4305fb0316b501,0,0,0,2015-01-14 13:11:41,24,28,5.6616,52,85,1,13,11,7,9552.3923,748,221.1923,2293
782,e16d76dc84022a37dc544183732bfe9e9fb3fd94,0,0,0,2015-01-14 17:15:13,38,9293,0.0164,9331,85,1,13,34,6,15062.5487,745,218.4348,2942
768,2ff913767437ae919a72ec00c2437aa7ce904f6e,0,0,0,2015-01-14 17:45:26,43,103,5.6616,146,5,3,13,59,10,79232.3567,52,6.1363,690
781,e245ba7af9801696db733fa3f88aa37135b5ae36,0,0,0,2015-01-14 23:33:33,48,9293,5.6616,9341,1,2,2,438,34,29123.5705,590,225.7518,849
787,895ec3ea1e68b74ee025317f57a09c1ef0b512dd,0,1,0,2015-01-16 14:37:06,276,435,2.6153,711,16,9,3,2058,87,57832.1931,149,1267.3333,63673
786,17624248efc316de125d1bc3c6be4f0cb4e174a2,0,1,0,2015-01-19 08:22:51,306,9293,3.1974,9599,25,18,2,2176,92,45676.9554,145,1267.3333,63673
778,d314c07a1fd621362d7b6bb80d7f551943018d44,0,0,0,2015-01-19 14:35:21,44,77,5.6616,121,85,2,1,3067,4,34087.7166,428,220.1738,2483
784,5a849764791f7bedd737666a48b53e536f9816ab,0,0,0,2015-01-20 15:37:58,93,40,1.1068,133,3,2,2,2407,86,15980.5573,42,30.9496,63673
774,e2d140fff752e757f40c812dcd1b7bed3ea5fed2,0,1,1,2015-01-20 21:52:53,5,93,1.241,98,6,2,13,43,13,42163.0652,224,118.2036,1587
796,faf91818b46fb51ed576664a1119315e7b7c3383,0,1,0,2015-01-21 17:45:45,414,187,2.4957,601,6,7,3,2558,88,58248.8739,688,237.0563,3778
783,0c2eaa9cbb51f064b439c4d098adb5aa76b65b0f,0,1,1,2015-01-21 19:12:55,6,9293,0.2584,9299,1,2,2,2031,84,29629.5368,2862,15.0438,63673
795,dfd78d0e90b9995872b00f6f33afc180f2b7cba1,0,1,0,2015-01-21 19:50:35,582,586,3.0702,1168,29,12,8,2538,93,45596.4286,125,113.0535,3919
791,39108df7c8e0ffae3b39ad4adfefcd18f38667f7,0,0,0,2015-01-21 21:10:40,4496,61,0.0238,4557,85,36,13,31,9,46573.6523,60,30.2345,338
802,c468c8b4369c76612a1fc821e8e77fe1da8b8011,0,0,0,2015-01-23 21:59:30,47,67,1.1724,114,3,2,2,2137,90,77832.1104,597,207.753,1412
788,1bb0c149eb9657be1dc4c488156ced617b622ceb,0,0,0,2015-01-24 01:59:41,36,9293,5.6616,9329,85,1,1,15,21,17016.4915,355,212.8979,1440
793,1e865ed6b2b54bb26506a3dd5fa52f799174d9db,0,0,0,2015-01-25 11:33:13,4496,9293,0.036,13789,2,36,13,36,4,68842.744,83,47.797,971
801,194bad22f71da3007a7f9ab5561d6f211d140c45,0,1,0,2015-01-26 14:25:15,599,521,2.4424,1120,14,6,4,2075,82,55662.5742,130,57.714,1541
803,b077cda83bb1d32d5e6836027cfdfe3009b266b4,0,0,0,2015-01-26 21:20:38,49,72,0.3112,121,3,2,2,2048,84,58108.222,261,117.4425,1102
799,02367e78b573925a864ab8f94ba0a69950ca74f5,0,0,0,2015-01-28 01:35:18,4496,133,5.6616,4629,2,1,1,68,16,46670.4443,425,221.3051,63673
808,2b028b2b248e945d28a73537db9e41643138bcd7,0,0,0,2015-01-28 02:48:24,34,89,0.0324,123,85,1,1,15,1,79168.6874,372,194.588,1567
807,ca1b06500c54aed0c67659b5d9e697ae1ae050a4,0,0,0,2015-01-28 17:54:11,33,78,0.8526,111,2,2,13,4,15,42198.6958,143,97.6706,655
798,d47d2b1e2b66e239b8cf81e8c254dd3fbdf32052,0,0,0,2015-01-28 22:37:49,48,209,0.0784,257,2,36,1,262,30,17255.9636,144,112.4136,63673
809,160cbc1276503a50fe42f63996211094da5cafbd,0,0,0,2015-01-28 22:44:35,45,80,0.8644,125,1,2,2,162,32,7456.3584,154,111.6295,63673
811,71ccc87a79d161cdf5cf219a276f5bd7313f9c80,0,1,0,2015-01-28 22:50:13,129,23,5.6616,152,85,36,1,13,0,82506.9343,110,99.8847,63673
818,1650dd51d4c6c41d19dbaac64ae4527e45190ad3,0,0,0,2015-01-28 22:54:27,4496,9293,1.3293,13789,3,2,2,2046,84,39794.5516,102,92.7423,63673
814,31324eefbde219395dd2b9e49e8252f4498db676,0,1,1,2015-01-28 22:58:12,4496,9293,1.2554,13789,3,2,2,1991,83,86384.0,94,110.2281,1054
812,48a7e645d871bdb91e082f3ad3cdb61ba3f16199,0,0,0,2015-01-29 06:48:36,4496,9293,5.6616,13789,2,36,1,3067,11,49741.1668,365,194.5023,1270
815,3ad0d3a8f2ff4a2f5207b47620b52c192f4e5d82,0,1,1,2015-01-29 09:20:09,78,9293,1.0587,9371,4,3,2,2060,85,19137.0422,114,50.1475,818
806,a2d10c45076d0cc920c6649fcc797697102280f2,0,1,0,2015-01-29 09:41:49,6,9293,0.2745,9299,2,1,1,43,12,38391.2135,104,108.7426,540
813,6ae8adaa3c9eef3606ef1f6a27b828066225aac2,0,1,0,2015-01-29 09:41:49,7,9293,0.2389,9300,2,1,13,12,12,38125.9131,134,109.8203,680
816,1e5a0e19a90a365096846d67f678498a2aea1bd8,0,0,0,2015-01-29 10:44:01,4496,69,5.6616,4565,85,1,1,34,9,3187.0715,134,111.1115,698
805,05bbefd50b98de2e502e38023c9ea496a7719af3,0,0,1,2015-01-29 21:43:58,24,9293,0.9342,9317,2,2,2,2047,84,20938.7901,2862,1267.3333,63673
817,f1232532e61080096a92e0044b572a1314be2bf5,0,1,1,2015-01-30 10:04:44,63,9293,0.1804,9356,2,2,2,2041,85,57960.056,113,69.8068,620
824,2dd6944f1cf9236e2ca63f6a1fa67b020c175f8f,0,1,1,2015-02-01 22:07:59,4496,66,0.9495,4562,2,2,2,2012,85,64221.4806,2862,7.9764,263
831,8c003a2a5ab261db06fbda784b5353d38982f488,0,0,1,2015-02-02 22:52:03,34,87,0.9516,121,3,2,2,2042,84,42213.0708,2862,14.4315,523
820,217721ae95ce1a48d9cedbb8de8f3eb76c77d88c,0,1,0,2015-02-03 11:56:04,410,9293,4.1454,9703,28,7,4,2006,89,49192.5309,2862,1267.3333,63673
829,2d8bddb064f2a6f9292878e2d40805d9db74a09d,0,1,1,2015-02-04 16:51:24,4496,9293,0.9887,13789,3,2,3,2091,84,76696.1722,85,27.8046,763
828,0f5ab577bcc106aa487dd5b05ca0b991c9a96a04,0,1,0,2015-02-04 17:23:41,4496,117,1.9468,4613,4,4,3,2010,86,60165.8206,2862,24.1561,869
835,e60089db08c7675dd507aa668bff862d437382d0,0,1,0,2015-02-05 13:06:56,132,9293,1.3245,9425,7,4,2,2210,85,38500.4724,226,115.3904,2084
821,49f1a629d0c79c5aa7bda1b8aadbde343e52ecb6,0,0,0,2015-02-05 13:34:21,4496,9293,5.6616,13789,2,1,13,3067,5,697.9868,279,120.0383,1784
826,2d5d30114107bfb6bb7b6f9571264eef6ad4985f,0,0,0,2015-02-05 13:41:47,4496,63,5.6616,4559,85,36,13,39,5,86384.0,265,123.5084,477
830,b15113411a6efa725d3f420a7e0f6bc796aa9780,0,0,0,2015-02-05 14:32:54,4496,56,5.6616,4552,1,1,1,23,11,5746.4126,102,97.0056,608
810,98905809c87cc8fef01621bdcfd069d6edc75324,0,0,0,2015-02-05 15:51:22,4496,56,0.0448,4552,2,1,13,417,32,76002.0889,71,17.7466,63673
819,82a8c2372388bb0289a6a57f6c01f9e04172f7c9,0,0,0,2015-02-05 15:54:19,36,62,5.6616,98,85,36,1,153,19,4208.1459,105,109.8033,835
825,ca41972ea011ee9e082c02afb1c37e1151b8cd2d,0,0,0,2015-02-06 13:13:44,27,9293,5.6616,9320,2,36,1,3067,7,25804.6833,366,193.6245,767
836,fd6f9c6f9c15ab28d0db0edef1f84faaa7ea42c5,0,0,0,2015-02-09 21:46:29,4496,83,0.0497,4579,1,2,2,2105,85,40790.7982,265,100.7597,1848
842,97da271b29941596da7b401c2ed7352de111dc10,0,1,0,2015-02-10 00:54:22,4496,133,1.9001,4629,4,4,2,2218,85,31701.7043,202,87.4418,738
827,307e4f24294f659239d55e8b43637104cbc0a713,0,0,0,2015-02-10 02:59:34,34,9293,0.0459,9327,1,36,1,45,9,21756.6018,408,213.5301,2389
839,9649594c761dbb72e58ddd71a10f0794378337ca,0,1,1,2015-02-10 21:07:02,342,9293,1.4775,9635,5,3,3,2048,83,48079.7619,52,1.4688,63673
845,708b0ce6dab76c94d2fc22726ef8339c754bb857,0,0,0,2015-02-11 11:21:12,4496,81,1.0254,4577,3,2,2,2006,85,63950.0711,139,112.4082,728
832,857ee0ac3765e12140a0e072cee3fd32b1ad1b3d,0,1,1,2015-02-11 15:29:46,97,9293,1.7353,9390,4,4,3,2161,84,45837.2711,74,118.0094,987
838,207751c8ac9800b7e004ec72096c478a30aafebc,0,0,1,2015-02-11 15:35:50,164,9293,1.4933,9457,4,1,13,36,1,55352.3022,140,89.4813,1112
848,a72869c7f01d7be7b3535a6f4dd673b085a4d71e,0,1,1,2015-02-11 16:06:11,27,9293,0.8839,9320,2,2,2,2010,85,3992.7974,100,110.5118,63673
847,c643bbc8d11626d2609d622c9d0893c3ea43d9de,0,0,0,2015-02-11 16:11:38,4496,94,0.0573,4590,1,36,1,3067,5,8071.0202,144,94.7692,63673
833,f57ec8c464cc3941510cfb996e0335f7a5330b49,0,0,0,2015-02-11 16:39:06,4496,100,0.0643,4596,2,36,1,3067,5,2666.5021,93,118.2014,63673
840,cf3e748cbf1faaed68870f22a45edc603eb1b4e8,0,0,0,2015-02-11 21:42:19,35,116,5.6616,151,2,36,1,416,30,22141.0984,87,43.1402,63673
853,4eb9fa78bd233f5f9b901dd677636842b351330b,0,1,1,2015-02-12 13:35:23,127,2,1.1449,129,4,4,2,2097,85,26338.6036,103,110.7846,63673
841,107a794d5e215c4d71a643c8e5b2afa3e9c43190,0,0,0,2015-02-12 14:04:23,4496,42,0.8879,4538,2,36,1,44,14,9565.8981,105,93.1086,631
843,97acfb091732369e935fd4bab20080b36f7396f7,0,0,0,2015-02-12 19:19:25,32,40,0.0384,72,85,1,13,164,12,85117.0004,600,211.4524,1895
834,2a167ea21ea1db1903ccdf01172eb55c39b4f506,0,0,0,2015-02-13 10:47:00,44,9293,1.048,9337,1,36,1,3067,10,1216.1045,89,117.1623,909
855,2f7077c06ccbd5e8e7259c6891fe98d83ec3359d,0,1,1,2015-02-17 15:20:35,77,112,1.7733,189,5,4,2,2426,87,45455.6809,75,41.3306,1334
861,7f10cbd8ad7b4ea1f7471084eeb935fe911845bb,0,1,1,2015-02-17 16:25:53,21,61,0.6103,82,1,2,2,2106,84,4495.15,29,45.0683,151
822,48563e0be186dbeca2933f874d0030d7671d02ab,0,0,0,2015-02-17 22:55:06,4496,163,0.1236,4659,85,2,13,98,14,10622.2726,1,579.423,47379
849,2732752bebc38ec5a3df7f032284ca6c6c82ece5,0,1,0,2015-02-18 18:39:12,200,175,1.989,375,8,4,2,230,27,48168.2339,3,20.6621,1614
856,c86fc854f55d8deed5773a5e6231464ffa4f54c3,0,0,0,2015-02-18 21:02:06,25,9293,0.0146,9318,1,1,1,129,17,23823.3512,32,43.5668,63673
859,6db2a2e8a25751fceaf1fc6e48b2095fa93e991f,0,0,0,2015-02-19 11:51:16,4496,107,0.3707,4603,1,2,2,2390,86,68739.8896,87,113.3972,63673
862,36dc512ad4771b8e85c1e095822455012f75e1ee,0,1,1,2015-02-19 12:10:45,4496,9293,0.407,13789,3,2,2,2041,83,21826.886,138,106.6831,177
858,6065f2c8a79ccbd2b203929dda7237af1ca80402,0,0,0,2015-02-19 12:13:14,31,86,0.0577,117,85,1,1,3067,94,42856.1297,148,92.8993,1040
867,18d8f26ddd556d6b689a7460053c1518a86d7288,0,1,0,2015-02-19 12:34:27,89,9293,3.3258,9382,25,11,4,2207,90,46564.7419,242,151.0259,3269
864,3e43ea46e86228e9132859c29f38d41241f1f5a9,0,1,0,2015-02-19 14:29:14,53,73,0.2439,126,3,2,2,150,22,30558.2262,146,110.2227,844
854,766d8c01033bfe0f1f9713e129fe07d157874fec,0,0,0,2015-02-24 14:10:25,58,9293,5.6616,9351,2,36,1,3067,1,51961.626,151,82.1064,808
860,649a5cd12fc1797c03aab3da42a6775e39ad69a3,0,1,0,2015-02-26 18:30:26,18,9293,5.6616,9311,1,36,13,72,13,76289.7739,619,219.8253,1549
865,b3c4c0a2a7050711e4b50c44c50f4ea2928523ff,0,0,0,2015-02-27 07:34:00,4496,83,0.0592,4579,2,1,1,4,14,25552.7661,420,196.0971,2666
868,aa7c7362a94dd3da81ff521589cd2e6f998ae4c1,0,0,0,2015-02-27 07:44:00,4496,9293,0.0509,13789,85,1,1,16,1,68013.2883,376,215.1601,1452
852,7310c054f29e80a124a105320a165e465e3bd124,0,0,0,2015-03-03 08:39:44,4496,95,5.6616,4591,2,36,1,3067,3,69864.0979,13,46.885,63673
850,33279dd8c567ce6bcc6fa1c60b1304708a880abc,0,0,0,2015-03-03 08:44:18,4496,85,5.6616,4581,85,1,13,30,1,1024.6925,71,50.1747,815
863,fb67c41ad7faeff7a5f33e9e0bca6493a3febe89,0,1,1,2015-03-03 11:00:57,132,9293,1.6026,9425,4,4,3,2107,83,9994.5448,2862,1267.3333,63673
869,d201a2518a9dfd0aa4fca43c919a7a99cfb46412,0,0,0,2015-03-03 20:30:11,4496,36,0.0152,4532,1,1,1,35,22,62779.0836,2862,7.6832,63673
882,b32ce687e713de8d8535b0607c9edd9b55a7b6aa,0,1,0,2015-03-03 23:58:48,99,270,1.7497,369,10,7,3,2273,84,36394.4224,70,1267.3333,63673
873,93b365cdcff34418bdac56473997f0a6d2b2aaaf,0,0,0,2015-03-04 00:26:41,59,9293,5.6616,9352,85,36,1,21,94,43844.7606,143,111.5799,63673
875,9499f7cb98f678b6dde0c24ce87c39bc13b24ac5,0,1,0,2015-03-04 02:50:23,4496,9293,1.4027,13789,5,4,2,237,20,45246.6708,417,196.0397,1593
866,3f8806d233e556ae224472b3a058c2ec71468b9a,0,0,0,2015-03-04 03:04:24,26,64,0.0252,90,2,36,13,9,7,15573.6815,413,212.7802,1611
872,f3c0e11e2ddb0b0666e7723a3fca005707b778ea,0,1,1,2015-03-04 15:07:32,533,481,2.8734,1014,15,5,3,2114,81,33914.9768,50,122.3093,63673
881,034e0179b8da63e74e871030387948dd861beba6,0,0,0,2015-03-04 15:30:39,4496,9293,1.1006,13789,4,2,1,56,13,22907.7351,98,92.7177,63673
885,ec7fba44e613815c472e6cd2744058ba324df056,0,1,1,2015-03-04 16:06:37,194,131,1.4711,325,7,7,3,2424,88,4909.4431,79,83.2735,1264
884,a1e2978f9f6d2e9a318f44a5b6c625659b86efe8,0,1,0,2015-03-04 16:27:30,159,128,1.0249,287,3,3,2,84,14,24351.3258,147,115.3301,151
880,213b06695775718ebcecd738c95107f5be7b026f,0,0,0,2015-03-04 21:28:30,32,37,5.6616,69,85,36,13,3067,3,26417.1128,67,36.8084,508
883,4176f9e78cd4d8c64ad791cf97b32b0a86448874,0,0,0,2015-03-04 21:36:33,33,9293,5.6616,9326,85,1,1,27,1,1091.6621,90,41.2194,431
879,0d2ec11c7e0abfb84d872289af6d3ac386cf381f,0,1,0,2015-03-05 09:53:56,4496,456,2.1654,4952,14,7,7,2544,85,41601.859,137,103.8393,2706
889,90a012a1fe29edbb70de30d5f683e10cc27e1602,0,1,1,2015-03-05 18:25:03,1540,315,1.0868,1855,7,5,3,2031,82,48706.0673,90,1267.3333,63673
877,4ce409e33ffce7b0976d95b66b0a43c68f2a7d88,0,0,0,2015-03-05 20:07:14,37,9293,5.6616,9330,85,1,1,19,7,4844.6826,134,94.7818,63673
891,e8fbfc0822db4f7635549e5f6c45e103562d0c0c,0,0,0,2015-03-05 23:24:10,54,9293,1.0083,9347,3,2,2,2143,89,32423.5739,10,1267.3333,63673
888,fd0bdef5abb9c7fb4318b7c4c989cb90d352a19b,0,1,0,2015-03-06 16:34:28,3,34,0.2805,37,2,2,2,2063,85,46096.5876,110,65.8984,156
892,9ee34b6e656428299a98eb2f1403b2246be3190f,0,0,1,2015-03-09 17:33:57,4496,43,5.6616,4539,85,1,13,619,30,73073.7822,7,24.6765,646
890,d6ea0ff1f1c01390a4240ddfbbfb5c5b63ee4260,0,0,0,2015-03-10 03:18:27,37,34,0.7844,71,3,2,2,2105,84,34382.7538,17,8.8137,425
895,24915cd48e9e13d99df4d08610e382d3c424dd35,0,1,1,2015-03-10 11:38:05,10,54,5.6616,64,85,1,1,613,37,73653.3105,43,33.0512,596
898,bf9c5031301ef9ad310d5bb01142b5a67ce7f415,0,1,0,2015-03-10 13:54:36,17,106,2.2779,123,5,4,2,2020,83,46019.019,71,89.9737,63673
906,6bbfb5574e0487d490eb5872c70853c4c56d2940,0,1,0,2015-03-10 14:19:23,181,451,3.8297,632,27,3,2,2212,80,19776.5367,52,48.618,63673
878,b7563f823ed5cacd553721016ab4609e85685afd,0,0,0,2015-03-10 17:12:31,247,9293,0.8928,9540,85,3,2,46,1,61191.9836,160,114.7053,63673
893,97d65d6d3689ef3fd47d760004377486ad00d631,0,0,0,2015-03-10 17:13:46,190,9293,0.0673,9483,2,1,13,3067,94,86384.0,147,91.918,63673
901,69542a99c670bd5619e3b3c271512635dc7f9b76,0,1,0,2015-03-10 17:18:05,384,688,3.5145,1072,16,13,1,1210,41,40006.764,143,1267.3333,3100
909,d76adf50024a064f5c66b8457113e903cf05296e,0,0,0,2015-03-10 17:45:20,15,147,0.824,162,3,2,2,2124,83,12937.6277,147,115.8199,1042
903,dca37a612cfba1b0eae07a5dd4f16a37407a2a51,0,1,0,2015-03-10 22:35:25,527,331,2.7216,858,16,7,4,2260,81,39627.5893,2862,15.7619,1381
905,be13d35b2a2ea1626800aa6653f26f9d25edc605,0,0,0,2015-03-11 05:50:15,39,74,1.9805,113,5,1,13,20,11,22586.3792,369,193.5539,1505
886,f3399a292e64a8a00d4240e1c9395c65caa1ad92,0,0,0,2015-03-11 06:03:11,4496,90,1.3434,4586,4,3,1,81,24,58804.7804,417,216.419,2450
919,bc7941c9da7ad17fdf4793de411541876a1248ff,0,1,0,2015-03-11 16:43:04,352,32,3.0505,384,15,6,3,2286,81,41735.8473,134,1267.3333,2721
924,4646014851b42327402d51f7bc5edab0d2c22a8d,0,0,1,2015-03-11 16:47:08,4496,9293,0.8331,13789,2,2,2,2075,85,42246.5438,68,22.7543,63673
904,cbd4de8f51cf0da1579abcd8d93803c4e8845024,0,0,0,2015-03-12 12:26:03,4496,9293,5.6616,13789,85,36,1,187,18,75932.2282,143,96.0676,870
920,c059a56890dd7b9aca0addca75a05bcce6b65a77,0,1,0,2015-03-12 16:40:22,509,461,3.2669,970,26,10,4,2350,79,49803.0199,2862,1267.3333,63673
907,d97e7cb69ebe8794adeb5be00b58a1b828bffd26,0,1,1,2015-03-13 18:01:04,12,9293,0.1985,9305,2,2,2,2077,85,40368.2334,32,22.6332,63673
912,d919cc998e80eacec09ba374ee0b92248eb8bad1,0,1,0,2015-03-13 23:32:30,52,9293,1.5483,9345,6,2,13,434,32,35628.1928,585,206.2294,2418
917,fd67615be32daa559b4b7d16ad12300494eda389,0,0,0,2015-03-17 02:29:39,34,9293,0.8974,9327,4,2,13,194,13,36288.1335,364,197.7379,2367
908,c9a6d7ce05ff75412d5f40c740b33b33a7e813a0,0,0,0,2015-03-17 13:39:33,4496,9293,0.0447,13789,85,1,13,193,18,78700.671,371,218.2721,1514
914,ac306218848f62be71db8cea5ce90c4835c626c6,0,0,0,2015-03-17 15:24:57,4496,9293,0.8581,13789,3,36,1,62,8,62387.7299,66,18.3897,866
927,89cdfd8e075d8883d776d7f881735f1c25e3cb54,0,1,1,2015-03-17 18:27:54,367,9293,1.6066,9660,7,5,4,2416,86,33386.0822,2862,37.5405,1245
922,4a4f83334265b1c2200e818b3439c146e77d46be,0,0,0,2015-03-18 01:10:23,4496,9293,5.6616,13789,2,36,1,36,5,30405.863,418,190.6343,2339
897,5a09483df399b9e498e30624d0e3227fb60d7fa1,0,0,0,2015-03-18 01:16:49,34,9293,0.9516,9327,3,2,1,21,11,57302.5973,406,198.8128,1594
918,201004d9a62307af1a0a419caadbfe99d8b72c66,0,0,0,2015-03-18 02:24:33,4496,9293,0.0714,13789,4,2,2,220,19,46087.6933,417,219.0856,3136
923,3608bd2494a82ede56471f1cbe5356f90d0a95d1,0,0,0,2015-03-18 02:34:13,33,9293,0.0784,9326,2,36,13,47,7,44975.6919,413,219.6586,989
925,593886a12062429d752e58a27baba4fb6ba7ac76,0,0,0,2015-03-18 02:39:26,4496,9293,5.6616,13789,85,1,13,29,1,18148.1366,415,210.113,1296
913,69f794aca680cff079c1419f46f04316d4262a23,0,1,0,2015-03-18 03:07:20,57,107,2.3168,164,5,4,1,282,32,33570.7511,418,189.366,971
936,828496492c51d7437b690999205ecc941f41a0a9,0,1,0,2015-03-18 10:37:28,1098,9293,2.1678,10391,12,6,3,2304,87,38048.2589,2862,65.7155,63673
926,144644bbf77a546c45db384e2dbc18e13f65c9ce,0,1,0,2015-03-18 10:44:22,32,9293,2.5372,9325,10,6,2,2327,86,40802.9428,2862,1267.3333,996
931,7bef6f93aea3a6897b53e909688f5948c018ccdf,0,0,0,2015-03-18 10:54:05,4496,9293,0.0462,13789,2,1,13,3067,8,3360.792,102,97.7478,824
932,f36fe9fb18b37656dbffd4f136edb31dc3abc45e,0,0,0,2015-03-18 15:58:44,4496,95,0.0333,4591,2,1,13,3067,9,18588.2438,90,116.4544,669
938,690fbf3ba90cee726eb58ed1f69700d178993f75,0,1,0,2015-03-18 17:18:28,539,275,2.5035,814,12,8,3,2461,91,45182.6497,82,35.6367,1864
934,b06218011ecb7db15e765f0185c5ec000ba2233c,0,0,0,2015-03-18 19:26:28,83,75,0.6934,158,4,3,2,186,22,16158.0901,146,95.0677,965
921,9b9dda6bbbabeab2ce235a3f261e995ed0683e15,0,0,0,2015-03-18 19:39:11,19,60,0.018,79,2,1,1,62,13,25928.9732,109,96.9583,458
933,1279009e0e29267d8fc3300071034e2ede6065ca,0,0,0,2015-03-19 02:37:52,4496,70,0.0556,4566,2,36,13,3067,1,38207.7039,367,196.2217,1354
940,86b04ad0d4682bc49bd294d4d598d131f4da1158,0,0,0,2015-03-20 01:12:25,4496,89,0.0491,4585,2,36,1,49,7,37361.739,361,196.0299,2682
928,b7d0238f6765638f18e00fdd8f5fc49df63b9d17,0,0,0,2015-03-21 00:15:06,4496,9293,0.8697,13789,3,36,13,3067,2,52392.1018,367,190.0547,1511
939,c6ba2beddc5a7170ee449b43ce4a41a14f312791,0,1,1,2015-03-22 11:14:08,4496,9293,1.0384,13789,2,2,2,2090,83,39806.2315,235,116.9154,1894
952,540e9cf75243888f878760d5488dda3a0bcfdc86,0,1,0,2015-03-23 15:15:52,269,9293,2.4288,9562,23,9,3,2834,92,52153.7941,2862,64.2453,1737
955,a672097db4cdddc78baa16de6990c45bfc2e25aa,0,1,0,2015-03-23 17:44:30,100,104,0.2883,204,9,4,4,2231,85,44674.6613,2862,17.6385,1316
953,789aa72e56b3bbb8811c96f82ec96a10207b8a0e,0,1,0,2015-03-24 11:02:08,492,9293,1.8609,9785,12,9,4,2197,81,59938.1874,2862,58.9497,1913
951,bf1ea024d50dc0243bb8cec2a23b01a709b4e705,0,0,0,2015-03-24 13:14:18,27,9293,0.3674,9320,2,2,2,2068,84,10029.3481,42,18.1799,351
945,4eef4499ba24dd5168fdd759f4e2587892e4394b,0,0,0,2015-03-24 13:35:01,14,125,0.044,139,1,1,1,65,9,9607.9507,139,112.9998,63673
948,6b979f31912e2e823bc22511dc3a5746d05f276e,0,0,0,2015-03-24 13:42:48,30,33,0.0203,63,1,36,13,15,4,84520.5623,112,106.2732,48
946,507a36305481c9dff8f4784626d34a871faa5106,0,0,0,2015-03-24 18:24:16,13,33,5.6616,46,1,1,13,29,11,21.9424,30,21.3623,63673
949,469764412706af185d8b2bece5c6d985d67c3ef7,0,0,0,2015-03-24 18:54:34,4496,9293,0.5905,13789,2,2,13,21,16,62663.4323,93,31.2998,63673
943,e5b5a91fb6148010c31337cb074c37ec8fff2438,0,1,0,2015-03-24 20:27:45,266,9293,2.3743,9559,11,6,3,2557,94,19617.4094,66,96.194,63673
963,44f8254df850f17d0c9c940d69af7a2305beb4b0,0,1,0,2015-03-24 23:42:30,1700,189,3.026,1889,31,12,6,2704,0,55724.0343,2862,56.6788,2914
947,8a03181dd58c02f4297f4918c7fdc80da5f63fb3,0,1,0,2015-03-25 10:35:05,4496,240,3.1271,4736,6,4,2,641,32,37043.133,2862,23.3615,1551
937,7c98030a7d4551780377cfa6b3442868b62b4b20,0,0,0,2015-03-25 14:32:57,30,9293,1.0323,9323,3,2,2,2068,83,34801.8076,581,202.4901,1255
958,2433068c157cd21d4217c98ec5c0b9a2c07e288d,0,1,0,2015-03-25 16:04:09,40,263,1.9494,303,11,7,7,2359,89,52080.4659,133,76.8526,2877
230,c041ea8b3748089937168839791a6d64382b34de,0,1,0,2015-03-25 16:27:50,351,9293,2.1745,9644,11,7,7,2321,83,7032.1944,121,83.839,63673
229,922a2c49b6de281c95b0ef05481c076bf2abd077,0,1,1,2015-03-26 16:19:16,27,107,1.8137,134,5,4,3,2156,85,43755.0458,2862,1267.3333,63673
950,6ee4b0989d9a3ae3e704918622024fa57fdf63e7,0,0,0,2015-03-26 17:19:38,4496,59,0.0206,4555,1,36,13,30,8,5411.9659,2862,17.424,563
227,1b1acae9afbd6faf2f628d5ae7ba0763aaac1e86,0,0,0,2015-03-26 18:22:09,4,9293,0.3853,9297,2,2,2,2074,84,43763.4778,48,42.4158,63673
231,bd4842410e73574dff8f3a51bd95e414f76ed506,0,1,1,2015-03-26 18:58:46,21,30,0.6116,51,2,2,2,2100,84,7988.9776,2862,16.3702,63673
236,7ff25f0df55bf492e741730473b94bcba8ac6c0b,0,1,0,2015-03-26 22:36:19,152,79,1.1116,231,5,3,3,2202,83,42289.6423,41,28.0374,63673
228,b66092f904c380d943f75b2a7cef033929631309,0,0,0,2015-03-26 22:58:57,4496,9293,5.6616,13789,85,1,1,3067,8,1779.8104,79,43.8137,368
233,f7856c225857e8bb975289f46e2b9b001888ea0c,0,0,0,2015-03-27 15:00:37,4496,113,0.034,4609,85,1,13,3067,6,73396.3623,29,52.1713,63673
237,9c482fdcf5be36167d60843f6360b3c64c04f0c8,0,0,0,2015-03-27 18:24:23,23,85,5.6616,108,85,1,13,17,6,54784.769,42,46.3685,63673
226,4e7fbfe6d31fbcfc2975f62827ad967234c49d2c,0,0,0,2015-03-27 21:30:45,39,9293,5.6616,9332,1,1,13,29,6,11320.3141,156,52.3692,706
738,102f59c64925f23a3db8a34090f976e28ec04113,0,0,0,2015-03-28 11:19:00,34,34,5.6616,68,85,36,1,47,10,50992.2319,24,44.2098,63673
225,d3258f6152eda3be4cba0a021ea34fcb34b7a569,0,0,0,2015-03-29 15:17:56,4496,68,0.7679,4564,1,2,2,2152,85,48461.5729,24,10.6684,313
930,7ea642c89c124f0515754ceb8a163370e8d74578,0,0,0,2015-03-30 00:35:24,4496,9293,0.0502,13789,2,36,1,26,2,77588.3611,371,197.6463,2305
238,ce643ff99f57784577f2067f2ae4c95d3a02ecff,0,0,0,2015-03-30 00:46:04,4496,77,0.0648,4573,2,1,1,74,23,19664.0186,372,193.3228,1226
263,ff5ed7a03f7b9968c0156b05226af67882e5670e,0,1,0,2015-03-30 14:18:26,127,235,1.7767,362,9,5,2,2695,90,63512.1086,569,241.9839,657
245,f6217ae198861d95225f6201dceae679b3304cc0,0,1,0,2015-03-31 08:40:34,713,9293,2.67,10006,21,11,4,2245,87,55028.5234,2862,92.1716,2927
244,1e09482a38cbd9bcf4d056781332f8d6e84a624b,0,0,1,2015-03-31 08:48:43,4496,59,0.6112,4555,1,2,2,2491,86,1302.2576,73,29.1292,1198
234,2cf4ca3a94ff972b422f1be1a2d601d07ff31a12,0,1,1,2015-03-31 09:05:40,4496,9293,0.8212,13789,2,2,2,2133,84,24178.2177,94,55.8835,523
253,2d7909dc12dc038a65742ca03d375140c5257158,0,1,0,2015-03-31 13:53:33,1061,9293,2.8192,10354,15,9,4,0,0,66475.5928,2862,98.1964,2247
264,963dd54b71bdcac29c484d89a826773a3f090496,0,0,0,2015-03-31 15:20:39,24,9293,5.6616,9317,85,36,13,157,30,85174.9933,629,221.6415,1922
250,8b3221a8fcdcafc78e4cee908768b9f8612df31e,0,1,0,2015-03-31 16:32:18,223,92,1.5305,315,6,5,3,2158,85,41869.1572,144,116.0503,1202
256,0352a15a318e8121f8ec977d28379961a9aec387,0,1,0,2015-03-31 21:21:43,379,9293,0.9728,9672,5,3,2,3067,2,32578.2816,48,35.8907,616
246,e4b158f6ad2d9f59a06d722bc97a3d423486e298,0,0,0,2015-04-01 03:32:05,44,9293,0.0522,9337,85,1,13,25,2,29285.6573,374,214.0352,1388
251,7f0a8542d684d3bd9b597b5eab332355315c4942,0,0,0,2015-04-01 03:53:31,4496,84,0.045,4580,85,36,1,220,21,23759.1258,418,194.4605,2504
241,3d0c4e78c6bb3f8767aa0720b7de579908e2bf59,0,1,0,2015-04-01 10:26:00,38,91,0.9833,129,2,3,3,2071,85,56550.1155,2862,1267.3333,63673
259,0ba5f2721b8d6b57592532654d8533acb9964807,0,0,0,2015-04-01 11:14:40,4496,9293,0.9612,13789,1,2,2,3067,6,3934.8297,77,45.6937,63673
249,82a526863b03f533318cfe00d74508cd3da235f3,0,0,0,2015-04-01 12:57:43,4496,9293,0.0355,13789,1,36,13,9,4,59276.1485,109,110.6076,10
255,e617d84616893c974e6132f9dab7748645466632,0,0,0,2015-04-01 14:55:02,49,9293,5.6616,9342,85,36,13,3067,3,7869.5119,145,91.0915,826
269,cc672f36158c2dee3abad1fa6f51488f14ffb902,0,1,1,2015-04-01 17:13:52,4496,9293,1.0436,13789,2,3,3,2137,84,23494.1014,2862,17.1479,366
247,30f3899f212a499f22a54426c67790f9d84d422a,0,0,0,2015-04-01 22:44:25,34,9293,0.0492,9327,85,36,13,104,13,3650.8471,408,194.5353,2440
257,0655217ea5168c01c1a829321906f3e8630cee64,0,0,0,2015-04-02 00:57:21,4496,9293,5.6616,13789,85,36,1,22,3,40632.1794,365,191.5194,1053
765,86f51fd4f042851b03f5bf602477de84d92a3172,0,0,0,2015-04-02 05:04:01,53,9293,5.6616,9346,85,1,1,25,8,30302.8923,371,215.0594,2236
262,2e6492a1839040d5b417ab934490c453c92896d7,0,0,0,2015-04-02 10:21:20,92,131,0.9128,223,1,1,1,93,8,60869.5913,32,22.5891,63673
261,868457de21388f224f7c0e871f1fa4aa7a9f7146,0,0,0,2015-04-03 04:30:56,4496,83,5.6616,4579,85,1,13,17,9,30737.4725,376,211.1576,2372
265,c2ecfe7b7bffbced652b4da9dcf4ca263d345695,0,1,0,2015-04-03 11:29:17,61,116,1.5528,177,9,6,2,323,29,57340.1361,2862,40.2543,63673
276,345455dee2b154e5a9b10a7a615bcc0c7092775d,0,1,0,2015-04-03 11:53:45,43,9293,0.2544,9336,2,2,2,2212,85,34898.8425,98,110.4313,829
254,7f161667dfd7f12190442adf7b010111e0a42cd6,0,0,0,2015-04-03 21:57:59,115,122,0.1286,237,2,1,13,62,15,63134.5357,2862,11.0381,451
266,5bffaf850ca3e978baaa8664acc65612d7460d3f,0,0,0,2015-04-03 22:27:10,374,9293,1.0267,9667,3,2,2,36,94,85111.1806,41,10.7596,63673
270,bade5cfd931de938cbda0674f3fde524f3850fdb,0,0,0,2015-04-03 22:27:10,447,94,0.9087,541,1,2,2,3067,94,83524.0119,2862,35.9533,63673
232,ba71c4707fb315493deef3e63b49d56776bd8677,0,1,0,2015-04-04 10:55:56,20,40,0.016,60,85,36,13,0,8,83776.5996,114,100.1529,75
268,70b51ff327ec5d984f14e5fdb7862ed50dcd92b4,0,0,0,2015-04-06 17:20:47,43,9293,5.6616,9336,85,36,13,3067,0,30637.7434,26,27.0337,458
278,b449126fee2fd6a9a927846b2b2a4f89222b78b7,0,0,0,2015-04-06 21:00:00,77,81,0.6685,158,2,2,2,12,2,84349.9943,6,14.8155,517
273,a6549440f30997273f0b1a073b1493684715c43b,0,0,0,2015-04-06 21:00:00,131,6,0.6748,137,2,2,2,24,4,84369.9167,12,15.5253,444
274,77b5da7cc5fa93a8a0c64ee2dae1cd4ae8fe9764,0,0,0,2015-04-06 23:01:16,4496,9293,5.6616,13789,2,36,1,40,2,8085.296,4,13.1437,604
279,8ec1da211830762ebf571f12d9cbd505d2a1fada,0,0,0,2015-04-06 23:01:16,4496,9293,0.0619,13789,85,36,1,41,2,7874.0057,2862,14.4302,63673
286,1caa4f942662cd49609e86e2cd747421a9d71700,0,0,0,2015-04-07 14:33:57,25,61,5.6616,86,85,1,13,47,13,61219.4232,5,31.0496,63673
277,b24bd08616ed4b0395af5d96f27f378202bef0ee,0,0,0,2015-04-07 16:20:00,21,9293,0.9482,9314,1,2,2,2126,85,50400.7223,40,28.8376,412
281,59ba098d29fd492a715b7b5c13e6be17cebd33d9,0,0,0,2015-04-07 18:01:23,4496,60,5.6616,4556,1,1,13,64,8,2772.7902,131,59.1698,799
285,866afef295df84030a2bd6ba8a002bd1e5a8fdf6,0,0,0,2015-04-08 04:43:52,4496,9293,5.6616,13789,85,1,1,51,11,25289.3805,371,195.6863,1577
292,8fc61eb5e9c2079fa00faaec9b846d92dbfec43f,0,1,1,2015-04-08 11:38:22,69,9293,0.9684,9362,3,4,2,2543,84,22245.7945,143,93.6895,941
284,4b43684ac0391a4b07e884da1c24f65dec6cd933,0,0,1,2015-04-08 18:09:14,45,9293,0.9333,9338,3,2,2,2270,85,43575.0621,2,3.5956,455
248,def4835e6b7de2b6523e2f69f53d9070e4a54a6c,0,0,0,2015-04-09 13:14:30,46,9293,0.7346,9339,2,2,13,246,22,69147.4632,14,14.6189,1015
283,d908bf431af7abe68aa69e6fd0ab50e30f01e607,0,1,1,2015-04-09 20:05:45,61,132,0.3252,193,3,2,2,101,13,48264.861,3,9.1897,63673
288,958166766558e9df367fadfc2331d2d7d3b34bd8,0,0,0,2015-04-10 03:29:59,39,64,0.0249,103,1,36,13,31,4,9618.7377,412,215.2989,1373
291,d19a6af6674c883721cbc966757027edda26bcc3,0,1,1,2015-04-10 12:30:55,4496,9293,0.5312,13789,2,2,2,2149,84,44343.1531,111,54.946,120
289,c5b02422e00aa0015d9dc399bf5ec71555b38a56,0,1,0,2015-04-10 18:07:33,179,128,0.7892,307,8,3,2,2510,90,58987.3331,66,50.0425,741
271,afd6cf2cbbb549c4672a2a6d987745bfaecbc0d7,0,0,0,2015-04-13 04:04:22,4496,53,5.6616,4549,2,36,1,3067,1,76324.514,369,214.2356,2314
267,4a3ca5c70e94d6b9329b7289f61ffbe708828ebf,0,0,0,2015-04-13 18:34:31,4496,51,1.6218,4547,4,2,3,2382,87,33151.7443,631,227.0892,1450
290,ac46747f84e62f6c9cbad0fb2e67a0eb95f43b01,0,0,0,2015-04-14 17:19:53,4496,236,0.1612,4732,85,2,2,2484,90,84131.2586,573,235.9138,856
293,cba1b68dbececb2aba500d56059e99bdab058b10,0,0,0,2015-04-14 17:19:53,4496,136,0.2697,4632,85,1,2,2591,87,81284.2271,641,192.7959,409
298,dcde8cac0d6d96c342c6409a189edc372ddcb203,0,0,0,2015-04-14 17:19:53,4496,165,0.0908,4661,85,2,2,2486,90,80868.7978,567,244.9066,3362
297,f59df2893b66b3a8715b9792679e51815982a542,0,1,0,2015-04-14 17:27:00,447,345,1.83,792,7,2,2,2686,88,31528.1005,1,640.1812,48836
295,d26bfe9a4dd50f1f6f949b4ef114b45640001fbe,0,0,0,2015-04-14 20:57:55,4496,9293,0.057,13789,2,36,1,3067,5,6615.1919,37,15.6652,63673
282,700e3279e68c9c72d50e821a855cae38b5e5b169,0,0,0,2015-04-14 23:13:53,4496,67,5.6616,4563,2,1,1,3067,94,68709.9296,419,210.0182,1429
294,b38a6683f97abeef64cee8f45e05c90e1db2e8df,0,0,0,2015-04-15 01:43:53,29,119,0.0674,148,85,1,1,3067,8,32827.0827,370,188.1989,1514
300,e502fe5b1bf2020936197ed1953f9e3023c7d85a,0,0,0,2015-04-15 04:02:57,4496,94,0.0573,4590,85,1,13,49,4,44442.1392,416,191.4518,2328
315,b2c62bb20be52a698a5683ef8ffcdefe560dbc9a,0,1,1,2015-04-15 14:30:12,34,9293,1.2914,9327,7,3,2,2651,88,42347.3689,571,202.1035,1017
299,84b28460da99b583561a8308b263e174f4fa9e2b,0,0,0,2015-04-15 14:35:40,19,9293,0.0278,9312,85,1,13,194,13,692.4649,624,210.1719,1463
305,543a89909be849c4ff1ca38d435a246d87be2c50,0,0,0,2015-04-15 15:11:52,4496,9293,0.0291,13789,85,36,1,168,13,1759.7287,600,224.2164,1444
307,e3e2de0c439b2ae10e2f95074926f74b834c75a3,0,0,0,2015-04-15 15:11:52,4496,42,5.6616,4538,1,1,1,198,13,1884.6306,629,223.1618,2027
324,8e1bdf3e8eedc33045ca577b0e5a69446429353c,0,0,0,2015-04-15 15:14:19,121,9293,5.6616,9414,85,36,1,3067,94,36450.9638,726,232.454,636
303,a64bc43f8da05114fa1d9e9c6409e82361d659f0,0,0,0,2015-04-15 15:39:37,4496,55,5.6616,4551,85,36,13,194,14,2108.7579,631,209.3431,1452
313,b325316f58a4df07d8037b179fe53c03f97dfd2e,0,1,0,2015-04-15 18:22:21,24,9293,1.4917,9317,5,4,3,2231,86,44523.944,2862,13.5423,63673
302,67b7c3a394453303e7b4a95988c17a4a9fd0a723,0,0,0,2015-04-15 22:47:10,4496,45,0.0235,4541,85,36,1,6,10,18421.6196,42,46.3317,63673
275,9bbcbf5052286b84e2a6acaf677c992f30bc1182,0,0,0,2015-04-15 22:47:10,23,45,5.6616,68,1,1,13,29,9,18580.6209,51,34.653,63673
309,9bba842c1c50bf944f449d2662a54284b4d5f74b,0,0,0,2015-04-17 06:03:00,4496,100,0.0756,4596,2,36,13,350,30,45863.2033,348,187.035,2659
317,5d88ff4e41210f95d0e3e53ded779765b0136c2a,0,0,1,2015-04-17 14:47:33,39,68,0.7701,107,2,2,2,2134,84,48006.8843,17,6.5983,541
296,724384ab05e4a6bf3cacb1732641968d37e8c391,0,0,0,2015-04-17 16:23:46,4496,223,5.6616,4719,85,36,1,69,4,45836.2236,2791,599.6254,47445
310,11dfc025305113f5cfeac4151fb72cee2e6f83f9,0,0,0,2015-04-17 17:48:28,4496,305,0.8857,4801,85,36,13,3067,2,48274.7226,1,578.7533,10290
318,54140bfde562361562489879f720e78e0ea0eac7,0,0,0,2015-04-17 22:36:55,4496,9293,0.8853,13789,1,2,2,2091,85,4929.0489,658,207.5753,2646
311,738229bd7900b21a83ea322b1e394b8c20c0b82f,0,0,0,2015-04-17 23:42:38,4496,9293,0.0269,13789,1,36,13,3067,3,4357.5731,626,210.3476,1503
304,57b5578396bec8d54eea0b9d051125f5b9873880,0,0,0,2015-04-18 18:23:38,4496,93,0.0435,4589,2,36,13,10,9,77850.203,408,193.9825,2395
322,bf51f24a6ffd01f330a6251e3a62ad32a1f31b9a,0,1,0,2015-04-20 13:02:29,394,538,1.0508,932,5,3,2,2168,89,42221.4767,354,217.148,2896
316,10ff8c9f892c978a2b0eb0000d907c3d688f5d8d,0,0,0,2015-04-22 02:24:49,4496,9293,0.037,13789,85,1,13,3067,6,48254.9056,375,218.2106,2671
320,5e68fcec4329c4751789290059891c03b99be4a6,0,0,0,2015-04-22 02:36:31,4496,83,1.6411,4579,2,2,13,264,30,34608.2875,417,192.0609,2287
331,f56244d21a331cec7da5b751a4de9effad49952b,0,1,1,2015-04-22 08:42:30,14,68,0.935,82,5,3,3,2162,85,54099.2106,21,1267.3333,63673
319,3510bdb503c2a9d97cb12fd7d9e1a01fd91fa879,0,1,0,2015-04-22 21:42:59,4496,254,2.4806,4750,6,5,2,732,42,52534.2466,2862,59.4167,1910
329,5023e620db0c975150d40dbd4c4bc86200c3527d,0,0,0,2015-04-24 02:55:35,4496,176,5.6616,4672,2,36,13,3067,1,48038.7364,421,194.0797,2401
325,75e858a66de48a7579fa396ea2e46326c7155f29,0,0,1,2015-04-24 07:35:58,40,63,1.2289,103,3,2,2,2156,84,73346.5839,92,51.1371,143
327,d9fcb397478aa1a2bf8c03a551c0ea65de83a33c,0,0,0,2015-04-24 20:53:21,4496,76,0.9533,4572,5,2,2,102,23,39853.3566,2862,11.9571,532
339,cc5128a02e01c3dad1f658f7dc6281e4f55eeb9a,0,1,0,2015-04-27 18:32:24,96,9293,0.3592,9389,3,3,2,2144,84,41110.5295,10,4.5989,63673
333,08dbbd689ee7db7443c6920dfcd402710c1dd964,0,0,1,2015-04-27 19:37:33,4496,61,0.8927,4557,4,2,2,2295,84,36601.8971,582,227.1234,1324
337,0db1431e33659392b11060451c71d006941a0dda,0,1,1,2015-04-29 09:24:05,25,9293,5.6616,9318,1,36,1,633,37,2933.8782,19,27.748,459
342,58f25d526c60fc6c8805332ea48e611d0aa871ac,0,1,0,2015-04-29 16:48:30,4496,9293,1.5549,13789,4,2,2,2161,86,17051.4639,19,13.0519,441
336,cefaa4eb7168a63bbe5b04ad7b9bc093a34f4bb8,0,1,0,2015-04-29 21:03:36,34,152,1.5379,186,5,3,2,2435,84,33708.3965,633,229.1018,1435
338,3c09adec72dbdc6d27479ca7f681ee2406e21e64,0,0,0,2015-04-30 02:24:52,4496,55,0.0392,4551,85,36,13,54,9,78301.866,407,194.4941,2323
341,16a7fcfb78556b23bf8b9b6dae5bb9a6756b83c9,0,0,0,2015-04-30 02:39:39,28,9293,5.6616,9321,1,1,1,26,2,17790.4463,418,193.4787,1374
321,774bd0bceeee56abd97a122c563852210cf54bbc,0,1,0,2015-04-30 16:13:23,67,109,1.9763,176,4,4,2,139,26,53446.6818,2862,22.7299,63673
344,593a7257b5d5243c4ceb75b5417fb05e8a98cc90,0,1,0,2015-04-30 18:02:23,313,9293,1.1753,9606,3,4,3,2143,83,39461.506,45,26.1652,649
346,a7fed2995e7c1830b2bb957162a52a864839b758,0,0,0,2015-04-30 21:43:53,4496,9293,5.6616,13789,85,36,13,20,11,33073.0545,33,27.8651,63673
332,f5f59123769a0aa71d07b22518367d35c481d711,0,0,0,2015-05-01 19:26:46,4496,100,0.0612,4596,85,36,13,35,1,19668.2773,51,36.9826,63673
343,9b6f55bdec6d9b7c08d7cae267b2fefbf60d7afc,0,1,0,2015-05-01 19:46:57,4496,51,1.317,4547,3,3,2,2158,86,29205.8196,2862,11.599,63673
354,a11bc78656dd4740960c0a1eb6265f910337a16b,0,1,0,2015-05-01 21:52:47,4496,46,0.5701,4542,2,2,2,2117,84,46147.6966,126,70.0529,140
334,253ce00a64a59210b5a6bffc4999ce23921d73c5,0,0,0,2015-05-02 23:47:36,4496,9293,0.0648,13789,2,36,1,50,14,35963.199,416,211.3488,2605
335,6f1e38cc2d037017b1fdfdca0fbcfc63f830577c,0,0,0,2015-05-03 01:02:40,58,125,5.6616,183,3,2,1,60,15,21754.8161,370,214.522,2639
353,e6f027979a3ec4221438bd2a21db8053cb3c1ad7,0,0,0,2015-05-04 16:42:10,113,50,0.081,163,2,2,2,2115,85,45520.0343,36,21.3073,338
347,ebd05ddbe1fca8c70e9790628c0cce47327e4708,0,1,0,2015-05-04 18:12:53,52,9293,5.6616,9345,85,36,1,60,14,56403.4401,44,24.3574,63673
349,1a0262f2472450821178a4b61c0c1ecb0193f888,0,0,0,2015-05-04 18:36:25,4496,98,5.6616,4594,85,36,13,3067,1,19324.3218,95,115.7117,63673
350,1dea6b0201545c16d4b29af51ce1bb5e77fc02d2,0,0,0,2015-05-04 18:38:53,4496,86,1.0586,4582,1,2,2,186,26,36952.0309,140,119.4238,820
345,2096bcefd510fd1e41f0b6a172805547ed06e9d4,0,0,0,2015-05-05 01:58:52,4496,71,0.0283,4567,1,36,1,16,4,14992.5282,378,214.4164,63673
359,4c7c5be798e2a7d1e72d086bc5011242ea0173dc,0,1,0,2015-05-05 17:45:09,72,233,2.2402,305,6,5,2,2423,82,34221.9112,2862,31.0922,63673
314,8f4c43db021c75a8d790f0fa2f93282952fffb71,0,0,0,2015-05-06 02:01:15,45,104,5.6616,149,2,36,1,3067,3,36086.2085,414,195.9736,1358
348,4dbe1e0c72763a2eeda66bee2f11487034566108,0,0,0,2015-05-06 16:20:28,4496,9293,0.0609,13789,2,1,1,3067,4,9203.2126,147,92.3186,63673
352,aa811c393653e92212458ef147a675f396f53173,0,0,0,2015-05-06 16:24:56,72,1141,5.6616,1213,3,2,2,355,34,50948.151,177,123.2674,977
357,a3e041848bd6410f0627dce52725811602fd579f,0,0,0,2015-05-06 16:51:48,922,107,1.5416,1029,2,3,13,38,94,65506.7681,94,87.7282,691
351,c31aef689f456533c6baf96514e2bb3445ecec07,0,0,0,2015-05-06 17:23:04,24,9293,5.6616,9317,2,36,1,36,7,5471.9686,405,193.5645,2112
355,ce3ce44a5379f7de162b059fb99641fc4e6a344a,0,0,0,2015-05-06 22:22:20,4496,110,5.6616,4606,85,1,13,3067,5,73307.173,54,31.0689,63673
366,5012463b60e31c78a5a2af5e0ca78b64e4dc38a6,0,0,0,2015-05-07 09:09:15,4496,9293,0.7249,13789,4,2,2,2548,88,3024.8203,146,49.3845,946
360,b14236f946337cab5f78407253bd296a6f3fbb22,0,0,0,2015-05-07 10:24:50,16,9293,0.829,9309,2,2,2,2153,84,24196.9708,108,108.2201,182
370,917068dcbfb9909b5f1695dc18e9a7b250264b42,0,0,0,2015-05-07 11:56:51,43,76,0.9668,119,2,2,2,2140,85,32783.166,119,66.9188,778
369,4047dd1213ed99b3d7bec253b551b4cae911990a,0,0,0,2015-05-07 19:15:51,6,49,0.1607,55,1,2,2,2152,84,42721.1636,588,204.9006,1437
374,9e9846e73d2e9c702c8652d9e8744de31923ef6d,0,1,1,2015-05-07 20:22:56,8,9293,0.8755,9301,2,3,2,2541,89,16238.3716,72,25.6069,63673
368,93478ab46c88d6fd198db67ed3ba25251cc30c8c,0,1,0,2015-05-08 18:10:06,56,126,1.9406,182,5,4,2,2539,87,57948.0804,90,76.5949,1221
364,b66475c4e0b7eb39e0225bbb69a67eff6e6405f8,0,0,0,2015-05-08 19:58:54,4496,45,0.0573,4541,2,36,1,3067,1,5882.7715,417,192.095,63673
365,def6b5fa19c27d74bc69710b4e26d74dde9dd609,0,0,0,2015-05-08 20:08:36,4496,72,5.6616,4568,2,36,1,24,2,1181.1794,373,193.0779,63673
387,40a7e8606eed7664de07653eb962cee3fa77d72b,0,1,1,2015-05-08 20:40:36,85,99,1.1075,184,3,4,3,2118,83,27961.2877,70,25.6096,63673
356,6cb19216f84454c521e2b99c41b517ccdfd0bb40,0,0,0,2015-05-09 01:32:06,4496,9293,5.6616,13789,85,1,13,20,2,13827.798,406,192.6225,2270
371,16bf51211594fada8115ca70e3731aa3d4440191,0,0,0,2015-05-09 21:08:27,44,9293,5.6616,9337,2,36,13,3067,4,69919.2811,371,214.1084,2233
382,ed0026fed868dff61601a073b649ed8b9d5e6311,0,0,0,2015-05-12 02:39:48,4496,9293,0.049,13789,2,1,1,3067,4,76008.3864,2862,25.0021,63673
377,116de2bee5920bc6842300a3f686d88f443b281d,0,0,1,2015-05-12 10:49:03,56,9293,0.35,9349,2,36,13,3067,4,41942.9067,10,28.5343,63673
367,37d81b9dcb08dd8c16a560591f46481b5d316841,0,0,0,2015-05-12 10:49:03,49,49,0.3011,98,2,1,13,3067,3,42853.0941,10,27.7238,335
381,86c9c00e98a1867deff3b8acc883d224b532197b,0,0,0,2015-05-12 15:26:24,72,9293,0.0379,9365,85,1,1,3067,4,8275.6281,2862,13.4447,515
301,d306144282595be6818fa386a3fbb4aece040884,0,1,1,2015-05-12 19:12:07,4496,72,0.4056,4568,3,2,2,2174,85,6071.064,131,57.1514,79
385,33cf701d1d6b8112b66d02416224bb782e48b287,0,0,0,2015-05-12 19:38:02,4496,9293,5.6616,13789,85,36,1,384,30,78477.3807,634,206.996,2208
400,ea1d1614211b01d86d440dce8fe1a60a0bc3c7c1,0,0,0,2015-05-12 22:41:07,54,9293,0.9606,9347,1,2,1,363,23,41957.7639,270,121.3974,305
386,4012134f6e03b61bbf5ce64cc456cf7592675d67,0,0,0,2015-05-12 23:38:48,4496,9293,0.1463,13789,3,3,2,2218,84,16585.3462,634,195.8095,2798
393,9f7ab09f733659c94e918db03d72e6a860d654b4,0,1,1,2015-05-13 14:04:41,207,338,1.7411,545,12,7,3,2518,84,65092.5111,223,33.5381,63673
389,e379f978b6b00f4dc7c2b37a8bda6cdc52d32b8a,0,1,0,2015-05-13 15:29:58,161,9293,1.3179,9454,7,3,2,2367,86,42319.644,591,201.166,1354
391,b7be1980b1b41731f27433cd80743ec76b4beab1,0,1,1,2015-05-13 17:38:26,179,116,1.6575,295,8,3,2,45,9,71095.7396,82,23.1821,63673
390,2b3bcb710ceff44ffce40b0d586805a9267c896b,0,0,0,2015-05-14 01:55:26,4496,9293,0.0328,13789,85,1,13,123,22,28978.2492,418,191.5317,2390
401,f4ec535db47234a2cdcadabf5c4f98d8e85d9ee2,0,0,0,2015-05-14 14:20:25,4496,90,0.0564,4586,2,1,13,276,15,14161.2694,226,94.4065,394
375,68722e7e594d228b4bf14c8cd8cbee19b50835ec,0,1,0,2015-05-14 14:23:15,362,309,2.0257,671,14,9,4,2416,87,33309.6488,62,40.3654,1572
397,6288dd9d2388e13fbaabb7bcbfc5a97bff5feb37,0,0,0,2015-05-14 17:58:30,4496,9293,5.6616,13789,85,36,13,32,5,8835.2378,36,45.0344,63673
392,01087489ed5484a2f7c5e7d55e8adb8bcf51b7a7,0,1,1,2015-05-15 00:07:05,133,77,1.4991,210,4,3,13,17,12,27516.2362,168,74.3231,35
380,bdbc61ff722db1ad7a0803ba82024345adb17f2a,0,0,0,2015-05-15 05:56:19,48,89,1.0446,137,3,2,2,2234,83,59772.1715,123,53.2671,63673
395,81b0acb2a9a67dd122087a00d2ec70e2b48b0a38,0,0,1,2015-05-15 11:12:58,4496,108,0.0635,4604,85,36,1,3067,5,70424.3322,2862,1267.3333,63673
405,35a945e2bf04437db0201c942000bdb98ef4ddef,0,1,0,2015-05-15 14:43:57,368,553,3.5599,921,22,9,6,2440,81,47005.2165,2862,1267.3333,63673
420,7d6a60ddd0e156f6028c05d97fa9179f86fe02ee,0,1,1,2015-05-15 16:19:23,90,104,0.6629,194,4,3,3,2577,86,31566.8699,73,119.2876,63673
412,8704006bfa75a78cb904e35662e4c8bafc1f2330,0,1,0,2015-05-17 12:50:03,1459,1411,3.975,2870,63,18,2,2810,93,25668.0849,296,15.5394,63673
408,a61cc887758487d7d7b9f8d7173a8864cca703e0,0,0,0,2015-05-17 22:58:36,40,9293,0.023,9333,85,36,1,22,4,83914.1672,366,195.5333,1463
406,7af9c6ac88278d34202fea922606905b326f7811,0,0,0,2015-05-18 19:18:24,183,135,0.4458,318,3,2,2,57,3,67589.4664,75,16.4631,63673
379,59b8e171e91e4d714acac5ec195f40158e2e2971,0,1,0,2015-05-19 08:31:48,0,9293,0.0147,9293,1,1,13,16,6,61279.6978,728,229.2923,2465
403,be9eff573342cd4993eb4fc8ee694dc885e8a8e4,0,1,1,2015-05-19 13:26:27,4496,9293,2.9662,13789,12,5,3,3004,88,62132.0607,126,1267.3333,1795
423,2248780eae46d98be8a9414d3e833fb6c16c7137,0,0,0,2015-05-19 14:12:53,24,9293,0.7639,9317,1,2,2,2184,83,34616.0018,2862,23.518,63673
409,52dc63b6c75ca3f68e4c90dc76f8e1cc65690fb5,0,1,0,2015-05-19 16:36:38,4496,332,3.7278,4828,13,4,2,2243,91,38329.0516,121,1267.3333,63673
431,2b1e6aba405002ce86d5badf4223de9751bf867d,0,0,0,2015-05-19 20:23:31,53,121,0.4035,174,3,2,2,2239,85,37158.7255,648,198.5765,940
415,66772b7ab5396f373a77c8f9a02e14aad5669065,0,0,0,2015-05-19 21:16:10,44,9293,0.0735,9337,85,36,1,3067,94,63308.6471,4,39.4391,518
416,0088e5f1e85bd344cbbc7f7ab2200b238fc855c4,0,0,0,2015-05-19 21:16:10,4496,9293,0.0766,13789,2,1,1,3067,94,63343.1854,53,7.9456,607
427,6eea3ea395957d1e799952de3423cc29fd469e3e,0,1,1,2015-05-19 21:47:46,77,151,1.7036,228,6,4,3,2142,85,18034.52,5,19.0659,63673
425,4362e71e55295067fd8de3a3206e0ff179bfcaf9,0,0,0,2015-05-22 15:48:45,39,9293,0.0579,9332,2,36,13,186,25,1733.7255,20,22.0775,63673
428,744db701467e42cf19f9251d942fd9e3a4af2dd0,0,0,0,2015-05-22 18:40:25,21,49,5.6616,70,85,1,1,26,8,86211.9905,68,31.2124,350
410,dc35dc92214b1886550e949b199927eb0cb3c396,0,0,0,2015-05-23 21:24:31,41,70,0.0254,111,2,36,1,36,5,2666.2137,375,196.1213,1299
422,20257310ba16da954609481ef9b0a6d53f548e8a,0,0,0,2015-05-23 21:29:47,47,9293,5.6616,9340,85,1,1,3067,4,86384.0,407,209.5981,1542
437,9b10928c159317160fb3049727679a48232b6041,0,1,1,2015-05-25 16:26:56,14,9293,0.8376,9307,4,3,3,2214,83,46168.2076,688,243.8369,4097
433,7f383006f575577b64f61013d3bbee7570e0a7a0,0,0,0,2015-05-25 21:09:05,22,9293,0.0295,9315,85,1,1,44,7,5889.5347,413,210.107,2220
418,5a571c6291678d7f92c120d1f9b366374e51c07d,0,0,0,2015-05-26 04:42:58,39,100,5.6616,139,85,36,1,4,16,46522.5775,419,212.378,1313
429,d85bf4a02ea5e36ada901d2c60f9da029975e341,0,0,0,2015-05-26 04:57:04,4496,82,0.0476,4578,85,36,13,60,14,1424.5471,368,211.9266,1482
434,f3ca3686d669c6423384dc8be2b896b1d252f851,0,0,0,2015-05-26 05:14:01,4496,51,5.6616,4547,2,36,13,57,15,377.5425,412,209.6908,2371
435,2385dc2d912391190d4f834bd43f6c1fdf368e4d,0,1,1,2015-05-26 15:50:41,125,435,1.1605,560,7,9,4,2373,89,49638.4015,64,90.1982,2236
440,248ea0b3459eed6283418c63c467f5bf4e487206,0,0,0,2015-05-26 16:45:54,36,57,0.0184,93,1,1,13,3067,3,83755.412,33,28.839,63673
449,eaeabffc8e0153922fda9b3d5f79abfd8dc1c119,0,1,1,2015-05-28 13:48:48,120,142,1.1153,262,5,4,3,2261,84,9347.74,136,67.7032,1272
442,f1662b1479c64213c06ac921631f7e1186619698,0,0,0,2015-05-28 15:37:58,18,29,0.0183,47,1,36,13,57,13,61702.9816,50,41.7719,63673
447,f55a4f451227564d01bda77620a28d848a219f16,0,0,0,2015-05-29 01:25:11,42,68,2.1583,110,6,3,13,37,12,21528.1425,422,221.2227,2701
445,48c25ba2e6595331191b8bdb7787bf8a593d8607,0,0,0,2015-05-29 02:34:00,4496,9293,0.0671,13789,85,36,1,53,5,38029.239,427,212.1628,2375
417,1352ebd61d2b0949baa9cfb6132985cbfcb58fca,0,0,0,2015-05-29 17:07:59,738,64,1.1334,802,4,2,2,168,24,48960.4716,2,33.1844,628
446,06e742fc7ff531de4d3a6d17ec916a519182b671,0,0,0,2015-05-29 17:35:17,4496,29,0.0229,4525,85,36,1,104,16,5947.1814,15,1267.3333,63673
441,842f1509d46bf068abca1e064f23454892347e60,0,1,1,2015-06-01 13:36:17,12,9293,1.8568,9305,9,5,2,97,16,42417.2732,71,74.4596,63673
453,23d7a558ee824a22d382e1b645814638a2cd2985,0,0,0,2015-06-02 13:42:28,82,204,0.3006,286,2,2,2,2618,87,42319.8718,583,237.9562,602
439,8fcb620d95e913d58a8bf072be8b8a7f6630497e,0,0,1,2015-06-02 14:42:50,26,9293,5.6616,9319,85,36,13,85,8,11345.127,2862,23.3011,716
451,6250065089b80d02d54908212d2b5f45037720f2,0,1,0,2015-06-02 17:11:45,4496,9293,0.3815,13789,1,2,2,2515,86,33155.9722,85,118.8456,1225
455,b9a89a3accbf804807ef2887b37e50e7b89f0044,0,1,1,2015-06-02 17:11:45,4496,116,0.3679,4612,85,3,2,2516,84,35556.9071,77,86.0822,1409
454,99da210229b9ddab8ce46d0664c46fe92282c6e3,0,1,0,2015-06-03 12:07:21,6,9293,2.0173,9299,6,2,13,53,94,46177.8482,26,18.188,525
448,304eae3b799759d334fcc50cbc3439608e1a2647,0,0,0,2015-06-03 12:08:28,4496,9293,0.0352,13789,85,1,1,3067,8,40828.9487,140,97.4621,563
452,be3e3895863211fa79556170be1a584db71f8543,0,0,0,2015-06-03 21:47:32,43,104,0.0137,147,2,2,13,18,5,83399.2236,114,107.1269,403
459,16b02887df63ab7c4c6ced6c28225928fbe05451,0,1,0,2015-06-04 09:17:05,4496,326,1.5224,4822,13,7,6,2154,89,50708.0982,2862,69.3829,63673
462,4df4f79c563232285137ab2d506836de4e4efa1d,0,1,1,2015-06-04 14:01:23,277,9293,2.788,9570,26,4,3,2129,87,57584.5295,118,11.3924,3194
464,96677ca1252cea37cfb8f1aa51f40b095e060d3b,0,0,0,2015-06-04 15:21:09,4496,9293,0.0518,13789,2,3,2,2585,90,18072.6355,149,41.5958,1115
460,514dcd944c400a8a540962f54e16561d56496425,0,1,0,2015-06-04 15:39:15,287,9293,0.7468,9580,7,7,4,2277,82,53757.9943,192,43.393,63673
466,f32cff8e1fb69317219ffaee81b5861a54b83a1b,0,1,0,2015-06-04 17:12:35,560,9293,2.0587,9853,6,3,3,2280,82,33782.9589,69,47.4049,1343
457,4a61ca6878c0895486fe84c075708da0514a2a5e,0,0,0,2015-06-05 09:11:01,4496,9293,5.6616,13789,2,1,13,721,32,49034.9259,140,73.8792,1169
472,76cbddebc7c8cd8bc944c0631cce326da9396a90,0,0,0,2015-06-05 09:32:42,4496,9293,0.7874,13789,1,2,2,2196,85,67890.2011,4,16.0565,63673
465,706b3b80453de38fb5518bba447cffef9eef164f,0,0,0,2015-06-05 11:01:03,39,88,0.0416,127,2,36,1,3067,1,7438.7081,133,51.817,63673
469,8e4a6b7e5c86a0ef97f743113674819fbb6add15,0,0,0,2015-06-05 14:04:27,4496,49,0.0193,4545,1,36,13,14,5,37969.6827,60,43.5718,431
456,44c7bdec9ad2085db1c99230e49adfbd8eb2e0c9,0,0,0,2015-06-05 17:02:20,17,9293,0.0076,9310,85,1,1,29,12,1566.0303,31,24.965,63673
463,8462377f3e094559906c26dfecb54b6c74c8a740,0,0,0,2015-06-06 01:51:41,70,9293,0.0702,9363,2,1,13,384,30,3.0,416,217.6679,2473
467,26bd5124efbc08a657e703b3f9776d9fd6ba6c22,0,1,1,2015-06-06 06:59:29,4496,9293,0.0427,13789,2,3,2,169,26,32092.3459,21,1267.3333,63673
471,99a84bcafa215ae99b84b28a916764bb48512161,0,0,0,2015-06-07 11:46:48,4496,9293,1.9838,13789,5,2,13,3067,3,84283.0638,2862,1267.3333,63673
480,446e2537895c15b404a74107069a12f3fc404b15,0,1,0,2015-06-08 19:41:28,313,4038,1.3664,4351,7,2,5,2298,83,19394.9561,158,48.8016,63673
484,79a9d437442c37b1cf49700ce1d618d25cab8a52,0,1,1,2015-06-09 07:39:31,62,9293,0.3517,9355,4,3,2,2578,84,61058.1448,122,52.2855,1138
476,cab33a60957525854238c61f9360ba58d04d318b,0,0,1,2015-06-09 21:20:54,4496,86,0.2956,4582,3,2,2,2628,88,51486.1262,176,50.1867,119
474,d1dd3ce721dcc0a5175740e6510361595a16328e,0,0,0,2015-06-10 00:53:06,4496,116,0.9859,4612,3,2,13,3067,5,77147.0279,418,191.7893,2484
479,622e001c93c311afbdf9239db477738077b031a2,0,0,0,2015-06-11 04:28:37,4496,9293,0.0423,13789,85,36,13,17,4,3.0,373,211.4705,2311
470,b1abcd048e3780f11256e455e6024dcf05887f71,0,0,0,2015-06-12 10:58:42,4496,9293,0.0407,13789,1,1,1,42,9,6081.0295,132,108.505,63673
485,452d6a445a6935d3e7d0e0fdf59e87d2a2ff95e7,0,1,0,2015-06-15 08:49:03,145,117,1.7341,262,6,5,3,2276,86,26750.1095,69,40.7931,936
483,17d43fa55eca29be492a716f04d9ceff1989762d,0,1,1,2015-06-15 15:55:04,41,62,0.1977,103,2,2,2,2211,84,66005.8226,2862,8.2156,156
486,1491a40b7b4ea2723bcf22d870ee514b47ea901b,0,1,0,2015-06-15 18:31:03,527,9293,2.6522,9820,12,5,4,2314,81,50468.788,87,1267.3333,2472
489,ec52e77ecde749e7c5a483b26cbd8041f2a5a33c,0,1,0,2015-06-16 15:28:52,73,165,1.3511,238,5,4,2,2685,86,53185.9441,165,115.2905,63673
487,5ea5949f9870c2d1fbd8176c16b11daf12c74ea7,0,0,0,2015-06-17 03:29:18,33,67,0.0629,100,85,36,1,61,5,40933.1756,365,213.1514,2409
478,5786b3204d6da352124338c0130451e27dd056b0,0,1,0,2015-06-17 08:58:41,104,9293,1.2018,9397,5,3,2,31,5,45559.3604,145,112.4359,853
473,4c4c4327a2f7653b27dd89a9a1f1ae024d7c76be,0,0,0,2015-06-18 02:23:23,4496,9293,0.0402,13789,85,36,13,38,2,28756.282,368,216.6872,1303
491,42ea6e1f3751845bd0d1326ab789a53a20783a53,0,0,1,2015-06-18 18:43:44,33,67,0.7868,100,2,2,2,2290,83,46574.2693,31,24.8293,63673
493,f778c1f88f4deb075b383f3a8b24ef279585bd32,0,0,0,2015-06-19 17:18:44,20,40,0.746,60,2,2,2,2217,84,21327.1776,96,64.1456,499
496,2deb68ede4b1eaf45eddaeb15e3af704daa1bbff,0,0,1,2015-06-22 07:55:05,4496,46,0.4116,4542,2,2,2,2183,85,18517.5088,111,63.5479,21
488,3504a50bb4bd93edeb2941dccd9444d53a85a1ed,0,1,1,2015-06-22 13:18:39,4496,9293,1.7795,13789,6,4,3,2748,87,57952.1841,2862,23.4831,63673
498,d6312c5f4d6b1dbc16518becef1b7a785cea73b3,0,1,0,2015-06-22 15:19:20,187,181,1.9034,368,8,4,4,2168,82,19820.3145,2862,62.1667,1492
501,d6d32d26ffd9aa17aa991c8c003e53632e5ba1c0,0,1,0,2015-06-22 21:27:08,37,9293,2.044,9330,8,6,4,2960,92,19299.1968,2862,43.3486,63673
499,9a3fa887cfa03c082f249d1d4003d87c14ba5d24,0,1,0,2015-06-23 11:03:45,2296,593,1.919,2889,29,17,3,2718,94,44585.1934,212,61.24,3801
505,3caf0e02970b8da90d154d81d769662057d7c772,0,1,1,2015-06-23 23:13:55,4496,9293,0.852,13789,3,3,2,2591,84,46662.1937,91,87.0779,816
504,c8d3cc1493a0ca47fa34e88d9a113440611dce3b,0,1,0,2015-06-24 06:09:52,600,9293,1.7656,9893,6,3,3,2328,88,47624.6957,2862,2.6381,1461
497,cb062839ff2480dd868a82ec37e54d502e82fc0d,0,1,0,2015-06-24 11:07:56,49,9293,2.3043,9342,7,6,2,42,17,45125.1849,32,1267.3333,63673
494,7392fb96dbe4d1d9d70a691b721c1bb7b359dd78,0,0,0,2015-06-24 15:07:28,4496,75,5.6616,4571,85,1,13,23,4,64636.0065,135,96.7171,824
500,a384faaa8aa2c5f0f313011a30ef64e7e795ab1e,0,1,0,2015-06-24 16:47:59,439,292,1.7181,731,10,5,2,3067,17,45010.3575,2862,1267.3333,63673
508,fe65707f09dd2c17cc6339407c689b42ac487256,0,1,0,2015-06-25 10:50:39,85,116,1.9604,201,6,4,2,2496,86,7405.3602,787,207.4676,2326
509,c233270643d0a887dc84ae90573176eb52f8ca93,0,1,1,2015-06-26 17:25:05,4496,74,1.049,4570,3,3,3,2183,83,57530.9087,2862,1.828,559
518,fae9d3beac5b64bb9d16a412c4db1734f838b631,0,1,1,2015-06-30 09:12:56,4496,9293,1.6686,13789,4,4,3,2518,84,15273.23,53,32.8289,628
513,c1e7643aa6c1a02e79104e86dfe1c4fee22bd0a8,0,1,1,2015-06-30 11:32:10,91,9293,0.1996,9384,3,2,2,136,22,41766.2387,722,235.0692,2965
514,b6dd6b48dba7baa82bed9a7b8514e18bd8b3b942,0,0,0,2015-06-30 12:21:36,55,168,5.6616,223,1,2,13,40,2,7158.8803,156,93.1628,63673
