Unnamed: 0,commit_id,tcmt,bugcount,fixcount,author_date,la,ld,ent,churn,nf,nd,ns,nuc,ndev,age,aexp,arexp,asexp
6496,cf56f8f3acbeac0ddff9ee3131ad7abe2a919ba3,0,1,0,2009-03-02 23:34:21,6988,144,0.0345,7132,6,2,2,2957,91,4721.0,24,3.7907,235
6494,e90036f6e1b2c799bef4842f69a0df9ee5b08ec9,0,0,0,2009-03-18 06:10:48,371,93,1.1093,464,31,2,5,2564,10,14868.3164,69,206.5,170
6497,16f30f16749fe4f75c94b17aa4a4b63df4ddb825,0,0,0,2009-03-19 19:48:21,90,120,1.0959,210,8,1,7,2376,89,54915.902,31,19.8542,191
6498,283f3a08755f0f1d121c87a25ee7679b64d35d8b,0,0,0,2009-03-20 17:27:03,1006,0,0.2987,1006,12,7,2,2576,90,80236.4452,333,1267.3333,6587
6500,5bea7e1772e9fd042b10abebb1e0c78579942b26,0,0,0,2009-03-20 19:44:16,90,44,1.1292,134,5,10,1,2376,89,67638.8779,41,39.5,2310
6502,ff2cf35afff5a0735b1f6410f44a2a59cb7a5ca9,0,0,0,2009-03-20 19:49:11,968,21,0.1148,989,3,1,2,0,0,76928.8683,2862,1267.3333,46227
6508,0237abc7659b9897f5bd90527de38c0a2fba2e54,0,0,0,2009-03-20 19:50:59,144,29,0.0,173,4,3,2,21,5,86281.0,2862,42.5816,776
6510,01b415a15d4b6548d15ec9539dc40bc791e0a1f0,0,0,0,2009-03-20 21:04:02,327,48,0.1231,375,2,1,1,234,9,47800.0549,389,98.7894,3746
6516,5506a44d0a1e04a3d471b43dcf00b21608edd50f,0,0,0,2009-03-22 18:46:02,16,3,0.0326,19,1,1,1,0,0,65587.7625,2862,1267.3333,1753
6519,74dcfb263ca695534ec631d8cf11f909e54a9765,0,0,0,2009-03-24 21:55:31,106,724,4.2625,830,58,10,1,130,5,74612.7844,391,20.3136,2310
6518,c25dae0a2f5292661dcd90dd5ca68cd6cbaed3ed,0,0,0,2009-03-24 22:09:21,44,5,1.4801,49,3,2,1,0,0,78781.8918,61,1267.3333,46227
6521,af47dc8476a6e4e4856476e4acff1ac8321a6a39,0,0,0,2009-03-25 05:25:23,344,214,4.4362,558,3,1,1,1356,4,24778.8231,92,46.3517,1852
6503,c08117f4cd496c2203aa01c7a3c66f7a39d1f3f9,0,0,0,2009-03-27 02:18:28,59,0,1.9094,59,6,3,1,3,4,3480.8213,2520,489.1846,40173
6517,76bc3cc8380dfdcad05348cf87af492f1a4a2206,0,0,0,2009-03-27 02:18:39,63,655,1.7005,718,5,2,4,1888,85,77790.0,80,594.8986,50065
6522,e9e08ff6b572c851ecfcfe49bc63de43dfe3ed04,0,0,0,2009-03-27 02:18:54,10,4,0.1165,14,2,1,1,18,59,85337.0,6,656.3913,6
6523,39d3f833f9c4e154eb157336f5e7b2a1ce9a79a3,0,0,0,2009-03-27 02:19:01,349,72,1.258,421,4,11,1,2603,7,85645.5,2862,671.0517,42984
6501,fe825730bfae8f619247605ea0027a9c195c45fd,0,0,0,2009-03-27 02:19:06,19,12,0.7877,31,1,1,1,0,0,78504.0,2744,641.4356,44887
6520,8f56a96a699050c7cd0a29973d36a9c62166321f,0,0,0,2009-03-27 02:19:30,614,15,1.1354,629,3,2,3,2177,2,6224.8056,2739,722.5303,44269
6524,def1edd1fe90a4a9c9eef4ef26f422ba3a21d28f,0,0,0,2009-03-27 02:19:35,83,76,0.9328,159,2,1,2,154,89,83068.0,1,567.5713,49899
6506,22c52627201873086c38ee020838f0ed4e96f843,0,0,0,2009-03-27 02:19:40,32,465,0.0811,497,25,14,1,71,89,85689.0,2819,649.4965,3040
6512,07c2d3c29dd4ef87ae0a0299a711565bfb7c30b0,0,0,0,2009-03-27 02:19:45,18,17,0.9758,35,2,1,2,59,3,6737.9764,1,709.2462,48156
6525,a9c09a85922e9962f7b7f9bb362d9f56e1e8e673,0,0,0,2009-03-27 02:19:51,347,41,0.6868,388,4,11,4,94,91,5752.698,2862,616.6762,48588
6499,ce8a73f2be0406f954f39aa6f6e20863e99e5461,0,0,0,2009-03-27 02:19:56,614,15,2.0677,629,2,2,1,2177,5,11216.5573,1,727.8148,47766
6306,66dee7aaab26556561614ab056469ade85de5ebd,0,0,0,2009-03-27 02:20:08,836,541,1.8147,1377,9,3,6,2581,85,67970.5,2613,744.1014,52055
6511,a996c8214baa4fa886071a24b8058ed1ca284686,0,0,0,2009-03-27 02:43:46,0,263,2.7517,263,22,1,1,5,16,18490.1455,20,938.1728,6
6303,2aa0bba0d5c56289ba6ce7969d267a58e3b3e074,0,0,0,2009-03-27 02:43:57,43,29,0.2566,72,7,1,1,3,23,11922.8491,2454,583.5295,40086
6308,4cff66a0eebd138271f3fa5f23fae3df07a7adf7,0,0,0,2009-03-27 02:44:05,85,401,0.097,486,3,2,2,308,20,22700.8967,1,531.1049,54921
6307,ad1cc13f5613ae4b6bb07c1367750ecbf29e0477,0,0,0,2009-03-27 02:44:10,6781,950,1.0897,7731,9,2,1,2603,91,11773.756,2862,616.6762,43389
6312,20e081f2901384f0786a56fb21a181033aa8e839,0,0,0,2009-03-27 02:44:20,312,906,2.5177,1218,22,6,3,54,25,86354.0,1,771.3195,3
6316,dd61d5119d951d94da28256e5482d580a0685030,0,0,0,2009-03-27 02:44:44,358,887,3.8493,1245,34,11,3,141,32,69906.4286,2777,598.2371,52485
6311,bf684eea956dbbbf7a35ef3deca8b4462b139136,0,0,0,2009-03-27 02:44:49,510,90,1.0044,600,6,2,1,2342,5,1761.314,2862,656.1411,47702
6317,4c194aa8d14cc8b473939d3496cd576c4cb397e7,0,0,0,2009-03-27 02:44:57,383,48,2.3567,431,14,6,4,1415,86,194.7077,2862,696.0732,54130
6318,09bc045e2674e91f57d3244b1aaeae0c1cd2c6f5,0,0,0,2009-03-27 02:45:02,264,2191,2.0,2455,4,1,1,31,3,4164.8365,16,635.5615,18
6321,76f33027535a192ab2d76ac1f01a5a8829c845af,0,0,0,2009-03-27 02:45:12,21,2191,2.0,2212,4,1,1,629,3,85937.0,2723,635.1702,18
6309,1866e3802bb16dd582cf5a95bc41bb13e808a0ba,0,0,0,2009-03-27 02:45:18,27,114,1.8299,141,3,1,2,115,10,2977.7583,2516,592.2032,53345
6313,2249a6a745f63873b89b2bc8d70df4d185d99298,0,0,0,2009-03-27 02:45:21,9,11,0.0308,20,3,1,1,0,0,7731.3654,2803,704.8457,44922
6322,6c189f73d70f641d7bfc01eb3f0414c0fd1039a8,0,0,0,2009-03-27 03:34:34,10,3,0.0,13,1,1,1,126,6,6667.5869,2722,764.1649,5625
6319,2b27a9faded31d3315cf835e2e476227ee5c3029,0,0,0,2009-03-27 05:20:50,251,68,2.7209,319,2,2,5,2485,6,14545.5726,2862,1267.3333,59494
6315,d19877f286c734ca3edcea292e2371a8077329dc,0,0,0,2009-03-27 05:21:26,422,1102,1.3271,1524,31,14,5,302,12,17647.4086,613,206.5,170
6320,f5d1a1289c88dcefd226e9ffcca2a1cd2d145892,0,0,0,2009-03-27 05:34:11,336,0,0.0,336,1,1,1,0,0,32668.038,282,196.0012,46227
6314,52062900caf861e237355c297709976036c70404,0,0,0,2009-03-27 05:40:42,172,197,2.2544,369,6,1,1,2230,90,16356.1713,2862,1267.3333,3191
6323,1cc4294d349e4d24c8a0894e3b4748d5f3798f00,0,0,0,2009-03-27 05:41:59,1037,496,2.2468,1533,16,3,2,222,22,17311.6429,203,130.9253,56836
6333,bd884e4d986ebfa5568a431abc55813a6a903bb5,0,0,0,2009-03-27 06:45:19,1854,949,3.0632,2803,27,13,1,469,44,28011.2603,102,40.7374,101
6328,d3e63d19aab783a6b2aeb9f7f50cf4775f5e4e43,0,0,0,2009-03-27 16:08:53,266,7,4.4362,273,47,15,1,51,59,55135.4446,197,65.2832,46227
6334,0b6c661e42689e5c161b1663296ae06db6afeb77,0,0,0,2009-03-27 16:17:32,6988,1672,0.2328,8660,2,14,8,2957,5,56022.2085,18,18.3268,75
6325,574f8b563d650e0a320fc4a62ea32982e40a3099,0,0,0,2009-03-27 16:31:41,938,47,2.5391,985,11,3,1,107,88,43297.7931,2696,744.5103,42232
6340,2f8268cd099ce32a8a6cdeb9e0518902d1315026,0,0,0,2009-03-27 16:33:02,396,1096,2.0497,1492,2,3,6,2342,91,48643.1896,2862,644.3022,48587
6336,6ba824e430086ae2ad6e120f066c439e1770bf68,0,0,0,2009-03-27 16:34:15,477,35,3.3874,512,3,1,1,102,91,45720.5922,2862,632.3719,49718
6332,4cb9bf678fdf672c6a2dab2e09c75103ea50ba4c,0,0,0,2009-03-27 16:35:49,13,9,4.4362,22,2,15,1,27,4,34013.0642,2799,648.1232,6
6339,4945acd35a275519556da05cf06b2854e37b792d,0,0,0,2009-03-27 16:36:05,97,93,1.4864,190,1,1,1,2297,10,302.497,80,749.8046,40526
6343,9049d5919dfcfca6a536caa9007172d01a2730b4,0,0,0,2009-03-27 16:36:36,707,45,3.3874,752,40,2,1,2342,91,55313.5034,2862,641.3706,48959
6324,2ee9f9e44a2e3b642f9502516ca45b211d39d3df,0,0,0,2009-03-27 16:37:00,6781,950,1.4142,7731,4,2,1,54,4,31137.322,2862,616.6762,44081
6338,21c1d6b9c7c72ed6d75cc0b3203a3c651ae3af6b,0,0,0,2009-03-27 16:37:17,77,95,0.7997,172,2,4,3,2,1,22643.8234,2756,635.5501,48993
6345,c139871286d9a5858aec0f6e14db70379a5ced62,0,0,0,2009-03-27 16:38:09,2,17,2.914,19,8,1,1,4,1,49999.0952,2765,689.8617,48090
6326,340cdf4670686cd847958425bf8a5f0a253a646e,0,0,0,2009-03-27 16:38:34,461,46,0.9218,507,2,7,1,94,89,22607.4924,1,718.3475,49483
6335,c58588945c4a1f19127aeccee88924ebaa55f919,0,1,0,2009-03-27 16:38:42,20,58,0.5081,78,2,1,1,15,3,32388.7048,16,622.3746,18
6344,d20023172e9ffe50a1643642d59428522770549b,0,0,0,2009-03-27 16:38:50,8,21,0.0,29,2,2,1,1533,85,32069.3065,5,587.7735,48254
6348,fe708caa69cccecf5f373624fbf8e73a00a18983,0,0,0,2009-03-27 16:39:00,49,17,3.7384,66,25,1,4,2211,0,2351.736,734,652.2341,44881
6329,ecfe313d50e59e43edea8c12c60abf62838a3ffd,0,1,0,2009-03-27 16:39:17,0,0,2.2178,0,7,2,3,34,2,17084.2396,2541,600.7678,39933
6349,7a6f4210c0735d1cac7b0f1cd32d2bf3597cdb1a,0,0,0,2009-03-27 17:05:21,531,641,4.2732,1172,4,11,4,2603,36,45899.7494,2862,666.0771,6347
6352,7e648c89a0bbd059b9ca9b73e30e0f27549e535f,0,1,0,2009-03-27 17:06:18,5,257,2.9563,262,29,10,2,1415,86,33736.8068,2862,709.2416,54161
6337,7888174d2c33c3f8a60084d8ef78f52ea8fa3b0c,0,0,0,2009-03-27 17:06:29,419,29,0.2809,448,2,1,3,3,3,82670.0,2606,564.1906,3739
6346,63b5310b6b06ad050fa596c9efdd19224ae35e6e,0,0,0,2009-03-27 18:39:49,6781,950,1.0061,7731,4,3,2,2603,91,26215.3141,2862,671.0372,45073
6351,cbcfb44bbe9e067f9c4b50f2a3b450236a130caa,0,0,0,2009-03-29 18:18:13,8851,1096,3.3874,9947,3,2,1,2342,6,82124.5529,2862,632.2214,43234
6331,983f2cf56cbe134481162ea9bf1eb7459f5269ea,0,0,0,2009-03-29 18:18:22,1205,302,0.1725,1507,45,2,2,52,30,13055.5774,2705,732.1963,44399
6330,d24be7d5e7595513f298299450746acec1feb14a,0,0,0,2009-03-29 18:18:35,24,21,0.1669,45,5,2,2,2,18,47164.4982,2606,589.5775,52556
6342,fd95061db0069255a4539eb7801633762d3672a7,0,0,0,2009-03-29 20:01:53,344,5,4.4362,349,47,1,1,30,59,13275.9333,6,711.2847,7107
6358,69eee12505aad14377f9a46a4d00ea5e3f601788,0,0,0,2009-03-30 15:24:23,2423,0,2.2156,2423,12,1,2,38,20,48254.5893,9,835.3143,43681
6350,6931092e511fa7032bed1d8ebb97aea74ba6d345,0,0,0,2009-03-30 15:24:40,45,18,1.0908,63,2,2,2,55,2,51142.0583,9,714.8881,51628
6355,cd6f16e80996ec0ee265cd2875eb0f1d34c7b6ea,0,0,0,2009-03-31 21:36:59,11,63,0.5274,74,74,21,2,85,86,17482.0621,2862,693.8307,54395
6361,ce5e583b4b2d9fb64af55c9416e5ef1d412e742c,0,0,0,2009-03-31 22:17:20,138,37,1.0222,175,7,4,1,26,26,28275.4108,141,469.1982,42181
6354,4a6f633ec21ed7e9ec9e0dbfbb963836f1fb2290,0,0,0,2009-04-01 17:21:10,248,96,4.2732,344,30,11,1,2603,8,3.0,2862,668.4803,42453
6359,332f2c8427fd58723db6fa970144829aa15ea035,0,0,0,2009-04-01 22:23:58,10,3,4.4362,13,2,15,1,46,4,33776.5075,2820,646.0142,6
6362,c386d36a69d3abf744d4c3b1d070168f56900080,0,0,0,2009-04-02 20:14:43,4,184,0.0,188,1,1,1,20,37,83557.3622,4,603.6,44139
6367,6fc6e048a3dbdcee6a741e740243c661d053bcaa,0,0,0,2009-04-02 20:14:46,47,5,1.4801,52,1,1,2,0,0,67641.511,2,626.5406,4
6353,8ef8b192dd3ddd27fccbcbf5af4e2fb7a4f1f109,0,0,0,2009-04-02 20:14:49,6781,65,0.3122,6846,30,2,1,179,91,85645.5,2862,616.6762,43737
6366,7a24b51296a85e7565271844e744d582c4dbe1bf,0,0,0,2009-04-02 21:07:37,8851,49,1.0857,8900,4,3,1,76,5,37126.0641,2862,698.0599,44788
6375,58fce86d31cf0ada9c79c9d7b736a711227d179e,0,0,0,2009-04-02 22:29:09,18,18,0.0753,36,1,1,2,14,32,9623.1927,2,729.8554,44661
6363,cfb3115f09fcc2f016b53f7ae6331a15ef6ab27e,0,0,0,2009-04-02 22:29:14,582,30,2.2161,612,1,1,2,10,32,85642.0,2745,604.8064,49410
6369,238758b32a4ae47887844880870f9033453831d0,0,0,0,2009-04-03 21:27:34,2443,51,0.7338,2494,6,3,4,2241,89,50366.4423,2691,761.0895,41270
6372,b9bc065e3d9a81b2cb0a0063af8589b642dc00ea,0,0,0,2009-04-03 21:27:40,41,1,0.8127,42,6,1,1,3,1,57781.3823,44,480.6111,40204
6365,9cdc839ee84b3a75b858558b9e7ba04ee237f681,0,0,0,2009-04-06 15:10:07,174,977,1.0726,1151,3,1,2,174,8,71979.7947,2709,611.1913,6123
6377,960b9164e6afdb5be85ec507a171cfcaea71396b,0,0,0,2009-04-06 15:10:15,8851,1096,3.3874,9947,40,1,6,2342,91,5450.9925,2862,642.3652,44010
6368,28cf5d73305a2921b9f46a42b1975ce47be001fa,0,0,0,2009-04-06 15:10:19,607,133,0.0784,740,2,1,4,2211,4,2917.5844,734,700.1251,3040
6376,27013dad7946b12fd9d0131da9f487f9e7b4701b,0,0,0,2009-04-06 15:10:22,371,76,4.2732,447,3,11,4,114,91,84576.6385,2862,669.9726,48379
6382,49d75c4303d6f300a3303144ed14cbf51d807251,0,0,0,2009-04-06 15:10:26,89,59,0.5603,148,3,2,3,2177,89,25255.5328,2758,747.1975,48131
6385,1068ee7b0c6fe0d6b2f6272a2ff95078ae0c9304,0,0,0,2009-04-06 15:10:30,144,127,2.0,271,4,1,1,42,0,85937.0,16,716.5433,43872
6374,d1e78cbf843fe7a9e76a423fa3087e48aadbe568,0,0,0,2009-04-06 17:55:52,6781,42,1.7327,6823,7,4,1,73,6,54615.9089,2862,616.6762,47281
6384,85c9bda6532af3b40c149a83d90f8e881f6fcdeb,0,0,0,2009-04-06 17:56:01,195,198,2.809,393,8,4,4,55,50,16720.8639,80,640.8502,43938
6380,21f4bd568bc1a49588d0ec90a89c2a7c09ded600,0,0,0,2009-04-06 22:43:50,16,16,0.1481,32,1,4,3,10,2,23862.5842,9,628.5962,10265
6387,40fa7d4a669e7ef0b57423b25972e503391fca87,0,0,0,2009-04-07 16:55:30,286,907,3.1619,1193,18,4,4,184,27,65744.4277,2862,1267.3333,56602
6388,db2fdd87409bea70b01b52608923f9c9378494e8,0,0,0,2009-04-08 20:49:37,133,51,0.2483,184,2,2,1,2668,89,9433.1928,2711,603.771,49005
6381,a7d5c6506b0901716eacdf015083f171fa9851a3,0,0,0,2009-04-10 02:34:17,99,68,2.2161,167,2,2,2,15,5,34750.6762,2588,768.792,50017
6391,50c1987265f8ddaf5032a7ace07b2462aba4f09b,0,0,0,2009-04-10 19:08:27,60,781,5.8019,841,5,21,2,1415,86,45949.5677,2862,698.1187,54424
6397,a1ef3b5be5be5c35f5f2620cf3b62499f87baa98,0,0,0,2009-04-14 05:12:42,0,174,1.0086,174,4,2,2,29,4,29983.8165,2557,538.8464,46873
6379,732695503b8cdb7ea4afc8da5729cb90505caaa2,0,0,0,2009-04-14 05:12:44,11,66,0.4938,77,2,3,1,23,30,6709.967,7,741.3932,41431
6390,31e3033afd7484f69db4a9258e8e6e39e8360050,0,0,0,2009-04-14 15:47:44,2647,1498,1.1397,4145,66,26,1,166,90,47689.8948,1,715.8971,42762
6394,137a28fc07cef2467259fea5235944a2b1a69aa2,0,0,0,2009-04-14 15:47:49,37,8,0.9058,45,8,2,3,2177,6,78865.6578,1,723.117,43198
6393,a332fad07d085297ae4e4926d58456ef1f2b8fd8,0,0,0,2009-04-14 15:47:51,8851,58,1.2211,8909,2,1,6,2342,6,36561.9774,2862,646.6186,43016
6392,49b45026bda4ca112215e10c91d64ad5868025cc,0,0,0,2009-04-14 15:52:49,264,28,1.2223,292,74,21,2,1415,86,60170.466,2862,1267.3333,54396
6396,4c76970c4afdb2e6d66830f785fb6d52f7fb9775,0,0,0,2009-04-15 00:22:13,344,214,4.4362,558,2,15,1,51,3,23665.2451,6,627.8256,6522
6370,5e72feef0e2355830b7c22572d81de7e4fa07dd1,0,1,0,2009-04-15 16:28:03,0,0,0.8942,0,13,4,2,2603,91,53590.1832,2862,667.6964,54493
6378,2b4a0e426631a5899c35066e516839f6c05fba43,0,0,0,2009-04-15 20:30:43,9,50,0.2391,59,8,2,3,131,89,9655.3662,1,610.3251,49347
6398,040bfd4c2903778c27093184a99fdd367810373a,0,0,0,2009-04-16 02:09:18,144,10,0.0,154,4,1,2,50,5,77907.2264,5,625.1139,5728
6402,cb7cacfea70bdba83c3ff8406054c826a47be832,0,0,0,2009-04-16 02:09:24,14,184,0.0,198,1,1,1,586,1,35369.1944,4,652.2612,45628
6400,4ed201b99f168e7a71b7bd9236082d1ce7a1a225,0,0,0,2009-04-16 17:47:25,2172,19,0.1424,2191,7,3,2,2112,4,34454.9414,3,618.4476,49201
6404,3cf306a37fea9a45b30142cff20d144ec06f423b,0,0,0,2009-04-16 20:42:00,72,53,3.0716,125,12,2,2,2576,90,30037.1012,2774,712.3234,52089
6410,1228ec0c67892b61d4fac02db59488d9a6580f44,0,0,0,2009-04-17 01:48:31,19,18,3.7384,37,25,14,4,2211,7,22950.3879,2794,621.3664,5626
6408,20dfd0682bcd163569e8bfa87ca0b1e21278ef65,0,1,0,2009-04-17 01:48:50,188,1345,2.8506,1533,13,2,4,60,3,36831.0056,80,621.7145,48710
6403,2b0b61a7b046af305e41fe109ded48bc4b4a0b26,0,0,0,2009-04-17 01:48:58,386,81,2.0415,467,7,4,2,2603,91,15254.4089,2862,616.6762,56800
6416,3705cc4c7794696ec786576bd102b69888eb0a91,0,1,0,2009-04-17 20:08:01,134,25,2.1245,159,8,2,2,1,1,67776.2631,2681,623.8365,25
6411,fa1f80f40da0bb629c40bf09791c6c90f2608774,0,0,0,2009-04-17 20:08:10,118,71,1.3476,189,4,3,2,43,4,39138.8431,2694,597.3041,51375
6413,200d4937fa0d86bc92c17d0da27e53257198f725,0,0,0,2009-04-17 20:08:17,26,234,0.0122,260,2,2,2,34,2,7430.2458,2603,714.4696,50568
6405,04344cbb03fb4844f8aabc4b78db2f25040815d8,0,0,0,2009-04-17 20:17:05,156,121,2.2161,277,1,2,2,14,25,48673.0505,2,514.2545,1
6409,7f256c32cbc4884a6e7d3d128fa5595b67c84637,0,0,0,2009-04-17 20:17:10,231,205,0.2117,436,3,11,4,197,91,69976.359,2862,616.6762,42756
6418,674eaf5cf53d11bda1128af40f1f5342ea79e531,0,0,0,2009-04-17 20:17:11,27,234,0.0,261,8,4,3,50,2,23368.4324,9,736.4331,41462
6401,234d0895ad470c5adef3f071a01ce26efb6580b7,0,0,0,2009-04-20 16:38:32,7,72,0.0368,79,1,1,1,40,3,56695.9874,16,627.5523,44856
6419,8e72ac4f9fbb11cd6aab12f2d262743dcb394f49,0,0,0,2009-04-20 20:05:07,207,141,2.4576,348,12,4,2,2499,90,39138.8641,2765,617.571,52093
6357,657882579da9595d1797637452bf936199d3090f,0,0,0,2009-04-20 20:05:20,113,83,1.9458,196,5,1,1,12,32,3846.3367,2,861.3999,52335
6399,d14f8146676d849d669b90e15bedcf8f581059a1,0,0,0,2009-04-21 02:58:49,419,4,0.0694,423,1,2,2,4,23,29539.9418,2516,794.9904,13
6424,20748a879befa65c766ec06996d80e2ac962fb21,0,0,0,2009-04-21 03:06:01,8851,36,0.4829,8887,4,2,2,122,91,22805.0281,2862,653.9357,56958
6423,fb0e28d66484ad3e1dfc3432547f0ff0827dd138,0,0,0,2009-04-21 14:56:22,74,88,2.3661,162,56,6,3,1967,9,72701.3403,2593,773.8081,22
6429,b0dde7139adea0e0085e9c61569e7d0f86159783,0,0,0,2009-04-21 21:34:46,238,755,0.0,993,4,5,3,10,4,4470.1211,2302,804.8296,24
6412,0f7e1c30126993be023d4e0992ae32d326fe0642,0,0,0,2009-04-21 22:14:36,303,234,2.914,537,8,1,3,19,1,4527.7011,9,620.8854,43800
6426,478f0bef14fc9cf245307e18e6650b2d0d7b8c63,0,0,0,2009-04-21 22:18:08,4,10,3.1713,14,15,1,3,2079,90,7843.527,27,716.4927,48046
6427,589d72a7f9261dc084405181cf13ba804e75a88a,0,0,0,2009-04-22 18:38:41,4,14,3.1713,18,2,1,3,2079,90,7019.9058,2733,719.0394,44852
6432,9292af8860f11ae20cf3f9c57b059927c7cf3af2,0,1,0,2009-04-22 18:40:33,327,6,0.5652,333,2,1,1,2371,89,2446.104,1,628.9219,44523
6422,99451c730b8f3939a04283b4ba1c8f8bdb01518f,0,0,0,2009-04-22 18:40:36,60,11,0.1466,71,26,12,3,6,31,4253.3476,2709,609.3956,49384
6425,3c6fcf8d65edf361c72cf2606be2acca57a275b3,0,0,0,2009-04-22 22:54:14,8851,1096,0.9126,9947,40,2,2,143,6,60589.7751,2862,709.0313,58010
6433,ba7f6907f300b7ad74bd93b1ab1d61d425ab5841,0,0,0,2009-04-24 00:52:09,5,2191,2.0,2196,4,1,1,43,3,14130.1087,16,718.6545,18
6436,ef293c1a6ad591958254f8916814f9ee74cc5ffb,0,1,0,2009-04-24 17:52:25,8,2537,1.0667,2545,3,7,1,2382,21,12700.9084,12,878.2524,39338
6434,f06a9da69a4d2bd8d3ae39bcc1f844ecb2c7c0d9,0,0,0,2009-04-24 23:28:09,5551,3317,1.8977,8868,4,3,6,2581,85,42762.2166,1,731.261,48652
6430,0bf69f8cce2f708c5bbefda9a63db1caa358be1d,0,0,0,2009-04-24 23:28:24,6781,950,3.2516,7731,10,7,1,114,7,27459.6247,2862,670.9888,48964
6421,e2a4ea7f7e26489bb7c5a1ce63aecc14caf3b7d6,0,1,0,2009-04-25 15:46:19,638,396,3.5063,1034,21,4,4,107,86,11.0,2862,1267.3333,54105
6428,1453a906efa363d16c7d4385435dc4ceadca9acd,0,0,0,2009-04-25 19:13:36,403,1096,3.3874,1499,3,12,6,127,91,16013.5345,2862,635.3165,43072
6435,91afe8b6e9e9f0a808261b72c8532841b871ba45,0,0,0,2009-04-27 15:01:08,448,1096,2.3994,1544,8,4,1,2342,91,51350.9722,2862,652.5589,47854
6440,63a748ccf9ab5192456baca9dd90b4c0cf2a2038,0,0,0,2009-04-27 15:01:13,461,56,0.9218,517,2,2,3,2068,6,10683.5695,1,710.8502,43657
6431,2e9466c3052fb4411139d973b64977824e4a43be,0,0,0,2009-04-27 15:01:17,1333,147,0.9092,1480,3,1,5,35,3,14928.5672,2800,653.0907,44947
6439,907d92e21b8ce79e6a224933764e3b7215a94454,0,1,0,2009-04-27 15:01:29,489,712,4.1712,1201,27,11,3,232,33,45700.9899,5,726.0317,53174
6437,ec7f04b4df62b87231d9cacca754a209bd8fcc59,0,0,0,2009-04-27 15:01:36,996,0,2.8158,996,7,1,2,43,5,84780.0,12,528.1354,51413
6442,bfb2e952204f9879133826305b2b5dfda3e61776,0,0,0,2009-04-27 15:01:51,52,388,3.0117,440,11,6,2,3067,92,8178.942,1,723.6036,50788
6438,7bb094f08672a0f3400d6a7bfde05c686ab70de6,0,0,0,2009-04-27 18:24:25,4062,0,1.116,4062,8,5,3,312,40,63465.9657,2525,752.8315,48949
6444,6b5e9404c5e6aee4b5233f33c814b5e19010319b,0,0,0,2009-04-27 21:14:04,7,197,1.6652,204,13,46,1,193,89,296.0,391,633.4777,1918
6441,4280ab57b3e945d2483945ba583540143aff31a7,0,0,0,2009-04-28 19:55:33,299,1345,1.2745,1644,1,7,4,56,8,50208.6242,2651,794.2391,50789
6448,0d348cab2160fd26104c19e7e1f9f8e4a38e6490,0,0,0,2009-04-28 21:15:26,303,46,2.914,349,8,1,1,55,1,26317.3095,9,715.7106,47781
6446,f836610fe041830ce7e020e57043fd59261f26c1,0,1,0,2009-04-29 01:12:38,428,1249,1.7732,1677,11,5,3,2485,20,12951.2197,2691,754.3733,52449
6452,e181fdc4e0db71ec4abfb5bfa2b59a69b8c9ce5b,0,0,0,2009-04-29 02:01:49,1995,440,1.2416,2435,41,2,6,148,5,59709.0,2737,727.1939,49109
6445,ef2f631ebef835d3fe9cfc80f1d31b2f312acedb,0,0,0,2009-04-29 02:01:56,88,806,0.4316,894,2,2,2,73,89,17968.035,2735,627.3502,52656
6450,898eebaa593179cd3944a818fd74bdaad4164a6e,0,0,0,2009-04-29 02:04:18,425,59,0.2023,484,3,2,4,174,8,14749.9333,2862,616.6762,43132
6458,ec291721ddeb66c88ba2d86d45ee27de84013e95,0,0,0,2009-04-30 16:09:38,51,0,2.0618,51,5,2,4,2350,90,55365.1144,2790,635.9003,43861
6449,ebcbeb5af9c988f877951bfd991c8c9b8421b7f3,0,0,0,2009-04-30 20:01:31,16,35,0.137,51,2,1,4,2211,89,70279.7038,2787,710.9854,3040
6451,4a5620dea228470397cea696a75a849050efe03b,0,0,0,2009-05-01 02:24:10,6781,950,0.9947,7731,4,3,2,167,91,14894.9362,2862,670.9884,50207
6456,22525a8e12b7af6370caa7d42b9f416a43c7832f,0,0,0,2009-05-01 14:13:11,344,214,0.0889,558,47,1,1,1356,59,49802.4694,6,705.9232,6
6454,e4e5629b13bc0df4bd4d45719498a69b1085b217,0,1,0,2009-05-01 20:14:35,333,2396,1.3208,2729,59,6,4,323,8,5935.3333,2678,594.6201,58573
6455,93abe8d3e5b61139c994481ad86e1b7d8d6bcd0a,0,0,0,2009-05-03 03:26:07,24,23,0.0,47,1,3,2,1533,85,10086.3944,2726,716.6928,48245
6459,bbe89e795bbc631c2b626766840d943498304630,0,0,0,2009-05-04 14:59:51,20,16,0.5774,36,2,13,3,738,37,67089.1713,20,646.5493,47418
6461,f70a5a0c8cff203b17285494fbbd99176bbee649,0,0,0,2009-05-04 15:59:12,14,40,0.991,54,3,2,1,1356,1,54743.3276,2813,629.0746,45130
6457,3a4a0595da64dc8875d84ba63033fc42f0eec1a5,0,0,0,2009-05-04 15:59:16,607,465,1.0798,1072,3,1,1,88,12,67139.0482,734,640.6511,44570
6460,e044410ccd3428dd5596df581657de77f5587e1b,0,0,0,2009-05-04 19:02:05,111,0,0.1681,111,4,4,3,206,22,2082.4011,2613,585.5671,7267
6469,49211d5e927df9cbbd9fd29d978a8143f0f2ab7d,0,0,0,2009-05-04 19:02:23,48,236,4.1787,284,1,1,5,313,90,59961.0,2533,773.7727,51009
6466,219293b2b35453320c78514f9de7724da164638e,0,0,0,2009-05-04 19:26:23,328,190,1.968,518,9,4,1,177,35,28439.5114,1,713.7566,48029
6467,62ed2cbc1617d101533cef76e400938032c1dad7,0,0,0,2009-05-04 22:03:52,4,465,3.7384,469,2,14,1,2211,29,5060.2004,2806,636.3992,45170
6464,494de4435523b88925739705513af6a21bac83e8,0,1,0,2009-05-05 16:11:07,264,2191,1.1237,2455,2,1,1,27,12,70826.7197,16,596.6755,18
6473,fce0ee0d7b89576c7f49c2f24a90e8f26e10314a,0,0,0,2009-05-05 16:56:40,996,137,0.9703,1133,3,3,3,230,41,67117.0427,1,775.2147,42333
6476,7779df6ce4633752a0f6768da94627aee2162103,0,0,0,2009-05-05 16:56:55,4,1014,0.6162,1018,2,12,5,2248,31,38777.9035,20,650.6646,45554
6474,f17487c541dfae03858ae703015d4049094a0f55,0,0,0,2009-05-05 17:03:15,1020,59,0.3915,1079,26,2,3,6,1,26997.2243,20,779.397,50665
6475,8dcf76ab27f9c7ac615fbaf5cd17fdfbd17cb9be,0,0,0,2009-05-05 17:03:25,125,23,1.8167,148,1,12,1,9,27,39298.8493,20,782.4739,51000
6470,362f287c84f19ae5cdd774f2fc013db5339d49ec,0,0,0,2009-05-05 22:47:22,6781,950,2.7547,7731,15,2,2,116,34,67330.0786,2862,670.5397,51114
6468,28e548a31c1c3941045650785bdf77239c1c09b4,0,0,0,2009-05-06 00:35:33,345,1096,3.3874,1441,3,12,6,91,36,11395.7394,2862,692.2768,49196
6479,8042a4e4415190707a1a3d102aa342fb39e1b659,0,0,0,2009-05-06 01:55:51,6781,950,1.5932,7731,7,3,2,2603,37,13143.6763,2862,671.3956,44649
6477,c568dc733ea47f59be74b2b624673485228d7595,0,0,0,2009-05-06 02:00:06,9,184,0.0,193,1,1,1,586,37,2775.9659,4,627.6268,6459
6482,3ed4e051b89b7fa6e42d665cf1f47cdda13175bc,0,1,0,2009-05-06 02:27:54,4062,243,3.1739,4305,5,5,2,186,43,5588.0449,20,757.0996,54709
6478,65f66e982dac58fd76cd91d3231cf2a4819aaf33,0,0,0,2009-05-06 17:04:32,614,99,0.8235,713,3,2,2,124,27,47745.1279,2746,739.6998,52164
6484,c3f0d10a8e22cc9a4f76b88ec647a1075f322e0a,0,1,0,2009-05-06 22:27:02,280,91,2.3182,371,12,4,1,1356,41,59661.1346,2649,788.9235,41957
6483,4a2ba89fe3d392dcc41080dbac9c0f3a7415542e,0,0,0,2009-05-06 22:40:16,6781,347,1.3039,7128,5,2,2,2603,40,60745.0522,2862,669.3899,45498
6485,3395efdb30be0e57dd3039993ade1d5ed691187d,0,0,0,2009-05-07 15:30:53,873,5096,2.3504,5969,11,1,1,68,17,81068.569,2768,732.1092,44405
1,fb347bd3d16e35c50df5fca14ed3c0611e80985b,0,0,0,2009-05-07 16:03:32,49,159,1.0942,208,6,3,2,2230,14,63483.2648,2,711.5168,55914
6471,ccfe2d7c9e1147b9211377239ad9493b6bd1bd04,0,0,0,2009-05-07 20:33:55,327,84,0.8631,411,2,1,2,2371,6,14.5,1,597.0482,44733
3,85c7c39ad1ae6cfba07ecc8d287b6c990ffc1719,0,0,0,2009-05-07 21:09:51,264,52,2.0,316,1,1,1,22,15,22828.251,2801,637.9434,45172
215,750d0a16b04364de7b8da76dc3e14c0d956e3215,0,0,0,2009-05-07 22:09:13,344,11,4.4362,355,2,15,1,1356,29,5.0,2764,711.5182,45289
217,f2260f107bd2d71aed96e1199edfa5186b8b308f,0,0,0,2009-05-08 14:53:25,461,573,0.9771,1034,3,1,2,155,89,68575.8265,2608,599.5868,48179
6480,61a81504209e508f84b399d1f5009c176f4f9116,0,0,0,2009-05-08 14:54:27,22,2191,2.0,2213,1,1,1,18,1,50458.6813,2762,626.8054,18
0,44a0a3a54df3bf7236806266e9b9be37ce13cbaf,0,0,0,2009-05-09 01:40:16,8851,1096,0.9397,9947,2,2,1,2342,18,17707.3006,2862,685.0641,45055
4,69bc7e97c8dfac3dc6bd3cbfd7fcb05de8d0aedc,0,0,0,2009-05-11 23:48:20,582,104,1.5693,686,2,2,2,10,28,44954.3356,2,799.5384,45825
222,dfa41ec103130c173bcc210396f19c89f993086b,0,0,0,2009-05-11 23:48:28,8851,9,0.0726,8860,40,2,2,2342,7,22246.5863,2862,652.4516,56026
6488,fe3e1a8a097d2f78dfab6644750acefc6860b5b5,0,0,0,2009-05-11 23:48:34,6,184,0.0,190,1,1,1,586,2,34932.4817,2803,640.6115,45509
6489,dd1f0972bb9a422455bb5a51fb13078643573caf,0,0,0,2009-05-11 23:52:10,517,0,0.4856,517,1,2,1,15,26,85642.0,2344,879.2165,38466
6487,8054e4e7152299d47159b7e3016df16d50780fa4,0,0,0,2009-05-11 23:52:23,529,92,0.6316,621,4,1,6,185,12,47426.9222,2862,702.834,5571
6481,97fc5cb8ef412b6ba145165e45be3e3c64229685,0,1,0,2009-05-12 15:26:38,6781,217,3.7998,6998,29,10,4,2603,30,44971.27,2862,665.9995,2386
6490,2fd856de35de88681319ba5c2fa19307113887b2,0,0,0,2009-05-12 17:56:31,1995,440,0.1972,2435,1,2,1,54,17,57285.7041,3,695.1518,48080
213,41ee512d6f1cc906faea9e278f25c8f479aee7e4,0,1,0,2009-05-12 19:11:15,2194,198,0.3317,2392,5,23,2,80,49,39247.4782,2,717.28,46863
209,b460bd71c5484d3579dfccaa77a2d2cb0381aea2,0,0,0,2009-05-12 19:11:27,89,6135,1.4172,6224,13,2,2,107,31,20845.1206,3,711.2347,52694
211,da441aed29e03135016c2f84a9b300b5ed93d519,0,0,0,2009-05-12 19:11:31,14,17,0.76,31,3,3,2,21,2,5738.3596,7,555.7938,40701
208,3aca0737cb6b6b7c3217ddb6b05c99f5f4a5e170,0,0,0,2009-05-12 20:46:36,22,15,0.1001,37,3,15,1,66,2,78291.2526,6,704.581,6
210,ae70cea79afff1093fc8369ebb6e4e4ca3c40c38,0,0,0,2009-05-12 21:26:42,7,8,0.0,15,1,1,1,586,3,25674.2403,2787,719.2997,9369
6491,f86d47c242ffd6834a52985aed90abd8dd5aa9a5,0,0,0,2009-05-13 02:17:23,637,224,3.688,861,3,2,5,2222,18,25774.646,2713,600.1381,47908
6492,bd3c6acf3333b351b99628d81693a3a981e95179,0,0,0,2009-05-13 02:19:34,327,8,0.9464,335,2,1,2,118,33,19439.897,2773,627.3281,47906
218,324c3c32a14edbd1e2be1aa539bb49ed47e9fe4c,0,0,0,2009-05-15 15:55:35,5551,200,1.9543,5751,17,3,2,2581,30,220.0,2751,723.8249,43317
214,784d968db9655784b7ce26cadb35e15c3faa6c7e,0,0,0,2009-05-15 20:41:05,106,13,0.1051,119,25,1,4,2211,89,72017.476,734,641.8047,3040
6493,d52a1109745a147c5d623f68bd2bcc9735cc286e,0,0,0,2009-05-15 21:37:45,27,465,3.7384,492,2,1,1,82,24,13214.3394,734,711.2487,45278
224,88edbed30c5c6ea4acec1e507e76d95bcad379de,0,0,0,2009-05-18 15:22:23,1273,735,0.9183,2008,5,23,6,366,39,11804.7333,7,535.8587,61
11,4ac9118f7c7b9162b7ab3ca29ef64c1bbde346a0,0,1,0,2009-05-22 15:33:42,0,306,2.0313,306,21,7,5,277,23,58327.9456,3,591.7563,52299
9,56b499044b675c2962f28825fe4eb55cec23db68,0,0,0,2009-05-22 15:37:19,206,950,2.1034,1156,5,1,1,2603,91,56431.5957,2862,671.8318,44892
5,97c022f5ee5622420e03724efe7bdc312128bc8c,0,0,0,2009-05-26 20:23:16,1470,183,0.0944,1653,1,1,1,14,22,20484.3238,6,620.0999,47814
12,bb0d6dfa20b4fe01af977921693c965de5cd4905,0,0,0,2009-05-27 18:04:56,256,186,1.6582,442,12,7,13,105,17,11302.3051,2862,1267.3333,57189
30,7acfcb0e459603d06d1dff2cd10ec721804b9f4c,0,0,0,2009-05-27 19:59:33,195,104,1.3956,299,11,6,2,46,51,34082.5062,2615,561.2998,51869
10,edacc67c266fc2bef360356d360f394ea9b46154,0,0,0,2009-05-27 21:41:04,25,107,0.0796,132,1,1,1,629,28,17207.7364,16,709.5122,44876
6507,f116a3e4e5496653987276c2d31ba683990057b8,0,0,0,2009-05-28 21:10:07,0,113,3.3949,113,1,5,3,42,48,70107.8823,9,488.5422,25
16,04dcee09bac42de8f85d28d513776518755e4834,0,1,0,2009-05-28 21:15:24,6781,156,2.1742,6937,8,2,4,88,12,39133.1188,2862,616.6762,47912
6,30b1f5f3d32d3c04b921133435b556bfecfc502a,0,0,0,2009-06-01 22:16:58,329,90,0.4093,419,30,3,1,132,15,19560.1021,2862,668.4043,13246
13,a087b97c96bd9911d45d65d476bde41cc629c9b3,0,0,0,2009-06-05 19:52:29,791,630,0.9648,1421,4,1,3,92,8,18355.9533,2715,742.7285,52134
18,8f9e6a4516a58a8684886604b5c45c95e50f81ed,0,0,0,2009-06-08 13:59:52,86,168,0.8728,254,8,3,1,101,33,61503.5202,2678,604.3376,41292
8,d342288f36c73855db26a7572c54c4ef14210671,0,0,0,2009-06-08 19:45:00,139,0,0.9916,139,5,3,1,185,90,55501.8711,2,555.4175,41938
21,f685f4dec8ff0173394737cb7196b6bd2d111ed5,0,0,0,2009-06-08 20:37:38,20,6,0.4526,26,2,1,3,104,32,389.0,80,710.8562,48532
17,72e6eea9e4ce1fcf30754534216586bcf9e7b041,0,0,0,2009-06-09 17:46:42,238,945,1.8802,1183,14,8,3,2278,38,46542.99,1,720.417,1
19,16306e02de35a171ec3339957dd9146b229ce864,0,0,0,2009-06-09 17:46:47,6781,69,4.2732,6850,3,11,1,258,10,5757.9185,2862,669.229,12159
29,cd2139ee7c91b2ed48afc98202d79e864db3e450,0,0,0,2009-06-10 15:12:18,264,2191,0.0649,2455,4,1,1,19,37,56598.1784,2762,713.2755,45319
26,6a2da229752f6809330fe5344a98d0ba70049aff,0,0,0,2009-06-14 01:14:34,199,23,0.139,222,9,4,1,28,27,32118.3295,2670,763.102,54302
15,24fcbf4a95b3635c48d7a9858dce2494f109fbd3,0,0,0,2009-06-15 13:42:30,130,12,0.0,142,1,1,1,586,37,61374.7046,2774,636.9133,9
24,b3565371962dfcbb0d5c73c473a21c3d73ab4aaf,0,0,0,2009-06-15 16:20:04,996,829,1.585,1825,3,2,2,2539,16,78072.2084,1,543.8063,39187
37,01adb7a1aa008372423e4549f9e59bba79c560ca,0,1,0,2009-06-16 12:38:30,449,923,0.7372,1372,3,1,2,2452,4,45725.404,2699,595.0117,49804
14,c1545f5214644b47efeac2001e3d3542efa9193b,0,0,0,2009-06-17 16:08:39,20,181,1.1414,201,2,2,2,2460,6,30246.3852,2735,737.0398,52290
22,a116ef72e850b6e6830938003ae34681384a8948,0,0,0,2009-06-18 11:46:39,344,214,0.0868,558,3,15,1,76,32,62420.0726,6,641.0629,45389
89,03f6f244a3354e7be895323d0d6825c4be8af253,0,0,0,2009-06-18 17:30:04,2,764,0.5244,766,56,2,2,95,11,71169.2407,6,740.1013,47404
35,15955bf03e352e464b8d23c3bc763d2b93643335,0,0,0,2009-06-18 20:17:29,361,1096,1.815,1457,3,2,1,111,17,42323.0267,2862,643.9016,44193
27,a0c2b2a3809152591d5c5b89fd4b6f1c0a5c9108,0,1,0,2009-06-18 20:22:10,163,78,2.1179,241,10,3,2,153,36,40102.7246,1,627.4425,52087
41,d9e69b4024a155ccc138856ce3c47a16d69e7fdb,0,1,0,2009-06-18 20:22:18,44,100,1.4254,144,5,2,5,95,17,16182.1151,3,625.7574,43772
31,1a23f9934f7e2a4253ed77c6a39c7c657a0c7b87,0,0,0,2009-06-20 19:22:28,611,206,1.1802,817,3,2,2,39,7,51216.0957,80,545.4763,53388
42,3673e2818603a1c77ae22f8e2180fc42415f5151,0,0,0,2009-06-22 21:17:46,201,333,1.7117,534,13,6,3,239,50,11593.1752,2604,797.0709,52412
45,cc373761dc025711eeb7c35bc64fe0881654d255,0,0,0,2009-06-22 21:17:58,0,106,2.8955,106,11,6,3,253,59,9584.0173,2632,789.3676,40330
47,9aeef94db8309764fa241b92c8ee92380e39cafa,0,1,0,2009-06-22 21:17:59,1086,452,0.0,1538,1,9,2,292,38,384.1595,2862,668.2883,49437
51,5ccebd43c920619928d7e890d7593247e9f77ef9,0,0,0,2009-06-22 21:18:02,752,170,3.2017,922,3,2,3,67,31,3888.4513,231,600.0858,48162
34,509cbb85de257a9c67311c7dd2fea18ed1b8f096,0,0,0,2009-06-22 21:18:12,193,149,0.0,342,13,5,1,28,33,8571.2907,231,737.3727,608
28,bf660bb97f10df4ccf1a24fa70692cdde4acbd41,0,0,0,2009-06-22 21:18:18,61,22,1.1749,83,5,2,1,2350,5,9607.2564,2703,585.4951,42347
48,d48d8fcbf781e8745b81d5f0ccb8e1b10976c560,0,0,0,2009-06-23 17:47:45,119,393,0.759,512,4,3,2,104,41,17.0,2,601.9657,49636
38,a2f9b401830fa2edddc3ffaaadeb6c4433a33f9a,0,0,0,2009-06-23 17:47:53,60,54,0.8123,114,6,4,2,1415,32,35366.3406,2862,1267.3333,54409
52,2493c9a5651a72aa4c36ff0f080ee3f6c6978dc8,0,0,0,2009-06-23 17:48:18,525,47,1.269,572,7,4,2,54,28,6480.6688,2709,759.5767,51854
39,5cdc75d7603d1051c9d78d6ee11dd9cd44056f44,0,1,0,2009-06-24 19:24:56,568,27,1.2058,595,8,3,2,70,45,42841.9756,2690,749.032,42917
58,682736ee5ebf33ed344abd1c6e04dc408a07bfe6,0,1,0,2009-06-24 19:25:04,602,1995,2.0824,2597,6,3,2,265,38,17351.7305,2,770.7759,44062
50,064a59cdb00361c6b92ce098922b87357cae7736,0,0,0,2009-06-24 19:25:21,517,87,0.1194,604,40,12,1,2342,35,45553.829,2862,701.2636,49235
62,81dd8ee5f6e224c550bdf956e0bec3ec2c92cbee,0,0,0,2009-06-24 19:25:33,6143,371,0.4883,6514,7,7,1,69,47,7796.3875,80,564.1064,52853
46,4283f0d879ed551859650f94d6eb0009daaa5361,0,0,0,2009-06-25 19:13:59,303,234,0.1042,537,1,1,1,17,2,1696.9605,9,638.6837,44398
25,27d66d8269d5f52dd29b98cac0b41574291f16ad,0,0,0,2009-06-25 21:07:35,111,977,1.2751,1088,3,3,3,226,23,73603.7998,1,551.6636,40156
53,963a1b3bfdeedeea8f93bc0ab682195119d08b72,0,0,0,2009-06-25 21:07:45,6781,75,0.6975,6856,4,4,2,2603,9,16027.267,2862,616.6762,56621
84,6342512a34bb21f8f197a2e3002915a8923a9e05,0,0,0,2009-06-25 21:26:33,4152,1889,5.5201,6041,59,8,5,2896,2,29313.5267,2713,728.7029,113
64,3a7a33ce0f9046e386dada63f28e2b5e091760dd,0,0,0,2009-06-25 21:27:00,344,4,4.4362,348,2,15,1,49,59,19500.893,6,714.3692,44677
55,68564e154913fb7e5ed74685748544641bf65513,0,0,0,2009-06-26 17:22:30,96,24,1.7561,120,5,1,1,148,17,69730.5691,53,773.2287,48623
61,b9da215e06303540824bb86fdd7c1f3e8295fce3,0,1,0,2009-06-26 17:22:40,229,64,1.622,293,2,2,2,106,3,46482.2,2790,728.8041,55611
33,479c1a40af3ebcf24df4bd177477747347e0ea80,0,0,0,2009-06-26 17:26:26,685,950,0.4538,1635,30,11,4,212,13,3.0,2862,668.9834,13749
60,f55dd06ec5388a1fbec990ed283c1cf3c474f090,0,0,0,2009-06-26 17:26:36,2423,222,1.6868,2645,11,2,2,49,26,50314.2392,2655,599.3732,25
67,fe2bd0103f825c173c9010f379c7d32021f8a64d,0,0,0,2009-06-26 17:38:22,8,8,0.0,16,2,1,2,49,4,86281.0,5,619.1257,47569
88,261340a3425343c02970082ab6a5248a0d1d84c3,0,0,0,2009-06-26 22:29:12,54,1,1.9444,55,6,5,3,230,85,33466.4547,2,560.2749,54861
63,af82ca7ae16751641c051ef0ed7f76d01024d76e,0,0,0,2009-06-26 22:37:42,210,18,1.2264,228,5,1,2,43,18,84549.0,2615,804.2439,44862
66,0077af40fd1294cc226d18bb4ad07bfd99b90158,0,0,0,2009-06-27 01:22:49,311,5663,4.8456,5974,41,13,9,3017,54,23593.993,5,710.9817,42386
69,f2cab86892103a8a20b674592c654329ac009513,0,0,0,2009-06-29 22:07:41,18,78,0.4331,96,2,3,1,12,32,36830.9197,2678,617.7415,43488
56,83b203e61e722c16ad5001294c82063f708a5f92,0,1,0,2009-06-29 22:07:49,39,41,1.0541,80,4,2,2,2222,11,27646.5328,2792,719.8385,53098
68,ef203cf00070fd719f87db9dd2384b8bc116ebd6,0,0,0,2009-07-04 05:45:49,515,45,1.3195,560,4,3,1,149,20,30368.6595,2862,667.8446,6303
71,0172497ad24e4b31ce4e70fee8bc69def99a9fe6,0,1,0,2009-07-04 05:55:09,2194,77,2.7978,2271,19,11,2,141,41,24309.0168,2745,748.5153,56567
73,26aefa2f4a04083c42f5338eda24a5bb09ab04ed,0,0,0,2009-07-06 19:57:44,316,52,0.9718,368,3,2,1,137,34,39975.1887,2862,671.6945,44118
76,013d59fc00d7d241abdf5bc0448ce55425c5f112,0,0,0,2009-07-06 19:57:50,295,8,2.2057,303,5,5,3,286,25,35010.2166,2632,591.3185,41636
70,d6c0b0f2596de169186d3584474d8d5a34c3c9de,0,1,0,2009-07-06 19:58:05,626,610,1.6182,1236,20,6,2,32,31,14311.7226,231,589.7074,48990
75,b54de30a0226daafaa6ecf0257371e6e8c2a0742,0,1,0,2009-07-06 19:58:13,93,74,2.201,167,12,6,3,7,38,2159.0118,2862,1267.3333,52455
74,e324ef90519ffe2b9068ad852c8115ff8a7a1075,0,0,0,2009-07-06 20:07:52,752,708,1.7041,1460,5,3,1,74,31,23021.7542,231,734.0297,50716
83,23fa1bc0bd52c3167dbaaea40a94f16f9a823c73,0,0,0,2009-07-07 15:40:46,437,1,0.5971,438,23,13,3,336,14,65915.6729,2862,730.0204,63387
80,2b18bade5551637b967264b500d28e675bcfb293,0,0,0,2009-07-07 19:57:37,188,222,2.0007,410,9,7,4,193,88,31678.8828,1,603.904,10
65,8c04ffd52a43358a8eb56a68fa7aeae0bfa94577,0,0,0,2009-07-08 22:49:08,461,13,0.995,474,2,1,1,5,29,28729.568,245,70.0642,1799
81,0e4135933ad8b6628057aa30c3c294e8573b8653,0,0,0,2009-07-09 16:18:39,264,2191,0.041,2455,4,1,1,23,28,5042.1997,206,1.3324,1967
85,f5a787af7298e107ea452fe3b188a3da24fb943c,0,0,0,2009-07-10 17:48:41,44,13,0.2239,57,67,36,3,2085,33,10588.1228,2862,1267.3333,56379
79,4d1395e0fa7e96c2540bd2aff00dadaa68b57c34,0,1,0,2009-07-10 17:48:49,159,67,1.3517,226,3,10,4,198,34,32746.6293,2704,721.5936,48668
91,7b6fb2b36c0f2af56cc0d79dd9645b2328fce9fe,0,0,0,2009-07-10 17:49:06,162,56,1.8013,218,6,3,2,145,33,43689.116,2,642.5776,49336
77,dd4f4be2b426361b1c50b784f8e3c6557e765497,0,0,0,2009-07-10 17:49:18,4,715,3.6855,719,28,6,3,174,42,19301.2176,2641,623.9235,8
92,4b4459c0d1aef5d22477755c2d20083fc3c51012,0,0,0,2009-07-13 20:05:04,967,135,5.2404,1102,9,4,6,235,55,63678.1306,2862,1267.3333,57081
87,9c5274b4cd0448af42cb3da8dc6d9a4422355a06,0,0,0,2009-07-14 21:46:43,272,1096,0.6961,1368,4,12,6,2342,6,49800.4717,2862,640.8113,48394
104,f2da00fb0f2c92351b136ac13082b278c534c6ab,0,1,0,2009-07-15 22:04:43,3521,7,3.1039,3528,18,15,4,2896,78,40972.9466,5,551.7235,113
99,85ba194e7cfd24ba81baa68ab7d7ea901f17084a,0,0,0,2009-07-15 22:04:51,102,212,0.6214,314,3,2,2,138,8,408.0,2619,751.4444,69
90,0b1aeda97cf9810bef35a68e976bdff6794c44ca,0,0,0,2009-07-15 22:04:57,1,148,1.6101,149,67,6,4,2085,16,2423.5636,2862,696.5144,56528
96,ff764ff22b488206bf102a0155e55de85efd8aa9,0,0,0,2009-07-16 00:38:53,78,229,2.6548,307,14,1,1,2079,26,8307.5754,27,825.0151,87
101,840a64dcb9cefe927c681424e12284a1ef40452e,0,1,0,2009-07-16 19:10:06,2194,153,3.0165,2347,14,6,2,999,38,67398.92,2,779.7633,8
93,f04b9d3ed4472eb788cb795829aa3a1363d05253,0,0,0,2009-07-16 21:40:59,987,1456,4.2824,2443,47,7,3,2552,56,38218.2917,236,43.0749,389
95,7435fc82c05089741cd03df3679128c8fc073fe9,0,1,0,2009-07-21 01:35:47,129,29,2.4194,158,13,3,2,159,23,14204.2425,2639,727.284,49944
110,986cee6806c5798c1c826d965ecadad0cfc70cc7,0,1,0,2009-07-21 01:36:52,1,1112,4.6428,1113,73,14,1,469,40,13069.8877,15,394.0718,51903
103,e425474af2e08dd4a54db2316cb6758f972fa778,0,0,0,2009-07-21 02:58:20,107,257,1.8924,364,17,8,2,95,39,1580.7855,2786,632.2543,57095
105,985d96a52ca9abe2a5e7522435aa488bb1f9505a,0,0,0,2009-07-21 03:01:35,284,1096,2.4611,1380,7,3,6,128,39,4615.8005,2862,649.2663,48437
94,438f387705a82ec4d1a3017d74ab38a132ce5476,0,0,0,2009-07-21 03:01:42,6781,950,0.6968,7731,5,2,2,155,11,2610.2861,2862,616.6762,44229
100,32d964ff54cf1c2947ccb00f4cc6c1fcda3510e0,0,0,0,2009-07-21 15:21:59,30,813,0.9551,843,2,7,2,2576,2,54156.1733,238,72.102,54302
106,878991bb32c5dc5c9d3b50bb993a90c7adb07401,0,0,0,2009-07-21 22:08:34,7,2191,0.0486,2198,4,1,1,19,19,76298.025,2800,636.3431,18
109,058eef0806ce7f60d3910c7d2c8761fc9dc96132,0,0,0,2009-07-22 21:13:35,38,261,1.1442,299,2,2,2,31,6,59989.9893,141,751.0494,437
98,8d4b161f09445357a0ce5ea8b874ec31032b9bbe,0,0,0,2009-07-23 17:57:26,369,41,4.2732,410,2,11,4,133,5,38375.2948,2862,669.6227,49058
108,cf01ea1c49f1168292cca9faa860617ab973334e,0,0,0,2009-07-23 20:11:57,17,10,0.598,27,2,2,1,2371,36,74866.2662,1,755.3694,48392
113,67deae8e40edd3325028cffba70ada621e9193f9,0,0,0,2009-07-27 04:15:49,387,1096,3.3874,1483,3,2,6,98,12,6918.5697,2862,645.4325,49035
97,38d81587acfff4e97e632967ff86e05c3e6d6492,0,1,0,2009-07-27 17:28:57,150,75,3.0151,225,10,4,5,2501,57,62715.8054,2672,782.4391,52634
115,e3aef8e0edeedc1071dec2fc10c305427ff87930,0,0,0,2009-07-27 20:19:53,96,48,1.6085,144,8,3,2,2576,7,61318.2034,2,622.9832,50917
102,d76bbca3e2f3572ad83daa8de3db40560148de9e,0,0,0,2009-07-27 21:44:47,565,163,1.8595,728,7,5,3,204,34,41490.0167,20,575.6359,87
117,1332c0ed656696c4a5e0dee843f02b33a35bdbf9,0,0,0,2009-07-27 22:40:38,6,0,0.0,6,4,1,2,97,27,22077.2493,5,618.5608,47506
120,bf9caf8feb167aedf045008012ae721bcc5cfc78,0,1,0,2009-07-28 02:45:33,13,1,3.519,14,1,1,1,29,90,31710.6216,1,665.5652,46535
107,5e5d8385be8fb1320e90211dc69e9a015dd42a3c,0,0,0,2009-07-28 02:45:40,230,314,0.1003,544,6,3,2,9,33,11906.2792,2862,716.4005,47904
119,88a30f182a23da55084358e052afd962fbb48f3e,0,0,0,2009-07-28 02:45:50,102,20,0.0985,122,1,1,3,19,2,83832.0,2728,628.5958,43282
125,68bd9489b77da56fdbf15a58aaec9bf99c562254,0,0,0,2009-07-28 02:46:02,614,10,0.9039,624,2,2,1,2177,4,2248.8988,2797,707.065,44091
124,acd50bd901367f6506495580d5c11b9bf0be2b67,0,1,0,2009-07-28 04:06:56,16,165,4.0116,181,8,6,3,197,35,24012.51,16,761.9588,173
114,ab6d4b9a64eb5d6113d9d40a56aa373619496570,0,0,0,2009-07-28 12:51:03,4,181,0.0297,185,13,1,5,13,3,31462.3746,1,679.7869,46543
127,f8563642748ca5fec3e2e19982c67b7bacd00023,0,1,0,2009-07-29 17:00:18,2443,4,3.2798,2447,15,10,1,2241,55,54192.9025,2596,523.4103,40366
132,bfb5006420b7b945b410f83b662fca77a0e49d71,0,1,0,2009-07-29 17:05:47,42,26,1.3159,68,5,3,1,59,11,32047.9892,3,642.3104,44403
129,bd055211312b12a4acf6858692b250ca7f020c01,0,0,0,2009-07-29 20:10:38,100,99,1.3943,199,19,4,3,2661,48,4056.236,2708,738.1952,51148
139,56a846ba1c4eedefb39b3c82903d92a1e37ecc37,0,0,0,2009-07-29 20:39:01,80,158,1.1107,238,1,1,3,264,54,1493.8419,44,594.3381,51516
128,572b5f852dc20d954100a75f6029418873bf198d,0,1,0,2009-07-30 00:29:28,652,544,5.5201,1196,38,14,4,289,51,56418.49,2604,594.7475,61081
116,5782d175a0144dac99086b4d1de21f13cb2c1f76,0,0,0,2009-07-30 15:11:43,16,30,0.7136,46,2,2,2,1,5,83.0,23,478.4884,44676
134,edf2226079d61a0e23f803bc3f064b9e360fb141,0,0,0,2009-07-30 15:18:03,339,89,0.2964,428,1,2,1,62,34,55982.4477,80,712.6912,44254
135,9164940f41972e3611d1ad38a903ca39562e6feb,0,0,0,2009-07-31 15:06:35,2647,58,2.1571,2705,8,5,2,120,23,47433.6446,2709,713.6738,51554
131,70ce402fddc5361d249d161ba119f3fd2784cced,0,0,0,2009-07-31 18:29:52,81,58,3.131,139,14,6,2,207,45,40513.1518,16,603.1704,51436
118,c31d44ae89c6c723eb9eaa23b082674f8f4aa9a6,0,1,0,2009-08-01 22:30:23,30,67,0.8899,97,4,2,1,65,2,38141.5705,734,686.5182,45325
137,0f95411c030f89dd4274cc4e9fdd14b1fda32b2e,0,1,0,2009-08-01 22:30:40,159,420,2.8152,579,17,6,2,98,37,30133.1177,2710,610.9101,56821
111,4c2d91c213c00ec9b3c3ab4caf83507883b093bd,0,0,0,2009-08-01 22:30:55,6781,88,0.6097,6869,3,2,1,136,6,3501.0053,2862,616.6762,42592
133,d1f4234d26ba7289233df9245a54774be551186b,0,0,0,2009-08-01 22:31:15,58,0,0.1961,58,2,4,2,425,46,23204.345,24,560.6547,43399
138,2514d6dc649c3b215b1c4921968b61f38511e2ed,0,0,0,2009-08-01 22:31:33,8851,57,1.0788,8908,3,2,1,2342,5,3643.6493,2862,693.8672,48282
145,b6858825356dab747ed44b3a59e8740213fa43cc,0,0,0,2009-08-03 16:01:00,821,109,2.3847,930,5,5,1,278,27,6605.3636,2634,622.6842,50004
149,7bd9590c0743dd1f7a88c386f9b00832a3767cbe,0,0,0,2009-08-03 21:27:04,101,655,1.5928,756,3,2,2,79,3,61909.2986,2736,723.0335,45203
143,939709f977311add1cdc89cdd51bb19dc694d8f7,0,0,0,2009-08-05 02:37:40,44,19,0.7909,63,3,1,1,1982,24,18559.8878,1,609.9137,50134
147,ee3e388a80e1ce37772ebdeead1c2d9ac8d4b225,0,0,0,2009-08-05 02:37:45,11,26,0.1138,37,47,15,1,1356,8,16301.2267,6,706.3112,45186
152,88b0ee7be461abf54236eda862920e9f006b9855,0,0,0,2009-08-05 13:38:40,1180,15,2.7169,1195,9,7,1,190,26,51664.3062,2773,608.8109,49804
155,e1e6a6c55463c540e43c3ffeafa9285323cef926,0,0,0,2009-08-06 01:55:29,16,8,4.4362,24,47,1,1,24,11,37106.4822,2837,691.2958,6
158,449a444c7d1cfa13e1a7d25865227e1ba8c300e2,0,0,0,2009-08-06 15:34:22,126,336,1.5511,462,4,2,1,2341,21,53351.67,3,626.8657,44070
144,b3b9cd8d5105f33d4c0dd73d8ad00624bc271b21,0,0,0,2009-08-07 16:23:42,6,45,0.2264,51,2,1,3,32,3,57051.6122,2639,551.7675,2970
154,0f2a76bb5b2b5b5ea72124b820221778f5194660,0,0,0,2009-08-07 16:23:53,149,148,1.0869,297,2,3,6,2406,8,59287.7496,3,612.283,48677
153,c011c671828401cb82ab0fc96a18ae7fcc5fea18,0,1,0,2009-08-07 16:24:12,23,0,1.4808,23,6,1,1,21,10,85789.0,2471,780.024,51416
165,4a0860e4fe3c1410455f589eaaee836d847d5b9d,0,0,0,2009-08-07 16:24:17,48,44,3.7384,92,2,14,1,2211,0,3109.8028,2822,710.3689,44639
140,671912ef57e7c0b28b6e7aaf8a511f11a6d2419e,0,0,0,2009-08-07 16:24:25,1367,103,0.5557,1470,4,4,6,170,91,16873.9474,1,610.3125,50431
157,1dd5f60422dd53072097ec8f0010c00e4cea9536,0,0,0,2009-08-07 16:24:31,34,15,0.0,49,1,1,1,5,3,86384.0,4,712.0408,6399
164,d221a417199968c8eda9096a061c35b5adec5784,0,1,0,2009-08-07 16:24:54,996,63,2.0236,1059,5,3,2,36,6,84780.0,2660,797.7883,6
146,cb0e6a348ff026b25a813bc19c705c15e212652e,0,0,0,2009-08-07 17:03:32,2423,79,0.215,2502,22,1,3,36,38,10940.0101,9,764.655,48897
159,9a9371d1efd93117b16bda9caf48238a9001c75c,0,0,0,2009-08-07 17:08:16,6781,72,4.2732,6853,30,1,4,219,36,18641.9903,2862,670.2985,43418
151,8a9c25ae0e849409a752b4d6eaf5a9bfbb3b3ca0,0,0,0,2009-08-07 20:48:45,185,89,2.341,274,9,5,2,3067,38,12611.6849,2674,738.3316,51321
167,e24925d49ee4301bab9791884f79a474fcbae3fd,0,0,0,2009-08-07 20:57:02,13,61,1.6785,74,74,5,3,143,34,54584.5846,2862,1267.3333,54972
160,fa53f58871c1b47b0fcea1a6adae85a19ddefb9c,0,0,0,2009-08-07 20:57:08,611,206,1.4061,817,5,2,2,55,8,47511.1475,80,838.8626,40184
169,d748648b235bd7dc95bfb2672ee156e0eb132bd8,0,0,0,2009-08-07 23:29:50,6781,950,0.1416,7731,30,2,2,159,42,51923.2633,2862,616.6762,56591
130,a7f0fb64ae984f323b53f49c17837656670ac7d9,0,0,0,2009-08-07 23:30:32,6781,109,0.4397,6890,4,2,1,2603,24,16444.0045,2862,668.361,58699
172,15354b4906fd654d58fe50fd01ebf95b69434ba9,0,1,0,2009-08-10 02:51:35,1888,5084,1.6617,6972,18,9,4,93,22,3102.2588,12,814.5017,29
141,ceb4a10808a25fa7b9a20ad113242e8c4ab6ad76,0,1,0,2009-08-10 15:30:12,44,42,2.7051,86,11,3,2,75,37,28899.8253,2862,680.0269,54354
170,bf6236ddf661ebb896c069daf930abe3e9bb3b35,0,0,0,2009-08-10 18:57:03,28,8,1.5148,36,3,3,2,147,30,61918.8788,369,1267.3333,58332
161,38c2556834d758ea9029dba1bd75303f4c794017,0,1,0,2009-08-10 19:34:45,255,75,1.1248,330,7,14,1,1329,19,71287.4363,288,54.593,491
177,8455ebfe873c70de562747c6ffc594663c414cdc,0,1,0,2009-08-10 19:35:01,541,3893,2.0543,4434,20,6,4,95,32,55126.6575,403,107.7414,58699
175,6b7a1c300f0d59ad689767307cffd0e9ef3b8523,0,1,0,2009-08-10 23:17:08,2186,94,3.1245,2280,13,9,3,335,30,25224.1563,2705,746.2262,53910
174,7f63092fed4341a726efc100449d7e2568dd90e7,0,0,0,2009-08-11 00:50:19,607,465,3.7384,1072,25,1,4,2211,1,8112.8047,2815,646.4864,45076
181,480650b8264162fa9ee18584c00f78609266d602,0,0,0,2009-08-11 02:09:33,990,781,1.281,1771,3,4,3,148,36,30492.3691,2862,689.7407,54958
188,9f570c192d258aef749ce1edbc084da465fd7888,0,1,0,2009-08-11 02:09:40,63,20,1.2989,83,4,2,2,154,13,10609.0438,2638,573.8009,57907
176,7ea2c96852f1b3f4fceda17a70cb2ccbc95060e7,0,1,0,2009-08-11 14:13:47,57,116,2.1095,173,6,5,2,164,34,44158.4585,2726,627.364,44323
185,850e86544004bdddd31fd63d62525412e1f47ce7,0,0,0,2009-08-11 17:17:21,1006,62,0.3851,1068,3,2,2,55,42,76031.6772,2,726.921,45640
168,ac414f9a52f9ffb023cf3690cd782e4ecb976140,0,0,0,2009-08-11 18:27:20,363,1096,0.1392,1459,4,2,6,22,41,51565.3263,2862,638.7548,47796
184,a461792de9bf885b205686161161c2b62294be25,0,1,0,2009-08-11 20:34:21,239,236,2.363,475,19,5,2,113,41,47657.2334,2,627.8304,51810
182,3ec8258db67ef4c5afc35e71ca63435681cf9e87,0,0,0,2009-08-11 20:40:10,33,260,3.1713,293,2,1,3,86,29,8116.4934,27,706.9353,44732
190,cd66ac83260f8479d90317f93a116226d3cf564e,0,0,0,2009-08-12 02:59:55,130,410,0.5286,540,4,3,3,203,38,18902.3513,182,100.9345,58042
178,ddf00a509a4793bc69bf11cf10cc8155a9371f2d,0,0,0,2009-08-12 21:27:24,344,1,4.4362,345,2,1,1,1356,23,85337.0,6,642.8901,44996
186,7158863861cf16d65bc4244b8c787375b29cbe5d,0,0,0,2009-08-13 22:16:01,3249,112,1.4279,3361,4,3,4,133,29,41024.3315,1,750.6636,42678
193,5f4734eaa8d860d6a49d1fcbbe0f89d92edb291f,0,0,0,2009-08-14 20:20:50,8851,36,0.182,8887,3,12,6,145,25,79569.2155,2862,691.1644,42842
173,eb886e99995713f3ed563142107e765f880a4fcc,0,0,0,2009-08-14 21:00:18,50,28,0.8848,78,4,2,2,87,34,50540.1121,2750,739.4396,50873
187,db18318c0a4a32570fdd1eb4989b41dff94e7162,0,1,0,2009-08-17 23:34:23,6781,27,2.2523,6808,7,5,3,191,30,37345.7132,2862,616.6762,53709
196,00046230298396c206170d91b2dbcc7363184da9,0,0,0,2009-08-18 17:24:55,19,465,3.7384,484,25,1,1,5,29,65907.7775,2808,649.1973,3040
180,007df950fc9e9fad255167db74517095a8326f25,0,0,0,2009-08-18 22:49:20,873,5096,0.0667,5969,1,1,3,1198,6,84191.9552,12,709.3742,48086
191,bb464c1f3703fc8b31be7859ca32e83e755a60dd,0,0,0,2009-08-19 16:27:20,50,22,1.989,72,3,4,4,3,9,43168.5962,2862,1267.3333,54186
204,0c5cd149a38e927021f53ba0c109f1da15cb3546,0,1,0,2009-08-19 20:51:06,992,69,2.9965,1061,16,11,3,231,35,50924.4426,2862,616.6762,58255
179,8a72a27cf199e8f810c6c84d48775fcf3df9cfcb,0,0,0,2009-08-20 01:03:20,235,950,0.774,1185,3,1,4,171,40,18799.101,2862,616.6762,49047
203,51401247c1a2e00638aa3f12a0e924ff85e49ab6,0,0,0,2009-08-20 17:24:33,59,461,0.3188,520,11,7,6,241,53,56441.5693,20,735.5365,53702
195,568933f5c4f7bf7e373663a414dd890cdc93ec2b,0,0,0,2009-08-20 20:37:45,327,84,0.5798,411,2,2,1,244,3,9025.7646,1,602.8108,49891
198,dcabc0e3431ccff56b20caef7f7805e49a6aac13,0,0,0,2009-08-20 21:17:59,1,214,0.0784,215,2,15,1,1356,26,66786.5602,220,70.0349,46227
201,3917094f04a76878c56947e745154c708ff99632,0,0,0,2009-08-24 16:49:21,96,16,0.0631,112,10,1,1,13,22,74755.4938,2769,638.0255,44628
189,5fd4ff77472ffd2d20c22b801d1c8d6ad37138f8,0,0,0,2009-08-24 20:31:56,344,11,4.4362,355,3,1,1,1356,4,81326.9123,2730,732.9484,44380
197,12cbf7528031b6802ece8ffb1cd3b24daceb5468,0,0,0,2009-08-24 20:32:00,13,77,0.0765,90,4,1,1,56,1,3075.7129,16,716.4149,43994
200,39d97f389207d4a294750ae4ff975682fc5b47e2,0,0,0,2009-08-24 21:13:32,303,234,2.914,537,8,1,3,32,1,5915.7158,2689,706.502,48569
206,a2899de1374fc084364184cb97eeb9526f7ddf47,0,0,0,2009-08-24 22:03:35,10,16,4.4362,26,2,1,1,50,3,4989.1763,6,704.4516,6
192,c4992f48ce9c26ce4fd028240447b4cbe85ecf26,0,1,0,2009-08-24 23:39:27,206,384,2.0059,590,11,6,3,2241,31,53072.3001,212,1267.3333,56576
216,0fc2d87e2b51fb23fcb3d027cd4a0ed7886fba83,0,0,0,2009-08-26 15:11:27,261,1340,2.4975,1601,15,8,5,2412,88,55909.0303,2770,730.9502,60404
207,489143566d1e258b0568ad000be64733893d2c0c,0,0,0,2009-08-26 18:33:46,20,465,0.077,485,2,1,1,78,5,76890.8527,734,646.2498,3040
5758,847f3b029329729c72eb4a72f19d5efc1ca29585,0,0,0,2009-08-26 19:04:07,168,5096,2.0295,5264,6,2,2,66,14,78814.2686,12,595.9909,28
205,f8fa6d243111c41fe5c32afa49973892e4b136fc,0,1,0,2009-08-26 22:20:13,931,123,3.6238,1054,16,8,3,298,19,41493.3839,2862,616.6762,51785
202,eb6d11d54932ea929e983d3f986314e1e3ef0d33,0,0,0,2009-08-27 03:13:50,16,12,0.1668,28,8,4,3,55,2,12597.3343,9,743.4483,12587
5760,866b06ec3d545092db1ec0b16c9534939b186ece,0,0,0,2009-08-27 03:19:40,13,2,0.0,15,1,3,1,131,8,4534.8332,2727,581.2647,11861
5763,ba88f55d1f18f5d3a93aaf9d030a75c2d640316a,0,0,0,2009-08-27 17:22:03,66,52,5.6555,118,3,1,5,96,86,13481.9475,2778,643.5691,47742
183,0f56a255539e884721afe5a31ec605e935774b71,0,1,0,2009-08-27 18:11:58,1197,0,2.3674,1197,4,4,1,2661,25,58970.8356,1,506.6829,10997
5765,6690c5135943b2d15155a92fa9bc4d7f46fc8cdc,0,1,0,2009-08-27 20:07:12,4283,858,0.1998,5141,8,7,1,284,25,19226.1886,2862,665.71,53868
5767,59ec4109e45d8b84f6f18ea66179840f50de6b25,0,0,0,2009-08-27 20:47:21,26,0,2.0,26,8,1,2,28,30,26094.7357,2456,770.7834,54302
5776,29515c11d799fa36706935a9352d293612a5d815,0,0,0,2009-08-28 03:05:49,130,184,0.0,314,1,1,1,586,4,79227.658,2685,556.3536,11440
5773,dc794169b8ffdce004036568619bd27b590ee1b9,0,1,0,2009-08-28 16:27:58,213,388,2.9084,601,11,6,2,271,59,62136.5431,2720,638.786,44589
5778,8c3693c6b08a29ada08f6b0dd9c43fa54871e628,0,0,0,2009-08-28 19:33:05,10,184,0.0,194,1,1,1,586,11,3182.8964,2817,702.1419,45182
5768,86abfe10279ce957e3dad221b2ca6e58eea1758d,0,0,0,2009-08-29 22:39:58,127,13,0.1448,140,7,1,1,23,25,14680.0211,7,549.0341,50574
5774,eb83251bda8caedd69d07f1f7aa8857a27f87fe9,0,0,0,2009-08-31 13:35:46,125,277,2.6493,402,10,7,3,281,54,56849.6677,1,764.8909,52520
5766,533dcad919703e36581bb400cfb07b4f2485abc0,0,0,0,2009-08-31 15:44:42,16,31,2.914,47,1,4,3,55,2,12122.9935,2862,40.518,55097
5791,35cd1761f69be5849515994f02f07478cd2cf249,0,0,0,2009-08-31 16:07:37,463,1096,1.0925,1559,4,3,3,156,89,54117.8896,2862,640.6878,53683
5769,bbd170187bc6d08c77473fcd843e20ecc84642dc,0,0,0,2009-08-31 19:48:24,123,22,0.6052,145,2,2,2,16,23,15889.6551,2637,757.8205,51890
5779,7bf57616e626513ae5800ec0874105fd2170104d,0,0,0,2009-08-31 19:49:14,6781,69,4.2732,6850,30,2,4,193,27,4216.3381,2862,616.6762,43268
5762,33ac4dddb02c4b99dda34eefe842b2fcf4e81c6b,0,0,0,2009-08-31 21:31:25,582,19,0.0387,601,1,3,1,12,3,4499.3323,2811,656.1645,45594
5781,64c38a2657ae363b22dcbf9bf3ea0b518d75681d,0,1,0,2009-09-01 01:52:03,1578,2338,0.5413,3916,11,9,4,394,38,42116.8191,1,518.2607,54125
5784,e2af28a6e361ccd5bfea40171dfb84f2d0ac2291,0,0,0,2009-09-01 22:25:00,52,25,0.6126,77,3,3,1,50,10,55952.2075,344,1267.3333,54302
5771,fe28c474066929a04f3091e699d19ccb14eb3e98,0,0,0,2009-09-02 02:02:30,990,57,1.7682,1047,7,21,2,75,32,23030.8655,2862,684.3558,54336
5800,ab392a6ee7db31fe7a4cf8093e7308057cd47493,0,0,0,2009-09-02 15:04:16,101,354,2.8865,455,14,6,5,70,82,62386.4132,2862,706.7991,61668
5786,204bec65ef40015c450835cd439e9b4e86b46af3,0,0,0,2009-09-02 20:30:43,91,4,0.3265,95,8,2,4,2668,26,17296.0015,2722,613.0839,42996
5796,53895adf954714db3fc11917ebf058b921c42558,0,1,0,2009-09-03 15:33:46,655,318,1.6876,973,14,4,8,212,85,60456.4628,7,737.9791,51451
5790,67fc385718006d7f050c8f23a7d26f836b461174,0,0,0,2009-09-04 16:52:43,17,7,0.0961,24,2,14,4,41,28,82630.0,279,43.2497,599
5787,090b6a21d2a81c339e4d7224f4c46ed59cab1cfc,0,0,0,2009-09-07 14:45:09,418,55,3.3874,473,2,2,6,2342,26,86094.0,2862,701.4347,42594
5789,dec8490e5ee399beb93e02fe269c51bdbfd4e7de,0,0,0,2009-09-07 14:45:13,13,2191,0.0729,2204,1,1,1,118,28,3165.3588,2778,743.9428,18
5793,313f053ecd8c7f74caf8c639754f26849d30d3fc,0,0,0,2009-09-07 17:15:48,104,187,0.8423,291,2,3,1,2055,2,61662.2754,5,797.7378,43659
5780,71b3b3c7364445ed508a8ee52050ca39b9c5de66,0,0,0,2009-09-07 17:18:41,48,526,2.2161,574,7,3,1,15,4,80950.775,2,745.8646,49081
5788,95e7ed26bb9030cd0e6ef0ca455c1971e4d71186,0,0,0,2009-09-08 18:59:17,1205,948,0.1105,2153,45,8,1,112,25,11629.5661,2758,713.5339,47655
5795,d1674646482a2f8f67e2e575242a85c6c4fee350,0,0,0,2009-09-08 18:59:21,2088,5888,0.6741,7976,3,1,4,90,32,9643.7207,2791,710.5648,43820
5782,40c154ab4b3d8f31eedd47ebd6005db70564a3f6,0,1,0,2009-09-08 18:59:28,161,218,0.6352,379,60,3,3,166,40,23388.5255,2746,705.9632,8
5792,d540cbf195f7698e20db2df78a0098ea212cfeb9,0,1,0,2009-09-08 20:26:46,176,2191,0.689,2367,2,1,1,629,37,70670.9308,375,9.9222,46227
5794,4da540024a429f0c0a3f73161086d1f7997d5b95,0,0,0,2009-09-10 18:48:19,20,25,1.3474,45,3,10,1,41,27,34997.3653,2773,629.3351,48053
5770,bee816c68a81b0812959c5f58e393e0b167a287f,0,1,0,2009-09-10 18:48:35,361,6520,2.7013,6881,12,3,2,159,23,31730.6097,2509,546.1703,57889
5801,adcbd5b402fd9895dc573a524a68c0569c41ff55,0,0,0,2009-09-14 18:00:47,6,184,0.0,190,1,1,1,586,1,16609.8062,2768,707.7096,44710
5805,39982f3649705623edb8593c7b6cb5665c156f48,0,0,0,2009-09-14 18:04:46,73,231,2.0496,304,6,3,2,250,27,70888.5563,2781,736.1559,56444
5799,91acae3dfb4a3e8550ca024b91957f695337c6d0,0,0,0,2009-09-15 15:47:36,43,351,1.5255,394,6,5,3,2341,30,58336.1961,3,621.6414,51228
5807,a14ed1c455097ee7bbabcd0b7c2fc89d8b6a5012,0,0,0,2009-09-15 18:27:54,458,203,1.8051,661,4,4,2,2406,33,57169.2268,140,8.2793,2948
5806,0c84342d3ab4dec0c528c814eced4f9cad3affcc,0,0,0,2009-09-15 21:30:26,41,46,1.8593,87,5,3,2,167,35,46519.6585,2862,691.9415,54362
5809,bb5a2700d7189de187e732d1fcc9ea65e3b95ae6,0,0,0,2009-09-17 21:09:52,383,950,0.7601,1333,30,3,2,183,42,3.0,2862,669.2401,49640
5811,254e6a2c237506198820e5837cbb06766852cb17,0,1,0,2009-09-17 21:09:58,160,153,1.8828,313,7,7,1,2676,34,39856.1091,2741,737.3387,48354
5804,a45bb97cc09835a2d8d073f4811c38e86d2e533a,0,0,0,2009-09-17 21:10:03,271,59,0.7178,330,4,3,4,1,34,21743.0836,2862,616.6762,44756
5816,b618106f3cd55a7fb4f2fd2b3aa7da7715cdc034,0,1,0,2009-09-17 21:10:09,228,413,0.9566,641,7,1,3,414,52,23528.6722,1,853.5737,49128
5808,6e709a28633813d730170c2d6911b63419c73550,0,0,0,2009-09-18 19:02:36,3984,19,0.7279,4003,29,10,5,156,29,80769.2388,2789,708.9649,43991
5817,d293b77bedb0d196065f6b5a93d086923b6a9114,0,0,0,2009-09-18 19:02:49,102,163,3.0465,265,6,1,2,29,12,44539.9821,2643,626.4598,96
5818,767e0235b0ce6c6cbbf6a1912ba96d3e202e3f40,0,0,0,2009-09-18 19:02:58,450,1096,3.3874,1546,3,12,1,14,26,3797.263,2862,707.1038,43895
5823,aee7b0c4df80b88f8a4ed06d61be55f478c08b25,0,0,0,2009-09-21 14:20:00,76,55,2.6046,131,11,2,2,125,26,70271.4396,2862,1267.3333,47202
5783,6b142021d8696c51d86a345d2cae0b5a19a20961,0,0,0,2009-09-21 14:22:24,56,445,2.3504,501,11,5,3,1198,86,82853.1522,2721,569.0112,4448
5813,1c547a2aa9bfc8ed536ddd875be88de887b39909,0,1,0,2009-09-23 01:57:15,46,2911,1.5521,2957,6,3,2,97,39,27398.7971,2794,700.2721,46144
5814,767467724a5191b10b1bbc5f19951afa19f18ecc,0,0,0,2009-09-23 01:57:27,36,247,1.5234,283,4,8,5,221,29,18942.2119,3,625.6894,44480
5827,d7bd37af1531087f5343c3af636b7699c4687a79,0,1,0,2009-09-23 01:57:37,339,79,2.6743,418,10,5,4,75,48,26819.7773,2862,670.1569,43757
5821,93df28fcb4b61a61186852cbdaf77f24aa199808,0,1,0,2009-09-23 01:57:45,221,117,1.9044,338,6,2,1,161,31,10219.5052,2732,724.4376,50026
5830,4c0df722db110e2ac173e3b5d876957e0c3107ce,0,0,0,2009-09-23 18:44:16,6143,1345,1.1011,7488,3,2,2,56,50,57362.5553,80,762.4809,45002
5819,1d0cf136f6871730c663db143ada9a9b66034286,0,0,0,2009-09-24 15:32:21,49,813,2.0885,862,3,2,2,46,27,53698.7235,2,727.7948,52399
5826,d309c5dc7723b023ed12eeb6ae331747695c6ee1,0,0,0,2009-09-25 04:01:35,75,13,1.59,88,3,4,4,77,38,22062.1379,2862,682.9165,54262
5832,e849e977736c8acd8deb73fd80b955b6040adbf3,0,0,0,2009-09-26 12:48:55,218,66,0.6495,284,1,2,2,38,13,50002.3364,2650,746.4108,50828
5824,aee70135ef001ee13d3aa3f3da5e0d1da7183699,0,0,0,2009-09-26 12:54:12,1487,12,1.7794,1499,5,5,1,33,25,59301.9232,80,627.7155,49022
5831,778f1dec9b90d22b6b27b8268b404ff65cd7eb8e,0,0,0,2009-09-26 12:54:17,6781,10,0.7401,6791,1,11,1,143,6,60307.1774,2862,616.6762,47562
5810,32dc02cad64bd557808a639d9430c1a8ba9afedc,0,0,0,2009-09-28 15:53:40,85,63,0.2349,148,3,1,1,87,5,68281.1213,12,529.7705,52233
5822,ac5a194d4e3f237bf34c134f81b95cc86e0f63bc,0,0,0,2009-09-28 17:46:48,9,2911,1.9998,2920,6,3,2,2230,7,48031.1581,2720,727.7236,52161
5838,de8318315f51a1cc5d8d0e7c7535c0290870a742,0,1,0,2009-09-28 18:45:10,27,160,1.801,187,5,3,2,134,42,50542.1844,2862,725.1323,46252
5829,60839fea8577a135b623c3dcc002351137c7fb45,0,1,0,2009-09-29 03:48:21,2172,719,0.9515,2891,6,3,2,155,27,33857.531,2795,641.2327,53359
5833,ce27422729599086dffb197608ddf3e8c4b541cf,0,0,0,2009-09-30 19:40:04,411,950,1.4039,1361,2,2,1,105,17,3229.6251,2862,670.7084,43572
5841,a215c38bfb5164f68f1ffe5d92166b701cd823dc,0,0,0,2009-10-01 02:49:54,46,21,1.8408,67,4,2,1,74,5,12093.7027,2715,726.5466,43458
5820,d50facfb4901cb2ceeb50677a0b3ae1bda602f9f,0,0,0,2009-10-01 02:49:59,1,4,0.1143,5,47,1,1,27,5,1929.4321,2807,656.7099,45554
5834,362178c204ea3c20fd7ea86e4e43fc154fd17061,0,1,0,2009-10-01 16:00:48,26,105,1.3892,131,3,1,1,44,6,52723.9453,121,100.0077,46227
5812,a917588bb26c3007cbde435542bdf6fa1d0c2a64,0,0,0,2009-10-02 18:40:27,103,50,2.2422,153,7,4,2,133,40,42920.5387,2727,610.0599,49494
5843,f82eb0bb54f8734ecd859b86cd4208dbe47b959f,0,1,0,2009-10-02 21:34:09,199,261,0.8011,460,2,4,1,28,30,30042.2831,2768,743.6697,44194
5845,09269836f60fb26d8493bb41d1da0103dcef9405,0,0,0,2009-10-06 19:41:57,91,64,3.7648,155,22,1,1,44,39,54106.3999,9,712.8705,49261
5844,4a0378eb85397c9ff6a9cf2e85cd97f74cbb30bd,0,0,0,2009-10-07 16:23:10,1205,111,0.2137,1316,5,3,2,58,29,40400.7497,2783,713.7246,46590
5852,ece6e6d4592ff68e8153770160d3c8e20a058591,0,0,0,2009-10-07 16:23:14,287,39,0.6527,326,4,2,1,158,50,86094.0,2862,691.9175,47949
5839,d1a8e1322fd5580e4e4b1178257057718ee1209c,0,1,0,2009-10-07 16:23:20,6143,1345,1.6099,7488,6,5,4,63,48,17280.4778,2652,751.3151,42134
5855,02a569e384b37f17049c3d2799738a3be1f556f2,0,0,0,2009-10-07 16:23:24,3249,2099,1.5978,5348,4,2,4,2228,52,5130.5554,1,733.1198,43079
5835,5e9b35cc8c056cbc36516f679fbd01314598675b,0,0,0,2009-10-07 16:23:43,2647,305,3.6678,2952,18,9,6,232,39,47821.5514,1,759.3041,42303
5846,fe1aa5b52ded59198f98d9d915276c04dad4a7cb,0,0,0,2009-10-07 19:41:36,2088,269,1.2724,2357,5,4,1,89,42,17578.6462,12,739.7784,49777
5859,ff3dd4dcec517e72b61e35d1b3bf19dd021a2da0,0,0,0,2009-10-07 19:41:47,23,356,0.7212,379,4,2,2,99,37,21897.051,20,725.9745,48544
5840,303951c4584cc6db4e71f404e4622dc2d07acf54,0,0,0,2009-10-07 19:42:01,37,81,1.5399,118,4,4,2,196,83,9920.8977,27,720.2576,52793
5853,3329f5ec9880e1008e48a70958b12d2bd2b52b64,0,0,0,2009-10-07 19:48:59,8851,1096,3.3874,9947,3,12,6,228,27,8445.6834,2862,696.1267,42924
5857,294bfa9a2106feeb5ad94ef0819001a7ca05e292,0,0,0,2009-10-07 21:47:38,133,1360,1.1485,1493,1,3,6,7,33,10466.9307,613,181.0,36
5836,ba98fa4797f43e12185bc1aad9d3fd878497b4c3,0,0,0,2009-10-08 18:38:36,0,50,0.0,50,4,1,1,141,35,78099.3292,5,707.1908,47636
5861,3e3ebc3fb39ef56da87661057359aa997f49e0ab,0,0,0,2009-10-09 14:28:40,6781,950,2.0546,7731,5,3,1,109,31,61287.9032,2862,616.6762,47948
5849,51ec66cccbfc0d7ffbedac930475de5bb5a4b9a6,0,1,0,2009-10-09 17:07:14,337,1124,1.5404,1461,12,6,1,176,41,44172.9382,2673,586.1736,51593
5862,4a4b8bebf76e7b4bc494a020435277f47b0bcfaf,0,1,0,2009-10-09 17:07:24,2194,39,1.5649,2233,6,4,5,83,49,5145.3779,2,694.9461,48404
5873,f6b95bf0e5177bfa7830845dd05c6d91f74bf53c,0,0,0,2009-10-12 17:10:53,996,44,1.0989,1040,3,3,1,240,87,44622.654,2793,620.0809,3
5850,816a45b62acdedecd65ecf036b379b5376d9b86c,0,0,0,2009-10-12 19:08:51,97,11,1.4185,108,4,2,3,2079,80,9653.6051,27,598.8745,53311
5856,c12b11b566a6521e8ed877fe99ee9565aab4406b,0,0,0,2009-10-12 19:18:45,601,1096,0.1531,1697,40,1,6,2342,7,5949.9175,2862,651.5674,50492
5860,78f7a35ae364b6741c6a2c7757faec6b3e54493d,0,0,0,2009-10-12 19:57:40,63,30,0.0796,93,8,2,3,109,3,4944.7592,1,633.6594,48692
5815,93ad8a2e42d9b6a17f009ca85d5d1a5e671a157e,0,0,0,2009-10-12 19:57:45,243,76,4.2732,319,2,11,4,143,0,46268.9648,2862,671.3234,43893
5864,bdb7bda5e07b22fe91679ce3e7c4c10a9380d5f4,0,1,0,2009-10-12 19:57:58,25,77,1.9496,102,3,3,2,176,10,42192.2329,44,761.4485,53264
5847,417e7c03732dbfd77326469dce8fc6ed27cc2285,0,1,0,2009-10-15 19:02:47,242,99,0.7471,341,8,2,2,2177,89,72946.1694,176,1267.3333,2835
5863,360d3559ec7c13a20e4ac32c7f06ac03ad3e2876,0,0,0,2009-10-16 20:40:44,6781,91,0.1542,6872,2,11,4,2603,91,11426.0117,2862,616.6762,48686
5866,eeb164e2c031a58a5c1c6c071236037b5f5e7835,0,1,0,2009-10-20 17:45:22,39,41,2.4303,80,1,1,1,1820,11,4754.818,12,730.8417,48011
5870,d4a8f07cd81d19c7146093ce89cb54291872414a,0,0,0,2009-10-20 17:48:49,8851,1096,0.1517,9947,40,1,1,121,4,86094.0,2862,637.8999,44229
5854,e659b06f3a500a5b8a4faee5e132946c82679281,0,0,0,2009-10-20 17:48:52,6781,950,4.2732,7731,2,11,1,2603,15,6243.3223,2862,668.5727,50275
5865,34207f0a92e784322743e1fd2f04234d1fbdd2f7,0,0,0,2009-10-20 21:10:43,9,234,2.914,243,8,4,3,55,1,83832.0,209,77.9472,55097
5869,dcdb8e1b85e934bbdf945b9c70fa6970feb754ce,0,1,0,2009-10-20 21:10:53,80,2,0.0434,82,1,14,4,1656,11,8720.0585,280,46.8742,600
5872,93b0b062c2e6eaa36dda8a99da196d64e5c13871,0,0,0,2009-10-21 14:18:09,14,43,0.1113,57,1,1,5,2248,35,36417.2857,20,700.3515,47401
5871,1f63a4aac12b4c97d1f0193e0f65999a14930652,0,0,0,2009-10-21 16:09:08,303,11,2.914,314,8,1,3,6,2,67998.7257,2742,694.7903,43938
5874,9b892b186ab5767d1f9b98e5d3850d7f92234216,0,0,0,2009-10-21 16:24:14,6781,68,0.2513,6849,30,1,4,89,91,75204.7359,2862,670.6043,43426
5868,c44e9d05ca1d2baf33333a90548d84bed230bec0,0,0,0,2009-10-21 18:25:25,8851,59,1.1187,8910,4,2,1,2342,23,50009.105,2862,688.4021,48359
5876,694a6115c7d3e45f2b448b308b10cce10b700442,0,0,0,2009-10-21 18:25:35,1023,83,2.885,1106,11,7,2,3067,45,32921.7151,2683,621.3449,50280
5880,b767bf7e7d94fb8f81a784a97662a74816ec6754,0,1,0,2009-10-21 18:26:02,0,1049,4.8842,1049,1,1,1,338,72,20275.1914,2384,814.4191,68
5884,924c7e5fcb40c9c5afc789db9fe6c6f42ef706b8,0,0,0,2009-10-21 19:18:43,208,5888,0.0,6096,17,1,3,103,37,84263.0,12,600.2869,52544
5877,5987e304e55c8bb287a46b68c22765caccd80f75,0,0,0,2009-10-21 22:22:26,0,418,0.0,418,9,1,1,1198,86,82030.9773,2862,1267.3333,5869
5887,26971fb3ffe3036a0d552a72f65a3c9f13a4153e,0,0,0,2009-10-22 14:58:53,198,452,0.8975,650,6,8,1,435,78,60401.4854,3,799.7531,9
5881,7518f7ce9f012cf5a5bbcf976a1590a1b5531db0,0,0,0,2009-10-22 15:41:11,113,59,1.3603,172,5,3,2,170,31,38489.747,231,739.0708,608
5882,bb32068268a2d6e999a2c13992a09470a3d4f1fc,0,0,0,2009-10-23 03:06:46,10,261,0.8066,271,2,2,3,32,22,13237.8732,2628,726.6033,41241
5885,4d2b25713f1105403a3c6ca40c5a9f18c8937367,0,0,0,2009-10-27 02:25:50,20,3,1.2633,23,3,2,1,32,16,26610.9247,141,744.6637,43285
5878,ad01178e373756e90c136bac4d30a6a79ef140b9,0,1,0,2009-10-27 14:40:06,99,77,1.1076,176,2,3,4,142,33,78356.7099,2784,638.1053,45375
5888,0287d0dd8749d7bbb0e8474b3b5d42f7a77b303a,0,1,0,2009-10-27 14:40:18,181,178,2.1197,359,11,7,2,217,43,41824.9515,1,619.2275,49509
5879,160483cd19efcc51a66f361d3b015c32743eec81,0,0,0,2009-10-27 14:40:23,731,23,0.4273,754,3,2,1,2074,33,42817.7989,1,709.8723,48966
5889,4856460f0e927761d8b321092c877092bce41569,0,1,0,2009-10-27 14:40:29,251,661,1.5961,912,60,3,3,184,46,48859.4486,2,626.0624,52920
5901,128cb03a5f3eb77b6015840f87ac6dc8bf01e0d9,0,0,0,2009-10-27 14:53:18,94,37,0.9089,131,5,4,2,999,39,12415.0943,2,725.1711,55778
5906,f6b54dfc6bad86912ca8944d4d4944cd9a41c230,0,0,0,2009-10-30 02:40:35,36,902,1.3626,938,4,3,3,2530,82,27311.6762,2,696.2231,56323
5883,ccafdada1384428f42e3da3e9a507759ff170993,0,1,0,2009-10-30 15:42:09,40,114,1.2454,154,4,2,3,187,29,2337.9061,2698,758.4956,50644
5894,f170a9dfadbab924996e4ecaf1bf16f6a2f1bf10,0,0,0,2009-10-30 18:27:44,8851,1096,1.2895,9947,2,2,1,74,23,10493.2265,2862,686.6183,47581
5902,1794fbed23a83abb7c6285ecb69628f90382686f,0,0,0,2009-10-30 19:45:38,22,5,0.4091,27,2,2,2,2371,32,12878.7206,2722,725.7663,44153
5886,4d256f66550c34d047d30faf3ac7392c2977b047,0,0,0,2009-11-02 19:38:25,34,465,3.7384,499,2,1,4,195,28,12041.1958,734,706.9601,3040
5893,3678daa0be6e88821b3a61e20c78493d6f119449,0,1,0,2009-11-03 02:24:05,193,150,2.2903,343,10,4,2,265,41,43721.388,2702,612.4984,52267
5908,46e5f23e1bb6cf374d0d89ecff40c84a1824b998,0,0,0,2009-11-03 02:24:12,516,26,1.5516,542,10,3,4,2611,41,4774.916,2707,627.8058,43308
5904,e946c6380637b10dc8ec9e257fbfdf47b175dfd3,0,0,0,2009-11-03 02:27:43,1507,4063,2.0187,5570,8,4,2,2676,34,42464.3275,2768,642.1353,50826
5897,a08630fce0e430800d4beb0235ab199301be4f71,0,1,0,2009-11-03 03:12:16,305,2099,1.8227,2404,4,4,2,178,32,78461.0,1,582.9505,56497
5905,e488d2666603adba491e5eb2b41681e8ef7d9fe3,0,0,0,2009-11-03 14:48:18,359,1096,1.3512,1455,5,2,1,196,39,59953.6516,2862,647.4144,47991
5890,f6b71a507dc203360f0b122e5f470d27400ce2b3,0,0,0,2009-11-04 17:07:37,48,465,0.326,513,1,1,1,2211,89,66226.7006,2800,710.2681,9572
5912,538dc69515f517303c6ba19e6fdab35f8a25b2e4,0,1,0,2009-11-04 17:07:49,8851,54,1.503,8905,4,3,2,100,32,23036.0583,2862,692.0266,52220
5898,23dd57230d9ef539a622291d92d92e4e4dfc9f01,0,0,0,2009-11-05 13:35:57,873,5096,2.3504,5969,1,5,3,62,16,82786.7704,12,733.1026,47525
5910,f77ec79a8b2b36a7928d13df7393509aa3859f97,0,0,0,2009-11-06 17:56:35,123,57,1.7039,180,4,2,4,226,29,20470.9719,1,640.3006,48467
5915,b3b58932f352a01c87bfe66590044c99d16b4a5f,0,0,0,2009-11-06 22:17:09,169,15,1.445,184,3,2,4,132,23,52613.0514,2862,616.6762,47201
5899,1e7b673cbea63fbfee742401e24c255ddc606eb4,0,1,0,2009-11-06 22:17:14,4,526,2.2161,530,7,3,2,12,11,1144.8597,2814,703.902,47392
5914,d6977789cdfb66d80a4ec50a8541bb6807aff0c4,0,0,0,2009-11-06 22:17:18,62,36,1.7973,98,3,3,3,56,37,34164.8246,20,604.1428,42838
5907,8f85a51e643c904ab4f80ba98234dcb1e384dd40,0,0,0,2009-11-09 17:26:30,144,2,0.0,146,1,3,2,1533,2,81807.15,2862,23.4566,871
5911,b294cd555a99b40756d5ce5a5aac96dcca890c19,0,0,0,2009-11-09 19:32:09,44,100,0.8018,144,4,4,1,48,10,61494.7562,550,1267.3333,8360
5909,a905e9b3bcf87b8834128d2e90303d2fb7eefad7,0,0,0,2009-11-11 15:34:40,349,181,1.1185,530,3,2,1,2460,41,32295.0776,2703,591.1761,43832
5916,93c5afa5c98de25aecc9a13ff9a9ec833785c184,0,0,0,2009-11-11 15:48:45,4,50,2.1995,54,6,3,2,209,43,20851.7263,1,622.792,51098
5922,321848d09c86fd8d78331fe0ef59c5b97a3afa8e,0,0,0,2009-11-11 16:11:36,91,95,1.086,186,3,2,3,34,2,64841.7815,2584,717.9433,48885
5921,d0db57ad10e09564e58753c789f01c006c0f2168,0,0,0,2009-11-11 16:11:44,263,122,0.6907,385,6,5,2,151,39,46965.7508,2,720.719,55615
5920,2b8c1cec9ac40273a1491ebd697caf8431dc83a2,0,1,0,2009-11-12 03:37:15,25,1014,0.7563,1039,3,2,5,148,39,38693.9702,20,685.0105,47094
5925,0485f532a49b507b1e9eb5d0e9e8ffcc683d9ba5,0,0,0,2009-11-12 15:26:17,344,2,0.8755,346,47,2,1,41,39,54110.6388,2785,720.0322,44531
5930,183f51dc2167a3ade932413505712543a690315e,0,0,0,2009-11-12 17:03:52,74,902,1.0469,976,58,6,3,332,36,39832.2802,2,599.3347,52918
5919,01a2b07711d25f867ade855c5977f927afcddef2,0,0,0,2009-11-13 02:34:31,9,54,0.0373,63,4,1,1,629,3,27892.5622,2815,712.6959,18
5931,6ede8c5d91f334ff0e06197a3d1fbc4ec9480137,0,0,0,2009-11-13 15:18:31,10,87,0.054,97,1,1,1,61,36,4.0,16,627.5686,44483
5935,f3cdaa96b70d3b1b558abeedd4a893a9ead30d01,0,1,0,2009-11-13 15:57:31,66,261,1.5131,327,10,2,2,122,48,43685.0975,2862,1267.3333,46252
5933,e734d837a09a82e43d2e04a53c6921ccd3bc11ac,0,0,0,2009-11-13 15:57:34,56,24,0.142,80,2,1,1,6,3,2884.7042,2726,599.9174,43214
5937,f21052e91684e16ef2511f288718ccbf19ec13fd,0,0,0,2009-11-13 15:57:38,19,7,0.0,26,1,1,1,26,3,86384.0,2805,646.4736,45414
5918,266e94f320b47532761bad3972e5e2a5a664ae70,0,0,0,2009-11-13 21:00:39,1333,48,1.1273,1381,5,3,1,125,44,15637.9124,15,627.0126,48532
5927,b5f326383980fd3a2f9eb883189c29d54fe1f972,0,0,0,2009-11-13 21:00:44,6781,60,0.2656,6841,30,11,4,2603,14,21612.4078,2862,616.6762,49325
5900,050752c70360fe8cae9803f3db15dad2fec224fc,0,0,0,2009-11-14 21:05:56,42,16,0.1057,58,47,15,1,2,23,84183.3999,120,46.043,1152
5923,0801f420e5ca7a03f2fc5b9c9f67e5b037f99ebb,0,1,0,2009-11-14 23:49:55,8851,1096,2.0112,9947,3,3,1,160,43,26697.9568,2862,657.5253,48175
5936,58f585f6056b4990b010d84337ed2e91b27f2e33,0,0,0,2009-11-15 08:06:32,2423,868,0.2372,3291,2,1,3,35,26,35101.5399,9,747.0442,48369
5940,f1279e961829fce958df6e9e68742798562f4ec0,0,1,0,2009-11-16 14:31:47,551,452,1.5726,1003,2,2,5,2641,42,63714.2838,2748,591.874,41812
5944,6691b2c295ffdc324cf460c73016b319c36e11cb,0,1,0,2009-11-16 18:22:14,234,90,2.115,324,13,6,2,2464,83,61108.9666,3,752.4268,46655
5938,b7a1c44333e32d765c47ded53f761fb746e4b4a6,0,1,0,2009-11-16 19:37:07,42,19,1.2117,61,3,4,1,9,2,21419.7088,2752,722.7625,44187
5945,a5bd08f421c647c3a472d231b24ae0d0a7101b9e,0,1,0,2009-11-17 13:34:06,83,123,1.6814,206,10,7,3,2977,0,67405.3349,53,794.5178,11
5913,6c37fb8b736ea2e6157f1c7f9ee7737de69a2ca9,0,0,0,2009-11-17 13:34:13,21,17,1.6397,38,2,2,1,2211,5,34665.2071,2837,657.7453,3040
5951,fc518cbb6a098f4f3adcd96a851155b4f6742349,0,1,0,2009-11-18 23:27:14,2809,249,2.5477,3058,17,6,4,408,2,43945.4704,2712,584.3847,56601
5939,51fa96187c5fb0383cdfbcde5047f11803440263,0,0,0,2009-11-18 23:33:12,18,12,0.0922,30,2,14,4,2211,18,37454.294,2816,689.9339,3040
5949,eb32e2775162b0171ec45a4babec254d3ad09c2b,0,1,0,2009-11-19 21:51:15,6143,1345,2.9719,7488,1,7,4,64,33,84342.0,2783,730.7414,42990
5947,ea10f851ba535b81456ea9ba98e50a4e2c87cf98,0,1,0,2009-11-19 22:25:07,41,868,0.0497,909,1,6,1,39,84,12784.5664,2862,1267.3333,937
5946,bae22eae6b81d79e035f43eedc012bb8bf09a9a1,0,1,0,2009-11-23 16:46:29,17,10,3.6368,27,25,13,1,101,37,63468.3967,2822,702.966,47136
5959,cb3b171079f248370206218df9e0b6aa658225f8,0,0,0,2009-11-24 20:27:02,43,38,0.1415,81,25,13,3,116,37,5279.5201,2678,608.8944,49936
5943,9c386dff60abf08d01cdd5a8559eaefc55d74a5f,0,1,0,2009-11-26 02:16:35,7,3,5.3576,10,2,4,1,13,11,23618.5039,16,711.1211,48631
5957,e0f5809386760f29147ccc16910dfe4ad83e1c31,0,0,0,2009-11-26 14:58:10,2423,868,1.0541,3291,5,2,2,34,2,53527.0765,2548,577.9204,46763
5954,f92915ffd53348415b848ba27729caffd917dbd3,0,1,0,2009-11-30 03:24:46,208,283,0.4934,491,34,2,2,80,90,14877.2663,276,49.3936,602
5932,36edc09be8479803b9cfe4fa9700ecc1c95f1f78,0,1,0,2009-11-30 03:25:01,170,62,1.0702,232,1,1,1,41,13,12942.9613,283,42.3354,646
5953,e65ce8dcd7c5d212c5325c57d5fae39c6bbca502,0,1,0,2009-11-30 03:25:15,161,1517,1.7191,1678,10,7,2,323,92,69335.6154,2862,1087.0833,58042
5941,afda4ac49dd272bf3253c1c00f56b1d156bd8e74,0,0,0,2009-11-30 15:25:59,264,40,2.0,304,4,1,1,11,10,44669.9448,238,25.6942,23
5962,8e08487c26f719c1e41ae36daafb7d0be76d70b1,0,0,0,2009-11-30 20:00:04,1006,23,1.3847,1029,3,3,2,52,85,39879.8356,2782,619.5753,48476
5958,578fd0ef3288792cd0ea09e122bbd460f4ade0fb,0,1,0,2009-12-02 18:32:25,82,5096,0.6467,5178,2,1,1,39,14,79437.6997,216,24.744,54302
5964,eccbe75a382345ece044596feb5b706f6106f45b,0,1,0,2009-12-02 18:51:45,103,27,1.578,130,4,4,1,243,47,65279.0562,6,620.6,45258
5952,360d9b6a9807e76f8d9ff71b388008127f029683,0,0,0,2009-12-02 18:54:07,247,36,2.6168,283,9,6,2,79,30,47800.6755,1,744.9491,51774
5967,0a7e6d10879221549f0b451e9b5235629c7485fd,0,0,0,2009-12-02 18:55:51,41,77,0.6331,118,4,2,2,138,37,38304.13,2686,756.6908,50104
5978,9cc162d77695e4f457884c7d3dd1ef30f75e06b4,0,0,0,2009-12-02 22:41:23,8851,55,3.3874,8906,40,2,6,112,2,27656.5662,2862,692.6023,49667
5966,83cce240bf61efe41c2074b8da4958794f15b123,0,0,0,2009-12-03 19:17:03,53,12,2.6585,65,9,5,3,123,85,45914.5509,2725,637.8967,55802
5982,ad4ef2f87e6ad795be17e26d5c82afd9187013cd,0,0,0,2009-12-03 21:03:46,6781,950,1.4831,7731,2,2,4,2603,34,18298.3738,2862,616.6762,44722
5961,6c6f0c138e096dc50806132702a350d9fb642f3a,0,0,0,2009-12-04 05:30:38,341,1096,0.1544,1437,40,2,6,2342,13,34159.7083,2862,692.7541,48130
5968,eff8c611575685b6df70eaf0e46639886c283ef9,0,1,0,2009-12-04 21:13:30,10,11,0.7967,21,1,1,1,12,14,39671.7415,6,686.7892,45319
5983,02a562a3a0fba04c94f48cd56b66af587481077a,0,0,0,2009-12-04 21:38:53,80,182,0.122,262,34,1,1,97,39,84263.0,12,608.2104,44693
5971,23aa01beca4d7637b037ee85b87090cb1dff8bcf,0,1,0,2009-12-05 00:27:18,218,590,2.1167,808,7,4,2,208,34,25125.5283,6,747.9429,43782
5969,9e0ee8f269e0a389517b480a7cc9693f9073e742,0,1,0,2009-12-05 00:32:32,8851,79,2.1849,8930,8,5,2,57,0,1465.3779,2862,707.9124,46931
5974,75db7b59b7ff63d04a6d455ffadf6356be6accf8,0,0,0,2009-12-05 01:44:41,1020,17,3.4069,1037,26,1,3,6,11,85607.1747,2862,47.3615,54540
5975,94b55880bfed741fef559a0d43331cde8338b568,0,0,0,2009-12-05 05:27:19,114,1572,4.2824,1686,3,21,1,205,21,5872.7714,239,45.6177,774
5980,bf6ac62695b781793c5781fd3191d5a0a31dfa4d,0,0,0,2009-12-05 05:27:38,10,9,3.7795,19,1,1,4,48,15,1253.2663,139,46.429,604
5942,bbfcb18ae596fd314abdeaa3078352e22e11cf87,0,1,0,2009-12-05 05:27:48,108,17,0.8317,125,96,1,1,29,6,33986.9648,224,62.3378,59905
5973,987aed491c30a1e4aa2a9d9200dd6627478a803e,0,0,0,2009-12-05 05:34:44,3100,774,0.129,3874,35,1,1,1329,17,1906.5937,284,47.7526,642
5981,b8c65fadeb558a0bbd937cd4b15082547e62697c,0,0,0,2009-12-05 05:41:34,358,147,2.3676,505,13,7,3,12,16,6750.3494,468,1267.3333,54302
5987,fb2cbc892206268e0f7d2d825956fa2c5757fd2a,0,0,0,2009-12-05 14:22:25,6143,0,0.1842,6143,2,7,1,75,36,84342.0,2480,505.777,9649
5976,c2709044d377ac880edf74748a1ad0688ee1135f,0,1,0,2009-12-05 18:44:25,1,159,1.2173,160,1,1,2,246,5,75560.5121,35,9.289,1299
5986,ac398bd0a755cbd9ba34a99a99351214784f9018,0,1,0,2009-12-05 18:47:55,0,171,1.7114,171,2,3,2,79,30,47208.9853,166,1267.3333,56165
5990,b6aa09fa148305668cbd8024c394ae68ca6235e5,0,0,0,2009-12-06 01:46:40,77,948,4.025,1025,2,1,1,150,30,20521.1501,2862,1267.3333,56165
5996,08479960ee33534926c282d42f8c7b0b4e8ff5dc,0,0,0,2009-12-07 17:20:33,327,9,0.9688,336,2,2,2,2371,39,61940.1777,1,630.789,49481
5979,4a6b002090bed02d91465821fe00fa61fcba26c7,0,1,0,2009-12-07 21:20:25,135,268,2.5318,403,10,3,2,3067,28,66104.0958,2732,624.8454,50320
5997,c8664861b7c3744bb29925646d1bc61862d1aaaf,0,0,0,2009-12-07 22:50:31,1205,948,4.025,2153,45,8,4,110,25,72970.8193,2735,714.3042,49445
5995,71084e306eed1415b6f83bd5d05f4d7fc2d69949,0,1,0,2009-12-07 22:51:46,253,110,1.6794,363,11,6,3,3067,33,15158.4311,2774,740.5249,59139
5991,8417db8fa9b75ed27dcfa1e56263d92ab97c80f0,0,0,0,2009-12-08 06:19:30,3984,25,0.6293,4009,3,2,2,48,27,31237.4512,2783,623.8773,2
5998,ccdb63acfed5dd12a203d69b0ad2310901224e0b,0,0,0,2009-12-08 06:24:10,607,15,0.1015,622,25,1,1,73,33,85689.0,2826,695.0326,45099
5963,44bd6cfe6a8a5520f1c41d82610ca76152f49eb1,0,0,0,2009-12-08 23:33:51,987,1572,4.2824,2559,4,2,1,174,9,57422.277,252,46.0825,462
5992,dc750650cc879e344e33ce2fc33e0e9029983568,0,0,0,2009-12-08 23:33:58,119,774,0.1148,893,35,1,1,49,17,84801.0,285,40.3245,658
5950,e3ec99843325c1326e31e3f33eb418fa5b7c0d91,0,0,0,2009-12-09 05:02:32,276,80,0.3998,356,3,1,1,2444,89,22828.4401,2493,503.3255,39129
6006,d267cf77bd9f87389997d0c4b990aa799bc6cfda,0,0,0,2009-12-09 05:49:03,1537,48,0.3643,1585,3,3,3,213,87,7689.5414,2862,1267.3333,49923
6005,5b86c3dc0085c1c9f35f9c5e410fabb0bdf366f5,0,0,0,2009-12-09 06:32:37,7,8,4.4362,15,47,1,1,20,7,26661.6086,2809,644.9696,45448
6007,e98ecd7afc6cba61503a26ee44dfe49452ad2b86,0,0,0,2009-12-09 06:33:08,996,977,1.4096,1973,3,1,1,259,39,12973.7795,1,627.3988,44572
6000,27cadba02769ec7761b9f7a60c4e18f3f5a750c8,0,0,0,2009-12-09 16:36:31,236,205,1.6241,441,7,4,2,290,55,58543.4974,2772,629.9899,51851
6012,ea30613ff7d3f59b643de2c98c6b1b4b7fc72238,0,1,0,2009-12-09 16:37:03,263,344,0.6695,607,4,2,5,59,50,46778.6568,1,629.8991,43422
5994,798af777aea81a3fb671fab17b78a373f2e562ea,0,0,0,2009-12-09 16:42:07,11,214,0.1065,225,47,15,1,13,20,3310.7823,6,711.5604,45296
6003,03dd532cab804535a4b9d182e66259ac835e5901,0,0,0,2009-12-10 21:53:25,2663,6,2.6151,2669,1,1,3,133,28,63368.7973,2788,722.5146,43089
6010,65e99f98d257fd5873f831bf97a173309acbb9b9,0,0,0,2009-12-10 21:53:46,26,234,0.2516,260,1,1,1,55,2,82021.0832,9,601.3961,49141
6025,b4cae0372064886989d0e6446d4c70598aa1dcfc,0,1,0,2009-12-11 04:12:48,14,4596,3.1519,4610,16,7,5,2443,87,20081.4776,2505,528.5736,33
5985,0967566af3321900ff704ed89cb3d0775038b700,0,0,0,2009-12-11 04:25:00,4,90,1.9219,94,4,1,3,1963,19,646.1075,44,631.4606,48339
6013,a176698bdf3d08a38806182284e5f94d285a41e6,0,0,0,2009-12-11 16:09:13,8851,46,3.3874,8897,40,12,6,256,33,45251.0079,2862,692.3512,49114
6011,704c9157fe5a56edcf44cffbef2506e17910c75c,0,1,0,2009-12-11 16:59:57,2443,286,0.0,2729,16,7,2,62,37,52384.7312,2476,802.1132,51817
6017,6317ab06c2bc70d43580be29cec792045db437a2,0,0,0,2009-12-11 17:00:21,6781,113,4.2732,6894,4,1,4,2603,91,59263.045,2862,669.3069,3701
6001,5bcdbcfa271643579d75f5d7a4328df93064ead9,0,0,0,2009-12-11 17:11:40,48,30,0.1417,78,5,3,2,2112,23,34585.333,2773,649.2134,56239
6016,db9a22aea179879fc648f232f616f7f488135c4a,0,0,0,2009-12-11 20:16:38,513,69,3.3874,582,2,2,6,2342,11,10884.3829,2862,711.0481,48676
5999,70e0eee7918b02a08886332d03f41f9343678073,0,0,0,2009-12-12 14:52:20,480,60,3.3874,540,3,12,6,141,17,33747.1814,2862,656.3197,43152
5993,040f924ded78f158c9882732c2b6007278c7a70a,0,0,0,2009-12-14 19:39:44,8851,29,3.3874,8880,3,12,1,255,25,5386.0007,2862,631.6887,6388
6020,477755128b87289c41a8f7ee1a706e893dff203e,0,1,0,2009-12-14 20:01:49,39,1249,1.0383,1288,82,2,1,67,17,14489.3202,2811,685.1845,45637
6004,b49b66994fff6d14145521fb2a69c266e444cb52,0,0,0,2009-12-14 21:17:47,12,0,0.0523,12,7,1,3,4,10,82670.0,376,74.7796,54302
6022,cf6a75e1774965afa44da45f908a6860541c06dd,0,0,0,2009-12-14 22:08:42,11,6,0.7824,17,2,2,2,2371,21,20350.0349,2773,711.4366,44490
6031,82d843bad887b2858c94f559d66a55bce37fc3a9,0,0,0,2009-12-14 22:29:26,264,44,2.0,308,1,1,1,4,8,30955.1929,16,656.5144,45609
6027,9e63f55890fb19108cb177318098a2e4f021f5b1,0,0,0,2009-12-14 22:32:06,7,214,4.4362,221,47,1,1,44,10,1152.311,6,701.3374,45331
6018,dc519a18e01db7182babe13e47e6d3ac82b09361,0,1,0,2009-12-15 03:31:34,40,11,1.4191,51,3,2,1,2177,80,38707.5952,449,100.359,3516
6026,77879d5b0633e822371df750e524b400304e65b0,0,0,0,2009-12-15 22:28:53,2598,1360,0.0875,3958,30,2,6,2696,21,75642.5,49,16.74,29
6029,f2413f7e34aab3ead05fe16ef3cdbe1c79ca73a4,0,0,0,2009-12-15 22:32:30,461,29,0.9932,490,2,2,3,39,9,72919.6667,2862,47.7812,1126
6019,c10813c98b9dafc269e2dfb7ae38671ea3898f64,0,1,0,2009-12-16 21:28:55,468,449,1.6867,917,7,7,4,160,16,41213.6358,6,741.4944,52645
6038,746be6746f03477f66e120cd70875583f80329f7,0,0,0,2009-12-18 16:24:05,96,4596,0.4797,4692,21,5,5,2443,86,65032.7266,2571,534.0139,54054
6015,d9663f5eb6aed9b61b1d92200d5d0646c6a20c3e,0,1,0,2009-12-18 19:01:00,1205,89,1.6908,1294,8,3,1,91,29,42565.1907,99,98.3117,3604
6037,beba91e885c450a4542823da955c677b01d66a17,0,1,0,2009-12-18 21:53:27,2537,352,2.1696,2889,13,7,4,356,80,53960.2188,2698,584.3405,57751
6039,720c49a277e8d609b271cf94c3b75dee46f9da16,0,1,0,2009-12-21 18:50:09,975,422,1.4777,1397,11,4,3,33,83,50159.7667,3,550.313,13
6047,0eea2131c0ed8cc68bee8082cf81b40c8a7872e2,0,1,0,2009-12-21 20:25:13,249,60,1.7959,309,7,6,5,2932,89,36533.5673,2733,761.565,47670
6035,be98e4f5b50dd16ad816c5506f4fc9ce3aedaaf2,0,0,0,2009-12-21 21:00:36,3,7,0.0,10,1,1,1,586,4,11029.9394,209,71.6377,1136
6040,e90d7790e7d7611a0101ab2eecf69bd78b7595a2,0,0,0,2009-12-21 21:17:32,6,9,0.0,15,1,1,1,586,37,74845.0157,195,6.5794,46227
6030,693a8a9db8df9a59034ce23011026c48c8436e8a,0,0,0,2009-12-22 20:35:30,331,63,4.2732,394,30,2,4,212,31,78788.2212,2862,670.7248,48720
6034,547aea8fe71d93d39c5cc92d035aed9bdd6bf83a,0,0,0,2009-12-22 23:14:35,1206,111,0.3646,1317,18,1,5,370,35,67897.4444,2704,575.3173,51538
6042,f3f28f8273f2d299eba2024d2b3bc33b255920c9,0,0,0,2009-12-22 23:43:37,264,2191,0.069,2455,1,1,1,170,32,4729.0664,16,607.4295,18
6044,efae42b47e0136cb284802bfee61922472b346b5,0,0,0,2009-12-23 16:08:29,23,465,3.7384,488,25,14,1,97,5,67833.3781,2792,641.9994,45010
6048,278f77eafd6a03805a3635da0d50cb387a348494,0,0,0,2009-12-23 19:03:25,135,19,1.2791,154,4,4,2,271,88,44361.569,2706,716.8012,48209
5989,453c8171d9b3472c40d946254d6a6fe1ae59fe87,0,1,0,2009-12-23 19:18:05,374,541,1.2274,915,10,5,2,269,30,48561.7862,1,639.7606,51837
6057,b4c7f55afe4ecfc98bc88ec3e54d5f79cbf3b244,0,1,0,2009-12-23 19:18:46,0,266,2.0992,266,10,6,1,455,52,37437.594,2570,798.3059,49093
6050,090e9f8f10e890f4c1e3177e945d8facccc95cd8,0,1,0,2009-12-23 19:19:15,116,15,1.4678,131,4,3,1,177,55,32111.7816,734,718.3811,3040
6036,1954f8252b3122fd467dc2d6c599ee6d56ce1e33,0,0,0,2009-12-23 19:19:38,1720,77,0.5785,1797,4,2,1,48,28,80442.0,3,732.1964,41406
6046,b2b057ffde14e4bb15a8d13f87cdca2d22c1a3b2,0,1,0,2009-12-23 19:20:16,8851,7,1.6226,8858,8,3,2,110,28,10266.2487,2862,653.0981,52900
6056,76de711564fd7fb4ec1036ad57e844275df0d986,0,1,0,2009-12-23 20:05:53,27,17,1.0712,44,3,2,1,1356,6,4140.937,2832,697.2573,6
6049,0642a536ba8402c1debd63d6a04481419265a8cc,0,1,0,2009-12-23 20:16:08,51,25,2.0621,76,7,3,2,4,81,15159.056,2,756.5316,45665
6043,ced475ad6ef5d27733b4656ab636a1cce017d774,0,1,0,2009-12-26 00:24:56,412,75,1.12,487,3,3,3,24,81,17145.4896,2862,694.9967,54989
6051,7d4e29bc4111ca22664bb3684ce8cb42ad8c4d96,0,0,0,2009-12-28 15:43:14,96,440,0.1417,536,41,1,1,190,9,59709.0,3,600.1847,44374
6052,ca5e5f0e9d6f1413bdde3fcfbdfef552bcb105d3,0,0,0,2009-12-28 15:43:41,873,5096,2.3504,5969,1,5,1,1198,7,78741.8146,2736,707.156,44786
6070,95eb8717509e8058e67c3c5893a14cc4548c7f94,0,0,0,2009-12-28 16:03:44,11,50,0.8613,61,2,11,2,225,85,41930.0648,2,726.9578,51576
6032,3655e91f56a5ef3bfcadc3d0c48601cc78c17d14,0,1,0,2009-12-29 17:33:24,58,2911,1.15,2969,6,5,2,158,11,53034.8279,2,712.6444,56292
6064,433a0f9089d6c6fc728bfb0d9af779c29e14e55e,0,0,0,2009-12-29 21:49:36,25,15,4.4362,40,47,1,1,1356,6,7448.2091,2808,639.0685,45116
6041,c7b8853246cae06c0b7ede8f3657e2db92991840,0,0,0,2009-12-30 04:50:43,199,261,2.0,460,1,1,1,26,4,50083.6859,2793,718.5862,44352
6061,0e52162d492a7e9141b484bb317451559933c106,0,0,0,2009-12-30 04:58:01,436,52,4.2732,488,30,1,1,180,91,7032.6941,2862,616.6762,41655
6062,d6d4a4fe185c332e1e8f6de5e2f1385f89f74451,0,1,0,2009-12-30 22:20:32,1466,11,0.7056,1477,2,9,1,2729,31,9236.7777,247,2.9985,1173
6069,7594c1ba49744d9e6ed3a797e1b3b8dc5fe8f244,0,0,0,2009-12-31 00:28:03,53,336,0.1209,389,26,12,3,9,6,85822.0,2692,602.9174,43094
6058,7a58ca6d8df4fc9fd61f5da7ba190ee9bc93c1ef,0,0,0,2009-12-31 21:30:10,158,138,1.3013,296,6,3,3,48,3,34615.9385,2624,561.3974,53411
6071,ded4585812a540f99189247cb0134f276d821ad0,0,1,0,2009-12-31 21:31:01,564,456,1.3016,1020,7,6,1,470,17,18562.8367,2610,557.6144,52794
6063,b2c2a6031a8e686092801b12f649b498623b667c,0,1,0,2009-12-31 21:32:13,425,27,2.6836,452,14,10,3,46,38,15117.0533,3,576.2181,21
6066,89490e39b4df040f353df0fa8c5c8c03f17dd7a6,0,0,0,2009-12-31 22:42:38,23,3,0.0492,26,2,2,2,157,87,44779.4797,132,1267.3333,3459
6073,d0c1a8431930359350bd2f536223d5615e5cfc22,0,0,0,2010-01-01 03:54:04,7,214,4.4362,221,2,15,1,1356,2,33323.7307,2809,985.1928,1022
6080,4aff8fadb7611aa60cfbb0edae5e6347ec46be68,0,0,0,2010-01-05 04:05:26,144,20,0.0,164,3,3,2,119,24,26091.6126,2764,1057.1941,43617
6078,2b37194d05958b1e508e6e3e1891a4e09ea2d00d,0,0,0,2010-01-05 04:06:16,2,8,0.0224,10,1,3,1,64,18,18.1786,80,984.5623,45550
6081,a96bdf32395b82e791692d82c5c91f77bc8ef193,0,0,0,2010-01-05 04:06:38,13,23,0.0475,36,2,15,1,14,20,971.3384,2812,1021.0153,6
6045,c065da73ee8eb58ec9c8c1b800f843dbed8c08d5,0,0,0,2010-01-05 17:28:41,100,19,2.0989,119,5,4,3,84,86,75419.6034,1,952.4002,53557
6077,04d5ec33b2011f6d275b8d2f9ee29dcafde203cb,0,1,0,2010-01-05 20:33:44,4,0,1.9375,4,4,10,6,267,85,31619.3413,24,363.3382,10305
6086,aee99e3b91f425cc811f3432c360caa42223db10,0,0,0,2010-01-05 20:34:04,29,8,1.994,37,6,6,5,186,45,31287.9616,138,214.5543,56836
6079,790ad96c50b8d91def38d98231f0142f6d6c0656,0,0,0,2010-01-05 20:34:44,21,23,0.2553,44,1,4,3,5,2,10.0,490,215.7857,5056
6082,775d0522ef359ed6571911235a65271b8af13eb1,0,0,0,2010-01-05 22:48:51,3100,17,0.0946,3117,2,1,1,30,2,6065.5019,391,154.4079,627
6067,e40894eff1a86e995baa6c5683d23d3e86440ae1,0,0,0,2010-01-06 00:50:31,87,45,1.4114,132,6,5,3,41,49,12377.413,2720,937.01,51490
6083,dcaf84e356d1538092c1cc9b68034a55bc1eba4f,0,0,0,2010-01-06 13:59:30,1507,184,2.6828,1691,7,5,2,8,41,69160.9513,351,123.1664,4375
6074,d6bdce610d2cdf7d319279c7f2b31f91faa4a4d7,0,0,0,2010-01-07 02:56:16,181,21,1.0675,202,6,3,2,52,8,39421.6508,2496,1139.4223,50243
6088,33acfcd657bfdd844960de2d6c816a9be1e6f0aa,0,0,0,2010-01-07 02:57:14,75,99,1.0306,174,3,1,2,204,33,21195.0099,1,1028.8728,48864
6092,b40af751144c1859d3a866195a92ad3ecdd35b63,0,1,0,2010-01-07 05:46:30,769,93,1.9458,862,7,4,1,234,46,25279.0915,53,1076.3903,48914
6095,c57d509272f2b32ea2667b35cc4b6889c6ed8d2e,0,0,0,2010-01-08 03:40:18,607,465,0.0208,1072,1,1,4,3,14,79695.0916,734,992.9928,3040
6090,1fd3a574a14730ffec536fad1183b6dc7653c042,0,0,0,2010-01-08 03:58:18,46,16,0.6067,62,5,1,5,289,28,28214.797,3,1030.0494,43952
6093,98c267fe9c01223279c8968197acac6df2435467,0,0,0,2010-01-08 04:18:20,97,52,0.0,149,10,3,2,181,35,20010.2542,22,5.9806,85
6094,c30c366885f4921a310e23fe5129a3cb44a350b5,0,1,0,2010-01-08 15:45:38,52,31,0.042,83,1,1,4,5,16,72123.5898,2842,1007.6654,3040
6096,facfe74ac968d952c1fac258433ab46bae2c8757,0,1,1,2010-01-08 15:46:22,15,34,4.4362,49,47,1,1,202,30,23594.4691,6,979.4029,6
6085,53854bb68cb08eeaccd0ddcb59c896b20ceca3b9,0,0,0,2010-01-08 15:58:38,1,9,2.0234,10,5,3,1,2148,24,54012.1096,2862,829.7167,47769
6101,d89a63c1157ab956b7f6e1da2dba0ddac42e4354,0,0,0,2010-01-08 19:31:38,8851,1096,3.3874,9947,40,12,1,29,30,51039.0046,2862,992.0224,47110
6104,f0a78bf6d85c4c1f447f0e37f7870b460241b4b3,0,0,0,2010-01-11 19:11:25,607,5,0.0313,612,1,1,1,2211,0,84363.4298,2846,1017.7649,3040
6065,6b5d8bf8028c04db5d167543d006da901eb01663,0,0,0,2010-01-11 19:59:58,103,108,3.0537,211,17,7,2,334,43,54721.22,20,970.6179,55555
6098,a6cd2727d02a88a10c910b4b62267aba82367efd,0,1,0,2010-01-11 20:14:53,351,320,1.4913,671,10,7,3,282,34,3681.8732,2556,1091.4267,33
6108,915bccd356b5512d6a55ee8d35b85a8f01426544,0,0,0,2010-01-11 21:19:43,126,719,1.2013,845,96,2,4,2112,21,36240.625,3,1054.122,42727
6097,2826d3a586b82ddb227952ad4235f94622a010d0,0,0,0,2010-01-11 21:20:11,176,50,1.9399,226,6,2,2,114,27,82596.0,2725,899.9698,45624
6105,bffe9edae1de49ce2c627deed6606b7d93a7af17,0,0,0,2010-01-11 21:20:34,182,126,0.4825,308,1,2,6,79,19,28713.1845,2862,1016.5728,47248
6110,e6df900909f262177956651c1aa30aa07cacb51f,0,1,0,2010-01-12 04:03:47,75,71,0.3046,146,3,2,1,221,32,33305.4888,2817,1017.5375,45705
6100,ab800ad8e49b01558f29c32cbacb00c2e4dee7f1,0,1,0,2010-01-12 04:04:13,80,13,0.5448,93,4,2,1,281,36,9621.719,27,1065.5454,48987
6109,9a486949a7d4dc941e05462504e5dabbbc391950,0,0,0,2010-01-12 04:05:03,109,55,3.0752,164,11,6,3,361,39,31230.7339,16,1041.0741,52591
6107,27f17db6f8f5f6675d5af5f2261f8d75c2a74bec,0,0,0,2010-01-12 04:05:28,8851,17,0.6672,8868,2,1,1,171,29,675.2111,2862,1003.2826,45701
6120,f306ebf31dd5ea22685ade4f07129c6e1c05f888,0,0,0,2010-01-12 04:05:53,19,97,2.7951,116,4,3,2,214,44,11225.3252,2862,989.8865,45535
6089,580039208ae12b07bb94e1a924f201e5e923b19f,0,0,0,2010-01-12 16:47:23,71,19,3.3063,90,15,1,1,19,6,41909.7117,12,948.8742,44079
6102,5f94fe125f2460ab903f203daa452a3d96c7338c,0,0,0,2010-01-12 20:33:12,8851,1096,0.0623,9947,2,12,1,57,25,2510.117,2862,990.5907,45080
6111,3f56f6b4dd975e4eaed65c9f27d0d50b1b6b5788,0,0,0,2010-01-13 15:51:09,8851,18,0.0756,8869,2,12,1,32,32,40626.5361,2862,983.2692,45451
6127,6c73383ee2f4d858b5ebe1bf44b00e7b4c635f37,0,0,0,2010-01-13 17:43:24,26,17,1.1709,43,3,3,2,30,89,38085.1897,2862,829.7167,51173
6106,70e1ee304c8b92c50e014944cf5955b438352c24,0,0,0,2010-01-13 19:13:39,996,45,0.906,1041,3,1,2,315,44,37785.0266,2728,941.815,56278
6116,0e276b5ab0eacfdd4c96d101cf76a0ae7dde4113,0,0,0,2010-01-13 19:14:02,3,813,1.0947,816,3,2,2,247,28,39712.408,2804,1024.0774,6
6130,22abad7a67a57f26f3bc1a26af4e26d9286e6d69,0,0,0,2010-01-14 16:47:52,33,4,0.4367,37,2,1,2,2371,81,14.5,318,144.3027,54302
6103,b0d6e5c9f7b75e876cdf89659a21cb817d032556,0,0,0,2010-01-15 03:01:11,996,69,0.8938,1065,3,2,1,147,14,24989.1966,1,933.3631,48327
6115,820390faf1491004edcd9dcc1706faaa647e18da,0,1,0,2010-01-15 19:36:11,104,239,1.7582,343,4,4,3,2661,16,32280.4472,1,1036.2786,51897
6123,a2e2c03435d453306446d19c1000a95089fd8d22,0,1,0,2010-01-15 19:54:58,47,189,3.6509,236,25,9,2,33,38,43708.6218,15,1105.7213,96
6118,4af857ec1162869f0b5a8898097bf2d19474ab15,0,0,0,2010-01-17 20:44:50,230,764,0.4329,994,4,2,3,197,85,74286.3314,559,245.15,4316
6119,52ea6c60d27a8588efca28bdd3de7d11a30ddc31,0,0,0,2010-01-17 20:44:57,10,2191,2.0,2201,1,1,1,2,16,85111.5099,369,176.7153,46227
6121,25278e78ed2f51668d35f5c992e305ad43d7f6d8,0,0,0,2010-01-17 20:45:04,996,977,1.5713,1973,3,3,3,2539,17,20544.2998,304,138.3689,58042
6124,72a9a4eaae36c3acd59a46461e1ceaf88bfce356,0,1,0,2010-01-18 15:51:00,32,178,1.5213,210,5,3,1,183,26,25888.5333,6,932.4514,49143
6125,45b9525c1c1a3a3f7a5da0e56be93bdfeb8aab9a,0,0,0,2010-01-18 15:51:43,180,99,0.58,279,2,1,3,2297,89,44.1538,2718,1059.0356,47531
6133,3473ca4ef04c33a2ef4e96d313c3af0f1ca676ba,0,0,0,2010-01-18 15:52:00,152,1096,0.375,1248,40,1,1,2342,91,1628.2613,2862,989.2308,43983
6117,4a601646726908197a622f01bd7ec194652a22b8,0,0,0,2010-01-18 17:13:27,6,12,0.0,18,2,2,1,86,7,38292.6361,5,1044.1027,49345
6126,edc48c258d3cad3f876f713a88f22ec43f94a24e,0,0,0,2010-01-18 17:17:49,589,9,1.1978,598,3,3,2,103,37,44617.8003,2862,960.4207,48021
6142,311c3e9095b8da22d684466088edbaae85e1e15d,0,1,0,2010-01-18 18:34:22,207,384,2.2066,591,9,6,3,337,0,54939.5,393,119.5749,4465
6128,a7c5c6f764100f516573c2f8b965374a4e56c3f8,0,0,0,2010-01-18 22:43:14,131,28,0.9235,159,1,2,1,85,19,13504.4983,2862,1013.8697,45467
6131,2f0e62c1a8fb1afd149ed125ebbfa5618c20e453,0,1,0,2010-01-19 02:10:41,19,191,2.2701,210,13,5,3,308,37,17043.3123,416,232.5644,5920
6129,721aaf0befddf81fc88f71f0a53a726e60268b9c,0,0,0,2010-01-19 02:11:05,82,1345,0.0502,1427,14,7,4,71,3,899.3305,311,179.8119,1268
6132,afbead3015c3f32a13b973d6203d971503c38a06,0,0,0,2010-01-19 02:11:54,26,99,0.0972,125,1,3,1,2297,89,36.8698,2862,67.2142,49967
6135,0e3f8dd1091c221ee479eed1499f388bd7791005,0,0,0,2010-01-20 12:57:16,448,33,0.9773,481,6,3,1,188,89,42646.2955,2862,93.7617,3963
6138,2126f608ed6497d05b97d27cf2862ec2cd4ec54e,0,1,0,2010-01-20 23:36:32,134,147,3.2713,281,15,7,2,286,42,32170.8048,2,927.7947,50542
6146,592976b4f202980b25f4b140fc507c81beb1f120,0,1,0,2010-01-20 23:37:17,143,430,0.7302,573,5,7,2,239,36,43020.0695,2,939.1679,50662
6137,6522483594337fb3f25a4a2b2fb88de03ead440f,0,1,0,2010-01-20 23:37:38,227,6135,1.5196,6362,4,2,1,108,21,19687.6632,3,1039.015,44605
6141,5b522404d6fa7a6517d114c2de35ce1119f84e8a,0,0,0,2010-01-20 23:38:20,40,511,1.0881,551,10,7,4,128,42,26971.8106,20,951.5415,54062
6140,32e73238c11ea6913315145566d4c758c0d47c1e,0,1,0,2010-01-20 23:38:39,50,41,1.2408,91,2,6,3,2148,27,86310.0,2862,990.4521,47842
6148,b41b238e60d18077dc71189c2237984626294513,0,0,0,2010-01-21 15:46:41,5,3,0.3738,8,1,2,2,161,90,66300.2709,2862,995.369,51129
6136,96d9c335788a066c569359d77e6649d00ddf559a,0,1,0,2010-01-21 21:03:27,217,33,2.0344,250,5,4,2,180,36,73784.4367,2862,1016.9142,46033
6145,dc1f78b6fbfc73d00b9516d24362985148348fd3,0,0,0,2010-01-21 21:03:46,80,755,2.165,835,11,6,3,66,3,55179.9332,27,1095.6274,39215
6157,001b80b803fd9d88fa262642745b7af96bd6bde2,0,0,0,2010-01-21 23:10:23,4062,1700,2.1972,5762,7,5,4,104,0,48358.3501,337,116.8955,4529
6167,0a062926630fd54a187d0ab91379671fc191e0bd,0,1,0,2010-01-22 16:04:10,75,14,1.5778,89,5,4,3,2477,85,55533.8947,71,229.1705,58607
6151,12efa878b8d7fd042c39f7c5578af0ca1120d3c7,0,0,0,2010-01-22 19:02:42,501,7,5.3576,508,41,1,3,8,12,74533.4497,16,1041.2571,42616
6154,76a6da8d266395ea63a3aaf8e592a18c19a20633,0,0,0,2010-01-22 20:10:26,109,189,0.2999,298,8,26,2,1769,29,33548.7033,280,118.75,549
6134,e519290e436cc873933ca8c7deced46593eeb758,0,1,0,2010-01-22 20:11:04,311,0,1.2818,311,47,15,1,1356,36,10134.9327,612,290.4359,5640
6143,4cc136fca81bd33339af4dd5c4da88f154859237,0,0,0,2010-01-22 20:11:21,51,13,1.1154,64,34,1,1,1656,23,39914.8118,274,158.315,598
6152,4b71dc0ebc1ddaf58d7d1104a0b703bc0c6294ca,0,1,0,2010-01-22 20:11:49,173,12,0.7422,185,29,2,2,1999,85,70018.3245,368,108.681,2574
6160,9c7e277720d34f3245e06bfdcf4f9d2bfd341a09,0,1,0,2010-01-22 22:43:03,68,75,0.433,143,2,1,6,123,20,57161.6312,3,973.9826,47288
6149,a47296f7f97b02170673598bc3d146847f922167,0,0,0,2010-01-22 23:02:26,115,69,3.7648,184,2,1,3,38,84,21624.882,9,1071.0914,42224
6156,a89d676f826b935baf66f51e9921522f5726910e,0,0,0,2010-01-24 00:02:38,7,9,0.9297,16,2,1,3,204,27,9926.856,27,1039.4513,44761
6164,38ee5fcecd6aafbef7108c00ff555af240dce823,0,1,0,2010-01-25 09:26:01,1466,14,1.5819,1480,4,2,3,393,29,42290.4488,247,3.6609,81
6150,2d7132069c3f8cbea3b8cef187abce10059677f8,0,0,0,2010-01-25 09:38:49,183,1498,4.9056,1681,66,26,6,129,5,49661.2454,2862,1267.3333,58042
6163,cfdf3e69006f6b25ae7b0ba7742ca265984bd30e,0,0,0,2010-01-25 16:29:11,752,86,0.2753,838,2,6,3,175,32,3.0,231,1081.8178,40632
6147,d6682ffb7b3594491151e664b070f8526fc4fece,0,1,0,2010-01-25 18:36:00,12,50,1.0688,62,4,3,2,302,34,33391.3959,2,1046.8245,51476
6153,7dfcfd11c596143d720fc834e8061c93d4e7a17c,0,0,0,2010-01-25 19:19:52,12,15,0.0536,27,34,14,4,1656,24,533.5166,139,154.1223,599
6161,59aa4c658d3288cc3616f60509d0a49190dd6a57,0,0,0,2010-01-25 19:19:56,32,5096,2.3504,5128,11,1,1,44,6,82990.9116,213,114.3265,54302
6139,59a976c463124f38504bc42325d6e109bf45f9ac,0,1,0,2010-01-26 23:21:05,5,923,0.346,928,1,2,3,235,32,43144.946,15,1036.0202,47210
6162,9c0f845129ba5d5ebcf2aa25ee1244b0595e27e6,0,0,0,2010-01-27 21:18:32,48,813,1.3737,861,3,7,2,123,3,24881.384,2,1032.0667,48248
6169,1604c6f3f9d725fe8846cb13fcd0f8cb348bbe97,0,0,0,2010-01-28 01:35:23,110,3,2.4329,113,12,1,3,2729,4,23430.6135,2,5.1591,1299
6174,6fc12bef5cb83b2692519d433f8eec7bf6cf6290,0,0,0,2010-01-29 04:10:03,8851,37,0.0596,8888,2,12,6,2342,8,6385.8893,2862,991.567,47438
6159,496ab23d515462bc04165db013c3429821d772d3,0,0,0,2010-01-29 15:46:19,29,63,1.6843,92,6,2,1,10,19,5.0,2,908.3779,49293
6173,9b642a54b835595e6eb8343a0d03a10cd0b15cd9,0,1,0,2010-01-29 16:24:00,5,91,2.1093,96,5,1,1,2350,9,53014.8036,80,1267.3333,58607
6155,4a354d037c3bf12d725e7766a11a541ada8b1be0,0,0,0,2010-01-29 16:33:50,248,7,2.1866,255,2,1,1,2115,26,85763.0,233,178.359,1329
6175,d6c2bb0907efd2514a03d117ac1cc4fa60d3bfc4,0,1,0,2010-01-29 19:31:32,35,781,1.6607,816,7,5,4,79,14,60965.8409,2862,985.7044,54393
6177,8b7038b2acd8a7f15df9f45fc8beeced5682916c,0,1,0,2010-01-30 00:10:56,40,117,1.3456,157,3,4,2,60,20,11350.4257,2572,903.4169,154
6185,cc9737abaf6b6e5a117385cfe627c0a9a90b5988,0,1,0,2010-01-31 00:21:36,539,668,2.2839,1207,13,9,3,45,53,14407.485,15,1101.2053,52802
6180,c14e573cc03731d83fc7cd7c25afe464d18857ca,0,0,0,2010-01-31 00:22:29,48,109,2.6864,157,12,6,2,176,49,1971.4166,2756,959.2472,8
6182,9e695b576560663a101f7c89bb78a989a2e44241,0,0,0,2010-01-31 00:23:19,262,190,2.4542,452,10,1,2,30,8,7724.5163,2423,1108.2166,46384
6178,a75ebdd267c03d46886935faa0aa5bf021292b49,0,0,0,2010-01-31 00:23:42,72,977,1.1703,1049,3,1,3,238,12,82200.6667,1,845.2166,40104
6186,007d365b7da38fb71d4f0d2fa9747a35d6235f47,0,1,0,2010-01-31 00:24:12,129,95,0.9851,224,8,2,1,2211,4,85689.0,734,1028.7169,3040
6187,6224d8b25dcfdcf8a1771a77cbf8619a1d1e6d59,0,1,0,2010-01-31 00:29:37,237,40,2.2737,277,1,1,2,109,29,82596.0,38,908.6983,8
6166,449e33cdf1c43e75f33b1f2da429a2a26edc8694,0,0,0,2010-01-31 04:02:07,83,102,0.0844,185,1,1,3,2148,90,11574.9989,2862,829.7167,47927
6181,c553ed0779604d87f787107a7ef25b962b65e10d,0,0,0,2010-02-01 06:43:47,3,3,0.0,6,4,3,1,15,1,63182.6086,2862,12.0415,49967
6188,cb239d089f2e185b8f877dd07d57499414b6c747,0,1,0,2010-02-01 22:05:37,78,1,1.2019,79,4,2,1,125,36,52729.5588,2862,996.9502,46845
6192,1d2d51b3a1711a7d2418e4a35cc6de2ba5115beb,0,1,0,2010-02-02 15:59:46,53,27,0.2891,80,2,2,4,0,22,66356.9516,2838,1017.8271,3040
6194,4922a87b54c8ddcc47ef8a3c7542bc40dde435c2,0,1,0,2010-02-03 02:20:45,89,1517,2.8777,1606,11,8,2,463,49,14511.3136,2753,941.1934,52483
6172,77335589c85f65b91c5e31482088ba85969020f4,0,1,0,2010-02-03 02:22:16,119,78,2.4817,197,2,3,2,407,39,12750.1577,2700,942.1061,57225
6191,3852009c14e9129f68786262bcedb9c00dc0df7e,0,1,0,2010-02-03 14:46:12,11,84,2.1874,95,13,4,2,276,37,62728.8132,20,1106.1877,49698
6190,30f0216a8fafe8a95b68f45cf0ee34f2e0b9aaac,0,1,0,2010-02-03 20:40:10,174,127,1.8778,301,11,5,2,102,38,39881.8037,2,889.6225,8
6196,cef74a8db0578dc9edebdb20dabf25fdbcff6929,0,0,0,2010-02-03 23:14:08,1278,41,0.3151,1319,8,4,4,310,26,52570.4108,24,1050.4701,43516
6184,979d92fa45ee10811cf17ca4474ab9c4aeb7c6f7,0,0,0,2010-02-04 15:41:31,48,23,1.4801,71,3,1,1,0,0,57864.0704,194,155.1249,46227
6189,8380b2412e52f5a83787f8f6dd905653647464c7,0,0,0,2010-02-04 19:59:25,181,8,0.8712,189,4,5,3,130,14,45313.4303,38,1082.9587,48692
6202,f30ca092fc96ea0e50d0a3301bd2e848c143ca5b,0,1,0,2010-02-04 20:01:16,8851,79,2.0152,8930,7,3,6,418,42,64205.614,2862,988.5171,44211
6195,86a5180d72bccbaf6bdf50b6351ee4cf94882fa1,0,0,0,2010-02-05 16:38:21,2663,139,2.6151,2802,1,5,1,130,40,71436.2979,2779,1063.7655,47945
6200,71e742267d1fefa724cdcefe7217efcc2165b621,0,1,0,2010-02-05 16:47:33,16,2,0.8158,18,3,2,1,247,48,26395.9291,3,949.3481,43735
6199,3f1cd1e2fd7943995936aa2475627bdd5ca9f509,0,0,0,2010-02-05 16:47:53,7,30,0.0507,37,2,2,1,122,32,38849.3648,734,991.2458,3040
6193,6d8adfea897e805d56d7a8bb518b908c17f5eeec,0,0,0,2010-02-05 17:09:39,8851,35,3.3874,8886,2,1,6,196,39,57.4962,2862,1010.6829,44537
6198,b8030f2661c83595ebaaaf78426780629020ad88,0,0,0,2010-02-05 19:26:42,213,5,0.3201,218,2,2,1,187,31,14337.4831,237,180.5047,1370
6179,2f99e71f304b3663f2cc7d8bb79172a999525062,0,1,1,2010-02-06 04:15:39,121,88,2.9012,209,8,8,2,44,38,17773.7586,1,954.196,51552
6207,6877a05efe91c417bf5bdb07d71d5262aca03fc1,0,1,0,2010-02-07 02:21:06,62,121,1.8268,183,3,2,5,231,34,28679.5816,2768,946.0468,43678
6197,6a72aa100576e0a8a4130462017c13a055df4a52,0,1,0,2010-02-07 02:21:32,70,6520,0.4574,6590,2,2,7,176,45,28584.1184,2807,968.9886,44451
6214,c325fcab720418f68cccdf1046afff24d86c3542,0,1,0,2010-02-08 15:57:45,0,314,2.3527,314,20,7,4,391,81,53278.7312,2862,911.8695,52334
6204,75daa13317fffdf96c168d40b8cb712b5413518d,0,1,1,2010-02-08 19:38:16,52,1249,0.2262,1301,4,1,5,67,41,13115.6127,121,154.168,3253
6205,c8889a7087c87df47b0008b665a8e7c6d3fe2a12,0,0,0,2010-02-09 14:05:00,231,1308,1.0982,1539,68,2,2,1657,3,48991.9086,228,178.6343,1594
6211,2ab1fca35a6d2e89db0ad79b8920807cbb8a4b9b,0,1,0,2010-02-09 19:22:12,77,12,0.9424,89,4,2,4,194,25,36224.9419,2733,972.8963,43808
6212,84bfddff34be1f979815f7530dc87d9fe0715612,0,1,0,2010-02-09 19:22:35,1470,69,0.1067,1539,1,5,1,8,21,3541.2789,2722,969.2236,44248
6216,17bf5d8ef0302240a78299d4f77d5781b5072e73,0,1,0,2010-02-10 02:14:47,17,16,1.62,33,5,3,2,147,88,24860.9678,2862,829.7167,50930
6227,04dd3262770fc52df2be7bda59ade2abe6de6722,0,0,0,2010-02-10 16:00:19,20,6,2.7951,26,2,2,2,221,79,63357.1378,2862,991.6177,47360
6217,2ac485b64c4a854a6a63c67bdfc58553c57f7afe,0,0,0,2010-02-10 16:25:18,70,69,2.2989,139,7,4,4,100,27,78837.929,1,956.4644,43155
6210,509d6308c76866b2563abc6355799f9391b7420d,0,0,0,2010-02-10 17:12:02,248,26,2.1866,274,17,11,5,182,85,65280.8438,233,175.5508,1354
6224,dade352715f80a0c74ee688a13cb5c8aafd5c7c5,0,1,0,2010-02-10 22:16:14,0,227,3.5731,227,11,6,2,2641,82,60708.5101,2862,71.7774,59248
6213,fd446ab90b68beead2b3d97b294d19c5ea22781c,0,0,0,2010-02-10 23:02:49,2266,1132,5.7354,3398,4,26,7,75,4,83517.0,279,118.75,1708
6219,03da50d62cc607b154d801b3709b2f6663d86ac5,0,1,0,2010-02-11 03:50:40,56,102,1.1153,158,4,6,1,59,34,29591.7849,20,925.2816,51011
6209,ad6ad92e6ffd7d287b350cbf86b65e108b6632ee,0,1,0,2010-02-12 18:25:52,396,12,1.8812,408,3,3,5,2977,6,66110.3444,339,139.0787,54302
6218,4e163c23bb6bd55b8e764d774732177dd211a22d,0,1,0,2010-02-12 21:53:15,368,27,1.4316,395,4,2,2,52,52,67165.7525,2862,1052.8589,46420
6208,1e6ccecd47f92e895834e11de8f92a54b0903ef1,0,1,0,2010-02-12 21:55:31,1,81,2.0333,82,8,1,3,159,31,3.0,231,924.9621,53970
6222,f64fe14270ad38e3e78d0a6aa5ecc43070ec31be,0,1,0,2010-02-12 21:58:16,101,24,1.0595,125,3,2,2,2148,7,7284.3628,2862,829.7167,43524
6215,43b86fe61f69abba40cdd37519e69ca537d9405f,0,1,0,2010-02-12 22:02:44,867,813,1.2146,1680,7,2,2,576,54,12597.9904,2,820.5863,42635
6228,128821e5b90654aee60c2c37c5e068c63a94445c,0,0,0,2010-02-15 20:06:39,38,29,0.1576,67,7,1,3,3,14,62479.4106,2506,825.6284,2475
6230,9cc51b5f2cc31cea6ace8deae81356fea4d9ed22,0,1,1,2010-02-16 02:47:57,523,149,6.2709,672,12,6,2,209,38,38144.7182,20,1038.5158,55316
6238,5e4c5ce61bf5fafd5ea73ccc3da09f5147e456d0,0,1,0,2010-02-16 03:41:03,168,580,1.9977,748,6,6,4,155,82,33910.7441,2732,911.3491,56576
6225,cc549fbecb98766e14368a83292bda4d3eaa675b,0,1,0,2010-02-16 20:39:04,33,15,0.1525,48,2,8,1,2641,11,64437.0652,3,953.7758,47347
6231,41635b264612e474c4c345a91f2cd9d6ec109862,0,1,1,2010-02-17 16:59:18,13,1535,0.0273,1548,4,4,1,1963,8,2080.7503,2821,1017.536,47047
6241,b55b26d790bee95fa53078e85d8aa5dc86fc6193,0,1,0,2010-02-17 23:22:23,5551,312,1.8922,5863,7,2,3,409,77,39076.3265,1,1065.763,55932
6226,7b8542c8ba2f5d19bec343248a720d6a924bfa2b,0,1,0,2010-02-17 23:22:41,8851,34,0.9921,8885,2,1,6,201,32,546.7775,2862,998.0967,46422
6244,8b6138827d5583880f4cb7fea01aa36e3a54c55d,0,0,0,2010-02-18 21:35:15,1731,902,0.9984,2633,58,22,3,100,85,50841.6291,240,137.3715,1383
6220,5a5f9aa3d26723f1a5985515a80a4a4aa6485acc,0,0,0,2010-02-19 21:30:32,135,1132,2.1388,1267,16,7,3,203,38,60511.5275,279,118.75,583
6233,ce4978f14d6005098b44192ae437c5afc8808c3e,0,0,0,2010-02-19 22:11:22,27,9,0.8164,36,1,2,2,1656,5,4932.3557,139,148.8901,609
6206,b3680921f4c58c7e57b6c5eea063e9dd41b09abf,0,0,0,2010-02-22 15:38:05,5,19,1.0586,24,2,3,1,80,33,63359.2342,197,165.915,59248
6239,81d713a7cf921b6c67a39aaa7946d44a57dabf2c,0,1,0,2010-02-22 16:48:55,398,395,2.7205,793,16,6,3,130,79,58169.2633,10,83.5043,6430
6234,796d8ff8bb950f37d4a77b4c70efb53f96268bdc,0,1,1,2010-02-22 17:09:14,9,2,0.0,11,1,1,1,1533,7,69907.7265,2862,19.7553,49967
6236,713710b5fe90d0416fc81b99809b12b17a8d54c3,0,1,0,2010-02-23 15:17:42,2423,28,1.0795,2451,4,3,3,51,22,64613.9049,87,1267.3333,1005
6229,fbda616f682362053f3a11b9f4bbdd725c9b38fa,0,1,0,2010-02-23 21:48:31,566,207,1.7805,773,6,7,2,302,47,62069.65,226,175.3225,1472
6249,d2127c7c804c371a34d6be37b2928a22711354fc,0,0,0,2010-02-23 23:09:49,85,369,1.4917,454,21,3,3,442,87,50099.4174,2440,891.7227,58618
6221,03278afe5914f8bef96d24f2481826d372d6f0ff,0,0,0,2010-02-24 00:05:43,2266,1132,1.4276,3398,4,4,3,1769,31,10754.5886,231,150.5432,585
6235,633fd56aa1e9259885f12512dc952ecdf24fb68a,0,1,0,2010-02-24 00:41:16,3046,128,1.0694,3174,3,1,4,91,90,45804.0648,139,82.8303,3476
6242,c9c6a2e11bab1cee04fa3d95a3d7322882a4e354,0,0,0,2010-02-24 16:38:43,31,573,0.9218,604,2,1,3,87,19,68235.8446,145,209.7351,58042
6232,211c77fa5a6414a6333564ea14ed908f81714c86,0,0,0,2010-02-24 22:34:52,327,1,0.9813,328,2,1,2,87,40,38767.0302,1,1023.4608,47951
6237,84b39205eb67d9445d3cdffd99a8ac510b294ea5,0,0,0,2010-02-24 22:40:36,8851,1096,0.9538,9947,1,2,1,26,4,51529.0007,2862,1006.8467,47003
6245,24dbb2d08f1e9ef5776e381a4079573554b3a1f3,0,0,0,2010-02-25 23:51:10,11,9,0.0714,20,1,15,1,1356,4,26214.3728,6,981.7607,7336
6243,b87be16012a1a4184c88f73563e5feb55f1bf75f,0,0,0,2010-02-26 19:13:55,1032,755,0.1994,1787,4,2,2,72,3,34975.3687,102,1267.3333,55097
6253,1de68638ec1112521b2d7229f080674753c09f0e,0,1,0,2010-02-27 15:21:39,4050,118,1.5346,4168,6,26,4,209,80,56150.7857,1,945.1475,48615
6246,5086f498d4d23c3f1838e95f6dc25a0a8254f1fe,0,0,0,2010-02-27 15:30:20,2088,701,0.3041,2789,34,10,4,93,34,35109.2336,2649,917.2765,5062
6223,29a5d5e2d3db58954068a289edced56fb664c3f8,0,0,0,2010-02-27 15:45:29,2423,32,3.7648,2455,22,1,3,39,25,60867.653,2773,1032.0648,44811
6240,73b7a02fe6363f5293187730bd063cae7c1d80dc,0,0,0,2010-02-27 15:56:10,1020,18,0.2532,1038,26,2,1,8,19,68397.1658,20,1108.6672,44025
6256,2b69c401cb80ced5b14860d96a76ba01660d71ee,0,1,0,2010-03-01 20:02:34,3,2,2.2705,5,37,25,8,366,89,58131.3107,2600,856.1507,9873
6250,8c26d832a2c943bb2604715697676471c91e4e1a,0,0,0,2010-03-02 15:57:52,873,5096,0.0626,5969,1,5,3,54,4,83149.0341,2788,1044.6586,48451
6254,75c031da3729588f6a796f095f71738d47b82d6e,0,0,0,2010-03-02 15:58:08,607,465,3.7384,1072,1,14,4,69,3,63326.2047,734,1014.6841,45862
6265,7d2115bf8bad64f69a23647dc05be817d5f1a684,0,1,0,2010-03-04 03:42:05,225,183,3.1676,408,14,6,4,147,89,32604.7049,2862,961.9973,57045
6248,937d5c5887de5034f00d4ed956d64224ab5318d8,0,1,0,2010-03-04 20:17:04,71,755,1.0955,826,4,3,1,8,4,69849.4805,413,91.8309,55097
6255,da9bb888d6afbcb683682f7f268cdd199f161d5a,0,1,0,2010-03-04 20:17:27,144,104,1.4777,248,6,3,1,54,42,64662.3804,330,137.1717,3070
6247,317cb6e1f7fbccdbdb663d036274dda0a48a2f2e,0,1,0,2010-03-04 20:17:32,39,26,1.2546,65,4,11,5,142,41,28684.2456,281,179.5041,1317
6264,6675da3b1346f1a3b29d18d8bac9dcd9b62a7655,0,1,0,2010-03-04 20:26:07,8851,1096,0.4033,9947,5,3,2,138,0,75383.4367,2862,1027.594,47663
6268,86eaf906b7fcb33081fc505bea7e54ee29243bff,0,1,0,2010-03-04 20:48:58,280,149,0.0,429,36,13,2,556,54,48629.44,2759,1069.2797,51014
6269,9f7ceaebec5d21a8ae5d0b9134ffed1a5cf9eec5,0,1,0,2010-03-04 20:49:45,0,592,1.72,592,21,2,2,423,47,25851.3827,2670,1144.7881,8
6278,e7e41d2838cad427a9351abfc56210f7cc83cec0,0,1,0,2010-03-05 20:12:34,873,5096,0.9313,5969,2,2,2,1198,0,78064.0,2728,924.671,46412
6260,57eb17f1af6d55059131b62ee7e6e5e7b7bcb191,0,1,0,2010-03-05 20:33:47,127,128,1.0819,255,5,4,3,160,83,40950.2006,2775,1059.7989,53293
6267,424b79babb6d9c2020460970fa271bf7d275e77a,0,1,0,2010-03-05 20:47:16,1720,34,0.4759,1754,2,2,2,60,12,42866.9877,3,1046.0657,45272
6276,d837a3bdacb7b12058c4f34d35754a15a110fade,0,0,0,2010-03-08 15:42:41,1513,565,1.5289,2078,5,3,2,2341,79,66029.1464,2862,246.393,58042
6263,6d785c1841ee0c274bd9e4cd885b44de44e583ce,0,1,0,2010-03-08 17:11:20,63,5,1.3217,68,3,2,1,41,8,59903.2228,236,132.8789,27
6270,af399a537fc606ad6c6686268bf481483f2a4bff,0,1,0,2010-03-08 22:00:51,752,129,0.5957,881,5,3,1,107,31,40037.6542,629,333.5214,6296
6257,700be6e093b5b67a41f3a5caf2171453a00aee6c,0,0,0,2010-03-09 21:05:29,107,6135,1.5209,6242,13,3,3,189,88,33101.2462,3,916.4488,52882
6271,bcd22dfed16505baadecd2afe4838565398a10cf,0,0,0,2010-03-10 15:58:25,4,32,2.9434,36,18,1,1,2977,5,67852.0655,187,181.269,54302
6251,65b918e03a7e88d524feee512d6c6380292264d4,0,1,0,2010-03-11 17:51:45,249,4063,1.8846,4312,8,4,2,170,43,5457.8571,135,212.3543,62439
6273,6e9a373b107854fdcfdbea3ad7f2e0803454f936,0,0,0,2010-03-11 17:52:07,6,10,0.7158,16,2,1,5,137,39,85763.0,232,108.5833,1286
6279,e98796632b8a564e5e30eb00e78dc80466894f3d,0,1,0,2010-03-11 17:52:30,106,6520,2.4023,6626,6,4,2,160,34,30875.5423,143,216.4562,59905
6274,b2beaf4bc6a7eb176898d30a3be20040f4e8b232,0,1,0,2010-03-11 17:53:09,196,1308,2.2391,1504,6,4,2,200,43,21557.1539,227,178.0847,1614
6259,3395bd0a817c1d0a8e8cba6c71e6bcc56aa5e8d2,0,1,0,2010-03-11 17:53:22,229,33,2.1129,262,7,4,2,86,34,7998.6736,379,96.3685,56165
6277,60a3008cd76e9fab7e959f91f6c4527f80d50dac,0,1,0,2010-03-11 17:53:34,175,0,0.9171,175,2,2,2,112,10,84582.0,463,1267.3333,5433
6272,443d534198a793eb295b483e8083efaf673beb02,0,1,0,2010-03-12 14:20:19,1658,1308,3.2891,2966,15,4,2,35,81,57337.818,141,171.4971,1439
6297,0095f0c68f640a8aa8c4f8a8f24c0876861c004c,0,1,0,2010-03-12 20:01:07,121,131,2.9984,252,80,24,4,918,81,49708.4655,515,96.7935,58355
6280,e7daed25ae7e76b0b794dff0457f630e832ff42b,0,0,0,2010-03-12 20:34:40,213,5,1.2574,218,4,15,2,215,2,85884.0,391,180.5098,1498
6282,906b486d7f5abeed8d0a18b7ddb457a5ed2ad9fc,0,0,0,2010-03-15 14:27:21,20,203,2.1866,223,3,3,2,295,81,57926.9575,281,176.7059,1319
6296,49263937681fd4f395722f349e04d3f6aaf8e3d4,0,1,0,2010-03-15 19:53:05,62,34,2.4802,96,9,7,3,386,89,60114.4235,2797,1035.7363,49385
6283,17f3dbb11bd8b3571bae657b83512742f567ac74,0,1,0,2010-03-15 20:11:15,53,49,1.5595,102,5,4,2,509,40,18556.8778,2862,829.7167,50865
6281,0298fcabd47ef02b2d58217e1d33f1aecf9f170d,0,0,0,2010-03-16 23:34:16,78,11,1.9331,89,36,6,3,180,88,19261.6763,2789,1037.8096,51830
6285,468fde03e092322e457e4c8a9b93e70991db52f5,0,1,0,2010-03-17 02:31:48,8851,182,2.9045,9033,17,4,6,140,36,27081.5842,2862,1022.6956,48009
6290,58a1710edc83ac2a7bf0e61c4f611a9bb5d1ef6e,0,1,0,2010-03-17 15:36:37,2088,540,0.954,2628,1,1,2,80,6,62251.9407,234,1267.3333,2775
6288,3f33496c8f5f1b96a4b119a4d9ee717efad0e12f,0,1,0,2010-03-17 15:49:59,27,17,3.3063,44,1,1,3,5,5,84780.0,2862,47.5104,54302
6275,50e6df689e1f0c69c07bc4079d18ea3ab340e5fa,0,1,0,2010-03-17 20:40:55,143,31,1.8351,174,8,6,1,240,46,42044.0083,328,112.2303,46227
6286,6e41b41adfec8ebe065081e82e57f53be8e71b60,0,0,0,2010-03-17 20:41:25,8,45,0.1008,53,3,2,5,165,16,85763.0,281,108.5833,1335
6261,3c19232a7c8dc881843e8e89f8118ab4a1371996,0,0,0,2010-03-17 21:23:04,103,106,2.2688,209,8,5,4,149,13,30101.8092,139,146.1315,3893
6287,b13a63474e0cf379795ba5480e8d683f4ed2f259,0,1,0,2010-03-18 14:03:44,70,4,0.9538,74,3,2,2,2331,11,71346.3414,613,184.5008,1538
6299,405524ee6d87f088c121b797775ab8e5bbf1b57b,0,1,0,2010-03-19 21:22:37,227,165,1.394,392,10,2,1,408,80,58520.0879,2734,1074.824,58354
6284,ce72431d4efbf8f4d6fdfeb5b188c0799cb81728,0,1,0,2010-03-20 02:50:50,97,176,1.968,273,11,5,2,231,85,19094.0839,2862,1046.4467,49386
6262,1f9dd393f1cc9a5620714534ccb8f3e87dbaa9ac,0,0,0,2010-03-22 23:11:12,71,59,1.4618,130,2,2,5,154,17,34585.8993,257,141.3844,136
6291,17feb0172488542c7f7c40e977a5599f41bf53e1,0,0,0,2010-03-22 23:11:19,47,20,0.0467,67,11,1,1,5,4,23916.7852,392,120.7658,55097
6293,5630eb378d927bba8eb0ccfa083436b2a2052c32,0,0,1,2010-03-23 22:58:40,2088,5888,0.1188,7976,34,10,4,96,27,8056.4907,446,94.3064,2719
6298,2e09ef319bdd04a681e936d4bc51e257e0d85ace,0,0,0,2010-03-24 16:13:36,717,11,0.8067,728,32,12,2,167,83,60775.9701,291,232.8243,58607
6301,5fceac17438e4c8c176445b0b65b025be9e2627c,0,1,0,2010-03-28 02:27:41,631,451,2.2249,1082,11,7,4,2501,81,20756.4345,2561,915.7288,2
6294,a8bf985be53318807ac8fb28cb32146677a716ab,0,1,0,2010-03-29 16:13:07,154,9,0.0513,163,2,1,1,2211,89,56378.3039,2815,1018.1835,8665
6300,bf98ec94eca061d2dbe6eba0472134cb334978a6,0,1,0,2010-03-30 15:14:03,313,191,3.6862,504,27,4,2,342,39,48832.114,2862,980.575,54236
5215,d5ae4c4bf3ede8129346c2f2c026d11ee123e8ee,0,0,0,2010-04-01 01:35:19,28,170,0.9498,198,4,3,2,124,52,37779.4827,2738,1079.9704,45676
6295,4d99ad4bd9ad1f91b41dd87bdde85c944591c4df,0,0,0,2010-04-01 01:35:59,156,1,0.0261,157,3,1,1,0,0,78504.0,2718,943.7833,45090
5211,bc2529f1b3e045fe7e042439a85786b677fec866,0,0,0,2010-04-01 01:53:56,40,46,0.5677,86,4,3,2,190,87,6039.2315,2,963.8023,51078
5229,081538ad0db4e961fe975ae0a3146802e1a942c2,0,1,0,2010-04-02 14:05:32,5551,246,1.9575,5797,6,4,3,8,2,47270.5978,2634,947.3498,53608
5207,9f65dd42188698fe6862d42aa1540e496716089a,0,1,1,2010-04-03 21:54:16,162,2099,1.5575,2261,4,2,1,206,27,60750.6973,357,98.118,2845
5213,cb0415d424a7c9ab5caf9692107445b634f44579,0,0,0,2010-04-05 17:01:20,461,25,0.9676,486,8,2,2,75,89,51221.4975,382,66.6398,3686
5214,8e5dba18513b49ea14da0b9a0d586eb1573173fd,0,0,0,2010-04-05 17:01:29,277,4,1.8431,281,6,3,1,87,6,36791.4775,174,196.1768,2732
5209,0de8e54bbe27db2df3f7a89d2d6a62741f68383c,0,1,0,2010-04-06 13:37:38,6988,72,0.7483,7060,4,2,2,139,9,47392.6701,11,12.9875,48
5232,7fd4228c84f7e1eb43dd870239e1a79e9b0e95d4,0,1,0,2010-04-06 14:58:17,255,4063,1.9084,4318,8,5,3,537,82,48106.2592,12,1078.1931,52707
5208,caf057f3ca676381d09775bdb70cc7f81bfea654,0,0,0,2010-04-06 16:01:17,113,72,0.2598,185,1,2,2,122,42,48026.1882,66,248.6393,3111
5222,a89fd2a3388a2f222a78d28e4715d37ed60c3975,0,1,0,2010-04-06 16:01:31,1132,427,3.4663,1559,59,5,2,215,52,40262.5367,155,208.7038,3159
5219,4d4ef96cd2268d9616df98b83cc1bb2564f786d9,0,1,0,2010-04-06 16:01:44,36,24,2.3376,60,11,5,2,70,29,25019.1011,237,180.5677,1445
5224,82bd54dbdaac502c87805d569f24a98daf720c7d,0,1,0,2010-04-06 16:01:57,94,574,1.9114,668,9,5,2,332,44,49774.7361,253,168.4886,1556
5218,201b7599b2c0976cd0f0b6173e959518ad538efe,0,1,0,2010-04-06 16:02:10,0,356,0.899,356,6,2,2,55,25,55409.1496,2862,314.6504,56960
5226,7a75b63b2659db34306f7000a885c102859720f7,0,1,0,2010-04-06 16:02:26,127,437,3.5328,564,23,14,1,135,41,31722.8325,415,106.3815,61661
5231,8d72fdc817e044075e6e61069954de0185b55c92,0,1,0,2010-04-06 16:02:39,324,813,1.4276,1137,4,3,2,229,31,3568.8856,328,137.578,54302
5217,b3e1e7a569c4ff2297bc1f512c4c53452527cbb7,0,1,0,2010-04-06 16:02:52,2194,115,3.1897,2309,16,5,2,98,49,19315.9337,92,111.2744,56836
6289,33a9f349f3421a7516c5ca7328834064155c21c2,0,0,0,2010-04-06 17:30:07,2,5,0.0795,7,7,1,1,1820,9,6093.0708,98,1267.3333,2189
5223,1dbcd39b45b5c3a8284a3fccfeb5bab9f85f4216,0,0,0,2010-04-08 13:48:29,57,186,3.4698,243,20,7,7,156,35,81398.0716,155,138.4851,59905
5230,fe34d59766a84185c6d7943c556f59dc4635e04a,0,1,1,2010-04-08 19:27:25,265,0,0.7546,265,14,8,4,2415,39,37570.2831,665,308.1898,6802
5227,d411227715059d07ad73ab1f31d6e0dd96bb1fce,0,1,0,2010-04-08 19:27:34,996,977,1.4671,1973,3,3,2,189,38,82200.6667,429,222.8643,3487
5234,8a010c82cc390fde157bb1d5c3192b0205c7a802,0,0,0,2010-04-08 21:23:27,264,60,0.0863,324,1,1,1,629,16,15673.2838,16,944.3015,9418
5242,52a4105d32a894f2f6c9f35e6feef4767cfa419d,0,0,0,2010-04-12 13:37:36,46,573,0.9855,619,3,3,2,2068,0,80468.2522,458,285.4055,58042
5225,6fdad7fd0e8c887dcaebd07b5ee274a3886b1976,0,1,1,2010-04-12 14:10:26,1669,6520,1.0693,8189,1,2,1,151,34,77555.6417,2765,1050.6927,49057
5236,d931457cf57f2daa3b46af84620184abc7319ff6,0,0,0,2010-04-12 14:10:31,104,1096,0.0754,1200,2,12,1,2342,19,67070.6462,2862,1009.2897,45587
5244,d20d24adc1b642b1c114f7a2e5885d5a0e2c0ede,0,1,0,2010-04-13 03:59:27,125,22,1.7182,147,5,5,3,2148,0,20062.7963,2862,829.7167,2534
5228,9811668a10cd6b8960378aacf31156adb4a4f8b9,0,1,0,2010-04-14 19:51:38,99,2,0.3481,101,8,2,3,67,13,76203.574,317,144.2472,54302
5233,f3bb9acfd5549aaec76e4e5ebbe84e4b54b23f6e,0,0,0,2010-04-14 19:52:28,22,149,2.485,171,12,7,2,2415,31,38382.7346,75,117.9184,3464
5220,790cca1e45d4687b43119036501454ed70479cee,0,0,0,2010-04-14 19:52:38,39,99,2.5909,138,8,4,2,2499,22,50382.9139,343,206.885,2844
5241,f3a4e1736b2fedb84abc27c23ae1f299fde3def6,0,1,0,2010-04-14 19:53:23,434,5663,1.6874,6097,19,27,4,3017,28,28270.7622,116,102.8246,61661
5239,64f443aa9652fe6d7e37b8ea928b5a439c399eec,0,1,0,2010-04-14 19:53:43,10,29,2.0529,39,4,3,2,2331,9,31763.2253,245,174.1999,1529
5251,999fb4d3c32f1a3744440124e29d283efba8d71c,0,1,0,2010-04-14 20:20:13,878,574,1.2213,1452,7,4,3,350,80,33311.3389,252,193.6604,1409
5247,dd787f7fcba042a87b7627f96ea808c5e7e6b1ef,0,1,0,2010-04-15 18:17:42,566,2,2.3416,568,8,7,5,2477,85,56827.1943,2623,1056.6566,48042
5248,a77423c22a3a315f0b21764b748bfb5c988006c1,0,0,0,2010-04-15 21:42:24,5,4,0.0199,9,1,1,1,1356,2,3450.5741,2846,994.28,337
5240,ec14dda39a548887a3e0d95a234c03f50880a941,0,1,0,2010-04-16 01:38:33,80,61,1.8463,141,5,4,2,2576,1,25467.9834,2794,960.8113,44929
5245,368e2a84f40397f3f7efa84ba4a0495fd786f925,0,1,0,2010-04-16 02:26:59,160,2099,1.8155,2259,4,2,1,144,10,39592.4987,2802,960.9513,47508
5221,784a71ff6c722de2f3e950eedf17ce31ca43711a,0,0,0,2010-04-16 02:27:08,47,44,1.6813,91,3,3,2,181,16,18449.4063,2739,1057.2094,53096
5256,0a9a17e5cbf202a26b3cc21f71b389c149fd71f2,0,1,0,2010-04-16 16:44:47,84,80,0.8436,164,6,5,2,2211,21,62258.0634,734,1029.201,10459
5249,5bf3ad0760dbf3372315ac54293c8c9693e070dc,0,1,0,2010-04-16 22:04:11,88,68,1.729,156,7,3,2,226,12,34631.8784,2,899.9021,49034
5260,16ba403a0f68e1cb3a8542b9f9d2c91b01113519,0,1,0,2010-04-16 22:04:46,699,239,3.1916,938,20,10,3,302,36,14141.206,20,1056.7514,54832
5262,2e1b1a53c953f183210052ea10b06c0818e427ed,0,1,0,2010-04-19 14:47:36,1973,302,3.0251,2275,37,11,4,524,61,74901.8806,2862,1065.2092,277
5261,3c0c5a60790ffd6623285e3659be4814c8493042,0,0,0,2010-04-19 14:53:50,418,558,0.1958,976,4,2,1,336,20,77983.0717,2862,1065.9135,7185
5258,c59a4fc4bb2265bfc20dfa3d69cd53f8aa4100dc,0,1,0,2010-04-19 20:11:10,9,22,0.6863,31,4,3,3,55,2,14939.8634,9,916.1473,25
5269,bc83a65a616ca2f7b995cd4bea12729c03acee33,0,1,1,2010-04-20 14:51:57,1532,6520,0.107,8052,7,6,5,155,78,75053.378,550,261.5481,59905
5263,034619317ae8d1206c7b5325a1f8bb6c3b17a0b1,0,0,0,2010-04-21 20:39:28,396,40,1.27,436,4,3,2,59,11,19469.4359,80,934.7488,6568
5257,c75230c3a1b607570486547b0c2f2c64c2a9c76b,0,1,0,2010-04-21 21:05:34,870,183,2.0621,1053,7,4,5,53,21,61240.842,2639,907.7742,10
5264,6ceaa06d93e7f00cc70fd2afbf74f0a6359feb51,0,0,0,2010-04-22 00:00:20,186,150,0.8113,336,3,1,3,196,86,76846.0,2703,1064.3337,43383
5246,71c51f11ddf7314953f87ed482979357dd0d7d3a,0,0,0,2010-04-24 04:30:48,137,1517,2.2035,1654,10,7,4,510,57,34797.994,2796,959.5941,152
5266,d338a977e3ae0f36917ccc29ae4a19e40e8a0402,0,0,0,2010-04-26 14:29:49,30,333,1.3686,363,11,2,2,79,30,41668.649,2862,968.5624,47114
5252,cb3455f30ed23aec7968411e1df2377b25608c31,0,1,0,2010-04-26 18:18:54,557,1292,1.7879,1849,11,8,2,2415,92,56054.6211,563,280.4982,5572
5270,c68853a5bf6aa82e78f1d35749316a6da3685f6a,0,0,0,2010-04-26 18:18:59,180,20,0.1332,200,4,3,1,257,16,40.2692,420,238.6514,49967
5272,250706accd0e9ac923cbebb926ffde1152ed2a8d,0,1,0,2010-04-26 18:19:04,84,52,0.9308,136,3,6,1,47,14,67150.8688,181,179.4196,2184
5265,899cfec721f1d53506f489b6866efd8cfe989b4d,0,0,0,2010-04-26 18:31:06,50,5,0.0785,55,47,15,1,1356,1,3293.1079,6,1020.5983,45503
5274,bbaaaab9816fabbb56d2a93107ea330b21f08dbd,0,1,0,2010-04-26 18:31:14,11,84,0.6789,95,2,2,2,74,20,46756.3735,1,1025.5718,47687
5276,40193d2ef68695601b951530a0ca3ad3ec46fcac,0,1,1,2010-04-26 21:59:12,169,92,2.5697,261,6,2,4,79,34,34201.6152,143,229.9298,2817
5268,a63f5b67d7376cef48da2b2f6e0eaec159f7a8ab,0,1,0,2010-04-26 22:48:05,18,9,0.0,27,4,3,2,1533,1,14922.649,328,169.6329,49967
5277,c5e97fdee4a44b5be71d832e3ffd91c91f8dd2ac,0,0,0,2010-04-27 00:08:06,1470,17,2.1556,1487,10,1,5,76,22,14079.8626,6,1066.112,48486
5254,40df0ce87e4caea897164a1b93dbb72714521836,0,0,0,2010-04-27 15:16:54,7,14,2.7951,21,3,3,1,2148,6,77042.8906,2862,829.7167,48521
5271,2acfb43599fd06f8d422478c023e35e2e56bcd4c,0,1,0,2010-04-27 17:06:04,186,4063,2.3343,4249,8,6,4,286,33,57005.1815,12,1049.6418,61990
5282,45d8fc50cfdd35a9c1087d0ad2f9268a0d243536,0,1,1,2010-04-27 18:35:21,63,96,1.0378,159,3,2,4,251,34,82468.1685,2821,1028.5558,45129
5267,f731c92081c4fd724b8bbc542a3cff39072b723b,0,0,0,2010-04-27 18:45:49,67,813,3.0716,880,2,2,2,2576,8,45282.0289,2,959.8902,6
5280,969bdbe4f429596d09c75a502495224cb8e7e753,0,1,0,2010-04-28 19:05:10,82,10,0.4072,92,3,2,2,1820,9,2805.0,2687,1089.3923,27
5288,78cbce144c86cd376fa30830a82b94a35d2d93b0,0,1,0,2010-04-28 22:00:46,327,1115,0.0,1442,19,1,6,199,78,53159.1672,6,897.7576,49838
5278,f2c38f8feba906e0bea73a9a49e37d7c4bfcad23,0,1,0,2010-04-29 01:55:30,148,13,2.1835,161,6,4,3,149,89,18901.8199,1,1044.5005,56021
5290,29ec9f6aa05cc7343bb2323c3580830573a53e5c,0,0,0,2010-04-30 14:44:11,131,384,0.4161,515,6,1,2,202,89,52777.1828,9,937.8202,47395
5287,e649d0f4d549746c695dc135230b1985af145e73,0,1,0,2010-05-02 00:06:31,879,172,1.44,1051,13,10,4,35,24,22215.8829,279,118.75,958
5285,2db783096aed6c76a1b16afcd2d3c44e49a4f11d,0,0,0,2010-05-03 20:46:44,176,336,0.3802,512,3,12,2,5,11,83485.3829,20,1090.9655,49166
5289,2ffd301aeaa6eb4f106481f2a01df2e5d97bc307,0,0,0,2010-05-05 15:34:07,124,26,2.9169,150,11,5,2,152,35,48290.33,236,171.5,1436
5300,d03ff00ec8c15e581d484fc1e904d350e563e7e7,0,1,0,2010-05-05 16:29:26,52,19,2.4573,71,7,4,3,167,87,25598.2997,2822,1016.5667,49760
5273,1a7aaf5fa96965b6ada2418c72ce0084efbbe8a1,0,1,1,2010-05-06 16:42:27,643,555,1.4865,1198,10,4,4,2957,36,55295.4406,13,10.2751,24
5294,f69947c2fa7cd5a2a3d085b67346c8976f9b5864,0,0,0,2010-05-07 13:40:00,12,1,0.1724,13,2,1,1,170,31,44572.3976,234,180.6552,1363
5296,79edac4893a0e4e13617f86917c46ac6e9a47516,0,0,1,2010-05-07 13:57:20,34,7,0.5633,41,4,3,2,2331,11,63562.281,613,178.5596,1539
5293,a49a66e8f1cf2ae108e95478bd52edde65868227,0,0,0,2010-05-07 15:17:36,146,996,0.1725,1142,5,3,5,2932,89,70.0,2661,1060.1329,53802
5297,3536c6b5518c6e82d573bb8ead16a82d6d8e2b97,0,1,0,2010-05-07 15:41:07,41,33,0.0407,74,7,3,1,15,11,80306.1405,56,1267.3333,1682
5303,14bdc6570d08567f1d8f8697b6be3984425f94e1,0,1,0,2010-05-07 20:55:33,1333,24,1.6687,1357,9,5,4,537,80,15828.7143,2686,904.4608,37
5302,7ecd33ace493c9b8964a0bdba55235c547804f99,0,1,1,2010-05-07 21:30:51,22,573,0.9886,595,8,7,1,243,35,7021.1669,2755,1036.3586,44940
5281,8d71923e7fdc854a1913a050da77bfb9a6b75c2b,0,1,0,2010-05-07 22:07:00,112,102,1.7407,214,14,5,2,522,51,12569.4666,350,122.8339,59494
5301,06fad6a83d8a9c01a89941c954315d7c0e43784f,0,1,0,2010-05-07 22:07:09,27,32,0.9846,59,2,1,1,168,36,14268.1922,232,108.5833,1314
5275,cb1ef7617092530761a32ecef97617d990a2d6b7,0,1,0,2010-05-08 02:09:52,47,39,0.0,86,10,2,2,2148,11,45694.0324,2862,994.0596,42990
5321,940527d66484aa18a70820b908a096d097e05e9e,0,1,0,2010-05-10 14:59:13,21,31,1.3065,52,3,3,3,2501,83,58602.8369,1,949.7014,55806
5283,48cc1f161f55e83dc1877d841aea8a4e203a61b7,0,0,0,2010-05-10 16:37:09,262,16,2.7951,278,1,1,3,2148,21,3457.5454,2862,829.7167,45681
5306,5152a59552a12f5af47f3b4e5a52770ea5c7b7fe,0,0,0,2010-05-10 17:24:31,155,239,0.5637,394,5,4,2,196,80,62031.5245,57,225.2753,3685
5291,b540d6962a2854fa83e9dbb29f9e761c878a7220,0,0,0,2010-05-11 17:20:30,30,114,0.626,144,2,2,2,90,11,4204.7968,144,205.4737,54302
5299,45ecc390e56920cb2bf36d86ce4f3cc2bbccc544,0,0,0,2010-05-11 17:20:37,63,142,0.6735,205,3,2,2,10,8,9534.016,2862,323.5621,54302
5308,90862ff5c8f3eea68ae685836b92b98059653b38,0,0,0,2010-05-11 17:20:44,40,1,0.9576,41,1,2,2,109,9,85763.0,278,154.8718,1387
5309,1f37cd5a5722872c027c948914ddd9770aea2692,0,0,0,2010-05-11 17:21:02,327,84,0.8516,411,2,1,1,157,17,5596.862,460,297.6416,54302
5310,5f02798d9e1f297c5ab3aea8cbe6bfc42bae061f,0,0,0,2010-05-11 17:26:39,614,0,2.0677,614,2,2,2,2177,7,3278.8244,155,200.9147,1983
5292,5751e2344e65755a1704ffadef5686b6f3bb5dcd,0,1,0,2010-05-11 21:49:43,53,17,0.108,70,1,2,2,12,6,18442.2603,163,198.4741,2320
5314,fcba8b889750d25fffc045b86936f5f98967caa5,0,0,0,2010-05-12 00:11:45,60,52,0.3051,112,4,3,2,35,24,40572.7367,2757,1063.506,45342
5286,e70502c094194fd41d69c1bf8356255a8783a21c,0,1,1,2010-05-12 16:15:26,26,1308,5.0472,1334,2,1,5,67,33,67587.0101,230,177.0415,1257
5307,d087f862efc0429f702033c298a462747e38baf9,0,1,0,2010-05-12 18:56:52,1470,95,2.1556,1565,2,2,2,8,21,62092.8403,95,102.6823,3735
5313,124047102e3e4a53a7907a76c0c8235bca4e4238,0,0,0,2010-05-13 22:58:58,1731,31,1.5632,1762,5,2,3,2530,90,27473.002,392,94.5574,2647
5298,21b617af39abf6cc95276f4f7606285fd614083a,0,0,0,2010-05-14 17:07:02,582,30,0.7945,612,2,3,2,11,4,43101.2692,380,132.0797,54302
5311,934c30cdb8c39a82f705fb2d2d25329194f98b84,0,1,0,2010-05-14 17:07:11,12,40,1.8175,52,3,9,7,89,6,19957.9826,328,128.4206,2774
5318,2e85d518f02533dcdaf35af9a1915c7c8ca9c767,0,0,0,2010-05-16 22:26:47,130,3,0.0,133,1,1,1,16,6,8531.3469,2830,1013.0401,9
5279,42c84ccfe1ba845b5a3c3f58376ff444eaa079b8,0,0,0,2010-05-18 19:44:37,30,24,2.0837,54,6,3,1,108,2,74934.5042,103,186.5964,56165
5322,39fd4c240e09b99d9988fda537965a85075e8827,0,1,0,2010-05-19 05:41:52,10,2,0.0,12,1,1,1,16,10,12371.6545,4,1006.7319,45960
5304,e83ddb6f98e2394ec51a6c4e78dadeb58d2c9d49,0,1,0,2010-05-19 14:03:53,19,234,0.0977,253,1,1,1,3,2,40511.146,2790,975.5253,45171
5326,e9fd49d190183e2eb41b60ddd744ebc33dd244b8,0,1,0,2010-05-19 18:05:04,210,28,1.1572,238,8,4,4,421,88,59077.4272,131,263.5453,58332
5325,ea9dbc8a18ac77f56025d6d25f63d99431d872b2,0,1,0,2010-05-20 17:13:17,748,81,0.7152,829,4,6,2,312,48,66034.5433,61,113.1032,4920
5327,2bff10641963474a73a989237b7325775f001ca9,0,1,0,2010-05-21 18:39:07,1658,71,1.3928,1729,1,2,2,281,34,56162.4574,228,41.0,1575
5316,71b84e43f0582bd878c6d1be3462086bfcb7b067,0,1,0,2010-05-21 18:39:19,34,21,2.02,55,7,3,3,268,39,39485.2124,391,180.707,1389
5320,3affe78cda8259242bba77a8ab8973347c827ef8,0,0,0,2010-05-21 18:40:00,213,13,0.2433,226,2,2,3,155,85,4787.1552,239,171.5,1413
5324,44e6a2843b0cdc47efd26b78728b6d2e77d3f165,0,0,0,2010-05-21 20:29:54,103,269,1.1783,372,4,3,4,2617,6,41864.1984,93,124.5315,4940
5330,1bb9e74a90ec6f2c8a1ee316483289fc13979e0a,0,1,1,2010-05-24 17:51:19,1669,333,0.1053,2002,20,7,1,171,34,9.0,6,1039.9904,48944
5338,87cebcd7765e88afff76d5c88c5235921a3aba82,0,0,0,2010-05-24 18:02:07,15,6,1.0048,21,27,2,5,197,85,36890.6048,2783,1027.7809,47811
5332,4ed5281bf54c4f2032950bd7e99187bb9b9dafd3,0,1,0,2010-05-24 18:10:07,192,107,0.877,299,3,2,2,255,41,25564.8708,2801,1046.3881,51883
5319,00bc8da0f3ec08aba0e43b6527f234ba80b7e2fc,0,0,0,2010-05-25 01:10:24,262,102,1.7822,364,4,2,3,239,19,37880.0605,2862,993.4681,5353
5329,b87681eeb7455178ed1c79727b898130b124e1b8,0,0,0,2010-05-25 13:12:57,2,764,0.8831,766,3,2,2,162,7,72814.5763,183,224.1411,343
5335,b91c4d406b70c9b8fc4afe155ee7e8369b1f4423,0,0,0,2010-05-25 14:12:27,47,764,1.65,811,1,4,2,266,27,72108.2608,6,1083.9298,43598
5339,cba59a81e6dd08f72e920f55b28752f979a35cea,0,1,0,2010-05-26 04:45:44,1742,588,4.5497,2330,82,18,3,242,66,35035.691,2390,1244.5068,11
5333,bec8845a46e97a27903cdb14daa6b5ce1b0c9db3,0,0,0,2010-05-26 18:46:56,1720,806,0.4758,2526,2,2,2,251,80,37578.6092,139,107.0562,54302
5340,1631beed8c4f4052771f725d114e1ae9d618fc4f,0,1,1,2010-05-26 19:03:55,15,4,0.6413,19,8,2,2,2177,24,54093.699,135,210.35,629
5347,c924ce55eb25e712a71ec57b09ab79ea098c7323,0,1,0,2010-05-27 13:28:42,2443,100,2.2142,2543,2,4,2,2241,40,54939.5,9,881.1914,51043
5334,8c323b80e87d90e1eb381ba9f331b780d578fdc1,0,0,0,2010-05-27 17:46:08,10,1014,0.3079,1024,2,2,1,2248,5,38882.6321,233,122.8158,58837
5343,676f1cd96737e19c8455feca3d2fdfbf92ad1c1b,0,1,0,2010-05-27 18:58:10,58,755,2.165,813,2,1,3,72,4,2053.8596,27,1051.4785,55097
5359,7c9191f66a985df6f0726c0d0df07c8cd8b04860,0,1,0,2010-05-27 18:58:46,13,21,0.753,34,4,3,2,220,0,11698.8816,2862,829.7167,48872
5336,3f92ee2f0d7364f0368426a3fae51e883746e08d,0,0,0,2010-05-27 19:55:10,2598,1360,0.622,3958,30,3,6,2696,9,16.0,246,165.4104,34
5346,e9d32d80ed81207d7a41ca750d6d96b4e84e6528,0,0,0,2010-05-27 22:44:21,2172,719,0.2725,2891,6,22,1,2112,7,34106.5546,2777,1053.2288,3403
5357,7cd412bba16d39dfab04bdfdc401dd6b5c517094,0,1,0,2010-05-28 19:26:53,231,1517,1.3684,1748,9,7,3,2415,90,49525.7534,2862,318.7391,58042
5350,342f628a0a724fdf916945348eeb018eb9e333c3,0,1,0,2010-05-29 16:58:24,8851,69,2.368,8920,9,5,2,140,31,47905.5206,2862,988.0935,53111
5337,95a03671bae0a0adb9c890c5f40823cec056cac8,0,1,0,2010-05-31 23:52:12,235,1096,1.3618,1331,4,3,2,345,39,38917.2862,2862,1012.1338,48543
5349,242b717f3d3367e0db61b39a35e8083d5bd9af84,0,0,0,2010-06-01 13:43:25,90,86,4.0603,176,17,7,2,236,35,48093.4786,2862,982.2822,54350
5345,7860b138e3a67bb5e795623b27774bab199da2d1,0,1,0,2010-06-01 15:03:48,6988,232,3.7694,7220,18,1,5,42,55,26766.5601,15,10.2132,14
5351,24372e1de1d2fb6a3597cfb93110af22d9d1e724,0,0,0,2010-06-02 16:40:30,189,73,3.5411,262,2,18,1,2696,9,60583.6741,202,171.5822,29
5344,0f2c4777b85f7bb4a78b1ad183b842982c74fae7,0,0,0,2010-06-03 17:26:44,97,9,0.1047,106,15,1,1,2079,7,8477.6412,320,155.6336,3310
5353,40d3fe48d6ac3db4102316a6a2d9920086031705,0,1,0,2010-06-04 02:41:03,68,781,1.6022,849,4,5,4,241,29,33278.5188,2862,1014.1885,54250
5358,acbcc4b52d26f7c74c6870bffb8a62fe367735c5,0,1,0,2010-06-04 02:49:33,18,88,1.0937,106,5,2,1,147,35,51299.9596,2755,1041.0299,44800
5356,f0a396947afcd40d8ee397c1b4515d0b9c9c4304,0,1,0,2010-06-06 04:29:54,487,381,2.8457,868,14,4,4,162,20,33512.3557,2862,1025.4232,54440
5362,b26f8ea4335a474bc0d2f45c856e03b6e69f7ece,0,1,0,2010-06-06 05:06:11,197,187,0.6457,384,4,4,2,26,17,42320.696,16,1070.7286,50329
5341,8656417964680c23ea431ad1889561cd37691cff,0,1,1,2010-06-07 12:26:59,90,813,1.1564,903,4,4,2,164,12,55744.1928,335,223.4408,54302
5372,5f10c6f089a54605b18da65326efe68a276e66b1,0,0,0,2010-06-07 13:46:41,1658,87,5.0472,1745,68,3,2,247,78,40606.0298,141,41.0,1289
5366,38b4b1dcf1b70047ddaae89bbfeb66fd6832d59e,0,1,1,2010-06-08 14:17:08,9,297,1.6728,306,5,4,3,130,19,59937.0298,161,230.5319,58042
5328,219050858aad38efaf99ad6ef94bf1fa394d0be7,0,0,0,2010-06-10 15:30:27,38,84,0.3942,122,2,2,2,306,89,47788.1133,54,290.9666,54302
5370,1e616a129bfb7b05fc23c55c38ab0d8571199464,0,1,0,2010-06-10 17:05:54,176,103,2.3061,279,12,7,3,400,0,45674.2165,141,171.171,1517
5367,b39c578581d9bcc340743a98c189462af210ebbf,0,0,1,2010-06-10 22:36:12,6,17,0.086,23,1,4,3,27,30,9378.152,141,1037.6715,43566
5360,f8d43ed460ce8170013113534dba79707de71d73,0,1,1,2010-06-12 13:08:51,766,763,1.125,1529,12,7,1,356,27,39175.954,2862,1267.3333,60576
5375,34e241accdc2ce771a9dcb0a8b1946c142d6786d,0,1,0,2010-06-14 21:53:09,385,227,2.8395,612,16,4,2,333,44,40954.3217,1,1092.1294,47955
5348,442b1975602b30e2d664dd3753fdaad69f54b341,0,1,0,2010-06-15 13:29:07,2,537,0.9548,539,3,1,2,319,44,26485.0923,1,850.0547,52118
5369,78efa02458c5008560717d70ed42bfd53d29ad7e,0,1,0,2010-06-15 14:50:49,53,36,0.4141,89,68,3,2,16,24,27247.3384,141,177.4811,1317
5374,2797a473f98bc5c614df0fc5100b5cf67b4af842,0,1,0,2010-06-15 15:04:46,306,144,1.6096,450,1,3,2,124,25,35969.864,122,127.4293,3385
5368,7cabd731af38ee15ec5f5c421975fa2727a8bb4f,0,1,0,2010-06-15 15:45:07,8851,1096,0.0351,9947,1,1,6,215,38,65094.2777,2862,989.8973,46781
5377,47237ec23e4405308ae6de975b79cc1240c42dc8,0,0,0,2010-06-15 18:02:50,19,74,3.2728,93,3,3,1,189,35,54078.4295,2,978.0872,47290
5387,48ed0496a2afe849173141b918407d08027105ac,0,0,0,2010-06-15 18:02:53,0,32,2.0,32,4,1,1,34,2,73965.7742,16,990.3786,18
5364,3cc4ee3df22e0a09d9ee2606e7d15913677fdbd0,0,0,0,2010-06-15 19:10:13,23,26,0.5103,49,17,3,2,262,12,36913.0981,231,146.011,772
5373,bfd9ce9b39383d9a468ab66e3d2132f2db4acfb2,0,0,0,2010-06-15 20:57:16,1006,38,0.154,1044,3,7,2,184,2,7459.2789,143,230.9766,4533
5382,4b4762e30b4b7cc0a61e34c569bd3d30e96c0d55,0,0,0,2010-06-15 20:57:22,39,15,1.9376,54,5,3,3,2611,11,20930.5311,147,246.3926,58332
5371,d8755b3a13c39b2ebc4a3d6257fbd24d14b019a7,0,1,0,2010-06-15 21:32:30,163,137,2.0118,300,8,4,2,220,33,60774.5274,1,1058.3583,51223
5388,d5968e6b6098305f0b5c4889dfc790ed82ca908f,0,1,0,2010-06-16 15:26:35,288,183,1.9223,471,7,5,2,167,17,45122.3643,2756,960.9462,56301
5386,034e7a07b836d40035cfcb1d6e83d6d78e4acb0d,0,0,0,2010-06-16 15:26:53,259,66,0.8621,325,4,12,6,2342,13,17769.0049,2862,981.3254,45182
5393,9c06e5380693ee3cf07858e6c53d118c70d00827,0,1,0,2010-06-16 15:27:17,221,2,3.1496,223,17,5,2,226,19,24208.2077,20,1075.5299,56191
5391,0ed749425cb1d9c315e6fd58eacdc26055bfee5f,0,1,0,2010-06-16 15:27:32,9,34,1.7347,43,6,5,3,62,45,9448.6441,27,923.7352,51295
5380,72854b428332451ede48971cefbcacc7233edce9,0,1,0,2010-06-16 15:27:40,67,51,0.0273,118,2,14,4,2211,14,85689.0,734,993.5315,3040
5384,059e5f166b7956ca3127d4e1c4fd05d0ceeabaf2,0,0,0,2010-06-16 16:16:25,103,48,1.041,151,6,3,3,156,90,63602.9078,401,261.3493,3916
5389,9e63ce251a0f3e5330a3158f9b8eb73cee146e46,0,0,0,2010-06-17 17:14:25,0,15,2.0654,15,4,3,1,1820,84,3065.5138,2862,1267.3333,54302
5381,e24a9aad46905097099b53c655e57f09eb84f7b1,0,0,0,2010-06-17 19:59:29,167,64,1.6252,231,58,22,3,133,11,13728.7676,132,104.372,3920
5392,b10562b003523036d74589c69241c95909836d33,0,0,0,2010-06-17 21:57:43,6,3,0.0362,9,15,10,1,48,4,7036.5414,250,168.4701,1113
5395,86af3709eac62149affe6a6fa69da964cea46563,0,0,0,2010-06-17 21:57:50,138,11,1.8837,149,5,3,3,2350,9,15080.2457,378,227.5162,4835
5394,ad838b00a5d9e108f328374a6997124fcf137e16,0,0,0,2010-06-18 03:41:25,276,480,0.5499,756,2,2,2,108,89,20816.1348,137,83.118,4641
5399,5d7bdca55c32af006c54196317c49b06e445c0c4,0,0,0,2010-06-18 04:17:31,19,9,0.8011,28,2,6,3,2148,17,43331.5316,2862,829.7167,47575
5383,1067d37302e07d0130bbe6ec6beb4bab32ea1a66,0,1,0,2010-06-18 04:19:27,129,218,1.1975,347,9,6,2,236,21,56854.0363,2570,1082.7534,50291
5400,d0056e8ef2d947a9769593cd9c01c229ee406187,0,0,0,2010-06-18 04:20:51,538,1096,3.3874,1634,3,2,1,146,17,86094.0,2862,1023.8315,10597
5376,e34bc868d0bd42cfa07e8a924a720077f44c209c,0,1,0,2010-06-18 05:33:44,293,29,0.8333,322,9,3,2,35,19,15715.0216,2676,1088.3709,52479
5410,aadfa6a334135e1f9f7b8eff827941ab6e588d2f,0,1,0,2010-06-18 10:29:54,377,198,0.0,575,2,10,4,147,85,57357.0651,2499,1170.8237,52060
5396,048eafffbbc25d238de89006bd748271614bcc41,0,1,0,2010-06-19 00:58:15,8851,37,2.3933,8888,9,4,2,2342,5,49816.498,2862,1029.3217,55964
5402,5531a7f5db05adad04d393b4ccffb6d87d806ec9,0,1,1,2010-06-22 04:07:46,113,38,1.8093,151,12,1,2,28,12,59843.6238,2645,874.4484,51686
5401,cb00345edca00a2cdb3b74d5ca0ef2ee97e59e16,0,0,0,2010-06-22 16:23:51,22,7,0.8923,29,2,1,4,76,5,41498.513,2834,986.6932,3040
5412,97b45898c0261bcda1ba2245147f3de517e44a74,0,1,0,2010-06-22 19:06:25,187,214,2.1005,401,5,5,3,213,85,55107.7569,2781,970.0117,55736
5397,4ef44c62172744352d02fcac8f0f42710b1a037e,0,0,0,2010-06-22 19:35:53,127,66,1.1736,193,4,2,2,17,23,35531.8248,2655,844.8822,48123
5404,45254e10cc06caf47be2457c1e371ae91e81750e,0,0,0,2010-06-22 21:29:01,10,2191,2.0,2201,1,1,1,223,31,11031.0953,16,1025.0718,18
5385,18fe1ebeb3071ffa0e2cf9723fd4a41a2568f9c1,0,0,0,2010-06-23 18:31:23,213,3,0.8278,216,3,15,1,49,24,53419.5701,235,171.5,1259
5403,31c40fbe18fc04870595ae2a7111c72bf7f33b4c,0,0,0,2010-06-23 19:00:09,9,9,0.7095,18,47,1,1,1356,20,3753.1854,288,135.8753,2205
5409,524290bf738f658d94e0cdaa4c8ee8902288ed42,0,1,0,2010-06-24 15:12:34,50,0,0.0,50,4,3,2,59,7,63597.8864,2763,1021.2276,6443
5419,7dffa83a0619613a17deb3f0d08858006f320e03,0,0,0,2010-06-24 15:58:16,335,75,1.7671,410,3,2,2,146,75,1250.0,2482,857.3924,44146
5414,c8f7e9b19c7f0cb476e1a11fba7b56e6d6f53dd4,0,1,0,2010-06-24 22:12:43,28,101,1.8503,129,4,3,2,393,87,23744.8362,2862,983.4123,49945
5420,0b2ba99325b379cd5ba4a79b66f3eec46850e776,0,1,0,2010-06-25 17:44:55,659,103,1.8917,762,7,7,4,276,86,35803.3997,2862,953.0099,54071
5417,16c934812b2395da7fb3968965b03d2f6aa8c8a3,0,1,1,2010-06-25 20:34:22,214,189,0.537,403,4,3,3,224,88,12298.7181,2781,1025.0346,57024
5423,5ab5e1bbd19cd392901bc6222daaf0180c26cafb,0,1,0,2010-06-30 05:48:24,330,652,3.0517,982,87,8,1,80,14,39636.9777,2723,1089.86,54155
5416,9c0ad8147de1d84319eb08dd5030f03ff7a9eaf2,0,1,0,2010-07-01 01:24:35,50,7,1.9092,57,3,3,2,150,24,40250.6544,2862,829.7167,56730
5418,9f7285664c33520c008748095b09204170989ad3,0,0,0,2010-07-01 01:32:26,13,19,0.0831,32,1,15,1,25,6,43387.1728,2796,1013.42,45239
5433,14e2a114adfd3f0b3d2ea7e87a35e59851b0dabf,0,0,0,2010-07-01 14:04:30,987,98,0.8113,1085,2,2,2,226,82,35654.967,2754,977.2038,51768
5411,ed623da76d08da4921db6f37d48ce28eecb033df,0,0,1,2010-07-01 16:51:37,14,260,0.6771,274,1,2,1,200,27,8041.483,146,120.8797,2701
5415,0789a58a46f25b2b22d91b3f570e3425a2a51c23,0,1,0,2010-07-01 17:20:39,211,76,2.5736,287,10,5,2,2977,28,67730.9213,2746,935.9475,50514
5426,9249a6c3bc07ebc9ec64c999e8088e6a712fb870,0,1,0,2010-07-02 22:11:04,1166,333,3.2607,1499,15,12,3,198,44,53172.1038,2,921.3718,53662
5407,7b3fdb2506ebe8bb1543c2f7f6883772fdac25d1,0,1,0,2010-07-03 20:59:04,229,87,3.2827,316,7,4,5,306,38,41212.1218,2,1115.3085,51480
5432,f9ef8396361e3c1eed07b8bb358b43199844be39,0,1,0,2010-07-04 02:48:23,24,105,2.1399,129,8,6,1,173,36,17135.734,20,1072.8772,33
5425,7c3f9a46d5852c4fffdf4c38b71fe74bcafdfc87,0,0,0,2010-07-05 20:54:51,164,58,4.9056,222,5,26,6,373,41,48662.758,1,965.2384,48557
5430,2e0633612ac4a4ba7eeb54f4afefc99efcb49645,0,1,0,2010-07-06 03:58:38,714,278,2.109,992,11,7,3,409,49,7676.5766,2862,1039.4274,59865
5427,972812c700068d11f7fe7dc2be55eb3de7eb68ec,0,1,0,2010-07-06 15:54:49,152,4063,1.6486,4215,8,6,3,336,91,50257.518,2772,919.178,60404
5398,16ff779db9dbcca97d935e4ae7f9834b21d10466,0,0,0,2010-07-06 16:26:50,344,6,4.4362,350,2,1,1,59,14,68048.4351,2783,970.0636,45024
5431,b011752e150967db5241641b2592422a51f8ce18,0,0,0,2010-07-06 20:48:23,5,8,0.0992,13,47,15,1,62,5,52596.2451,6,1023.0971,45181
5437,c4b0006dc5bdd44dc77f2a038063b7ddacafb567,0,0,0,2010-07-07 15:49:59,607,465,0.0611,1072,25,1,1,24,8,86.1947,734,1017.0535,3040
5421,92f7c71cd3349b9173fb8111f59b81c739c761a6,0,0,0,2010-07-08 21:12:07,3,102,0.1375,105,2,6,1,148,11,45221.0514,2862,829.7167,12087
5429,f250aecf87ea50f55135386f9ed31dc3bdb0234e,0,1,0,2010-07-08 21:12:11,11,24,0.0152,35,1,1,1,45,20,82338.8302,2862,999.9435,46620
5436,e349f3f82326891cf70535660657249c7e10c822,0,0,0,2010-07-08 21:37:35,121,41,1.6333,162,4,1,2,140,47,29017.6103,2729,940.1194,49952
5424,8a75efed3f8e732bddf5654a08abbb8f71399aab,0,1,0,2010-07-09 05:12:47,87,30,0.0699,117,10,5,1,67,22,80758.0398,6,1042.8293,48079
5434,0da82f321c6c662cbd72f0d9895a916cf0aa71a4,0,1,0,2010-07-09 19:58:21,729,110,2.6423,839,14,7,4,42,44,50084.9774,2670,953.6914,58374
5428,d062a9650adb186d7849f214ba428e2c788960b7,0,0,0,2010-07-09 20:15:58,37,4,3.7384,41,25,1,1,2211,1,73949.2722,734,991.786,3040
5408,fc73007f3d966312c1c8330925a3027950ae8bbd,0,1,0,2010-07-11 23:07:50,2186,253,2.3128,2439,16,9,3,438,29,35531.3464,3,1075.0238,21
5446,1217e2f133a7b33334fb0297f1a0cb3a8c6dc8e0,0,0,0,2010-07-12 01:02:44,108,37,1.0878,145,2,2,2,2444,13,21916.4248,2643,1078.9727,2
5438,6a8c248da5cd299495dfaee4fae69e643652a612,0,0,1,2010-07-13 17:39:25,873,5096,0.0488,5969,11,1,3,12,17,86209.0,2862,1267.3333,54302
5441,dcdcb3fd6c5cfb6975305efcac2ddb565fe3e078,0,0,0,2010-07-14 03:43:36,2,184,0.0,186,1,1,1,117,33,19129.1797,2771,962.2364,45168
5454,663eebda7471c8b8df5730e9c9a2dfe92b8239d8,0,1,0,2010-07-14 04:13:23,45,55,1.8805,100,4,4,2,255,89,16188.3418,2862,995.3263,51533
5451,4dc9d5667672291fd355cec7a668bb483801fafb,0,0,1,2010-07-14 12:10:50,173,39,0.1611,212,1,2,2,45,16,67156.7735,326,225.3963,54302
5444,81e55bfbab7a9f27416a711803c3c35472d58434,0,1,0,2010-07-14 13:51:31,58,56,2.1556,114,3,2,5,70,22,56824.9162,2784,1050.2632,47607
5452,dbe2de34ea9a5325c99b9c6f6cd1f9771d956e85,0,0,0,2010-07-14 16:28:23,237,139,2.6151,376,14,2,2,123,80,70679.5748,833,1267.3333,8610
5467,0b0c523581a2223777422d335289e593d9c58de6,0,1,0,2010-07-15 01:37:40,8851,81,2.3039,8932,11,6,5,360,90,28544.8565,2862,969.5051,55685
5445,9e7d7f527ceb48829ef9bc927174e0c39bcb1246,0,0,0,2010-07-15 03:00:38,264,2191,0.8393,2455,2,1,1,43,21,23744.9468,16,1029.8386,18
5456,70d94e1cc01c31f4099143be045fe03b76163d77,0,1,0,2010-07-15 03:02:57,9,26,1.4,35,3,1,3,2148,20,23506.2264,2862,829.7167,47665
5459,60d7cfa6bb93bc449145ea4580cd41d3a8e74ac8,0,0,0,2010-07-15 03:05:11,1020,38,0.3672,1058,26,12,1,9,9,36303.3579,20,892.9207,10851
5457,13e335789942becc068c3931c7810bc085ea0dad,0,0,0,2010-07-15 20:16:55,303,21,0.1495,324,2,4,3,55,1,8947.2449,9,926.0478,5134
5462,095ceeb6226a53ab3957a4ba9929dcf583e6a9b4,0,1,0,2010-07-15 22:08:19,607,465,0.0359,1072,25,1,4,2211,6,29392.5984,2843,1007.1657,45764
5443,9801cee296e48aa7f957f171291da0f2b11bacdb,0,0,0,2010-07-15 22:12:42,558,93,2.8914,651,2,1,1,108,6,80866.7974,613,311.2,1740
5455,a393b92731c8eae9672f4e21442a38a998e9970b,0,1,0,2010-07-17 02:09:41,10,26,1.571,36,11,1,2,173,29,58247.6525,80,938.4184,56976
5447,714eab0c4079276eefcdd5a1d8d9ca7b225c9f80,0,0,1,2010-07-17 12:46:47,22,45,1.5307,67,4,5,3,2452,14,43712.7064,2742,1051.9087,45035
5472,7d8e2166e09cd1af8f7ccd54a671a801cefa5742,0,0,0,2010-07-19 12:37:33,10,2,0.6273,12,2,2,1,223,84,58699.768,1,1019.4644,48908
5463,5be6ca1555554802f1cc3e23dcebfdb3d9989158,0,0,0,2010-07-19 17:23:54,551,23,0.1025,574,3,1,1,2641,3,62497.1395,2778,1041.723,44818
5449,ebfc6951435e76848cb17b291ff23c39510d25ca,0,1,0,2010-07-19 23:54:12,2,3,0.4776,5,2,2,1,2371,28,45010.9654,564,27.8473,2569
5460,67b39ac85dbfcfde6d21228e1bb91d74b1c56a85,0,1,0,2010-07-20 02:18:36,30,465,3.7384,495,25,1,1,233,29,85689.0,2841,1007.0664,3040
5464,4a583ce84932083b8d6c1b1b564462cd4770dd25,0,0,0,2010-07-20 20:29:25,3,4,0.0,7,1,1,1,18,10,57427.7996,662,19.6611,2649
5440,d25c336656e5d5e3dbeab81e10842b3ff7947c55,0,0,0,2010-07-21 15:13:14,14,71,0.59,85,5,2,2,59,16,69877.793,240,180.5874,1281
5465,d6f2119c136c735aeb73dcba808cc02e03f7ec04,0,1,0,2010-07-21 15:13:39,769,13,2.3525,782,5,2,2,233,34,54911.2971,130,264.0911,3567
5458,3876de74dba7d5b96a6103514b3665726b0670be,0,1,0,2010-07-21 15:14:05,78,1308,0.0877,1386,2,1,1,1657,2,53293.662,229,179.284,1315
5468,7405e8f6a1726ea42345b59f0c5b3078465c590a,0,1,0,2010-07-21 15:14:25,290,90,2.5715,380,2,6,2,475,28,44229.1576,2862,257.2507,6119
5469,4b4f2e93dac401cc46decaff7e2ccf663b664b36,0,0,0,2010-07-21 19:03:23,11,9,0.8944,20,1,2,1,342,42,51137.1339,233,177.9521,1314
5471,580e920df50d83f417590cfb351955143dff60ed,0,0,0,2010-07-21 21:56:33,15,2,1.1405,17,3,3,1,357,43,13761.1133,236,171.5,1415
5473,31b5382c3b4f6fa6d68ff067f5cd5ba3e5910957,0,1,0,2010-07-22 03:30:12,85,60,1.0195,145,1,14,4,255,34,15330.5752,2826,967.0206,44778
5461,2bee26f1577cdb99013dcdcb6d0085359db7fed7,0,0,0,2010-07-22 16:25:53,7,22,4.4362,29,2,15,1,3,14,71488.1544,2741,1040.8334,9664
5476,f5fbfccdcf4910417efaf04fbb10111f69201c2a,0,0,0,2010-07-22 16:51:44,164,53,1.605,217,96,4,3,295,88,34354.1718,2771,960.7134,59904
5479,930645c660e318deaf5c9ff7de0422851d2ec6c9,0,0,0,2010-07-22 16:58:28,215,76,1.8053,291,4,3,3,33,2,58667.4878,1,943.7562,47422
5478,395c3caa0cadc71fb7d1fec45011b5a59b679f6c,0,1,0,2010-07-23 18:18:07,245,388,3.1379,633,29,27,7,170,90,39845.0386,5,1074.4109,122
5477,c00a5c1f5800ba3b369cd47ec97a6cd241b1cb91,0,1,0,2010-07-23 19:22:58,315,164,3.1079,479,17,8,4,707,25,34367.3784,351,141.851,5549
5474,e3f05adf36e4e83de87747cc5c64e4ae7ae7314b,0,0,0,2010-07-23 20:35:33,1731,53,2.047,1784,8,5,3,389,38,813.3247,2741,942.4903,56517
5483,a6777492280ae481392cd4cb4ba613923f84989d,0,1,0,2010-07-23 20:52:54,336,813,2.4556,1149,8,5,2,7,50,51430.3396,414,277.8635,4734
5475,2441f798ca41f610a25fc55d7f24685473085f54,0,1,0,2010-07-25 04:16:30,110,948,1.1013,1058,4,3,2,232,30,25576.1671,2807,1024.4091,52992
5489,4fb3d1864162a906de470a10741d02dbe2dceee8,0,0,0,2010-07-26 03:00:08,638,728,1.9506,1366,59,8,4,162,80,13537.1301,2728,933.3968,113
5482,e4f579f717acf1be24fc66a76c290fa46a5d0520,0,1,0,2010-07-26 16:04:06,674,143,0.9135,817,6,6,4,226,0,35746.5852,2862,959.5403,52857
5495,1babf7602bf7fe271ce9f2d0031f8a94d9766350,0,1,0,2010-07-26 18:44:25,36,86,0.9802,122,6,6,3,345,85,28343.7945,2,1025.845,51654
5484,cf39b740d0fadd042ba5aefd824885db6b43ca9f,0,1,0,2010-07-26 21:00:40,271,97,1.2659,368,5,3,2,127,34,9784.5442,2862,982.9764,45013
5453,d52fcb17775a3e76e6fb593a48e3a1cbb490da48,0,0,0,2010-07-26 21:01:20,130,9,0.0,139,1,1,1,29,2,83557.9633,2731,930.6562,44244
5487,77e3578577f3de782bda524a00863f1826d23377,0,1,0,2010-07-26 21:23:17,400,125,0.1266,525,1,2,2,118,81,9293.3456,2862,1024.7187,51651
5491,619cbd124d248c8a9e27e9ebb7eaa4e7d8e31046,0,1,0,2010-07-27 03:17:10,461,23,0.9579,484,8,2,2,284,86,23599.8921,2778,1032.7696,52003
5498,93f71af6b3fedd7a4f35804df6a150aaae66ed64,0,1,0,2010-07-27 03:54:22,36,18,0.5788,54,3,2,2,149,82,9204.7023,2862,829.7167,51483
5481,291846dc0565730e67c02081caaf347223b386bc,0,1,1,2010-07-27 04:02:04,20,9,0.8486,29,47,15,1,52,18,41418.5603,2786,961.5967,9145
5488,257177b421d0930f889e96a7601053b210c05ef0,0,0,0,2010-07-27 04:05:45,144,50,0.0,194,1,1,2,87,5,23978.1238,5,1049.4896,6291
5503,774c2143362353b910ad68f22bac64884cdd39f8,0,1,0,2010-07-27 12:45:26,8851,1096,1.1041,9947,1,2,2,93,86,49642.3063,2862,978.9383,51777
5470,529aa2ebd869dacae79837eaad05483ee4dae512,0,0,0,2010-07-27 13:24:20,20,11,0.8625,31,1,2,2,2331,14,25530.7852,613,177.8496,1547
5492,3a044a9140abd8f77c935d8551ee6a62ecbdc934,0,1,0,2010-07-27 17:46:28,187,2269,1.801,2456,12,7,5,295,88,57231.0321,7,1049.0912,55265
5502,e4fe6f3bcf385659e322cb644567919729f658a4,0,1,0,2010-07-27 22:43:13,7,8,0.0467,15,12,6,1,115,23,69051.071,2862,829.7167,47031
5486,76de427e4287389654f72e2e9feb451f520b555d,0,1,1,2010-07-28 18:00:18,58,44,1.0308,102,2,2,1,297,39,45285.5912,112,250.0411,54302
5496,c1d3fdf48cff97aedc356a6aa41242269c52f682,0,0,1,2010-07-28 20:54:33,4,50,0.0,54,1,3,1,1533,2,4178.4904,262,142.163,49967
5500,c618c213d81e64719f6cf4612a7a8f1a9760289b,0,1,0,2010-07-29 01:47:26,70,655,1.5765,725,4,3,2,1888,10,32324.177,80,1038.0542,55803
5501,8a17df1b66d91e5b5cf7ec4cee2e13430667f684,0,0,0,2010-07-29 19:05:24,1006,813,0.157,1819,12,2,2,258,82,27574.0961,543,9.7772,54302
5506,de5715e14f88ac3d1c6f32cbae50bb35e699c2af,0,1,1,2010-07-29 19:53:36,495,1269,2.7641,1764,18,13,5,239,45,25957.2909,329,127.0983,61661
5507,cdc48e527bb71e4bf3fa08b6df0e522f5281ac98,0,1,0,2010-07-29 20:22:08,602,58,0.5953,660,7,1,1,194,17,14904.5704,139,156.8558,615
5499,a149163699cc8872bf161bd10fa538e862c109a0,0,0,0,2010-07-29 20:22:14,113,78,0.1523,191,3,26,7,71,18,1270.3358,280,151.0495,639
5504,b43e536f96be9e962514563da1d12a762d0d9bfa,0,0,0,2010-07-29 20:22:19,3,3,0.0,6,1,1,2,24,9,472.9753,298,145.4096,1077
5508,ab6b05f820738c98b76b62e34deec8c6706b1656,0,1,0,2010-07-29 21:18:23,8851,3,0.9558,8854,1,12,1,190,33,34814.6356,2862,989.3689,47306
5497,3adc03e6e4373f5d5a514f4eab81386f48b3533a,0,1,0,2010-07-30 14:02:56,98,29,0.5162,127,4,3,3,169,85,59835.5481,195,196.6182,2467
5505,f3516171e1aab2b61e5c794e92745c2fe86538bb,0,0,0,2010-07-31 15:42:34,493,281,0.7775,774,8,26,7,1769,6,67546.8685,231,118.75,55
5514,ea06b0fe23bb8d7c404042577086c5deabae89ff,0,0,0,2010-08-02 15:05:11,37,34,0.097,71,2,15,1,8,1,41683.0901,6,984.3122,6
5485,6d60623b2d842f2fc093a81313d606ba798933e3,0,0,0,2010-08-02 15:05:28,31,8,0.1936,39,2,2,2,2177,8,3138.5548,2676,924.5188,52316
5509,91e4b6524a9b1763298b739c740e0ad7a0e9e42e,0,0,0,2010-08-02 15:05:48,52,1517,0.0,1569,20,8,2,121,41,48521.2814,20,1063.8392,51454
5518,0ec33805acdbf23421f128b74a1cba6101647f12,0,1,0,2010-08-02 15:06:12,97,82,1.3013,179,5,3,1,215,16,18510.5776,2607,1097.5919,42568
5510,00c108a1a55affecc2ab109848f5e1ec95855762,0,1,0,2010-08-02 18:18:40,237,5888,2.0852,6125,12,6,4,87,40,48488.215,66,93.3148,58699
5494,25b8945abf3b456bda03499eddcd6ee3f76175b0,0,0,0,2010-08-02 18:18:55,1205,948,1.9992,2153,5,3,1,73,26,3143.5727,344,142.6376,84
5516,46af695250e6ddb5290dd6e1883409980fe7c25a,0,0,0,2010-08-02 18:19:10,27,214,4.4362,241,47,1,1,58,5,82654.9679,325,152.1107,46227
5519,849bb95ed909db0b571c4d9b8551be8c1b6b572d,0,1,0,2010-08-02 18:19:28,127,268,2.4229,395,9,4,2,58,11,50608.6856,229,41.0,1504
5521,0973239570dd614a6e0f2bff39b1a4d7ce68b6c6,0,1,1,2010-08-02 20:19:42,101,6,2.4479,107,5,4,1,261,58,65571.0626,363,250.1937,4169
5490,1b5577b254580b610105b0350397c0524c0c97ec,0,1,0,2010-08-03 14:58:14,206,299,2.7289,505,8,7,3,507,46,57743.0873,20,913.4712,152
5524,49f34a25feb501103d3c56047bbc1a642e2fcd8d,0,0,0,2010-08-03 15:03:33,3,0,0.8974,3,2,3,1,354,22,63547.4565,2540,876.4261,11062
5517,5e1abef0b013de1069c7c2f2f7bb1b76920b5725,0,1,1,2010-08-03 18:35:31,987,2291,0.9183,3278,8,2,3,122,36,51083.3644,334,247.6748,5042
5522,fe1fec0ddc9cf3fc866d450c957f4dfe2a183186,0,1,1,2010-08-04 12:38:27,66,133,0.9146,199,2,2,2,121,30,62824.3084,112,131.9069,2976
5526,2540e34a1310d5f8abbbe6f970413df2badec435,0,1,1,2010-08-04 14:36:05,130,15,1.4471,145,4,2,5,45,22,56493.4047,433,272.5302,4244
5513,ec5d3bddfdf956b6642b937c80123863c19e2763,0,0,0,2010-08-04 21:12:15,2,6,0.0441,8,1,1,3,76,16,8937.8496,2804,1023.5548,47116
5527,2c87b5f5623ac4c8981e37fe60382b261e5b50f1,0,0,0,2010-08-04 21:12:21,1669,6520,3.4698,8189,1,1,7,188,35,12849.885,2794,1048.9872,43758
5528,73644f16af8aaac5659ea1398b83b64f984239cd,0,0,0,2010-08-05 02:08:56,23,1014,0.2537,1037,18,2,1,167,5,39142.4857,20,896.5748,3777
5531,c26e89c11286f1948adc42443e560410fea94383,0,0,1,2010-08-05 13:14:59,144,2,0.0,146,4,1,1,1533,5,86249.5158,5,1045.8286,45035
5532,8bda57384005236a330c73d78e36acd3ef47b4bc,0,0,0,2010-08-05 14:36:44,295,139,2.6151,434,3,2,2,132,76,36103.3246,2518,896.6106,19404
5529,1208a20baf698b79e73d87a3efc001a306fc5a2c,0,1,0,2010-08-05 23:31:00,28,196,2.2313,224,1,4,1,176,10,81788.1802,2763,1087.5985,11119
5515,8b9beaaad8142c566f1f8505f625128580594cf4,0,1,0,2010-08-06 20:34:12,944,601,3.313,1545,25,7,4,347,83,57530.3423,223,169.3991,75
5533,fce7c1551c352d9c207a0a852176030a41a89935,0,0,0,2010-08-07 14:17:37,4,2,0.0,6,4,1,2,33,7,47122.6482,2827,969.1426,45650
5534,c8f66193ac5d96989fb683c50db0ed7540c0e7e5,0,1,1,2010-08-12 14:39:01,15,43,1.7623,58,5,5,4,273,23,63871.9804,52,111.482,58607
5535,d94d553278622a03f33206884c69d83812e8098a,0,1,0,2010-08-12 19:22:07,52,249,1.2277,301,8,36,4,248,26,13887.7022,2862,972.6811,56502
5544,36650a2d9a4186c38b8925ab38d959bcda70c1df,0,0,0,2010-08-12 21:36:06,27,4,0.7445,31,2,2,2,189,82,15495.5501,316,219.2479,54302
5525,d1498dd5b9f16ba0b7facabfc9085585d4d6cc1b,0,0,0,2010-08-13 15:34:58,58,12,0.1194,70,2,2,2,58,82,56471.3373,2862,992.677,51669
5538,1defd006c34201c9027555216ccc29aee6df7ec9,0,1,1,2010-08-13 16:20:18,2391,211,0.2007,2602,18,7,1,628,83,60575.9513,2862,1039.552,46872
5539,f3d196d61bf75fe582e7522d48d3604016f5562d,0,0,0,2010-08-13 17:50:21,663,54,0.1657,717,23,2,2,1982,23,17509.5138,2643,924.4267,42563
5541,e3c27033c9f79e31990e770b9f5976900ccb8041,0,0,0,2010-08-13 17:50:24,6,38,0.0525,44,4,1,1,30,6,10862.0422,2821,1036.5778,18
5549,927136634449e66adc222f42b2063071295cf08b,0,1,1,2010-08-13 18:00:34,996,59,1.1813,1055,3,1,1,74,80,41116.9897,382,105.4441,5052
5537,b07301dddce919290a5062101ee8cea940a8315c,0,0,0,2010-08-13 20:33:49,400,14,0.8351,414,4,3,1,144,71,52645.158,38,1111.9687,8
5543,c4debf4cacd53b874008d48c0d96483a862397ec,0,0,0,2010-08-13 20:33:52,344,214,0.0327,558,1,15,1,1356,1,16302.5377,2817,991.0343,45868
5545,8bb23e0130a156b51ed97eb480e3e5740bc5e71e,0,0,0,2010-08-14 01:48:25,3,1,0.0,4,1,1,1,18,5,17782.6253,267,141.6291,49967
5520,bc693a63af153b4e4921137bddc9d9a400cd7bd0,0,0,0,2010-08-14 16:58:55,144,37,0.0,181,1,3,1,1533,15,12368.1024,2754,1089.4533,47857
5551,916c810b54943695cedfcdb46a3eb8eba2d90536,0,1,0,2010-08-15 16:16:58,2436,247,3.9306,2683,37,14,7,247,36,55653.5949,2569,905.0333,61
5550,d5a21efbf489a5288afa535a5de8f75130279b00,0,1,0,2010-08-15 17:59:15,419,24,1.0621,443,2,2,2,3,9,34424.7238,455,138.5001,6444
5552,4ac23ca0e0ca7c52657134869c8613b09e72cf2e,0,1,0,2010-08-16 16:28:43,182,125,2.9771,307,10,5,2,312,24,34392.5885,24,948.0731,52004
5546,477deb3a090735a28cf7537b1280a77d071a1c52,0,0,0,2010-08-16 19:05:00,53,27,0.9266,80,3,3,1,17,87,30489.5488,2752,1092.6302,2
5547,96e0ed42c1677a1ab8eb4353e516d4c166691f3d,0,0,0,2010-08-16 19:25:12,614,99,0.6377,713,8,2,1,50,13,1147.2075,334,218.1549,54302
5560,27c72dd66efb7a1dbcb002b9ef0caab30af76954,0,1,1,2010-08-17 15:20:46,13,3,0.6088,16,2,1,1,154,83,76072.5329,1,969.1948,48915
5536,e17e22a80ad1064c4c505f5bab7ffb7ea37db02f,0,1,0,2010-08-17 18:10:26,76,64,0.5501,140,4,2,1,254,29,12893.3494,141,41.0,1324
5553,5dbee3c72153977ebea121704c34228a7eb51074,0,1,0,2010-08-17 19:08:29,938,34,1.0731,972,28,2,1,304,32,43479.418,2781,1038.3515,48154
5556,0690ea0b244414be90990d550dbef35587ff0010,0,0,0,2010-08-17 19:14:49,41,43,2.5973,84,10,10,2,472,43,16239.8054,391,180.5791,1473
5561,283e365196cdad3fb352de0b6d7a8c0ddd1d784a,0,1,0,2010-08-17 21:21:51,41,374,2.247,415,8,6,4,490,87,26290.3878,16,955.4101,58482
5563,29c38c803524127922349204f78bf1e5648f1e64,0,0,1,2010-08-17 21:43:20,77,1308,1.1172,1385,68,3,2,88,88,2808.6136,141,175.609,1476
5559,66d32c8e283b89eee16940bfce7fa2c12f540527,0,0,0,2010-08-18 16:18:00,165,6520,3.4698,6685,3,2,2,156,16,75939.0865,452,103.7728,59905
5566,35ee5347f8d8a344f62389f9bcc3f028351818b6,0,0,0,2010-08-18 16:40:42,1195,862,0.9656,2057,10,6,1,560,89,24505.5067,20,898.2583,47424
5564,4cd3e3af5a5fcdcbe05eadcfef8a6393534f5b91,0,1,0,2010-08-18 20:04:22,469,3317,1.9358,3786,6,5,5,91,2,50897.0763,1,1069.947,55578
5548,f93ebf4fa06f355aa1aea653a5b00f7d66b59501,0,0,0,2010-08-19 15:50:42,73,39,1.3167,112,10,4,3,42,26,68533.7412,227,108.0013,1703
5572,0b68a77325dc80bdd4d573dc55cba01c456a0b99,0,0,0,2010-08-20 06:54:49,141,719,1.4456,860,10,5,3,279,2,35095.0641,2696,1048.9618,55284
5554,d41656b14a523fe190e7cae942ead7d80304a78b,0,0,0,2010-08-20 06:56:59,6,40,0.0349,46,4,1,1,4,2,9781.2608,2787,1027.0882,46227
5570,d2667f651d3f10c5a8c910535f63b4073862a5a1,0,1,0,2010-08-20 19:16:35,39,71,1.8588,110,7,5,1,290,2,38026.5077,391,171.5,1298
5581,8f4441deddba8aa365fcf514ce3e1be4fbe1ef53,0,0,0,2010-08-20 21:26:25,88,73,1.0754,161,7,36,13,328,88,5127.9437,2862,1019.2384,58257
5557,ac57d9d082e1688a1bd75a9b7ec37db4f0e6c4d2,0,0,0,2010-08-21 00:26:35,2266,1132,1.3466,3398,5,2,3,3,7,8979.1102,280,118.75,854
5576,3e7343e1059b32b2313e9be8e43db07ac223326e,0,1,0,2010-08-21 11:37:04,143,211,0.6261,354,10,3,3,506,79,46191.3405,2,1059.7394,55007
5575,b2a8d8954b36fd361bd30437e135c75a8a141d59,0,1,0,2010-08-21 11:55:30,101,229,3.4991,330,15,6,1,672,46,43875.5127,15,941.6871,96
5573,775293210c8488f3ce708ccc3a09fe7ee639d436,0,0,0,2010-08-21 16:51:11,13,53,1.0116,66,4,3,2,52,12,42724.8534,2862,1004.2787,54273
5542,6055d1b696ea2e3085947afe22344b8d7a1d3589,0,1,0,2010-08-21 17:30:30,10,2,1.0581,12,3,2,1,160,20,58371.8654,16,857.0112,154
5567,312aaf0f561ee3eba51625ebd81ee8b67bca90db,0,0,0,2010-08-23 22:58:51,663,15,1.8319,678,4,3,2,128,31,18117.6158,682,1267.3333,58131
5577,70809e8b921ce5acf1466db15637321723b423d2,0,1,0,2010-08-24 13:25:07,39,15,5.0472,54,68,17,5,1657,5,75517.4862,141,179.8019,1293
5558,7173a088f44596c727eb5403de78aa3aaa2cacbf,0,1,0,2010-08-24 14:49:23,996,977,0.299,1973,3,3,3,426,82,49306.6504,1,932.9505,55785
5571,afc3031513feb77fc7a239fbf333de975dfa1f4f,0,0,0,2010-08-25 13:55:52,88,0,1.1598,88,1,6,1,2148,1,76315.6491,2862,993.7199,50094
5584,3939a02b0bdad1247c507da44e325e4abfb37f86,0,1,0,2010-08-25 13:55:58,92,65,0.0,157,10,4,1,219,31,49546.9521,2730,939.2098,42824
5579,349956bccd829d3420cde9d8832f40c0aaa5bb8c,0,1,0,2010-08-25 14:11:39,23,2191,0.0298,2214,1,1,1,23,27,69951.7412,16,1026.8801,18
5593,3866585e87cbdfc706a83b9b9d7d790b8aa47465,0,1,1,2010-08-25 16:02:30,83,46,2.1372,129,7,3,3,240,81,21.0,2862,1039.6636,49386
5574,d28cab41a067803b6e2fa2b5e88f6a4f4103f1ce,0,1,0,2010-08-25 20:25:49,937,1096,2.144,2033,12,12,4,291,0,29966.521,2862,948.4494,277
5565,a455a8dca923dfd4fb3f82b36d97ae522172e092,0,0,0,2010-08-25 20:41:10,143,247,1.0489,390,3,2,4,2382,17,12821.6002,169,112.8486,60576
5582,f8f6fb2165d7e5d520403b3715fcfcbe5610bc7e,0,0,0,2010-08-25 20:41:18,0,70,0.0,70,7,2,1,83,20,28235.172,584,320.5903,10366
5569,ac485c57edbb4a5bd58a0a536acf445cf139ec8a,0,1,0,2010-08-25 20:41:24,87,90,1.2379,177,3,3,1,184,37,29089.0256,449,103.3856,3860
5588,f51781533dc395687120001bf0ba4d9f7ddc6e62,0,0,0,2010-08-25 20:41:30,1669,6520,1.5194,8189,5,2,2,159,35,22669.1756,167,187.4838,59905
5590,2a2c4ce11077fbe2ded0a055b638cb37cc362daa,0,1,0,2010-08-25 20:41:37,156,112,1.2177,268,5,3,1,199,25,19967.2651,119,222.9048,2255
5589,cfa5ffdd59c5adbd72f27414abfd7965455bca66,0,1,0,2010-08-25 20:50:45,113,97,0.7843,210,4,3,2,206,14,78358.0,2724,931.752,56407
5591,8c003b97355ed1f04d94f0e325ab7ffb69bd4771,0,0,0,2010-08-26 17:39:25,1,7,0.0,8,1,3,1,1533,6,82456.0807,2795,1029.1004,47972
5608,4c451cd1345045d939b17df85b41861ce33fd15c,0,0,0,2010-08-26 22:12:21,4,102,0.5303,106,2,2,2,252,82,23278.5726,2862,995.777,50833
5598,e766e15265b42e5717957df6af014ee72221efd8,0,1,1,2010-08-27 19:41:12,558,0,1.9072,558,3,3,2,343,82,59252.814,613,55.7848,1779
5594,ea6fb4695e73aeedeaae56f6373cbfa260f4739a,0,0,0,2010-08-27 20:06:52,73,50,0.8424,123,1,3,2,87,26,81917.872,1,1072.3513,50423
5568,fab33fb4e87decb71b3169cdc12e48f4cae104c1,0,1,1,2010-08-27 20:19:44,60,168,1.7162,228,10,3,3,673,89,31487.858,1,1088.9802,52205
5578,799ca241b96f2928e3f748daa4c390ef699d658d,0,0,0,2010-08-30 21:14:29,55,122,0.0,177,1,1,1,2,18,29606.8835,2862,1267.3333,9548
5601,47069290ecc9909a0732eed13a1380362da2d791,0,0,0,2010-09-01 14:01:11,36,6,0.0567,42,3,2,2,142,8,56401.2653,390,98.3343,54302
5585,441450395e17df0062f80e2700380cce66429454,0,0,0,2010-09-01 15:04:05,6,45,0.5624,51,28,1,2,115,85,31905.2958,238,171.5,1462
5596,1c123a1b2776fd0a35ab853d2dfe6f97edd89352,0,0,0,2010-09-01 15:58:44,108,63,1.7963,171,2,3,3,44,6,25213.8117,474,60.9963,54302
5604,94c45e7107c0b249d8899cb70dd22eacac216898,0,0,0,2010-09-01 16:16:08,2266,1132,1.6447,3398,8,5,2,122,20,49188.9401,231,118.75,685
5597,ede60f9f4619ac5fdc51297ec9adc4057b48a265,0,1,0,2010-09-01 16:20:12,72,4,0.4133,76,2,2,2,156,89,260.8449,2862,118.4464,5099
5606,d40f112aab4f61159f3812d61a85daa16e38f3f3,0,0,0,2010-09-01 17:50:50,6143,68,1.7089,6211,2,2,2,75,7,30478.0184,390,189.024,56960
5610,e0b5e87484c2a8f5112f65fa97f2a5efeb84ecd6,0,0,0,2010-09-01 18:57:26,1006,813,1.106,1819,12,2,2,162,1,7515.2731,140,192.7277,3411
5595,84bc8e656182e4d9296adc7cb937a1f602c0d9b5,0,0,0,2010-09-01 20:53:49,66,3,1.7312,69,3,2,2,53,5,33452.9565,422,251.7982,54302
5609,a63360c88d50129d7b39482da31c0e2eaaf837e4,0,1,0,2010-09-01 21:49:56,59,39,1.0636,98,6,2,7,116,7,11865.1621,231,118.75,646
5607,521fea03023d62512060b450e9c03060f4e62cd8,0,0,0,2010-09-02 16:42:22,996,1,1.1188,997,3,5,3,61,6,40429.8814,332,126.2629,54302
5613,45d2beafd99793c074916203530624d0e579b249,0,0,0,2010-09-02 17:52:33,4,2,2.4303,6,7,3,3,14,7,4273.3882,582,64.9489,2392
5611,78a68f26751ffd9d6955a3cf526c98e94828c00d,0,0,0,2010-09-02 18:22:44,6143,1345,2.9719,7488,1,2,2,60,7,84342.0,114,192.0441,3506
5603,2c87ce39007390ed33415c766ec2febdba6f0da6,0,1,0,2010-09-02 19:02:29,13,55,0.3899,68,3,14,1,92,4,6639.7493,278,149.9142,600
5612,bd585702d1e44ea2254c5069d8575976e07f9754,0,0,0,2010-09-02 21:17:19,1032,69,2.165,1101,2,1,1,20,4,13520.5652,294,119.3832,55097
5620,4aaf061217bcc8a9d6715d6421b59a85d888b106,0,0,0,2010-09-03 14:56:32,22,15,0.4833,37,8,2,2,93,81,68682.6553,2798,1039.982,51222
5615,4ae579639bcc4d0722faee605996f5c406632549,0,0,0,2010-09-03 20:24:38,1570,63,0.834,1633,68,5,3,129,89,22336.7053,141,41.0,1561
5587,d6b55b5f207c578b5791f51cc5e4184b4bf4619a,0,1,0,2010-09-03 20:24:48,216,2911,1.9342,3127,6,5,2,2230,23,29267.1067,149,132.5935,3747
5614,cf720abd86457f56877344f76339f3046b38e1ea,0,1,0,2010-09-03 20:24:59,252,4063,1.9129,4315,8,7,2,29,36,74770.75,2862,274.3806,62439
5600,44733f013ad500cab6db80478cc63a926db3495d,0,1,0,2010-09-03 20:25:06,201,26,2.0,227,5,5,1,145,23,16051.0335,239,171.5,1717
5618,8c5069fba2a09575972bfe2ea674e17325b514dc,0,1,0,2010-09-03 21:20:10,24,176,1.5451,200,6,3,1,368,88,1112.2457,2675,927.6184,56193
5583,2893b7f7a5a15ccfefbcdbba8db6c524d8494fb7,0,1,1,2010-09-04 03:31:36,84,0,1.4264,84,8,9,3,396,55,32093.6164,473,78.9841,2041
5622,1e31b709edd0dfbf08658e2d4c5c6b9bc484d8f6,0,0,0,2010-09-04 03:49:45,1205,73,0.0922,1278,3,2,2,141,25,25650.2031,1,965.5883,46681
5628,4023c3b6f9d4cd66d56024b07962968f2424815f,0,0,0,2010-09-06 22:22:50,117,92,2.9648,209,1,7,3,450,86,7218.1517,20,903.401,55297
5623,b324537e99e4fe784357ee2cf12f26bbf58471ce,0,1,0,2010-09-06 22:47:44,336,243,2.4919,579,14,5,2,180,41,61792.5984,2717,1092.5473,12
5621,6eb55e1ab905598c6ade96160cfdc830e1c955ce,0,0,0,2010-09-07 14:21:16,144,0,0.0,144,2,3,2,47,3,59592.6127,2807,964.2234,44964
5629,2d26e6298d14e50186e765fcbe69cf94cac3cf12,0,1,1,2010-09-07 16:25:36,1206,241,0.5554,1447,1,2,2,104,88,64845.7998,2811,1019.3672,50984
5639,62c0774a1e2c05364acb9118d30854bcb04de630,0,1,1,2010-09-07 16:27:19,731,364,1.2409,1095,4,3,2,594,84,42803.641,1,964.4896,52012
5619,087cc84f2c3d2f420c06b80eac45c4faebf75bf9,0,1,0,2010-09-07 17:16:54,1,2191,2.0,2192,1,1,1,13,8,66846.3431,16,1017.6866,18
5624,f3798a09dc99262d7c26556a4caae95787b3a1a7,0,0,0,2010-09-07 18:12:28,268,61,3.3874,329,2,1,6,2342,2,73717.9615,2862,1021.1735,44268
5631,d03c2b4c2dab88fbaf164a0ef15441b24d60985a,0,0,0,2010-09-07 18:33:11,607,465,0.0324,1072,1,14,1,2211,2,71684.9184,2844,1006.9948,3040
5602,7cb9e08f777dc4420e4c40d39f2ded02832c51d1,0,1,0,2010-09-07 22:27:06,331,234,0.0,565,6,3,2,44,86,80369.0317,2745,934.9784,48963
5635,ec7476c58d4d5eb7b56cfb5cdd35cb2cb5054b80,0,1,0,2010-09-08 15:14:53,372,101,1.8073,473,8,5,3,252,80,64213.0587,2862,972.8515,54308
5642,dc33a2d9f75c29ba56d1b3fed3472d4db462cbbe,0,1,1,2010-09-11 00:11:33,259,34,0.9229,293,4,3,2,375,82,41995.3211,2862,1009.396,51441
5638,4dd8fa51ff1a6db46346111be008792304ebcbbd,0,1,0,2010-09-13 14:06:08,189,26,2.5441,215,8,6,3,455,87,70912.8483,2,1033.0239,57049
5641,9680a3febc9e1a3e06b9e1369bb8626e80770f44,0,0,0,2010-09-13 16:10:40,1720,34,0.3712,1754,2,6,1,2274,3,40565.4203,308,241.5911,2680
5630,d6378a85b46f25b07919d3d48423b8d61fb18d98,0,0,0,2010-09-13 16:10:47,12,24,5.0472,36,1,1,1,15,4,68850.8487,230,41.0,1290
5646,629fa9eb111b210f24776fa72c7c124bf5362553,0,0,0,2010-09-14 02:26:50,207,38,2.1428,245,10,6,2,2468,41,35861.8184,27,945.9784,187
5643,89fbc1b031dd5f045601a862c751c269082aea40,0,1,0,2010-09-14 02:27:02,219,295,2.4708,514,9,5,2,457,44,65823.0,2631,1106.4391,49967
5637,122894e26629c391b52dbd9ff8a93354fb28ae0f,0,0,0,2010-09-14 02:46:07,13,10,3.7384,23,1,1,4,2211,11,15626.474,734,987.3241,3040
5648,64cfe8dede938172fa48948cdee92a6bd93320c4,0,1,0,2010-09-14 03:20:44,144,0,0.3037,144,4,3,1,33,7,14038.6081,80,1079.2401,51227
5651,dbbe856c563fd09519cc6373d448dd36055668cd,0,0,0,2010-09-14 15:08:11,358,40,1.9543,398,3,2,2,26,15,79861.5411,2388,1243.4209,11
5652,a8e5c1894544b9b45765c3ca2624aa65993211c3,0,0,0,2010-09-14 20:34:53,290,17,1.1592,307,21,3,2,2617,16,23901.9766,2735,925.159,57695
5627,2c71f6fc685daf701aea86986721c04b949ca88a,0,1,0,2010-09-14 22:23:25,1205,138,1.2294,1343,5,2,2,93,29,78619.844,1,1039.4496,46038
5654,4b0964eaf627f0dede7b909af3b458826a92d963,0,0,0,2010-09-14 22:26:06,8851,1096,0.0774,9947,2,12,1,49,4,86094.0,2862,987.6199,47183
5632,b34385aa53f3b4205ed7b3a932d2fd75cea55659,0,0,0,2010-09-14 22:26:13,614,86,2.0677,700,8,2,2,2177,37,4817.6691,1,924.708,45421
5650,0191b2819b61544c381ede2b57ef5a6c5dad80e3,0,1,0,2010-09-14 22:35:41,52,11,1.1501,63,3,2,4,160,28,36291.1632,613,53.5759,1721
5633,dc5da90c71ae7fe542543179d655791ad8ece946,0,1,0,2010-09-15 20:38:23,65,33,0.9846,98,4,3,2,308,28,15400.2644,239,178.1441,1546
5653,e97db28277e3f9953d7dcb4ff65004ae2ccca4fc,0,0,0,2010-09-15 20:38:53,87,1498,0.2814,1585,5,3,1,393,28,47108.2281,171,223.348,3113
5660,fef82b5e3527b70b10f29202314a3cfb8fd46bf2,0,1,0,2010-09-15 20:48:40,8851,50,2.237,8901,7,3,1,174,36,75413.4121,2862,972.0445,43848
5658,ca8fa16c5edf7f98706c5562212df53342f2beda,0,1,0,2010-09-15 22:22:09,67,279,0.0,346,1,4,1,222,77,45622.032,53,30.0,30
5649,ac4157a748244e503b22a6a70af733ca1120a16b,0,0,0,2010-09-16 16:52:30,1205,948,0.3434,2153,4,8,4,594,29,58438.4837,806,102.6739,5158
5657,21cacf960f02c8043c969ce51137ae4c2dc41008,0,0,0,2010-09-16 17:37:15,8,214,0.084,222,47,1,1,60,28,4338.608,533,72.4772,2735
5659,ec0316708be4788e2a3e0175bb5447a1aa04d790,0,0,0,2010-09-18 10:08:49,16,72,0.6577,88,6,4,4,398,87,54848.1495,1,1057.0941,49258
5666,f16a14dd3f4e1b07ac69daa9728a9821383c1933,0,0,0,2010-09-18 13:03:06,10,42,3.7384,52,25,1,1,40,12,52623.8108,734,982.6156,45702
5626,267c76a65528b856737830f78da01a89f547505d,0,1,0,2010-09-18 22:08:06,585,5663,3.3146,6248,24,10,6,798,24,40464.6368,5,1121.9781,122
5655,aa95d4adbc26d6e4f3d9f1b29061d58843a0036e,0,0,0,2010-09-19 19:40:31,1333,1249,5.6555,2582,2,1,1,34,20,13794.9826,15,1025.6667,45420
5664,123ad329c5744ca05610e46ee6309db603480d48,0,1,0,2010-09-19 20:11:06,2,2,0.0318,4,5,1,1,31,10,83528.5029,2812,1022.2264,46709
5665,5e94c48452eceb8a9bbe89689c6839aa5b3158c2,0,0,1,2010-09-20 18:47:08,38,214,4.4362,252,47,1,1,48,11,18474.5927,664,71.2247,2944
5677,375a12441738816f4c8c0d5be63724f8dd928855,0,0,0,2010-09-21 14:52:59,262,4,0.8455,266,2,2,2,140,82,49470.5666,2862,994.948,52287
5671,d966ed08610940da1a590ce7a83897b9a1dc02ec,0,1,0,2010-09-21 18:56:23,1793,1338,2.6381,3131,44,17,6,526,87,60575.8178,7,1128.0205,58301
5678,ce9179ed530494d2b68316a1e1b6f3ad0e28e585,0,1,0,2010-09-21 19:40:54,91,642,2.6736,733,55,3,2,359,51,39290.0259,1,1055.8658,49576
5670,12bcf35ea24c62289c0fa2863c45f55410f4f103,0,0,0,2010-09-21 19:46:45,155,4,0.0444,159,7,3,1,1820,22,2938.4618,12,971.1317,44378
5675,bf0087ff843e46f91f316af25659f8771e83f0bd,0,0,0,2010-09-21 20:29:51,72,86,5.6555,158,5,18,5,108,86,14964.0757,2765,1041.7173,11223
5661,9dd05be37caec08c568aa1823baccb5c092775ea,0,1,0,2010-09-22 01:45:55,142,2803,1.0817,2945,4,3,2,107,88,26222.9588,12,1068.6172,52208
5669,c82a820a09a82b287689415d2054a2c3f861e941,0,0,0,2010-09-22 01:49:13,144,20,0.0,164,4,3,1,60,15,86281.0,2752,943.8695,45121
5674,8520c3811cdb664bfef8ed0210381ad88f8a1382,0,0,0,2010-09-22 02:59:53,607,6,0.0389,613,1,14,1,2211,7,42550.0238,734,1010.6531,3040
5681,e6865f6c180884ad279540f2cc351362327c5c48,0,0,0,2010-09-22 03:01:14,264,2191,0.0734,2455,1,1,1,144,30,25752.6206,16,975.9408,44360
5668,4c530a1e88c628ea5824fd95fc9adc79684b91e5,0,1,0,2010-09-22 03:41:18,227,109,1.9129,336,7,1,1,166,17,32501.4019,2578,1111.2677,42229
5684,ff5bbbc597b9a87fee51d34aa72eb5ae7d187cad,0,1,0,2010-09-22 03:41:26,8851,60,0.937,8911,2,2,6,240,35,24361.7853,2862,1013.6369,45357
5663,8e68f3b9a0cda1c3038ef2be95e58ad6d07c1e52,0,1,0,2010-09-22 03:41:38,89,750,3.4782,839,9,7,2,591,38,5707.0353,2721,891.3903,50731
5647,b182e5e90ac7aa73fe9136cabc0970c45709282c,0,1,0,2010-09-22 03:41:52,4062,2,2.2083,4064,12,5,2,200,29,82616.0,20,905.5991,51875
5687,cebdb3007f1efe4e1a0fb2d3601c18d83a29c9ac,0,1,0,2010-09-22 03:42:00,98,16,0.6783,114,5,3,2,333,36,4102.3419,2,1044.5963,46072
5673,03720401e6d9472a6466cca37953e4570ed5ba47,0,1,0,2010-09-22 03:42:09,80,19,1.1403,99,9,2,1,358,33,2575.8348,24,1054.3079,45100
5686,971e879e2d08d7c922365b2d796e6ff55db3f6f1,0,1,0,2010-09-22 03:42:16,51,32,0.0,83,1,1,1,586,11,22370.9546,4,1042.1781,6619
5688,df57aee3987e1ccee2ade1a9beb068470b0f9278,0,1,0,2010-09-22 13:41:25,92,53,0.1496,145,2,1,1,308,12,32829.0858,24,959.6328,44718
5676,c70e17fdf705fabe2236548033f8780ed55b049c,0,1,1,2010-09-23 04:12:37,65,6520,0.1272,6585,1,7,7,200,39,29011.2567,546,17.0169,493
5692,93d3a22e10f90be828ee87b898caf4c71ccd07a7,0,0,0,2010-09-23 21:42:01,118,22,1.7544,140,6,7,3,316,83,18933.8343,2817,987.2208,49601
5690,cee4d2059815e2f5157a1facee8861d8773bcd39,0,0,1,2010-09-24 15:30:35,152,498,0.8462,650,4,3,3,196,81,39643.8573,6,1058.6976,54616
5696,8b38ee280661fa9254b38d80671cd0247850b477,0,0,0,2010-09-25 23:56:55,4,2911,0.481,2915,6,5,4,86,0,23743.2765,2,1112.2744,54585
5685,a7c8b9124f2fd0b0a2d7ebf588e32d6944e4d928,0,0,0,2010-09-26 21:53:40,3046,2803,1.0114,5849,4,2,2,309,87,47814.4946,12,1035.4606,51812
5695,1549efe96d0dff61ee57d4f99609b6701a8662d0,0,0,0,2010-09-26 21:53:44,614,7,0.9341,621,3,2,2,323,0,46390.64,1,1051.2989,51235
5702,a0d72043e22a617d0fca48346b57bbc9445a66cb,0,1,0,2010-09-26 21:53:50,81,54,0.5997,135,4,4,3,167,85,52726.9638,2737,1068.8766,6
5689,0a62baaa22025ba33ebb8ab9889aaee9a113fb32,0,0,1,2010-09-26 22:26:43,607,465,0.0136,1072,25,1,4,44,21,30335.2543,2847,1008.284,3040
5693,61f4b37e9b6158960717fd728f9e5f9d4b94c680,0,0,0,2010-09-27 01:48:51,8851,1096,3.3874,9947,40,12,1,52,2,8837.3759,2862,988.9592,47377
5697,de53f980eb7a1c89c53add66e7b659c2b864fbef,0,1,0,2010-09-27 09:04:46,28,18,0.0,46,6,3,1,2115,18,36485.7898,281,178.1764,1344
5701,17cbb3daa57be73bb31e17da8e8aae9112f94dd5,0,1,1,2010-09-27 22:10:42,211,58,2.1302,269,11,6,3,626,39,27646.0886,2732,947.4667,52742
5699,70f060ec15284e6cb77d805d090da6cad88bf427,0,1,0,2010-09-27 22:11:05,99,27,1.1903,126,6,5,3,314,0,26320.761,2862,829.7167,52964
5703,3132f7ab05dab62ea3f0ce2ef194784842aabce1,0,0,0,2010-09-27 22:11:26,108,565,4.025,673,45,1,1,166,29,75434.4781,2572,1086.3065,7380
5698,e5a422c11a7be4bf35efcdb2d45a7da886c616e6,0,1,0,2010-09-27 22:30:20,238,215,1.0259,453,6,4,2,285,16,24192.9418,2710,933.7116,45769
5711,e2ffe2b0d0c1459111a2e1eef1fcb037d7343aba,0,0,1,2010-09-28 01:39:38,29,489,1.0887,518,23,2,2,130,87,17682.0546,1,969.8716,51314
5667,136deea357576a191d4c1dff6e7bbde0535e1767,0,1,0,2010-09-28 04:16:10,29,60,0.0,89,1,1,1,75,17,12251.0985,4,1029.4683,9
5694,f289d69561f48480065610ba316ce9ec14c3fc2e,0,0,1,2010-09-28 13:52:24,29,16,1.2446,45,3,7,2,98,6,36842.2181,289,195.7122,2240
5704,d9403c5f635e96d06a17b64a9e322410a648c8c4,0,1,0,2010-09-28 14:21:02,174,74,1.4219,248,3,2,2,288,54,57238.8891,1,974.0049,51953
5679,1eea19ee2a1d75a9afc08ccc5ca39a62728e603f,0,0,0,2010-09-28 14:51:55,4,2191,0.019,2195,4,1,1,60,16,70399.2141,16,1017.6419,45845
5707,72770ac00c35a6be0eee42402693970b7c2c61db,0,0,0,2010-09-28 17:24:06,248,138,3.282,386,10,7,3,524,0,46482.2,1,888.9433,53527
5700,0511668766c791bca15b1629ac65d75f477fbc74,0,0,0,2010-09-28 17:24:10,607,3,0.0266,610,1,14,1,73,19,30228.732,734,996.5186,46042
5705,3a544f767fd6934fbac1f263518c6a26703a058e,0,0,0,2010-09-28 19:22:29,15,2,0.0273,17,15,5,1,5,5,74379.0545,12,990.4315,47082
5706,cec1d5157a17eda04a7302829c03c9d462c35f42,0,1,0,2010-09-28 23:00:45,73,948,0.7588,1021,4,3,1,99,30,1744.8549,355,112.5181,1904
5709,a62d9785cffc3f1534e182ad8a6763cec23bc6ee,0,1,0,2010-09-28 23:01:03,209,250,0.6128,459,6,5,2,289,29,51112.9112,506,211.5297,4861
5717,dd2c7b1e91a2d70cc87e4e311488433eec10e7bc,0,1,0,2010-09-28 23:01:15,264,16,2.0,280,4,1,1,6,2,11723.0599,268,158.5516,46227
5662,b856f52c3e8f91b964799fbc89d8a5616795cf7e,0,0,0,2010-09-28 23:14:51,8,7,0.0419,15,47,15,1,22,3,6161.2164,308,142.7066,924
5716,f9f97d4292bcb9af083263220278825e1158aca9,0,1,0,2010-09-29 16:33:46,83,75,1.2749,158,67,5,13,315,88,43676.1934,2862,1023.4593,57757
5718,5a1dccfa4b6b23c89de4d8225bb402cf788e68a4,0,0,0,2010-09-29 19:08:44,75,20,0.3743,95,2,4,1,19,8,1018.7513,80,850.5688,38972
5726,1a29b2cfd3b9fedd301ea2777302288157d1e4af,0,1,0,2010-09-30 13:35:26,3046,124,1.0185,3170,4,4,3,362,9,58111.788,12,962.8129,54063
5715,ee9729733156f02c9172c0643d6f96dfa577f4ca,0,1,0,2010-09-30 14:34:11,34,465,0.8509,499,2,2,4,164,40,4701.6512,734,981.8125,45504
5719,446103ff74d3598843ea22b1ff0b221635dc9b36,0,1,0,2010-09-30 16:01:17,26,66,1.7863,92,1,3,1,19,24,73588.5253,2650,1095.5932,41026
5725,43eae6fa3b9324a68a2fbb5078443d55fa05bf82,0,1,0,2010-09-30 16:03:48,1574,5663,3.5658,7237,16,27,4,504,24,46026.5105,5,1107.3773,122
5714,a34b7617dda75d29253d4c172fd69f2802375271,0,1,0,2010-09-30 16:59:45,8851,1096,1.1782,9947,5,3,2,247,82,24333.4806,2862,985.2028,48499
5720,7596861435603a2a298ce2588900b038abd67fc7,0,1,0,2010-09-30 21:03:24,148,977,1.3943,1125,3,1,1,194,41,39238.3886,734,1267.3333,58042
5729,a03fa7e69b1cd065df78f63cf2467acd3e8b544a,0,1,1,2010-10-01 17:56:14,73,42,0.4786,115,8,2,2,135,87,35587.2257,3,1062.2793,47838
5710,f4bc671f7ed27d7ef34596898c251bef319890fe,0,0,1,2010-10-01 20:26:25,13,36,0.1963,49,3,1,1,54,2,76874.4597,2763,938.8385,47667
5722,14062b968520a058432eac0bc17527b18928712a,0,1,1,2010-10-01 21:22:25,70,39,1.7253,109,4,4,3,563,88,24371.5651,2862,983.2605,49952
5732,a61c338d9db83492ff6dba2c7009cce6cbd5cd7a,0,0,0,2010-10-02 05:06:52,769,324,3.1147,1093,3,2,2,211,16,29524.3946,2572,897.9456,55689
5713,1fd85af789c16c222a37fef6b2d329d255a836e6,0,0,0,2010-10-02 15:31:13,9,184,0.0,193,1,1,1,586,7,61826.5288,2753,959.325,9
5724,e2391469146d85fe5791c7269b2aa03aaab43ab7,0,1,0,2010-10-02 16:42:50,38,67,1.1206,105,2,3,1,308,37,62962.4535,2722,1043.9023,49115
5731,55db0394d16dca24c090ea870e9636679108d241,0,1,0,2010-10-04 14:36:28,260,434,2.5646,694,15,9,2,329,49,61206.1363,2775,950.3529,44417
5734,c7810a8e17e924838972cabf1a10f341825dbd79,0,1,1,2010-10-04 22:06:36,16,211,1.2033,227,10,3,2,441,88,30895.2926,2,1022.2188,51310
5735,f7f5877481dc3ca4700bb61214091a92fd49547d,0,0,0,2010-10-05 15:43:41,1658,1308,2.2148,2966,15,9,1,1657,28,57518.6908,141,175.4622,1495
5733,e34283c63655279caf88754e93d3af97d8ec2e78,0,1,0,2010-10-05 16:00:40,2186,150,3.628,2336,16,6,2,548,28,34354.7228,3,928.656,49566
5738,67198f00bc294c7450933477d16f26aa808e3a6e,0,1,0,2010-10-06 15:19:07,1720,99,0.5598,1819,3,3,3,115,89,54960.8911,132,71.3767,54302
5682,c293406703939dc25ce4707919d50b3e9cab43b8,0,1,0,2010-10-06 15:19:13,18,70,1.1586,88,2,3,5,235,22,66084.5809,198,84.4562,54302
5727,bbf1afa0ddbcff717e64621a69b8313f81dd7122,0,0,0,2010-10-06 15:19:19,140,774,0.5996,914,3,3,1,1329,4,25762.8583,284,160.1489,1883
5744,e7591fc3c011c2b2ebb51fa4595ca782b55a15f6,0,1,0,2010-10-06 17:19:26,461,39,1.4088,500,3,4,3,405,89,41662.1144,2862,983.2333,56217
5721,297c2f36390c9d9997305f2626f6632e90e4242b,0,1,1,2010-10-06 18:45:33,15,12,1.8251,27,5,4,1,450,88,15782.9718,2862,829.7167,2534
5742,0c123957bfdb8113fc2429ebad54ba9a20ab943c,0,0,0,2010-10-07 00:24:16,166,23,2.1304,189,6,2,2,288,83,22388.1442,2862,991.1712,50759
5736,d03463df2255f5fbaab53197a830c9a7064e0778,0,1,0,2010-10-07 14:52:54,71,24,0.8093,95,4,11,2,346,21,43261.0215,2862,986.6676,49386
5743,49af30a77758282bc648496972b944d60bb9e185,0,1,0,2010-10-07 16:33:07,44,2911,2.2016,2955,6,5,3,309,85,37706.7709,2767,942.19,59422
5730,a857b73834520157fe1c853493fb09334badf699,0,1,0,2010-10-07 18:12:13,8851,1096,2.015,9947,4,5,3,237,81,34468.5003,2862,1017.7861,56476
5740,406f4b3c6eccddfb65aadfb2cfe423cfe8cef062,0,1,0,2010-10-07 20:32:52,53,41,0.8229,94,3,2,1,140,20,37754.1523,2862,992.9867,44160
5754,39a5d29cb5ed5c2cfa92290a27b1e16a424a5af7,0,0,0,2010-10-08 17:11:16,77,43,1.0316,120,3,2,2,173,2,56460.0944,2659,1084.2705,46755
5739,2e81dc863033113aed1e4f336b6df0b792a1fda2,0,1,0,2010-10-08 17:16:42,394,2803,1.1066,3197,3,2,2,180,81,48146.8514,12,964.9611,47730
5747,389bac77f0cb00cb8914d05512151116dd3db027,0,1,0,2010-10-09 02:32:16,347,177,1.9493,524,16,6,3,2222,48,28304.2061,3,864.04,11
5745,7c71db801387d01946d9497467a56b5a35f4bb57,0,1,0,2010-10-09 21:00:20,234,103,1.6911,337,8,4,2,414,82,39500.1206,2721,1055.3941,52480
5759,298a51d2193b16642d1956db0c21e27405b6db16,0,1,0,2010-10-09 21:04:03,13,8,0.3309,21,2,2,2,305,85,83068.0,2806,974.4551,51077
5749,babde20876269872a21ee879e424da593475bf1b,0,1,0,2010-10-11 13:52:53,226,87,0.3213,313,7,2,2,458,0,56512.2795,2862,986.1097,45989
5751,6cb26c377f863de1389ba0768b8591a4ded9e3a9,0,0,0,2010-10-11 16:45:10,8,0,0.0381,8,1,6,3,209,32,86276.9504,2862,829.7167,44981
5728,3d1cc889456b840496fad028f1e7c115279de191,0,0,0,2010-10-11 19:10:31,1006,29,1.1058,1035,3,3,2,217,82,37366.8038,285,139.6326,54302
5746,2ea27a02f86f0c2e44cfe75707fd1c7b9706e631,0,0,0,2010-10-12 03:57:46,646,283,3.7795,929,2,14,4,115,7,34753.9273,278,155.0549,608
5752,eb7cb663fd2f1f9feb0d896feff5ac316df50d1f,0,1,0,2010-10-12 15:51:46,28,21,3.7384,49,1,14,1,192,36,85452.5595,2838,1013.6883,45705
5755,894e0132fa0c2df02a0942f6fe2d7e7b8fd3065f,0,0,0,2010-10-12 16:31:35,2,51,0.0508,53,4,1,1,36,7,3618.5011,16,1032.534,45043
5737,2c2c134abb586d59291b869d5f59a33f2531ab78,0,1,0,2010-10-12 21:19:14,14,4,4.4362,18,2,1,1,250,38,17915.543,6,971.5423,6
5750,b22169d6ca238b19452c02ac5ae7cfb38139a18d,0,1,0,2010-10-12 21:22:40,262,11,1.9961,273,4,2,1,117,54,18747.9255,2862,829.7167,48731
4657,efbf82220c8b73cd5b80ff8d32a25390e7ccedfd,0,1,0,2010-10-13 13:55:37,55,58,2.7951,113,1,6,1,2148,11,86310.0,2862,829.7167,47734
5741,9d32382b3fd48a9362a07c2865e93e2cbfb8ee61,0,1,0,2010-10-13 15:43:18,494,836,4.535,1330,3,19,3,689,14,44465.6365,2862,918.1631,58905
4666,9170ea25f1106874bb653cdc003874562711a79e,0,1,1,2010-10-13 15:56:58,9,21,0.5177,30,12,2,2,367,90,34757.5637,2830,993.2515,49409
5748,5a99df8c71944d4cba8218340c995571dead5ed0,0,0,0,2010-10-13 16:02:58,45,9,0.9615,54,2,1,1,301,29,752.1431,2862,997.3342,46038
5756,c47d780921dbab4a0800d43186102400d998b54e,0,0,0,2010-10-13 18:14:52,150,6520,1.5781,6670,5,3,2,180,29,16429.0292,706,1267.3333,59905
4661,7aac7930c3b3873780255730e2d1ed11db130aed,0,1,0,2010-10-14 19:19:36,31,13,1.2437,44,5,1,1,2211,6,28458.0307,2816,1017.5739,3040
5761,0f89876424ed482d5200e74f00f623f42581ca8c,0,1,0,2010-10-14 20:17:47,263,2396,1.2354,2659,59,5,4,435,82,34657.1629,2735,970.604,52764
4665,af8a19befda32f0b0a7d9645894c5fa616e99528,0,1,0,2010-10-14 20:59:04,168,20,0.8561,188,3,2,2,307,82,19616.9433,2,964.0787,51162
5753,bb0dc512d8cf7f11984cdee58d1cec590caa3044,0,1,0,2010-10-15 17:42:57,476,371,2.5572,847,12,7,1,545,4,54112.7552,555,46.9879,29
5764,be80a71073bdc061d8aaf6029480f8f85e5b0c40,0,1,0,2010-10-16 01:49:43,300,35,0.6195,335,5,12,2,201,83,24567.9501,2772,971.537,47719
4671,9d947ea4df5f0e1a123acdbaa4bdf66c93224a31,0,1,0,2010-10-18 17:41:04,10,18,0.2332,28,12,2,2,285,85,70236.1336,2,980.6396,49198
4679,72548aca3e6962d51239aec6c2d8bc11ee4bcadd,0,1,1,2010-10-18 20:41:46,461,573,0.9859,1034,3,3,3,332,0,18672.222,2736,1061.7696,2
4664,04562e2097fab4fb20b21f8d0e48c3782670a09f,0,0,0,2010-10-18 21:33:04,262,102,0.5869,364,2,2,2,286,81,33855.3629,2862,829.7167,51932
4670,c91a3bbd93a27bd379a6659bcdfcc0717f81d6d3,0,0,0,2010-10-18 22:28:30,27,260,1.2162,287,3,2,2,396,83,9257.5417,2799,1030.5734,50839
4675,70c7a69e48bfd1ce12d9ca6c055be983c7ba4e6b,0,0,0,2010-10-19 14:23:34,37,153,1.2757,190,3,3,2,161,17,536.0,732,348.3127,5983
4659,42b3233f9a724fb966486e315ced00b185fea1b4,0,0,0,2010-10-19 14:23:43,39,114,4.014,153,28,12,3,2452,13,45306.2253,150,125.1485,56165
4669,26c3e1444bdecff8a60f3c978a6b150034846659,0,0,0,2010-10-19 14:23:51,213,3,0.8968,216,3,2,1,42,6,62151.6116,391,180.6782,1343
4682,d1ec03b0d3729ccfa6cc5e259e931baddf68c982,0,1,0,2010-10-19 15:09:24,194,89,1.2348,283,21,4,3,64,89,66691.7313,3,1062.6865,16
4668,b732d4a35f20b29b0aa033aab613b2ed314eddb2,0,1,0,2010-10-19 17:32:00,286,6,0.9654,292,4,2,2,289,85,43560.7618,2862,1009.6357,51151
4676,3f83c10ef103a485d12489cdcf62c702f859339c,0,1,1,2010-10-20 12:59:05,18,4,1.0376,22,2,15,3,302,32,63344.5499,391,171.5,1268
5757,1fd6af347ab1c8d989b903f3a8a18e3a33c616fe,0,1,0,2010-10-20 15:59:32,56,39,0.9392,95,4,3,3,262,84,23614.4726,2,995.9817,6
4672,00ff744620d5e9482c71ead358cb59e21d70b232,0,1,1,2010-10-20 19:17:06,88,1572,0.5992,1660,47,3,5,327,14,79313.4705,586,45.0656,1470
4681,8a6140d0dc0bc8bc4f6f1c47c02f09b44251ca1d,0,1,0,2010-10-20 19:18:40,218,31,1.3788,249,7,4,3,516,3,17676.1041,2644,1153.526,16
4673,fad1f92bdb1ac50b374c3380eb18a06e8dcfddf6,0,0,0,2010-10-20 19:49:32,31,102,1.0176,133,3,2,2,213,83,86310.0,2862,829.7167,48379
4684,6ae1adf91fe65cf3c6a01229da0c189e91a67712,0,0,0,2010-10-20 21:44:48,262,102,2.7951,364,12,1,3,23,4,20009.964,2862,999.292,45501
4658,c4a3fd422bb304b101d50f0501108ac936ac76f4,0,0,0,2010-10-21 04:51:33,305,1096,0.0542,1401,2,12,6,83,5,47453.4242,2862,1015.9868,47207
4674,543f49d3a2169cd3cebc025511c7be94ae6fead4,0,1,0,2010-10-21 05:57:36,11,465,0.013,476,1,14,4,59,16,34620.5964,734,1006.6663,3040
4680,1e3e7c5fed82c26d0f9390eccf0509030e3350f1,0,0,0,2010-10-21 06:06:58,5,2,0.0,7,1,3,1,106,14,1858.0031,5,1025.136,47495
4683,cd114940c0b87f1039d13520fc823c339dcc86fc,0,1,0,2010-10-21 06:12:24,6143,1345,2.9719,7488,1,7,4,68,17,2608.4125,2789,1023.3878,44393
4667,8959c1f1fc064bcf1f55febb3359c32ed748d1fc,0,0,1,2010-10-21 14:23:23,264,2191,2.0,2455,4,1,1,230,37,79960.0842,257,168.4794,1890
4685,09d3507fb3c4794e310862ac2b27271798a45b37,0,1,1,2010-10-21 17:08:27,23,573,0.9218,596,2,2,2,532,0,72653.0799,1,909.8117,53329
4687,77efbe1e4f58b49b2aecc42ad3f8b23e1249cd1d,0,0,0,2010-10-21 19:31:15,327,10,0.3584,337,2,1,1,2371,12,57881.2592,1,1070.2724,5820
4696,00554e90b84074139060ccf2c32fa3130211136b,0,1,1,2010-10-21 20:55:41,1023,123,2.0526,1146,10,4,3,745,6,13947.4901,2712,927.7005,52883
4691,1ca527f844c5138fc458074bbb98162ab196e049,0,1,0,2010-10-21 21:25:56,83,11,1.3494,94,4,2,2,215,54,27558.5534,2807,969.5482,49175
4678,187761a3229a9d6853090295d966731fb1170458,0,1,0,2010-10-22 03:23:51,240,5663,4.0004,5903,25,17,4,495,89,28063.6787,5,887.9542,56417
4708,8319b3909d47022fae3089d7a2bd446c84b28b57,0,1,0,2010-10-22 03:53:29,33,11,1.1389,44,5,2,2,427,81,15444.3405,2,1052.9047,47408
4694,98d2f208d7b231bf53bcdda4a56866f21d2d64c8,0,0,0,2010-10-22 05:03:27,2,6,0.0,8,1,3,2,32,6,7813.6483,5,978.124,45174
4698,e2409452b5b13906c729f5156f6be34297618a8b,0,0,0,2010-10-22 14:51:17,71,69,0.8143,140,5,2,1,65,57,391.2,2,918.0683,50627
4689,cdb07b193f1da88be90198ee1764697f0e050fb0,0,1,0,2010-10-22 15:46:49,103,268,1.3212,371,8,8,3,375,32,56864.3308,2703,1029.3876,57650
4701,0e97a3869fe1e9b32ecdd2def0a751bd397aee8b,0,0,0,2010-10-22 17:26:43,72,42,1.7431,114,7,26,6,204,21,49210.1413,2760,974.1192,47902
4692,7a32ca47a819caaeeb5860a5215d81ac34cc3c33,0,1,1,2010-10-22 21:12:18,35,20,5.6555,55,82,1,1,150,39,11769.8357,686,84.8363,558
4695,34302c394434dfda2d0d243e0fdcf7718a6cfe9b,0,0,0,2010-10-22 21:41:31,1020,20,3.4069,1040,26,2,3,6,5,85822.0,786,1267.3333,4003
4700,cf1a65498b6c01405e47511df76402a08ab7127d,0,1,1,2010-10-23 17:36:29,31,18,0.3085,49,4,15,1,233,39,76003.1853,6,1029.7779,45244
4703,228d11eae70a5d82dcaa5b445c496dc6ff970b20,0,0,0,2010-10-24 01:02:52,2172,12,5.4232,2184,96,1,1,2112,3,33525.7152,218,123.7808,1548
4693,c75abc8e568bbd38f9d9336cecee7c7975562e19,0,1,0,2010-10-25 16:00:56,92,374,2.5124,466,6,6,3,240,80,72454.5646,2716,919.4809,47535
4707,60b9f9ed1693915af9a21baaaf8c177d602573b2,0,1,0,2010-10-26 03:06:21,2,2,0.7877,4,3,1,1,0,0,13051.2646,2705,1061.0678,82
4688,4ad62ff9139327527609883103ed432462f8b247,0,0,0,2010-10-26 10:54:58,16,20,2.009,36,5,3,3,342,86,51595.0165,2,1028.9,6
4705,3be62c5ddaa330be97c718ac1d4cae0029bdcf81,0,0,0,2010-10-28 16:06:05,13,3,0.7869,16,2,1,2,332,33,63703.8874,2812,972.4802,47105
4709,7a418c2c3b967ed5162c8ecf1edbbe08496a9e50,0,0,0,2010-10-28 21:22:40,344,8,0.1348,352,2,1,1,87,20,66109.4366,289,144.9265,243
4686,15da7af65ffc60cf8d11880a923302aa84e1dfd6,0,0,0,2010-10-28 21:23:03,130,184,0.0,314,1,1,1,586,2,66380.7566,149,213.9184,1955
4702,80a53534033b674abf8d19e0766e59d3bf07ad19,0,0,0,2010-10-28 21:40:19,7,8,4.4362,15,1,15,1,13,3,1510.963,6,1012.5376,45962
4726,ab8da9552c7aad711dd814cf7b4a2d04a65857fc,0,1,1,2010-10-29 01:55:53,256,1096,0.7274,1352,3,2,2,167,82,43060.2766,2862,981.5651,48843
4713,7e982eba1fedc3713349bd765e6112f6d0fa1707,0,0,0,2010-10-29 02:13:25,74,21,2.2725,95,2,3,1,3,23,3369.6734,44,800.5177,39004
4710,26ad322358df31a6f9d6f078e45ebfb2beb52b56,0,0,1,2010-10-29 22:08:48,191,56,0.2351,247,2,2,1,1329,10,76181.0832,288,144.0008,502
4711,1f039c407080b280dd3eacd1157480e800386a8b,0,0,0,2010-10-30 01:09:05,4,9,3.1713,13,15,1,3,2079,9,10686.4959,2805,1038.9303,44450
4715,acbf34e8a0743d3482fc341ca1751010b22a9b44,0,0,0,2010-10-31 14:35:22,358,147,1.1409,505,13,1,3,58,16,19240.1115,445,56.2907,54302
4704,9f7f02c520c0d0da0b4c09d192c0e758318b0eba,0,0,0,2010-10-31 14:35:28,40,9,0.0726,49,2,3,1,183,24,32.7463,2862,219.2328,49967
4712,f6deb516ae2009232a94d27a595c8eed367f1aaa,0,1,0,2010-10-31 14:35:36,897,63,0.0,960,13,4,2,80,6,46537.0086,2862,293.3452,6020
4714,b4e5a714546889fefb74c724cd8e3c6fced063e5,0,0,0,2010-10-31 14:35:48,13,116,0.1681,129,3,1,2,6,22,21403.4589,246,161.6533,131
4717,399d1461915d183b8e0e82adf1cd213153c1df0b,0,1,0,2010-10-31 14:36:56,263,55,3.0188,318,14,4,2,148,19,82630.0,139,143.7451,627
4719,f39be9702e182b70e73d690076998a09151e74b4,0,1,0,2010-10-31 14:37:08,501,46,1.5942,547,7,3,2,67,11,3922.3412,17,217.8328,54391
4716,55b166012ec9c37641b572725e701f75cc1971bf,0,0,0,2010-10-31 14:37:15,16,27,0.7942,43,2,4,1,176,10,2358.9095,408,182.9714,2416
4718,7c1f5ea0aebb20e9bbb1a55ff660ac464e9fc10e,0,1,0,2010-10-31 14:37:27,125,123,0.3791,248,2,14,1,1656,12,82630.0,277,149.575,606
4722,52dbb877ea53119be168d39f91c07f3ebbf5e61b,0,0,0,2010-10-31 14:37:56,145,81,3.0805,226,18,6,5,2211,16,17534.1169,386,84.2487,2777
4725,08af7aca1c08b1cee8ded5d1ef6bca7153eb4797,0,0,0,2010-10-31 14:38:04,2088,5888,0.0366,7976,34,1,1,104,15,1557.8327,223,131.9105,58699
4720,e58f6e521141d52d00133aaab6ac224cafc7dc92,0,1,0,2010-10-31 16:47:20,128,381,0.1954,509,4,10,4,78,13,9196.4843,2724,955.517,43902
4729,91a4751f716c90651b3121d88186b89b2d3509b5,0,0,0,2010-11-01 03:49:56,24,5,0.3197,29,2,1,2,284,83,19025.7832,2825,1029.0327,50813
4732,4909415a3ea35bf7807a66afbb137a6853b02c76,0,1,0,2010-11-02 06:14:54,30,48,2.0311,78,5,4,2,422,83,38168.7191,2,1026.9718,51712
4727,2e27927111b6152ed960119e90ceb2a57053cb6d,0,1,1,2010-11-02 14:04:35,64,76,0.4868,140,6,1,2,303,82,32585.9226,382,137.003,58042
4728,976ac6a1c6f5b82e6b13cedf7776f5a5feb931c6,0,0,0,2010-11-02 16:41:54,752,69,3.2017,821,4,1,3,336,31,63470.3,231,1081.1785,49788
4736,b5d9ac6e7c84d220995ff0103d4947b21c5d02e9,0,0,0,2010-11-02 19:20:56,1446,40,2.5537,1486,7,6,2,483,85,34369.0124,2743,960.1863,47374
4730,85d6ce67f3b57eb95444ae631841f460617e64a0,0,1,0,2010-11-02 23:32:39,81,206,0.9473,287,8,6,1,623,79,20284.286,2673,856.8575,46339
4735,c075f12e13356638d9fbfcb256cba664170bf1bc,0,0,0,2010-11-03 02:28:35,7,2191,0.0228,2198,4,1,1,7,5,39816.9967,16,991.6602,18
4721,733a971c091834e17eada49463021c0e42308b9b,0,0,0,2010-11-03 02:32:55,11,3,2.7951,14,12,1,3,61,12,37651.8311,2862,995.8488,47716
4734,8720e2e3322b4b6a04ecbf3f1a99746ca557b9bb,0,1,1,2010-11-03 16:40:39,138,2,0.5527,140,80,4,3,297,86,58890.7176,24,958.0155,68
4749,133e8d5ec50592fe2361e5af1dc287692e668e97,0,1,0,2010-11-03 18:48:18,55,1192,1.971,1247,7,5,2,322,24,34791.4909,2767,964.1561,47899
4723,c8bdd5414f986e9278a1f5fd9d14442fe8d95ec5,0,0,0,2010-11-04 21:42:21,63,5888,3.5113,5951,34,1,1,98,21,28928.8028,2824,981.3527,44800
4731,9d7568282babd4811c9433ef066d8cea15fe3452,0,1,0,2010-11-05 02:25:23,29,10,0.5743,39,12,2,2,333,34,48196.3493,2,1013.9484,6
4739,5c51569c6924e25912f57618480c109e252638d4,0,0,0,2010-11-06 15:34:47,6,214,0.1018,220,47,1,1,56,17,81211.211,2816,975.0733,6
4743,8fde113b665521a7f9af466ebcbb953a4bfbb105,0,1,0,2010-11-08 03:21:49,752,42,1.34,794,3,3,2,215,33,39586.391,2775,1062.6228,50022
4742,8499625733b45ade79e7ceaddae47796613acdb4,0,1,0,2010-11-08 20:13:06,9,7,1.0589,16,2,12,2,282,54,11469.6649,1,1012.7465,49087
4741,7a98d7bd2c6ee8df54efa2c9deca29209e06bc69,0,1,0,2010-11-08 20:27:44,15,15,0.8557,30,2,1,1,23,17,8975.15,2862,829.7167,44779
4762,6879422aae675cfe26a7f3be0d748b97d91b40cc,0,0,0,2010-11-09 02:17:44,1731,902,0.3687,2633,4,4,3,210,83,27702.318,2817,1013.4851,49535
4737,5915c1e89785000e2fdfa64eff168e2f675ff0ae,0,0,0,2010-11-09 17:00:35,607,9,3.7384,616,25,14,4,104,9,47695.1155,2827,1011.8154,3040
4745,a7d9ef1972dfb0ec9ba8dbce19a1ca83ff263825,0,0,0,2010-11-09 17:39:39,212,139,0.2049,351,14,5,3,141,15,10558.4304,2615,886.112,49822
4746,fc61e9399dd3f13eceb945063a076e3397bab368,0,0,0,2010-11-09 19:50:32,3,102,0.0315,105,1,1,1,129,7,7076.7068,2862,999.4992,46834
4724,c720ea584b90dc8bcd5686ab9c2e8e33fdca0661,0,0,0,2010-11-09 23:36:49,44,11,0.9451,55,2,2,1,12,39,64761.1705,349,141.4151,8340
4744,b186a5cd486044249cdc2cdeff5a395cdf077985,0,0,0,2010-11-10 14:06:56,285,17,0.1093,302,2,12,1,2342,7,45677.0015,2862,1013.4444,44872
4748,b5538dc4d41d6cf2d377d814c15c40bcccdb4809,0,0,0,2010-11-10 14:22:35,10,2191,2.0,2201,4,1,1,133,7,65412.362,2809,978.5564,18
4751,940141e34330297c397958ef104d36c43500caef,0,0,0,2010-11-10 17:14:49,126,7,2.6151,133,14,1,3,145,85,14272.4027,321,149.0877,58042
4738,c6ee15ec486e71db528f00c6f649fd668f6bba13,0,1,1,2010-11-10 21:08:01,41,58,0.7198,99,2,2,1,13,6,55634.2667,2,902.1114,4962
4761,d97f3f19397339ef056929fc0224c4efd6940578,0,1,0,2010-11-11 03:07:12,109,41,1.2959,150,6,3,3,325,83,27258.1979,2829,1015.4224,57465
4759,018310e2708f19260ad1f31ff9e9da2b3bd85b23,0,1,0,2010-11-11 14:21:16,62,58,1.1772,120,21,2,2,2617,22,44786.1335,3,1075.4804,50407
4747,110280aedaff8d817a302c4c985d0b955c93167c,0,1,0,2010-11-11 18:27:18,16,88,0.1918,104,2,1,1,60,17,17118.0553,16,960.6529,18
4754,e74a7af5ab1e1a53a3db42dd188d1e3b2fb6eecc,0,0,0,2010-11-11 18:30:00,130,4,0.0,134,1,1,1,586,6,16054.8901,2832,1015.1664,9
4756,29f7f0623e0f9192ce140ff4b812542a1a3195f7,0,0,0,2010-11-12 02:25:24,344,214,4.4362,558,47,1,1,13,8,10946.2769,6,1015.0481,6
4733,84d91c65e42bca3f8870e87a46451f53e6d4cbc3,0,0,0,2010-11-12 13:26:46,130,5,0.0,135,1,1,1,210,36,56282.4899,4,981.1564,9
4750,37dc267fc643cd2e095a92e6a88a7f6478f98384,0,1,0,2010-11-12 19:32:32,405,178,2.8906,583,10,3,2,2222,2,28950.0,132,238.7426,5920
4758,4a3436e4658cf63d9e7c5fb6381f09da084d181e,0,0,0,2010-11-12 19:32:38,87,100,0.4362,187,4,2,4,51,14,24244.2717,139,148.858,599
4753,a7de735e6da742d0841d6edd7c66d89f43ab632a,0,0,0,2010-11-12 19:32:48,42,3,0.2584,45,8,2,2,46,7,81690.0,344,103.0491,2694
4757,81ffee3e99af039400d5079213a54202a9be4f4c,0,1,0,2010-11-12 19:32:54,146,45,1.3043,191,5,2,2,2617,16,7633.2631,391,241.5629,4566
4740,80840a076033b68d23129f7da9eacd93244e97a9,0,1,0,2010-11-12 19:33:00,2266,34,0.9764,2300,5,3,2,46,12,2025.3358,280,118.75,652
4755,0939780a0c4f235dd8186d44141aaad46a501e17,0,0,0,2010-11-12 19:33:06,309,2396,2.5207,2705,10,26,4,191,19,10193.4188,485,255.1342,60576
4765,4bef73bf4b976b76a07c292c176d86bb75b2677c,0,0,0,2010-11-13 05:00:16,144,2,0.0,146,1,3,1,99,14,36620.0242,5,973.7781,47247
4752,111a80cb1053ef44c866b67e2c588ed7daae6f78,0,0,0,2010-11-13 05:02:51,135,1096,3.3874,1231,40,1,1,42,17,2179.5105,2862,986.7454,44771
4760,6e9a2e98294e49397796f70ee4d07978c7cbed78,0,0,0,2010-11-13 05:05:07,0,2,0.0,2,1,1,2,24,13,46001.1004,2792,967.4425,45207
4776,a0fabc5d2b1451cd35bf151df28c6cedff494f46,0,1,0,2010-11-14 16:55:59,131,384,2.423,515,3,3,3,347,79,51047.8955,2686,1055.8717,53371
4764,ae7ddced332068f7920c355ed1b61bd050f402c7,0,0,0,2010-11-14 18:46:24,6,19,2.7951,25,12,1,1,36,4,85362.779,2862,998.9065,45775
4767,f6c107bac6bd09baf20ebeff0903c2a6ed2a6e76,0,0,0,2010-11-14 18:46:48,262,23,0.0137,285,1,1,3,21,16,40.0,2862,999.9266,46019
4778,0b591df6fa170720ef6c5c096db39abf09a7f3f0,0,1,1,2010-11-15 14:53:34,8851,19,1.0184,8870,1,2,2,164,86,75554.0852,2862,985.0992,48919
4768,f1c716f015c3f030db3cd86a426816adb261680a,0,0,0,2010-11-15 18:37:32,8851,1096,0.8884,9947,2,2,6,250,37,48060.0493,2862,994.3748,45580
4770,8ef5d503390d77b95c1639d7b139980597315c34,0,0,0,2010-11-15 19:23:04,123,122,0.7999,245,4,4,3,2248,37,37372.4494,2660,912.6546,13
4771,9b5c44caf3046c72808d053d2e7045d0f775be79,0,1,0,2010-11-16 15:37:21,1995,61,2.5641,2056,5,6,2,239,7,57975.4816,3,925.0829,51272
4773,0d78b5c6261171833a4b181823f60876ae6ac883,0,1,0,2010-11-17 00:01:43,97,8,1.4164,105,5,2,1,179,44,19917.4435,2862,994.6374,43024
4774,0b74986a3f9b29ab698a3961c440601b5adf6845,0,1,0,2010-11-17 16:57:28,5551,103,1.8653,5654,5,3,3,21,33,47917.1761,378,180.0071,2889
4769,b98e03a0bce35f83a043c41a8e8b97e0a7c2bc9c,0,0,0,2010-11-17 16:57:35,223,135,0.0,358,7,2,1,12,6,3271.2836,2862,262.4745,9494
4784,4e7bcd0d3b8aeaadb470b6f56aac2b8eacab7702,0,1,1,2010-11-17 23:08:10,36,862,0.457,898,2,2,2,476,87,55043.6485,2794,1018.1875,51464
4763,66d2bd02548a9a70b9d873501715da1dfb4d3d63,0,1,0,2010-11-18 17:34:08,51,177,1.2803,228,3,2,1,176,33,75851.8258,281,205.0734,59905
4775,138d28cd6de07103718afb586749fe922f217650,0,1,0,2010-11-19 15:14:06,13,2191,0.0515,2204,4,1,1,235,36,72623.5639,16,1028.7103,44895
4777,96588d4f322dfbb1f5ff9328afe4377babfb1d2c,0,1,0,2010-11-19 15:27:33,104,39,1.419,143,4,2,6,201,28,56838.7484,340,213.58,2450
4772,3dc8066547de9c31be09cba912ddbb3262fd4870,0,0,0,2010-11-19 15:28:01,219,160,2.5829,379,12,8,2,548,58,62850.2043,450,240.4581,59248
4788,b0fd9e83b73a88f144f3a9bbe27e06c041e38d1f,0,0,0,2010-11-19 15:28:07,56,42,0.7495,98,4,2,2,424,28,27856.742,322,233.1302,3949
4779,5ea3dc3f61010ccf8591bc52460a7ba419978eaa,0,1,0,2010-11-19 15:28:18,2194,73,1.2987,2267,8,4,2,364,42,73777.2857,328,240.0102,56836
4787,13e73255d8eb429050e714971b47aaf6d8cc36c0,0,0,0,2010-11-19 15:28:29,31,6520,2.294,6551,6,5,2,164,22,25415.6203,190,150.5814,3106
4786,78bfb1ea24927b0daf2c2ab925c123640df3ad2a,0,0,0,2010-11-19 15:29:01,1658,1308,1.3522,2966,4,3,5,277,38,10935.726,230,41.0,1275
4802,53b49b1180dd2299b76709b4e7cf2ac184d2190e,0,1,1,2010-11-19 16:26:16,130,996,1.6586,1126,9,5,3,592,89,62454.8754,378,144.3443,4443
4782,7e6ff7fef22b60e38bac659b1129e6b695b371cd,0,0,0,2010-11-19 16:39:50,582,14,2.2161,596,1,1,1,14,9,5.0,311,209.5762,54302
4790,9a9df3007ecf6f393ec9de61c53ba2139674817e,0,0,0,2010-11-19 17:05:08,6,3,0.0,9,4,1,1,99,4,78355.2663,2761,1032.1612,44597
4799,2bb1021b295c8116db2c0fb3ca7816f282043710,0,1,0,2010-11-19 19:10:48,54,42,2.3235,96,5,3,5,585,85,24225.2361,2795,948.4186,48133
4795,2564647db8e97a701072ccedf16218e499a9aa44,0,1,0,2010-11-19 22:23:06,97,2,0.0,99,12,4,1,53,44,55228.2067,613,311.2,1813
4789,19879f0cbfb6f8f48fceecdfd3a1b080cde553a2,0,1,0,2010-11-19 22:46:51,7,0,2.7951,7,12,6,1,72,15,11724.2625,2862,998.8104,46759
4794,ec9f3d9c80f5d4ed7dc13a6deb2e63d6119ae6ed,0,1,0,2010-11-19 22:58:09,6,2,0.0,8,4,1,2,18,4,25616.0842,2833,1007.8727,45838
4801,440f0399b565aaa0450d62e0c45329ecdc545be4,0,0,1,2010-11-20 01:23:37,156,1096,0.0366,1252,1,1,1,253,31,23503.8101,2862,992.0727,45613
4781,6f51828ebcf5d62aa2461489fab08aafd3a6ceef,0,0,0,2010-11-20 05:28:45,15,72,1.4101,87,2,1,2,36,43,45414.975,15,910.5436,44384
4797,c5781b849d4fb0b503e838a0a37954f281cc0fab,0,0,0,2010-11-23 02:56:48,264,2191,2.0,2455,4,1,1,13,3,38910.2745,16,1023.4993,18
4811,2d51d59a93c389ab35e80449b2608aa71c348207,0,1,1,2010-11-23 16:28:20,123,58,0.371,181,5,4,3,497,77,31458.3993,248,198.9765,1637
4793,b37328a090e21857fb163533b85b9a1dcbb556e8,0,1,1,2010-11-23 17:11:57,107,35,1.4432,142,4,3,3,501,82,28206.8427,2,1039.729,47852
4810,ac4d0161471bc5bd6971226a30074f3e8ef4879c,0,1,1,2010-11-23 19:27:44,82,77,2.5588,159,12,8,3,745,87,57645.6922,20,1036.3984,152
4798,3940d8eed167c1bf6e3a7514ffa5c3b1de83f449,0,1,0,2010-11-25 18:26:25,29,43,1.1804,72,6,3,2,298,24,71198.2542,24,1045.9183,46429
4785,549945b26a8bd089f7a2de180cdf83633c489929,0,1,0,2010-11-27 19:25:36,108,513,1.5162,621,7,4,2,461,88,45455.5959,2862,1022.5158,49945
4819,6d368bb87de51c5931184286db9a85f764089efd,0,1,1,2010-11-29 16:50:03,1487,5,1.719,1492,4,4,2,245,82,56393.218,2763,1076.3617,46445
4783,a44a150e9cd322aaffda68628ea3ff608519b12c,0,1,1,2010-11-29 19:36:08,97,21,1.902,118,7,4,3,350,83,32882.5938,2,1014.5069,6
4807,a161f9f0639c1fa594d1f9cdfd92565dc35a965e,0,0,0,2010-11-29 22:28:25,66,63,1.2655,129,4,3,2,126,22,50547.604,2,1044.1662,52861
4816,0c5abc427c6b9987475f2403a0a67e51d675572f,0,1,0,2010-11-30 14:26:07,74,295,1.4836,369,4,2,1,367,35,54193.9579,2753,952.705,44484
4804,6f1a1a798f8750bcef0c58778b864098894dc7ac,0,0,0,2010-11-30 14:28:56,16,6,0.025,22,1,1,3,2148,12,86310.0,2862,829.7167,47183
4814,e3c78f80a2c977bcac4c48333cee01865a13f431,0,0,0,2010-11-30 15:25:29,4,6,2.4303,10,7,3,3,345,28,3673.6323,12,961.3347,48315
4825,d3b4d6b622e6ffef305849bab54ec78467d18f4a,0,0,0,2010-11-30 18:45:08,21,1192,2.1553,1213,4,6,3,309,24,40434.1182,24,958.0658,49471
4808,58d05cd57ec5f6d27a3c4dcbc9cf3e944071492e,0,0,0,2010-12-01 14:43:24,96,71,1.1668,167,5,5,3,337,32,74249.6377,6,1049.3091,47985
4818,9f34a147ac8ea4678696094c1591570ea048b6aa,0,0,0,2010-12-01 14:45:51,8851,1096,0.0826,9947,2,1,6,2342,17,39106.2619,2862,983.272,45337
4800,4e90bc9ea0883d620aaf3555e8b2bd5d505264e1,0,0,0,2010-12-01 14:47:30,13,46,5.3576,59,2,1,1,48,11,3231.7989,16,1040.3326,48690
4812,a9e3fa1c54580a01132bed0c2401ced7706a9e7e,0,0,0,2010-12-01 18:01:51,264,2191,0.0937,2455,1,1,1,629,6,83961.7836,2670,1066.7012,6016
4817,2e0ff83749545622dbdfe416d812de2a41f64b8f,0,0,0,2010-12-01 22:44:50,173,1096,0.0478,1269,2,12,1,2342,14,4287.1936,2862,1013.1214,47256
4829,8fbf2e78f7fc2ba5ec8343101ccb586af43124c9,0,1,0,2010-12-02 01:17:09,723,91,1.7542,814,5,5,4,222,81,23742.1176,2703,941.2346,56861
4815,cfa0b3395cfcd0ff48059325b6cb87b8d9c356c3,0,1,0,2010-12-02 15:25:50,84,91,1.7557,175,7,2,1,153,30,80628.2903,91,237.0882,3967
4806,f0104cdce5ec423ea4b47f0b3bbd8a7b8c8440a6,0,0,0,2010-12-02 17:42:15,723,232,0.4773,955,4,3,2,52,28,20243.1658,2689,1042.6705,50179
4822,56770fc8070f15188e80e85978e235d75dc9f39f,0,1,1,2010-12-03 14:23:44,59,2291,0.8113,2350,2,2,2,266,23,20.0,5,1098.9417,26
4836,5856ee9e6e7732922bc2c331f4cdf7ee741bd661,0,1,1,2010-12-03 14:25:24,36,23,0.6548,59,3,3,3,299,83,16830.0783,2,986.3752,57425
4813,4ea000beb0561ad8dbd01cd44ac318ab5e6961a9,0,0,0,2010-12-03 15:36:45,18,19,2.7951,37,1,1,3,66,21,73201.1412,2862,829.7167,46949
4823,bf22c526c60d3f4bb2b23216af78dc178b4ac02e,0,0,0,2010-12-03 15:41:25,6,465,3.7384,471,25,1,1,113,19,85689.0,2837,991.8019,45632
4835,2c6f56ddcb1248b14a27c6a1462de25c29177acf,0,1,0,2010-12-03 18:52:06,0,85,1.8573,85,1,5,1,179,0,39919.9483,2862,829.7167,2534
4834,0b5d59ee5169e8f4e40c7b3c8c11f6f9e41ee4a4,0,1,1,2010-12-03 19:24:15,21,22,2.9091,43,11,5,2,273,90,20485.9072,1,954.7202,53679
4826,91eea35343c1a6347f8ae98739ce2f6deff83ed9,0,1,1,2010-12-03 20:57:03,19,93,0.8198,112,1,2,1,247,82,15419.1666,613,52.4569,1784
4827,5362293ed2b1075a243185691ecb0d4c7fdbc876,0,0,0,2010-12-03 20:57:03,6,5,0.0,11,1,1,1,39,12,23417.8437,576,63.932,605
4830,9cb32b628881f88df5dbfbf8b2001cca4523cd70,0,0,0,2010-12-06 23:24:17,12,8,0.0,20,1,1,1,28,2,81986.7033,501,8.8995,1983
4796,306a2332fbac2e8a46ab277faa8e74b74acc88c7,0,1,0,2010-12-06 23:24:17,4,25,0.0313,29,4,1,1,629,3,80776.1047,562,61.6762,906
4828,0aa85e9398065fd604012303fbc194055d0065f4,0,0,0,2010-12-06 23:34:05,15,22,0.0553,37,7,3,2,13,7,7175.287,727,68.417,1989
4820,7c384e254f200172a872a2d5d95855f3944b733c,0,0,0,2010-12-06 23:34:05,130,7,0.0,137,1,1,1,26,5,10123.7701,547,75.7642,46227
4809,2fefb714b51787f8a238ccd759e48c692b6e2f51,0,0,0,2010-12-07 21:06:53,59,25,0.8728,84,1,9,1,147,29,19307.7786,534,78.112,58131
4837,3a63f3e2e00abd7d9c5adcdb185208a96c35a800,0,0,0,2010-12-07 21:06:53,45,16,0.9543,61,2,1,3,147,30,15556.0549,536,1267.3333,3691
4838,55d8d53876486344ac425428e42ee570cc86bf4e,0,0,0,2010-12-08 01:41:46,10,5,3.519,15,1,1,5,2460,4,31978.8065,2801,975.8007,44989
4840,a4ebfe322cf1eedf7afa2da3fbec92d85a6a96e7,0,0,0,2010-12-09 14:38:50,151,40,2.0271,191,11,2,2,54,12,56522.2166,229,178.2168,1518
4844,fe9762db2085a5b1229584aefeb8202ac6b7500d,0,0,0,2010-12-09 15:53:09,29,18,1.9577,47,6,5,5,372,85,54634.7325,2734,1056.7575,47216
4805,d32fd5567a164d850e9490347b71624a1a17aadf,0,1,0,2010-12-09 16:57:42,12,38,0.0326,50,1,1,1,224,37,76136.0867,638,27.1118,1099
4833,2c438e5881b7abdc013ac2d1ac449683261f09d9,0,0,0,2010-12-09 20:19:40,264,334,2.0211,598,6,7,2,652,56,50361.6098,2862,973.2303,54229
4846,0ff4d09d6452911eadf4edf620e957434925f13d,0,1,0,2010-12-09 20:21:11,537,320,0.8062,857,6,3,6,442,51,86094.0,2862,1026.035,43965
4845,8e23331f76609a987eee5306cde28986031e0e05,0,0,0,2010-12-09 20:23:30,37,5,0.5642,42,2,12,2,378,54,16093.7239,2823,988.5397,49192
4850,1a37ebf553f39387971fe1f2df2c9da31a21a01d,0,1,1,2010-12-09 23:17:16,0,10,3.1713,10,1,1,1,280,35,10708.7647,2774,970.6472,47756
4861,1ae56a66e4a5b5272783edaeefa33d193c7647dc,0,1,0,2010-12-10 16:29:37,34,27,1.3704,61,5,3,3,246,87,48807.3533,2,1070.9149,56421
4851,6aa5925733429ae64505b68352a28a91b9b77d7d,0,0,1,2010-12-10 16:37:01,614,5,0.6317,619,2,2,2,197,79,81690.0,2722,943.2954,52740
4848,115d63cfb466729672e91793da663749f53374a2,0,1,0,2010-12-11 00:06:24,130,4,0.0,134,1,1,1,293,30,12441.449,582,65.0907,2142
4852,8124bdccab47bb10d86ce845ce71da7ec9f9ba73,0,0,1,2010-12-11 00:06:24,769,324,3.1147,1093,13,1,3,281,28,12210.4373,703,1087.0833,784
4841,c48abe4c1fbebe1052a53840fee98be91316f3f2,0,0,0,2010-12-11 06:26:45,358,22,1.0704,380,5,2,2,37,16,39394.3196,4,1114.6552,46255
4847,789f625bf32454f133601560ebc86b6aecec1936,0,0,0,2010-12-11 06:28:33,384,81,0.1338,465,40,12,1,2342,0,58489.6841,2862,955.182,10454
4853,f1783319fb21d334f285568427f5b478793edf49,0,0,0,2010-12-11 06:51:11,6,78,0.1366,84,1,1,1,1963,89,1199.1903,44,951.4474,10988
4821,d208e0359c75cfe033acda885720fcf83f06e620,0,1,1,2010-12-12 03:22:33,344,2,0.03,346,47,1,1,27,7,8230.9319,2846,1006.3025,201
4842,6e682c0e793e576431f3222631dc661fe8b916f2,0,0,0,2010-12-13 19:43:08,5,2191,2.0,2196,1,1,1,18,6,45877.8328,259,145.7556,46227
4849,a421e2501b5f42d89dbe2335114664026c3b81c3,0,0,0,2010-12-13 19:43:12,180,2,0.1413,182,1,1,3,236,12,28.2501,569,252.5208,49967
4857,b4e5898403ef193cd613f1ff90fc4633b8b68c89,0,0,0,2010-12-13 22:45:25,264,2191,2.0,2455,1,1,1,63,6,21490.2964,16,991.299,18
4832,91133a474934aa9871873368eb9c791cdc011b9a,0,1,0,2010-12-14 17:49:41,72,40,2.4191,112,5,6,1,264,25,37555.5213,2785,961.6944,43672
4854,e4e375b3cb51b757dfdf94e565be1058a0cdc48b,0,0,0,2010-12-14 17:51:47,8,33,2.0,41,4,1,1,25,12,77569.3226,16,1019.1171,18
4856,5be0a1da6bf2e463b14403dd7d1ceff3498819c3,0,0,0,2010-12-14 22:43:48,344,214,4.4362,558,47,2,1,50,11,46961.1024,540,89.1999,399
4839,c9e6991b2d46b9c224a56f06355c88fb5d996997,0,0,0,2010-12-15 15:16:46,152,11,0.1875,163,13,7,3,31,14,39882.719,407,245.8956,54302
4862,e231f71f0fd542e4d7399f655a96fca97369fae8,0,0,0,2010-12-16 22:26:35,21,1,1.0765,22,8,2,3,351,33,48153.5889,2794,1035.928,44505
4843,e856470fa159040128540a104618fb1cc1bdb6f9,0,0,0,2010-12-17 03:02:57,1731,5,0.9882,1736,3,3,3,281,84,24869.8923,2847,1006.5252,57740
4858,19dd60b093c1ff94de1fc3c5342aa6199ac51dfe,0,0,0,2010-12-17 14:39:35,1,49,0.0767,50,1,1,1,2148,9,70213.6744,2862,995.4375,47897
4863,91048502a6f8daa3fd857ecfec70ceae35ab708d,0,0,0,2010-12-17 14:42:53,56,0,3.3063,56,2,5,3,6,5,78001.2454,12,895.8365,51233
4864,fb2ce875415d5258fa92b835c91c3688c95e070d,0,0,0,2010-12-17 15:12:54,41,81,2.0,122,4,1,1,6,11,4643.8042,2784,1029.2606,44891
4867,33add1f65b654be24b8a373eaa7b7247a0120de1,0,0,0,2010-12-17 15:14:10,7,3,3.7384,10,25,1,4,47,11,85689.0,2840,1014.0445,3040
4870,033d51a590ac383d4b0b05faeeb51b24f3980ca7,0,0,1,2010-12-19 03:33:19,10,813,0.3257,823,2,7,2,298,86,39536.3676,2836,1006.3082,49692
4872,24246c222d8eedf40b245016b538f0f794a048f5,0,0,0,2010-12-20 04:24:53,1278,340,0.2977,1618,2,2,2,411,78,19927.5796,2634,901.6069,51946
4877,1664307756df90a4125a5fa8b18b11cc994c8c36,0,1,0,2010-12-20 04:45:16,31,11,1.3355,42,4,3,2,397,87,24158.8807,2862,997.1672,48382
4860,b5cc27121bb5203fab1f550a336b62fc62d1a45e,0,0,0,2010-12-20 04:56:09,144,1,0.0,145,4,1,1,64,1,44525.5345,5,1039.3624,6678
4871,6c2cef0ae0954a0b8d8063254a9c5b08955ab925,0,0,0,2010-12-20 13:40:10,611,24,2.8246,635,3,1,1,186,8,83652.1655,80,1164.2047,50250
4881,9ebc4001b23c698ed68af55b13f96c3d5ad6e590,0,0,0,2010-12-21 20:55:05,27,59,2.6326,86,10,4,2,413,2,29544.4142,2656,906.2278,45722
4876,e9b1acc5f40adca7de1a97763f1f9816635fabe6,0,1,0,2010-12-21 22:14:02,49,10,1.3969,59,3,3,2,218,24,17061.0978,391,180.4453,1641
4865,9d291b0d12f348c1b315f74cd6971f6b4e5f1e27,0,0,0,2010-12-22 17:31:58,40,19,0.0669,59,2,1,2,2371,14,78077.7207,2650,934.3672,49756
4874,213b4291afb53143263633b9cc62af758a982239,0,1,0,2010-12-22 20:27:43,2186,7,2.938,2193,12,10,1,185,48,58695.8316,3,849.423,53780
4875,b17aefbcf56b60d1994b90fe7fba45c79ce2732e,0,1,0,2010-12-22 23:53:40,1487,36,1.6997,1523,6,4,1,379,0,21468.0071,2650,1070.6714,46689
4885,a8b89fba35ef51f0b7e649fc4c8f59ece7865b05,0,1,0,2010-12-23 01:06:49,159,36,0.9311,195,7,5,2,214,1,26002.1001,3,937.4451,52068
4873,f0709a4956392d307219f545dba08c641e99f462,0,0,0,2010-12-23 17:27:08,1006,17,0.6811,1023,12,2,2,256,83,63048.501,2825,1016.7796,50729
4882,0ed735570d80c42f4f279c54d652d9b1a2833e3d,0,1,1,2010-12-23 18:57:13,996,57,1.4618,1053,3,1,1,433,79,7349.0662,1,1069.5909,55273
4888,3991fba440756ce5174f54dd544302a0591e61c8,0,1,0,2010-12-24 16:57:07,541,229,1.3561,770,17,10,3,312,83,45223.9121,2750,1048.2971,55833
4879,c08a71d53100e7b25f52bd179c5f8685ceeec017,0,0,0,2010-12-27 17:24:28,8,2191,2.0,2199,4,1,1,85,17,2946.8132,2805,1020.0958,45301
4886,88f47b80c53a4d4587130ecc4e5fb6e94eca2659,0,1,1,2010-12-27 22:13:53,77,340,0.3395,417,8,2,2,424,79,44221.5925,321,128.1852,3705
4866,c933bb326899b83dd136f8a31b090849c802084c,0,0,1,2010-12-27 22:56:56,1136,1700,0.2041,2836,9,5,5,319,89,5104.1818,276,198.8251,4343
4883,5b9abe18549f97f77d7f0b82af7c68546e3f696c,0,1,0,2010-12-27 23:17:05,8,2191,2.0,2199,1,1,1,19,8,31335.4348,16,1012.1911,45873
4880,14d0647748618e44128c796ade3829f2f877d1ce,0,1,0,2010-12-28 03:17:24,226,75,1.9328,301,8,3,2,374,85,22760.0996,2862,1007.5687,49200
4896,5995b48e8263902607fc618c429e2b4ec2be00bf,0,1,0,2010-12-28 03:24:41,95,1,2.361,96,8,3,2,736,0,27458.1529,2862,829.7167,53730
4884,718b65e6aeae12e814864ed05ece5180bd310fbe,0,1,0,2010-12-28 17:15:35,0,18,0.3867,18,2,1,1,14,10,7988.2909,171,136.5311,54302
4889,d4251422d9ae5a3fa9f896c6083f1796b323fc50,0,0,0,2010-12-28 19:08:04,10,6,0.0,16,1,1,2,66,5,74575.8585,2810,1044.5879,47296
4898,47f4c02caa74d2210194c679043aa350e5349f7e,0,0,0,2010-12-28 19:13:32,996,977,0.8353,1973,3,2,2,171,88,24050.4166,1,918.4527,46872
4878,db05807b0457bba7cf86c7dd98d36e2bc1ae9d93,0,0,0,2010-12-28 19:59:25,1,234,2.914,235,8,1,1,20,2,6506.4758,2673,8.0,42955
4887,c57e7c9e87f8d6b2ddb0f6e44822e550d325720f,0,0,0,2010-12-28 21:23:50,30,32,0.0363,62,1,14,1,2211,1,5941.0837,734,992.2954,3040
4893,671de68026394162108c05b74f5595c1c8bd23c7,0,0,0,2010-12-28 21:55:37,40,15,0.5093,55,2,2,1,67,19,55774.0664,734,1267.3333,3181
4899,4f9dbf5b08e8b72010774b209b525fecfea5688b,0,0,0,2010-12-28 22:08:21,8851,20,3.3874,8871,2,1,6,34,8,12917.0962,2862,988.1132,45462
4890,fd104360058df4272b93cd318c7c7ac44a422b96,0,0,0,2010-12-28 23:55:32,12,93,0.9201,105,3,2,2,475,81,47592.9827,613,50.4442,21
4895,23067c7bf1132c6146e3c83943cef6cb202da9f1,0,0,0,2010-12-29 14:16:55,129,67,1.4659,196,13,6,3,1261,10,50500.6589,240,180.1406,2275
4905,9b3fbc816c254e3da4f39b45a3e061d31f6926d9,0,1,0,2010-12-29 17:45:29,1537,10,1.2966,1547,3,2,2,525,86,38781.3319,2862,989.484,49961
4912,29e64c8975c46a95cca6779eea1439fd41534bdf,0,0,0,2010-12-29 19:22:32,54,33,0.9076,87,5,4,3,436,83,8043.8325,2707,954.9177,47047
4901,1d8ba59c9be863b4a06c15cb329e27244c7506da,0,1,1,2010-12-29 19:38:00,26,573,0.9933,599,3,3,1,69,2,71789.5091,675,2.1709,58042
4855,d5c257edd96d12e04ba60ab32954a38354bee2c3,0,1,0,2010-12-30 13:55:14,566,10,1.7156,576,5,4,5,466,85,63468.4423,91,151.3414,58607
4906,ebdc7cd9a46c652ccfd78ee47cc637d9a41fae98,0,1,0,2010-12-30 16:18:33,208,148,1.1436,356,7,4,3,364,89,58123.4842,3,1065.756,13
4904,a2e21dc731bdb2d73965f60911c14339a534252b,0,0,0,2010-12-30 16:31:08,6,3,2.7951,9,1,6,1,86,5,1583.1054,2862,998.4482,46808
4900,8110c63b16563e930504afaad800fb7b84b69410,0,1,0,2010-12-30 16:33:17,554,74,1.2213,628,4,4,3,385,83,4715.573,2862,1017.7014,59353
4903,e5f87d1d91340db050a9a4efa954a82ee371aafa,0,1,1,2010-12-30 18:20:37,73,12,1.1186,85,2,3,2,172,8,31648.6689,702,1267.3333,5003
4915,37ec7d326d0a5125b197291234a462eda31a5883,0,1,0,2010-12-31 16:52:56,284,245,3.682,529,28,11,3,290,39,55295.0031,2736,1060.2721,58040
4908,5630e15e2851f4e1c6a52822cd1435277997cedb,0,1,0,2010-12-31 17:24:38,2823,0,2.045,2823,7,2,1,1329,14,53524.1859,289,176.0828,1883
4892,ed6594e877023504482d009296b77e02c619aa08,0,0,0,2010-12-31 17:24:45,40,136,0.8134,176,7,4,1,131,20,35088.1472,279,118.75,644
4911,bde3781da53adef3929e08e3e51228b0faf0f1bb,0,1,0,2011-01-03 22:22:13,15,5,1.8221,20,4,3,2,419,87,17632.9451,613,150.6418,1831
4913,d718dddd6ea1eb4584c4b17151cfdcb11da9236e,0,1,1,2011-01-04 21:34:11,20,38,0.0132,58,1,1,1,102,22,16648.2614,2862,1264.9354,46050
4920,d650fb6af2c74e14e33b934c3b73f9be495e8751,0,0,0,2011-01-05 06:52:54,18,11,2.0483,29,3,11,3,251,85,27426.474,2,1233.2734,51468
4910,e5477338458c3a0229d4fbe659231002ac154583,0,1,0,2011-01-05 06:58:16,101,318,1.9264,419,10,2,1,291,56,40397.0493,1,1178.9432,51481
4916,dcb61125e665c7a955ba293fbda11f3fad472ef0,0,1,0,2011-01-05 07:00:33,42,1735,1.2627,1777,4,3,2,151,24,26332.3892,2862,1267.3333,53242
4909,8953630bc5b2fb4b604e20f6a59968042ebde0a9,0,1,0,2011-01-05 07:15:06,24,1,0.0825,25,1,2,2,0,0,29736.5611,2757,2.0,44057
4914,361f8504a066c543dc9c6d87d07cd0d1357a814c,0,0,0,2011-01-05 17:24:07,222,55,1.5744,277,5,1,1,1888,85,71000.0412,441,129.6943,2175
4921,9694494e7f3dc184edb2d3d583ed48c6f0d7a711,0,1,0,2011-01-05 20:16:14,1381,76,2.7211,1457,12,4,4,2464,12,52581.5041,371,322.229,7276
4918,336921d0a1d0489e820e51be12742e61ffeb7731,0,0,0,2011-01-06 22:57:18,8851,8,1.0311,8859,2,2,2,416,85,12480.8485,2862,1261.7041,50494
4933,8d28548efb8c3afc496e98a400c3a4418119e168,0,1,0,2011-01-11 14:09:36,59,1192,1.1612,1251,9,4,3,381,24,63711.7661,2635,13.0,54264
4927,f5236e4aee02b68e26092bc7926001319f127d4a,0,1,0,2011-01-11 16:45:26,121,28,0.4279,149,5,2,2,338,82,62026.8932,2862,1267.3333,51616
4929,53c2e123cd09df189cdd234951725b7d87a20c62,0,1,0,2011-01-11 17:25:55,0,2191,2.0,2191,1,1,1,31,2,66676.4171,2629,1.0,18
4897,a043125eb54193512c86086fcd90fbe798bc0367,0,1,1,2011-01-11 23:36:37,1023,31,1.8747,1054,9,4,2,398,45,43044.7937,2672,1222.5428,57858
4934,e134e51ba6d2cf8024d6b60c9328cead202a3f90,0,0,0,2011-01-12 01:01:04,344,13,4.4362,357,3,2,1,60,20,4252.7921,2835,6.0,45578
4935,f6f5e0e7c0b7667055adaff5242b71f2b77c90a7,0,1,0,2011-01-12 18:07:53,68,99,1.6492,167,8,2,3,282,8,42480.4963,440,82.5458,54302
4930,eb39ab7b4e0c566f5cfb72e13a28ab7948df04b7,0,0,1,2011-01-13 19:41:57,30,868,0.0424,898,22,1,1,37,19,11786.457,2862,44.3743,54302
4936,8dffb10d6c4730e94e9746162f9cd861ac6413e0,0,0,0,2011-01-13 22:13:45,66,9,0.9146,75,3,3,2,44,37,34519.8031,613,175.4821,1708
4924,33a66405831af0ca2a5ad0e3a244c6f246902479,0,1,0,2011-01-13 23:09:10,388,140,0.7139,528,9,2,2,164,20,27048.7955,466,78.0069,5508
4939,936b46427a0623a540f0ab20f14aa46e4efb4d19,0,0,0,2011-01-13 23:23:14,752,64,1.2791,816,4,3,2,131,33,1603.7528,2710,118.75,44391
4925,71f002849b2b1c029614c25b6346085c4f68f183,0,1,0,2011-01-13 23:38:55,13,1735,0.6678,1748,3,4,3,427,83,9083.9966,2862,1267.3333,49077
4919,27042c2289b690765f3b0e1fa7f95e72ee37f24a,0,1,0,2011-01-15 19:55:21,566,6,1.431,572,2,3,5,621,85,33709.0938,2774,1235.9898,51472
4928,d4ab52d4346cfe41d86249b1c4a68ca17c1a42b2,0,0,0,2011-01-16 04:03:59,1333,1249,0.9319,2582,4,3,5,2485,2,11240.2455,166,223.1855,1877
4941,1ed43c141acd3d8d96a9e99d36aed84fb363d365,0,0,0,2011-01-16 04:05:39,40,4,2.5241,44,13,8,2,77,29,24984.098,427,245.2814,5298
4940,e4d9524efcb4d3e2c0f336a151c86e169975a338,0,0,0,2011-01-16 04:06:00,264,1988,2.0,2252,1,1,1,202,32,68598.8261,536,68.6568,4729
4946,ef9c9f3f3ccb4c5bbf007680be3756ae43659b83,0,1,1,2011-01-16 22:54:09,725,1192,1.2658,1917,80,21,2,311,81,31027.0975,2734,13.0,8328
4943,2a3a497fd8b12160faf81edce1d7e2cbac953b95,0,0,0,2011-01-17 01:36:48,26,15,0.8829,41,8,2,3,107,13,54521.8336,1,1.0,44701
4945,5db8757602842f2a73bdfe28774f43f593625025,0,1,1,2011-01-17 16:00:00,86,5096,1.0897,5182,2,2,2,1198,6,80498.2087,12,12.0,52365
4961,13cf4f4d9fc628f6cedb6b6c348376189619e391,0,1,1,2011-01-18 02:56:18,745,28,1.0427,773,2,2,2,455,83,20496.5361,2862,1267.3333,51116
4949,b2024a1a4a86e30b72fd3f358007b91f3802d4ea,0,1,0,2011-01-18 16:07:32,515,269,2.2062,784,3,7,4,485,91,55104.645,2862,1052.6,51621
4922,a4294410b84af2576af928501e983f5b9fa7f6fb,0,0,0,2011-01-18 16:33:43,5,2,0.0,7,4,3,1,56,9,81299.6104,2789,1247.9155,45126
4944,67047232b29a5ebeedaa8f8f7db82af031cf3226,0,1,1,2011-01-18 21:26:44,38,42,2.6165,80,12,7,2,72,26,60126.3075,123,111.049,3379
4957,66918126ea49ba2221fb3c1c26239e3c42ad5d44,0,0,0,2011-01-18 21:34:04,558,0,0.2567,558,5,1,2,305,21,16994.5495,613,136.2519,21
4952,fe57cc5e37a1af282d9a0e97ea14876507bca170,0,1,0,2011-01-19 16:37:21,163,186,2.2688,349,25,6,2,185,26,41433.854,2862,1267.3333,51387
4962,6350c16e6d32ff318189bc861b25e4677e80a91a,0,1,0,2011-01-19 16:39:52,14,192,0.0,206,18,8,2,502,39,26588.654,2862,1267.3333,51724
4951,9f36c577af8f8ab756cf172e11943f4a1b6e78a0,0,0,0,2011-01-19 16:46:43,8,134,1.0927,142,2,2,3,1963,29,584.9017,2624,1193.9822,42390
4956,96916e29afe8884f3d8a8c4beb00f20b07fcbf3e,0,0,0,2011-01-19 17:37:04,198,196,0.2127,394,5,1,2,38,10,11076.8526,2691,37.5,41914
4968,c538b9503809aa6221ea498e395f235af721a29c,0,1,1,2011-01-19 19:31:56,8851,1096,0.6869,9947,2,3,2,588,86,9907.7577,2862,1259.1772,50427
4948,0be34cec4130b2b39b7a4dc7ef9ad2b2c0000f7f,0,0,0,2011-01-19 22:51:16,2194,750,1.5236,2944,10,3,2,317,39,55959.9441,2768,1218.184,8
4965,98aaa38ec8ae50cd6b95279e432ab0b606d81d41,0,1,0,2011-01-19 23:02:51,96,31,0.0436,127,2,2,1,392,80,38424.1466,1,1.0,47692
4955,6f6cd971a4a7c0595403751f8e1dea4e7e5effe4,0,0,0,2011-01-20 19:36:21,687,1096,3.3874,1783,3,2,6,109,91,78279.1924,2862,1236.6177,4118
4970,ef34db673735def1b4a52f1b3c623a5a4e674ddb,0,0,0,2011-01-20 20:07:07,28,27,4.4362,55,2,1,1,22,5,85337.0,6,6.0,46227
4931,96e530594a65b2b09abda9ad0716324a39222de6,0,0,1,2011-01-20 21:36:49,144,50,0.0,194,4,1,2,290,40,81477.4353,672,209.2056,3360
4958,60b848b43f016091c89c77eb1713ea563136dbf2,0,1,0,2011-01-20 22:53:11,821,82,2.3735,903,6,4,2,271,34,38739.6806,829,229.5342,4423
4974,73d2ad1447e51ecde25f768460e8442b198c4186,0,0,0,2011-01-21 15:03:54,8,50,0.0,58,4,3,2,1533,1,78041.2353,5,1210.9806,49967
4950,e191a7e6d34f4e63d341504e77f118ade95eafdb,0,1,0,2011-01-21 16:43:21,10,1735,0.057,1745,2,19,6,171,32,64930.2034,2862,1267.3333,45281
4969,a3d120ac1e1a89a08e898de0b41a71b5d9be5cb7,0,0,0,2011-01-21 16:46:52,152,1096,3.3874,1248,2,1,6,127,29,1376.0301,2862,1258.9523,47397
4973,d9a32437a58fba25db6c19e0121827da1fa2a93e,0,0,0,2011-01-22 06:46:51,501,0,0.6156,501,41,1,1,34,12,44401.021,2638,1153.9627,50758
4977,3ce5126fdab0e6f1f05bc5513273f65e17ec5ffd,0,0,0,2011-01-22 07:33:36,3,8,2.4303,11,7,3,3,109,14,2906.2089,12,1234.5112,47189
4967,03b528aa2eb469b94e45c0ee305bb41b7cdbb095,0,0,0,2011-01-22 15:58:39,1006,813,1.4829,1819,4,2,2,304,88,79070.9994,2,2.0,48224
4976,7b553a8eb5b42395ac1683c1bc362671b5c1a7ec,0,0,1,2011-01-24 05:38:55,3,50,0.0,53,1,1,1,42,10,35182.7274,5,5.0,47124
4979,862ae834e18d98fc3646720df292197b0604718f,0,0,0,2011-01-24 06:00:25,327,22,1.0,349,2,2,1,413,36,31638.962,2682,1.0,49491
4983,e288eefe597d860232e872467a5ab8dcd273b15a,0,1,0,2011-01-24 16:55:24,31,8,0.9779,39,3,2,2,570,2,23813.8249,2792,1248.1971,48427
4984,4826e8c8a52ffe2f3e01fafee410e7303d464255,0,1,0,2011-01-24 17:25:50,64,54,1.8611,118,9,4,3,525,82,47695.0582,2862,673.0,49943
4972,ebc25c187be12487ae8ec11ff8f18af5549912b6,0,1,0,2011-01-24 17:41:14,90,37,1.242,127,4,3,2,221,8,8694.3141,166,263.794,58042
4985,42d14c03bda03811710122aabdd0c9cbec973822,0,1,0,2011-01-24 18:02:28,3272,652,2.9988,3924,14,4,2,451,88,44045.66,95,95.3135,58355
4991,eaaff94934998110e865fb5772f51622a7edc3bf,0,0,0,2011-01-24 18:20:25,1006,813,0.5371,1819,12,7,2,383,87,2389.3737,2808,1244.0785,51469
4963,d19c9e96c669157dc5c057e52f177e3486938be4,0,0,0,2011-01-24 19:56:09,199,261,0.0988,460,9,4,3,26,9,13013.3476,141,33.0,43950
4975,f3a286d46755f71899cd2722a89cd9a54aeb616f,0,0,0,2011-01-24 19:57:20,7,2,1.4864,9,4,1,1,57,9,74.3946,80,55.5,46870
4980,c00f241fcca7b185b49f50b6775b7e6ad2852a19,0,1,0,2011-01-24 20:03:44,134,2191,0.0982,2325,4,1,1,629,1,68271.2444,162,177.2616,46227
4982,6c06aa9e9ad110f0c86d23a30919b6729028998c,0,0,0,2011-01-24 20:04:18,2266,1132,5.7354,3398,5,26,7,59,3,61701.3224,232,140.8175,1387
4966,434636a6d7d40d0460acdd9f9063ce81f26d7bbf,0,1,0,2011-01-24 20:05:25,0,69,2.3223,69,4,9,2,2331,13,73611.3619,254,122.1874,1521
4990,fa8c3e4b8300ad49aef3fcb6067d9f6ffabe206f,0,1,0,2011-01-25 03:14:36,130,3,0.0,133,1,1,1,261,36,38559.4673,2783,1223.6486,9
4988,16cb2f559fb45e8f97c8c6a33e9752b03ead7f3f,0,0,0,2011-01-25 16:49:31,4433,11,0.0449,4444,17,6,1,226,36,48009.5477,609,161.1157,1657
4978,5ba872bd89904e6126ca379f1d305b5d8edcd3e6,0,0,0,2011-01-25 17:03:33,351,6,0.0552,357,25,13,3,263,34,76805.0,659,188.6999,2772
4992,7d567af62cf07e40b8f9f6d600857bdd2f486008,0,1,0,2011-01-25 17:09:43,1006,813,2.1208,1819,6,4,2,334,86,59407.3947,2732,1209.8903,52658
4995,9069cac57d91016c89bf5f3473e54040e517910f,0,1,0,2011-01-25 18:20:14,2,3,0.0,5,1,3,1,242,36,5465.2832,630,147.8141,1330
4987,07fb48e51424ec325f83a90639085cc99f14ad3b,0,1,0,2011-01-25 19:37:22,36,977,1.5566,1013,3,3,1,12,14,32797.157,566,142.529,2279
4993,00ecb0fac214c4a8c6a58647e3b177ab7708af93,0,1,1,2011-01-25 19:57:03,259,130,1.0546,389,4,2,2,313,2,12634.5301,2678,1.0,45891
4997,4b92b79532fec22e7c0df9676394357354b1fe6f,0,1,1,2011-01-25 20:12:15,23,50,2.0,73,1,1,1,112,22,11912.2254,16,1256.5812,45847
4986,baf30db1f1ea8c20261d0fd407c2184d081d6c7d,0,0,0,2011-01-26 00:18:05,419,13,0.1191,432,1,1,1,3,9,8693.589,459,226.7386,54302
5001,1506731fa04a6d5a1e6d92d53b0fa4796badce38,0,1,0,2011-01-26 14:57:20,295,113,1.9219,408,9,7,4,437,85,59381.7506,386,100.4684,63004
4999,e9f265cee6c4e805d9c40f325977318fdc1922eb,0,1,0,2011-01-26 15:00:23,180,86,2.3293,266,7,3,2,322,0,41063.4552,2,2.0,54569
5010,f3630a65e168db8310f726f0d9ae8f1dd92b84d1,0,1,0,2011-01-27 00:29:39,497,732,2.9565,1229,27,8,4,357,90,28964.4419,2862,1220.8247,58376
4989,86369f8d6310632491ad6d02143c3a69f2504dc8,0,0,0,2011-01-27 01:29:23,81,1249,2.7535,1330,5,9,5,2485,43,14750.3637,57,77.7579,59494
4998,f50bd32da48c89f36c7e6474589ea7a65c68d599,0,0,0,2011-01-27 16:22:07,8851,19,3.3874,8870,2,2,2,296,86,86094.0,2862,616.6762,50721
5000,48a154719683776af3e14b4f4441819d94f441af,0,0,0,2011-01-27 16:24:07,589,16,2.6046,605,11,2,2,57,52,79263.0,2862,673.0,46478
5013,6aa5b81d24881f11cf218468b7a4267fd054b1ad,0,1,1,2011-01-27 16:36:51,723,11,1.5157,734,5,1,2,226,79,45660.8742,2770,1196.723,47357
4996,a923d91558526c4be1e09b18c54e21623cb63e1d,0,0,0,2011-01-27 21:55:07,13,5,0.1149,18,2,14,1,46,12,20621.9061,139,41.0,599
5003,924deb091f94aa83e62bf5920b59ad5c8112122b,0,1,0,2011-01-27 21:57:20,242,38,1.6633,280,6,3,2,61,13,47229.6675,236,181.6523,2192
5026,745fb44accae3f9f5859c9e73e5caeef4bb1beb5,0,1,0,2011-01-27 22:28:06,42,193,2.0617,235,11,7,3,448,89,29093.4185,2679,1.0,49947
5011,c7b4740a762c13556c044f3e8bf750c196847698,0,0,0,2011-01-27 22:46:15,878,14,0.5615,892,1,1,1,2331,10,45596.8,231,165.1071,1388
5015,569feedfe9f49e1de0c176431d11f5d0dc9045fe,0,1,0,2011-01-28 18:21:59,38,41,2.5751,79,9,6,4,270,37,35698.396,2862,1249.1253,54238
5006,93126cb17960a5dce1e98983f122a26267d631f4,0,0,0,2011-01-28 18:25:13,19,11,0.9112,30,3,14,1,180,22,41219.8762,2806,1245.1191,44825
5014,73ad88aeeb869c8e58f68eb988ee708d40b1d536,0,1,0,2011-01-28 22:56:34,11,2,0.4931,13,8,2,3,15,22,48903.7406,379,126.7891,1685
4994,83843966bf232cde624903c593cd31543e2a450d,0,1,1,2011-01-29 17:25:52,144,145,0.0756,289,4,1,1,24,8,67837.88,146,106.4079,46227
5005,1916943ab33dfb60d52f78715a26bc8597d51990,0,1,0,2011-01-29 20:20:31,252,286,2.3585,538,3,1,3,2444,89,22445.9361,2587,1136.5227,2692
5016,974b4acc4ee7e0d50aaa4033c54012cba3dc3f07,0,1,0,2011-01-29 20:20:51,92,3,0.0,95,4,1,1,63,85,76581.662,2696,5.0,11061
5019,99b030a9579de323d4e789dd28b3323799ef3b31,0,0,0,2011-01-31 14:45:33,7,2191,2.0,2198,1,1,1,198,32,78010.8086,16,1.0,18
5004,eb85a30616b89a5dbd38aebde2b2fb2f3e23ec70,0,1,0,2011-01-31 15:40:48,69,1735,0.6179,1804,4,1,6,451,48,33657.2146,2862,1267.3333,44258
5023,d3329d28a1cf9c4bb440efb93e8f443e4369ae0d,0,1,0,2011-01-31 16:02:21,194,1345,0.8231,1539,2,2,2,69,32,69515.3133,2784,1239.0432,48381
5009,b45ef3f5928407f2e6be336f4c893bce1f56c7d5,0,1,0,2011-01-31 16:12:57,24,12,1.2907,36,5,2,2,567,4,42881.2254,234,137.153,694
5021,9fa7a327d038066fb7761d35c2f61ff5611294d7,0,1,0,2011-01-31 16:13:20,63,70,1.2772,133,9,4,2,216,41,62448.6331,2862,1247.9603,54206
4954,a2a2dda3119a28df4a5760ac22027b85705d736c,0,0,0,2011-01-31 16:16:06,130,8,0.0,138,1,1,1,26,4,352.3947,4,1243.2818,45456
5017,2fdc5ef5e85c6527b9c693adc2b981edf846e734,0,1,0,2011-02-01 16:24:56,139,13,0.9093,152,3,2,1,237,33,18579.5478,723,132.5678,48
5022,1151e5548465e84dd52494ebdfeae9c9f19443b9,0,0,0,2011-02-01 17:45:42,3,8,4.4362,11,47,1,1,14,14,3805.5712,2850,1264.0741,46043
5027,778d33d4aa83b1871d551245a5ba1693f4e1e68f,0,0,1,2011-02-02 14:45:12,89,206,0.4251,295,12,4,2,186,8,39080.124,80,33.0,50089
5007,8c1105eea3f0db8f973315668fbf852e5d253682,0,0,0,2011-02-02 16:24:12,23,2191,0.0271,2214,4,1,1,20,5,3248.2527,16,1.0,18
5020,158826375ffc3ac977b0ba28de9178576a4d5439,0,1,0,2011-02-02 21:13:27,32,3,0.1653,35,3,10,1,1967,16,71241.9143,6,1184.9734,49929
5025,4921acdb32216f6c7903e6be68a45ba5d22aee2e,0,1,1,2011-02-03 03:54:02,27,12,0.0853,39,12,4,2,9,7,40125.3066,370,144.6457,54302
5035,a23547d9aed3a9c29429cbf36be30055bd40c8ad,0,0,0,2011-02-03 15:58:58,614,99,0.9291,713,2,2,2,354,81,80119.657,2769,1.0,48837
5018,88c94a711086f32c2010efae1feb5a18f8ae0df8,0,0,0,2011-02-03 16:01:31,9,214,0.0883,223,2,15,1,37,7,64494.09,2810,1239.9722,6
5043,b2978d2fc1b5c2ab0d845ebb99e503f64f9fe5e8,0,0,0,2011-02-03 17:42:07,65,200,1.4795,265,6,5,3,904,0,37676.4098,2,1229.6076,53841
5033,6d3aacdc49c4fb4d277c27ac3aac99068de099ab,0,1,0,2011-02-03 20:01:04,234,31,0.365,265,8,4,3,713,90,22881.0693,1,1.0,54319
5040,15cf72c55f06cbd9fc57ecc0a4decb9f52b59948,0,1,1,2011-02-03 20:17:06,47,16,0.3584,63,2,2,3,284,38,79151.0,690,190.2148,3307
5008,ecbd71f6b4bb004d26e585ca8a7e642436a5c1a4,0,1,1,2011-02-03 23:33:51,70,480,1.5312,550,4,3,3,2444,12,23978.3562,511,91.5863,5470
5036,34f735d1c34001eecd81dbc3e9b997a2469a7d93,0,0,0,2011-02-04 15:30:57,7,1735,0.8394,1742,2,2,2,351,84,35514.2094,2862,1267.3333,49473
5042,4082c1ddfe995980736a13d5271e7bd7b8524442,0,0,0,2011-02-05 01:46:48,264,116,0.062,380,1,1,1,303,0,25053.817,472,112.1198,46227
5002,75f9d6604197cb4978283bfca42b2c5483284410,0,0,0,2011-02-05 14:07:35,745,1735,3.7251,2480,39,1,6,1144,5,79443.1866,2862,1267.3333,47725
5028,a8c2274780c6d1b2a961c4e1e42db7f7abe8afd0,0,0,0,2011-02-05 14:08:57,130,3,0.0,133,1,1,1,7,5,1932.629,2832,1247.3531,45464
5034,46ea05fa121f7c5f412deaa2e65f21e49358960d,0,1,0,2011-02-05 19:38:35,25,11,2.9443,36,9,7,2,375,34,57849.883,1,1204.8818,57657
5032,9c646d896180d6387325a09e495f66adc4819b25,0,0,0,2011-02-05 20:27:55,878,0,2.5884,878,36,1,4,104,16,84618.0,601,155.1684,1671
5038,7f8de5520a843c6aa4ec93d5cc97162f2670ce90,0,0,0,2011-02-05 20:35:40,264,2191,0.0329,2455,4,1,1,73,14,1574.9909,646,142.4461,1147
5057,d935e680aeb430d79c3cbebef9db3a5891f0d7e4,0,1,1,2011-02-05 21:17:48,5551,379,1.8549,5930,10,3,2,791,2,29745.7839,1,1193.7392,44015
5039,5348ee4126a933841ec8e88962b86b5ac7999677,0,1,0,2011-02-05 21:27:54,12,0,0.0133,12,17,1,3,60,13,3341.6709,247,170.3333,1688
5046,617369abc3b3be70a6f193a2ad27262901407bd6,0,0,0,2011-02-07 14:28:13,607,465,3.7384,1072,25,1,1,30,25,79974.235,2816,250.0,45526
5029,72a2437bd7eea8ada4397fcc7b8b3b01a31e785b,0,0,0,2011-02-07 15:37:20,2088,5888,0.272,7976,3,10,1,104,26,32.0,443,61.754,5045
5041,6ab2b2337959a54468f1598b0e2d1db923c311ef,0,0,0,2011-02-07 15:37:30,2088,368,1.9337,2456,12,7,2,100,17,70477.3476,61,72.5778,4513
5031,5d02c51253a4f96ae3b116b62594e3685165e336,0,1,0,2011-02-07 15:37:44,435,213,3.7512,648,26,10,2,740,42,60451.5042,235,141.6238,1407
5051,1ecdd7f91b6ff5a8b8b3339a21950221450bdd47,0,1,0,2011-02-07 15:38:07,520,195,4.6529,715,60,16,1,634,45,32715.3472,141,156.2132,75
5048,96e3e721bfeeedc0cd8890b4ed03182bd8a91330,0,0,0,2011-02-07 19:05:49,83,806,0.5311,889,8,1,4,48,7,162.0,353,193.4463,54302
5024,8e680ea52cf8d5e58a1227b392b5c2c5dc9a2c83,0,0,0,2011-02-07 19:06:11,140,211,1.948,351,6,3,3,2611,0,39219.6427,97,268.8097,58332
5049,d0cadc9644494e1384422b38f60855a158d95dd5,0,0,0,2011-02-07 19:20:04,2598,1360,3.5411,3958,30,18,6,2696,89,2542.9572,339,177.8742,40
5053,7f4e3ebc31f8ce94d59903c53ad1e04b82b84355,0,1,0,2011-02-07 20:28:10,214,266,0.0,480,1,6,2,259,25,51625.3133,2638,1.0,50665
5044,e7edf4a323faae59feed940e5733c65056a0c6ff,0,0,0,2011-02-07 23:23:54,7,2191,0.0493,2198,1,1,1,18,0,19244.258,2783,1.0,45072
5054,badf73123a8f4bb969f1c4fcc12f590cb2728488,0,1,0,2011-02-07 23:32:51,1,0,2.4303,1,1,1,3,54,2,3978.2241,12,1238.4749,45153
5060,b869c85d3f94b21197e38c5dcf3e254353bf748f,0,0,0,2011-02-08 00:10:12,25,23,1.7787,48,3,3,2,67,21,17070.1115,2862,1260.9072,54328
5052,22ce1dd1ac19711d730e563ff01f6c0a669f1159,0,0,0,2011-02-08 00:52:26,30,83,0.1179,113,39,1,1,67,89,2757.2813,2862,1267.3333,49017
5058,03d7b48c5e650a3ecdf9df7abd89b04fae2ad18a,0,0,0,2011-02-08 04:40:50,57,384,4.1135,441,52,10,4,23,24,51000.6835,117,63.4348,1041
5047,1f7b42e35f98eb61871fe2f4e8ee1d891e45961e,0,0,0,2011-02-08 15:03:26,6143,58,2.9719,6201,2,7,4,66,12,20.75,80,41.0,49359
5061,5728a2062610112eb523bed1dd2fed2dc7d127a4,0,1,0,2011-02-08 15:51:22,66,64,0.2773,130,3,3,1,2611,23,62847.3274,2,1226.2497,44505
5062,29a8b40ac3e88960c5a09430eb937b16f7b5113e,0,1,0,2011-02-08 18:13:00,25,2191,1.0699,2216,2,1,1,32,31,71924.5904,2862,1267.3333,1673
5068,13bf76c64991ad030babb262f6570b4809faafaa,0,1,0,2011-02-08 19:16:21,152,342,1.6838,494,9,4,1,678,87,33255.2211,27,1183.6158,46923
5065,15c2bb3c89e38186c5a59950fdb9c7d9c78fb351,0,1,0,2011-02-08 20:36:35,129,141,3.9267,270,35,14,1,6,9,3996.5036,391,167.6544,644
5070,f213c672923062544b8325386804dea029815ff6,0,1,0,2011-02-09 14:34:47,607,9,0.0621,616,25,1,4,338,31,60294.6462,734,250.0,3040
5059,9b81dec1273922c972461d855e4bc7f93e41579d,0,0,0,2011-02-09 15:37:58,4433,181,0.0768,4614,17,6,1,7,11,75368.3089,605,161.1401,1630
5063,40488a027a9d70ac285f7369be28483688e2a4a0,0,1,0,2011-02-09 15:41:06,1,3,0.0,4,1,1,1,65,13,86384.0,645,148.5358,1974
5066,7ed416d6aaf936ec58dd925033ea1e1e9d8cf6cc,0,0,0,2011-02-09 16:01:42,501,0,5.3576,501,2,4,1,68,11,2333.4454,553,138.776,2821
5076,019f6e1f1c80430a150065839c78adf3078cf39d,0,1,1,2011-02-09 16:48:29,873,66,0.0505,939,1,5,3,57,21,81199.2572,12,12.0,47198
5064,b3ba15b45b126f4b27ca7907f4a00d2a799adb34,0,0,0,2011-02-09 17:48:06,968,23,0.0958,991,3,2,1,0,0,59940.7803,2721,2.0,4005
5067,752295b68d2a4aadb1d13000a4897b41f3222778,0,0,0,2011-02-09 18:04:09,106,91,3.4826,197,31,14,1,190,91,61996.0337,19,175.9375,83
5072,feca0aaadf36e712d5a66f6cab78359e1f7a0f24,0,0,0,2011-02-09 19:11:27,99,6520,3.2633,6619,11,5,1,154,24,14389.9846,142,100.9511,59905
5073,995f7651284b38fa4e11d1ea3e0f3b19617ab46e,0,0,0,2011-02-09 19:20:15,66,5888,3.5113,5954,2,10,1,83,21,1093.6671,567,130.9526,2957
5103,5e1820487de0308e22bd8edb756a4e76dd6afdcb,0,1,0,2011-02-09 21:22:01,86,996,2.8128,1082,8,4,4,921,89,20155.3058,1,1244.1921,53526
5081,53f2414fde0a9433075531f037466914b105ba2b,0,0,0,2011-02-09 22:48:03,878,574,2.5884,1452,36,14,1,2331,15,17476.1839,604,164.0236,1388
5055,f2507f0d0835aef58947da8ab6e53c173d7d775a,0,0,0,2011-02-09 23:10:29,10,9,0.0,19,1,1,1,1533,16,4150.0358,2755,5.0,45002
5071,e10d3475fd088d7a72a80199ecc9e85de2e4cb55,0,1,1,2011-02-10 02:43:32,28,22,2.1412,50,6,1,1,175,14,29879.3541,6,6.0,6
5082,a6fa41e5f11dd7cb16fc7af37d6a65216d5bdabe,0,0,0,2011-02-10 02:44:50,2663,139,1.3168,2802,4,2,2,116,12,6307.9751,2698,1205.1455,52016
5085,324ad8b8869fc32af201dbc5bf6972754714dd0b,0,1,0,2011-02-10 02:54:23,76,40,0.4088,116,32,12,2,227,54,17866.8495,2673,1.0,8848
5084,64e1c79501028d6d8d3e835f72f73c7c5e8c7f11,0,1,0,2011-02-10 18:40:52,19,10,0.5395,29,1,2,1,307,31,44710.8093,6,1251.9257,45737
5087,04af85b0648e627a1c00759a283e6a9bc67aa6e9,0,1,1,2011-02-10 18:51:00,9,13,0.0142,22,1,19,6,113,15,57510.7816,2862,1267.3333,46485
5075,0cb95c2913cac4d747ca15d190363c230d87f6fe,0,0,0,2011-02-10 21:55:52,22,7,3.7795,29,2,14,1,57,9,3517.4348,279,161.9555,604
5083,dee2bc52a10867223c7693630dfaf9ac3a98c1d8,0,1,0,2011-02-10 22:34:05,1,15,2.5547,16,11,3,2,1913,13,11.0,306,165.4793,306
5074,f6b726632c782363c206371938922278c1550664,0,1,0,2011-02-10 22:35:13,6143,51,0.0785,6194,14,1,4,74,12,11126.8631,540,141.2109,726
5089,2dbe35010ffea57995d264041ba20eddbff6a577,0,0,0,2011-02-10 22:59:06,22,1735,3.7251,1757,39,19,1,123,8,3648.4996,2862,1267.3333,48568
5091,80ddc29b7d872a26d59455bc12e5a7a1cff3f86f,0,0,0,2011-02-11 02:50:07,968,5,1.2003,973,2,1,1,0,0,84430.0,529,1267.3333,46227
5092,ab4430fd2b7fce66eec1e231cfbd1f0ea388663e,0,0,0,2011-02-14 14:55:07,1995,10,1.3128,2005,8,2,6,2406,12,58651.3751,3,3.0,58332
5093,ed02fee1df8f4dbad920c587684553933e91e7af,0,0,0,2011-02-14 16:59:38,39,283,1.2825,322,7,14,1,1656,12,18.3333,139,41.0,612
5086,6a1ad132026cf610e8fb8c1be0fd1a29b4743518,0,0,0,2011-02-14 19:55:30,14,18,0.127,32,47,15,1,36,14,78202.3957,692,137.6025,2670
5105,6facf088692293adc0d30e9a308be1d70236f28e,0,0,1,2011-02-16 05:57:58,73,513,0.4045,586,23,11,3,252,86,28661.3086,2862,673.0,49386
5099,f840e42b50f61a8b14a8cdd6401857e6f6b7d6ef,0,1,0,2011-02-16 22:40:51,155,166,3.2741,321,21,6,4,616,41,55978.7781,2862,1249.3476,54432
5101,e46543efabd352e5b1534345266fc9c06d9025cd,0,0,0,2011-02-16 22:57:18,968,23,1.4801,991,3,2,2,0,0,1598.0,2,1213.8079,4
5080,c5f7cb97527439cbe8d199a4058c1810981f2976,0,1,0,2011-02-17 01:23:28,117,9,1.5443,126,2,2,1,1356,9,25691.3742,207,135.1748,2459
5097,da5ff984d214fc081a8c37c20999d6cc293857ad,0,0,0,2011-02-17 02:21:37,2423,868,3.7648,3291,2,6,3,34,13,33543.3149,9,8.0,10908
5079,4f26622d542e1ec677653f3dbb79b25ac21aefe1,0,0,0,2011-02-17 15:40:42,45,46,5.3576,91,4,1,1,17,11,68700.9459,16,15.5,50302
5096,6ebebbf59e0db4e2670b4c7da0a5c3be2584dc87,0,0,0,2011-02-17 15:41:16,5,2191,0.03,2196,1,1,1,629,10,85937.0,2809,1253.7156,18
5102,74c464a36d1fe951ceaa6d0107f93cd46cf21572,0,0,0,2011-02-17 15:54:27,745,49,0.1258,794,2,1,6,30,4,28517.0037,2862,1267.3333,47283
5104,af1b67b97238b71fe0e441e60644d3e3105c5898,0,0,0,2011-02-17 20:30:54,7,93,2.8914,100,32,1,2,2412,9,15573.9189,613,145.2139,1837
5098,534d24faa60da96c0d8e14d1d6d3057e2fe168c3,0,0,0,2011-02-17 21:03:34,102,239,2.2754,341,6,4,3,681,83,74789.8083,1,1190.3468,47825
5111,8b5c7a82c610d215334810d8078c1fa9e2ae3341,0,0,0,2011-02-18 02:34:09,276,15,0.9649,291,2,2,2,355,87,23948.042,88,36.4771,908
5106,50ac8d461abadc39b5695f2007ebf6b7c3393f89,0,0,0,2011-02-18 15:50:05,8851,1096,0.0798,9947,40,1,6,2342,17,62102.7727,2862,1243.8846,47488
5094,c16a51827b477cd76434236562bfa312620fcb5c,0,0,0,2011-02-18 21:50:43,34,32,0.4838,66,3,3,2,70,13,75035.7478,80,41.0,52355
5107,4a873cde2ecef4e4ea6054c921d1ec8e9fbf7f80,0,0,0,2011-02-18 21:56:15,180,5,0.1006,185,1,3,3,2297,17,358.7738,80,55.5,47989
5112,18084b7933c473c1800fbe8f824338d00bb20cfb,0,1,0,2011-02-18 22:10:32,21,2911,0.2962,2932,6,3,2,589,82,55032.0663,2,1220.8694,52541
5110,70688be04093e9076aef261a4722bb17d489596f,0,1,0,2011-02-18 22:24:10,27,146,1.6851,173,10,7,3,496,87,24382.8259,2786,1248.3562,49413
5114,2a4a0502960ee13e2ddeb0cba58ac5113e29e9f3,0,0,0,2011-02-19 16:47:58,10,64,3.7251,74,39,19,1,177,7,64507.8289,2862,1267.3333,45636
5095,1b18906cff9bae6b6d84d7a8ac96ddc6ea65bcbc,0,1,0,2011-02-20 22:18:01,234,652,3.6438,886,17,4,1,375,27,32222.2806,457,211.4116,58355
5116,660a757b3d472b3f5628b5cf1c29fec6fb179b38,0,0,0,2011-02-21 00:15:07,31,4,0.9565,35,8,7,1,2068,8,3420.8048,2774,1193.2529,49594
5109,b9444ca9fbf2269bb6ac42ff19fe8a1f2d9dbda9,0,0,0,2011-02-21 00:20:48,14,7,0.0866,21,1,1,1,2297,4,359.4063,80,55.5,48150
5113,8b26e1b75155b9582ed19f2564d5b6ce79fe8ed7,0,0,0,2011-02-21 04:53:38,327,16,0.0454,343,2,1,2,206,19,28606.0257,1,1213.9425,50357
5115,085da5d095f01ef459e6473167e8b008597fd134,0,0,0,2011-02-21 06:23:48,582,24,0.1215,606,1,1,2,11,8,46602.0795,2,1222.175,4409
5126,9efe2f795157267fac53b6791734ca7a7a51fe31,0,1,1,2011-02-22 14:53:01,725,73,5.4734,798,6,3,2,395,24,67824.5198,24,13.0,53224
5119,b9495d8e8e991fb82c6e5fe938116b40ae2d6128,0,0,1,2011-02-22 17:38:01,23,20,0.9611,43,2,7,2,305,85,41442.5628,2,1234.6802,49074
5118,92d5315bb43a13409b579222677af09ce7cb1e49,0,1,1,2011-02-22 18:03:31,184,1096,0.8776,1280,2,3,3,286,83,27868.4521,2862,1251.4869,59568
5122,e027fd4215f0f2137c2c74c7e2906ee433c015c4,0,0,0,2011-02-22 23:04:51,99,183,2.1556,282,1,5,5,22,22,25964.76,2717,1205.5762,49071
5123,c280e204d1e54188ae930c5fa5784cf8441bea53,0,1,0,2011-02-23 03:44:26,248,35,2.6883,283,26,10,4,610,93,22928.4574,2655,1.0,20
5124,26be0652f3d705501ce4764e0901caf6a5a4c650,0,1,1,2011-02-23 04:57:00,1333,18,0.9271,1351,3,2,2,451,83,14199.4911,2838,13.0,49465
5129,e6d74c13466afdcdaa433661245aac67e4a5888a,0,1,1,2011-02-23 19:03:57,176,4596,2.8304,4772,9,9,3,531,87,48871.6936,82,267.3618,60814
5125,1a279c0b5fcaa9d688fdd54d32299c416a77aed1,0,0,0,2011-02-23 19:13:01,752,59,1.9325,811,5,3,3,433,33,39080.3805,231,118.75,49236
5136,7ff40061958006bd45ede949ceeb09e813d654e6,0,0,0,2011-02-23 23:28:02,8851,1096,0.9637,9947,2,2,2,395,83,16081.693,2862,616.6762,50718
5131,e79224c914a33d08b7f78b4147cd6414dd85cfa0,0,1,0,2011-02-24 01:41:29,164,56,0.0858,220,4,1,1,629,10,20887.8616,16,1226.5382,18
5147,75ac81d5a28e383ccdf6d0ad155568c9509ec0e9,0,0,0,2011-02-24 02:17:16,25,22,1.6833,47,3,3,2,399,85,14377.3089,2817,1248.1986,50761
5130,d344ec749b6bc7d3ae91ff544ba91940d33b1a99,0,0,0,2011-02-24 02:18:34,180,13,1.4864,193,2,2,2,245,77,50.2812,80,55.5,45975
5135,84404cd5b43c0d6b435a35041141be9464b64cbf,0,1,0,2011-02-24 02:20:05,6143,47,1.0638,6190,2,7,1,54,20,2090.4831,2767,41.0,44670
5151,496bffdc161be49f79cd53cf881c8e9b6ad96cf7,0,0,0,2011-02-24 02:20:30,20,13,1.1197,33,2,2,2,130,77,82.3046,2681,55.5,46782
5121,1fb2d3be433ca784f1d3e492a08b91c6811c226f,0,0,0,2011-02-24 15:08:31,71,147,0.4578,218,13,3,3,236,14,50377.8777,2443,4.0,40017
5132,1d3c25c402ce0aba278970046b07a49db41ff4b4,0,1,0,2011-02-24 16:36:56,9,20,4.4362,29,2,15,1,1,6,44925.92,6,1242.5382,6
5139,ca42b04a4e83475992f1db987ff01beaf5f46044,0,0,0,2011-02-24 17:04:45,1,2191,0.0429,2192,4,1,1,28,4,474.4954,16,1246.5546,18
5108,2ce810082ad28753cdfaa6e0c7befc47b6b3f0b9,0,1,0,2011-02-24 17:05:13,19,127,2.3504,146,11,5,3,116,9,78502.189,2743,1233.4722,44441
5127,914b217da39715fdb0a23956046d81daf0a8ca71,0,1,0,2011-02-24 17:37:28,171,93,2.8914,264,2,8,1,55,3,67115.4508,613,173.2066,169
5133,b419eb05c6b2ce5edcf9a2848a84e5f7c57193f1,0,0,1,2011-02-24 18:10:05,358,147,1.026,505,1,1,1,130,16,59316.2047,144,98.412,1821
5140,09a1dd5e4af316fdacfb93463b20e29fff8d99db,0,1,0,2011-02-24 21:15:22,80,60,1.4406,140,5,4,2,501,30,28235.3254,874,273.5249,4619
5137,079276622158fdfabe0cd8f727e55e0f963a388a,0,1,1,2011-02-25 14:56:57,147,93,1.7506,240,36,6,3,251,12,66243.5087,2666,15.5,173
5153,9fd0cd4a0a872a0c942ae1f50420e5372ef69471,0,1,1,2011-02-25 20:31:12,89,16,0.4055,105,3,2,2,617,84,60433.5877,2822,1.0,49130
5120,dab8cc2d9fb7efc9effd023c2f71534f128c6b7a,0,0,0,2011-02-25 21:47:25,3100,774,3.9267,3874,35,1,1,2,10,20455.9697,391,168.5084,643
5138,4420a2b4cb790b25d56bd206e611b33bdafc682f,0,0,0,2011-02-25 21:50:46,264,2191,0.0339,2455,1,1,1,17,8,1557.7027,254,152.512,46227
5144,4f996b76e92f3d19d2ea65c5cdf07591799b2381,0,1,0,2011-02-26 05:20:06,57,2,3.9524,59,17,6,3,0,9,15094.1844,285,164.4093,578
5128,ae0275b8e2b72376835caf23b84f9a05e89a7900,0,1,0,2011-02-28 08:05:51,80,2911,0.8046,2991,6,4,1,2230,17,47148.2005,2663,2.0,49186
5148,98e9449d94c3322c8368762073c5317fe135c2df,0,1,0,2011-02-28 15:16:59,172,57,0.1605,229,1,10,1,2977,26,65159.7973,537,215.8519,3294
5160,7364c09843942bba7ef4ed363b91b54e6251b56d,0,1,0,2011-02-28 19:40:19,4062,1700,2.4888,5762,9,5,3,546,0,46517.5437,20,1196.061,87
5149,96d0a86fd983d840dee7c88b998f6ae80c847b89,0,0,0,2011-02-28 21:32:08,663,14,2.5044,677,23,1,7,72,89,17588.833,540,226.1609,3031
5161,8097545140716f0cbde4c9112a0de2d0b75698d3,0,1,1,2011-03-01 16:09:28,129,90,0.912,219,6,4,3,452,87,47000.843,2862,1267.3333,60071
5141,2b414b1e95472dc79d1ce2807a442f6c87be04d5,0,0,0,2011-03-01 22:44:06,417,50,3.688,467,3,2,5,147,18,27803.0337,2672,3.0,4551
5145,ece6605e9ffd4ba3e3130cc63e070e86edb1508c,0,0,0,2011-03-01 22:45:02,83,306,2.0,389,4,1,1,32,8,85937.0,16,1223.3439,9090
5117,ba29c6b8bef1435545cad70cd71ecd75277f8a83,0,1,0,2011-03-02 18:59:30,183,9,0.9454,192,2,1,1,1913,7,62534.3925,265,164.1605,680
5150,72896eece23ec9064e09905912705be97f62ad24,0,0,0,2011-03-02 19:47:58,62,16,3.9524,78,1,6,1,50,9,4228.3388,284,164.3887,619
5158,f8ead6d70b6746449cf809aea4c163c1ccf98718,0,0,0,2011-03-03 02:20:41,4433,0,3.9524,4433,1,1,1,5,9,24183.699,278,164.4192,614
5143,1f073123f61dd7245d1412adbccd4be2337705cf,0,0,1,2011-03-03 16:06:16,94,1735,0.3545,1829,3,2,2,69,10,5108.2021,2862,1267.3333,52486
5155,ed2a60707a70e21f1a2a61416f6ce3c3f1e0865e,0,1,1,2011-03-03 17:40:59,614,8,0.9454,622,8,2,2,267,29,43720.3629,503,221.297,484
5165,688ff5bcc0f4c2223eb388ce6199d01403290f5e,0,1,0,2011-03-04 06:45:10,327,4,0.0,331,2,1,2,173,29,16192.9425,2787,1.0,45059
5159,82dd73b3a549b7d101aea9ee07dd31cf756035c6,0,1,0,2011-03-04 15:13:53,42,53,2.0865,95,7,6,3,562,88,58112.89,2862,1267.3333,49122
5164,3eaa985e261b1033b1ef4fa810edd8a50b480190,0,0,0,2011-03-04 17:53:30,5,0,0.0,5,1,1,1,586,6,75419.7272,478,108.0405,1272
5142,0798f0fa038248a290191ba883c6b227f831a8cc,0,0,0,2011-03-04 20:31:27,264,2191,2.0,2455,1,1,1,19,21,16968.9721,525,200.1104,46227
5171,0d6db4a68f1d66da789c037d8340c682f21253ba,0,1,0,2011-03-04 21:08:21,58,87,2.1694,145,6,5,4,352,88,23855.5558,2720,1217.4659,57505
5167,d96b41aee801b75956adc7e78e38513d047e8695,0,1,0,2011-03-04 23:08:48,19,19,1.1254,38,2,2,1,1356,3,45634.3705,665,134.6127,754
5157,7ed395de8ed30fc865fe7077d98b106dd6475114,0,0,0,2011-03-07 15:06:33,839,126,4.0505,965,27,10,3,494,49,58655.2293,2862,80.4203,58355
5186,cb71747c88efc7ad3e7dda67316855d6571aadfc,0,1,0,2011-03-07 17:30:07,65,1014,2.6505,1079,9,6,4,990,79,37939.2107,2573,1132.2589,53205
5182,1729edd64b933685386abd1140fc83c657b9a6a7,0,1,0,2011-03-08 04:26:06,98,37,0.1119,135,2,2,2,214,79,42630.7866,2626,1163.0593,7463
5176,7eb445bfc9cbec31c239209cc5ca0699a83b9ac4,0,0,0,2011-03-08 18:13:49,1446,227,0.399,1673,3,3,2,420,42,26551.2685,2750,1222.4161,51107
5175,fffecb84f9aeb55bd4576d914e87ad7834504023,0,1,0,2011-03-08 18:21:00,8851,210,1.1289,9061,7,4,3,672,86,33326.7329,2862,1245.0136,48557
5177,46c014d9ec2374c28d9f39f37b678a631868c67b,0,1,0,2011-03-08 20:09:02,264,16,2.0,280,1,1,1,629,11,16860.7237,2842,1.0,18
5156,8b441c4c28e87e0c12fa7af123285f885d548323,0,0,0,2011-03-08 20:13:35,6,3,0.0,9,4,1,1,271,34,6197.5814,5,5.0,44054
5168,756471f7f3f51affee1fc2aaec19d4f9ce6df546,0,0,1,2011-03-08 20:40:12,4433,0,0.0101,4433,17,1,1,74,13,5982.9607,247,161.0309,1688
5173,5e75a7f9f079e363e6ce5f5e95cd36765ffad95c,0,0,0,2011-03-08 21:15:12,82,406,0.5963,488,33,10,2,3017,28,40604.9808,5,4.0,50910
5170,05d8ffdabb60d85d41ff943c3703ebe234817cc6,0,0,0,2011-03-08 22:11:07,116,29,0.0,145,11,3,2,164,11,29056.0,493,223.2726,58042
5163,c4302a8d7553313a9e25a1b9e6f8072973ff1d79,0,1,0,2011-03-08 22:11:15,8,0,0.0,8,4,3,1,19,9,69576.9139,222,131.8107,430
5174,189133ec9a57a11476fb556afce11559c26cb74e,0,1,0,2011-03-08 22:11:49,56,20,0.0883,76,17,1,1,62,6,85763.0,281,141.6011,1273
5179,a2c89b264d813e5c849b21f7852733d119601840,0,1,0,2011-03-08 22:11:58,2266,1132,1.1337,3398,94,1,1,84,19,14214.4036,232,138.6459,1257
5181,c70623936a4cdfa1f3085817f373bbfe6e2d821e,0,0,0,2011-03-08 22:12:16,81,1132,0.5325,1213,94,3,2,56,8,2523.1711,233,140.7725,1508
5169,0bf285bd6eae2c80a14b340a74abe9cd3610a187,0,0,0,2011-03-08 23:33:18,2,50,0.0,52,4,1,1,6,6,5210.7647,222,134.7194,459
5178,531b00ec5b66732fec067fc1e898f7a930e269d3,0,0,0,2011-03-09 00:49:14,156,1775,0.2555,1931,3,2,8,188,11,84194.0,393,83.3716,250
5183,e8154be6ce30e0bdeef2162b7647565e2c5664c3,0,0,0,2011-03-09 00:55:05,6,4,0.0431,10,47,1,1,23,7,85337.0,268,120.6068,46227
5184,556cdcf380f7843ab7ccfe7639fb0d1d11b13c1f,0,0,0,2011-03-09 00:55:36,0,2,0.0,2,4,1,2,21,5,417.8137,260,148.6689,511
5172,703fce390f5deff5c323ecc2e8126bac80eeed74,0,0,0,2011-03-09 01:05:48,344,214,0.0926,558,47,2,1,1356,7,70770.0477,6,6.0,46227
5180,2303abc1ef3e7163eab99ae600696b445bfc4e6c,0,0,0,2011-03-09 01:15:55,130,6,0.0,136,1,1,1,16,5,3273.7408,289,171.9697,1406
5188,135b0e0c08d1263e96ededd30713ff84b384b521,0,0,0,2011-03-09 02:55:38,15,465,0.0495,480,1,1,1,86,9,35992.2768,2834,1242.1634,3040
5190,55a1e170d2aad5ae29b4e0e64ca764d3719fe3e8,0,0,0,2011-03-09 03:27:48,111,1535,1.7618,1646,4,3,1,1963,22,1616.2008,2709,1203.3952,43630
5216,fc4502acf0d3a2d9bdf8f26cbe63b9309705bca1,0,1,0,2011-03-09 14:27:46,2605,775,3.2741,3380,36,15,2,1358,91,70.0,1,1173.5216,20
5198,942a432cc367437c7dc36017d59bea9589fc8946,0,0,0,2011-03-09 14:32:25,1446,4,0.5927,1450,19,2,1,529,46,74974.0,2723,11.0,48152
5192,5dc407716c79288e9372aa49a0edde3504bc6b7d,0,0,0,2011-03-09 15:43:37,7,12,0.0,19,1,1,1,586,5,53604.7382,179,119.6371,46227
5194,ca062168e10d1b366bb7e8f3df1684a81f4825a0,0,1,0,2011-03-09 20:22:45,371,121,1.9549,492,7,3,6,120,4,62168.704,93,195.939,58042
5187,07ca8f6196a8d7946427328347ad9d607e37ea13,0,0,0,2011-03-09 20:22:55,25,107,1.4482,132,5,2,2,1,18,74935.3063,636,275.7181,7029
5166,63410fe0fd26d2fd9c8f7de15f1867cc8b53c113,0,0,0,2011-03-09 20:23:40,84,119,3.6666,203,17,25,2,80,27,67501.8932,169,183.685,1859
5203,97e82b194dcd1fe585923978169fcd8fc66f4a81,0,0,0,2011-03-09 20:43:55,996,48,1.2468,1044,3,3,2,206,25,31898.5061,2763,1.0,48104
5196,1d50f5f37818206bbed1c5c15858d782db8da33a,0,0,0,2011-03-09 22:00:12,3,203,1.232,206,4,3,3,2115,14,33044.0733,231,172.8121,786
5200,c07088f755d435bf9fe7ad1d45b8821db9d7e368,0,0,0,2011-03-09 22:00:19,40,33,0.724,73,1,3,3,2297,16,40.0946,488,236.2732,4329
5189,57b83afa0d5a968810ea74b2ab71a163aae3cd4a,0,1,0,2011-03-09 22:00:25,295,89,1.993,384,6,6,1,152,9,27202.0063,295,163.9738,736
5204,df235c12ccdc0e0027aa0d88a9a839a9126dfc7a,0,0,0,2011-03-09 22:00:36,15,184,0.0,199,1,1,1,586,7,82597.549,147,104.025,46227
5205,ddcf6855afd57ff1cb63b70dd47604557be2f0e4,0,0,0,2011-03-10 01:40:41,234,108,3.5411,342,3,18,1,213,89,24380.2229,223,147.1818,32
5185,64a71547b0b877f9d928988525dcd5bc94634126,0,0,0,2011-03-10 01:40:57,2598,1360,3.5411,3958,30,18,6,2696,89,7192.8078,244,150.3753,28
5199,7ff0eae2268d9d01c9d9124638fce75e769eac45,0,0,0,2011-03-10 15:45:59,996,977,0.0,1973,3,2,2,151,14,59537.1856,405,101.68,58042
5206,c4b4109f240d1450f17f76ea9b421c0400ae44db,0,0,0,2011-03-10 15:46:14,264,2191,0.0242,2455,1,1,1,20,4,85937.0,317,180.0192,1177
4094,20082c5db68b1c8785e6425a22c92687a7af46b2,0,0,0,2011-03-10 17:11:18,155,25,0.8096,180,4,2,2,1820,11,4856.8515,531,283.8309,54302
5201,5996eb5d4bd5c2a3ad6a3b7f9a691d6c889fac25,0,0,0,2011-03-10 17:11:24,12,214,4.4362,226,47,15,1,62,12,70970.7516,366,205.3323,2306
4091,c361d204ae2394d3e7d5e621521ab1bb67c1e4ad,0,0,0,2011-03-10 17:11:29,4433,181,0.9122,4614,2,1,3,1913,4,1578.4021,293,164.8135,554
4102,45766ede2e16f670e46dbbf3ea602c143d7d59a6,0,1,0,2011-03-10 18:38:03,100,49,0.7631,149,82,2,5,632,41,14939.1851,2796,1210.294,44921
4095,2c9fb38e14af1f4dc876ab446ead0390ecdd0182,0,1,1,2011-03-10 20:47:21,4433,181,3.9524,4614,2,6,1,1913,1,75120.6745,247,170.3333,2041
4100,e40b07dc2992f715016ee8106fdcd2e30ad368a2,0,0,0,2011-03-10 20:56:57,25,1735,0.0747,1760,2,1,1,1144,5,84313.6023,2862,1267.3333,44167
5210,1946cfdfdd5501768ed1e60625ad54fa23a7fb0f,0,1,0,2011-03-11 17:54:08,283,38,2.3022,321,7,6,3,474,82,21028.964,2768,1236.4512,59194
4109,402e1edeb7302112e6ea532bf77f1d6a3eb81c78,0,1,1,2011-03-11 18:17:10,725,57,0.9474,782,10,2,3,378,82,15080.0934,24,1185.8778,68
5202,7a0ebb9cb565cc99e80d9a688a385b0cdb0f6294,0,1,1,2011-03-11 18:22:00,4062,1700,2.1079,5762,18,5,2,545,28,75660.6692,2736,1212.8238,43675
4101,c8600fcdcb5b72cd4ba3768119a572b3f7d52d7f,0,0,0,2011-03-11 18:24:57,29,14,0.4807,43,2,2,1,322,37,81690.0,1,1.0,47811
4112,6a5baa564e5e6aa0ed361f9092e556e39669f173,0,1,0,2011-03-11 18:39:13,1513,6135,1.5672,7648,4,4,2,978,15,70542.5,2708,2.0,53217
4093,d0f1835d19238a6e9d65806dc5a9578187d581e0,0,0,0,2011-03-11 21:57:04,501,8,1.061,509,41,4,3,34,12,68439.7923,431,74.3091,4793
4108,f3de30de14da6c79bfd83d59d36092ade6f4cce2,0,1,0,2011-03-11 23:13:19,5,0,4.4362,5,47,1,1,12,3,797.3214,583,149.8736,46227
5212,b3817177b5dc05e8639133df51922039c44c1ff8,0,0,0,2011-03-14 14:38:28,8851,108,0.8889,8959,1,2,2,445,86,72330.978,2862,1252.4564,50882
4114,f8203c87006632c41ed543628eb5f2636b2b3253,0,0,0,2011-03-14 19:46:36,277,69,1.6951,346,7,2,3,72,3,20.0,477,58.8191,55097
4116,dbf795c41f97c1174da8ec78852de43dffea90be,0,0,0,2011-03-14 19:46:42,186,118,1.2775,304,94,3,7,89,9,2902.4769,281,142.0479,208
4103,34a3c9d251c62fba99139bcb645875e5f0d7dd4e,0,0,0,2011-03-15 17:21:20,29,1735,0.0922,1764,39,2,6,79,12,7813.1206,2862,1267.3333,47679
4111,efac0ca03f457205cc91674c591e0d550218dac8,0,0,0,2011-03-15 17:22:45,104,35,1.6203,139,5,2,2,322,80,43349.8811,501,195.671,58042
4120,f84aed6d44976b1017b5139e151ac1ed701a0ca7,0,0,0,2011-03-15 17:36:21,558,5,1.149,563,1,2,1,508,90,44445.4238,613,167.7091,21
4106,7b03e7e6f1c3cadc69b9bb89422930ba6039d284,0,1,0,2011-03-15 20:08:42,90,1096,0.8802,1186,3,3,2,410,86,8498.3746,2862,616.6762,50705
4118,6184b17aab814bb5d7ea8b68e53e005554b0bb7d,0,0,0,2011-03-15 20:27:29,52,2291,0.8201,2343,3,2,2,514,0,7578.609,5,1223.146,46849
4119,4dfe8eadec5d9271520e6117f412c9a2496f65b6,0,0,0,2011-03-15 22:52:10,927,977,1.1048,1904,3,3,3,2539,15,31702.1231,122,241.0641,58042
4117,97558dc103bbc7be4fdb05ea552223878bb97ac6,0,1,0,2011-03-15 22:52:47,74,774,0.0754,848,1,14,1,96,17,1068.8684,283,162.1825,632
4134,653dcc63e0f6b0c5b3c3592beb1e0dd3bc1ee0cf,0,0,0,2011-03-16 14:18:21,725,1192,5.4734,1917,80,3,2,375,24,64490.4453,122,178.8161,58042
4110,e9e0191ea65719b805df6ef6e4f1cbf2e3531cdf,0,1,0,2011-03-16 18:37:19,353,93,0.7152,446,2,1,2,2412,3,61506.8292,613,142.72,1783
4121,840aae0f51a345e4154574a05d8d28ef5d9f1a3b,0,1,1,2011-03-17 02:55:26,2443,384,1.3491,2827,7,1,2,2241,6,51173.197,2712,8.0,33
4125,27619afb03be30c0b5d644810101266a818b1be7,0,0,0,2011-03-17 02:58:45,938,29,0.1267,967,2,12,1,282,35,44946.3003,514,192.8332,326
4115,ebc7278d7845edb149f3a0169408deefeb86f6a5,0,1,0,2011-03-17 14:50:32,654,0,1.9491,654,16,14,4,1019,69,74642.5119,141,120.2597,1515
4127,7c4d54b34f75f3dba5ddda4730710fb7cfd4105f,0,0,0,2011-03-17 14:50:56,11,19,1.1005,30,2,2,2,2297,19,389.0,2862,227.6096,49967
4135,d4c800b1c86afa1a77742206abd41db34dfc299c,0,1,0,2011-03-17 15:13:33,565,63,2.394,628,15,3,3,11,36,50902.7962,267,161.2872,1682
5195,e197605757a91de98ab4a5e9a922fe9e126ed810,0,0,0,2011-03-17 15:13:39,1658,103,0.1887,1761,68,1,5,87,10,21689.5685,141,152.4758,221
4123,95d72596cc26d4cd3b7c21003094fed856322872,0,0,0,2011-03-17 15:13:51,21,31,0.9927,52,8,2,3,2068,0,80532.5,111,90.9843,58042
4128,06fd5c163f2200b076203cb589dbb772dddec3aa,0,1,0,2011-03-17 15:13:59,24,75,0.4071,99,3,1,3,4,4,83912.0,285,99.3404,55097
4098,a05f951a6c4ef4240fc7b8afcdaf76bfabf40dce,0,0,0,2011-03-17 19:40:56,203,868,0.6785,1071,4,2,2,40,14,39174.9366,181,238.7289,4217
4124,99661fb1984a94c0fef4776640f3d71eefc84857,0,0,1,2011-03-17 21:37:51,4,261,1.8801,265,5,4,3,29,9,20463.7145,518,223.1278,54302
4131,e9446aee7514972e0d00cfd8e7c97226c879e6c7,0,0,0,2011-03-17 23:56:55,344,11,0.0511,355,47,15,1,64,11,13872.2044,244,148.5586,1610
4113,2ba513058af9f5bc4106649c7f58a192d8e18661,0,0,0,2011-03-17 23:57:00,0,5,4.4362,5,47,1,1,44,9,85337.0,318,179.4235,46227
4130,456c98922101e2496074b5fde903c424327da948,0,0,0,2011-03-18 02:37:54,36,489,1.8215,525,5,9,7,1982,14,17870.5184,2789,1228.2356,43188
4132,fff525d552c2e5043b0c157902021e8b5b8f2c8f,0,0,0,2011-03-18 15:29:47,23,4,0.2268,27,3,1,3,11,12,6518.7982,456,82.2247,2670
4136,166943d833a9c3ef01d791d77b24e72bba327c4d,0,0,0,2011-03-18 15:29:52,5,15,2.0,20,1,1,1,39,10,55497.4804,256,173.3243,875
4142,acc1e1dc5b426400e3ea5edc314100d80cedae04,0,1,0,2011-03-21 14:45:14,40,23,1.615,63,5,7,2,496,83,36523.4103,2806,1229.7906,48615
4138,4d7a3522ba2c40d22fbd04b03f3f6b093fa70aa2,0,1,0,2011-03-21 21:58:45,26,2,0.9979,28,4,3,2,85,16,17646.6469,547,118.551,58131
4097,4b646596204d70d2943619e07ed72b784f695b6c,0,1,0,2011-03-21 23:56:35,118,28,1.8969,146,5,4,2,496,24,51126.8617,381,207.7316,6146
4139,d01e56f05574a7637a4c65582564803675843389,0,0,0,2011-03-22 23:06:44,6,50,0.0,56,4,3,1,45,11,11.0,5,5.0,6546
4147,0d443b037611bd3576b21fa17fecd27366eb7878,0,0,1,2011-03-23 02:30:05,14,451,0.734,465,32,12,2,330,54,27111.0658,1,1235.4684,51469
4126,e8b42ca60c72bc8e8309476bd2088891576ce24d,0,1,0,2011-03-23 15:41:21,313,33,1.5347,346,5,2,2,59,13,18319.6067,736,82.072,58607
4140,abebf52c9575d2016a0b2cfe1a7bc060d6b2698d,0,0,0,2011-03-23 18:36:44,83,39,0.8904,122,1,2,1,2222,15,25306.5938,3,3.0,10859
4151,7a7dd17d0d00e226208eabb9c916c31287350a9b,0,0,0,2011-03-23 18:56:21,36,573,0.9257,609,3,3,1,521,81,24256.3178,1,1.0,56250
4133,25509b87e5cf262feb86b0311197075be6b75ae1,0,0,0,2011-03-23 20:03:02,1,214,4.4362,215,2,15,1,19,6,3712.2979,6,6.0,6
4143,7d7de37d91310b8c8bac679ebce0c3b9dacc036e,0,0,0,2011-03-23 21:46:58,344,5,0.0628,349,47,1,1,102,17,23229.3644,669,182.6029,1009
4146,c7f6f168fb3bd09a65c3c9beb5c7328b7d6ce190,0,0,0,2011-03-24 02:32:26,144,2,0.0,146,4,3,2,78,10,13520.7527,2815,1237.2313,46881
4149,253b34fe967f4aefa3d4798f31caebafd14fbc90,0,0,0,2011-03-24 13:23:34,32,136,0.0,168,4,1,1,52,8,50616.3499,2604,1143.4358,18
4141,0393675c9ed422a0104a3e6e3448bbbd25fe2758,0,0,0,2011-03-24 17:52:19,13,15,3.7795,28,2,1,4,1656,8,10424.3697,279,41.0,600
4145,e05fb25675bf20567b530ed862116d0607841ad1,0,0,1,2011-03-24 18:59:31,4433,181,0.0248,4614,1,1,1,24,5,2595.0719,609,170.3333,1703
4150,1b59d283af1753ab3a1dae9f2fa9cfbb5351e484,0,0,0,2011-03-24 20:21:44,71,774,0.818,845,2,14,1,1329,9,4805.7712,283,161.1194,560
4129,793ffe11690543e359514a751e2652cb5defe33e,0,0,0,2011-03-25 04:15:43,3100,774,0.129,3874,35,14,1,65,8,30249.1056,391,168.9752,658
4148,8f9592bee69fd33530f4e3ae3229d8828a3ca89a,0,0,0,2011-03-25 14:03:31,24,18,0.8681,42,32,12,2,485,83,68225.7773,2774,1.0,47884
4152,a590dac59c8a8893e98360bd9bc04bd05b348b49,0,0,0,2011-03-25 19:47:00,607,10,0.093,617,25,14,1,64,13,60731.0261,2810,1252.2631,3040
4154,9b2972a41a69545774a215ad416d3fbcf409e73e,0,1,0,2011-03-25 19:53:03,130,184,0.0,314,1,1,1,29,15,1694.0911,2818,1245.9949,45731
4137,84acaa2ec51869316b2de0e1c1d3b3bf4ad63be1,0,0,0,2011-03-28 13:47:36,130,6,0.0,136,1,1,1,294,31,46049.9367,663,202.2022,725
4166,b62b0aedd67a387b8d4b5f8bc083803e2fd99dae,0,1,1,2011-03-28 15:01:25,864,349,3.0041,1213,46,22,4,630,2,55851.4393,315,79.4933,12020
4156,8e180e8764d2dffd6c71ca399b51c24dcee268d6,0,1,1,2011-03-28 16:14:39,731,48,1.7469,779,6,7,2,299,78,39744.075,549,149.8438,7833
4172,979ce41ef44a0444188f73ab0ab4ce8253d1c3fe,0,1,0,2011-03-28 19:05:32,53,71,2.6655,124,9,5,4,933,79,41845.3746,1,1.0,55618
4160,323ee4606cf4bd20cc98d2a2e7986386e9a83822,0,0,0,2011-03-28 19:17:19,8,4,0.0,12,4,1,1,387,35,4307.0058,5,1230.4783,43709
4174,660e633dffb42141c5974c8115402d4dd07a1568,0,0,0,2011-03-28 21:09:54,967,1563,1.3089,2530,4,3,13,397,85,30879.5758,2862,1261.5975,58130
4159,e6c5a28da940a086d0e786f1ad0288c0b0efa27d,0,0,0,2011-03-28 21:58:59,745,65,3.7251,810,4,3,2,341,80,10183.7436,2862,1267.3333,9518
4155,f60187d4d56395f25c45ab26422ac8e7d72f5c9c,0,1,1,2011-03-29 20:39:37,166,180,1.5548,346,7,5,2,259,33,56385.2013,2661,1185.0642,608
4163,28a4b070a0a215ce586103fd50827eae7865b252,0,1,0,2011-03-29 21:26:48,59,66,1.116,125,3,3,1,159,34,85337.0,6,1211.135,45284
4161,6a78ab1839c39758c3238df93640321476c43a71,0,1,0,2011-03-29 23:41:43,821,116,2.2279,937,6,3,2,221,19,17666.046,2862,247.8481,54540
4162,b1ed2d1520ff9445f5d250362608b524995c3aa0,0,1,0,2011-03-30 13:53:51,207,573,0.9935,780,5,4,2,2068,21,66415.096,610,360.3617,58042
4144,725bfa95c78d832f5e9c3b74192790f558c458a3,0,0,0,2011-03-30 14:30:33,1658,1308,3.2624,2966,9,1,2,1,16,63892.3672,141,146.5785,1493
4167,31dc6e30c704f880960ec5cd7cac417fde862f82,0,1,0,2011-03-30 14:30:43,1,674,1.4607,675,1,3,1,4,4,57413.0648,58,307.3722,4654
4164,3a0efde8d3fed5fcabd9de7ca6030ff9f54a19a6,0,0,0,2011-03-30 14:30:48,1658,80,5.0472,1738,6,17,1,104,90,4338.1929,224,149.681,160
4169,acde48fb3db47e3c523b9e2b5fddb1517d7d9f64,0,0,1,2011-03-30 16:18:39,4,2191,2.0,2195,4,1,1,14,4,5746.5556,644,177.7256,46227
4153,d10d8783057fb72ae3e7e103bd9104e86c81c9ea,0,1,1,2011-03-31 18:39:37,40,1,0.9396,41,8,2,2,101,7,76695.2145,2724,1.0,2
4165,cd1b798fa852b9a038ae234c5639c643a3c98d0a,0,0,0,2011-03-31 22:37:04,8851,1096,0.0445,9947,2,1,1,54,6,15544.7344,2862,616.6762,45565
4170,f02b2ed0c16c74c91ccbad4135decc90340ef2c7,0,0,0,2011-03-31 22:40:52,144,2,0.0,146,4,1,2,73,3,1941.5305,5,5.0,44968
4177,04bb3e4b10498e1425a831070618dec7b0f51d32,0,1,0,2011-04-01 15:05:03,29,1249,1.1544,1278,1,7,3,212,29,11142.6667,15,13.0,5120
4171,6ea9d2af58a9e39f8f91c190ebe6631984d9339e,0,0,0,2011-04-01 15:12:47,1205,0,4.025,1205,4,8,4,205,29,15.0,1,1.0,8086
4179,944ed31f60499fcb6e5558ac3feb1c2ef0729288,0,0,0,2011-04-01 15:19:27,4050,1057,4.8116,5107,33,17,4,3336,22,47699.2406,1,1162.6973,7360
4175,358475ae24a350e23e5c4a71d3d4f8ea49583fc5,0,0,0,2011-04-01 15:19:38,516,2,2.9982,518,3,3,4,2611,90,61577.1772,2630,1109.8508,58332
4178,f75e364cba4b31a8d78574dc6cb62ad1a402660b,0,0,0,2011-04-01 22:10:14,8851,1096,3.3874,9947,40,12,6,2342,10,12313.3653,2862,1257.4842,47058
4184,11787dcef9142ac87732e06c9c0d3551d0ef5334,0,1,0,2011-04-01 22:22:30,72,147,0.9738,219,6,18,5,526,28,11354.0797,15,13.0,48989
4180,264c7f01a3194313b14c311aeeb68b07bc80e89d,0,0,0,2011-04-01 22:25:19,4,3,0.0,7,1,1,1,62,12,86281.0,5,5.0,47471
4181,f674bcc07220ea7accc086406f1d99cfa6578a5f,0,0,0,2011-04-04 13:21:28,607,6,3.7384,613,25,1,4,60,5,78935.4336,734,1253.9884,45422
4187,5e8361bbcb142e06b46bd72263b0826acc5b390f,0,1,0,2011-04-04 21:53:09,132,23,3.0516,155,11,3,2,18,30,40811.1907,247,170.3333,1577
4182,6d777b46f49e3f8af9b96911a4455bbeaac86ab2,0,0,0,2011-04-04 22:15:39,6,5,2.4303,11,7,1,1,38,3,3422.7098,680,218.4266,1764
4188,6fc5ccaeb77e1183c95adfa60709b74fced44626,0,0,0,2011-04-04 22:25:02,1,3,0.0,4,1,1,1,0,5,86384.0,711,256.05,525
4176,adbff64e2d345a5653d5b46cf8a08f8c35d2f5e7,0,1,0,2011-04-05 00:34:56,15,0,3.3063,15,1,1,1,10,5,10673.2452,637,141.535,720
4186,ffa00a673f7a916c956ea231272f313da094c0ac,0,1,0,2011-04-05 15:39:06,272,333,0.9296,605,6,3,2,130,28,26785.7777,2862,1226.4852,46690
4191,a234853e5ad12b3217a8d2f8d3282dd55222f5ec,0,0,0,2011-04-05 15:50:02,725,37,0.1679,762,3,21,1,329,29,83696.0,671,214.1607,1221
4192,bdba69ff8d59c975bdfb5ba60d3435c757633209,0,0,0,2011-04-05 17:27:01,54,23,0.1347,77,26,1,3,5,6,75581.8285,886,201.3226,903
4183,edc2dafdf4d4bb2240404061ef85c661eda4fcb7,0,0,0,2011-04-05 17:41:30,55,28,2.3676,83,13,2,3,7,14,16655.1298,4,1047.9036,37329
4198,a287f42ceb1d5eac033e2db2201422801b772e99,0,0,0,2011-04-06 16:21:17,435,535,2.2491,970,15,10,5,969,48,32948.8889,3,1183.5607,52866
4197,16651d9ca86fb6ec5f6b8d11e7f98be8ec1908ff,0,0,0,2011-04-06 16:21:23,290,269,1.2031,559,21,3,1,97,28,6352.5939,2765,1218.9079,48057
4199,c048a5f07198b4e4a929a1bdb35335ce69fee8c1,0,0,0,2011-04-06 17:23:08,29,1735,3.7251,1764,2,19,1,72,13,10404.1451,2862,1267.3333,44284
4185,cc0322fef8cfa526932d72784e261f0dea519516,0,0,0,2011-04-06 17:35:20,130,184,0.0,314,1,1,1,74,18,8220.5072,568,174.7937,873
4193,2b3585a0327fb43f4e086dab536c28264a4dcf91,0,0,0,2011-04-06 19:08:16,607,465,3.7384,1072,2,1,4,40,0,1264.0713,734,250.0,44879
4196,9f5880cc59031044a19f915d56dbabb846a9b436,0,0,0,2011-04-06 23:25:53,663,489,2.5044,1152,2,9,1,146,30,18788.3168,875,203.6149,675
4204,381401af7095c9244abe81ff2c13617c1fdf975a,0,1,0,2011-04-07 15:53:08,27,54,0.8696,81,3,19,6,153,21,36147.484,2862,1267.3333,47199
4201,51a07442885360168fdad33b6da792911e07dd83,0,0,0,2011-04-07 20:12:22,75,1192,1.1177,1267,8,1,2,410,80,43860.9565,512,201.1183,58042
4213,9026700d7162acb4726585c5cf7c14123998d4d8,0,1,1,2011-04-07 20:14:48,39,211,0.8174,250,10,3,2,526,80,78358.0,651,189.907,5631
4211,22fc25b9a223205f89293c7143aeb15de3ce6cfb,0,1,1,2011-04-07 20:31:51,251,47,2.6933,298,11,4,2,197,39,36757.4153,903,147.8461,54302
4206,48a072dac26e89991bed9e0a0226d3880389db99,0,0,0,2011-04-07 20:59:41,4,3,0.0,7,1,1,1,88,6,2919.9169,694,268.4022,2065
4208,47cd73ef46ba851731491381582027966f590a27,0,1,0,2011-04-08 00:47:28,2266,9,0.9996,2275,94,1,7,51,29,22656.0222,233,140.7758,1341
4194,d988e11e29358a4a22df5d3a62e1c1884a2f531e,0,0,0,2011-04-08 14:40:27,5,1,0.0,6,4,3,2,1533,5,77192.4257,212,134.3134,418
4203,701828fd6a32387aa8ee63c9c725cf77062f7f2b,0,0,0,2011-04-08 14:40:30,27,5096,2.3504,5123,11,5,3,78,22,80546.9829,175,117.0072,531
4212,be43a7c099436ae141d7390de9df53bc2942230f,0,0,0,2011-04-09 18:29:26,85,1096,0.0462,1181,40,1,1,91,15,5422.9799,2862,1256.349,47037
4214,32f85c5bc0df3f1ba0d5904f9c1af45e45bbfa98,0,1,0,2011-04-09 23:46:28,386,3,1.2906,389,1,2,2,3,8,58826.2547,44,34.0,13
4200,5b9c40245786cd043bd0ae80b164bf61010a4f53,0,1,0,2011-04-10 01:19:59,7,35,0.044,42,4,1,1,629,4,7596.3913,16,1239.112,7267
4207,de2ae8f91d58b92de5629131b904966fa58d801e,0,1,1,2011-04-10 04:44:31,417,233,2.5446,650,14,7,4,3336,11,36981.4326,2670,1192.748,59278
4202,798db242c4480446df52481954e19994e39dcac5,0,1,0,2011-04-10 13:39:11,501,4,1.6069,505,6,3,3,42,12,29023.9729,2755,1196.1603,9
4216,9a0bbc542b7dc73e30e6a648a82cf38ff2e39df9,0,1,0,2011-04-10 17:31:15,6,5033,1.5,5039,11,7,1,2341,42,48236.3674,1317,78.606,9631
4219,6f4daeac59e8e5c4b7abe39c20aab24be1f6689a,0,1,0,2011-04-10 18:42:30,10,243,1.2736,253,3,2,2,332,87,77535.9072,734,252.5455,3111
4222,8c7bc2fe8718d612fdbcf0f8b7e33554f17efcaa,0,1,0,2011-04-10 22:59:57,0,1467,2.3061,1467,32,1,5,936,2,21578.7094,2862,1267.3333,48864
4220,264ffbe9b3e5996ccc05d3a5d9a93cb11a26cc7e,0,0,0,2011-04-11 03:27:04,614,99,0.9292,713,8,2,2,2177,16,37130.5405,2732,1216.5309,52895
4205,5a07cb0b7a14116494696b54f0d9a7c7d6a85cf0,0,1,0,2011-04-11 04:17:14,13,4,0.0,17,4,3,2,24,12,2383.7121,267,173.8333,268
4221,beac419bd36a033c6376d3b91455abdeddc85685,0,1,0,2011-04-11 08:36:55,873,378,2.4588,1251,16,14,5,1224,89,39103.58,929,118.6779,9141
4224,32ac6ee760c979b0094c8f9e9a710bf27326253b,0,1,0,2011-04-11 08:45:07,171,22,2.5868,193,13,8,3,614,85,11707.9115,726,216.9333,2880
4218,448e64e448b26b434561ac421dfe89b45b133150,0,1,0,2011-04-11 17:52:13,110,14,1.0153,124,5,4,3,495,83,49780.8105,701,236.1846,2767
4227,eed330ec086f36b36ab7ac2fc74693db43ae86bf,0,0,0,2011-04-11 18:00:23,119,239,0.9759,358,5,4,3,665,86,4425.9574,566,292.9678,197
4233,61fe5d4884fb04d0f6e10746353eb3a0e11d6770,0,1,0,2011-04-11 19:27:03,20,234,0.1159,254,46,1,1,69,9,13994.6195,44,13.0,417
4217,76fa3204383cb2cb306ea381a163471a392f578e,0,1,1,2011-04-12 15:09:28,116,806,0.454,922,7,5,1,2274,36,162.0,2700,3.0,53847
4215,643ef396d7c95b0930cf4528a78182f8550736fd,0,0,0,2011-04-12 17:13:13,60,10,0.1275,70,2,1,4,2301,11,33260.4651,728,248.9041,2662
4223,b4682e26627ae81abb3f1145f75b177f5054bf08,0,0,0,2011-04-12 17:35:34,4,4,2.7794,8,86,46,4,143,4,4090.0952,682,225.4938,1918
4228,c9499e85813970a65796356189e9356083018dbc,0,0,0,2011-04-12 18:59:43,3,197,2.7794,200,2,46,1,32,8,35194.13,756,242.241,1918
4229,2c06b0c9fd62f011969378304501770ef1fb24c0,0,0,1,2011-04-12 19:08:52,7,23,0.0431,30,4,1,3,1963,6,589.2961,672,235.1519,3632
4225,58307994b53b38e880173205a59e0c64c5169199,0,0,0,2011-04-13 13:59:39,290,24,1.6028,314,26,12,8,1077,14,64756.6734,2862,1242.973,60604
4232,bda0f39cef98f9eefc8105ed19169188ff716263,0,1,1,2011-04-13 17:42:15,1,6,3.3063,7,1,5,3,13,5,72602.0541,570,175.3889,54302
4234,6e22489616ca0a1bc904f6d350e37c9f299fe3b1,0,1,0,2011-04-14 18:27:34,1392,790,0.9112,2182,7,4,2,34,23,43635.4101,12,1132.2684,42457
4230,12260cf42157af2afdc0412a0c62642e370d4566,0,0,1,2011-04-15 12:43:04,2088,5888,3.5113,7976,34,1,4,88,29,40219.1208,368,223.3803,58699
4252,8a6feefe8f0a8b591d7417a6bae907d2ea4f7050,0,1,0,2011-04-15 12:48:15,0,0,2.0751,0,45,13,1,592,79,54923.5176,281,135.188,17
4238,aaef16ed122fa3cac60f9e7ac7448ce9f062c574,0,0,0,2011-04-18 10:46:26,3249,2099,1.0253,5348,4,1,4,288,37,56553.8171,897,301.7241,58042
4210,0fb4df971685d7616131063205b93007330a4ad6,0,0,0,2011-04-18 14:44:17,443,243,3.1154,686,14,8,1,2008,25,7440.8714,734,257.2329,2321
4239,ac7c83535f05dfc55daf3c77e7aa22d08e35a278,0,1,0,2011-04-18 15:51:47,146,118,2.5649,264,9,6,4,333,18,69467.4658,2862,673.0,57182
4244,0654df403f65a6c93794c3132c89f34bcb1d25cc,0,0,0,2011-04-18 17:00:35,1,4,0.7117,5,2,2,2,447,85,11854.8836,1,1.0,49269
4240,ca1c8bf247fa3fd65fefb31adfe5b1f6c29ec1a0,0,1,1,2011-04-18 18:57:23,5,8,2.8914,13,32,1,2,106,12,82145.5904,613,156.1257,1641
4243,0dbe8baa84767e3728bc3b9f14d69ad776ab816e,0,0,0,2011-04-18 21:44:00,82,21,2.2444,103,8,3,1,2008,25,33670.9205,734,238.8206,2357
4235,d951f52538fc6423f0ac221ccb72473954465ca3,0,0,0,2011-04-18 22:16:29,76,9,0.0826,85,28,9,1,2301,13,33166.7059,727,216.9333,2509
4242,20f83e459a05a938b523dbe643b00914109dfe8a,0,1,0,2011-04-18 22:21:26,12,13,0.0096,25,4,1,1,51,8,899.0175,711,261.2044,2785
4248,f5b030a657c1263e0b15856991b239f9d3c15214,0,0,1,2011-04-18 22:57:57,2,184,0.0,186,1,1,1,51,7,3608.945,4,1251.2212,9
4253,ca988efcad86d27045ef18c57e9263eb15775c5e,0,0,0,2011-04-18 23:05:04,8,36,2.0,44,4,1,1,45,7,85937.0,16,1244.2904,18
4241,3f71a98aac5bcf1c3e4ce506ffa5fa513f2a0c40,0,0,0,2011-04-18 23:58:07,745,31,0.935,776,1,2,6,69,20,47784.4952,2862,1267.3333,45376
4250,b2128060de185ed1d9391628ed0547a41be009af,0,0,0,2011-04-18 23:59:35,35,813,1.7069,848,3,3,2,11,26,4529.8377,2735,1234.9839,44629
4255,057aadfd7cdf2eb7bb8c0d008c1579d8d36dffb8,0,0,0,2011-04-19 00:04:22,80,573,1.0,653,2,4,1,158,1,42048.5707,2667,1.0,58042
4258,a28d130f13aa45b4aeba5c9c51d1c65b205248f8,0,1,0,2011-04-19 00:05:56,44,37,1.72,81,6,4,4,838,85,34190.2065,2862,1252.3273,58414
4256,4f6f703ccebde81a7becb96094b29c225aa49695,0,0,0,2011-04-19 00:19:26,5,3,0.0,8,4,3,2,112,28,39966.8624,5,1242.1189,47392
4259,e045267730a38d0b27671cb086313d3d3bd2c3a4,0,0,0,2011-04-19 00:19:58,72,5888,3.5113,5960,34,10,1,89,24,84263.0,12,1242.5289,44137
4237,3edbee223fed6aebe33ed8c5e168b4c79efead7e,0,0,0,2011-04-19 08:59:31,443,23,0.2392,466,14,2,3,2008,90,61748.4889,734,263.0168,540
4249,3e44d450a344ebad4373f2454d6675aa13f438b0,0,0,1,2011-04-19 09:20:40,11,6,4.4362,17,3,1,1,43,8,72222.0014,658,277.362,1713
4254,b8534fa167cee43ffd02c79d76a8fb22b802368d,0,0,0,2011-04-19 09:22:30,2606,47,0.2301,2653,51,23,8,3055,2,3983.3408,872,290.6671,311
4261,e771943253c899105c883b6dbb224cf73e7771d9,0,1,0,2011-04-19 12:54:08,187,25,3.0886,212,9,3,6,3067,13,49417.7581,896,212.9467,6279
4274,1adcd1c52e87a2f59d9006a29fb9476174968a60,0,1,0,2011-04-19 17:13:19,0,86,4.4303,86,3,33,3,991,14,27570.4292,2862,673.0,62576
4267,211e2b1cd55aa4a27411b15766d523db82766dac,0,0,0,2011-04-19 18:07:03,144,2,0.0,146,1,1,2,52,16,11.0,5,5.0,45118
4268,9a0ff7ba4797a20ef8d637b8044cdb6d37d897f7,0,0,0,2011-04-20 00:13:02,31,1735,0.8926,1766,1,1,6,27,12,52814.8613,2862,1267.3333,47093
4247,3c93525db9605c7beb6c6c65de22801c4d933b07,0,0,0,2011-04-20 01:50:06,267,84,0.1896,351,8,3,1,152,20,8317.4368,2686,15.5,41903
4271,eaaf864e25a9a028f887fa2ad605ee6fd16c849d,0,0,0,2011-04-20 01:51:46,1023,83,3.1054,1106,11,2,2,3067,14,70585.5,2642,1.0,52657
4262,8fcbeb9f984f1b6994fe7375ef49afbb992c352f,0,0,0,2011-04-20 04:27:56,12,0,0.0,12,1,1,1,586,5,56783.159,2622,4.0,10469
4269,606c9d9baa095e393304ed20ebb770164ae47217,0,0,0,2011-04-20 09:19:32,60,198,1.6001,258,6,3,1,307,32,56154.2869,645,202.6375,905
4251,20cdc0f4751b8b140498316a7be80c05a02932c6,0,1,1,2011-04-20 09:22:36,91,165,1.776,256,2,4,1,354,24,85337.0,901,191.7455,5648
4272,4e9cdccaacdf741d1db498d5bfb6f275e57e65da,0,0,0,2011-04-20 15:53:55,21,813,0.9144,834,2,2,2,512,87,46073.9493,2,1234.1695,50748
4275,02d3edae90b26e39e8e99bbf314c2462a3d17be9,0,0,0,2011-04-20 18:16:04,551,452,1.8362,1003,6,2,2,545,88,61986.0549,3,1190.6324,53875
4260,17bad060117cdb1a8098a0faa849d83c1b5f4020,0,0,0,2011-04-20 18:46:06,8851,80,0.2009,8931,2,12,1,138,91,6615.945,2862,616.6762,4317
4279,2d95cb4957ffb83a0b643929c3221cae6d71a0b1,0,1,0,2011-04-20 19:50:50,487,464,3.5046,951,21,11,8,816,79,45239.0963,7,1101.1346,56447
4276,64621c76a3b99a9655bb708f88f434b6f158795e,0,0,0,2011-04-21 13:29:53,1513,279,1.4418,1792,5,4,2,545,45,2166.572,830,278.061,4387
4285,aa98dec33fe79af93e89c13a1811f20622025cd6,0,0,0,2011-04-21 15:19:51,21,22,0.3833,43,3,2,2,413,82,63989.117,1,1252.8889,50513
4265,937599575cbf9811940337122dabd14cf36ab2bb,0,0,0,2011-04-23 20:16:31,198,196,1.25,394,2,2,1,3,9,7392.2798,44,1085.154,41381
4281,1b24a02c4cf8d4fce042e3f9b2f34945b729fcef,0,1,0,2011-04-25 17:29:08,67,11,1.9639,78,7,4,3,820,83,31442.7279,2733,1.0,4
4282,22a7358ff94f249fab018b0662d8b1a52ab60309,0,0,0,2011-04-25 21:38:51,33,1735,1.9238,1768,5,4,1,544,49,2969.3001,2862,1267.3333,44628
4263,359d12e5e633427edf0367f4ffffca11b1fb7f37,0,0,0,2011-04-25 21:39:32,745,44,0.184,789,2,19,6,20,18,3002.5311,2862,1267.3333,49111
4278,d9d4176fdf352633c8f6bab9f5df987dea26b312,0,0,0,2011-04-26 06:58:01,46,139,2.6151,185,1,1,1,134,20,75767.775,832,275.1628,1139
4287,299b7be0258dbd5ba55a105e70ddfb919f12ea09,0,1,0,2011-04-26 14:53:53,457,58,2.6976,515,10,3,4,586,76,63406.1878,1,1.0,62767
4280,e4d7c803aa6aad5df0f547941753bb5fafdb6535,0,0,0,2011-04-26 15:48:40,14,177,0.124,191,4,1,1,182,31,19031.855,2642,1192.3679,46227
4291,cd62c0fef1329bf7f834b72fd5bb9bda31186b20,0,1,0,2011-04-26 17:07:20,191,110,0.0,301,8,3,4,281,79,17627.9624,1,1172.7078,53484
4277,f05d1881ae392b0f18cac927d7e7202dc0728dc8,0,1,1,2011-04-26 17:11:00,95,1371,2.3919,1466,7,4,3,1191,13,57494.48,27,23.5,45489
4284,76853c8b8ddb71bb38d228f310470ee2195e046d,0,0,0,2011-04-26 21:44:33,3,2191,0.0189,2194,1,1,1,3,15,22498.5076,2827,1250.0802,45704
4290,ffb04056c829756f019f1be534bdee7143179377,0,0,0,2011-04-26 21:54:21,32,24,0.2783,56,2,2,3,39,15,80524.0,4,4.0,53331
4273,741c616ce95df93fac5c5cf4aebcf8bc3cc9a0f5,0,0,1,2011-04-26 22:12:36,67,123,3.5113,190,34,1,4,83,15,15270.8657,709,198.0417,3074
4288,847aca1caa63ce4b9fc767d4ac8ea65c4d7a4436,0,0,1,2011-04-27 15:17:40,1731,902,1.1188,2633,4,3,3,479,83,395.0,2,2.0,57564
4292,cf0f55e578f3f1cfa2f0cc259014aef809456e07,0,1,1,2011-04-27 15:54:56,1,1735,0.634,1736,2,2,2,417,85,32955.3849,2862,1267.3333,49535
4236,5e6539addbca00d82484a60d0ca574f0223bfe05,0,1,1,2011-04-28 13:24:22,79,163,2.2424,242,9,3,2,251,87,72425.9892,2648,1184.5976,45557
4293,0251a8f0f66055960c2dc5502b6496313bf074f3,0,1,1,2011-04-28 13:36:07,60,53,0.9274,113,3,2,2,468,88,80532.5,1,1.0,47731
4298,8cd4dcd2117b42de75958573c6cb7b98f02ba71a,0,1,0,2011-04-28 15:39:52,268,52,2.6686,320,8,4,4,465,87,24752.8382,20,11.0,113
4296,6ef7817d568845cde8a0bde12af1eabfc8d4426c,0,1,1,2011-04-28 16:16:40,566,26,0.6601,592,3,11,2,343,85,10570.5513,2,1218.3094,47259
4305,27a5111811706c4ae6b4ccaf114b51d7cb6cbf7c,0,0,1,2011-04-29 15:35:18,717,9,1.1077,726,3,2,2,347,84,77471.3287,2810,1.0,51646
4289,2641bd25204e3e28c5cfabc7321a8f3c1e98eff2,0,0,0,2011-04-29 15:38:17,745,44,0.911,789,3,2,2,444,86,84822.0,2862,1267.3333,50952
4295,d24d7ce6c47637512864892c222f396dd6eaa6e7,0,0,0,2011-04-29 15:58:09,1446,39,2.103,1485,6,3,3,506,86,50994.8494,856,195.0058,1012
4302,832a45d89c42869769e159a1154759edeaf5b5ef,0,0,1,2011-04-29 16:52:45,1487,655,1.6819,2142,18,2,2,34,26,77790.0,578,330.2634,6545
4308,ffb82b0539248644062d50543f5f555017cb6996,0,0,0,2011-05-02 15:15:15,13,6,1.4274,19,3,3,2,584,84,69404.0043,2862,1267.3333,50472
4286,086fafe362819d399bf874e9adc411ac52377274,0,0,0,2011-05-02 18:58:11,1720,51,0.4194,1771,8,2,2,2274,3,13098.3186,2708,3.0,16
4299,b179af1399fe5fef7afaae02c7821e409a32624b,0,0,0,2011-05-02 19:19:54,74,708,2.0012,782,6,4,3,134,31,28658.4854,2758,118.75,608
4270,1984e8e615772394766b6919f9001add29034cd6,0,0,0,2011-05-03 12:28:47,540,1345,0.2087,1885,2,7,1,60,11,73947.9707,566,180.4403,56960
4294,a8d233cae1455a7ee1d99259fec94ebc92531939,0,0,0,2011-05-03 12:30:39,291,75,2.9719,366,14,7,1,58,19,84342.0,867,337.5958,56960
4301,55b1a56e76d6d400560b979954b90a23fa88e861,0,0,0,2011-05-04 08:15:48,264,28,2.0,292,4,1,1,1,6,60557.4273,706,261.4814,2044
4303,c473679a233ba60e18be3daeb327becc439939cd,0,1,0,2011-05-04 22:17:14,23,15,1.4575,38,5,2,4,85,21,22627.7522,2862,673.0,54332
4297,d719e5787cfbae2201384cb94290f673879fc56f,0,0,0,2011-05-05 08:52:16,16,4,0.5622,20,2,2,2,332,86,67885.5371,794,295.8046,1933
4309,282bd51f64772e9208c2bcc1751b8e1abe321ad0,0,0,0,2011-05-05 14:19:51,68,27,0.2225,95,28,2,2,619,90,43586.137,613,216.9333,3103
4316,575dd72257690aae09668f1ed720d7e7ea82ba34,0,0,0,2011-05-05 14:25:20,24,19,0.2969,43,12,7,2,665,85,71.3959,726,244.0044,2823
4283,e1a6cc02626c29f647c8c35dc22f69c41dacc046,0,0,0,2011-05-05 19:06:38,9,8,4.4362,17,47,1,1,63,6,24748.9624,2862,1267.3333,1469
4307,67112752cf1a314f50c98b583a5dbf1d9eed02e9,0,0,0,2011-05-05 19:09:33,6988,133,1.216,7121,5,1,2,213,89,84861.0,21,13.4072,23
4310,5f0970484f22fd3e00d3299a964d24a32b974c88,0,0,0,2011-05-06 17:34:22,83,2291,0.8166,2374,8,2,3,118,16,26502.5579,5,5.0,41747
4313,05187d5792adb132e0706c04806da8e427318dcb,0,0,0,2011-05-06 19:03:15,607,465,3.7384,1072,25,14,1,214,6,7408.2662,734,250.0,3040
4304,62cd28dfef1086607bef8d4b714ceb9be8dde250,0,0,0,2011-05-07 04:58:29,55,28,2.8246,83,12,1,2,160,7,27697.2247,80,1059.9937,37961
4306,94f5a6a12b2d17a5e68abd3f63cfc7736b63d6e2,0,0,0,2011-05-07 06:52:53,405,1345,0.2008,1750,3,2,1,56,11,31423.7033,80,41.0,3951
4314,1033f8a32746657c74db79692aee6764b8ff8094,0,0,0,2011-05-07 18:36:32,23,6,2.4303,29,1,3,1,175,7,5233.7146,12,12.0,54302
4327,dec698f840e56ecf32e0c813cd5183e6051aa869,0,1,1,2011-05-08 01:43:00,388,637,2.7073,1025,16,5,4,1008,2,26608.6363,2862,1267.3333,54538
4318,79174de4b7f96d1aff7e80099f15be6a132c20fc,0,0,0,2011-05-08 04:56:50,1032,79,0.7824,1111,3,6,3,11,3,33257.241,27,23.5,55097
4324,db814b3cb681cd1c2b12712156118ef84dd21761,0,0,0,2011-05-09 02:34:22,284,199,3.7395,483,14,7,2,732,0,19276.4419,2862,673.0,55097
4321,a5e5cef9cd97a5b16b9b73e08421bae2311d2b78,0,0,0,2011-05-09 02:51:49,579,656,0.4796,1235,3,6,1,72,3,16267.882,2662,23.5,8898
4330,63a33d2a5af5a34ac3fb9e623eae4ed175f250ed,0,0,0,2011-05-09 04:04:55,328,321,1.4795,649,4,2,1,199,7,12287.4406,2726,1.0,58042
4315,155df4534ab544fbf357af1fcf876ea7455895ea,0,0,0,2011-05-09 04:11:06,15,37,4.4362,52,3,1,1,41,2,12610.3542,6,1233.2822,46227
4325,9268478f085b1ba7c30db2adf802dc86cfddd529,0,0,0,2011-05-09 04:32:32,79,1735,0.5442,1814,6,19,6,1144,10,9301.3326,2862,1267.3333,61996
4328,5ab7cda3c7058c03a6382d96e8ee69c242185f6e,0,0,0,2011-05-09 04:44:44,582,25,0.6594,607,4,1,1,14,32,5373.4247,2631,2.0,4000
4312,a76f6b8a204ed3a13423615e7ef7b709a94874ad,0,0,0,2011-05-09 04:44:59,11,63,2.0,74,4,1,1,76,27,57060.2251,16,1.0,18
4336,835669aee8dc0ba14a37594e1ff07d056c74a3ea,0,1,0,2011-05-09 07:05:55,2,0,3.0867,2,55,9,2,1361,46,6288.7568,2588,25.0,356
4311,0241333e03e3f21655cf9677461deab9b9986bf3,0,0,0,2011-05-09 07:18:19,19,622,0.3807,641,3,2,3,404,73,448.4504,44,1165.001,13342
4326,edba1e815145d823edc4ebe61bb9de39311620a2,0,0,0,2011-05-09 07:28:16,2606,44,0.1453,2650,51,1,1,3055,6,38960.5983,823,270.6208,299
4329,f759cb193308f1f6eef1b42d7ff6cc7c3dfafb27,0,0,0,2011-05-09 07:29:37,3,2191,0.018,2194,4,1,1,13,9,848.0728,715,262.6745,651
4331,fed37661245b15f8b8b0f3a7fd19b72a0a9ee78d,0,0,0,2011-05-09 12:22:04,55,12,2.6388,67,28,9,1,232,19,14618.8736,613,248.8645,2526
4334,446e30d51c568064c4fd6cc6aa2df31ca0a019ff,0,1,1,2011-05-09 13:29:24,27,4,1.0631,31,3,2,2,479,83,56106.1318,734,248.7614,3031
4338,522d0dd1e4e0b76cb36907d13595b31e231543d6,0,1,0,2011-05-09 17:08:23,614,104,1.7862,718,8,5,3,713,82,48615.0177,644,202.7656,5477
4335,5d98581e9c30bbd226fee9087bdde0ac7bae6f86,0,1,0,2011-05-09 17:24:34,1320,0,2.6683,1320,6,4,3,696,77,42476.4311,585,308.5052,6303
4317,a1c1abfba6989872ac354ff9528c0f088cff4887,0,0,0,2011-05-09 19:56:02,283,185,2.7723,468,14,8,4,554,85,21735.9285,1,1.0,57753
4344,0427c832b07e8c6f6983093ffcac79e3ff76c993,0,1,0,2011-05-09 21:31:45,7,714,2.2594,721,22,7,6,896,36,14823.1009,7,1174.2943,61
4348,fcd02e3a6600bcfbbd1a6a9aca01743c0bc72efc,0,1,0,2011-05-09 21:40:27,212,1735,2.2591,1947,12,5,4,435,87,12889.7593,2862,1267.3333,54209
4337,d450b39206036be6274ff4c24116c89321eb6600,0,0,0,2011-05-10 16:53:55,712,75,3.3874,787,40,2,6,2342,91,65914.7708,2862,616.6762,5504
4347,921f4994f3197b77774c75fd84fa806139561ba0,0,1,0,2011-05-10 19:03:58,26,40,2.8663,66,12,7,4,625,83,20718.2179,2816,1.0,50171
4346,ce1dcdf34b5d06b9af1183fbbd55d94604cbc6f0,0,1,0,2011-05-10 21:41:50,434,1096,1.8932,1530,6,2,2,487,86,86094.0,2862,616.6762,48981
4332,8752029ae216c259929a527ede757aba31ded73e,0,0,0,2011-05-10 21:55:04,1032,755,0.1602,1787,2,6,3,11,4,47793.0521,27,23.5,55097
4341,c8f2414688e11b457be8305017fe34db0e85ffe5,0,0,1,2011-05-11 07:19:32,1006,813,0.732,1819,2,7,2,712,0,44295.8565,689,284.0528,1724
4351,c5bb46756a2a2b5d89a9e58cf438f52a00892687,0,1,1,2011-05-11 09:10:54,1446,51,0.9493,1497,1,2,2,464,80,40484.4373,577,199.0324,58131
4357,022208bf0f3099b91143a76e8b57d5fa63671269,0,1,1,2011-05-11 14:19:20,1446,35,0.4735,1481,2,2,2,448,84,24403.5315,20,11.0,51882
4343,d2c98b024d85bf72a6ce3e03d0b8d2994199c254,0,1,1,2011-05-11 16:03:12,65,1563,0.6235,1628,67,4,3,417,83,15210.1868,2862,673.0,58222
4352,054404ba43d2e673adbd3da0317ed17b5c91701e,0,1,0,2011-05-11 19:23:22,58,61,0.8002,119,4,3,2,519,88,55200.5931,76,96.466,58131
4355,0ac6e6d128fc68eaf6ac8c501df4013d15677c6c,0,0,0,2011-05-11 20:08:38,236,113,2.497,349,12,6,5,344,83,36615.341,123,64.0641,63234
4353,287729981e2a1695e05ded1e66da8fc80d89ac4b,0,0,0,2011-05-12 15:09:43,3984,13,0.8007,3997,29,3,3,648,82,33271.867,608,308.7579,5851
4363,2ec1f8824ea5f48f7b02db2f1464a9e85deea93e,0,0,0,2011-05-12 15:22:37,19,9,1.1544,28,5,4,3,608,85,24979.8336,652,294.5919,5612
4345,50b490e046bdc23b23fbb268400abcc41a0de72c,0,1,1,2011-05-12 15:31:01,8851,90,2.0337,8941,8,5,3,612,86,22134.0442,2862,1242.7032,55733
4361,c2cf5c4bececf7c2c46c6dfc5ffb9f702835127a,0,1,0,2011-05-12 20:33:46,26,26,2.0234,52,7,2,1,129,24,15012.089,2786,1222.4502,45430
4360,0699fd171407236dfa4e6e3fc40fda32bcbc16a8,0,0,0,2011-05-13 00:07:42,4,1735,0.3587,1739,1,2,2,521,84,23357.1258,2862,1267.3333,50720
4359,5f38849a240b778627e4177d2b849c592d0f372b,0,0,0,2011-05-13 19:16:09,344,214,0.925,558,1,2,1,386,31,27280.6666,6,6.0,6
4333,8ea183969b90633f79ec017659348415c2e842ff,0,0,0,2011-05-17 08:36:02,17,122,1.4482,139,1,1,2,2,7,51463.8342,502,175.066,54302
4349,259f06eff57b97e50404614e7ef8278fb4f19cbe,0,0,0,2011-05-17 08:37:17,9,22,2.0,31,1,1,1,629,6,85937.0,715,241.6822,3044
4358,6db62b56018094540db72100973f8a01e0780ad4,0,0,0,2011-05-17 22:14:35,33,15,0.9947,48,2,1,2,160,18,7088.3991,2816,1248.8107,45414
4367,f07f71df6df022287dbef31098952f96e9186852,0,1,0,2011-05-18 14:07:55,102,902,1.3592,1004,5,4,3,554,83,72141.2626,2829,1252.5149,57270
4356,fc3cc03d3e81297e8f9ee6a7aebdf9e315afbaf2,0,0,0,2011-05-18 17:56:14,15,37,3.7384,52,1,1,1,153,9,37439.8899,734,1250.0185,3040
4368,0db8b6407654f9cdf297569c17cebd6b07643d74,0,0,0,2011-05-19 13:59:04,129,806,0.4854,935,8,6,1,228,20,80442.0,860,203.3,5555
4374,050d129179b99fa88d25a65afed78d0fedb24f1e,0,1,1,2011-05-19 17:10:49,516,9,1.925,525,4,3,2,780,0,25283.7661,2,1242.408,48093
4354,46dc52ba991bf516c2cdd61767abd2b06757235a,0,0,0,2011-05-19 22:29:27,685,1096,3.3874,1781,40,12,1,196,7,61808.8709,2862,1228.6265,4978
4366,fe122c8c7d9ca0f002d5f394b4414dc91f278d1f,0,1,0,2011-05-21 02:03:30,105,94,2.4851,199,11,6,5,601,38,42176.914,1,1211.2741,43496
4340,d7823c873ac268fd9c9639a75da6b450602173b3,0,0,0,2011-05-21 04:09:18,344,5,4.4362,349,47,15,1,66,9,31527.8351,6,1249.8269,45737
4370,252451c38b8a30701b9dacc8d8281bb23447d454,0,1,0,2011-05-23 07:34:59,104,211,2.1701,315,9,6,3,855,89,42924.4713,578,305.8609,6269
4342,b76a5b5c04db7f5abecbb80124a65ca933ed1df9,0,1,0,2011-05-23 07:53:48,218,144,2.3034,362,11,6,3,835,87,3179.8141,618,282.4057,2224
4381,2691fcdb0664952445673eb8d74ddef98820167e,0,0,0,2011-05-23 08:51:54,40,91,0.9729,131,4,2,3,597,80,36682.9867,915,148.1122,6276
4365,03e329bede79b7ef9647a99219c2cbae45857860,0,0,0,2011-05-23 10:16:25,122,862,2.7344,984,8,5,3,534,83,46833.5898,640,310.2755,6972
4372,83fc44b2950e738ad3dd49c1a6e158b2f5192f80,0,1,0,2011-05-23 12:51:03,940,384,1.8873,1324,13,6,3,812,83,52216.1671,618,172.1235,217
4371,14f9520276761d8781946cbe64ff0a9734411d94,0,0,0,2011-05-23 14:43:48,44,326,1.6191,370,6,4,1,498,82,50565.6569,2,1234.639,56008
4373,43c05d9951696ca2ba66f37c2abd5f6d356d8d25,0,0,0,2011-05-23 19:43:53,16,55,3.0716,71,4,3,2,472,87,24546.629,2803,1239.6637,51673
4377,17b2451fea40d2037a76efa5deb535c82aed5d67,0,0,0,2011-05-23 20:38:04,217,11,0.9123,228,3,2,2,55,1,76695.1657,270,164.2053,536
4383,cf22ca808b1ed080c00031e6b4d69c159f1eaae5,0,0,0,2011-05-23 23:30:52,2088,1777,1.3407,3865,33,4,4,102,21,26849.5817,491,98.3171,2998
4375,e496f0deb44a71fdea8512405bfbd33e7907bbd0,0,0,0,2011-05-24 13:28:35,28,5888,0.0466,5916,1,1,1,97,84,21828.8675,12,1246.4921,46943
4382,85e5c375731c7b74630bc9a0fbdc6ffe4c0e635d,0,0,0,2011-05-24 16:29:12,5,28,1.4482,33,2,1,2,1,5,22512.1792,23,20.0,15009
4385,5841048f62f8b53a08f7cfaf717094ab97e083ea,0,1,0,2011-05-24 16:45:26,0,7,0.1137,7,2,1,1,131,25,38858.042,6,1242.5151,6
4390,653a940cc05c23786f82f87d057ca613ab023499,0,0,0,2011-05-24 17:37:08,1205,948,0.1462,2153,3,8,4,71,26,9143.5035,2745,1.0,42455
4379,c6aa1094595ccfa7fce9d67074fcd1aa63498ddb,0,0,0,2011-05-24 17:37:36,264,34,0.0276,298,4,1,1,116,27,85937.0,16,1.0,18
4386,a2665b174cea49365ac97b86d608792b5f5532f0,0,0,0,2011-05-24 17:43:32,545,333,2.0708,878,9,4,2,1,46,21997.4905,2862,1236.5596,46653
4369,8610e8d7409e68d89e272bb4c8c3c65ca33e6cfe,0,1,0,2011-05-25 00:02:22,752,79,0.5362,831,4,1,3,144,32,27394.8176,2862,1267.3333,55097
4393,5a4cfb1b1e7ea36d59e30b74873ebba4f62d25fa,0,1,0,2011-05-25 12:58:57,319,1775,1.7566,2094,12,7,4,745,90,57655.6712,219,83.2413,251
4400,ea6ec429142ee2a31c4871d32ffe42061c8da892,0,1,0,2011-05-25 13:06:39,203,34,2.0516,237,9,1,1,995,77,19159.3905,48,23.3746,187
4396,d15972e82d557afbde631a7880c7be7f9e27cb7a,0,1,0,2011-05-25 13:44:56,2663,139,1.1527,2802,3,3,2,148,22,73462.6035,200,78.5896,58042
4376,e485f346afcf55ac4503082ba4a4d3760d6d1130,0,0,0,2011-05-25 13:45:44,2109,121,1.7284,2230,5,4,2,2564,23,4766.153,95,35.5077,80
4401,840c56cb6b330f8de8754991828e577519719e93,0,1,1,2011-05-25 17:26:16,64,1249,0.3434,1313,4,2,2,562,84,15029.0734,15,13.0,48469
4410,24c4119e7c5eafcea88f87c7c392749d5c4d7b43,0,0,0,2011-05-25 19:14:01,38,29,1.2718,67,4,3,6,1997,85,63233.0,2862,1052.6,50389
4399,2ae4267b531422b372f289039566dd5dcb93264e,0,1,0,2011-05-26 20:47:16,24,6,0.968,30,10,3,2,470,84,9775.5442,2,2.0,50259
4389,1da12e2e853a0562e37caa9b8c4f981450ab4152,0,0,0,2011-05-27 14:25:42,8,12,0.0507,20,4,3,4,1692,6,76444.0,777,271.4271,2556
4394,c33acda220c6171c0b28359e9e786961ea9f273a,0,0,0,2011-05-27 14:28:17,992,228,2.6388,1220,3,2,4,2301,13,85534.0,724,247.4007,2429
4413,7c557e25038db45d1e5e8555d11608a5cbb390c4,0,0,0,2011-05-27 15:07:07,94,33,0.8727,127,23,2,3,352,86,3433.0595,2862,673.0,49386
4380,fc9c3b0067ebf4282d74a65047c0ffcce7d90d85,0,0,0,2011-05-27 22:25:21,6,122,1.4482,128,5,2,1,1,10,26504.8123,383,316.2343,6478
4397,a6be23463d4c0edbbfb709a88481e3ea04911816,0,0,0,2011-05-30 08:23:26,10,356,0.0998,366,25,13,1,312,34,67077.7259,2862,58.2134,2339
4403,5fe482029e771a3ae5cad4f51a475181460ffe4d,0,0,0,2011-05-30 08:51:33,32,11,0.1073,43,47,15,1,7,8,49680.7206,2862,54.023,1639
4387,3d9305b505471db21bd73d79a95d7d4a4981433b,0,0,1,2011-05-30 13:02:40,1006,30,0.459,1036,12,7,2,65,4,46214.2411,639,282.6124,1453
4404,a7e632771b62b7a11594f494c405f9dfba4b4b7e,0,0,0,2011-05-30 13:10:43,22,211,0.4049,233,10,3,3,384,88,35639.0555,673,293.1508,1488
4378,7f9d14178a83ccaeb3b5a5a8f5733c4f894f844b,0,0,0,2011-05-31 02:10:33,566,8,0.5936,574,3,2,5,639,85,26313.2707,96,1267.3333,58607
4405,ede7b55b4d1aad287d4ec3dacdbe6148b2275355,0,0,0,2011-06-01 12:58:40,201,4063,1.8663,4264,8,4,4,423,82,52325.396,2760,1217.4621,60666
4421,8ed913bd38ca0d2e82889bd96829131b3a0fb152,0,0,0,2011-06-01 14:51:15,48,106,1.3263,154,6,4,1,526,87,9098.8311,2768,1189.4034,113
4411,4552c59388a4bd73abf35ea9f3c2366be416555a,0,0,0,2011-06-01 15:03:30,264,42,2.0,306,1,1,1,120,25,78663.5049,2796,1.0,18
4412,86f608f3eab0292e317029ef29339deefd87c368,0,0,0,2011-06-01 15:11:28,349,1,1.1468,350,3,3,5,343,38,31693.9944,1,1234.2276,43752
4416,afa784716907eea84c4fd88ed5a435d695aed58c,0,0,0,2011-06-01 15:52:56,123,65,2.4303,188,3,2,2,180,77,3533.5446,12,1052.2858,12035
4423,00f9868d94d03ca4f7d47e7ffb530cf5f95a56f0,0,1,0,2011-06-01 15:58:44,151,417,1.7979,568,8,4,4,305,12,16155.2855,12,1187.7011,51819
4409,ca85af79b3b4a8a843ad6b45ce2704882a49b099,0,0,0,2011-06-01 16:06:58,48,764,1.4913,812,56,2,3,1967,85,71272.695,2639,1.0,4739
4417,d1185914ba34ea11c2bc6bbc4686070a9a9e67a8,0,0,0,2011-06-01 16:55:27,74,0,1.9916,74,12,4,3,1913,0,47374.697,247,162.0881,186
4419,a8b65ff8e0779778553c49b1b5f1399cc2b913bf,0,0,0,2011-06-01 19:11:33,996,4,0.0623,1000,15,5,3,23,5,20214.2123,648,145.3085,54302
4428,398a47cd4d7b2a1eedb7c938b504e1c151cd2c6f,0,1,0,2011-06-02 01:42:17,53,26,1.8743,79,5,4,4,409,84,25989.7714,2,1224.6712,47651
4414,3f72d0906f17b948f2650018136bc3a449cb5f8c,0,0,0,2011-06-02 22:51:14,1205,948,2.7422,2153,9,3,2,332,30,15040.5576,151,1267.3333,2191
4429,a7bc6ee07cbe6f2952a60d47786d6b152cddfbde,0,0,0,2011-06-03 23:44:31,1446,862,1.0339,2308,2,2,2,474,85,47878.0566,2786,1252.2003,51022
4418,baef22287bc5b5aaadf6b87c9ca86f1753a6d13d,0,0,0,2011-06-05 13:36:55,418,104,2.7321,522,13,3,4,625,86,66817.0301,1,1.0,56655
4430,8b24d813b586cbc16783d7b7a384ebfaef4ca3ec,0,1,0,2011-06-05 13:41:30,268,2396,2.7381,2664,12,7,4,723,86,39215.3201,1,1.0,59359
4425,a73383ebd70124ea5dd413fa29346b8d587fec59,0,0,0,2011-06-05 13:46:30,8851,40,3.3874,8891,2,1,1,90,3,47573.8192,2862,1249.1492,48814
4426,9ca7de92762450970fd035c8060a57081e631234,0,0,0,2011-06-05 14:08:01,75,62,0.0638,137,1,1,1,22,3,4655.6537,2759,1233.9051,18
4415,1196163b6c726fd6fca1717a56bd0f85ea82f420,0,1,0,2011-06-05 14:33:36,1207,0,3.4277,1207,2,2,3,1059,46,65697.0669,2423,1125.3065,620
4391,992a81bb48e62466a456cb5d92d7cdbaaa805c58,0,1,0,2011-06-05 14:42:06,20,73,1.6348,93,21,8,2,642,35,28241.4383,3,3.0,11
4432,77b7ab228ea9207bd20311d04995d45e2592ce88,0,1,0,2011-06-05 14:45:47,645,384,1.167,1029,7,2,1,2241,8,52951.7267,9,8.0,5279
4434,b7a173ab0768f67d86ef97943a63317b76cd4527,0,1,0,2011-06-05 14:46:18,0,46,1.15,46,41,1,3,15,13,4474.4863,2689,15.5,13414
4427,592634c6460624fe58adaf53f5ad39635f629a17,0,0,0,2011-06-07 21:44:22,15,119,2.4363,134,9,5,3,950,89,31639.2116,1,1213.7201,59762
4440,5703b6b05645537016220c29a21b72c676f2189d,0,0,0,2011-06-08 13:16:14,57,19,0.0957,76,2,2,2,372,87,65681.9544,2796,30.0,50963
4422,57d856f730a22c16dd84fed48d2ab5bfa1182a08,0,0,0,2011-06-08 13:16:34,2647,133,4.9056,2780,66,26,1,184,90,47488.3326,2705,1.0,4328
4439,e6499d8dd1828547563936f8e4f0096d71c42f71,0,1,0,2011-06-08 13:23:09,3046,139,1.0539,3185,14,3,3,570,88,4755.3642,12,12.0,55629
4443,31f0ee95e927c09183dca77be7739305ba2eeab0,0,0,0,2011-06-08 15:45:54,179,44,3.3126,223,15,4,3,701,87,60668.1169,20,1217.5338,95
4435,2cec2c90165d7707acb3781930f016b0f7e20cd4,0,0,0,2011-06-09 13:02:40,44,0,2.3504,44,11,1,3,56,22,79599.5651,72,85.0972,2916
4436,8bec40c48a57a9fefdcefa4d15fd9155c93673d2,0,0,0,2011-06-09 17:53:32,9,433,0.0964,442,1,1,1,136,28,15156.7201,752,204.9256,46227
4420,b43abac8b2819f4d1633e2b55f464b4ed2eb51d9,0,0,0,2011-06-10 20:47:46,0,9,0.56,9,2,1,1,2371,89,20575.882,1,1151.031,54302
4442,e70e73352d8d9d49b88bd9a71d666328cae2cad6,0,1,0,2011-06-10 22:14:59,990,3,3.3745,993,12,6,4,376,39,35678.7273,2862,1248.2151,54240
4431,8365a292913ff6cfd41cfb5d742fe226d1f4a957,0,0,0,2011-06-10 23:24:36,8851,1096,0.2133,9947,2,2,2,535,83,19487.2446,2862,616.6762,49350
4446,41510386fcd4edcada3713890a66115758bc4e28,0,1,0,2011-06-11 01:45:16,210,1735,2.5464,1945,10,6,4,675,78,33955.1426,2862,1267.3333,625
4437,e1a1ec5dbed98b5215682fce82a1e9cf2ae4b7fa,0,0,0,2011-06-11 02:05:46,1261,383,2.4118,1644,46,8,4,657,49,19645.5931,2675,4.0,53568
4444,2fa8f2fb7b8f74c897df990984a81e48c577fc87,0,0,0,2011-06-11 12:13:12,741,24,3.3874,765,40,1,1,260,20,65978.1533,2862,616.6762,6424
4455,56997214b6c5c7f32095f6f85af82d18ebe53e90,0,1,0,2011-06-13 19:40:21,1,155,2.6972,156,23,1,5,1258,0,41667.2564,2546,1129.4823,53080
4448,1a26564400d5ce1cb14ce950c9858ead6c9067be,0,0,1,2011-06-14 07:55:43,0,243,0.8898,243,2,2,2,496,85,52283.922,734,250.6281,2984
4449,5dda04f238ea552b4e679c498c71c64ccda937c2,0,0,0,2011-06-14 08:16:43,987,94,0.8113,1081,2,2,2,619,0,3539.9597,607,309.6976,471
4454,67949f63f19f6397f4aaac7bf0f199b136d4addb,0,0,1,2011-06-14 09:17:00,4,99,0.4982,103,8,2,2,528,83,20554.2129,686,234.6559,3990
4447,b602f6e2a51d6cc408420e5442dff843680b1584,0,0,0,2011-06-14 09:47:30,327,6,0.8877,333,2,2,1,664,1,27500.1635,603,292.1189,54302
4450,bc15e804530e87b1c5cc8c96fdf939dcaaa8efd9,0,0,0,2011-06-14 15:16:04,1006,813,0.7746,1819,2,7,2,452,83,12426.1382,2805,1242.2568,48870
4465,102546162af4d26f0baa85ac96dc85a47c36fb28,0,1,0,2011-06-14 21:39:47,8851,52,1.8398,8903,12,4,3,722,90,30295.0308,2862,616.6762,49951
4464,45d1dc7d2a1ffc2380f93bfd22aeb556c15a60b6,0,0,0,2011-06-15 00:22:02,723,14,1.3391,737,5,4,3,758,90,20897.7223,2800,1221.614,49624
4433,21bc3c217ecea552f0226b8b492d774a95ed7bc9,0,0,0,2011-06-15 11:57:44,16,5,0.7772,21,2,2,2,429,85,27939.7326,823,284.0953,1060
4453,27f189c6d244a7601a6587d37e89870b03c9c0c8,0,0,0,2011-06-15 17:55:31,73,48,0.1898,121,2,2,2,556,86,24102.5527,786,224.7109,1717
4471,d8b1fc3952caa22be53e20d0e145aa3137ffc58e,0,1,0,2011-06-16 04:24:33,427,346,3.1404,773,10,9,4,1125,79,36235.4567,2672,1177.9951,57524
4459,35d9347bcc475f0ac024b0a8ff9f61ce75792ae3,0,0,0,2011-06-16 16:10:09,265,813,0.1602,1078,12,7,2,73,3,55489.074,2,1193.438,44603
4408,63fa8711a3764951ac5ffe0cff4623c665ab6885,0,1,1,2011-06-16 20:44:50,100,159,1.0312,259,3,4,3,420,37,39433.9933,4,15.5617,77
4457,dc76b2764a6b70cfd3d41862e413a0f8e6f095f4,0,1,1,2011-06-16 21:03:15,1487,655,1.578,2142,3,3,2,1888,32,62183.5127,2719,1212.8846,44695
4461,33983738fabb4624881a1cca2d2b4406c2ea6330,0,1,1,2011-06-17 15:00:21,73,77,1.6135,150,3,1,1,1356,28,60615.1504,661,197.3,3892
4451,b20e796b5eb7996212bb6154b3ab81bc582bfa4e,0,0,0,2011-06-17 15:41:03,10,13,1.4482,23,5,1,2,1,4,81552.0,446,118.1296,5986
4458,82ca7c54452b83bd1c069e98e91831517425ed47,0,1,0,2011-06-17 19:20:18,53,47,0.0,100,1,1,1,1533,14,2808.0465,781,95.7409,49967
4477,5d2e61dc45cf62072564b021081f1b7d4b34821c,0,0,0,2011-06-20 09:00:24,614,99,0.622,713,8,2,2,654,0,34065.8032,808,271.5217,3796
4438,28610e42863df218c569cfd342d5c8c5243a09dc,0,0,0,2011-06-20 09:03:06,137,806,0.3712,943,2,2,2,609,86,80442.0,627,186.5261,54302
4460,3353a57d84509329628998d029f4807f0daa7c3a,0,1,0,2011-06-20 09:05:02,41,9,1.3242,50,2,9,1,2301,10,58930.894,732,216.9333,2538
4467,6b0760c34ecc9b3c5cdd213bb74762e0cee88b2c,0,0,0,2011-06-20 16:52:10,498,206,2.4005,704,3,1,1,162,7,75732.3086,2515,33.0,25
4456,818432c04317b50d79367b5095665010194771b0,0,0,0,2011-06-20 16:58:46,5,12,4.4362,17,1,1,1,205,7,85337.0,6,6.0,6
4462,a06b32842087d944388d9c90a79fc0e82fc35df6,0,0,0,2011-06-20 20:25:44,4,50,0.0,54,4,1,1,61,9,84378.6483,5,1225.8503,47370
4466,021d2a83813cf53d9173caf6615f0ef10a43db17,0,0,0,2011-06-20 20:25:50,127,17,0.0508,144,1,3,2,18,14,85789.0,7,1230.6101,44874
4472,8d348a4d4b1db2d239b1f1c0ae43278de1279208,0,0,0,2011-06-20 20:28:28,7,2191,0.0255,2198,1,1,1,34,8,1439.5621,16,1249.1708,45700
4463,7754f8266fce069936891800fed3937680137fdb,0,0,0,2011-06-20 20:50:08,419,29,2.2725,448,2,1,1,3,23,82670.0,44,34.0,51231
4468,84fee69634d0ab26eff5834896f44bd9fede6666,0,0,0,2011-06-20 20:50:23,32,5,5.3576,37,2,4,1,77,11,15671.171,16,1211.686,49285
4473,a419a26739d3c5b894a88649191a72b2da9e56b2,0,0,0,2011-06-20 20:50:52,264,51,2.0,315,1,1,1,129,16,85937.0,2809,1252.3063,45484
4481,db640f9d43b5a406b950eded93c56db4e4fa9c00,0,1,0,2011-06-20 20:59:37,8851,97,1.0936,8948,7,5,1,320,29,50012.7834,2862,1241.2594,43893
4479,03cab0948da6fc5daad3b09889e3d5aae1fd56c4,0,0,0,2011-06-21 16:46:40,83,217,1.3219,300,4,2,4,142,32,35895.0689,2787,1233.1536,44448
4486,4ac5d67a7f98ceadc89f68a05b49487c5ece9ddf,0,0,0,2011-06-21 18:06:55,87,14,0.5966,101,58,3,3,524,86,40051.2188,768,232.2892,2411
4478,2cfb33271a9ad0d9910afbf2f61aaf303c10ea24,0,0,0,2011-06-21 18:07:58,717,0,0.698,717,32,2,2,518,54,5551.2597,701,236.4184,3418
4484,7001cc606b3cbb6cb10f46491c58d3a1f1eea0a2,0,0,0,2011-06-21 19:50:53,4,1,0.9649,5,2,12,2,493,84,15817.6255,741,247.0009,3153
4487,749843507d1872e28f6cdb5fa67c305d4fc600ea,0,0,0,2011-06-21 19:52:55,12,9,0.8227,21,32,12,2,472,54,1075.2273,703,262.6399,2383
4470,5a684c8caf9f982ada2b6cfc8c2ccf4e79175923,0,0,0,2011-06-22 19:06:17,133,9,0.3872,142,15,5,1,29,6,7491.1055,12,12.0,53673
4482,de9dae0e825b9bc1eed21f5b99d9a8d585ce36ee,0,0,0,2011-06-23 02:14:00,36,18,3.7384,54,25,14,4,77,9,18642.2415,734,1236.8467,3040
4492,e17513b927522a4182e9812100979bb37ccb51d9,0,1,1,2011-06-23 05:49:35,548,103,2.2299,651,14,7,3,990,79,41171.2955,2862,616.6762,277
4496,d910cdb2db1919a4aa7c73b78d8107434df82223,0,0,0,2011-06-23 16:03:27,25,3,0.6949,28,2,2,2,643,84,59581.8529,27,1260.5743,49667
4475,b117c27fcdb36db8ebfddbf0ec9cd2cc15878e52,0,0,0,2011-06-23 17:12:36,8,7,2.2259,15,8,5,2,592,85,29378.4704,805,211.9629,822
4474,14f3714f0504e4c6ff3914d93512f590dd5aa5d2,0,0,0,2011-06-23 21:27:12,264,2191,2.0,2455,4,1,1,116,5,19254.864,16,1.0,18
4483,5a9a0c743d77d88a4fa4c4412f57be62eac61286,0,0,0,2011-06-24 02:13:27,996,63,0.1711,1059,2,5,1,28,5,26698.2743,12,1167.8755,50336
4491,b15070c091e1c24268e4a3344c1c1b6dfdb16ba7,0,0,0,2011-06-24 02:48:45,48,56,0.1418,104,28,12,1,2452,9,44319.7634,15,13.0,48116
4495,bf879002cd11a869656bcde769fe9893880c91be,0,0,0,2011-06-24 03:22:33,62,14,0.1369,76,2,5,1,19,5,46319.5003,12,1233.8273,43757
4497,0f4dd380e7e2da67165bf61e96a8942ed9ab0538,0,1,0,2011-06-24 14:20:01,6,0,0.0,6,4,1,2,1533,16,60827.4768,2831,1259.9472,46870
4499,0cc90903e4fee7f33e5a30da7bf2387f3626a3f0,0,1,0,2011-06-24 14:22:41,1507,4063,1.9603,5570,7,2,3,680,88,48535.3598,12,1198.8463,47619
4498,2d7ed1c20062f3d6d327b57348234118b2913f1a,0,1,0,2011-06-24 14:26:06,178,60,2.511,238,4,5,2,927,90,969.6075,1,1.0,51622
4500,59b46bfaa953b879821424600c5545982519e2ec,0,0,0,2011-06-24 15:42:31,1400,4,0.8449,1404,7,3,2,94,20,28716.9184,138,1087.0833,184
4494,62afb54215bdc82fa6145d3d25e2344f686b9f3d,0,0,0,2011-06-25 02:37:25,75,56,2.2313,131,5,1,1,9,10,32954.4104,44,1115.0941,42533
4502,66583186283fa4f22e61d85c1c0d2be16831f7db,0,0,0,2011-06-27 21:40:36,31,480,0.3285,511,2,2,2,548,86,23896.4874,1,1249.1048,50968
4504,8a80faf41e1179a31b7a42434f363e5c8e306aff,0,1,0,2011-06-28 00:14:09,40,174,0.0928,214,34,10,4,80,17,9909.9068,12,1233.9717,44381
4489,ebe9815431255fceba3b2238814be92360caada7,0,0,0,2011-06-28 07:53:08,128,342,1.5536,470,13,3,2,626,89,15065.1196,910,307.656,58042
4506,2f160464807686494e224417ccce8bb86a2f4e20,0,0,1,2011-06-28 07:58:56,614,99,0.8838,713,2,2,2,598,81,42592.0726,670,278.3382,4791
4512,27e2772b1d187d206278ee1645aeca49721451f7,0,1,0,2011-06-28 12:16:08,2,451,0.9079,453,32,12,2,550,54,15262.8083,731,248.1045,2931
4485,85ae73d98ed31ead1a9d123c30c9dcb4fa72212f,0,0,0,2011-06-28 17:59:17,71,181,0.0378,252,1,6,1,88,23,14091.8294,607,170.3333,1651
4501,99a680de3a9a9f6d12ba193b6279bfbd64a4f040,0,0,0,2011-06-28 18:00:30,56,21,0.9453,77,3,11,3,659,86,43773.3054,2862,673.0,49386
4513,1f75bfa1a854fdf9a6a635cba6ff6abd9d9dd814,0,0,0,2011-06-29 15:15:29,71,34,0.2942,105,1,2,2,874,83,52829.9976,613,216.9333,2937
4515,320b5eff985d43955e0c51fb8eb94d75048b6e51,0,1,0,2011-06-29 19:36:15,37,1192,0.1334,1229,80,1,4,364,32,12184.2337,832,285.8957,1372
4503,6d244e003624fcea4167fd3531d18cede65c0533,0,0,0,2011-06-29 19:41:46,31,10,0.0896,41,47,1,1,338,29,85337.0,689,282.6033,3405
4523,36638db022ee422c344630f44ce2f7e2096e05c4,0,0,0,2011-06-29 19:45:27,7,2,0.286,9,1,2,2,655,88,12751.6812,734,245.5821,3137
4516,f2f860e3d01c4a492fe1aca6206dec763746bb92,0,1,0,2011-06-29 19:50:42,24,18,0.393,42,12,7,2,546,85,82142.5,748,243.6741,3234
4521,b3513dfa76b176ce52415688c46a68c83e766b65,0,0,0,2011-06-30 00:59:12,25,1735,0.6917,1760,1,2,2,640,82,29556.8451,2862,1267.3333,50821
4518,c2bc2240c65d5108103a197546f69ba3c7f8d43f,0,0,1,2011-06-30 01:02:33,8851,42,3.3874,8893,4,1,6,182,13,46182.7582,2862,616.6762,4219
4505,9e58703187e2ca410e63a184a89ae14684374225,0,0,0,2011-07-01 19:54:15,19,22,0.4915,41,12,7,2,587,83,38606.6693,2,2.0,50639
4490,d64e8058726cbf46307075537c36fd03e41815ff,0,0,1,2011-07-04 16:20:14,30,23,0.624,53,12,7,2,563,82,73047.5461,2,2.0,48802
4519,8e701e01cdb656b65f8efa9c8264baf9f4a373f2,0,0,1,2011-07-04 16:22:12,99,513,0.2566,612,4,2,2,461,89,1597.7797,2862,673.0,49927
4525,9075d8988d7d5f99e5358f4ade97e68f5758904a,0,1,0,2011-07-06 12:17:23,94,50,1.2044,144,4,5,3,540,81,73642.5309,841,184.8394,6025
4517,dbcfe673224bb0f9670ada2bf6a3fcbdc23a6565,0,1,0,2011-07-06 13:23:29,35,19,0.8625,54,2,1,2,12,13,60245.244,2,2.0,48889
4524,c6f74b6180d629c4409384eb5d8b1868a177d584,0,0,0,2011-07-06 13:27:19,745,49,0.1336,794,3,19,1,69,8,4767.4206,2862,1267.3333,43082
4535,c2106fa776293f865975e9e591807f1b0213be9b,0,0,0,2011-07-06 14:13:10,276,104,2.3527,380,14,2,2,949,90,61389.7258,1,1.0,53589
4529,52674498cd9641563e430cf55214c8e60ed8fb1f,0,0,0,2011-07-06 14:40:22,29,813,0.9385,842,12,7,2,461,86,44836.4832,780,285.2445,4455
4536,6a9a336ad4a4621aeb7bf73a4e6cd15aaf74323d,0,1,1,2011-07-06 16:00:18,35,181,2.5413,216,11,6,2,808,2,31001.5425,1,1.0,46594
4526,e93778a9fab0872cb1a12a97a52513319ebcc6a5,0,0,0,2011-07-07 13:37:28,1,2,2.4303,3,1,3,3,84,2,3080.3758,589,186.7765,4106
4537,2d2105d6c40fbe2ff54add89a393f53830764db5,0,1,1,2011-07-08 16:37:37,31,10,1.467,41,3,2,2,576,82,8520.2673,2789,1228.9635,51648
4520,5a7c2e52d122bfee3c20431a333b42e73e4cc9e0,0,0,0,2011-07-08 18:15:49,26,1735,3.7251,1761,8,5,2,25,10,33504.7036,2862,1267.3333,56997
4530,bf77ac53da6022f017102b495fb1b810b2392014,0,0,0,2011-07-09 03:34:02,186,1096,0.9246,1282,1,1,6,2342,7,67753.9051,2862,616.6762,45592
4509,42e0de38aea1b4c85b20daedc11b7c00fc26d015,0,0,0,2011-07-09 16:12:15,19,1735,3.7251,1754,39,1,6,22,10,44425.2318,2862,1267.3333,47180
4532,19658abf4126a869146ae57648c3c61319f60890,0,0,0,2011-07-09 21:42:26,10,84,0.7916,94,2,2,1,646,86,25617.3089,1,1.0,49380
4533,b834dde2874ea6ec6b136d1fbb3618a5ee151b2c,0,0,0,2011-07-12 23:37:01,16,181,0.1238,197,13,6,1,2460,3,30786.7907,2764,1209.1191,48598
4548,ed18ee0c728ae069b7e41161bb301c9688491cbf,0,1,0,2011-07-13 16:24:31,1,82,2.4033,83,9,4,2,442,76,29080.1696,2653,1.0,44472
4542,273c53831faede08b6f539ea80517a454ab50a3a,0,0,0,2011-07-14 14:32:16,61,23,0.1531,84,2,1,4,110,6,81497.1935,2771,1229.7893,6451
4514,fcb7e7a7c51778cac7f5e82461b968bfffaefd3c,0,0,0,2011-07-15 17:03:13,95,574,0.9126,669,36,14,4,219,42,7668.8534,231,172.1584,1667
4528,65dcec661a1cade3ccd5adb1fa0b47b5df7b972d,0,0,0,2011-07-15 17:33:41,44,197,0.5616,241,86,46,2,1692,11,38247.6908,473,110.4388,2094
4539,ab72dc9270bc14235ea81f7fc73da1b780f657e5,0,1,1,2011-07-15 17:33:50,79,6520,0.2561,6599,2,2,2,157,19,1830.5052,515,131.8946,700
4545,1ade3939e596ebce0f7dae0d19d18439e3ab06c3,0,0,0,2011-07-15 17:42:11,10,10,0.0,20,1,1,1,141,18,83482.2695,434,102.1411,4071
4527,22ceeb3dc2e79d377f771a922be44aeceb97b6fc,0,1,0,2011-07-15 22:12:22,4433,17,3.9524,4450,2,2,3,167,26,20751.3658,247,170.3333,1643
4540,c5fb79b77576cbdb84496aacc4d4417b05e20f9d,0,1,1,2011-07-15 22:17:58,614,6,0.8618,620,2,2,2,74,19,10267.9817,719,196.3056,54302
4557,6eb154ba5616e0df3ce4f11c88dbb1c92d317465,0,1,1,2011-07-16 01:52:00,16,269,1.3685,285,3,3,2,540,88,31645.0693,3,1222.6065,48637
4531,83f9f455d76ec831666f8ed6d6dcbe811145e830,0,1,1,2011-07-17 14:13:22,2,342,0.2564,344,2,2,2,629,83,49966.5748,27,20.0,49171
4544,bf36603ea27e3093eeb7de5970323d65fceeee44,0,0,0,2011-07-18 16:34:02,26,243,0.3492,269,14,8,3,2008,3,69981.6639,734,257.7937,2900
4552,56045fc3a1386f8b8e8d197f9ee12d8f008839b3,0,0,0,2011-07-19 10:44:48,382,11,1.6648,393,5,2,2,438,87,43274.3472,730,216.9333,2942
4522,1d027c8b018efcf10d0e7ddca2849c78caedf5ad,0,0,0,2011-07-19 21:22:59,4,2,0.0,6,4,1,2,1533,6,36976.0677,2796,1236.8864,47429
4551,647e3e5a3106667e79c23e22fb7abfb0241dc5f4,0,1,0,2011-07-20 00:13:25,96,1735,1.016,1831,5,4,3,580,82,25980.377,2862,1267.3333,56323
4555,f3dd96507a53524ea507d1e0d701512c96b9bde3,0,0,0,2011-07-20 14:53:19,144,11,0.0,155,1,3,1,1533,15,77500.6339,2822,1248.7151,47640
4554,c9b29e2091768e1083dffdf08922703ffc15259b,0,1,1,2011-07-20 15:07:09,63,57,0.0,120,1,1,1,1,5,76977.2507,4,4.0,44428
4546,d20f76251e63b0f763df130152f46942a653a5e7,0,0,0,2011-07-20 17:52:42,21,9,4.4362,30,2,1,1,336,35,5290.2156,659,180.3349,2327
4564,43a1f3584b8ca8f4683f4e7c84c83c9fadd83b05,0,0,0,2011-07-20 18:09:10,255,764,1.1181,1019,56,3,2,720,76,71223.0555,6,1.0,45095
4569,365f11ce06c5b196f08851a9d89c122c24941743,0,1,1,2011-07-21 11:11:50,716,407,0.8564,1123,11,4,4,1177,2,46307.5196,452,181.4755,60576
4550,a720178032af2b32bbf571784f414a909f738c28,0,0,0,2011-07-21 19:33:24,745,29,0.7505,774,2,2,2,151,19,12427.0253,2862,1267.3333,55429
4559,37326e75f1541f6f7b6ab1a60338666df30ab0f5,0,1,1,2011-07-21 20:10:54,11,27,0.0198,38,1,1,5,32,5,3978.0352,19,161.6983,87
4570,be22ee49b7156d57378cd4812c38e8b4d0dd03b0,0,1,0,2011-07-21 22:42:26,177,126,0.8326,303,3,3,2,637,88,15470.1372,2680,20.0,47878
4556,8736fb6c5b116bc3d8922aac6c3ada7c7df66f1f,0,0,0,2011-07-22 01:13:06,24,9,0.969,33,3,3,2,618,83,13860.4748,2,1262.794,50348
4561,bb629258475b528b94f803ae08c108230c6e8b76,0,0,0,2011-07-22 01:48:17,127,66,0.0767,193,1,3,2,18,11,20823.542,7,3.0,44769
4567,d3890470cf71fbad887a5c4bc256bbdce92c654a,0,1,0,2011-07-22 14:56:25,0,804,1.486,804,27,1,1,28,37,43943.4794,15,1036.8586,50459
4553,ba1fb81ff92f5e9379257eac6d1dcdbd2f4119c2,0,0,0,2011-07-22 20:22:01,1205,948,0.4306,2153,45,2,4,347,30,7486.1577,836,314.0602,56165
4563,4a7c2c76e22c1c6677fcef52b851a0a290911be8,0,0,0,2011-07-22 20:26:15,344,12,0.7247,356,4,2,1,339,28,2360.2139,795,276.3472,4089
4568,bc09ebf50d646d4d0bd2a6ffb325360f09546673,0,0,0,2011-07-23 13:29:02,4,2,0.0,6,1,1,2,55,15,43731.1901,5,1246.3447,45445
4538,2c000d92f2985a90e3cdb262e30cb86d99da4517,0,0,0,2011-07-25 15:23:00,24,187,0.9834,211,3,2,1,116,17,60544.027,1074,362.0661,54302
4560,e0b88b0d944a04223d58a605addcc3e8a304b805,0,0,0,2011-07-25 16:35:46,86,5888,3.5113,5974,34,10,1,90,15,16043.9712,611,308.7295,4703
4574,97630596fb983d10c8259f299ce0d6ef649c219a,0,0,0,2011-07-25 18:41:30,72,10,0.4655,82,2,2,2,620,85,75967.2741,27,1245.5102,48874
4579,b9dc6a60049118c2949ec4dc122ddc779a4973c6,0,1,1,2011-07-25 18:58:27,164,269,1.6428,433,7,4,3,738,86,28895.0744,490,130.992,4032
4571,7343adaef2a39596dc13c56a117312319bb3f650,0,0,0,2011-07-26 08:20:41,344,19,4.4362,363,47,15,1,329,36,46693.1742,676,220.9934,3884
4580,9f925e92215069b7ef8f3551d19dc4a57b06ba6e,0,1,0,2011-07-26 08:30:06,267,0,1.3788,267,9,7,1,1177,3,72225.8004,465,351.6556,58042
4565,4b0192a30073c8a00940a054ae4bc84dd6d8bbf7,0,0,0,2011-07-26 08:42:42,1205,319,4.025,1524,3,1,4,134,29,70190.8455,974,341.3954,2880
4573,3ac0d33e31d1829af7cbd0e3ff127357975716f0,0,0,0,2011-07-26 08:57:17,3,2,0.0,5,1,1,1,75,8,2191.0781,765,238.8542,2116
4584,e688815e5a05ba75b7a78c2da58d11a22d95b65c,0,1,0,2011-07-26 18:42:37,708,122,2.7065,830,22,10,5,964,0,47173.5169,2862,1219.8778,277
4586,8efd3688645abcc24422713350022f32a0c664f4,0,1,0,2011-07-26 18:46:03,327,84,0.9366,411,2,1,2,587,82,7453.9511,2813,1.0,49293
4566,37135cff132e671372f04475f7a81eaee1e93c05,0,0,0,2011-07-27 01:20:15,26,25,4.4362,51,47,15,1,43,7,24257.0123,6,1251.9713,45610
4575,cb2ff66af9b5a0b54a6ca70231319de1b7a1d7b0,0,0,0,2011-07-27 01:43:16,996,977,1.1269,1973,3,2,2,453,34,19083.1185,2703,1.0,51286
4585,d04a8b514302d23ddfd28a181f21a78d9b2c40e5,0,0,1,2011-07-27 15:13:36,92,24,1.5274,116,4,3,2,649,83,70032.7493,2862,616.6762,48889
4572,31e0a2aed934ba723d1e18157ba22ee1f1beaf9e,0,0,0,2011-07-27 15:22:46,85,38,0.5387,123,2,2,2,451,82,34275.2389,791,296.353,1194
4581,6ca7d50df5e3cc2aa7bed2c329ebd7d240c05954,0,0,0,2011-07-27 15:26:32,614,13,0.6858,627,2,2,2,797,0,23469.0756,771,227.8176,3914
4589,7dedd603babad5813a7b28a4c7ffd0e485daaba3,0,0,0,2011-07-27 15:28:05,992,21,0.7697,1013,28,2,2,417,77,6066.9833,724,248.6284,2943
4558,d033b1f8e79db07416f075fe84c72406a21e4393,0,0,0,2011-07-27 18:42:32,19,63,2.8246,82,1,4,2,16,7,104.0,704,116.6746,54302
4582,7dfef3e017637ef21f3a4c1ba715e3bfec636ed4,0,0,0,2011-07-28 20:27:13,47,57,0.9154,104,7,3,1,2278,13,50177.0,566,192.4053,3527
4549,99f0cf7480ee12d07e6d65b74b7d3557aa68379e,0,0,0,2011-07-29 03:46:59,65,4,0.2971,69,2,1,1,189,16,15936.1576,1,1200.9227,49019
4583,4cdc4f133cbe0719a1e25610df5e2d47b3fdd744,0,0,0,2011-07-29 05:13:04,745,1735,0.1309,2480,2,1,6,119,22,8944.8946,2862,1267.3333,43794
4587,6bdc779f723e67cc129321b3dc28ce6daa4db4cc,0,1,0,2011-07-29 05:47:31,1006,89,1.4542,1095,4,4,2,464,41,36242.3067,2,1227.7327,52628
4547,6d10bb7f701587b1a3e5ab25894e8ea68f19b00e,0,0,0,2011-07-29 05:53:51,264,2191,2.0,2455,1,1,1,88,19,85937.0,2822,1245.6439,45795
4578,b53554f5c32e132ecf4bfc410e2f52ea6347e008,0,0,0,2011-07-29 14:00:25,6,197,2.7794,203,86,2,4,108,14,71544.4351,666,262.323,2567
4588,b043d68211052e31dac24ab2f27dde16d356a784,0,0,0,2011-07-29 14:29:49,523,37,2.1797,560,2,2,4,52,46,53962.2016,613,127.2244,1698
4591,a7595918ec46a5dfa24c216418596ab462356692,0,1,0,2011-07-29 15:33:19,170,33,1.2547,203,3,3,1,632,88,16958.5699,581,211.1549,4762
4590,c6741f30fa448906a27b976a03559d23e77ccfed,0,0,0,2011-07-30 02:29:32,47,119,0.8683,166,3,2,2,2055,11,27947.0656,2748,1237.4463,53005
4562,51be0c068dd07a9a3e0e943309ddf29f1b5061f2,0,0,0,2011-07-30 02:50:41,130,7,0.0,137,1,1,1,61,17,69214.1806,2712,1192.2249,9
4592,5f474da8ee68a306816d2134190996b118b65d96,0,0,0,2011-07-31 03:55:44,20,82,2.3588,102,8,4,3,740,88,37274.6071,12,1225.9057,52082
4601,3ada8a517dc2afe9d5822c59e162e0ecd242dfc7,0,0,0,2011-07-31 04:04:53,1207,71,1.2263,1278,6,4,3,803,84,3425.2194,2805,50.0,48152
4593,ab2fc1f9e4c378e2f793c204435b1b728191d450,0,1,0,2011-07-31 04:40:42,70,29,0.8417,99,4,3,13,663,85,32882.9021,2862,673.0,57933
4599,6015414a8bb8d6b4b04cfc0270bfc3ed2a3a64a2,0,0,0,2011-07-31 21:17:12,351,10,0.1137,361,25,1,3,277,37,53916.7558,2743,11.0,47394
4603,7f31a12c90d52f151788a3b293f2d9c6531d86dc,0,0,0,2011-08-01 14:05:34,181,331,1.7375,512,5,4,6,1997,85,62977.9112,2862,1253.8645,51830
4596,8906a0aab5f3a1630c63a18f0a5ae158490530fb,0,1,0,2011-08-01 14:31:36,121,32,1.463,153,4,3,3,630,88,47260.8138,785,215.5121,1154
4600,826eab0e457841c2209742e3d0e56fd87225f5ca,0,0,0,2011-08-01 14:47:04,144,61,1.9591,205,4,4,3,689,82,47152.5645,622,221.9529,2173
4595,c918570674c2c0106b3df328cc5aa89fb41372dc,0,0,0,2011-08-01 17:33:35,731,15,0.5321,746,27,2,2,704,86,41595.9597,815,300.0511,6000
4602,797fb638150765ce35fa5979bcc74eebf45bc8fd,0,1,0,2011-08-01 17:34:45,63,22,0.7737,85,3,30,2,822,89,78312.5,686,273.1786,4044
4605,53142fe48143ee45f89a0a8ea743472ac2cfbb07,0,0,0,2011-08-01 23:19:22,344,214,0.0565,558,2,15,1,133,17,35243.3325,568,183.4348,2530
4594,388c690c228b3e93ca870d5f6bdfe3554bd5c6e0,0,1,1,2011-08-02 13:27:10,174,51,1.2606,225,9,3,2,606,86,50567.1148,2862,1267.3333,48055
4608,caea7ffd6b7e71bd6bb12409cb619545d30366c2,0,1,1,2011-08-02 15:02:10,34,54,1.6677,88,5,6,3,532,81,36101.1945,852,299.1646,5892
4607,640deaa8746631d3b3a6e278ab7a913c83f69c2b,0,1,0,2011-08-02 15:05:50,337,160,1.8469,497,9,7,3,768,2,5179.1161,834,313.7819,164
4610,2816bd471f619bdb25ea5efb824475904d6c1166,0,1,0,2011-08-02 17:04:15,399,97,2.5406,496,3,10,5,596,91,42090.1302,2862,1228.6016,50887
4604,455dcc54ec470b210ecf895f479581db6fad20fb,0,0,0,2011-08-02 17:09:22,164,23,2.3542,187,7,5,6,532,91,24418.1913,2862,1255.684,50096
4612,c024da47b4f975e2005a93d7f5c8add651a679f5,0,0,0,2011-08-02 21:43:55,3984,5,0.6378,3989,29,2,2,1999,4,80796.8104,2712,1.0,2
4598,90548386ef011c016bac70c4876ac51ddab648cf,0,0,0,2011-08-02 22:05:34,1006,30,0.449,1036,2,2,2,112,10,47956.4611,2,1232.6377,6
4614,3193fd526bd4dfb1b4441d3aba621f2413399ead,0,0,0,2011-08-03 18:58:21,1278,1,0.2716,1279,2,2,2,449,2,46822.5728,24,7.0,51799
4597,c715b6d9be15c637dddd156456616bb4cf598c47,0,1,0,2011-08-03 21:40:34,120,238,3.0708,358,10,6,2,2576,18,23667.382,910,312.0917,54302
4620,5dc93856fd052607bfbfd8c394fbc57ee44e87d9,0,1,1,2011-08-03 21:44:53,34,211,0.9638,245,4,3,1,339,44,19573.9435,536,134.3155,106
4609,032b476c522e7d78c244b6a132027197b7434a08,0,1,0,2011-08-03 22:06:14,42,0,1.5269,42,5,3,4,362,40,5982.7646,557,192.128,533
4617,76e0b6827282693252c0065fed7127f120b78315,0,0,0,2011-08-04 03:59:19,40,187,1.9327,227,6,3,1,67,18,54349.3013,2534,15.5,43210
4606,4ebba00095cb428c6d9ba9d3eb0f7e3b173b90da,0,0,0,2011-08-04 04:33:24,745,1735,0.6412,2480,2,2,2,66,20,26437.4949,2862,1267.3333,55099
4615,931c2f1208dee513634cde9b701ef8a00c566d89,0,0,0,2011-08-04 20:50:25,878,13,0.0702,891,2,1,1,193,10,56577.4754,601,168.9819,1676
4618,784e5b53ab0ac750da982b07ded6157032bc8230,0,0,0,2011-08-05 14:34:05,79,210,3.5113,289,34,10,4,97,8,60373.6559,606,331.3122,58699
4629,3199735bf3323a6bf97f6d5d1ed4e7c5c4b7a1c7,0,1,0,2011-08-05 14:35:15,114,6135,1.3828,6249,3,3,2,1064,85,55261.3479,542,168.0853,6552
4623,e11fe50bc74a644a97908b84e80a568b2a9e5f35,0,1,0,2011-08-05 20:19:45,8851,50,1.879,8901,9,6,4,706,89,53756.0858,2862,1239.2093,56326
4625,26dfdac558a32c41b366ae6ba5afd5e00a3eda5e,0,1,0,2011-08-05 20:22:29,125,127,2.1911,252,7,4,1,120,32,63470.3,231,1212.4673,51284
4616,65bfd9c1374b00b3340f898a58cbf3e3516119cb,0,0,0,2011-08-05 20:25:39,180,99,1.4864,279,4,1,3,84,10,202.7539,80,1237.3012,44918
4621,64d3409556de0b305cd478877c6afc108d8f02b0,0,0,0,2011-08-05 20:25:57,607,10,3.7384,617,25,14,4,2211,5,85689.0,2802,1252.6019,3040
4627,53dc854ba75612213f88ce50c48c5874205a3868,0,1,0,2011-08-07 01:51:44,51,73,1.8452,124,4,7,2,2576,22,39985.0897,2786,2.0,6
4611,8a8a2bd2e2c2f7a562914d860d389456b6d57475,0,1,0,2011-08-08 21:08:04,291,163,0.9868,454,6,3,2,170,90,57905.8084,684,188.849,194
4626,b6ea29d251fad924ac18a5bc6195352ceefb776f,0,1,0,2011-08-08 23:41:44,144,2,0.0,146,1,1,1,333,36,33937.4686,575,190.1889,2278
4632,ba1821f87c0e757a4a1882d071c99952b7bd4695,0,1,0,2011-08-09 16:02:29,265,41,2.6612,306,11,6,3,728,83,43793.7101,51,12.1104,2319
4634,016068ab27cd6735309e44837b09d77a2387d4c2,0,1,0,2011-08-09 16:34:49,0,111,0.0,111,1,8,3,880,0,26113.6409,722,244.4818,1682
4628,c9ff755776931c8d999699401b3a73bc796fcf3c,0,1,0,2011-08-09 18:37:20,62,25,0.2529,87,2,2,2,667,83,13538.3886,2862,616.6762,50538
4639,98fb5641edcb603ce3ecbc66f56d2afc69bd61ce,0,1,0,2011-08-09 20:26:07,731,364,1.9888,1095,6,4,3,765,90,41168.4538,541,317.0596,7116
4631,8fdc12e5e3da9ba229cd91fb2bb6dd1bc1385a36,0,1,0,2011-08-09 20:47:35,1,12,0.3337,13,8,2,2,686,83,41009.6955,2832,1.0,49099
4637,4d9d9a91c244a1e0d3a399e49abe7dd16f6ab5be,0,0,0,2011-08-10 15:31:39,1,764,0.5849,765,4,2,2,485,79,75388.7615,559,312.1278,5762
4640,25dd19c9b4387b8bd5039d2217dd01444e097799,0,0,0,2011-08-10 16:08:31,10,51,0.0776,61,39,1,6,342,28,38.0,2862,1267.3333,47152
4619,0bbc22c00dfcce3d0945e61e94dd91d78ed51a26,0,0,0,2011-08-10 17:04:39,1995,3,2.0815,1998,5,5,4,632,81,59346.8578,3,1225.6558,55032
4644,f599559221ad074d9af0a99d7ffdd482c2b6b10c,0,1,0,2011-08-11 19:29:34,183,90,1.0889,273,8,3,3,1046,83,11562.048,2725,13.0,53899
4646,453a67130bed7990fe018561f292ece899a5e3a0,0,1,1,2011-08-11 19:29:38,5551,3317,1.9463,8868,5,3,2,878,77,5103.2252,1,1.0,45398
4645,4069d8af44241b84cfdfa60dc362868ef5241ecf,0,1,1,2011-08-11 19:36:06,121,13,1.521,134,5,4,3,956,89,2416.2074,2,2.0,8
4649,9ede4975ba35136763a2fcf36c5447d9bf1e2290,0,0,0,2011-08-11 19:43:13,67,17,0.6251,84,3,3,2,708,88,2870.7221,2862,673.0,49937
4635,336476f88d107d54ef9534be1e6c0bd81e148484,0,1,0,2011-08-11 19:49:24,33,64,2.1894,97,8,6,3,929,79,18140.867,2733,1.0,47826
4647,664d2516f33f0eb033f17e63ac82e180c8faf01c,0,0,0,2011-08-11 20:05:38,15,12,0.0,27,2,2,2,1027,73,9736.6629,5,5.0,6
4622,66c41a374fe6593a70d27ac375f80042e3462c42,0,0,0,2011-08-11 20:05:59,59,513,0.1409,572,3,11,2,935,88,4073.1858,2862,1243.0254,49386
4636,3b198d148546d2cd124a64a42353430ee176559c,0,1,0,2011-08-11 21:07:36,28,15,3.4069,43,2,1,3,6,10,16142.2025,20,6.0,48127
4643,b8d65836a9dec07b355cdf91a4a9e74180f2aa87,0,1,0,2011-08-12 19:33:28,745,1735,1.5581,2480,3,3,2,594,83,61871.4886,2862,1267.3333,49436
4650,a6ecfb9689fb757e7dac1c31dbb78534d81f8fde,0,1,0,2011-08-13 06:00:13,71,337,0.4137,408,5,3,2,351,52,40641.8164,2662,1189.6131,52756
4638,f9d057edbd56776f73c83a3998664f1334c32a17,0,0,0,2011-08-13 06:00:42,607,23,0.1637,630,25,14,4,139,20,44732.141,734,1244.9454,9424
4648,9795e845d2e0350974e41fc24f2b2447a8ed18f5,0,1,0,2011-08-13 13:53:27,19,1735,1.9138,1754,3,5,3,606,86,49106.7521,2862,1267.3333,47919
4653,0ff74edcd6e1d782d98f76e241fe790cfd04e36e,0,0,0,2011-08-15 04:09:55,8851,17,3.3874,8868,1,1,6,27,20,31891.4015,2862,1258.2011,47025
4641,e987e3b88fb8ca88d1c69bbe48235dd770d8042a,0,1,0,2011-08-15 20:45:38,1367,46,0.8925,1413,5,4,2,432,45,32079.3857,1,1.0,50907
4654,2fde44b25cb234ebbdd2389b59daf69a2456b176,0,0,0,2011-08-15 20:50:47,8851,24,3.3874,8875,2,12,6,122,17,3228.4499,2862,1256.6604,46878
4662,24bf5a20ea168e387b9537654b169f1156a32c1b,0,1,0,2011-08-15 21:01:39,190,40,1.5137,230,7,4,2,1010,0,28620.2835,43,85.8812,3118
4652,01883da5fc68b6570fac934fbfe5e5340b5b98de,0,1,0,2011-08-16 18:27:05,0,48,2.5971,48,28,1,1,917,52,35409.5756,613,119.58,1507
4655,4deb77971a43cf5a55bd2e2835255ff044137fc5,0,1,1,2011-08-16 20:47:22,159,140,1.049,299,5,6,3,784,84,25999.021,138,53.9522,713
3533,4ce338af735fdde13ec2a77be7ec9b97a804c04d,0,1,0,2011-08-16 21:31:38,9,13,1.5195,22,2,4,2,947,81,12368.3867,148,41.6673,630
4651,aeaab2445e3fcc022ee3d1c92eda8a56dd509b5a,0,1,0,2011-08-17 02:20:48,2092,111,0.6179,2203,1,1,2,573,81,35235.0186,2755,1223.9505,47171
4660,4921e6b691b0a0da510b44a6948bfeafb52c632a,0,1,0,2011-08-17 05:52:45,72,197,1.2706,269,6,5,2,568,88,26378.5379,2,1242.674,48325
4624,79ec1bf35269139cbeae15cf17529aab4a32f261,0,1,0,2011-08-17 11:46:55,198,28,1.1442,226,9,2,1,855,49,56008.4368,272,1267.3333,505
3530,b95a49c5f9e22225fc0ebc703fd62bd8241bd9d7,0,1,0,2011-08-17 21:52:41,471,171,3.3252,642,51,18,1,803,46,28075.6661,2,1.0,8
4633,266a213453b85b4293e566d87cfd6419c0c08c19,0,1,0,2011-08-17 22:00:06,87,388,0.0,475,10,9,1,51,23,24871.7143,2703,1.0,42375
4656,e7be5e64ddc0c48512a5d8cfc831d9399203da94,0,0,0,2011-08-18 19:38:40,7,11,0.0,18,1,1,2,1533,0,83166.8656,5,1241.624,44625
3537,a9e9b720fb04aa7218a0815ea4cfeaa1ef60c065,0,1,1,2011-08-19 01:54:25,62,21,1.4295,83,3,4,3,608,88,17832.9181,1,1205.618,56214
3544,055a98ebf1d9e9fa8cc349024c94384d715fcfb3,0,1,0,2011-08-19 01:59:22,245,1563,2.2915,1808,7,6,13,640,87,10429.0358,2862,673.0,58331
3542,8a8e1746dd4b4cebadd1543371bfef013233324d,0,1,1,2011-08-19 15:00:55,34,283,1.7094,317,3,2,3,748,87,65008.5632,281,45.8864,520
3541,db2d62c22ab514efcb3c137f3b09f2270df84aa6,0,1,0,2011-08-19 20:44:51,2421,288,1.4891,2709,7,1,1,594,22,77764.9632,136,42.8563,465
3536,351c0244b5c7057b64c45575bae20e6fe808034d,0,0,0,2011-08-19 22:42:45,8851,1096,0.8666,9947,2,2,2,656,86,22496.2165,2862,1256.9851,49370
3540,5001907f77a0c5f70bf1cdd6acd50242b37b47b5,0,0,0,2011-08-20 02:05:28,176,65,2.8441,241,16,9,3,708,41,23557.3954,2553,1171.5645,39688
3550,791a78f92c8318991cd9207bbca99b470174044a,0,1,0,2011-08-21 04:50:55,305,65,2.1193,370,10,5,3,761,2,32095.558,1,1178.0752,1
3534,477bb5f34b8e2599d759f9548df940a3e0a28280,0,0,0,2011-08-22 15:31:59,24,44,0.954,68,3,3,2,497,0,63089.0814,257,96.2748,3753
3548,34e2ae59a9f8040d8c33a274fd0dd35822beee5c,0,0,0,2011-08-22 20:55:40,15,331,1.0858,346,4,4,6,471,85,25827.8414,2862,1052.6,50209
4642,2e0a805f15bcbb6fbaa6c08a01efc4dc99a28648,0,0,0,2011-08-22 21:36:04,53,813,0.9037,866,3,2,2,721,85,34350.5066,2827,1251.3611,48730
3549,c953ee622b90d4eacc916461a2ae31d3f052b331,0,1,1,2011-08-23 20:05:38,152,139,0.4965,291,3,3,2,609,81,63257.979,764,92.8101,58042
3545,cea0342823bd306ff469d61c37fc851c9088daea,0,0,0,2011-08-24 15:46:05,17,7,2.8246,24,12,4,1,14,8,74105.0389,713,187.8796,450
3546,b1899ee46e2a8b44886010685de475f6374899f1,0,0,0,2011-08-24 18:30:29,96,100,0.3521,196,6,18,1,2485,86,14662.0282,15,13.0,59494
3554,38e3e85b121ba6308ba3ceb26312d12ed0d609ec,0,1,0,2011-08-24 18:52:23,195,199,3.2192,394,23,9,3,705,4,49891.9514,111,49.4217,528
3555,1a0134376b2a6e0aa5ba9b308f2a5306b7abf605,0,0,0,2011-08-25 15:36:57,8851,52,0.0791,8903,3,2,2,692,82,76812.5081,2862,616.6762,51981
3543,91b5dd0e10802327406df84fdd66b5c3c40e7af4,0,1,0,2011-08-25 19:28:24,633,68,2.3307,701,11,7,4,1422,90,30453.7952,2862,1241.9221,50840
3539,7c08ecde3b91e9ecfc0fc48555e5ae4551c792fc,0,1,0,2011-08-26 03:54:32,49,31,1.6728,80,6,3,2,624,54,32624.5663,2823,1244.3374,51235
3547,38a55bab7ee054bce83028b5f0abda3e9e9e7ebf,0,0,0,2011-08-26 15:43:39,206,172,0.7312,378,2,2,2,346,11,23418.6157,613,39.7243,80
4663,ed0df5f4786854a7cc9596c43925156629fd1ba2,0,0,0,2011-08-26 19:31:11,1092,169,3.0766,1261,27,10,3,951,41,42517.9809,2525,50.0,620
3556,f9497f4b4c18c6c47ebf14c525bdce4c1f0fe1ed,0,0,0,2011-08-26 19:39:04,86,912,2.5848,998,11,6,3,1224,87,77333.25,2665,1180.1884,48052
3561,cbd6eb804cdffe735deab7a64e438f50ae9f64f0,0,1,0,2011-08-26 20:00:35,6,9,0.0,15,1,1,1,75,19,2848.2032,4,1238.6491,9
3553,3d4e07f7eccd607529c9323c2b0a474e76f1d6ce,0,1,0,2011-08-26 21:31:35,169,73,1.4131,242,9,6,2,340,41,17914.2967,1,1169.3538,1
3564,0a4b1667bee674f7c0a22057cbdab97e368a20d1,0,1,0,2011-08-29 12:53:02,138,96,0.804,234,4,5,3,557,0,77453.7299,151,164.5,520
3557,bb7196312dae9807f42324ec36707b07fba4ad12,0,0,0,2011-08-29 15:07:04,987,2291,0.8113,3278,8,2,2,799,0,30728.6587,849,302.6489,4821
3562,86cbff7af6df6a3eea2f27b7ba01ad57e8436990,0,1,1,2011-08-29 15:15:32,337,15,1.5337,352,4,5,3,1019,88,44205.5768,2862,616.6762,50128
3559,8fd5ed8014837ddccbb1d5dd794257038e052eec,0,1,1,2011-08-29 20:28:46,168,132,1.1113,300,4,2,2,917,83,45516.6116,2830,1.0,51208
3566,ea5a3d15f03802c38eed19e8f9a0011ceccedf6e,0,1,1,2011-08-30 05:50:30,168,50,0.6909,218,4,4,13,559,85,35950.4727,2862,1254.7275,57852
3552,fd0cee84b4f580dab5f7121d0c2ec3c9396a1d7a,0,0,0,2011-08-30 13:21:50,38,2191,0.0568,2229,4,1,1,16,1,45964.3481,16,1225.3177,18
3558,4f7ed5a7c26d1897f6e00e0a0f2fb018a3c475fe,0,1,0,2011-08-30 13:39:54,8851,1096,1.211,9947,4,2,2,576,82,51701.7343,2862,1259.5407,48897
3568,ffdfe1b102c164cb46885befb845057aa07102a4,0,1,1,2011-08-30 13:46:56,4062,126,0.4157,4188,18,5,3,939,81,54020.4232,292,103.4706,4882
3560,16d73851665146c763b24c947e7a157fe24e666b,0,1,0,2011-08-30 14:25:53,857,1568,2.702,2425,1,14,5,452,0,59607.7048,2862,153.6518,260
3575,2cdda7688166d9ec84063ec907510597359c3090,0,0,1,2011-08-30 16:57:57,11,260,1.1405,271,3,2,2,535,89,8796.2737,2862,131.1159,6320
3565,64f933791b022fe356e2d55fd668683068dacc84,0,0,0,2011-08-31 15:02:23,51,88,2.3538,139,7,6,4,1079,89,57385.9074,27,23.5,54358
3579,dec9eec41f7a1c060db8a6bc946aa012c81b73f0,0,1,1,2011-08-31 16:06:09,302,76,1.7328,378,8,4,3,857,0,55668.9857,648,288.4974,5000
3574,9361543f8021c5e8c2156fdb8b6b9a39ce852667,0,1,1,2011-08-31 16:32:37,92,342,1.798,434,4,2,2,613,83,36686.2788,27,20.0,51508
3573,7ee366f5fb5a61ce86e89aa56a144e19295a296b,0,1,0,2011-08-31 16:41:26,372,1096,1.8103,1468,6,3,6,2342,32,40833.6999,2862,616.6762,47702
3570,32182f09e115236d391f3d2f86a21ac2d408313e,0,0,1,2011-08-31 16:55:19,3,99,0.4148,102,8,2,2,591,85,14780.4393,696,265.1101,3409
3584,2e3975ce778f7cf441f72c8f89cbef2d2f604ad9,0,1,0,2011-08-31 16:58:04,3,3,0.4113,6,32,2,2,593,84,78852.0,764,263.2762,3587
3582,994a03cdee262e533d42422084f5066bc8cc7cbf,0,1,0,2011-08-31 18:17:06,25,23,1.3832,48,2,3,2,200,33,24511.5,2738,1.0,52318
3571,107d16741315792b48f1b9a0ec5920f1df95ae13,0,0,0,2011-08-31 18:28:39,52,35,0.1288,87,8,2,2,576,80,4623.1155,2862,1267.3333,2323
3572,55f10a86234c1cecf9abe4b2c8848af5bb875dd3,0,0,0,2011-08-31 19:31:39,264,26,0.0143,290,1,1,1,56,9,8557.7507,16,1258.1688,45765
3576,6e325c5ab3bddec33a3083bf6e079e218e460d59,0,1,1,2011-08-31 20:04:51,276,21,2.3585,297,8,1,1,2444,12,20485.6111,166,1267.3333,3343
3563,c8afd769e5baec91f20508d0a37bf1bba93f09ff,0,1,0,2011-08-31 20:30:20,2118,238,0.0,2356,42,10,1,427,70,35984.4093,102,64.9047,702
3578,dd7c8552c330e4d8a8d147ae7f31e39f3a6de62e,0,0,0,2011-09-01 13:19:20,267,187,0.1051,454,9,1,2,105,19,83604.6358,858,275.7993,4341
3580,7cf0efc0d65028e7cf6730fe38b9e8b2a5638c97,0,0,0,2011-09-01 13:19:54,109,35,4.2176,144,2,23,8,79,94,50422.1985,812,229.5607,309
3567,8c89038a38d5b856c39b11fc8265a3abd0362217,0,0,0,2011-09-01 13:21:18,443,243,3.1154,686,14,8,3,2008,14,84197.0,734,242.3667,2173
3577,01f32820fba5d036adf6f491a49a1cf431e12dc2,0,0,0,2011-09-01 13:22:17,443,243,0.2939,686,14,8,3,231,12,84197.0,734,233.9753,575
3590,273dc7e6dbfa9d8db717b9d90e6b8f117e982e7e,0,1,0,2011-09-01 13:28:38,250,45,1.6687,295,8,7,3,675,78,66905.7405,2862,1267.3333,5204
3581,b87e2a7582de7fd5f87c6aa64150fd3e7f7e230a,0,0,1,2011-09-01 16:12:15,15,7,0.7296,22,2,1,1,340,34,63508.9699,213,193.4736,56165
3583,c927a41a3692ddc31ff952188870bc087c6cfd65,0,0,0,2011-09-01 19:13:58,663,31,0.1389,694,23,1,1,116,2,19864.2533,815,244.5103,58131
3587,08e638ff0c9dbddf60d97dc5d11ef58e08524284,0,0,0,2011-09-01 19:51:48,5,4,0.0,9,1,3,1,338,38,12282.5741,643,172.7649,1958
3585,e4e19931e228d24988b37c2dd21429126551ddf0,0,1,0,2011-09-02 10:24:21,499,123,1.5052,622,10,7,3,760,0,61362.5843,511,325.3765,59248
3586,7182c50820f09eb39214225ab45a8376446baccc,0,1,0,2011-09-02 11:43:12,1,0,0.0167,1,7,3,1,15,7,4753.9806,711,241.7032,2846
3600,333a24d90d24b05443f9b6ac9d00674616fd6a1a,0,1,0,2011-09-02 16:12:36,75,1371,2.2017,1446,7,3,3,771,13,9761.0841,915,328.695,5407
3588,6d0d57e29b6dc44988c5f23b90f129181ec1c94e,0,0,0,2011-09-02 17:53:05,17,27,1.2853,44,4,2,3,641,83,40942.7274,734,338.8333,2886
3594,19b8a60d419341fe2e23bbcf162a1d2dc9479c53,0,1,0,2011-09-02 17:59:06,60,1,1.3837,61,4,2,2,616,83,1336.6607,771,219.3277,3707
3589,8eb0a938938ca12448ee7944a802589d86b8b66f,0,1,0,2011-09-02 20:23:42,54,21,2.1148,75,5,4,3,703,80,39939.0758,148,54.9643,627
3591,f35a6b59fad445d268d9705ed3527492f05e95ff,0,1,0,2011-09-02 20:26:31,849,181,3.5721,1030,1,1,1,1913,84,11.0,249,165.5562,868
3593,35a026cbd5c4991cbddc748f0974ad5a03a13c81,0,0,0,2011-09-02 20:26:39,53,56,1.4956,109,6,2,1,26,4,41508.9908,36,112.3903,2616
3596,a0d45f7f3185215f72e7d9e9104d2055d262cb8b,0,0,0,2011-09-02 20:26:53,123,589,1.605,712,3,3,2,473,26,43336.9493,551,296.2727,58042
3595,a8c6e6224324a48eadf60a10d2181828a3fae4e4,0,0,0,2011-09-05 09:23:54,116,67,2.0,183,2,1,1,42,5,46724.2029,856,310.9949,46227
3606,2ba21e1fcdd8682d5ce0fd404bc3ab0d3f0f9683,0,1,1,2011-09-05 14:55:28,118,72,1.3895,190,6,5,2,762,86,61357.387,832,199.0443,1544
3597,45a369468db084af2203c640c18a1b8d02ea3ded,0,0,0,2011-09-05 18:55:02,765,1096,2.4893,1861,12,2,1,2342,91,60989.6949,2862,616.6762,61371
3601,62cc775015c5da79b6bc94ef40ad78d7b504571c,0,1,0,2011-09-06 01:13:58,257,82,2.2352,339,6,7,2,858,57,33691.7563,2719,1201.5488,44073
3608,3e77792d31344be0253c89355c1d96ffe03c0659,0,1,0,2011-09-06 09:33:33,226,248,2.7772,474,12,9,1,622,82,54219.0017,1102,381.8418,8643
3599,c11eeb43a49af512e6da64e32731840b265f0ae9,0,0,0,2011-09-06 13:28:09,41,76,4.4619,117,18,3,2,2641,19,61541.7302,3,1.0,57613
3602,a8ed29baec96c76bbfda1d878758e82b0323d0e7,0,1,0,2011-09-06 13:28:31,4152,20,4.7379,4172,33,8,5,437,42,36691.2946,2654,1213.6471,59434
3603,9404c65f72b3334c5a44e525401a8959e3aa6f00,0,0,0,2011-09-06 13:56:48,78,781,1.8021,859,16,6,3,116,11,4886.5654,2862,673.0,54757
3598,cc83c44a307b216b2a06f69dd80a58dd561918ec,0,1,0,2011-09-06 16:21:29,0,0,2.0608,0,20,2,3,2177,90,25024.7999,2862,1165.6156,49967
3605,447e45fd446bc11b9eb5d3d4cff5104936c9f02f,0,1,0,2011-09-06 22:20:10,307,11,1.1538,318,5,3,1,22,11,60472.728,2862,1260.4674,45645
3615,04bd02682b38e6197628b8374b140be5d3b34e90,0,0,1,2011-09-07 13:40:33,19,99,1.0563,118,2,2,2,565,87,32116.1288,225,13.2819,54302
3610,44a566d32f84a8cd28cb3519feba6fca3b30f049,0,0,0,2011-09-07 17:16:46,308,2099,1.62,2407,4,4,4,550,2,43023.3472,312,110.097,58042
3609,a1d5e939ade32288c8a6b6bd87077449df663c30,0,0,0,2011-09-07 18:26:19,8851,67,0.9925,8918,7,3,1,182,91,58713.2697,2862,1221.7539,4564
3618,476cecf9a717bb39eee80db1bb12856791f7a550,0,1,1,2011-09-07 18:28:09,110,44,1.5134,154,6,3,2,1025,89,64989.0139,53,1229.5768,52079
3611,fafc0ad7dd11e05c7f807b96b5ca70a3126d13da,0,0,0,2011-09-07 18:28:38,170,23,0.1106,193,3,2,1,0,0,72230.3862,2,1140.0926,46227
3614,afeeefabeacb8ac53095efdbc6b7e05c94480cb3,0,0,0,2011-09-07 18:31:32,3,38,1.2105,41,2,1,2,1,18,81552.0,2569,1155.9111,4
3623,1ce8b0ddfbbd7a2723bb5e8af44cad2482e1edbb,0,0,1,2011-09-07 20:07:38,31,8,0.7052,39,10,3,3,843,82,15453.5633,80,82.5822,3261
3607,206294be76b609f8c540281863c6e4a6ff1d8332,0,0,0,2011-09-08 01:40:14,81,340,0.3087,421,3,3,2,2668,89,31314.1065,24,1206.068,49075
3616,a19f7f1c6ef78ccdb935b9834f153573bc9de837,0,1,0,2011-09-08 01:58:42,1205,171,0.0,1376,26,6,4,191,29,42683.959,2729,1.0,43195
3626,b788d192ffd106bb4f5adec0408dc99de13eb090,0,0,0,2011-09-08 03:36:40,68,546,2.8885,614,1,1,5,1198,67,38852.7001,20,11.0,13
3592,2f8b4b7e23b4c633c8d0ec31f641e8a021252b7e,0,0,0,2011-09-08 03:42:40,155,1096,3.3874,1251,1,2,1,175,18,29918.0655,2862,616.6762,45574
3619,1ee25ee5949adf550b6ef4323b470c7ca8988c11,0,0,0,2011-09-08 08:20:18,2436,2269,2.1927,4705,90,5,5,602,82,39561.2316,857,221.1694,1500
3631,fa212738583856895f7de79d17914eb570a2faaa,0,1,0,2011-09-08 16:31:27,92,114,2.9122,206,15,10,5,1096,91,51681.2687,2862,673.0,58702
3620,d4ca52415e299b7d2f10fbf5fe0306578d626fab,0,0,0,2011-09-08 16:35:45,35,55,0.8951,90,2,2,1,138,21,52900.1552,2862,1267.3333,44823
3632,ceabffaa22ece914c989a40a2e4e852cf26d91fe,0,1,0,2011-09-08 17:36:26,12,131,3.3305,143,10,8,13,914,90,33866.9624,2862,673.0,58334
3624,39b4b93b06a967af8cfca140986aa81c6f6cf60b,0,0,1,2011-09-08 19:26:34,125,12,3.3874,137,40,1,1,2342,10,4554.3959,2862,1254.7478,47202
3622,be1c748396697f9d0bc4bc1b985bce822a4a9a02,0,1,0,2011-09-09 14:09:48,130,4063,2.8333,4193,8,7,2,1219,80,65848.2811,1022,158.3874,6741
3628,f5f0b8ada4c1f7148e0b96c1db04fc65719e0774,0,0,0,2011-09-09 15:46:13,10,64,1.2487,74,3,5,1,139,22,65679.2361,6,6.0,48035
3627,a549e2ba98e3c2f143eae31c647055a7f05ae5f6,0,0,0,2011-09-09 17:07:55,290,269,1.357,559,21,4,1,226,89,32189.0877,2576,2.5,4035
3636,2acbcb768adb276e673bcaf97423ebfff7d1ca87,0,1,0,2011-09-09 17:09:37,104,42,1.4347,146,4,5,1,154,22,20156.1223,6,6.0,44636
3633,4befd97237e0e8426555af441316705860b073c7,0,1,1,2011-09-09 18:11:58,5551,3317,1.9423,8868,5,4,2,464,2,52270.7401,2647,1209.4287,53940
3640,58a2427d4b719a8896eeffef03465db92786e7c6,0,1,1,2011-09-12 15:50:16,128,39,1.5196,167,4,3,3,752,83,70869.5788,2862,1261.3893,51319
3621,392ff8686baf74675ee23a13cbf4ceb0f1524464,0,1,0,2011-09-12 16:48:49,16,1,0.9635,17,3,2,1,169,21,65226.5742,578,174.6982,2885
3639,c7cdc317c9a14e29699f9842424388aee77d0e1a,0,1,0,2011-09-12 18:41:31,531,289,2.632,820,17,7,3,937,82,41730.5174,352,139.3877,54302
3638,1ce7ac2f5d88bc21ec016f3916b1412d414a70ce,0,0,0,2011-09-12 19:04:14,0,201,2.4349,201,12,3,3,885,4,58566.3557,164,48.6604,461
3635,d6415078b04246b48b92b04e7989cc1e2e2e86f8,0,0,0,2011-09-12 21:50:56,663,28,0.1647,691,23,2,7,1982,2,18419.5488,1,1167.8408,51914
3641,b391600dcece42b77ae73cb6cb48c5ab56849c72,0,1,0,2011-09-12 22:19:39,920,345,2.4647,1265,18,2,3,632,79,18208.6228,2862,1240.2298,55097
3644,f6183e8c256a39999c3385cdbc4169873a1c00c5,0,0,0,2011-09-12 22:51:48,1731,66,2.1006,1797,11,8,3,721,81,17438.0138,202,94.6541,2368
3634,c2e3b071e207a6680ed2ffb124b7eb7c0ca56e2f,0,0,0,2011-09-12 23:00:40,43,36,0.3923,79,2,2,2,597,85,2532.7907,70,31.5002,2025
3642,c2709ba27757e5aabee28ff5c7affd0f87164fd6,0,1,1,2011-09-13 12:57:47,2092,342,1.0257,2434,2,2,2,640,84,60346.8675,27,20.0,49557
3643,0d37eb1b6161c2231df16f3454a6c61819536107,0,0,0,2011-09-13 13:58:41,992,5,1.4753,997,2,3,1,139,20,62757.8229,732,248.9233,2615
3625,471938238e56b52e8291c537655092fd8bfe47c9,0,0,0,2011-09-13 13:59:58,44,243,1.364,287,4,3,3,260,17,84197.0,734,239.7844,2922
3648,2f998d02c587314a3539846a3fc35ff145daabfd,0,1,0,2011-09-13 16:03:51,94,19,1.513,113,5,4,2,960,81,59035.9085,613,248.6199,2963
3654,8a7ab59d10c1d82e649398202b955b30dc5ff1c3,0,1,0,2011-09-13 16:05:17,39,22,1.4611,61,6,4,2,845,41,80597.5,756,264.2666,3421
3651,8165671565372a25eee41161aed67c45935db34b,0,0,0,2011-09-13 17:07:27,717,9,1.0833,726,2,2,2,688,83,35889.8728,695,221.534,3891
3653,acf93f044bc698f84c91a8601f96194eb549e97a,0,0,0,2011-09-13 17:34:08,2092,342,0.7146,2434,1,2,2,637,83,9860.0534,695,219.652,1867
3658,1f7ff16210dbdb96ac387341bdf3350e52c3208b,0,0,0,2011-09-13 19:22:05,160,1096,0.7637,1256,3,2,2,907,90,6050.3186,2862,616.6762,50782
3637,71ebcafb49033dc895db971ddf7b702bed55a8cd,0,1,1,2011-09-13 19:24:15,344,4,4.4362,348,1,1,1,12,6,85320.8578,2824,1245.616,45785
3645,e1995c12568b9a638f47b61085c1a39d08a9a756,0,0,0,2011-09-13 19:31:20,607,10,3.7384,617,25,1,4,2211,11,76897.4116,734,1249.2554,3040
3649,95da430b39c51eae5540d61af742990a1613e7ad,0,0,0,2011-09-13 19:36:00,216,139,1.6829,355,2,2,1,127,18,19799.4903,2716,1.0,5564
3629,3c2db692f2fb45b5920d27fd2ea1e3e6ac974f53,0,0,0,2011-09-13 19:54:39,6143,109,2.9719,6252,2,1,4,55,14,6628.6209,80,41.0,5643
3652,d23655b4c416970c494b6ab5e3946da97ac116ef,0,1,1,2011-09-14 13:31:47,313,1096,1.5548,1409,6,4,6,820,45,72437.0481,2862,1249.5353,47511
3630,27a20bf8a8afb221f25a0c892251c94ac39fe10c,0,0,0,2011-09-15 13:18:03,78,19,0.9544,97,2,2,3,51,16,54707.5871,2806,1236.0516,44764
3657,ae5722c2379614e4657088cfef38e7bec521c211,0,0,0,2011-09-15 13:46:28,35,211,1.6052,246,4,3,1,876,80,70413.0163,2771,2.0,6
3656,8d979918a70ab9a58c33a32cad2734ae2bf54382,0,1,0,2011-09-15 19:54:24,344,2,4.4362,346,1,15,1,28,15,1022.9211,6,6.0,46066
3665,ba9a8832d043d876fd18b2027cc933fc6689ca9c,0,0,0,2011-09-16 19:11:41,32,99,1.0956,131,8,2,2,556,88,14801.4576,2746,1.0,48162
3662,2e84be2474b10adb04c13fc622483be04ee3be4d,0,0,0,2011-09-16 19:13:49,8851,15,0.9638,8866,3,2,2,697,83,86094.0,2862,616.6762,49079
3661,ef6b9fec8eba38c93c597b574e72ff8ec8599449,0,1,0,2011-09-16 19:31:43,4,20,0.0828,24,25,1,3,359,37,23000.0386,20,1230.5134,45419
3668,e202c1995902a2f5c76dbcfe554aa5b21a6718b8,0,0,0,2011-09-19 12:45:24,39,39,0.4373,78,3,2,3,950,86,60954.8658,734,338.8333,3007
3650,00f93741072d8013566e9763b58816f9e657b8c4,0,0,0,2011-09-19 13:27:45,48,228,2.6388,276,2,9,4,241,12,6756.5244,728,248.657,2456
3663,5ef053f6d11ade21fb8e98c8282d076ed51bee4f,0,0,0,2011-09-19 15:32:49,66,1,0.275,67,2,1,2,620,83,39431.4648,805,280.4645,1870
3671,7316f1813954414e1b858f7867c5a9b2724d67e7,0,1,1,2011-09-19 16:44:18,100,7,2.2868,107,7,4,4,562,87,38960.7648,1,1228.5202,47918
3659,de829f17f272fced625e6aa448225bcbc5931476,0,1,0,2011-09-19 17:20:58,25,1735,0.8566,1760,39,2,1,311,34,39541.5836,2862,1267.3333,48226
3673,aab97ff162882476f968c059846e3120f6fe2a94,0,1,1,2011-09-20 13:13:04,369,60,0.7887,429,2,3,2,863,80,78610.7744,1,1189.1825,47444
3677,c0f6905eedc1ff934ec62e07fa26b5cb221c390f,0,0,0,2011-09-21 12:51:55,11,5096,1.2483,5107,5,4,2,867,78,83892.1164,2728,1147.9278,54198
3666,24d98d43aaec998d96145d7cf41df98f5debeaf7,0,0,0,2011-09-21 13:02:16,115,85,3.1748,200,5,4,2,846,13,77936.6,2701,1.0,45822
3679,1b0df3897595cf62426e4811670d092b823d3455,0,1,0,2011-09-21 13:14:47,86,4,1.0882,90,3,4,2,961,87,1668.41,2862,1267.3333,50915
3655,c3b5073b063ed291cf9b7aee27b3b62286ca4eec,0,1,0,2011-09-21 14:18:29,2088,5888,3.5113,7976,1,10,4,77,6,4300.2436,798,273.0114,1640
3669,a4f75e2c909c89c504538cd7050602adc3696266,0,1,0,2011-09-22 20:07:28,29,133,0.9547,162,8,6,2,2211,16,41495.331,16,1171.8496,51166
3674,84a461acf9dff96ace30b54c788e4211f80e8b91,0,1,0,2011-09-22 20:10:28,2172,719,1.658,2891,2,2,1,105,12,35248.4827,2714,2.5,49288
3680,53698034e3f2ec83747a80891506b6e82526151c,0,1,0,2011-09-22 20:11:12,68,7,1.8064,75,5,2,1,146,6,391.2,2691,2.0,49385
3670,4fbcdea75f8e087f2a2da9f600e3fc656b5d4f4a,0,0,0,2011-09-22 21:17:36,60,23,1.4801,83,1,1,2,0,0,80524.7305,2698,2.0,44099
3676,ea82722776c43967878180199ab54ba485575eb2,0,0,0,2011-09-22 22:56:47,37,63,0.8541,100,7,6,2,110,20,11655.0513,2862,1250.4147,54250
3672,f0b70cdf6bf6074c436bd07f0dea4aaf902f493f,0,0,0,2011-09-23 00:45:08,18,4,0.768,22,8,2,2,736,83,42015.5244,1,1.0,51093
3685,5c78fa1ff66b7e38016242025a96171c1ad82d4a,0,1,0,2011-09-23 00:49:33,987,2291,0.9155,3278,8,2,2,606,82,22845.3289,5,1232.2205,49105
3684,bab73597ab93bb7477d1a22ebf206e78279232cf,0,0,0,2011-09-23 01:01:23,276,39,0.1436,315,8,4,3,245,20,22418.1177,2663,1175.1011,4785
3664,bd885cbd44a3cca8d1125a4d6d2c68d5706f855e,0,0,0,2011-09-23 12:32:28,987,71,0.8147,1058,2,2,2,735,86,54476.9921,839,218.1061,1725
3681,85a0b46f835bc70fea42477feda6798af37da43b,0,0,0,2011-09-23 12:34:10,443,243,0.6062,686,1,2,2,547,81,84197.0,734,254.6838,2799
3683,faaff141b28b0581277ccfa4f67b6754b641586d,0,1,0,2011-09-23 13:55:55,97,6135,1.5672,6232,4,2,5,476,30,31253.5021,2702,1199.0038,49205
3660,3ad3e73f59276f166720939902435ca17cbf9ad1,0,1,0,2011-09-23 13:58:54,38,97,2.6109,135,4,2,6,370,35,37727.1972,2862,1267.3333,49032
3688,bbbe5024370d892d7d082568df2a1f27a79bfa6c,0,0,0,2011-09-26 09:04:37,57,26,0.2462,83,2,7,2,621,88,65832.4981,804,291.465,4605
3691,74c0557fdbee4db11562c75cf39916aec0f020a7,0,0,0,2011-09-26 14:23:29,443,9,1.1695,452,3,2,2,641,90,4931.4644,734,253.9675,3109
3678,790187c541709b10e7f3bc5532eaf894dcfbf65e,0,0,0,2011-09-26 14:30:28,327,84,0.0,411,2,2,2,592,87,83068.0,897,201.7276,393
3686,d44758d10249ef100a1e9990c34ef27b9e0235b1,0,0,0,2011-09-27 05:33:06,28,9,0.0253,37,3,1,1,0,0,18239.8013,19,1222.8348,82
3689,c41c0fe81ac5deacb1fd2253023213846e43d832,0,0,0,2011-09-27 05:34:31,2,16,0.2068,18,32,2,2,598,54,28210.5446,2824,1.0,49036
3667,4708aa0c9cd1a2daa03d5b4e20894f3b2e62eb8a,0,0,0,2011-09-27 13:12:39,13,8,0.0,21,2,2,1,505,74,31492.8632,433,83.6622,49967
3690,a6e5b6dd33f5ceb6c73b33bf69d52c6ca7d0bcf9,0,0,0,2011-09-28 17:03:01,2092,63,1.5551,2155,4,3,2,673,81,36974.072,905,180.854,6312
3699,31f4e627a723d5a48bf5dd3a38c84dd192511459,0,0,0,2011-09-28 17:04:48,69,17,1.5529,86,5,2,2,754,87,3560.2286,828,190.2116,4567
3682,bd2a4aa378dfe9f338e839bbd740dd16641ad9b6,0,0,0,2011-09-28 22:01:01,87,1102,0.0214,1189,1,1,5,13,5,6897.7801,610,160.2026,87
3698,c56b488b736a60c5342e08f8f82645ddc7ed4ec3,0,0,0,2011-09-30 15:50:06,2,6,0.5178,8,8,2,2,932,88,80713.4535,753,257.094,2642
3701,1e7cde5e75ce18cbd88c9119fef58d97f83cc74e,0,1,0,2011-09-30 17:18:50,309,5,0.8247,314,3,2,2,565,87,35563.9584,2862,1267.3333,54302
3687,370b64115525019bf63b860f0eea4e7a532d1a3c,0,0,0,2011-09-30 18:20:28,602,9,1.5805,611,4,2,2,891,81,22767.0931,51,22.2698,203
3692,f1767bd3ac835fcffade3016e7030cdcf6f98655,0,0,0,2011-09-30 19:15:25,3,2191,2.0,2194,1,1,1,14,7,19964.7744,2838,1256.2807,18
3696,6e4eccdc26cb06689b924a6be4f5073c723abd0a,0,0,1,2011-09-30 20:14:03,344,2,0.0543,346,47,1,1,69,8,2939.3789,585,149.0214,1301
3647,160cb28d97b3d14094e60f53cb760f3f145f72e3,0,0,1,2011-10-01 02:46:51,22,12,0.8577,34,2,7,2,775,85,31917.8206,2802,1242.4564,49074
3697,2dbde4357ba52b73b4245feb12061718b24839d8,0,1,1,2011-10-01 05:41:09,1006,1,0.3893,1007,2,2,2,674,86,20767.306,2,2.0,50614
3703,b42139c41abb17ffffd99b960adb73d3f9599fd9,0,1,1,2011-10-01 15:17:28,276,480,0.5941,756,2,2,2,661,82,20257.3617,624,215.7054,352
3706,cb389ba6c27fd7e5999a90917e9fd9b49091aa72,0,0,0,2011-10-01 15:20:03,1207,32,0.9952,1239,2,2,2,751,85,1125.6857,734,338.8333,2886
3693,e3252b7d3543fca07fd2719123a379874f14b2b1,0,0,0,2011-10-03 04:52:37,115,23,4.1135,138,4,10,4,501,26,53780.3405,9,1209.8697,48490
3700,d28fd1fc2d116e520751976d679e03c46900820f,0,0,0,2011-10-03 08:07:00,79,7,2.6151,86,14,1,3,132,18,16064.1371,816,199.6552,687
3710,2a4e2487b4acdeea6dfd5af92c17f81cba5da01a,0,0,0,2011-10-03 08:49:44,1507,130,2.772,1637,8,5,3,1131,87,43210.4527,611,196.6971,4422
3705,a26fa838e6ebed29d7fbb8690c7346f1fca2138e,0,1,0,2011-10-03 08:52:09,566,30,2.6951,596,7,5,3,1132,85,3311.3393,561,185.2646,909
3714,94cdf8b6b00da0a1a0d37b3e259d224c469feee5,0,0,0,2011-10-03 09:06:51,614,2,0.963,616,8,2,2,659,82,8650.5281,664,217.6796,1617
3702,496649031f5a35906273293ae97b37e79da86ab6,0,0,0,2011-10-03 09:08:13,1006,13,0.9748,1019,2,7,2,679,85,1516.2288,686,232.6199,2315
3713,9e04de6ac093925402a9e42f7cbb239c92f949ab,0,1,0,2011-10-03 10:45:31,40,43,0.2261,83,4,3,1,695,87,31491.8171,2862,117.7673,58042
3711,bca5ec2216d5cf56238b4e737bbf94bd3fdb8531,0,0,0,2011-10-03 18:11:48,264,136,0.1243,400,4,1,1,384,0,13890.639,434,221.8485,5489
3694,31ba435576d4d9ace92a3174888f6316e110b043,0,0,0,2011-10-03 18:20:24,7,46,5.3576,53,41,1,3,101,11,6062.0859,634,174.4388,2201
3707,3682eb7ec102c12693fba305dbec108897a7d39f,0,0,0,2011-10-03 18:40:38,745,1735,0.1279,2480,3,2,6,1144,14,75599.2161,2862,1267.3333,11436
3715,a4d656b86c2a40fff8174e6dc6c67f919fa9f244,0,0,0,2011-10-03 19:58:18,34,489,0.4582,523,23,2,2,768,87,17354.334,1,1225.9439,52379
3723,4cdd5650466cef5c32a7c10bc0c19cbad946012b,0,0,0,2011-10-03 20:12:35,1537,513,0.7261,2050,2,2,2,769,86,40547.2905,2862,1242.7078,49945
3708,e5f7b37e001a76ca0e53b07a8ff8f37e20c69ca9,0,1,0,2011-10-03 20:36:35,606,14,1.7478,620,4,2,4,859,90,14481.6473,613,170.6759,1828
3717,7c602fed5318ee90af726794e6e406e14870175c,0,0,0,2011-10-03 20:49:32,139,65,4.2176,204,3,2,8,3055,13,84194.0,542,122.8476,176
3712,048a4ab9f976fa57f78f8fa14c16efe933b82534,0,0,0,2011-10-03 20:49:32,3,66,1.7863,69,1,3,2,22,9,2934.2673,666,130.527,54302
3722,67b6f83b3bb028f9854ff6cd18972e3ebed31d7f,0,0,0,2011-10-04 15:57:00,83,923,0.9634,1006,4,1,2,862,87,43432.3628,2862,100.2919,56165
3725,90f0e9a44fb28ec2ad2fc1d5aa7f5ef0125574e9,0,0,0,2011-10-04 21:20:41,62,109,0.2645,171,11,2,2,862,80,24774.5041,613,138.6495,1827
3718,b4ea3a73cafca1995c36248cd9a21a73b36bb34d,0,0,1,2011-10-05 18:19:54,2092,14,1.475,2106,4,2,3,739,88,94.0,27,1226.2701,53320
3720,078a605a5e60e2b138a8b9d41c8d53465360188d,0,0,0,2011-10-05 18:26:07,607,465,3.7384,1072,25,1,1,2211,14,65113.2202,734,1245.3681,9349
3727,4bbf048e3761ed4924be7a051f105768ae8f2a1d,0,1,0,2011-10-05 18:33:38,8851,88,1.9161,8939,7,4,3,1108,90,35170.9803,2862,616.6762,60878
3724,9494d31e294ddfad04cdc5a7c1d3ef0fb9aadd5d,0,0,0,2011-10-05 19:51:10,6,53,0.236,59,2,1,1,267,89,83068.0,2557,1188.993,4747
3721,6fa1eaacc7c7bbacffbef264b2120dce1901400f,0,1,0,2011-10-05 22:59:31,172,45,1.3984,217,7,7,3,842,78,14073.0027,146,57.1225,520
3739,5310620826fadd5f68975feb77e01d87b386b19a,0,1,1,2011-10-06 15:22:04,188,123,4.105,311,1,3,2,701,86,40020.6899,2745,20.0,48332
3716,16fe609aec30250d8919c9f8a45c756ac93aa62c,0,0,0,2011-10-06 16:08:58,130,184,0.0,314,1,1,1,586,1,79764.8656,4,4.0,2348
3729,78446d67ac40ac3ba39c181a6c41587482c18c42,0,0,0,2011-10-06 18:42:52,24,9,1.6959,33,3,3,2,827,54,9626.4787,2782,1246.811,50809
3732,173d0d846953b4205f375d73ff1833dedeea2807,0,1,0,2011-10-06 21:11:13,3,1535,1.9219,1538,4,4,3,37,10,1350.7913,44,1256.8097,45831
3709,b907e59e1aa5ef7857e5ed38fae804253e0f4c6b,0,0,0,2011-10-06 21:52:07,4,3,0.0,7,4,3,1,1533,7,4235.031,2815,1245.1405,47692
3728,e3812748ecb0b02436ebf82b7169c2c1c75b6627,0,1,0,2011-10-07 03:48:59,1207,41,1.3021,1248,5,3,3,851,83,24687.2107,139,50.0,49091
3741,0d9fdad0b515d1c7ce0d1a8abb4bf391e3c44330,0,0,0,2011-10-07 15:29:22,2436,157,2.318,2593,11,10,6,1035,84,55761.3859,849,206.8418,1253
3734,2eba60e1fd79cf3bfea48c8ebf647317fb3e05ed,0,1,0,2011-10-07 19:09:10,1513,6135,1.456,7648,5,8,5,136,89,43162.1682,3,1179.8409,50402
3743,d790ed1bc871a9bd3a8c8640629532c0bed77656,0,1,1,2011-10-10 13:56:27,1023,388,2.5735,1411,11,5,3,919,84,55988.4896,645,198.2845,5633
3735,56492f50329d50c9aabda6a824f856e181657b64,0,1,1,2011-10-10 15:21:42,200,0,1.8278,200,14,1,1,11,47,35701.1845,231,176.01,1387
3737,2ede7fc4beb1c19969700ce5079e8c764740e05a,0,0,0,2011-10-10 15:38:37,321,216,1.6216,537,15,10,4,86,30,6045.3963,111,94.609,4518
3738,90d4c337bfc57745db48313ef9964b754b9a7aa5,0,1,0,2011-10-11 14:51:08,4433,2,3.9524,4435,1,6,3,209,32,56823.7125,609,161.071,1666
3745,9e153f64208042008a11856d0d56a3dd0fa2bfcd,0,1,0,2011-10-12 15:02:18,938,923,1.02,1861,3,2,2,717,87,44518.1179,15,13.0,47757
3749,657c119b4925e42e338b908d87a0a226423a6a8d,0,0,0,2011-10-12 15:21:56,938,923,1.6943,1861,2,2,2,658,0,42929.5,2751,1221.6214,47580
3733,ab95f980f4ea13a60a03b0bdf90479c7c36c54e8,0,1,0,2011-10-12 16:17:02,356,34,1.4383,390,3,3,2,261,42,62126.4207,597,161.5153,21
3747,dcd94976b6c6f7db11f1dc03624b16c4d750e5a0,0,1,0,2011-10-12 16:25:00,2092,342,0.1496,2434,3,2,2,718,83,5276.4071,521,122.6478,58042
3752,787f9d65a3f5d3b0dfcf6751e6a076c60aa21526,0,1,0,2011-10-13 05:10:11,359,58,3.6024,417,15,4,2,739,80,39941.1493,2602,1176.7983,45618
3753,e2fe59d7b614141f3b63e7d46bcc0b305ea9c920,0,0,0,2011-10-13 16:20:22,2092,22,1.6394,2114,4,1,2,720,81,56273.2505,880,318.6522,6811
3742,bc281a7fa0abb665bd5675dc449d53440239e91f,0,1,0,2011-10-13 16:21:56,2092,7,1.3268,2099,3,2,2,739,83,1166.6325,678,233.1136,1958
3754,84de35d2d7a06875937086655e364633a849e9d1,0,0,0,2011-10-13 16:24:42,1207,1315,1.3187,2522,2,2,3,776,83,67859.0,734,338.8333,2886
3757,fe2905b48ae2c07d70ee7d7f29b4ae3f34e8b7ae,0,0,0,2011-10-13 21:11:36,663,489,0.9121,1152,1,2,2,710,87,19433.8254,2728,1197.1651,52126
3740,2c1d414e06306d32a32cbf1bd5e90f5cf1846e5f,0,0,0,2011-10-13 22:02:38,134,6021,0.2902,6155,20,7,2,180,25,7825.0439,523,84.4801,59905
3756,71ba6998b504966690e099c03e04f9876dc1060e,0,0,0,2011-10-14 08:52:05,1207,1315,0.6481,2522,3,2,2,679,85,55741.0237,734,338.8333,3009
3760,757e1273c9ea7fd836b7a5cac03f1e7e8128f68b,0,0,0,2011-10-14 08:54:00,10,99,0.7704,109,2,2,2,769,87,128.3347,637,293.7413,4979
3744,51966ae69605afdce4e261785f635e83d5864711,0,0,0,2011-10-14 08:55:08,1006,15,0.8339,1021,12,7,2,738,85,82142.5,762,261.1189,2299
3751,1a7d83126f17b0ac369674aac93de925e59cdc82,0,0,0,2011-10-14 20:27:43,19,6,0.701,25,2,2,2,676,82,22574.3216,565,148.1313,1218
3758,9574ef562ec43fb11bc11bcdc5015dab63164588,0,0,0,2011-10-14 21:22:14,137,99,1.8906,236,16,8,1,900,79,26204.0182,514,105.1475,2230
3750,5faba469bb2adfd109c7f989e0e28b461df7cf9d,0,0,0,2011-10-14 21:35:42,144,1,0.0,145,4,3,2,139,21,58349.3695,2823,5.0,46639
3761,43fffffcea7732d4a61fd4d68428b2981e34adc0,0,0,0,2011-10-14 21:54:12,8851,8,3.3874,8859,1,12,6,44,9,22127.3686,2862,616.6762,45302
3764,374280fbfd618695ac6d76ab6715d30efc4a67ca,0,0,0,2011-10-14 21:57:29,37,28,0.2283,65,2,7,2,688,83,3224.0338,631,148.7207,54302
3746,c4fabbbb304aa5a01af4674cf1b3a2fa4604a709,0,0,1,2011-10-16 22:43:17,13,3,0.2834,16,8,2,2,750,86,5599.7928,182,76.0499,1631
3755,642ff8f07921e40f4b24c3ef811c98754862bb21,0,0,0,2011-10-17 17:21:23,558,5,2.8914,563,2,8,1,500,27,10267.9714,613,174.0789,1613
3768,5d1768a1cf03af2ae226c2b223105de60ee83e23,0,1,0,2011-10-17 20:38:59,59,13,1.8488,72,4,4,5,1124,85,27128.785,66,1267.3333,2668
3748,71abe093a8186532218e4cba406ce9773fc6d3ba,0,1,0,2011-10-18 14:03:10,566,214,1.5785,780,2,3,5,768,85,84.0,649,216.9591,1561
3763,957e98504ecebf1b8a8af5bc7d2d478bdf27f01e,0,0,0,2011-10-18 14:12:11,14,6,0.0422,20,32,2,2,693,54,17789.3642,708,235.0616,2290
3767,6b5e7a1564498f7646f4fd410a34d3f0a81eb977,0,1,1,2011-10-18 17:04:56,13,7,0.0977,20,13,7,1,109,15,76745.7293,437,242.531,4216
3726,8b8a928e04bd091a6d774a9d5b9937d2002d7882,0,0,0,2011-10-18 17:19:11,551,409,1.0213,960,8,3,3,712,19,60946.5948,2601,1187.7912,9
3772,25faad4e09eaf41dbc2b832e98b5465590198b90,0,0,0,2011-10-18 22:21:17,180,139,1.9018,319,6,3,2,856,80,14718.9987,44,20.3103,3340
3779,7cbfaf92d232d211946737d3e122dcca28761638,0,0,0,2011-10-18 22:27:43,614,99,0.887,713,2,2,2,750,86,44811.2949,77,14.0773,54302
3762,8cc192ff8a1ce72f87c1c5cee88b89c8723f6ebf,0,0,0,2011-10-19 04:18:40,139,542,1.5832,681,9,7,4,774,47,43789.6192,2862,1240.4157,56440
3759,5fbb89087afa757d62bb006324d40cd64686c49e,0,1,0,2011-10-19 04:22:58,259,137,3.1457,396,16,11,4,691,85,35642.1461,2,1.0,6
3783,6d67ca18de18b95aeb8ac85ce025704a913fa10a,0,0,0,2011-10-19 04:24:13,70,513,0.6296,583,23,2,2,962,88,2576.7947,2862,1238.6968,49937
3766,25ea6c56831bbf2c672664bf4cfb525a9ea3da88,0,0,0,2011-10-19 10:19:57,63,21,0.1349,84,2,9,1,2301,4,26801.0324,727,216.9333,2503
3775,bca27bd391fa5964aacb5b360110765d1a382848,0,0,0,2011-10-19 13:31:25,100,94,1.7752,194,7,6,1,442,45,53068.2403,20,11.0,42907
3736,368aa0e965cfc1dac1da5736ba6329cf55f2a867,0,1,1,2011-10-19 13:32:53,64,35,1.2587,99,30,4,2,987,41,28918.519,2715,50.0,52390
3777,cf81df7ac50068772c15ae9f302af5534f14b573,0,0,1,2011-10-19 19:44:24,46,1572,1.3038,1618,5,3,2,639,80,35594.5909,167,51.0459,461
3776,00202c449787c87c311dd6fd1a40a1fbadf74bfa,0,0,0,2011-10-20 01:08:23,17,24,0.0714,41,25,1,4,2211,12,51567.2377,734,1242.1131,3040
3781,9bfed83ecfa7af3834a716b694a085cce48013e9,0,0,0,2011-10-20 13:46:46,2647,97,0.831,2744,6,26,2,1008,76,49845.5623,2584,1.0,55409
3773,0a2ad5d2b684cc6a0b6a9217f25426b5869be68d,0,0,0,2011-10-20 16:06:06,20,2,0.8378,22,2,2,2,849,85,9738.3144,2862,1267.3333,49250
3780,41db0443331f8ed1d11886d5f2f5a00800f93818,0,0,0,2011-10-20 17:05:07,40,224,1.7063,264,3,3,2,914,78,26847.8361,2862,1267.3333,56165
3784,46aebe9b84340922195a737943d538b58b0fe49c,0,1,0,2011-10-20 21:02:55,30,21,0.7179,51,2,2,1,16,17,14854.4965,2712,15.5,43650
3774,ad2ae452c937cc31f142f40ff7f42ee25ee38d1f,0,1,1,2011-10-20 21:19:37,67,13,0.4511,80,1,2,2,726,82,6724.4292,27,20.0,48426
3782,4e1be7d02ec723005623147dbc8e9d2a2f1e1122,0,0,0,2011-10-21 13:35:33,56,566,1.104,622,2,3,2,813,41,77273.4534,793,284.2868,4995
3791,7577dfa334036a91fdabfe0380269d4faceba828,0,0,0,2011-10-21 13:44:51,461,573,0.9956,1034,8,2,2,967,87,20967.4416,863,168.1212,7004
3769,3bf9c79d8d073e49e1f4a89be9b4b3155b0c142e,0,1,0,2011-10-21 16:36:41,2,8,0.8852,10,4,12,2,765,54,44628.456,1,1248.8784,50582
3789,a67606fa7fcad6b34092e847f9c774efc05a1d75,0,1,0,2011-10-21 17:42:18,2092,342,0.8702,2434,2,2,2,734,85,7678.8247,782,233.1249,3695
3793,7da6d2cbcdb3f1c39b059d54f53f20c850244092,0,0,0,2011-10-21 17:44:39,614,99,0.7723,713,2,2,2,782,82,81690.0,779,273.9704,3743
3771,9afc37e82f68c1897c8e8eed841822c851341b59,0,0,0,2011-10-21 21:09:41,2088,350,0.193,2438,34,10,4,103,14,54845.2322,12,1214.2543,42831
3787,663d9ac1754dc3b7fd1bfa80037bb17b91c0fb77,0,0,0,2011-10-21 21:09:42,40,10,1.1048,50,4,2,2,603,87,19900.7862,51,16.8054,194
3794,a4602b34433e039f1eda81b555056137aa9e105f,0,1,0,2011-10-21 22:28:16,36,3,0.436,39,2,2,4,725,82,76400.5,613,151.7371,1834
3765,1518af16073cf4cafbe20e564a2b7ab3a11eba40,0,0,0,2011-10-23 04:07:28,27,32,1.8554,59,5,3,2,1058,83,49560.9851,2862,1267.3333,48994
3799,c93ca8e1a92513450d8e6ca6d0b2b9d92114421f,0,0,1,2011-10-25 15:49:54,21,84,0.3514,105,2,2,1,717,84,22825.6912,773,224.5663,3873
3802,4408d0c162823d644b0531d980b411a5530f508f,0,0,0,2011-10-25 15:52:35,52,9,0.2882,61,2,2,2,776,87,1425.5164,810,271.3599,2146
3792,9807dce0a1f6b91bb9e76c6ea0d7c8f9bc07270a,0,0,0,2011-10-25 15:55:04,443,243,0.5464,686,3,2,2,859,90,3594.8159,734,255.9971,3215
3796,cb5d567086b6fd28a8e5f3dda1ce96f903f4e145,0,0,0,2011-10-25 16:08:31,1206,23,2.4839,1229,5,5,1,238,33,69530.5041,571,148.3114,4925
3778,4669c40deea91ca07e2c073fb5d707fb9e818fd1,0,0,0,2011-10-25 16:10:43,443,20,2.5448,463,7,5,3,708,43,84197.0,734,256.0272,2334
3798,c7455fbfcc0807ee8a78e666057d3eadec896448,0,0,0,2011-10-25 18:30:10,8851,20,3.3874,8871,40,12,6,50,5,5542.1893,2862,616.6762,47451
3800,f1adb7cdee05fc0bebc92e2319a9e7c0b33d0d45,0,0,0,2011-10-26 08:27:52,236,1,1.5513,237,4,2,1,13,19,36320.842,757,243.2956,1918
3786,2308b10186666cec8a2b741dcb113adbe18fccce,0,0,0,2011-10-26 08:42:11,10,1535,1.3644,1545,3,2,3,1963,25,677.8324,977,372.3867,55097
3803,c8b6763b1d0377a9d42d0625792762f460185397,0,1,1,2011-10-26 19:33:48,37,263,0.3976,300,4,4,2,717,88,33271.1099,27,1169.1738,45755
3801,e8fa4aeba256a49d6d7e9b4d8a7157d36e569b4a,0,1,1,2011-10-26 19:50:02,4433,122,1.7128,4555,1,3,2,312,26,35446.6282,247,170.3333,1633
3795,fa70ed507492951c850f5f3d7fc178d4731b0a4d,0,1,0,2011-10-26 20:56:31,111,63,2.3674,174,10,6,3,1050,87,36929.9941,683,132.2446,4331
3810,7d2fbf985447da336ac1fe2ee8f626c8b3b987be,0,0,1,2011-10-27 13:16:53,156,342,0.2736,498,3,3,2,740,80,71071.1532,614,344.2161,58042
3797,5c752cd09467c3fc4b683958b227c33ede2cee17,0,0,0,2011-10-27 16:22:12,33,566,2.2689,599,5,3,2,1022,41,28225.3653,793,221.4089,4394
3807,16e1875d7d074f1f95cb776c6ad40aea168ded1c,0,1,1,2011-10-27 16:44:50,53,566,1.1578,619,2,17,2,831,83,49295.0438,139,1244.1643,48875
3785,7a21ad27047e346924e36cb9af587dbd25f9fc12,0,0,1,2011-10-28 12:50:27,21,451,0.9488,472,3,2,2,850,84,78678.9723,2797,1232.9953,48598
3806,7980429c52dded61e4e89eca16d0ea739d6626b1,0,1,0,2011-10-28 15:58:32,465,179,3.2728,644,10,3,3,1002,78,39203.0767,2,2.0,55761
3809,b04b0a6e2293f64685ce5b69be0e0977cc552fb7,0,1,1,2011-10-28 17:22:53,37,22,0.1855,59,2,2,2,1010,1,3404.7262,766,225.4175,2184
3770,0f96794ce4f690e50a32090972de8a80f81412b4,0,0,0,2011-10-28 17:24:29,83,41,0.068,124,28,3,2,1142,83,7378.6566,725,216.9333,3135
3805,124cc2803d01dc71ae4adb2d96b98e12f659d9c1,0,0,0,2011-10-30 18:50:04,6,13,0.9819,19,3,3,3,924,88,17868.1455,58,16.0058,1898
3811,32f21794ed8020055458bda7e62043ad644b8861,0,0,1,2011-10-30 18:56:25,717,451,0.9044,1168,32,2,2,868,83,9382.1813,182,78.5416,58607
3817,609bc4e123f08b8f65dbb45da3243719b7ccfdde,0,1,1,2011-10-31 16:06:48,70,4596,2.5477,4666,13,9,3,1292,86,61862.7445,2718,1212.0786,54475
3821,982789691a48afb69dd6dcd9448aa10f8882c3c7,0,0,0,2011-10-31 16:10:39,2647,120,1.116,2767,6,5,3,547,78,47807.331,2567,1.0,45283
3804,6e34dc3effabb0efd3945ee1dd359a24cb941e2b,0,0,0,2011-10-31 16:29:24,8851,1096,3.3874,9947,40,12,6,2342,13,3019.1206,2862,1254.1516,47170
3814,2284ee0eb82eda0906676b44e6566a108f6154f5,0,0,0,2011-10-31 16:35:03,566,214,0.1087,780,3,11,5,953,85,73323.4,321,116.0752,58607
3818,eba903a2fa6ec3484868dbf8e3d6f806485831c9,0,0,0,2011-10-31 19:33:58,176,17,0.8007,193,2,3,2,681,0,41920.3496,60,92.2995,54302
3808,b0fff6d29f0012a3997398371f8ea7808e0a07fb,0,0,0,2011-10-31 22:09:53,70,25,0.7602,95,23,11,2,678,86,13514.262,2862,673.0,49950
3788,2224f8185a26a5f1ace942652bf3df8dbb8ba8c5,0,0,0,2011-11-03 06:21:24,177,27,1.0335,204,2,2,2,897,82,33999.9638,2862,1257.6507,48680
3822,259807bfa54b07828ea7e6b2c5fd3a9078e2a8b9,0,0,0,2011-11-03 06:24:47,58,18,0.9558,76,3,2,2,745,82,30146.8185,27,1226.5609,48859
3819,510bfd357f136048e4cb072d4b3fec5ce753f2b6,0,0,0,2011-11-03 06:25:26,344,11,4.4362,355,47,1,1,26,1,85337.0,2821,1245.9144,6
3826,59e2f30a553dd9678f833a699e1ec461c00cb3a2,0,1,0,2011-11-03 14:03:01,64,8,0.791,72,4,2,2,1077,0,62236.156,619,293.8721,1874
3816,b70beda7e9d6a830214bce12d5fa1dc242a9876b,0,0,0,2011-11-04 00:02:35,745,42,3.7251,787,1,19,1,44,9,67221.9114,2862,1267.3333,46954
3820,ed5091388aa09fc4633f5fac06394ae515590982,0,0,0,2011-11-04 00:11:47,6,2191,2.0,2197,4,1,1,23,4,19171.6293,2832,1.0,18
3828,5cf72b7c53f88411158afb91a98369201a79290b,0,0,1,2011-11-04 07:52:58,24,19,1.4679,43,2,3,3,716,85,57508.0762,734,338.8333,3008
3815,2d81358cefe2505a63901c2f5e85faa345a121af,0,0,0,2011-11-04 07:54:27,1006,23,1.3225,1029,3,3,2,802,87,82142.5,806,213.9238,1586
3829,6faf3410447ae81f5b77ce0570d6dbcb99bc8abf,0,1,1,2011-11-04 08:35:33,277,140,1.3758,417,4,3,2,778,79,9877.214,578,189.4856,5993
3827,103d63697d313fe406ba1278b0039dc64a9f0860,0,1,0,2011-11-04 10:44:50,65,41,0.7877,106,1,1,1,0,0,37248.6024,814,273.169,3645
3813,59a314bc9a1fb04b3ef060a2ea9f93664f707c6b,0,0,0,2011-11-04 10:46:53,80,50,0.0,130,1,1,1,35,4,86281.0,799,204.2677,550
3823,4f6350f9e91e81757b6272cdffae2b75cf83c108,0,0,0,2011-11-04 21:03:33,1446,862,0.8666,2308,3,2,1,442,31,51949.5957,2757,11.0,44040
3831,d4beddc060e405d9170c4c393ba48ad03b87abff,0,0,0,2011-11-04 21:19:01,226,24,3.3874,250,40,12,6,377,29,86094.0,2862,616.6762,44920
3833,5f3e3cacfe083b9c64fd9c87b7179bd8a563aae4,0,0,0,2011-11-04 21:23:39,83,44,0.2189,127,19,10,1,422,32,3995.2033,20,11.0,43333
3832,cc0ad2a0c81be678202f48ab13341d167608adfc,0,0,0,2011-11-04 21:27:53,23,35,0.3152,58,2,2,2,875,82,34933.5755,613,154.9092,1686
3836,287601d7f4d894687721aa54be8e822f3346d45a,0,1,1,2011-11-07 13:26:00,396,198,1.9571,594,17,7,3,1036,0,68667.5258,723,246.0025,1682
3835,1fa626407f4712e002cec8c02e7b0516b05d3dc0,0,1,0,2011-11-07 13:35:05,165,208,0.0,373,11,7,3,1568,73,6680.5237,720,245.495,1682
3825,222d414bc1aabd9a68b90c9061d2547291ece2ad,0,0,0,2011-11-07 17:56:48,3249,116,1.063,3365,4,3,4,339,34,37296.6512,2683,1.0,49261
3844,a853d7e40f75bec7046a04d83b9c9a01d72a3cef,0,0,0,2011-11-08 00:06:47,20,6,0.394,26,32,12,2,837,84,34679.5998,1,1.0,50769
3847,a439b7ed7156dcd2b3279aab8e3d5830ab01c0b5,0,0,0,2011-11-08 14:00:55,134,50,4.105,184,3,2,2,571,87,58276.8397,249,85.1363,2637
3837,e2c2ed61a27428b2b67e7dd06e6fef760b72c6de,0,0,0,2011-11-08 14:46:20,111,98,0.6703,209,4,1,2,1024,76,10117.4797,51,17.8001,200
3846,1d9269618022b5cd95c6fdc6b1af7f4e17975143,0,1,0,2011-11-08 15:29:40,1207,41,0.9328,1248,3,8,2,1047,6,5976.9487,734,251.4512,3009
3851,e6f11f43bc48aa2ce9a5c01c0215b0c9838f1295,0,0,1,2011-11-08 17:50:12,2172,10,0.873,2182,96,2,2,777,83,36146.2127,697,237.1142,2238
3839,84a03abdcea3c893a975f34ee75f436a4dcc99c7,0,0,0,2011-11-08 20:04:17,57,281,2.9908,338,12,7,3,1261,86,30613.4956,2862,155.4432,5204
3853,00e13685ba0b4f6dd6eaf65e9ac8d1d9836a6f38,0,1,0,2011-11-09 00:01:11,90,451,1.1664,541,3,3,2,825,54,36816.9518,107,26.7768,1277
3845,b47233bc829f11316c5b4b68b1d92065e95126ef,0,1,0,2011-11-09 14:04:40,62,243,1.3977,305,5,3,2,776,80,50363.4181,734,252.1905,3146
3852,401c488a4de53b954ff6410f0cc5b2bfb32e5dd9,0,0,0,2011-11-09 14:05:50,77,566,1.4423,643,5,3,2,821,85,80597.5,749,260.7783,3682
3824,45edba697f915fedae33f415afec2e5900e82a6d,0,1,0,2011-11-09 17:17:54,2092,21,1.5132,2113,3,4,3,764,81,19689.0404,2733,20.0,55570
3849,74459de4dd1b9e55e502f2b7296bc2fcaca365fa,0,1,0,2011-11-10 02:24:46,5,1563,1.2099,1568,4,6,3,1136,87,30863.9979,2862,673.0,58267
3854,88bb07b8cefa837e5b57d2b48082f7ac34deee9f,0,0,0,2011-11-10 09:12:29,2423,868,3.7648,3291,22,1,1,40,3,17145.0909,831,271.2103,4298
3830,759fb2403be2de96a2d9ec5e0319a8d3b748146c,0,0,0,2011-11-10 09:13:44,2,6,0.0,8,1,1,1,38,6,86384.0,715,258.9403,2035
3850,0b54c99e22f53042d04df449d38ae91548df752d,0,1,0,2011-11-10 10:07:25,2236,132,2.6427,2368,13,6,3,1107,83,48971.9133,2862,1267.3333,2973
3842,0f61444ff9ae25246fd18669cd095e6b3d6e006b,0,0,0,2011-11-10 18:37:37,4433,14,3.9524,4447,3,2,2,671,0,28886.8244,247,170.3333,2007
3860,d0b37192d549856176c33edd98cf647eb8f037c5,0,1,0,2011-11-10 18:43:20,64,12,0.088,76,3,2,2,837,54,78852.0,648,135.2462,3055
3858,5771a1c836d2251e2b7acc5c8c88704f53ea7d40,0,0,0,2011-11-11 17:45:11,344,4,0.1009,348,47,15,1,62,16,29679.4053,775,219.4929,3494
3864,ce6460cdfc77a19fbc090b2ab871a9bf728c4b99,0,1,1,2011-11-11 17:56:25,13,1315,0.9547,1328,36,8,2,755,85,46314.7824,734,338.8333,3010
3861,d5723b08bd22e1ea2e8a3abe0485b6d4e96c205c,0,1,1,2011-11-11 19:52:59,290,269,1.2878,559,21,2,2,1183,89,20592.3807,3,1240.3692,48236
3866,52a99ccbcd67ee5b7a86d7010f08dbffff2772f1,0,0,0,2011-11-11 20:02:50,28,813,0.773,841,12,7,2,731,86,43329.8901,796,224.1616,1760
3870,9f7a83d1b1881ff23ed2c5ed53b33d252993e821,0,1,0,2011-11-14 14:31:42,116,93,1.5541,209,9,3,3,981,81,49180.4847,842,170.231,5611
3856,19b55ff83c037b559c54deb1e12e82a48f5ec212,0,0,0,2011-11-14 22:50:50,1669,343,0.0839,2012,3,2,1,192,19,9.0,2782,1210.139,49443
3863,0dfd8c97b2ed8d99ebdd78ed5d9928da8c1276c8,0,0,0,2011-11-15 07:15:58,216,214,0.1729,430,47,15,1,46,2,29357.8038,843,291.2875,4047
3877,d8f5842c0ba91a3045fb9b9f00b5332cc65b60a8,0,1,1,2011-11-15 07:39:12,15,2,0.7539,17,2,2,2,752,82,69112.8279,706,262.6441,3800
3855,8f2c5f792c532855c397894d373be1b520a7c4cc,0,0,0,2011-11-15 07:42:00,49,6,0.6604,55,2,2,2,770,83,958.691,670,226.3653,2179
3873,dd1fee7b3c43f255c538345974fa4c5b1daee6b2,0,0,0,2011-11-16 18:22:32,614,3,0.9777,617,2,2,2,729,87,24098.1674,1,1228.8977,52008
3871,3b944ed78a186d3fc16ae3d0d8330b133b14aa60,0,1,0,2011-11-16 22:07:35,221,34,1.5198,255,5,3,2,827,83,33408.5633,2862,616.6762,48763
3879,bafa3059cc404045c570050081f7263f3fcc35a9,0,1,0,2011-11-17 08:57:38,299,232,2.1276,531,5,8,4,1121,2,60453.1863,490,337.1165,60576
3876,6c3a28970549f66e20eb7b449706f1ef2fba11e2,0,0,0,2011-11-17 18:54:52,99,336,0.1902,435,4,12,3,7,31,59585.7176,2708,6.0,13520
3862,be1b02b95bd9c847cdfb01a0979d1cce7c581845,0,1,0,2011-11-18 16:37:39,180,85,2.2543,265,9,4,3,1164,82,11481.187,2727,1195.4156,55230
3875,136a1e53ad8e04374a6c54dd07d61d1a595a033f,0,0,0,2011-11-18 16:42:34,1020,336,3.4069,1356,26,12,3,8,31,3.0,2626,6.0,2817
3867,8c5f95845ee14c71d74b603323ebe83c9a3d7062,0,0,0,2011-11-21 13:21:12,7,11,0.0,18,1,1,1,6,12,74155.8198,831,308.133,781
3872,c80468f1e2452c18b2743e87f3c206e6de3c09e1,0,0,0,2011-11-21 15:01:17,745,43,0.0453,788,1,19,1,1144,5,74530.5449,2862,1267.3333,45511
3878,fcb54ce339ea11932e20e08e77825fafeee6184e,0,0,0,2011-11-22 10:07:13,461,573,0.9218,1034,8,2,2,707,88,53086.563,831,302.8419,58042
3859,d0f952dc75c1de25be38da75ecf2f320ca8882f3,0,0,0,2011-11-22 23:27:51,8851,4,3.3874,8855,40,1,1,86,20,17301.7017,2862,616.6762,46001
3874,3e584c7561ae4c7fb61ce2f6ab564bfb49f398f1,0,0,0,2011-11-23 07:23:25,49,31,3.6231,80,2,1,4,428,31,48413.2442,20,11.0,47694
3883,1c78dd9ce4a356418962bdf83205791b8cfc10e7,0,0,0,2011-11-23 08:02:32,123,13,0.4996,136,4,3,3,861,79,74278.1182,613,216.9333,3259
3881,35ec26055584ff228ec79392d1e8f71608c84334,0,1,0,2011-11-23 14:09:36,1995,440,1.2733,2435,1,2,2,1025,81,57885.0309,2726,3.0,53259
3887,dc342de3711a5000be536cae6a661bbd44733398,0,0,0,2011-11-23 15:38:44,72,4063,2.3111,4135,7,5,3,734,83,30214.6198,12,10.0,55621
3880,7d0db867588309a5e00c455e6752ac90e8e35bf2,0,1,0,2011-11-23 16:18:43,32,41,2.523,73,9,4,1,694,89,10213.6424,2718,1161.2483,87
3884,48d1284a6438f1d6d7858a147149fff0f560f691,0,1,1,2011-11-24 20:05:37,30,28,1.4145,58,5,4,2,890,81,53947.6601,2,1235.6345,51161
3891,dcbe1e4d671f6243e826313048cda68971e0235e,0,0,1,2011-11-25 09:19:00,717,451,0.8663,1168,32,2,2,816,54,25371.7161,775,267.4364,2176
3857,d3e115156f6e809a6a115098c9b56c2d8fadf1a2,0,0,0,2011-11-25 09:20:28,14,451,0.9594,465,32,12,2,824,84,1127.6887,758,263.2915,3950
3889,789aa15fc1990643a1162e0ac93f1487446328db,0,1,0,2011-11-25 09:39:58,1207,1315,2.0174,2522,5,4,2,861,88,37215.3028,734,251.9842,3007
3898,b1e6799d3b8bf3d8047e913924451628eaad74dd,0,1,0,2011-11-25 09:41:46,93,2911,1.7669,3004,6,4,2,1048,0,73490.6667,994,136.9726,8011
3886,545cd657526cb92be4c7d677df943bd7c2646136,0,0,0,2011-11-25 14:18:41,264,2191,2.0,2455,4,1,1,629,5,23502.6533,686,235.9746,786
3897,c42280177000210383194175e1b5d5811c0c3d3a,0,0,0,2011-11-25 15:54:12,9,9,1.7855,18,6,4,2,927,82,24211.4241,2862,1267.3333,51714
3865,9afaebb57637d492aae5a6291447123f34f84135,0,0,0,2011-11-25 16:53:27,31,3,5.3576,34,41,1,1,45,12,39885.0562,16,1216.9933,43429
3885,21417a7bc5e6678a10c5eb45bf91a854c2014e68,0,0,0,2011-11-28 16:56:54,501,46,0.2946,547,2,4,3,47,12,3572.6651,924,203.3872,4852
3892,052e9ff98a2d2fb130fb3af4de3a5ce81d10d0a1,0,0,0,2011-11-28 17:02:42,203,64,1.2868,267,18,1,2,212,20,37493.2062,546,161.9217,6880
3902,5fc19f48c6defc6c0fe8f33c2857735474e33252,0,1,0,2011-11-29 10:17:18,163,465,0.0,628,10,5,4,1261,0,35289.9907,997,369.8976,8462
3905,ba0f2bc33ec98c6b1f83683cfb4a8eb7a16933b0,0,1,0,2011-11-29 10:20:09,207,652,3.5537,859,18,8,3,1042,14,3889.501,908,325.3363,58355
3900,ba326770f77c9b279fe130fc7d5db1c731c5bcc9,0,1,0,2011-11-29 16:59:58,1,5,0.44,6,8,2,2,926,83,13038.5993,704,267.484,3673
3901,206800e979e7338182dbe370265d7036631af5cb,0,0,0,2011-11-29 17:48:56,992,11,2.6388,1003,28,9,4,2301,90,66782.4471,613,216.9333,2633
3882,e651d55f520022f463918aa3a13834334b2212dd,0,1,0,2011-11-29 18:41:38,216,33,1.2585,249,2,2,2,925,87,55595.3366,802,117.2978,58332
3896,90d7063a4771ef26407e558572ba3bdefe6a3407,0,1,0,2011-11-29 18:56:51,9,22,2.0,31,1,1,1,629,1,4763.3403,758,260.1628,2001
3906,cd8612121d81c1feea4d3da5bca95d1af27caf3b,0,1,0,2011-11-30 16:38:36,0,76,2.1117,76,11,1,2,715,0,61611.6782,613,127.5102,1624
3907,ed1c9a26de39e17cc84f4cdbf1c96d22a327533d,0,0,0,2011-11-30 21:18:27,2421,44,2.5368,2465,8,2,2,954,90,8254.25,102,54.1999,667
3893,27a97d79e1b2ace2e48cf3596adec30c3cf08db3,0,1,0,2011-12-01 21:30:26,264,2191,2.0,2455,1,1,1,368,0,82819.5276,16,1244.142,44959
3904,268a540ff0f90db51639cb7f53e56d6139f792e3,0,0,0,2011-12-02 10:53:44,56,4,0.4094,60,3,2,2,965,80,64626.3659,613,216.9333,3064
3913,cef35c0c68f8eae76fbb99424fa0cc8712e4d7d8,0,1,1,2011-12-02 15:47:07,1537,513,1.5472,2050,4,3,2,1147,87,40815.2481,2862,1252.4845,49386
3899,ee54540ebf1bac99c19815301499213cf60d140d,0,1,0,2011-12-02 18:07:51,78,27,0.5372,105,2,2,2,794,1,20898.0728,2783,1235.3705,51706
3908,76b5f8e63ac0b117b4f26d878f77c9a4e5128438,0,0,0,2011-12-02 20:16:03,20,574,0.0526,594,36,1,1,2331,7,14876.9892,231,165.1995,1677
3915,eaca5341522a079dcecc181d229728da418ff2d6,0,1,1,2011-12-02 21:00:43,19,11,3.3944,30,11,6,3,993,82,28061.3978,2862,1267.3333,56150
3916,562cd1391d24a5d43e1eb63c355c773be03ea73a,0,1,1,2011-12-02 22:09:54,6,13,0.3685,19,2,2,2,784,82,6359.1181,1,1227.1804,48608
3894,c2626cdf241ff1e380255eab58155ac45fa1d4ce,0,0,0,2011-12-02 22:12:17,344,6,0.1076,350,2,15,1,195,21,19895.1329,6,1252.7997,45225
3911,16097db1f2afac9e5098d67e9709552f4f7ef9a0,0,1,1,2011-12-02 23:30:32,295,4,1.7112,299,3,3,3,753,82,31005.3434,2862,616.6762,56414
3914,7b99df114536732ad4b21a5ce275e58dbe911510,0,0,0,2011-12-05 17:10:31,27,1735,3.7251,1762,39,19,6,89,23,26042.6984,2862,1267.3333,44495
3890,0d805c7455494f32f906e97ed294f7d7d4525450,0,1,1,2011-12-05 20:18:57,55,283,2.0304,338,6,5,2,761,81,52817.9122,149,56.897,612
3912,3d5a5957a83beb21b72be1ae4c11aaa28960c5e0,0,1,0,2011-12-05 20:28:37,319,210,1.9097,529,59,7,4,601,80,67063.354,471,1267.3333,4697
3926,fe1e7fce60fbe2652a44e535e9bbd9bf04a0ef39,0,1,0,2011-12-06 02:11:50,122,813,0.4536,935,4,4,2,983,88,31749.4949,2786,1237.5008,51146
3910,09ac4bc05bbc2ef7f0fb68895fafb858ff7cfeb0,0,1,1,2011-12-06 12:30:21,1207,566,0.3964,1773,3,17,2,812,41,43645.6243,245,84.2646,3160
3920,8480f06e324e0bc2e042b7c1c483e08132d81eb4,0,0,0,2011-12-06 13:28:33,23,94,1.0492,117,1,1,2,940,82,26761.8351,2862,1267.3333,48772
3919,2ffe87e9d257e0c6cc584c11a4b55a3bb7fa1470,0,0,0,2011-12-06 16:30:53,264,2191,0.0364,2455,4,1,1,629,11,4.0,797,223.5863,1558
3909,b9a3d66dd4781842c077daa1a1f4cd906835f04e,0,0,0,2011-12-07 04:24:26,43,45,1.0178,88,12,7,2,822,82,55735.9637,2,2.0,51657
3925,050c6b3f595b07c7dd7c6f25a0c03ace74318bad,0,0,0,2011-12-07 04:42:43,57,124,2.5259,181,11,7,4,936,2,40232.9378,1,1.0,53896
3918,d3f868395450cf8562328b7422b5d3bd3a140562,0,1,0,2011-12-07 16:06:18,94,806,0.5387,900,3,3,2,981,81,55601.0801,859,299.7086,1332
3921,c0adddd077c20e57231b87ce9f681b3d8b1d3415,0,1,0,2011-12-07 16:36:19,761,23,0.0,784,9,2,1,2977,3,66846.3356,98,230.0091,54302
3917,a97be906ffb4698e43310a241ab0e2b06c62dbaa,0,0,0,2011-12-07 16:36:35,2598,1360,0.2243,3958,4,2,1,2696,89,4277.9218,340,179.8979,7
3928,fc42891a3a174545658c1b20b09006d824e990ee,0,0,1,2011-12-07 17:33:54,992,8,0.5776,1000,28,2,2,709,86,41192.6179,613,248.4182,2974
3933,aef5e6aa25edd3ec7dbeb063e882db16cae08537,0,1,0,2011-12-08 12:07:13,117,269,1.2142,386,3,5,3,1181,3,42307.7409,1052,322.7114,7528
3922,c898b070a169fed7fcd7c84cfa5a7d042847f064,0,0,0,2011-12-08 13:58:54,267,12,0.2146,279,9,1,2,36,17,1511.2906,902,184.8828,4653
3927,425e524ab75cdaededb74703b03fb3223ba50f3d,0,0,0,2011-12-08 16:20:09,6143,89,0.2963,6232,14,1,1,56,12,67171.444,2862,76.0859,3513
3937,ec624f50957776a444c28d6fea028786fe97640c,0,1,0,2011-12-08 17:31:07,185,14,3.0122,199,16,7,3,1350,0,40514.4107,984,127.1102,60271
3945,508503d1672a9ec876cf9134cea0a1099c6d9070,0,1,1,2011-12-08 20:33:15,89,143,1.9062,232,7,5,3,939,85,55113.7495,12,1230.7285,53023
3935,3459b3f8287a38d28cf08597a6e930d3298e4b1c,0,0,0,2011-12-09 08:54:47,1006,13,0.691,1019,2,7,2,954,85,44948.7599,782,268.8615,3578
3939,114314df3c2d0219692022da5f4024289681d575,0,0,0,2011-12-09 18:01:36,26,4,1.0552,30,8,2,2,966,86,38526.8135,2804,1.0,49071
3938,bf0f80cbb67b1fe6b190cdeeee135d0dc73c4e52,0,1,0,2011-12-09 18:14:14,58,46,0.1557,104,3,1,3,113,11,10471.6206,643,176.1756,1268
3929,250e63bc74c948aea68c06fd2b684d77ff25762c,0,0,0,2011-12-09 18:45:39,265,0,0.4014,265,5,5,1,2696,26,53307.3562,1,1.0,2
3943,27b733efe27943768064c60867ed6a9a8a1633f5,0,0,0,2011-12-09 21:00:58,74,655,1.5952,729,4,3,1,540,42,56024.083,449,90.4209,4395
3936,2dec842fdd380687bd58d3e0575c7e5d68c0c748,0,0,0,2011-12-09 21:02:49,2605,27,1.6357,2632,5,5,2,1171,89,1223.7354,564,135.4866,998
3944,4b0a0a75b1728df522dca662d8d73990cd936366,0,1,0,2011-12-10 19:40:59,20,48,2.3232,68,4,5,2,1,2,70207.5762,2862,1267.3333,50816
3924,8cf9f2deda1fa2d1300813b6a0a4f3a23e00f011,0,0,0,2011-12-12 18:22:13,2194,750,1.7888,2944,4,5,3,425,44,62124.6792,681,109.8836,419
3947,db0d3131c2afa9f5bf75e30774d04e6bc56a1d52,0,0,1,2011-12-12 20:31:13,19,18,0.9688,37,8,2,2,777,81,7078.7078,1,1227.4926,51529
3949,e37bd7e8d344332ff41bd1015e6018c81ca81fa3,0,0,0,2011-12-13 18:25:48,49,23,0.4858,72,30,3,2,816,83,78035.1016,639,272.4693,881
3940,5fa71cce0be9dc8a86cee957c00fd890fd660237,0,1,1,2011-12-14 18:44:54,37,9,0.9919,46,2,1,1,421,38,32028.766,677,178.5906,621
3954,1596ae9057956706a9c9630072567ab615fe844b,0,1,1,2011-12-14 21:44:14,1278,340,0.1859,1618,8,2,2,757,83,19992.4728,60,17.7436,2272
3923,9bec1e42a60e4e7e8c3d16cd45ac44447704ef65,0,1,0,2011-12-14 22:52:54,359,5,3.0524,364,18,5,2,195,25,13295.3167,131,118.1852,59494
3950,e15f3aa028baa1d239bb82b2e200b4cad5a55345,0,1,0,2011-12-14 22:53:36,2402,139,0.4227,2541,5,2,3,125,9,52375.5032,61,84.138,4702
3941,e4163cbad655db183acf60dcc7a3218a2f7e825d,0,0,0,2011-12-14 22:54:54,112,6520,0.3543,6632,1,2,1,151,18,2117.6945,152,129.9296,59905
3948,cff12a848ca81584ba7a9e514aeaf75c7b9354b9,0,0,0,2011-12-14 22:55:17,3,2,0.0,5,1,3,2,96,9,444.7498,258,174.8528,963
3953,ef2c94af859fb5809d1b33b4ec46851d124c4f02,0,0,0,2011-12-14 22:55:36,29,2,0.9094,31,8,2,1,208,27,3277.771,337,138.0453,54302
3934,16da34e1bab8ea9990473f1d92b9986596512e58,0,0,0,2011-12-15 15:05:08,264,2191,2.0,2455,1,1,1,23,15,57072.393,254,154.3623,46227
3957,0860058edaa8c07dc9bf627601e5580132a00110,0,0,1,2011-12-15 19:10:36,22,5,0.7989,27,32,2,1,824,89,43709.103,613,150.7724,1777
3965,76454268062351e408d5c520b840e8ec2ba229ea,0,0,0,2011-12-15 19:14:28,180,99,0.9163,279,2,2,2,844,81,218.1592,458,213.5796,4435
3932,8bef247f3da043b73eeddafbef7eb3adb92f5b6f,0,0,0,2011-12-19 09:16:07,992,228,2.6388,1220,2,9,1,2301,1,607.8387,613,248.4527,2680
3951,b98c8ca1958b1ae13e3813c9581fe9dd04b1b538,0,1,0,2011-12-19 09:18:36,43,566,0.0124,609,30,2,2,834,41,55391.3481,778,292.4049,1812
3962,be313935e54be450d9aaabda7965a2f266e922c9,0,0,1,2011-12-19 09:20:18,100,7,0.6339,107,10,3,2,916,88,38310.5004,243,79.4329,58332
3959,66031419626e8258690ca3bd534f388535f35d68,0,0,0,2011-12-19 16:50:08,22,14,0.1941,36,38,8,1,6,13,59961.0,200,209.3127,2958
3958,6979113b9de80f842f63acc1a4046fd78a988818,0,0,0,2011-12-19 16:55:52,1032,72,2.165,1104,11,6,1,12,3,5794.4044,483,103.2931,55097
3966,4c2efec96c1fb57b7e945c9a789990c77b93d854,0,0,0,2011-12-19 17:03:13,607,465,0.0736,1072,25,14,4,485,31,83258.3082,2803,1252.4694,45320
3942,5cdfaab72c6c8a2a9fab0d1a97fd1cdeafd6c2df,0,0,1,2011-12-19 20:11:40,996,63,0.0454,1059,15,1,1,29,6,58854.685,686,129.3416,837
3955,9e6087c0138eb434e3fee769bae2cdc72b863ba5,0,0,0,2011-12-19 20:26:47,26,63,0.0972,89,1,1,3,30,5,84780.0,681,191.6882,54302
3976,e3c5d5d4335150e76b3e7e5ea7147f33ddc49910,0,1,1,2011-12-20 20:08:20,42,1014,1.9583,1056,8,6,3,1066,0,39382.0,20,1200.7126,13
3967,76020d689354897a6b409062bf7f2cf0cefbd0ee,0,0,0,2011-12-20 20:57:36,745,1735,3.7251,2480,1,19,6,80,22,59150.5717,2862,1267.3333,45848
3930,0a61bac3e8a6aadc882a82edd586c1755e58b3bb,0,0,0,2011-12-22 16:56:17,144,0,0.0,144,1,3,1,213,15,66551.6887,669,172.6372,2462
3952,f198582a7ca0de8d15337a569e036e6dcec14104,0,0,0,2011-12-22 17:49:05,267,187,2.7193,454,9,1,2,129,17,62513.3623,512,227.5485,3936
3964,490ca770e8cc87f345c2a8d1ef7a85e74ca03581,0,0,0,2011-12-22 17:53:42,41,181,3.9524,222,17,1,1,156,19,79604.1111,247,170.3333,1662
3972,a9c820b43238abbef0636660d67ea76871ce4aca,0,0,0,2011-12-22 20:15:40,2,813,2.0818,815,5,3,2,1204,88,34193.2361,2785,1231.1711,51441
3960,acfacbd8d4e79ddb1285a1cb65c8ec8b61b99d2b,0,1,0,2011-12-22 20:25:10,15,1192,0.1587,1207,80,21,4,354,35,1757.1593,668,123.4148,400
3981,23e1aa4c047061da3ab32f222f2172979967fd45,0,1,1,2011-12-22 21:34:24,186,499,1.4753,685,10,5,3,1662,15,11484.8383,2704,2.0,46180
3974,6ea00a304733d851759c7c788e66951d26592451,0,1,1,2011-12-22 21:56:00,134,174,0.0,308,1,11,3,1588,0,33576.2554,2862,1267.3333,46227
3978,00b314d152c6d9c67c2d8da7c64edddbe746739a,0,1,1,2011-12-23 16:25:19,23,25,1.4598,48,3,2,2,875,87,68611.1435,734,248.0545,3073
3961,d38aea143338939c887a0bd7c28225f77f310e90,0,1,0,2011-12-23 16:39:01,181,82,1.7001,263,12,9,3,1,86,35833.3068,2862,1267.3333,54982
3980,76897cdcffb50377bff9bbb4365f8d55a95064e1,0,0,0,2011-12-24 18:35:48,7,1572,0.9759,1579,6,4,3,979,89,20054.7057,119,50.9321,712
3963,bad90afc6f5be37fae11358c949802503e77caef,0,1,0,2011-12-27 20:17:17,1182,0,2.5439,1182,12,4,4,689,48,50925.3299,9,1068.6978,51593
3975,02346a1e6a4523077f1e7d6fdc0c931f53abbc59,0,0,0,2011-12-28 15:12:46,2194,750,0.8505,2944,60,23,1,372,38,39266.3077,2648,1.0,48837
3983,7f747c9d9addb87d3e6f9747483c413ea2918724,0,1,0,2011-12-28 17:02:16,22,26,1.1828,48,3,2,2,867,87,37000.1442,190,77.0538,2369
3988,c0af7f604189f9e2a21fed397ad32c43a8aff89f,0,1,1,2011-12-31 16:17:40,8851,113,3.2225,8964,9,6,3,1396,84,42844.6671,2862,616.6762,46264
3997,b9813ed388f9672ac4099d4a72c6362edc442ede,0,1,0,2012-01-02 20:30:16,111,388,1.5456,499,11,2,4,1620,79,34138.9769,2862,193.1036,63004
3984,2a7786e452caa57d650f3aa8a0b509108bbc900e,0,0,0,2012-01-03 16:51:20,951,39,0.0808,990,35,3,1,2957,21,68576.2882,141,59.8333,479
3990,de333791e81ae5364e2454af1e2fbf674bacb761,0,0,0,2012-01-04 16:33:57,1,6,0.1067,7,7,3,1,4,2,65984.5496,726,135.6086,2693
3956,7ab6cb1e500ecdd0c1c7a920c066373ae5b06cc9,0,0,0,2012-01-04 16:37:17,6,184,0.0,190,1,1,1,175,17,40187.135,222,107.0468,46227
3993,70a350e6e975c8c1aaaa5ed732f090974621355c,0,0,0,2012-01-05 03:10:10,62,23,1.3819,85,3,2,2,818,83,40191.5165,2862,1075.292,49954
3992,eca0c4856fbc42d833aead796c82fc2939cbfd5b,0,0,0,2012-01-05 21:47:50,27,11,1.4391,38,2,2,4,423,37,55962.1878,231,201.4693,1388
3987,b90462aefbab4e443a4a4d83da7a30cd4516697f,0,0,0,2012-01-09 16:23:53,198,27,1.98,225,12,4,3,223,12,34707.031,506,248.8061,3716
4005,89e54091fd2b55363f3a4917d0883d688c9e8a9c,0,1,0,2012-01-09 16:56:00,12,4,1.7559,16,6,3,5,1096,85,84.0,639,349.6662,1136
3994,bd00a2355ac576afb57e5f3fe73093c729ed79ed,0,0,0,2012-01-09 17:45:39,2663,116,2.4199,2779,6,1,1,113,24,14038.8298,112,401.0203,58042
4001,9a11e424efeaa67a5d0081a93319b5ed9fddc516,0,1,0,2012-01-09 17:57:51,107,37,1.8113,144,12,6,4,297,22,76054.6667,744,157.8459,3980
3996,bcc87a9ee83d3975919a12fdb95106f79f9c62a5,0,0,0,2012-01-09 20:16:49,9,2191,2.0,2200,1,1,1,123,27,14144.0513,209,55.828,46227
4014,f64c17e428ce4fc73bca4119b4513762cd0120af,0,0,1,2012-01-10 08:26:51,996,977,1.2499,1973,3,1,2,908,82,60848.1212,840,331.0949,4319
3998,d48a6c14f370dfe97eb4e45c567ea9d1923914c6,0,0,0,2012-01-10 18:56:23,19,224,0.7426,243,39,2,2,167,19,27158.6901,3,1133.1377,45265
4004,ea4296932c6be69d7a1a995367bcf7e2130e962b,0,1,0,2012-01-11 00:17:39,106,494,1.4377,600,13,3,2,2341,25,59634.5191,2772,1048.0669,57333
3999,10a8f67783d9987063424212129be29690628bca,0,1,1,2012-01-11 07:52:42,33,19,0.1674,52,1,3,2,1009,90,76201.553,613,306.315,3109
4009,185eca5d1fa7e384bb888c144d06abbced0fd577,0,1,1,2012-01-11 17:44:32,103,72,2.2262,175,11,7,2,463,44,44986.9441,2699,992.1796,57341
4000,bb7b64312d80d9dc3864cf6b09d565cbd6a14c14,0,0,0,2012-01-11 22:43:41,19,99,0.9665,118,8,2,2,915,86,40372.4246,90,147.6049,54302
4011,1e750138177e9cd9cbd6537451a4b5cd301dab3a,0,0,0,2012-01-12 02:26:44,16,187,0.8353,203,2,2,2,125,19,16020.7321,16,1169.1549,48141
3985,c1f125b9b61a1aafb65c0466a43ceddbf9e8e9f9,0,0,0,2012-01-12 08:11:25,2,1,0.0,3,4,3,1,55,8,59922.6928,708,294.9664,3105
4003,cafeeebd17b208e12313bea9da0972e6f4c5cdf8,0,1,0,2012-01-12 16:54:22,358,147,0.1432,505,13,7,1,89,15,61618.9082,712,258.3491,54302
4008,58fe9e9f56638d00858aebb65bf4b2dc69721291,0,0,0,2012-01-12 20:55:44,4,7,0.0,11,1,1,1,4,7,75571.6648,2862,1267.3333,1772
4023,6a1ed6205cad8d019eb6eda326d7796a8a0dd67b,0,1,0,2012-01-13 07:49:21,51,243,0.878,294,2,3,1,916,89,42832.2944,734,299.5556,25
4013,f458cc1ad94acb06cc8a7b59d15b03d4150ad353,0,1,0,2012-01-13 20:48:39,89,19,1.7916,108,3,3,1,43,14,49317.2015,367,147.8951,3467
4012,9ad560d2fbb7f4a9a2cbac5741fe9301919b6319,0,1,0,2012-01-14 00:33:16,4,0,0.0,4,1,3,2,346,36,23400.419,568,213.907,2396
3991,0456b7eb231275fba368d35fb861b09096fdd8fb,0,1,0,2012-01-17 08:40:04,268,17,2.7683,285,1,7,3,1181,79,43413.2388,725,306.5438,305
4020,35f7bc597a8d26ca88526cf0d5208c13bdda523d,0,1,0,2012-01-19 16:05:45,441,250,2.5638,691,1,8,4,1038,75,51495.6995,613,306.7477,2852
4007,9bfdb01f00bdd88165fac9d07e7f6b60700ca40b,0,0,0,2012-01-19 19:22:09,725,70,0.3162,795,5,3,1,359,33,74134.5767,24,1009.7368,49070
4019,2bc0d4db9d1b8fe074c7f79e90420072d5890ace,0,1,0,2012-01-19 19:26:40,150,0,3.8467,150,1,11,1,1208,39,69193.5261,6,912.3559,6
4022,739848602dc01b4f4d1893bf3aa38f5ddcf13267,0,1,0,2012-01-19 20:59:50,6143,12,2.9719,6155,14,7,1,72,8,14706.9192,2862,1267.3333,957
4010,83119656a2f54db064ec1479eddb826d8fcaf7de,0,0,1,2012-01-19 21:04:21,6143,15,2.9719,6158,14,1,1,73,8,1134.303,131,1267.3333,1215
4016,e86469ee058fb73acebbae5f0ff64e5eae55e613,0,0,0,2012-01-19 23:34:44,996,47,1.4615,1043,3,2,1,175,11,63142.354,478,237.3225,3264
4030,d51d6f0b43b006b40ec3c1d6d13e2155b58136c0,0,1,0,2012-01-20 20:05:07,55,34,1.4495,89,6,5,6,1335,85,21780.5074,2862,1076.4864,50198
4018,5409af4535e483103686a4913ea69ab2c68a4b1b,0,0,0,2012-01-20 23:31:47,1032,755,0.9312,1787,3,6,1,12,3,9118.0701,27,1201.0449,55097
4025,ee5dbdb8d355bd1fa5de535fdbebbfcb7344810b,0,0,0,2012-01-20 23:54:07,241,236,0.1531,477,51,4,8,3055,94,84194.0,2453,7.0,253
4031,27b818386cdb123691702726f35d3ed6876c8b25,0,1,1,2012-01-21 21:41:06,59,23,2.3539,82,6,3,3,789,91,22629.0978,2862,1103.0596,50394
4028,f6edaa8555307dc94c905e5627e79c97d06b254e,0,0,0,2012-01-24 16:14:49,27,12,0.6135,39,3,17,2,864,83,65355.9108,139,1125.202,48418
4027,341611095a884f9222326af6207e838888b5764d,0,0,0,2012-01-24 16:14:49,327,2,0.745,329,2,2,1,778,81,65192.0324,1,1132.3266,51971
3986,2f115d4342e3830fbf320cb4a4f34f4c3613b29d,0,0,0,2012-01-24 20:03:57,951,969,3.528,1920,2,1,1,2957,20,5990.3871,102,101.7134,538
4015,7c374547793c30f62366b2a28a2ca2c1d914f146,0,0,0,2012-01-24 20:28:41,2,1,0.0,3,4,1,2,35,16,933.8008,177,96.1945,49967
4024,b318404e539bf82197211ef931a78463944dcf6c,0,0,0,2012-01-24 21:05:21,24,10,1.515,34,4,3,1,223,27,17308.5004,187,125.8123,1321
4037,372a3ade515b307209ea078358fa8777eda10599,0,1,0,2012-01-25 00:52:14,987,2291,0.859,3278,2,2,2,977,80,26652.809,2698,1013.4133,51591
4026,5c66bd9d388f59243b852be0fa4da58b60c1af30,0,0,0,2012-01-25 00:52:14,349,181,1.184,530,3,2,2,1072,78,31396.2883,1,1002.2288,52658
4034,86a7a3d1a0ba38e9c1f110814517f1b7630cfa51,0,1,0,2012-01-25 02:17:47,7,81,0.9496,88,30,17,2,909,41,11658.1941,2771,1148.6543,48280
4036,86637d43cb4019d5f6747349d9d7315ff2236017,0,1,0,2012-01-25 10:24:54,73,6,2.142,79,7,4,3,905,54,59502.3779,671,269.502,852
4002,8142a2fe93d1ac517e2056b61d4c53c6a4da57ea,0,0,0,2012-01-25 10:58:47,50,46,1.0813,96,2,4,5,1222,89,46163.0981,852,278.4294,5595
4038,fba541c0c33a2e966c0cb23cb1cdabce9c330d26,0,1,0,2012-01-25 20:43:55,2319,854,0.9555,3173,14,9,3,718,74,33769.6566,292,72.616,212
4032,cf0b69ff5d09d91c91f7663011c48a5a5178243f,0,1,0,2012-01-25 21:56:58,23,1014,0.374,1037,3,1,1,15,6,37725.8834,20,1138.279,48244
4041,eec2309266be044acd4538a9b445301ae3a02f41,0,0,0,2012-01-26 01:15:01,290,14,1.2933,304,4,3,2,832,83,48519.7902,2752,1138.1792,51423
4021,f5f3065843da6d5d1ba173f433873c10f9a27f80,0,1,1,2012-01-26 07:15:25,6,184,0.0,190,1,1,1,5,0,3082.3907,4,1077.5471,9
4040,26083f71f1fa39b74fbc6ffbad1a0abfb60fdd9b,0,0,0,2012-01-26 07:31:38,717,6,1.0532,723,32,2,2,895,54,40366.9104,1,1106.1517,49389
4035,b663210576a2ca9534d17d2c757e87a8726a8d0c,0,0,0,2012-01-26 07:31:38,731,364,1.0952,1095,1,2,2,947,89,41151.8919,1,1126.9923,47887
4017,54d9fbb031dced55299133d0e103bd4efcb95c14,0,1,0,2012-01-26 07:44:51,30,21,0.7877,51,1,1,1,0,0,8877.8876,19,1126.7049,82
4033,48fbdb34a9c5c548e68726f56d3c32b6ac2028e7,0,1,0,2012-01-26 08:58:36,1720,18,0.4205,1738,2,2,1,2274,17,31695.2558,656,334.6042,3805
4043,d49113fad1bf7a15ca052156b872b9bdc01b6d73,0,1,0,2012-01-26 09:49:56,87,566,0.1809,653,30,2,2,855,41,16844.0772,668,282.692,1570
4050,0fdab63d366810c4225221624082a30c332d3d3d,0,1,0,2012-01-26 15:20:55,83,2,2.7793,85,9,4,3,1071,83,21658.5137,633,332.1479,1241
4029,e10eb19e85834aeea4514a968613d41e1dc0d247,0,1,0,2012-01-26 15:25:18,405,460,3.1585,865,23,7,4,1095,84,42029.6566,496,371.6094,8179
4049,96ecaff517418c63b93688865dbb435b2186372f,0,0,0,2012-01-26 16:29:44,17,27,0.8998,44,5,4,2,243,24,69078.2925,2862,1087.0833,57304
4046,93fa8d8ad6f721cb107e9bb0a618f4ec39bb9f94,0,0,0,2012-01-26 17:33:19,501,8,0.7631,509,1,2,1,33,13,54300.8799,16,1056.3551,45330
4047,32075c4aecf06bf28cc415ea5ae3fa3cbc805983,0,1,0,2012-01-26 22:02:34,178,1102,0.8291,1280,1,1,2,2564,28,70634.7686,254,109.9557,110
4062,68d4e28d94a69bfa954a04c4e2fbdb75252db47b,0,0,0,2012-01-26 22:58:47,8851,26,1.0024,8877,3,2,2,832,83,42144.889,2862,1101.0317,50679
4039,998dbcef21e1075b4d64031281c467b2172fa8f9,0,0,0,2012-01-27 02:48:59,41,8,3.3063,49,2,5,1,8,6,19285.2156,12,1009.966,49565
4048,006137294999d1713956a99abfe7cd41807c73c3,0,0,0,2012-01-27 09:53:09,1513,6135,1.4472,7648,4,2,1,399,28,63362.1141,857,356.6622,5029
4058,a5b3abb667928e231b9dc9cfcb9184024f23f8d5,0,1,0,2012-01-27 15:02:43,28,18,0.2512,46,2,1,1,986,86,39923.5011,651,339.6576,2192
4055,2c62adab36a589e9ff9e9169fd2125272e067918,0,0,0,2012-01-27 22:03:12,951,52,0.2008,1003,35,11,1,2957,8,31702.6212,102,101.8035,464
4060,b10d5bd705fbbf07c567f61b2d6f68a4c8d22b0b,0,0,0,2012-01-28 04:21:57,71,41,0.8769,112,3,3,2,1205,0,25240.4089,2,1120.224,48419
4054,4fb3963197761244e86eab7e92883fa0ca0bb687,0,0,1,2012-01-28 14:21:47,2172,719,0.2007,2891,96,2,1,308,34,36128.2735,2728,1149.7392,44786
4066,46adb0db9ceeafb166012632d20d61d1d85ce5bc,0,0,0,2012-01-29 00:19:45,614,99,0.7829,713,2,2,2,1007,82,31968.5849,180,85.0928,54302
4045,119fa050307a9ea768ef5c9fcb90124950feb56b,0,0,0,2012-01-29 02:31:49,8,18,4.4362,26,47,15,1,63,14,14071.7196,87,87.3228,1177
4053,43003f06a37c93ab8fdc44f9b31decafa039972d,0,0,0,2012-01-29 16:12:34,3100,774,3.9267,3874,35,14,1,79,53,69519.0184,391,128.3914,209
4057,0d1991eec4781afc1f6673949d306cfe02ab8fa9,0,1,0,2012-01-29 17:04:01,18,39,0.0,57,4,1,2,39,4,1319.3738,333,99.5825,1131
4073,2deee7a4e70c3e17344f7bbd53e9a72a8ac99dba,0,1,1,2012-01-30 15:22:39,354,157,1.856,511,9,7,3,1071,80,44044.8576,734,298.4672,3016
4072,3d55a2b033ee7c7333230af5ef7c83b44bd8c8f7,0,1,1,2012-01-31 00:37:59,25,83,0.9183,108,8,2,2,1224,0,49156.9227,42,143.8466,54302
4071,6173fa9e3443909474e14f5695e705df5b10dbcc,0,1,1,2012-01-31 21:24:27,43,18,0.2765,61,8,2,2,832,86,36153.7336,88,124.2294,1729
4068,dbd8ced107fad720c416d7e4919cb33884378a02,0,0,0,2012-01-31 21:24:27,50,34,0.256,84,2,7,2,926,82,37004.0111,185,128.0691,981
4051,e6b3cbbe28feaa6102c94d3717539a828cedd543,0,0,1,2012-02-01 07:43:21,344,6,0.0759,350,2,1,1,101,23,57563.9908,800,338.742,1550
4061,5c459243415118e3e1866d07f2620f29fa62e56d,0,0,0,2012-02-01 18:31:08,198,196,0.0314,394,1,4,1,22,9,73564.7785,44,1104.5789,46887
4067,089eacf600b32b84ea197b0f1f3d58a1a50ca701,0,0,0,2012-02-02 03:57:12,602,8,1.7352,610,6,4,1,522,19,39782.5929,78,51.132,373
4042,defe66a16a53b29bfaa2193a87f7c7e165938fa9,0,0,0,2012-02-02 04:49:42,1487,655,1.6417,2142,8,5,4,502,32,77790.0,2862,143.8121,58042
4070,0074d64915fbff95794ed81263f15d0116b4e8d3,0,1,0,2012-02-02 04:54:30,77,1572,2.4628,1649,4,4,5,227,26,84249.0,613,47.95,446
4052,cba4087cf696e6520082313bc575d88858f5e260,0,1,1,2012-02-02 23:08:59,22,12,1.5274,34,2,3,4,101,31,48512.9764,606,200.3827,1388
4069,35aad40b05442b4c827cf8d373c65954d4b36748,0,1,1,2012-02-03 00:00:08,69,21,0.0,90,4,3,1,56,10,13067.722,720,233.539,592
4074,cbac7af793f8a726f051d6dbf36a382fac595c45,0,0,1,2012-02-04 14:23:45,522,282,3.053,804,16,1,1,179,21,82011.4862,613,311.2,2624
4079,a35f8787cfbfb2ad60ee7795c104ee05661227dd,0,0,1,2012-02-05 21:23:51,75,35,2.6133,110,10,3,4,1134,1,14148.4018,808,261.4484,4938
4078,270850d793aa1a8ed408f682479117f3f8ff3f6b,0,0,0,2012-02-05 23:22:40,20,451,0.7359,471,3,2,2,934,83,68150.0639,1,1121.7802,48929
4080,8eccb80a317082897dc04d033fce500ac43e70aa,0,1,1,2012-02-06 09:33:42,70,3268,1.2185,3338,61,5,2,1229,85,50294.5605,800,339.8017,1097
4077,54528835775460f427989138529624f8a6b6e34c,0,1,1,2012-02-07 14:00:23,91,65,2.1242,156,8,6,2,1296,0,27285.8128,140,59.8333,648
4083,7b1dd3d8f0191c7d53211a6312e591cd29128184,0,1,0,2012-02-07 19:06:31,114,31,0.524,145,3,6,1,49,13,48292.0139,2813,1110.0776,45472
4076,2216a3dce05e5b91c99b0aa98d2c1ce588f665df,0,0,0,2012-02-07 20:01:19,50,77,0.0647,127,3,2,2,1033,85,15299.5068,102,25.0,607
4082,ba637b4d1f1b0c48c62498cc35ac6f5665cf4f27,0,1,0,2012-02-07 23:27:20,4,14,2.2716,18,5,4,3,1521,21,5482.7068,2862,1062.6124,49934
4096,7108f3ed318f3be0afaf4bed109226d3373215c2,0,1,0,2012-02-08 09:21:30,1207,566,0.8338,1773,4,4,2,873,83,51007.2429,804,342.74,4866
4084,6c70b83d055d9212c9ec8ad9437ed9d8a63a7882,0,1,0,2012-02-08 17:57:16,4062,1700,2.0486,5762,18,5,2,1060,86,29430.8049,48,165.3963,58042
4089,d9ed0378786b4bbd6e07e5ea2801cd34d35a2258,0,0,0,2012-02-08 23:42:54,8,5,1.0383,13,2,1,1,555,29,6052.4951,6,1104.9384,45600
4065,96afdba855f94bce44f5747121e6019529dc8c07,0,1,0,2012-02-09 03:46:00,7,3,3.1854,10,21,1,1,100,19,13091.2704,2862,1087.0833,46523
4087,c3dc7894159ad413f9c8fa0cc0024c6ed0984831,0,0,0,2012-02-09 04:28:47,49,0,1.5469,49,4,2,2,1035,85,34975.0957,2862,1070.969,49955
4086,a85bbdf633d302ded4861ed95a69375d50566904,0,0,0,2012-02-09 08:01:29,327,9,0.9382,336,2,1,1,293,26,46755.4616,565,425.9208,7121
4105,12d26f869d966a842e6b01b13e338051c9c85f68,0,1,0,2012-02-09 23:18:18,160,38,3.0337,198,10,5,3,1730,85,65452.1336,1,1197.2274,53200
4088,742648c821bb5922018423ff5f360233017a08ba,0,0,0,2012-02-10 16:07:53,7,214,4.4362,221,47,15,1,68,4,40462.1715,545,168.0673,46227
3007,ced22f76b3a0495257c26d861ab3b85a94727d47,0,0,0,2012-02-10 18:39:46,143,50,2.5345,193,16,1,2,457,89,49734.0232,225,1267.3333,3623
3011,4e6a4c016a9efe60c053318b4da81e6a90b9588b,0,1,0,2012-02-10 18:51:04,269,1572,2.667,1841,11,11,2,269,25,8373.2107,119,47.5984,280
3008,c49a1497eafc5ab5c16b03b3f97842c5ab1e64c8,0,0,0,2012-02-13 20:37:22,19,206,2.8246,225,1,1,1,6,8,71768.9876,2862,78.3251,1698
4075,2a5547981dad7e59be2c26aeb52f5d49d2195b9c,0,0,1,2012-02-13 20:42:29,42,2,0.1821,44,7,3,1,4,10,4582.981,2862,1267.3333,54302
4090,79050449e7e953a301e275a755a2b5f3a5b0d06a,0,0,0,2012-02-13 21:31:43,996,52,0.8322,1048,3,2,3,506,34,36047.8894,2703,1150.1946,44315
4063,d2c22a855c260a9c4e51ac41f42b7b3de46a0a7b,0,1,1,2012-02-14 13:29:35,102,58,0.0,160,6,3,2,683,41,58862.4795,538,170.9913,2068
3021,5dac2086dcd4cb6845b814384d04952c986ac240,0,1,1,2012-02-14 17:58:15,250,153,1.2569,403,4,3,2,1073,77,34815.7562,161,108.67,58042
4085,5d6c1bdad7107618fc165bec74fc0444078910f8,0,1,0,2012-02-14 18:21:47,4,2,0.1666,6,4,2,1,88,9,63764.903,599,198.7621,2275
4099,1ae32c93eca24a5bdab7332a56418a12b4e6586b,0,0,0,2012-02-14 18:48:12,366,1775,1.594,2141,10,3,1,776,60,48301.1479,159,1087.0833,176
3020,e28e7e9675ddb3bd949d86e25b5a9f3638226c36,0,0,0,2012-02-14 19:41:37,69,1,1.6771,70,9,3,4,1006,59,15154.4305,2862,1087.0833,43653
3016,212fd417f3e622449725d83e8dacab9506318dff,0,0,0,2012-02-14 23:37:26,6988,52,4.3841,7040,45,14,1,235,15,17135.6448,5,6.6153,23
4081,ddee43e8463777b0419fac2423a59511202c8fab,0,1,0,2012-02-15 09:48:32,296,71,1.1907,367,11,6,2,1016,60,49719.0968,300,143.7607,392
3018,10b3dcc9672c9e748469eb5df5826639d8c88c8d,0,0,0,2012-02-15 12:50:22,443,243,3.1154,686,14,8,1,2008,13,49035.1926,734,293.5677,801
3022,c0a342bc85482eb2ae14c15a349188ef27ed98f5,0,0,0,2012-02-15 15:05:45,251,6,0.8803,257,3,2,2,232,16,20219.9195,607,206.5,1630
3010,636e41dc3c1827ce438c98fb7a45c2a511083842,0,1,1,2012-02-15 15:41:46,190,199,4.0152,389,5,3,3,218,16,52996.6602,734,295.3938,3011
3017,78142cb790f921395273233eea5e2016b9148d36,0,0,0,2012-02-16 10:54:36,522,17,3.053,539,2,2,4,164,1,11972.7319,728,311.2,3346
3030,94860c6c3713cda4f17dabb2ac2ce30cfe92f6e2,0,0,1,2012-02-16 15:26:16,717,451,1.0195,1168,2,2,2,917,83,71502.9434,1,1062.7108,48966
3019,8f570ea68e50246ae825fa895f0e7fcf934e191b,0,0,0,2012-02-17 07:49:32,91,118,1.0443,209,3,3,2,1099,82,62916.1954,856,350.9537,4748
3029,14d57389bf4bead6e52d3d0b45ac536b9ff232ed,0,0,0,2012-02-17 23:28:19,54,3268,1.3683,3322,4,3,6,1199,46,42531.1481,120,72.6913,60820
3031,058307b65ebf6d85027c8960e26ed10a4f4bfd80,0,1,0,2012-02-20 10:04:00,12,9,1.0827,21,3,3,2,934,54,46925.5364,678,320.0468,4123
3015,712cfb12dd01b368a34e6b19d16c21edcaac1487,0,0,0,2012-02-21 12:37:17,344,8,4.4362,352,2,1,1,1356,13,74803.4764,676,285.8131,1779
3024,83cfa9dd16d3f3bce8c60d7872d415ba58da8652,0,0,0,2012-02-21 14:31:50,144,3,0.0,147,1,3,1,24,5,80364.163,649,183.6268,889
3028,527d590d435073ebefab7369f77e7d3a04d5b651,0,1,1,2012-02-21 18:30:06,558,9,1.3296,567,2,3,2,518,43,58928.6922,613,182.9057,1787
3023,f943a6edf20a62f08c17cdb1c392478fc9846987,0,1,1,2012-02-22 08:24:43,20,39,1.0017,59,3,2,2,881,86,44633.0919,730,311.2,3116
3034,8413d831d12099e8f2764438f0f31ec8ea1830b0,0,1,1,2012-02-22 13:21:53,26,13,0.6253,39,3,2,2,921,54,18328.1504,777,285.8554,2097
3040,5030f78a5aa9bfa52915812dceb78a717db1ee86,0,1,1,2012-02-22 15:30:54,62,111,2.6919,173,6,7,4,1267,1,28771.9368,910,180.922,56165
3037,e376bc02eca6f75489d2aff41e0cc36105eb8567,0,1,0,2012-02-22 18:54:43,134,60,1.5673,194,9,5,2,1385,88,28840.8378,281,109.3846,625
3026,9dbb1b7757b1601e78254fde5a7142e93f46b620,0,1,1,2012-02-23 15:03:17,166,3268,1.8989,3434,16,6,2,1361,82,41257.2923,238,53.9026,2191
3038,44d6f49bb051a3a49fb2b758b6fb8016a1845f13,0,0,0,2012-02-23 15:07:59,295,64,0.8891,359,2,2,4,75,14,30858.4013,2862,143.2859,56960
3027,5888fcd6aff4e8c00ad7f4c629c5feb1cf9663a0,0,1,1,2012-02-23 16:22:11,31,8,1.1527,39,3,2,1,349,39,12669.0708,671,356.9542,433
3039,38ee718ee6edc0116a3727d9186b64272daa1018,0,1,0,2012-02-23 18:58:23,119,98,0.0,217,35,1,1,0,0,60181.1878,6,6.0,6
3036,3a896db908927dc3fae18859fdd804f5c1400e7a,0,1,0,2012-02-23 20:29:37,157,1096,1.808,1253,5,3,2,873,83,56898.6445,2862,1105.0645,48730
3009,e2ac5303a26ed631af23408400185d8d8dc42f06,0,0,0,2012-02-24 12:56:42,4,98,0.0,102,1,1,1,211,27,3166.3964,658,247.1002,2535
3047,18c5441cc83fb4fae5e537ad63453e5319453da8,0,0,0,2012-02-24 14:01:37,29,902,1.5832,931,3,4,3,960,86,39129.8966,92,135.6972,1948
3046,9020f20133d8d7297f833102c603d8775fa5b141,0,0,0,2012-02-24 14:09:16,443,61,0.4127,504,3,8,1,7,22,15604.724,734,291.7876,510
3035,5cc12f37f6419a80efaa7341e8a284e19165ef30,0,1,1,2012-02-24 16:35:58,31,11,0.6892,42,8,2,2,1027,86,74330.1851,2780,1039.4806,47899
3043,cbd46f11c1ba0597d6d66842619b7c133e24570c,0,0,0,2012-02-27 09:54:09,57,1371,2.1381,1428,5,5,1,424,18,67476.9647,887,259.911,7142
3049,185e0250ab7e21462149f337497ea24d5da01719,0,0,0,2012-02-27 09:54:09,150,3,0.0,153,5,4,5,1,21,73400.1504,1065,394.3168,5831
3050,b2b8a5349a6306f75cd69aa2ed081221b92f3a7f,0,0,1,2012-02-27 15:07:42,131,29,1.6654,160,5,2,2,913,78,21405.3908,2862,190.5082,4351
3048,a043998c98cdbcafad248311b11295b7675911a7,0,0,0,2012-02-27 19:42:09,5,7,0.9833,12,2,2,2,933,86,43644.7298,2862,1087.0833,51008
3056,c44a19a8090d105d1ecc417c8dce6319b6bf80f9,0,0,0,2012-02-27 21:39:57,1006,7,0.6972,1013,2,7,2,975,85,24134.1547,108,118.6105,24
3058,930721d71a2beb6a0c90b56577eafcc3479c25c1,0,1,0,2012-02-27 22:18:18,1266,15,0.6194,1281,6,3,2,1034,0,22821.17,41,62.845,2322
3044,aa75168470b433c818b77d150d6e77991491c7fb,0,0,0,2012-02-28 04:54:24,17,43,5.4734,60,4,2,1,386,39,16844.0285,24,1050.8106,47560
3051,24939a58b381589461677e03c2b19a2035d9c727,0,0,0,2012-02-28 09:49:29,7,184,0.0,191,1,1,1,402,36,3559.6437,635,270.9775,3362
3054,d079c8204e5e187b36b8d0cf66556c60cf33043e,0,0,0,2012-02-28 10:04:31,264,21,2.0,285,1,1,1,5,5,4417.9664,773,295.6025,2097
3025,4e17ac4699e59637f20cd4cfcf2258eec5c42c5a,0,1,0,2012-02-28 13:27:41,1115,339,3.662,1454,50,12,4,825,39,45318.0303,944,239.4477,5926
3057,f7629d8498d4d857128ee1697428d9d5fd9c9273,0,0,0,2012-02-28 16:34:18,8,356,3.6368,364,25,1,3,403,34,43125.0118,20,1055.2623,47373
3061,0d40edb40f695dbda1e5da6787424ac067a8f081,0,0,0,2012-02-28 16:34:18,344,5,4.4362,349,2,15,1,410,38,40513.2895,6,1072.4738,45493
3033,40617c8be6ea85287f1c75d07c87e8315aa1ed4c,0,0,0,2012-02-28 16:37:32,130,184,0.0,314,1,1,1,365,35,86384.0,2747,1036.6312,43989
3065,9483e147ec675c6024b5f1a55c799cc15aa2239e,0,1,0,2012-02-28 19:45:24,216,25,1.766,241,12,6,3,1205,2,29056.0,362,178.7158,58042
3060,3f8db24e4ae5d17442e15ad485d03021628e91c1,0,0,1,2012-02-28 20:05:51,21,480,0.5366,501,2,2,2,1243,2,21829.04,2862,1267.3333,1955
3062,061595fafd01f412c2922aae360b95da8d8ee086,0,0,0,2012-02-29 04:02:40,264,2191,2.0,2455,1,1,1,77,14,33240.0203,537,155.1393,46227
3069,ba7b0bddfd381be2262111cb6c3351ee31b94c78,0,0,0,2012-02-29 09:50:44,2598,75,1.8005,2673,4,3,3,987,2,36001.6992,613,12.3788,15
3059,9252ee95b9f8e30f94ffb2eaf3a3828dadee3610,0,1,0,2012-02-29 19:59:20,48,190,1.5325,238,5,5,3,1153,85,64243.671,2841,1079.517,51070
3066,bc05b5960ac14e9412f81d7f4ca1cc04035ca60f,0,0,0,2012-03-01 16:39:47,24,147,0.1906,171,1,7,3,221,16,33033.9671,749,251.8105,5015
3070,0c2d2ccd962ded0f536c04f841bf22f45763e430,0,0,0,2012-03-02 00:22:21,135,1096,3.3874,1231,40,12,1,80,9,10837.3317,2862,1077.4063,46878
3052,a3c07ee4165ee68dc4aa1a4a61c198026149f22f,0,0,0,2012-03-02 01:46:15,23,187,0.1554,210,9,4,2,22,19,13589.5281,228,123.7841,54302
3063,4299d07f5ee0237e6e02de7ed6711facacd5de17,0,0,0,2012-03-02 01:51:10,344,214,4.4362,558,3,1,1,1356,20,2979.7853,2862,87.6632,46227
3045,1c56ec2da2664abaab63b504b34767a1a5e8386e,0,0,0,2012-03-02 18:28:36,19,1,0.8877,20,2,1,2,857,81,68826.4145,1,1048.1501,52013
3074,5d03d6029ac7b439c64348f429dec2ad6a6077d0,0,0,0,2012-03-02 18:28:36,21,451,0.6161,472,3,12,2,845,54,67257.0258,2818,1058.8004,51187
3077,53fb52ac713e5471edd988b59cbd75f202a4f57b,0,0,0,2012-03-02 18:28:36,31,451,0.6325,482,32,2,2,953,83,63418.1858,1,1055.877,48405
3079,ef01ca5bcf42fcf6c6a43a77eb4f0a90a93bbc1d,0,0,1,2012-03-04 10:06:16,1006,23,0.3605,1029,2,2,2,1083,0,68.0,665,332.6762,1229
3075,e5040e4fd525f4d14944b11779d154816317c376,0,0,0,2012-03-05 08:06:24,144,50,0.0,194,1,3,2,435,39,81407.7218,651,346.9842,4066
3081,154daa03a660a62b228000354319390305568b21,0,0,0,2012-03-06 05:06:39,96,8,1.5176,104,6,4,4,1190,88,48054.3145,84,1267.3333,58042
3068,9c5ac8ff69db65dd5197062bbf60c10dc2371390,0,1,0,2012-03-06 05:06:39,487,1672,1.4711,2159,8,4,4,1189,0,50457.7487,5,5.0899,10
3067,e58540fe368ed5f3d3c0d877fdaacc245fbce3bb,0,0,0,2012-03-06 08:35:55,637,224,0.7092,861,39,1,2,783,88,28303.5907,223,93.9874,56165
3076,4fe3bb13eb096666b16830a9d5e95524fd7430fd,0,0,0,2012-03-06 19:12:58,873,108,2.3504,981,11,1,1,9,7,82056.0848,2828,1059.4762,45480
3088,edb105ded294a78e30b416ec75e83b0e76a30e02,0,1,1,2012-03-07 10:13:18,31,20,0.8936,51,30,17,2,931,83,54312.2906,661,268.4425,1640
3073,e4f710108918babc76ff9127f87761b28e57ad96,0,0,0,2012-03-07 10:27:45,236,11,2.7794,247,86,2,4,1692,16,296.0,671,287.7653,1918
3041,e8b444269ffea05d7077deb54ccff55bb4ceae33,0,0,0,2012-03-07 10:27:45,5,23,4.4362,28,2,1,1,1356,14,73190.1847,663,325.4473,1422
3082,c7895e99fb86ae3c36b4d63634498662ba20c220,0,0,0,2012-03-07 13:17:25,35,1,3.7826,36,3,2,2,913,41,28012.0987,775,288.3833,1731
3096,048c8a98d83b41d463b557ede8a0bf98d3def022,0,1,0,2012-03-07 17:35:15,102,12,2.6807,114,11,4,3,1319,90,35779.3795,613,311.2,3186
3091,f2399074465357fefd60521da644d65adc54651d,0,1,0,2012-03-07 17:37:48,987,145,0.8701,1132,3,2,2,1331,81,8410.9708,579,378.3904,5546
3087,6b2ea264702f80518a1147ab0aac44e0cf40dfc3,0,1,0,2012-03-07 21:21:11,1179,18,3.2411,1197,17,7,3,1186,79,38503.9781,2862,1144.2624,54037
3080,3f40c6e63e06b27402aa60830ffc4fd1b4172993,0,1,0,2012-03-08 21:21:16,17,11,1.7486,28,2,2,1,236,34,51594.4906,548,235.871,3397
3085,28a9a15e1cbc2422d56ed28fc6fa7093328c7764,0,0,0,2012-03-08 23:32:43,19,5,3.1713,24,15,10,3,2079,5,7739.8361,674,227.6515,390
3072,d6a13a68e163e23e0e3dd7087c0fd45fa063e376,0,0,0,2012-03-08 23:39:51,18,1535,1.9219,1553,4,4,3,54,89,2556.0,554,160.1968,792
3083,d0964715d4d5f6d71c1139bd247962d278aa167c,0,0,0,2012-03-08 23:39:51,39,15,0.15,54,2,1,2,86,6,86351.0,613,212.3238,1769
3086,b7a8b57ca653843e14bad544745a1ee7f0df5f44,0,1,0,2012-03-08 23:41:22,79,160,1.464,239,86,9,3,326,20,13105.2217,2862,130.0875,2138
3092,f16becfc29ef7e8bbf5f92913be51e33a99ba537,0,0,0,2012-03-09 00:41:07,125,13,0.694,138,4,1,2,224,11,4630.0552,78,50.6564,361
3084,a7b9d09b05f263f2e9629b4c5432d6044b1f15e2,0,0,0,2012-03-12 18:49:00,51,234,0.654,285,4,2,2,2807,11,62689.1409,215,91.6587,393
3093,d8742aa46242c128b73d82f397e303f5a79692ac,0,0,0,2012-03-13 20:36:38,1,1,0.0,2,1,1,1,586,4,1781.3094,643,182.0025,2004
3078,6423bfe791fb7fc9f1b84cd18e614c7725797aaa,0,1,1,2012-03-14 19:59:23,29,10,0.5102,39,3,3,2,1315,84,28022.7889,156,117.9143,241
3090,65c33fac9c974fe93b617cc8f3e77c929733df21,0,0,0,2012-03-15 14:24:45,13,452,0.1263,465,2,8,1,105,5,64539.125,633,335.7025,1034
3101,86f5eaa9b68e3dda0052bb92658fb86ac5fddc48,0,1,0,2012-03-16 08:30:34,583,338,2.5218,921,21,6,3,1398,77,53604.0831,540,191.0576,9068
3100,522730a0fc7ec0847c05867e769c275a160ba171,0,1,0,2012-03-16 08:30:34,140,0,2.4984,140,20,6,3,997,0,53606.0459,456,238.9133,8829
3112,d765b246e72e7bb455e9ec9440ae735b1ee8543f,0,1,0,2012-03-16 22:52:06,622,134,3.0247,756,20,9,3,1207,78,21833.5847,281,91.3216,664
3099,02a302a9396653f0f1f389d6d53f34869de2d46f,0,0,0,2012-03-19 11:08:53,16,99,0.7766,115,2,2,2,1013,86,14391.2434,176,88.685,1241
3114,0e2706a7f1eec0ba161177002e6e25bb58678607,0,1,0,2012-03-19 15:18:01,151,230,0.0844,381,4,3,3,1016,85,52808.3508,2,1070.5661,51144
3102,cd806ddd266d69f83f5a5a12283945a7c9fd4e8d,0,1,0,2012-03-19 18:39:58,52,923,1.6182,975,4,12,1,2452,6,45844.981,692,258.3674,3466
3095,78304fe24abfb4184243f54c9b9dcdd38b51ff65,0,0,0,2012-03-19 18:55:53,558,6,2.8914,564,32,1,2,2412,1,4452.9587,613,188.8655,1780
3103,c573c46e34b952e3147e36e8a7b097f701f2b0e4,0,0,0,2012-03-20 02:38:33,21,5,0.0703,26,2,8,2,48,29,428.0,613,193.7832,1714
3110,1e18538c9868e92622e9e0acf87b2e88b9bd6182,0,1,0,2012-03-21 21:33:02,3249,98,1.0672,3347,4,4,3,882,2,14256.642,1,1009.0116,54743
3104,772c4f1a7939e1bf236c5bf3e7bf624f7078c80b,0,1,1,2012-03-23 16:43:32,47,31,1.5466,78,6,4,4,63,17,60491.5396,2862,1068.1005,54240
3109,18b55642821d26f3507f08e8b3f71e1f23db5ae1,0,0,0,2012-03-23 17:47:21,185,24,3.1854,209,2,8,4,70,86,68243.7417,2862,1087.0833,42390
3094,45af95ab30d63829342f26c237b5c2cd186cf5e3,0,1,0,2012-03-23 17:48:56,57,24,1.6903,81,6,2,3,564,27,76594.0491,2750,1136.2538,44088
3107,f11e4f2a1c3387083637efc85bcfa7a9d0c3248a,0,0,0,2012-03-23 19:57:46,24,185,0.6538,209,52,2,1,20,26,49120.2826,391,198.6347,1620
3113,0aa128a9a61d068067ce049ac04349a6d76e9c4a,0,0,0,2012-03-23 21:40:57,8,10,0.0415,18,1,1,4,49,4,12372.7086,2816,1065.8686,45422
3089,b1d12db7338ecf1eb6f5aa4905ddadb0500e9445,0,0,0,2012-03-23 22:19:26,92,2,3.3063,94,2,5,1,87,6,47263.6564,12,1177.6233,49593
3115,959764186ac64e450d7f5566070da32e1b567146,0,0,0,2012-03-26 14:59:37,607,0,3.7384,607,2,1,4,68,10,45921.5209,734,1054.791,6847
3108,56302ceccf0571b1f2c7373fe9331d9b7d1b05b4,0,0,0,2012-03-26 15:39:54,73,35,1.6969,108,3,4,2,323,30,39974.596,2741,1124.8862,56314
3118,5a6f0b852935e7da957e5cfc397fd0a55b9516b6,0,1,0,2012-03-26 22:48:46,1077,1046,4.4714,2123,4,14,4,788,62,33374.0555,2623,1017.3862,15
3122,021ec71be5c32788347cee077034df690a279a34,0,1,0,2012-03-26 22:49:56,70,168,3.6849,238,33,8,2,741,45,1194.7383,2689,1172.0643,8
3119,5b9fc26c51161837f01a9383aad8a2786445a4bd,0,1,0,2012-03-26 22:53:59,282,56,0.0,338,17,6,4,2211,34,22332.2684,2673,1174.5464,3040
3064,b4af12b43ba9aef71613274a12d037b0caaffd4b,0,0,0,2012-03-27 04:34:12,9,184,0.0,193,1,1,1,472,31,36955.3092,4,1033.6506,9
3123,731af1a4323314dc31020deec9fd04b97a79519c,0,1,0,2012-03-27 10:57:07,44,26,1.1717,70,3,3,3,1178,87,34980.6636,140,104.1355,641
3129,a59a5f59ce3042324b68a37b2392775cb191712e,0,0,0,2012-03-27 10:57:07,40,11,0.9248,51,5,2,3,1057,88,31866.1791,281,108.5847,623
3135,57b9a346cb023da3d3a2cea09d9fed9298be7cc9,0,1,0,2012-03-27 16:59:07,49,7,1.6651,56,5,3,2,934,54,74223.3715,1,1066.2974,48852
3124,211bc0ca3d01475a8780c73cd4e6c26c7dcc04be,0,0,0,2012-03-27 16:59:40,196,24,0.0789,220,2,1,1,49,7,86094.0,2862,1072.0507,47082
3127,46689e51b4c5479e7875bf918a820c5e74c3b418,0,1,1,2012-03-27 17:25:35,7,185,4.9439,192,3,2,1,426,35,62939.5258,603,198.7188,1742
3128,3ee8682eb8e32f04979f44984911cf3547ead206,0,1,0,2012-03-27 20:00:41,341,99,2.8084,440,12,6,3,625,43,51224.8305,440,324.8967,4726
3134,25828cacef62576faf247a2ef4f7ae261bb1250f,0,1,0,2012-03-27 20:02:43,19,283,1.3857,302,2,2,2,216,30,33193.6217,281,99.7823,683
3130,e12840e2182dfd12cb70df9a5aca4111a3a13217,0,0,0,2012-03-27 20:02:43,1513,246,1.4652,1759,3,2,2,360,35,32519.622,214,148.0274,2051
3126,2b44e546096a8b2dc1f20be2165e6044b15dd276,0,0,0,2012-03-28 17:02:27,47,806,0.4457,853,2,1,1,69,7,41700.1459,542,158.8271,2887
3132,190e27bb5cc910d020b3828c1fbe83f009534b89,0,1,0,2012-03-29 18:03:41,189,21,1.7542,210,13,4,2,584,45,80773.6675,391,206.5,2257
3121,33f66e4fb13b17be08c368424aac07f532bdbab8,0,0,0,2012-03-29 18:16:21,14,185,0.1722,199,52,13,2,68,12,4891.8107,605,206.5,1760
3137,ef50e8f12a81986407351f5b7e3125dab2d4ffa1,0,0,0,2012-03-30 11:47:44,1207,566,0.8218,1773,2,2,2,948,83,26164.6435,2862,79.8657,2532
3139,5cde93d9607ddbdb5316afaa2be9b9132d1bec3f,0,1,1,2012-03-30 15:22:59,33,25,1.2633,58,3,2,3,980,82,10794.5778,734,304.4865,3009
3145,e5a324e31e0da3e5e57d3bd87e06f20aaf108a3d,0,1,1,2012-03-30 15:31:51,14,214,0.8285,228,3,11,2,1301,85,30641.7693,664,348.2447,1889
3117,08345fabbc7536051d57ec4cde615704e5426788,0,1,0,2012-03-30 21:43:43,26,7,1.087,33,3,2,3,353,43,37146.3138,551,154.8831,3046
3106,98a70bdebb26955ea629fe3a21212253fc7b7d17,0,1,0,2012-03-30 21:44:35,20,750,2.504,770,12,7,2,636,45,53609.9343,555,157.0495,3929
3131,1b79d815555aeb749f17f246a317b05812b6b937,0,0,0,2012-04-02 17:24:32,27,513,0.8607,540,2,2,2,1011,83,21.0,2862,1096.3373,49960
3138,f81cc74f5cb749cb68b34c724f50b1200dcf3ad6,0,1,0,2012-04-02 18:32:27,508,190,4.1828,698,48,13,3,77,28,71200.2605,151,181.0,452
3143,68dc7d0e393b587fd93d4efa0dbb55e74fe71981,0,1,1,2012-04-02 21:36:14,5,19,1.1725,24,4,2,1,105,20,74639.2789,2816,1124.5924,6
3144,b69fd1aff7e34363298aece693c4be5a3a603c71,0,1,0,2012-04-03 09:57:29,45,13,1.8209,58,6,3,2,1212,0,61109.749,730,311.2,3149
3155,031e894174475ae98a728bfcf33b97217b39fe45,0,0,0,2012-04-03 16:13:44,86,0,0.6993,86,29,2,2,949,85,58632.9608,2828,1067.6044,50679
3147,7e3bb8644d0b6e9bd3528fb589550f7d3971ab63,0,1,1,2012-04-03 19:26:01,1020,9,0.104,1029,2,12,3,7,6,60272.5615,2862,93.8386,1920
3136,f956569dbd7848eadbe5e70b12fadb7e25e0fc4a,0,0,0,2012-04-03 19:26:01,2606,36,4.2176,2642,2,1,8,83,7,64452.0009,115,74.9544,176
3140,030d4718e5596884c766b6e3e5b1c54fe23f6dd8,0,0,0,2012-04-03 19:26:01,82,1775,4.2176,1857,51,1,8,3055,7,61099.9542,2862,19.4494,176
3146,374f511eb484fabdf904000d27ca4b5f24e9d91f,0,0,0,2012-04-04 20:09:30,968,6,1.1205,974,2,1,2,0,0,40492.243,2862,1267.3333,4355
3150,1ea2a60e846a24318a993d72bf88d2d784d593d0,0,1,1,2012-04-06 15:18:23,330,521,2.542,851,15,8,3,396,36,28606.6488,937,394.473,5891
3154,5f1e66a15cd8392ba1042445ce0189e0b9b0de48,0,0,0,2012-04-06 15:38:16,3,4,0.0,7,1,1,1,12,2,59840.7125,664,166.828,46227
3156,acc9823220d9dae190a9dca5ec2fe537071ad241,0,0,0,2012-04-06 16:17:04,4,5,0.0338,9,8,4,1,2,1,3630.0809,571,208.2708,55097
3148,25da034fb3bb8edb393ae7908ee0d292efbb4ed9,0,0,0,2012-04-06 19:32:12,41,969,1.4826,1010,1,2,2,766,91,14695.1372,138,59.8333,232
3157,0cc97d91c0cf92cd8476b5a5d0bdf7d3d66a45fc,0,1,0,2012-04-06 23:36:35,3,260,0.0284,263,1,10,1,2079,7,10817.0,575,179.6211,2328
3151,4884c1f96f1cd52a4c12e7c4710b66dffb870490,0,0,0,2012-04-09 17:09:18,144,6,0.0,150,4,3,1,24,8,6086.4565,768,318.1745,2185
3161,587cb5829f5858cf9e0faf7e6aca50b5e62dff7a,0,1,0,2012-04-09 23:26:48,127,424,0.0,551,58,19,2,723,45,24071.5168,2862,1267.3333,5286
3166,eef93e7d6854569f99118104f7544ac83b33f0bb,0,0,0,2012-04-10 20:25:57,0,41,3.1147,41,3,5,1,255,85,55263.6478,804,79.8032,7541
3158,7321adf4326381ab7ce89346dbd0703a56af0c4e,0,1,0,2012-04-10 20:58:00,121,719,1.6683,840,96,5,1,84,89,35909.2819,2742,1157.5588,59905
3163,a3fe297510acdaefbb40b0a91aaf8c38843f9a8b,0,0,0,2012-04-10 21:03:43,8,2191,0.0319,2199,4,1,1,11,4,77591.8853,16,1067.7936,18
3170,dbc0f599fe83651369802b98b8349331d1f617b8,0,0,0,2012-04-10 21:05:58,130,184,0.0,314,1,1,1,31,11,73009.62,4,1164.9283,43813
3153,97aa922a7476dce06121ae289877abccf161afae,0,1,1,2012-04-10 21:06:39,99,67,1.4037,166,6,1,1,182,23,4652.5203,6,1023.9868,6
3165,f774b7fc396f4fec611247159023c58863de5f85,0,1,0,2012-04-11 00:34:18,147,40,1.3563,187,4,5,1,63,24,50699.237,289,1267.3333,55122
3162,142e8c1a2967947a3ed5314e4577f4be3cfe4bd3,0,1,0,2012-04-11 14:01:56,78,642,2.5793,720,9,5,3,1470,2,55308.7487,1,1047.6752,48806
4044,fc7e86404a27963071e416ff4deb0c7143e68bfc,0,1,1,2012-04-11 14:31:36,188,465,2.2766,653,15,10,4,1160,0,29837.1377,1023,470.5254,11347
3168,34c1fc0b7cbdf568ec7869a564fe614f96dcbe9b,0,1,1,2012-04-11 20:06:45,85,2,2.3072,87,7,4,1,543,35,7914.586,613,210.869,1547
3175,b289de1a7cf3ed491ee952f1c177e11d13cd04be,0,0,0,2012-04-11 20:14:27,9,214,4.4362,223,47,1,1,420,36,85337.0,697,164.7371,512
3164,2eaea5be96461b1d9e405d26229b9803a96d3abf,0,0,0,2012-04-12 15:36:22,602,13,0.2919,615,4,2,1,127,9,66965.1589,77,51.0218,390
3152,33cdcaf73463c351ada6e64dcd158a4823bdb902,0,0,0,2012-04-12 15:36:22,3,3,0.0,6,2,3,2,50,7,59487.7131,182,21.1008,49967
3171,c215a4c96436303c9644f19c95db67ba88d871c3,0,0,0,2012-04-12 16:12:52,21,63,0.0891,84,15,5,3,9,6,58856.1019,689,222.9441,1751
3174,20bd8281fab66852659201a76a9c525cdf64b710,0,0,0,2012-04-13 03:54:47,1487,53,1.571,1540,5,3,2,281,38,41377.7069,2862,1267.3333,58042
3169,f3d3b43940b53bb6a90411ffec96abdf20929618,0,0,0,2012-04-13 03:54:47,2172,719,1.5188,2891,2,4,2,438,31,34155.4297,210,21.0022,59905
3176,f0805119410092235a311a9b82ade268e9065597,0,0,0,2012-04-13 17:58:56,5,5,0.0186,10,1,1,4,81,14,67496.0684,734,1081.365,3040
3185,5b024bd256fa4ca9a19dab0dc4dd77f6e47a5019,0,1,0,2012-04-16 13:41:17,126,53,1.475,179,5,4,2,878,87,49861.5649,826,273.6538,1511
3173,67b340becd1aa369c71af10e5b76570e73809e2e,0,0,0,2012-04-16 16:50:33,3046,106,1.0516,3152,3,3,1,130,17,70002.0458,505,242.0293,60576
3177,3f8372c1f5225afe83dced250660c4314e8d86b0,0,1,1,2012-04-16 18:15:03,30,63,3.3063,93,15,1,3,12,5,81725.0955,658,169.1697,42
3133,e48b94098efca6d1abea86c07210492315359737,0,1,0,2012-04-16 20:27:47,61,7,0.0885,68,2,2,1,1176,81,79028.7399,1,1013.9122,46561
3178,a6302d6d7dd35d6b59e9911850f6bd2e69da088b,0,1,0,2012-04-16 22:41:08,71,13,0.0444,84,1,1,1,28,5,22674.523,607,196.1802,1678
3186,5b57673c962a2d9451356877b9f825b4ee003509,0,1,0,2012-04-17 07:10:23,115,47,2.6418,162,55,3,2,918,2,2216.1538,582,378.9152,54302
3179,7b38d6a4dff57b666d9a882029e3dbfddd92a412,0,1,0,2012-04-17 07:40:18,8,5,2.7794,13,4,2,4,377,35,67681.9965,778,288.7469,2570
3198,4797b40339e101d829e8ad15c923d36ce0e0ce8f,0,0,0,2012-04-18 14:54:34,74,4063,2.6394,4137,7,5,3,1441,12,48570.1678,12,1125.4668,59115
3181,f2152dd4bb18be694c6e505fa99d5933373b1c11,0,0,0,2012-04-18 16:25:11,2423,868,0.9157,3291,3,1,3,40,16,46609.8163,737,162.1151,54302
3167,6fcd1f4704610f5073028faa5ccf027d81b0f470,0,0,0,2012-04-18 16:25:11,152,37,0.9322,189,1,6,3,41,16,45547.395,680,243.5162,54302
3195,726f6827dfd2059a793ec433653b2fe2ddc74266,0,0,0,2012-04-18 18:23:17,82,513,0.9925,595,2,2,3,925,84,14162.7376,2862,1105.9676,49938
3159,09b4e7bdfb113715b3e1ae0be179415fab79d4b7,0,0,0,2012-04-18 19:29:38,878,33,0.0476,911,36,14,4,2331,12,11826.0021,231,200.3854,1388
3182,65d51bb747cc5b7f60a58793026529cb4c6bdf1d,0,0,0,2012-04-18 19:44:58,4,9,1.9219,13,1,4,1,52,12,936.4325,638,208.5927,2037
3188,bfe2dfb50d5b8f1f322a7b3380df3f74f24ab960,0,0,0,2012-04-18 22:07:15,996,977,0.8619,1973,3,3,1,249,7,17931.7527,1,1209.4577,50042
3203,36a9f9bd8f70b35a13fe510576635c619b2b81ff,0,1,1,2012-04-19 20:53:53,55,34,1.4515,89,4,11,6,1046,86,21259.8744,2862,1076.7052,51830
3190,3868cf5f2996818ca702e1c409a856e2d285558f,0,1,0,2012-04-23 05:04:04,185,14,1.0,199,2,1,2,1215,87,23229.2871,21,48.2688,3450
3202,04874186892c86a20181a2f64c5dc24285021b2c,0,1,0,2012-04-23 23:28:14,127,48,2.342,175,11,2,2,913,81,44803.4286,138,100.2312,656
3206,150b3167f2f9952a4537e0d3c754d094a9a097b2,0,1,0,2012-04-24 18:07:34,8,9,1.5015,17,2,3,2,1251,83,76279.8706,2862,1087.0833,48795
3180,808d7c9f32a9b3c623506a4d26febf70c1770f0d,0,0,0,2012-04-24 18:20:02,33,465,3.7384,498,2,14,4,56,89,46894.8738,734,1066.3424,7331
3189,7daa6625a19e7556e0514e7c46efe6dab0b9de14,0,0,0,2012-04-24 18:26:01,878,574,0.1366,1452,3,2,4,152,15,78966.3157,595,206.6761,1388
3201,a725f80fce2be6880db9572b35339d68acc398a7,0,0,0,2012-04-27 14:40:56,24,14,4.4619,38,3,2,2,166,27,62711.6281,335,150.2564,59248
3197,2af8591bd71838b9782c552c6724f1efe1cc836e,0,0,0,2012-04-27 14:40:56,160,242,3.5113,402,4,2,2,97,33,57344.0609,135,203.0116,58699
3187,5fd5864249707e2a88bf27641d40ed675c8c9e14,0,0,0,2012-04-27 21:16:41,49,35,0.8043,84,51,2,8,121,25,78623.5812,2862,29.8902,176
3210,46e422a9417b5b513ceae4c9652ba413e2ede474,0,1,0,2012-04-27 21:19:24,8851,6,2.549,8857,19,9,3,1258,81,78827.3856,2862,1135.4615,55227
3205,cb25a8fcdd9626c6b29a3b1a94dfda5fd0375928,0,1,0,2012-04-28 01:56:41,917,139,4.1603,1056,37,12,2,277,50,36592.9898,503,269.6374,401
3183,934570398108b4e3732f59c5d28d245ca2502cd9,0,0,0,2012-05-01 15:41:02,607,465,0.0354,1072,1,1,4,2211,4,39268.3813,2836,1073.3874,45594
3209,30e78d6dc98b7e425c121c9a40c4b803dd9a9e7b,0,0,1,2012-05-01 21:55:45,1,2,0.8395,3,2,2,2,897,83,11241.7024,2809,1115.758,51270
3208,116d8a1a7cfe585affbd8ab09115cc5ff620d56e,0,1,0,2012-05-01 21:58:49,0,13,0.9296,13,2,4,3,29,16,44391.0311,2741,1040.6397,48136
3224,3a04d85488b32c106ccfec76092b187f5728b3dd,0,1,0,2012-05-02 04:26:17,108,14,1.0949,122,2,3,3,905,54,36929.5629,2762,1119.3733,2
3215,bf9a72265fc5262df8b3eee6ce907dd48185f99d,0,0,0,2012-05-02 19:39:23,3,50,0.0,53,1,3,1,36,3,5808.8774,2820,1112.3864,47358
3191,087f902d6e03af46d77f2a3c1af535ab776de867,0,0,0,2012-05-02 19:41:18,1032,755,2.165,1787,2,6,3,9,3,4373.0572,27,1191.4318,51336
3217,0a5267e5c9c5b8282a4ccf056be1f203f83b687b,0,1,0,2012-05-02 23:48:16,752,89,1.0666,841,7,2,2,322,32,63470.3,602,313.1025,55097
3207,dfd05673cd59dcd18ffea6c7f26dec4f880d5085,0,1,0,2012-05-02 23:48:54,11,1,3.287,12,7,5,3,932,57,78852.0,2862,9.2986,58607
3229,f20badb685393e60f74b236edf623c7c9264f1eb,0,1,0,2012-05-03 00:29:34,49,3,0.7602,52,3,2,2,972,85,15610.0582,113,91.6245,54302
3216,5f1c5ad393a0ce5e455f865a7883303ca5e51690,0,1,1,2012-05-03 07:18:59,1207,566,2.1629,1773,4,2,2,971,85,53504.9728,797,354.2607,5164
3228,6d38881430c9010b2249a91953fe1bae038b0364,0,1,1,2012-05-03 07:26:18,101,1315,1.8426,1416,6,8,2,849,87,60897.2147,734,310.1667,2886
3199,a75b708decc25372949f3c764e4f500735fdd452,0,0,0,2012-05-03 07:58:27,582,33,0.1535,615,1,1,1,15,12,7604.6504,613,249.532,6891
3222,f960f13a5405addb861bcf5dc6512efa7b18226d,0,1,0,2012-05-03 15:29:02,3046,163,1.1113,3209,4,4,2,1180,86,34666.0526,847,272.7782,6097
3226,b4e520c3b668360d08f6f0c6dbc86fc0d7e29cc7,0,0,0,2012-05-03 15:44:04,264,12,0.0173,276,1,1,1,61,15,56183.9235,2841,1096.0421,45895
3196,ad72c578ea8daed05f987ae1933276fa4a8ea5bf,0,0,0,2012-05-03 15:58:15,2647,105,2.2593,2752,10,26,1,90,17,49728.8823,2772,1145.7213,44756
3223,aea4510e42d38f4091b2b01aa6666d9bf0c57fe0,0,0,0,2012-05-04 01:47:09,5,57,0.0529,62,1,1,1,102,23,5401.6217,337,136.2175,1520
3231,655a748502cdef15ffddc4fa17b68c49b0f11ea8,0,0,1,2012-05-04 08:18:27,1206,14,0.614,1220,1,2,2,1103,78,65024.7939,608,257.6503,1117
3212,2e851032b702de50419e0123bbfc799efe905177,0,0,0,2012-05-04 15:50:59,419,3,2.2725,422,7,1,3,3,5,55083.1838,824,334.9348,2118
3221,e24681e70ca130643908508eac9550ed26f78a4e,0,1,1,2012-05-04 18:05:34,611,6,0.0668,617,12,4,1,26,8,68497.0009,650,215.0557,2340
3236,4e2e547d2e4cee403a4ff68a86f52a7cf898f6ef,0,0,0,2012-05-04 23:09:47,32,8,3.0716,40,3,3,2,1007,85,57087.0461,2820,1111.7467,51570
3194,5435c4fd6075c54c0ad8c4c3016d780c631e563c,0,0,0,2012-05-05 02:33:12,10,184,0.0,194,1,1,1,54,4,65325.0766,4,1028.9414,10705
3219,1ab4ec1748617e7d2bd0f7d0037fecba0226e7b2,0,0,0,2012-05-05 10:43:26,144,50,0.0,194,4,1,1,36,9,81932.6673,682,326.1236,1976
3234,8b81c8f2fb93a051fbd317c03af727ab919034f2,0,1,0,2012-05-07 11:47:11,123,109,1.6599,232,5,3,2,862,80,41462.1773,548,241.585,5814
3111,4dbecb3023c7f660f0c5d8245820cdc74b93dbbf,0,0,0,2012-05-07 15:33:43,32,20,0.1175,52,3,1,1,1099,17,73617.3947,606,206.5,1745
3227,2ae527218d2878b8fe874d2c05064351419ee832,0,1,0,2012-05-08 17:54:59,4152,3835,1.7925,7987,18,12,3,390,31,66016.9333,5,947.6321,48322
3230,70554b2a31706eb272eab0245c8ef25cbfdf6bf5,0,1,0,2012-05-08 21:41:00,116,213,3.2204,329,20,7,7,488,26,18826.9501,2711,1032.2879,42244
3238,033486158a8ee2ed3af870bd17e2734632a796ff,0,0,0,2012-05-09 16:15:07,344,214,0.0519,558,1,1,1,1356,5,78885.6742,6,1107.577,45533
3218,16d4c6c320cd98e3e7628a68bd6b4f20f9a365f4,0,0,0,2012-05-09 16:24:19,89,948,0.7004,1037,45,2,4,198,27,63118.2718,2706,1153.0069,44779
3239,fd66ccf21f1331fd2bd07611ad8dd5bf4be5f83b,0,0,1,2012-05-09 16:28:40,129,61,1.5916,190,4,2,2,1029,81,56107.7577,2815,1064.5363,48735
3242,452619cd07ca7985bff6f6fa8fe6f9764ea7fa4a,0,0,0,2012-05-09 16:32:50,15,5,4.4362,20,47,15,1,78,23,68273.0311,575,176.3377,1238
3225,d4ec6d2bb758bab37773d36a0e9db8edc029e500,0,0,0,2012-05-09 18:26:36,264,2191,2.0,2455,1,1,1,39,8,5548.739,16,1107.0107,18
3232,146f4bd9e730425db1065a86bb4303d38a7e84ac,0,0,0,2012-05-09 18:26:36,4,0,0.0,4,4,1,2,80,10,8110.797,2802,1055.5783,45131
3237,67ed39fa9bf71be4cfc13fccbdd7b76dcb46c062,0,1,0,2012-05-09 19:01:18,23,8,3.7384,31,1,1,1,3,10,77738.1454,2856,1092.0842,3040
3250,4d7e703561bc68a79d856e28b3f710455b1c70bf,0,0,0,2012-05-09 19:51:24,59,24,2.4699,83,8,5,3,1279,84,24658.357,2862,1087.0833,56949
3246,08848e7956f5fd08525a08498205637b2652f2a7,0,0,0,2012-05-09 19:51:24,82,4596,2.1834,4678,6,5,3,1459,86,22386.3555,2746,1011.367,55421
3251,a2a28a4081d244b8e6c2da90b4f63beefdbccfaf,0,0,0,2012-05-09 19:55:59,17,35,0.0726,52,2,2,2,119,17,4738.7353,2763,1149.101,48713
3233,374fa2c2f27a1a51c820eeeb7cfab9875d79be08,0,0,0,2012-05-11 22:14:32,4,465,0.0148,469,25,14,4,56,12,80532.6911,734,1091.9658,3040
3243,47783861abf556f37cd2ab2f9cc6a30942213ab0,0,0,0,2012-05-11 22:51:34,69,206,0.2757,275,2,4,2,29,8,58283.72,2656,946.4391,53486
3247,68bae31313161848116d13b10f78639f4252f71a,0,1,0,2012-05-14 20:23:27,582,23,0.0475,605,1,1,1,12,13,9549.0397,2796,1134.2447,43599
3214,6633eb4ebc20265cea41d017d29dbd911dd49e25,0,0,0,2012-05-14 23:17:53,35,27,0.0,62,6,4,1,183,17,12161.4443,2475,1202.5281,51329
3249,96d6aa269bfa03cd3afc0da60424ca97886aa2ce,0,1,1,2012-05-15 14:18:37,37,9,1.5231,46,4,3,2,992,83,40232.5787,2862,81.2651,58042
3257,5979bce8ec6338f3aaf88ce193da01e10249b12e,0,1,0,2012-05-15 21:29:54,3249,2099,0.7056,5348,4,3,2,1134,79,246.0098,2735,1041.8688,53784
3241,0077edc946a3f8520b3366ee3ace0d6f029651e5,0,0,0,2012-05-15 23:01:47,264,2191,2.0,2455,1,1,1,115,21,26064.6376,523,166.8584,2655
3252,1e8685d836fee9f65f976d4587da88bda3dbeca2,0,1,1,2012-05-16 09:55:12,26,719,1.0667,745,96,2,2,1022,84,36000.9607,692,321.5172,3572
3264,7dae25d87e77208c471c59b1851981bf34acaafb,0,0,1,2012-05-16 16:08:05,566,7,0.8167,573,27,11,5,1344,85,63722.7669,2,1032.2396,47709
3245,e6610e4692800485501e316df3dab53a6e9e34b2,0,1,0,2012-05-16 19:49:56,0,65,0.0,65,1,1,1,2,1,65691.5713,2862,1087.0833,46356
3254,a0e0e2c13cbce65c1eaee47ed0d0286e82da5178,0,1,0,2012-05-17 17:13:08,294,189,1.6582,483,11,6,3,794,82,26892.4432,565,265.6962,6514
3253,90170d1594c3a88f0a7b6a25da7161bb7af2e552,0,1,0,2012-05-17 19:35:22,429,197,0.0,626,31,12,3,0,0,19458.8726,281,121.1164,663
3266,2db61ab9e0a5fe7f764236ec060ee370c19bd593,0,0,0,2012-05-18 03:17:39,133,326,1.5423,459,4,2,2,1082,86,21919.0521,162,1267.3333,58042
3270,d90f0f3e7a2597a4327d39b3047bd34ab9af0c70,0,1,1,2012-05-18 16:36:02,602,131,1.769,733,6,3,2,1410,88,55296.4333,2777,1037.8583,52098
3262,7007a8510247f88a27d54abb9e67f11ea337a38e,0,0,0,2012-05-18 20:20:19,4,3,0.0,7,1,3,1,129,21,74722.1631,551,176.3716,536
3261,89e7a57427dd4f27e433788a2e95a6bf769b4d9f,0,0,0,2012-05-18 20:20:19,11,2191,2.0,2202,1,1,1,83,21,74048.9116,537,169.4923,59
3265,f211e507bf6b7d3ca5bbefba984dd1472e1ac697,0,0,0,2012-05-19 03:38:43,29,269,1.3595,298,21,2,4,258,18,30761.1915,246,114.502,58042
3259,490a0998738d07f72257a637752557a2a9626a8c,0,1,0,2012-05-19 16:43:23,135,21,0.6653,156,5,2,4,74,26,53529.7172,2862,1087.0833,49351
3271,1693a9b51289d09519ab67a8b24fb36d4827317a,0,0,0,2012-05-19 16:47:00,41,33,1.781,74,7,4,3,1134,85,68836.611,2840,1077.7186,49573
3256,29d97dc2ab8aa14e3d83c1ad48674ed0c89e4939,0,0,0,2012-05-21 15:55:08,25,1308,5.0472,1333,4,2,2,50,8,75279.0766,231,181.0,606
3263,b5f99a3364a6b0a8531d8bb1c240a8f0603b4f56,0,1,1,2012-05-22 16:27:06,10,10,0.8544,20,3,2,1,458,34,58868.9307,539,181.3103,881
3269,bd32d4f0b9f0f88fed97e8ddf2ee41b5b048d31d,0,0,0,2012-05-22 23:50:32,8,4,4.4362,12,47,15,1,199,22,19148.8666,420,16.7574,2466
3240,820411fe4653697528bcbb210ca9e4171579b36f,0,1,1,2012-05-23 13:45:17,230,1700,2.4228,1930,7,5,2,966,80,52868.0824,631,357.5795,58042
3272,a4f06c237f0d7c62d10ce9f2ad0592b202f35917,0,0,0,2012-05-23 22:17:12,33,65,0.8113,98,8,2,2,1021,82,3943.5193,2775,1117.3952,51225
3278,f77cd11373a85c4136e76f004c5bf8c45e875f09,0,1,0,2012-05-24 14:42:01,263,25,1.6296,288,5,3,2,1046,81,56582.9735,820,327.2451,5124
3260,5ab69b62cce884266e0e1ba5a8a0e64137b1098f,0,0,0,2012-05-25 09:29:47,344,9,0.0907,353,47,15,1,1356,5,73281.2201,621,279.0099,1530
3268,853a75936c886136e9c7d5e0be42583e0305a6bd,0,0,0,2012-05-25 20:17:21,8,10,0.0358,18,1,15,1,20,8,12136.7546,6,1079.1959,45923
3274,cf9a581bf7957d9404a6a5f33f77cf32468c6336,0,1,0,2012-05-25 20:21:27,96,340,0.3339,436,3,2,2,2668,26,44601.4833,705,128.1899,54302
3267,1bfb68518a20abdfd7fd1c3e3422df9214df6b05,0,1,0,2012-05-25 20:49:49,8,256,0.8741,264,2,2,2,1272,84,48487.122,2862,1087.0833,50770
3277,00a553438623945117066d4adfc2826c17d59ccb,0,0,0,2012-05-25 20:49:49,23,20,0.978,43,12,2,2,1245,83,50263.9821,2,1071.4263,51011
3279,99ad7d60012c05e98754ca8c5730d865ffe024e8,0,1,0,2012-05-25 21:15:19,21,256,1.6506,277,3,8,4,153,23,7503.7574,2862,1087.0833,44979
3258,043d1808366a40b81d5275090060b7372ae4cbf5,0,1,0,2012-05-26 05:22:00,1446,862,3.6231,2308,2,1,1,470,31,33759.864,2745,1110.2921,44460
3275,db68e03f7de49935b2f0e43a91a4a8d2ca134a08,0,1,0,2012-05-26 15:38:42,137,7,0.0,144,1,3,1,1533,14,53678.8263,796,263.4136,6215
3283,1d9b7f5597f2cd090e312e270431ab56c81de9d9,0,1,1,2012-05-28 17:59:14,87,20,1.6366,107,7,6,2,1268,2,31674.7115,2862,38.5754,4477
3273,5177d56f35698c00d58224df65c3b2fa550fc25f,0,1,1,2012-05-29 08:47:01,49,566,1.6338,615,2,17,2,988,41,63632.7051,682,353.6146,5218
3282,cfe585c2c420c6e8445eb4c3309b09db8cf134ac,0,1,0,2012-05-30 17:26:06,281,92,2.4137,373,14,8,2,914,46,49768.7125,251,98.0566,58042
3285,5cda764a9f956c35feba0a4cf3138037fcf39a76,0,1,0,2012-05-30 19:39:20,32,33,2.1091,65,6,4,2,1544,83,26310.0629,2862,1267.3333,54302
3286,59f349de705f38daa8869c64817e27e9657ccc45,0,1,0,2012-05-31 00:30:36,19,6,1.4482,25,5,1,1,2,16,953.2395,666,145.3092,5384
3276,267690a140ae7d6dfba169448654f9d15ba2b98e,0,1,1,2012-06-01 15:10:21,8,566,1.5524,574,5,6,3,1047,82,18458.3825,235,141.2159,2690
3290,5c275310f95637f6cc49aefe2154503b743bac94,0,0,0,2012-06-01 15:36:09,3984,344,0.7726,4328,29,2,2,951,80,45069.8338,662,341.5201,767
3293,1f36de1c7f2bdb10819b9de52bb3c5f3aac84784,0,0,1,2012-06-01 15:39:35,19,7,0.5781,26,2,2,2,956,84,33392.0767,691,326.0442,3978
3284,604a38645cbb958d4bb32db8a25b6093ee4cd68e,0,1,0,2012-06-04 21:43:00,16,117,1.5385,133,2,3,4,1288,77,48219.7086,2862,1087.0833,8777
3287,90ce0257827a93cbdfab893c21bd0b5b31c02ec8,0,0,0,2012-06-05 12:40:44,130,184,0.0,314,1,1,1,300,29,83864.5445,568,1267.3333,4967
3300,625e61396b9e91d86ca989761c43da726f2e71b2,0,1,0,2012-06-06 02:27:44,92,25,2.2613,117,8,5,3,1321,85,19896.9841,2,1030.6758,54115
3291,ac8bbb17ee86e2aede17672da5ee64824ae01381,0,0,1,2012-06-06 08:04:32,37,5,1.0781,42,3,3,3,1035,82,54218.4959,778,272.4269,4353
3294,39aae3d8309e8cc4ba46feb24711f65796dbd88e,0,0,0,2012-06-06 14:31:12,14,214,0.074,228,2,1,1,188,7,38122.5243,6,1103.2502,6
3280,c82a9d9b96667cc2afeb2609fbff955b4232fc2b,0,1,1,2012-06-06 17:33:10,4062,57,1.2645,4119,9,5,3,1557,83,44181.8039,2719,1027.4076,46843
3298,6a858a30d61fb6a575521bce9afa9448b5c309c1,0,1,0,2012-06-06 18:15:53,70,73,2.5884,143,10,4,1,858,39,15987.0446,2862,1087.0833,43066
3292,0042426f3735c2456f0faef2b4a97fd89ef355fa,0,1,0,2012-06-08 07:30:44,260,288,0.0,548,19,8,2,446,39,61723.7582,567,268.5825,5349
3296,b61d2d6c24586526b706171d64d8828e638fc532,0,0,0,2012-06-08 13:43:18,76,80,4.2176,156,51,23,1,177,18,81396.787,661,341.6139,308
3299,72a74c3cbbf32e3dd1313bf1252b09578ad38615,0,0,0,2012-06-08 20:54:18,130,6,0.0,136,1,1,1,94,21,3235.2203,568,170.7651,1064
3281,6352edb3fe0a3a678e83ba11002e4cdde2cac468,0,1,1,2012-06-09 15:31:57,2172,41,2.702,2213,10,3,2,1093,88,33992.0196,2756,1017.6038,47461
3302,2d0b14e9156a5dabc92c6e3835d97da661f38329,0,1,1,2012-06-12 13:01:08,987,2291,0.8588,3278,2,2,2,865,81,14402.8245,904,236.8939,4931
3309,21aef92905678f98675fc34aeb4edb0e34a1d6af,0,1,0,2012-06-13 17:22:59,548,451,3.1727,999,13,8,3,930,54,55489.0127,460,1267.3333,5130
3297,2820f050db002d653e3e6474ea5351db198ac71b,0,0,0,2012-06-13 18:57:08,8851,18,0.5555,8869,1,2,2,1118,82,8811.5301,2862,1108.4105,51939
3314,760214577c1ef9534d84402f51c2ad4d2a914aae,0,0,1,2012-06-13 18:57:08,1537,24,0.604,1561,23,2,2,988,86,9088.4082,2862,1114.4401,49945
3303,b3915f51fd85ff3e62abb2b57e790f81450e9d21,0,0,0,2012-06-13 21:15:07,10,6,4.4362,16,47,15,1,54,7,69803.6973,2799,1119.9671,9478
3308,1280c6c7dd7103955a728f8f274f26ab6f85b528,0,0,0,2012-06-14 18:51:45,3,6,3.1713,9,1,10,3,26,6,8087.5745,2824,1107.6308,45335
3317,a4fab90af0063110e1118fb69b9c5923a415b9d3,0,1,0,2012-06-14 19:30:36,66,15,0.1634,81,2,1,2,1110,80,44060.6872,2763,1148.5281,52074
3310,b993eecfb033d01345718d396a2c32c5120b5e0e,0,1,0,2012-06-14 21:19:34,79,27,1.932,106,8,5,4,1306,1,45920.3801,2862,1087.0833,49028
3311,aae0dfc92aa6e17e1b977788ec8a4280cd4fce42,0,1,0,2012-06-14 22:57:25,8851,15,3.3874,8866,40,1,6,111,18,20728.2461,2862,1096.3644,45647
3288,55d5c041382a3185387def648f6a7c7a76847f75,0,1,0,2012-06-14 23:40:05,53,47,0.0,100,1,1,1,31,14,28321.9777,4,1045.16,10343
3304,95b833d42f9b6bec8f18aa0cdeca42c620b360b7,0,0,0,2012-06-15 00:56:41,63,122,1.4482,185,1,2,2,1,6,25382.0342,2862,1267.3333,54302
3323,f74ed12a70ba0e59efef20a2207ef6bf4df0ae04,0,1,1,2012-06-15 01:09:21,123,566,3.7826,689,30,3,2,984,81,20229.3631,2710,1041.9107,46679
3315,8aaaacd09d8e34c93271383a0c86ecce38ef1965,0,1,0,2012-06-15 01:10:42,120,4063,2.4919,4183,8,4,2,2676,91,45599.673,2862,107.8681,62439
3327,45c8f53a2c42f48317110908734119a7cb24baf1,0,0,1,2012-06-18 19:15:27,24,25,0.777,49,3,2,2,1057,85,73320.6476,2,1069.9955,51360
3320,e6530cc3723a7d2fdc84400bf8cd722474eed589,0,1,1,2012-06-20 02:10:38,1513,228,1.4282,1741,4,3,5,581,37,20995.2547,685,237.8671,2993
3305,930fdc59ecd5eb5b1e3e45d85fc8c8c65f205efb,0,0,0,2012-06-20 15:38:58,878,574,2.5884,1452,36,2,1,472,41,51097.2552,598,203.1946,1388
3312,b4e47bca8c80de488a305ce679d2bbece5da7e9c,0,0,0,2012-06-20 15:44:15,344,9,0.1325,353,47,15,1,49,1,60552.0691,623,339.7166,3441
3244,ced78f3c405419de02559556d6a99238fb711b1c,0,0,0,2012-06-21 00:59:49,45,336,3.4069,381,2,12,3,5,4,35385.657,505,1267.3333,3919
3319,84bfdf27dfbd8aa3c030fd77b188c245db9bf705,0,0,0,2012-06-21 18:36:29,264,26,0.0223,290,4,1,1,629,3,72320.7194,2833,1097.6925,45822
3306,9cf915fd464b6f8a6aa9d54a762ad8796872681a,0,0,0,2012-06-22 04:20:09,67,38,3.519,105,13,1,5,402,18,32578.1667,2862,131.1168,4262
3316,5868cee0f4766afdf3b0fec78fd1fdbe9d46a74a,0,0,0,2012-06-22 06:40:20,7,282,0.0198,289,1,1,1,143,25,56339.3623,733,306.0345,2565
3318,f17fbac1934721c4a90c86745f8481b2d8a8b223,0,0,0,2012-06-22 16:19:12,1669,120,3.4698,1789,2,7,7,188,24,40816.893,6,71.1999,1541
3326,f422b98140dcec99d93858148415d43f01fa70d1,0,0,0,2012-06-22 17:31:52,115,5,0.84,120,2,2,6,133,18,55571.1433,2862,1094.9488,45569
3295,80d7d43e2952d7612ab4406bca800c2b6f30c85f,0,1,0,2012-06-22 18:15:51,81,3,2.4038,84,6,4,6,249,27,48263.7789,2789,1151.7909,49294
3324,27a816e5ff5e605e9154bd5a32ece7e112dbc30e,0,0,0,2012-06-25 17:49:50,264,28,0.0213,292,1,1,1,19,9,4452.3685,645,208.0945,2122
3329,ae76bda569442ecc7ee06d50a5f26b21f04b59cf,0,0,0,2012-06-25 17:52:08,13,5096,0.0287,5109,11,5,1,463,32,80095.7309,673,180.4009,2416
3301,de5575790920364561ac476b3dabf534cdb36227,0,0,0,2012-06-25 21:23:53,31,969,0.4187,1000,4,3,3,1092,82,19506.4324,138,59.8333,16
3322,0240cc9dfaac62660af61bfee2df42f71a1d4b3e,0,0,0,2012-06-26 01:38:03,58,23,3.5514,81,3,2,1,2558,4,16740.064,77,50.9001,322
3337,98dc41393fc6cc2b2b8756f6d8b33f86c45c0726,0,1,1,2012-06-27 00:51:30,1731,3,0.8995,1734,58,3,3,989,82,34807.268,2803,1045.2113,57060
3289,bc2dea8b67e783514f42d148541043c3d9fed1f3,0,1,0,2012-06-27 11:58:38,1,2,0.5371,3,2,2,2,945,83,71090.4598,199,74.3616,54302
3325,dd8506836ccdeef16a5518fcf2b605084c0e7e98,0,0,0,2012-06-27 19:09:00,878,574,2.5884,1452,36,14,4,376,27,73750.1432,594,207.6162,1388
3328,dcc4793036809383a1b9ee2d7d186f34d8f01365,0,0,0,2012-06-27 19:23:58,264,2191,0.0402,2455,4,1,1,48,30,77177.829,532,154.8343,488
3331,4725bf71e18550ac60f90d9c3561d81c38894124,0,0,0,2012-06-28 10:39:08,443,32,3.1154,475,2,2,1,146,20,77.0,734,299.4435,2264
3313,57998976f0024776bab6b2301f2436ea60e38fe0,0,1,0,2012-06-28 21:35:37,174,61,1.3699,235,9,3,2,208,28,53611.2258,78,46.4178,370
3332,a4add95732163ffe9b15f49ffd250379872d47e4,0,0,0,2012-06-28 21:45:21,327,84,0.8483,411,2,1,2,2371,20,7067.878,351,200.3879,54302
3338,67c26d4715a2ad699eccd749971671aa7e487a4d,0,0,0,2012-06-29 00:12:01,1487,655,1.5969,2142,4,5,1,1888,21,18792.5638,2760,1029.5484,48824
3340,88b48df21d0bbfa7412a66f6ecf85ea0a0932368,0,1,1,2012-06-29 08:24:34,74,69,1.0621,143,8,3,2,988,0,71244.4057,942,236.1035,56165
3336,09e54430d57647178bfae911cf0f5de1c64f335b,0,0,0,2012-06-29 08:48:41,14,50,0.0,64,1,1,1,23,8,770.4257,747,296.6462,2922
3343,b1c60d2b33815d7ba2136b5c3318f7dbae3ee062,0,1,0,2012-06-30 11:52:55,525,113,3.0772,638,25,3,2,1259,77,64792.5972,135,97.6206,140
3334,44f4cac62e33238461274b6aec6790d623b70484,0,1,0,2012-06-30 13:12:32,147,103,1.9196,250,9,5,2,1181,85,38874.5697,209,121.4543,1515
3339,8bd1729833882474722e80b5a76dda8d45fce5ce,0,0,0,2012-07-01 07:21:11,185,9,0.1381,194,1,8,4,1490,5,49708.6088,2862,1087.0833,44041
3344,67dec69f53d2bfd3818fea4ede40e5d5a6b2356b,0,1,1,2012-07-02 06:40:38,95,22,2.0497,117,5,5,4,223,10,35403.9654,2706,1012.9711,42690
3347,5bcfcbc3ed1bbaadcd0f6e373d0d207db38ec6c2,0,1,1,2012-07-02 07:56:03,1180,29,2.5385,1209,10,2,2,958,80,39051.3913,2746,1154.1993,52038
3348,583cc97f3bd587e8cb1ea00731793dd416dd115c,0,0,0,2012-07-02 18:06:06,8851,1096,1.3788,9947,4,3,2,379,38,60260.2939,2862,1077.5798,47394
3333,8674784932ee80d06d3df6526fabe74e1bba4dcc,0,0,0,2012-07-02 18:30:49,5,50,1.9219,55,1,1,3,432,33,2257.8329,44,1058.3894,44524
3342,76ada1106f6a8306c1f3abd3b334380d4e4818d3,0,1,0,2012-07-02 18:32:00,150,56,0.2922,206,5,4,4,795,49,80597.5,139,1162.2593,50840
3351,893d1da990b4f31462ad241dc0c4b6a91cf3dbee,0,1,0,2012-07-03 16:55:54,194,73,0.8555,267,5,3,2,409,35,48561.7748,2862,1056.53,54214
3346,9688a79d0c315395772d15d92e051d00e18b966b,0,1,1,2012-07-03 16:58:23,119,37,0.8542,156,10,3,3,1140,87,51953.0936,2,1020.861,55071
3350,e0f4c7cccff023140b33ae2223fbb2f36e20265f,0,0,0,2012-07-03 17:29:24,25,42,1.4847,67,4,1,1,1490,14,49654.2821,2862,1087.0833,48865
3345,45ad66895d0e5b99feaa74ec061b887c1a9688a3,0,1,1,2012-07-04 17:35:03,4,197,0.0263,201,86,1,4,33,11,29609.3604,707,298.4711,1918
3357,2ff33abebf2520cbff50f4ade8a717568349edd6,0,1,0,2012-07-05 12:14:57,83,21,0.1463,104,1,2,2,974,82,14810.6532,138,104.0054,609
3365,4fd6fe3fa6a1371f5f9c16a7199fbf81320d98c7,0,1,0,2012-07-05 12:14:57,81,1,0.1451,82,12,2,2,1073,82,14268.1245,66,84.3762,54302
3352,9a8a8902b223db00fa18c55ecf8f33c269325ea5,0,0,1,2012-07-05 16:08:14,1006,7,0.4207,1013,2,2,2,1050,83,8385.2516,696,283.5808,3521
3341,aa2c28eadea7009361b46d95ee86a46fff291c0b,0,1,0,2012-07-06 18:36:20,104,5096,1.7871,5200,3,3,1,1114,0,79182.853,12,1166.0618,47309
3374,2e7d1f83f53d0aa2ffc52af6d8531c0355318484,0,1,0,2012-07-06 20:15:45,145,93,1.1178,238,5,3,2,1251,87,41025.4829,2753,1021.7895,52579
3353,b9df12c173ed62a3c367bbee919b056d349e6b68,0,0,0,2012-07-06 23:21:17,10,7,0.0784,17,1,1,2,16,17,2860.6063,2862,91.6369,54302
3358,df8f823ef4c73920f2b52085c5235e214bfa3bf8,0,1,0,2012-07-06 23:34:13,2421,7,0.2958,2428,48,1,1,168,21,39536.0926,137,25.0,488
3361,a2bdc8ff9c88b2a6062f23cc5ae1d4931163538e,0,0,0,2012-07-06 23:49:40,8,6,1.7863,14,7,1,1,17,15,6519.4378,2862,123.7346,2471
3354,c716fc7fa03c75f9029d35a2b80ee729f605814e,0,0,1,2012-07-07 15:31:04,1207,14,0.9548,1221,3,17,2,1028,85,49046.172,182,128.4124,1964
3356,e85afdc5b6a691591834bd32f766087560c60a39,0,1,0,2012-07-09 22:07:34,138,133,1.1325,271,5,4,2,543,41,7430.3424,277,114.9568,1387
3363,19a45370da1d46ffc6bc609181648170858af6d1,0,0,0,2012-07-09 22:11:21,218,11,1.0897,229,3,2,4,1656,90,62441.9868,139,128.7114,595
3349,84a1d6059bbaab375817a33179bb8de63121176b,0,1,0,2012-07-10 13:35:23,1278,340,0.2663,1618,2,2,2,129,16,38346.1461,24,1119.1874,155
3359,629dac6c8aeeb5649ebb640ab0c6334b24eee85d,0,0,0,2012-07-10 20:33:11,873,246,2.3504,1119,11,5,1,189,23,85400.5252,2611,964.1698,11860
3362,346ac03c29cd1fe763bd01077a5e0c59f12181b3,0,1,1,2012-07-10 20:41:39,1031,19,4.7732,1050,3,15,7,2807,8,40788.8176,210,175.1065,366
3330,326312b5db746ecfac19275d560a19c1bfc6362f,0,0,0,2012-07-11 01:18:58,6,7,0.9334,13,3,2,2,1147,85,33080.0009,2862,1087.0833,49041
3360,200ba86477f49939630b75f989afe07a2d91185a,0,0,0,2012-07-11 23:10:02,16,4,0.8813,20,2,2,1,152,24,49340.0201,2810,1063.894,44896
3369,c9a13c3c452d3e9e49bca158da93f9a9bbae7379,0,1,0,2012-07-11 23:13:25,0,36,1.7542,36,16,7,2,479,26,44281.2701,2862,1087.0833,52667
3370,13f8eee99d0acb7063eab5dab7a8980d1b71a3b9,0,0,0,2012-07-12 04:29:37,17,465,3.7384,482,25,1,4,130,21,18068.8651,2839,1074.3647,3040
3378,d569f873de40f0336a9a34e260c1942866e48950,0,1,1,2012-07-12 15:40:24,618,126,2.1627,744,10,3,3,1153,88,49552.975,333,1267.3333,3143
3367,7f6cc5ef6cad831061dc5cb75f5623f949ab7ca2,0,1,0,2012-07-13 15:38:15,62,813,1.5015,875,3,2,2,39,7,55095.9006,582,179.1465,2141
3364,0091af932c6ef65a0a5917f123fe24398b79c079,0,1,0,2012-07-13 18:17:51,312,366,1.704,678,8,3,3,1169,12,42967.8573,447,109.5764,5280
3373,ff1ba870726d9c0de24ff8dad3e23aa96465290e,0,1,0,2012-07-16 21:13:53,33,9,1.098,42,1,2,1,444,38,26446.8529,606,198.448,1643
3387,202f3940dc35411f9b2351a026e859e487b94591,0,0,0,2012-07-17 14:18:46,22,9,1.17,31,3,3,3,1018,80,30267.3487,2862,148.5357,3609
3375,6a6b7ec1f00d8084fb29379111a798c09c35e6d6,0,1,0,2012-07-18 17:54:20,118,100,2.1983,218,6,3,2,1253,83,23374.7197,811,368.948,5957
3355,4f9fd76db3b63cea98426097e424524dc07237ad,0,1,0,2012-07-18 18:39:29,467,26,0.7165,493,6,1,1,446,0,67206.4409,391,109.4457,428
3371,201fe94413db0125d73e01afff45fa6bd7b295a0,0,1,0,2012-07-18 18:47:39,58,11,3.6368,69,25,1,3,434,34,76805.0,221,137.5322,1597
3380,e220efa2a87c8232d87bdca9f2a02cfcef9f1a4c,0,0,1,2012-07-18 22:49:46,130,184,0.0,314,1,1,1,187,25,28753.098,72,137.4388,2180
3381,7af91424d9b2929a72138c3f8ee75e09256aa5ef,0,0,0,2012-07-19 01:18:21,54,5888,0.1019,5942,34,1,1,86,7,15627.4889,483,64.8254,58699
3366,8f40f38e1a2c4ceb0dc07089dd5ccbf036529c67,0,1,1,2012-07-19 16:41:40,37,719,0.0548,756,96,1,4,148,25,35560.8047,190,20.7443,59905
3372,864e03671abf3e99410175df21106efa1a463772,0,0,0,2012-07-23 13:17:14,336,1,0.7877,337,1,1,1,0,0,57376.66,793,341.8722,3648
3379,8d6fe24ce490847aaf3fdb472095279850bbfbd8,0,0,0,2012-07-23 14:44:08,57,15,4.7732,72,3,15,7,196,28,69890.5052,2862,1267.3333,427
3382,655a76face34c18370d49c4fb0a1232395187ea1,0,0,0,2012-07-23 16:33:45,22,6520,0.0272,6542,20,7,1,168,25,29160.3414,162,86.1933,59905
3377,d0d1b2cf3cd2bb2ddf66aa9fcdab5566954683ab,0,0,0,2012-07-23 23:30:13,4,3,0.0,7,1,1,1,28,19,3333.5366,658,177.2988,2418
3368,41c9ba63d624d1d6863b67a0cbcf4144bfbea29c,0,0,0,2012-07-23 23:30:13,264,2191,0.0344,2455,1,1,1,29,18,3448.6134,563,177.1055,335
3396,795174611b7a9bea4ee2d64f8640c8bfebe07cfb,0,1,0,2012-07-24 07:31:56,188,54,1.9852,242,7,4,2,1292,90,54941.6068,734,296.7059,2742
3383,f46232c0b02f27c5177bd453a6d0b0f6441c2499,0,0,0,2012-07-25 18:15:21,316,1096,0.0811,1412,40,1,6,148,14,82991.4742,2862,1101.7629,48367
3384,732d83b7581b89394bd28a8c03124bff733efe7c,0,0,0,2012-07-26 03:46:01,130,184,0.0,314,1,1,1,16,1,82035.7683,465,66.1532,3937
3400,bce2d6c35753929c62a557159f944ace82896869,0,1,0,2012-07-26 17:37:24,191,159,0.9762,350,8,4,3,904,87,48521.9038,68,13.1598,144
3385,27cd2bfda07ac9dc2b336a45aadfb96a168a2d2b,0,0,0,2012-07-26 18:35:31,255,57,4.5752,312,2,1,1,1967,4,76748.6536,13,43.0436,1444
3389,bcc7f7b0fbd0eabfc1ae985009cce7fca985b613,0,1,0,2012-07-26 22:12:02,7,27,0.0,34,2,2,2,1533,10,8225.5551,2681,1014.7237,10385
3393,dc071e702e20bf49f05b70fd75de0e63474707c5,0,0,0,2012-07-27 01:47:25,219,724,4.2625,943,6,1,2,207,89,70776.9781,353,33.9606,556
3390,7ff8e3c384df32eaca361cbb77632d04cc64060b,0,1,1,2012-07-27 08:06:33,2,3,0.6356,5,8,2,2,1025,83,79843.7931,708,291.2876,3608
3397,652ae9a6456dd8cdd38e3eebdfbbfad51b2ad197,0,1,0,2012-07-27 10:56:45,71,46,1.7917,117,6,4,3,1193,86,35754.6053,48,70.1638,1713
3388,8227f43a7553d492b63d297733baef38f1f433ce,0,0,0,2012-07-27 15:17:18,48,10,0.1203,58,46,2,7,2807,9,59571.8058,285,1267.3333,430
3395,203d0d109e00cc6c6cbf076bac70e6cee1a93d36,0,0,0,2012-07-27 15:17:18,264,2191,0.0192,2455,4,1,1,9,6,57167.2662,164,30.3557,46227
3398,5dab451afc6a9b63206bf2428022d641682b60b2,0,0,0,2012-07-27 15:17:18,6,2191,0.0145,2197,1,1,1,26,6,56663.5962,111,31.3355,1076
3401,3d23188a0e7a526992aa3dcb756e75d7d0870fcc,0,0,0,2012-07-27 20:46:49,14,19,1.6635,33,2,2,1,217,23,52423.2552,2862,1087.0833,48330
3386,7d857e68a484410140e8ed7ada0e16553972e87a,0,1,0,2012-07-28 14:45:16,769,324,2.1328,1093,6,6,2,233,24,50244.8304,2600,1025.0399,51410
3399,c3fdb6cc915a69fed2f96b28b1acb291074b22f0,0,0,0,2012-07-28 19:34:30,1955,75,0.3399,2030,58,10,1,377,19,28836.4284,19,34.823,2087
3404,c517c628f882593c46ba467d4f7a0f4dcb308ab2,0,0,0,2012-07-29 17:23:42,130,8,0.0,138,1,1,1,445,35,83651.7957,4,1127.9183,45003
3391,7588f74d01afe5f65ee3ce7afe2b4423ece0970d,0,0,0,2012-07-29 22:38:19,153,157,2.9329,310,40,22,2,678,46,25058.7623,183,1267.3333,56836
3392,844b9c46c9ceb08a52da7738c8312e8c0b599737,0,0,0,2012-07-30 20:38:53,63,5096,2.3504,5159,2,5,3,1198,11,80479.0229,2695,1171.4507,11839
3414,8b6ce324bf35210196e0f0ec0665ba87b0f3991f,0,0,0,2012-07-31 15:41:26,10,5,1.0162,15,2,2,2,1058,85,76004.1356,2862,1087.0833,50482
3415,953bcb345d46eb982bf97a285c00c4dadbedbf7a,0,0,0,2012-07-31 15:41:26,10,10,0.7953,20,2,2,2,1038,85,76295.0507,2862,1087.0833,50320
3405,1f556183bb7cbe499799d0b5ec3b79614f9eb91e,0,0,0,2012-07-31 15:44:13,6143,1345,2.9719,7488,14,7,4,56,12,4115.4875,2772,1146.4959,47957
3408,f775e624281c87c483bb36d271e21d55f0d1ca00,0,0,0,2012-07-31 15:44:13,8,3,4.4362,11,47,15,1,46,10,516.8224,2851,1091.4372,45962
3402,b93960e2899c9238a46545221ebca71771a9627d,0,1,0,2012-08-01 05:14:23,3,2,0.0373,5,1,3,2,22,7,25512.1212,422,54.0587,3068
3406,bef8eef1b12b6ea8e9f6ee3ce12547c7302d7bb9,0,1,0,2012-08-01 18:35:51,57,45,1.5917,102,1,2,2,56,2,73921.5831,660,343.8299,290
3403,8e6962f018aa9e5ec0ce38bd9c6ebbd972d8a515,0,0,0,2012-08-02 17:53:21,267,10,0.0685,277,1,4,1,154,19,536.0,16,1138.3282,47549
3394,afb2c00e5864e9a7b60a1ff4b60740c321faee28,0,1,1,2012-08-02 17:53:21,125,139,0.0751,264,1,5,1,146,21,1250.0,38,1031.5536,48607
3407,22fbc4e413da1c61f6d0381be8cfa9972a4a1385,0,0,0,2012-08-05 07:24:33,62,755,2.165,817,11,1,3,72,3,64458.501,1005,385.8384,5656
3411,f199fa39bb7a536a203a5154de24ae67c137ec23,0,1,0,2012-08-08 15:12:20,526,97,6.2709,623,20,4,2,3029,90,62121.4937,663,279.5511,1612
3412,dec5eedd38cb64093a965ce96b22c50bc5397b11,0,0,0,2012-08-09 09:44:55,144,3,0.0,147,1,3,1,195,28,74869.9414,822,331.9044,1276
3425,115f380a86912e5918f534db2ec2935253909fad,0,0,0,2012-08-09 14:36:32,73,7,0.753,80,2,2,2,1039,85,67285.6953,2862,1081.4554,49553
3417,ce368f812cc494e13221a208aba20f91019716e8,0,1,0,2012-08-09 14:36:32,3984,4,0.7187,3988,2,2,2,1040,83,69048.7633,1,1103.2563,50582
3420,9fb63a2f93997ffa5b70a291f5045c7f6100eea9,0,1,0,2012-08-09 16:37:52,10,0,0.9817,10,2,1,2,33,14,32922.4425,1,1063.7794,47478
3409,5e5fbc6853468e47abe5d25817be1220e90c980f,0,1,0,2012-08-14 21:48:19,0,69,1.7921,69,7,3,1,154,20,63520.5271,2862,1087.0833,49547
3418,ba231f4eb53f01ceb297f85d52592600f14a9bbb,0,0,0,2012-08-14 21:50:39,247,2099,1.0551,2346,4,3,2,77,9,46532.9076,1,1044.9829,44254
3423,6ce498f5ad5879fdc58dc0c92af6cc52002fd198,0,0,0,2012-08-14 21:52:02,10,122,0.1723,132,5,1,1,2,12,9029.2899,23,1000.0001,53047
3416,d14717504ba1e05e06c6a820166f0c86b4c4f6f5,0,0,0,2012-08-16 22:48:08,127,3,0.1762,130,1,3,2,21,12,4.0,7,992.8348,42924
3419,1124615a65329a4991a5a610fa78af56b0502627,0,1,1,2012-08-17 02:29:16,6,2,0.0167,8,13,1,1,9,13,32269.5958,21,10.9481,58042
3426,f5619bbfdc7e17e33fc27c9e2d06293cde14c800,0,0,0,2012-08-17 09:32:57,6,3,0.9471,9,2,2,2,1043,54,28749.4152,164,99.1131,1123
3429,a343c85b79419d47a9fc05eb555fae7740bfbfb5,0,0,0,2012-08-17 15:10:59,8851,10,3.3874,8861,40,12,1,2342,16,54183.3385,2862,1104.3816,47969
3422,7db46ef80acc567a6ac3e4edcfcf39a6b22b73fa,0,1,0,2012-08-20 20:27:53,66,259,1.8507,325,8,2,4,101,9,45750.4417,724,249.2762,5030
3428,413a177dfca61123813ec3e77592210d3c33fa74,0,0,0,2012-08-20 20:45:54,7,66,1.7863,73,1,3,1,18,6,85789.0,458,249.6312,4933
3424,f41684fdef7a9e8628cb40f66c13a88fcf7502e3,0,0,0,2012-08-21 20:40:31,108,134,1.1037,242,8,3,3,1207,0,51201.3162,308,28.08,56576
3433,08b3091914e99cc3c4ebded66184bb0882e5dd8a,0,1,0,2012-08-22 01:33:29,1333,50,1.0607,1383,6,5,2,1150,82,12578.068,15,1157.5724,52964
3436,0f52874ab5fa857e8f8ead1a52fbb5f0ff27027f,0,0,0,2012-08-22 02:59:37,1955,69,0.4759,2024,6,10,7,2376,89,71723.7363,357,30.6001,2018
3427,dbf99d6740917cdecc342d84e1e3bec03613d8ba,0,0,0,2012-08-22 09:28:24,23,19,1.4103,42,3,7,2,1174,88,44197.3753,72,135.9488,54302
3435,a89ef1ffd4cd2ee39a2751f37044dba3015d72f1,0,1,0,2012-08-22 22:45:19,553,240,2.1628,793,3,3,4,421,29,26307.4167,102,25.0,530
3413,8bd1c1f86e875a34cf717c95706a29955fd6d2bd,0,0,0,2012-08-23 03:16:16,144,7,0.0,151,1,1,1,47,11,27472.0933,372,24.1472,2285
3439,3925aba84260063618bf85db6d51b409116f4050,0,1,1,2012-08-23 15:58:54,49,27,1.9487,76,4,3,1,401,40,63756.6334,691,220.5961,3325
3440,58c5533e956cab461a4122e63212cee1f8275713,0,0,0,2012-08-24 04:09:25,4,184,0.0,188,1,1,1,109,7,37564.7239,342,1267.3333,863
3459,99605d9f8db9a64ce58a738de5aa236103ec8f66,0,1,0,2012-08-24 19:57:37,240,513,2.699,753,12,11,5,1331,82,42402.5987,2592,1001.3079,57605
3442,d9c70e1d321c9428ed618790e6c0b49d6aa0fa13,0,1,0,2012-08-24 20:21:10,607,465,0.8287,1072,3,2,4,228,31,85689.0,2829,1062.0518,45031
3431,e1ee636026ffc1bfde2a500a766ddcfda2a52b4d,0,1,0,2012-08-24 20:35:53,30,40,1.4896,70,3,1,2,203,30,82200.6667,2777,1136.5561,45771
3430,4764a379e295bdc68612359a26bf96a8833823c8,0,1,1,2012-08-28 14:25:26,8851,1096,0.5781,9947,2,2,2,1077,85,59794.0502,2862,1081.6685,49637
3441,70754af41e3e3d38f66b55cb7eaa4b79bccc794b,0,0,0,2012-08-28 14:59:08,264,41,2.0,305,4,1,1,128,16,3647.4615,16,1053.2938,45203
3443,b0c2fa7a8b6f13b11f5ad6e088e4d2490f51d476,0,1,0,2012-08-28 20:52:24,29,5,0.0601,34,15,1,1,9,5,83654.5404,12,1097.0965,45264
3447,501d7134f587c333034ccb2607502c23c61d3efd,0,0,0,2012-08-28 20:53:03,136,32,3.3874,168,40,1,6,74,7,4311.1499,2862,1097.855,46870
3446,846b14019de484e9bf36e8907c48d3518f09e32f,0,1,0,2012-08-29 11:12:03,2421,11,0.3928,2432,2,2,2,1180,80,42897.3812,102,25.0,649
3444,4e6167da57915e803946f35f039d7a33680f4693,0,1,0,2012-08-29 15:20:11,42,440,0.0684,482,2,13,6,94,10,56600.2197,93,18.8801,58332
3449,ad52ce4fa303d2c63cbd9833b7245ab2cdff28b3,0,0,0,2012-08-29 18:47:18,7,0,0.0432,7,47,1,1,96,21,5624.3729,6,1073.8947,45646
3453,5b6a2b11bc8a9499ac012d745869e3d814cc91ad,0,0,0,2012-08-29 23:09:57,344,5,4.4362,349,2,1,1,510,31,13106.3649,6,1065.12,6
3454,8a1b93d79f39b80979f5403de1fac4f7e8d7cb02,0,1,0,2012-08-30 14:07:05,628,505,2.8937,1133,33,13,3,1612,83,54832.5918,2862,1050.1055,57424
3432,d7468ea1444ddf9e1616050e46d4832f0a66290d,0,1,0,2012-08-31 13:39:00,200,535,3.601,735,16,2,2,509,46,60660.4422,3,1213.8416,51112
3437,e49d140bb72264a503a634d5603c25766c78e50d,0,0,0,2012-08-31 23:41:47,6,39,0.0428,45,4,1,1,629,37,66230.7674,97,13.8217,46227
3450,9c80f37d5eb3ec505341347631a430ffc03b0071,0,1,0,2012-09-03 15:36:56,2423,29,0.1069,2452,1,6,3,35,14,75191.5036,2813,1049.2564,47424
3455,ae6a58fd71fc6b98316cdfcbfaecb74f595c3ece,0,1,0,2012-09-03 15:38:03,15,11,1.4864,26,4,1,1,66,14,72.8823,80,1072.402,46972
3458,73317c4427e25c131a95095781b8ddb3c95d133e,0,0,0,2012-09-04 14:17:49,6,214,4.4362,220,2,1,1,1356,3,41705.8092,569,229.3375,2438
3438,3282cb5242bc9d29f5492f144fb5d593921779dc,0,0,0,2012-09-04 14:26:01,19,574,2.5884,593,2,14,1,66,89,84618.0,603,202.214,1388
3452,b475bc69b7e6d08e6d12527578552e67e8c0f88a,0,1,0,2012-09-04 15:41:58,305,133,2.6128,438,12,6,2,647,46,55666.9718,509,236.0723,58332
3462,e1b10590e84189b92af168e33a63c14c3ca1f5fa,0,0,0,2012-09-04 16:12:28,1367,9,2.9927,1376,9,4,2,1190,86,39100.9529,2794,1028.6811,51542
3465,769fe895a36868c47101f681f5fdd721bee1ad62,0,1,1,2012-09-04 17:41:33,134,8,2.1871,142,8,4,3,1277,82,30326.7382,850,236.8017,1523
3461,1e289fa0ebfc1e329e4a047d176d6c35d4939afc,0,0,0,2012-09-05 03:12:11,51,163,2.9601,214,68,27,1,82,7,50463.5959,2862,67.6529,1863
3421,a9d4e649ffee05d8ce50685bdbc08a6572657194,0,1,0,2012-09-05 13:51:32,22,6,0.0478,28,5,1,2,2,11,80030.4227,641,272.7782,3617
3457,b7fdc674a9882db9e46078c0532add4493233377,0,0,0,2012-09-05 16:16:01,19,7,0.2031,26,3,13,1,185,15,6589.7509,602,198.8318,1569
3463,ec1c64ab5a00fd9823e6cbb50adbca326669f7d9,0,0,0,2012-09-05 19:49:15,15,1,0.0788,16,1,1,4,31,6,12730.0734,734,1066.2694,45827
3466,978d7bb7d59492129aee2747308d55f949003b02,0,1,1,2012-09-06 03:59:31,130,81,1.782,211,13,7,3,1127,0,39977.141,280,1267.3333,60271
3467,7371e10be40d9a01167d36eb2db69526b6b0ce50,0,1,0,2012-09-06 12:57:08,138,95,2.4852,233,8,4,2,1101,87,48405.0254,839,236.1676,54302
3464,8e03f7bdf26558dc397628c885c5b6ab0cfde3e0,0,0,1,2012-09-06 14:56:29,1207,26,1.2039,1233,3,17,2,1035,83,255.9328,594,254.7828,1158
3468,76e092b2d3785ac1549f1af16702839bee570c69,0,1,0,2012-09-06 15:11:05,23,37,3.7795,60,4,2,2,980,79,1876.2763,145,110.1843,613
3469,e681a1a62280dca648b8dd1b6a1d386cb1a2788e,0,1,1,2012-09-06 15:11:05,57,5,0.2916,62,1,3,2,960,88,6624.1954,143,112.302,612
3410,f1711794cf911c349a3b60e0104064adb8124148,0,0,0,2012-09-07 08:55:13,186,4063,2.0704,4249,7,3,2,2676,21,50765.0236,919,215.5552,62439
3474,ceca1997d045c8f09b198e73a956bfaddc11485a,0,1,1,2012-09-07 09:58:02,88,3268,0.8677,3356,5,3,6,1352,84,41823.4071,785,278.0366,5121
3471,2c69e2ea757be9492a095aa22b5d51234c4b4102,0,0,0,2012-09-07 11:43:51,6,50,0.0,56,1,1,2,29,5,72007.6114,131,108.1216,682
3460,429fa7a80e22757a55c03e99c27c157824a666af,0,0,1,2012-09-07 11:43:51,56,969,0.2239,1025,3,2,4,2957,12,78339.7066,137,102.4836,543
3472,19800189d76453cf08af60e21a544729565714ba,0,0,0,2012-09-07 14:14:58,21,28,0.3595,49,2,1,2,1143,86,10482.0327,694,284.6125,2110
3473,e395307893d93a01e976656f6e0f5cee1acf3c3b,0,0,0,2012-09-07 16:57:19,8,9,0.0,17,1,1,1,586,8,69466.6359,2716,1054.4884,9
3445,8b374b206991255bde336911c68a7f988ab62a61,0,1,0,2012-09-08 03:06:54,43,24,2.7146,67,18,11,3,151,26,32286.5525,637,123.0195,1881
3475,18962d7b28e1d471c59e0e95c99b2a09b6a9402c,0,0,0,2012-09-09 03:10:04,114,1096,0.0301,1210,40,1,6,72,11,13400.0037,2862,1079.5919,46695
3448,39570be0fbedb71dafc19c3e6bb2b4f7b98ecb2e,0,0,0,2012-09-09 03:32:15,2,1690,0.4781,1692,4,1,2,2228,85,504.5328,2508,850.9825,58042
3478,5831fe7936315bb7049a9cf9a4f9b6f68f989b5a,0,1,0,2012-09-10 09:30:02,127,49,1.7041,176,2,4,2,985,90,59474.8088,120,95.7036,58332
3481,aba5a37650232dbf10b505c04b257f73b6c9b579,0,1,0,2012-09-10 15:27:26,611,80,0.0,691,2,2,2,1400,86,43122.0463,2862,1052.6,58042
3485,bcec7a5e225ccc5be16c224b397abab267fe2a46,0,1,0,2012-09-10 15:27:26,405,48,0.0,453,25,9,2,1132,78,44539.6497,136,25.0,541
3484,500a529e7dc8947149b419adbac922596bb341b7,0,1,1,2012-09-10 16:50:21,124,88,0.7304,212,25,4,4,864,72,10875.8079,1072,482.9411,46227
3488,02769d5b69d5a5a7512c0f605793f21750b2c4ca,0,1,0,2012-09-10 17:32:38,107,5,1.8859,112,4,4,2,1116,2,17343.8932,30,159.5265,3151
3476,b2dcd9406b779a2ef28041263a3580156b015dfd,0,1,0,2012-09-10 18:15:21,96,57,0.7478,153,4,3,2,1098,83,60064.0876,2817,1108.5835,50594
3483,e172a9b735ef8f99cf45ba86c9850943829d14fb,0,0,0,2012-09-10 21:48:40,344,7,4.4362,351,47,15,1,43,14,20184.8873,87,79.5794,46227
3489,c20b33c93775f62a638a8725dc07b00142aae252,0,1,0,2012-09-11 08:30:36,11,8,1.6096,19,5,46,4,1692,18,44313.7903,702,296.8532,2571
3479,73a4b4685c61068986e597c1a9adb8641d4de793,0,1,1,2012-09-11 09:02:41,60,211,1.6309,271,4,3,2,1106,81,63902.5553,668,279.4957,4435
3493,203b3ad04b63345373f9ad5473b2b30b8b467b03,0,0,0,2012-09-11 16:27:56,91,144,0.7093,235,61,3,6,1133,85,21531.4029,210,138.8301,60820
3487,c5df208327826dd197f1a9f743243bcd53de50f5,0,1,1,2012-09-11 19:52:01,77,16,1.2185,93,4,3,2,1115,82,20725.9028,82,76.8776,1381
3497,c64d975cdf9eebddb04801573035a7272f779fed,0,0,1,2012-09-11 22:22:49,18,50,2.0513,68,4,3,2,1555,4,36380.6777,123,41.6903,586
3480,c74a871e7a5882802de46550ea5bab0220f16883,0,1,1,2012-09-12 12:21:17,273,3268,2.9369,3541,20,3,6,1086,86,56643.6593,646,234.5677,4864
3486,1e126dadac0498a8fac9841da6d216d2510a2a1c,0,1,0,2012-09-12 16:03:19,348,162,1.843,510,9,6,2,866,0,55163.4644,734,322.1947,2723
3498,71845d214babc5a1eba9e9fcfccb898853030f9b,0,0,0,2012-09-13 17:41:19,144,50,0.0,194,4,1,1,31,8,1673.7413,173,49.1916,914
3495,aa8989d9b98f35a95c988f0b664a0b4ffd232bac,0,1,0,2012-09-13 19:34:34,99,14,2.1967,113,7,4,2,1220,82,20065.4504,794,322.4706,4132
3499,1f365196f3e08c201c7e985ed0a7c0abb9a8c84e,0,0,0,2012-09-14 15:08:24,84,5096,2.3504,5180,1,1,1,355,30,83817.62,432,162.2977,54302
3470,9f643a4ae62200d47fbe64f2b44260b767449767,0,1,0,2012-09-14 15:08:53,176,806,0.5827,982,2,2,1,322,32,23813.8941,414,182.4448,54302
3491,a02bbf50eb09f1364de21eb41d91e6521610092b,0,1,0,2012-09-14 15:08:58,118,43,1.0139,161,6,4,1,509,40,47466.4264,422,45.5129,4003
3503,398b1d263379a5b3ae080b3d985e00b032ca1ddf,0,1,0,2012-09-14 15:09:14,97,16,1.3652,113,8,4,1,507,39,25999.0365,148,67.726,58042
3494,f1aec3d5f6eb817d883325d8bb9204ce8c91bf27,0,1,0,2012-09-17 06:44:31,522,5,0.0251,527,16,9,4,204,22,63339.0302,613,306.0253,2548
3500,aa7dafaca4843fcd2eea70bca51bd303910f756e,0,1,0,2012-09-17 16:42:46,83,440,0.081,523,41,2,2,2406,22,57419.4146,3,1117.0192,48029
3511,6ad7d45ad56482707ecd541984894e4e2a278cfb,0,1,0,2012-09-17 17:37:01,11,27,0.6628,38,3,3,2,1261,0,70059.8291,2758,1154.4901,45951
3496,1693ee22fe70049ee3dd45eb211fb4f902dc8d9f,0,1,1,2012-09-18 15:32:53,4,22,1.1785,26,3,2,2,1146,81,24035.7578,59,63.7595,2247
3505,96a46771b287a265a4d9faf61543163e342f6d87,0,0,0,2012-09-19 11:13:34,24,2,1.4864,26,4,1,1,292,28,158.1123,800,111.284,49967
3490,c565b64fe1566ed29a260ca0ff0b777ed533c717,0,0,0,2012-09-19 16:08:22,0,3,3.1854,3,21,1,4,124,22,17326.3829,2862,1087.0833,46522
3501,f31dbee7d60c1f8e343ef16c68360af8c9485733,0,1,0,2012-09-19 21:30:52,322,0,0.0958,322,10,5,5,96,22,24261.2052,464,133.6569,3833
3504,0ada184628b4a1c86b35b73c51d9eb9f635f7ca0,0,0,0,2012-09-19 21:39:06,144,20,0.0,164,4,1,2,86,24,2913.3255,547,229.2726,2935
3514,dc97a8ff524ce9fa56e3dc0932d9074006495596,0,1,1,2012-09-20 22:02:52,151,64,0.0,215,10,4,2,1399,0,15886.2411,2,1163.3578,53277
3509,117d91ae2f13b5f6e602c754820973a5ce47d888,0,0,0,2012-09-21 10:03:42,551,26,1.2281,577,2,4,2,1283,81,62306.7337,4,162.918,3254
3510,ebae28ec27e14083026cc9006381a0fe3e7c703f,0,0,0,2012-09-21 10:22:01,614,4,1.0575,618,2,2,1,162,19,33834.4065,210,68.0133,54302
3515,98eb543a9829c1e857612edc6376a192f7ce4cff,0,0,0,2012-09-21 10:33:54,70,806,0.5917,876,8,2,4,2274,25,41298.281,244,66.1788,2598
3506,ef8620f8839f7f5278dbfb5b817c3656396966a4,0,0,0,2012-09-21 16:32:23,5,8,0.0,13,1,1,1,74,7,86059.2718,2733,1023.6249,44689
3512,fa9bbf7e196835ea9c4aad684b840aeac85e8eda,0,0,0,2012-09-22 20:18:54,63,183,2.1556,246,1,5,5,189,22,76209.9111,6,1147.1224,44405
3507,db45670a3e0650738fee52ebba5bbe9b43af26c0,0,0,0,2012-09-24 15:08:48,49,150,0.9123,199,8,2,2,1213,81,20.0,2691,1152.1759,46042
3524,103d9fba48cf2c486b6bcde11877c1ffb1158aba,0,0,0,2012-09-24 15:08:48,10,1,0.5076,11,2,2,2,1089,85,76159.9972,2862,1087.0833,49559
3513,ccca5f1e39c220ddc7ce68883622667229e28113,0,1,0,2012-09-26 12:05:09,278,20,0.0,298,14,1,3,946,0,38785.8007,721,306.6342,305
3519,2d76556742998ca332e562aba3398ab49c803d67,0,1,1,2012-09-26 12:06:37,2236,3268,0.4625,5504,4,3,6,1196,83,6583.9024,805,287.583,1401
3525,ee4a26d8659f4ab09d2646de0b68d39db958bdb9,0,0,0,2012-09-26 12:12:20,65,101,0.3477,166,3,3,6,1078,83,28817.2854,649,279.99,4800
3517,e752de96f7e3ae676b5dba0564e1321d6661a0cc,0,0,0,2012-09-26 15:03:57,551,32,4.4619,583,2,8,1,46,18,61807.2678,2710,1037.3528,48737
3518,b03ae12cb58da9bc77dc88151da47d26223051de,0,1,0,2012-09-26 15:03:57,11,31,2.0,42,1,1,1,119,15,61003.4174,16,1101.4113,45700
3516,16f3d33f3356b1694bdd448db7c3d3194d6dd064,0,0,0,2012-09-26 15:29:14,4,29,2.0,33,4,1,1,629,6,13487.1662,772,293.9175,3004
3521,b781ee7d52c9f30136ae2ce851c4af6def8df38e,0,0,0,2012-09-26 17:54:59,41,16,1.0945,57,41,13,6,133,14,58844.0236,3,1036.3066,44345
3477,cc68336cac161156abc0c37279cd8e91df226643,0,1,0,2012-09-26 18:22:35,151,295,2.1979,446,7,5,1,778,47,52682.2809,12,1139.335,48974
3482,822ee88a38b3862d60b50748382ddf7957907cec,0,0,0,2012-09-26 21:34:48,185,3,0.0144,188,21,8,4,43,11,12332.4611,2862,1087.0833,45929
3529,988ea81d409968614d84dacb3a022dcb156172c3,0,1,0,2012-09-27 14:16:55,32,813,0.3623,845,4,3,2,1199,83,21978.8792,202,91.3512,1842
3523,6ca75ef9ba0fff52741f25b1b1350a0c10f17b68,0,0,0,2012-09-27 18:00:22,71,6,2.4371,77,7,8,1,1403,80,58935.2674,2680,1136.8451,48995
3532,0b94b191d803f2a59e39c0e14fca45f5fb2ceb65,0,1,0,2012-09-27 20:28:25,3,388,2.2124,391,11,7,4,1360,6,45782.5586,2573,982.9812,54389
3527,480cb2f5a29a271b91008becaa68a7c11caf2024,0,1,1,2012-09-27 20:55:52,29,813,0.6905,842,12,7,2,1017,83,5600.3862,2,1111.4771,50894
2466,c7ce11f0031c81311a359de03380860fa4e366a5,0,0,0,2012-09-27 21:57:37,119,719,5.4232,838,96,1,2,1136,79,34439.7213,66,1267.3333,59905
3520,c710edf07b8bda7c2456fa615ce61a7d490f89a4,0,1,0,2012-09-28 14:53:05,1720,53,0.4701,1773,3,2,1,44,18,53656.3364,2639,994.5055,43264
3526,ccd1a3d38c998d000b2ff12df9045425932adc17,0,0,0,2012-09-28 15:17:50,344,10,0.5696,354,47,2,1,232,32,37132.7887,673,275.5414,4091
2473,732d82b4d4f66f5ae45c7eb24912d612f4505c17,0,1,0,2012-09-28 18:23:10,44,451,0.2731,495,32,2,2,1119,83,63272.8461,92,66.1215,1655
3528,297f530c246a8dcfa3372d33204f17c2edee7b45,0,1,0,2012-10-01 14:28:41,3300,0,0.712,3300,2,9,1,1605,75,46154.4417,1025,95.4105,11117
2472,5dc8ba837a706be7f4f8e180b9bafdb61aa4ccac,0,0,0,2012-10-01 14:47:46,138,119,1.639,257,6,4,2,364,39,15886.1049,963,253.7919,58042
2465,e05a5fc12648f315002c9939a2a0748d74525589,0,0,0,2012-10-01 18:56:16,97,2291,0.8739,2388,5,2,3,1237,80,24786.5343,217,97.5319,3930
2481,d41d5f6db29721726765723a1cba8d38bb52ce22,0,1,0,2012-10-02 03:44:39,57,33,1.8386,90,6,4,2,1391,88,23288.733,2,1060.6699,50796
2469,5eb53085398af4d30002785ee21f50b894208735,0,1,0,2012-10-02 16:01:21,94,40,1.7505,134,6,4,3,1389,86,31093.9852,547,223.2157,6194
2485,ab13579a3cfde211437987a889b25f8ae6d94725,0,1,0,2012-10-02 16:37:35,37,44,1.1346,81,5,2,2,962,78,5728.6496,960,416.0942,54302
2474,6ddcf0388b5e968b52ec3dee5b2d9a4482e371e5,0,1,1,2012-10-02 16:44:29,9,12,0.239,21,2,2,2,1027,85,2977.8123,662,270.6779,2086
2477,59a6a5d82dc088dac8f1d98bc48a6426d75dc1a2,0,1,0,2012-10-03 01:13:01,84,5,1.911,89,7,3,2,1053,54,33311.6574,88,62.7549,58607
3522,447fcef48630ea3f60a2c97f76910dbfa1a334f5,0,0,0,2012-10-03 08:08:19,65,96,4.2824,161,4,21,5,2552,19,36451.5165,613,49.8414,272
2471,88ae22f3851fc253e3d02b34d53ea56c7fefe97f,0,0,0,2012-10-03 10:37:34,63,3,1.4482,66,1,1,1,1,10,72908.8747,815,259.6585,1323
2487,637af9d78272d4c849d865a5cfe4b041ba86f35e,0,1,0,2012-10-03 17:47:45,40,15,1.1408,55,4,3,2,1308,83,54228.482,2862,1087.0833,51245
2476,d170a7a99dfc04499e8bb8cbca0fc4e14aa1fc26,0,1,1,2012-10-03 18:44:45,7,214,0.0703,221,1,1,1,89,30,80452.6355,637,214.658,994
2480,5df99327e6c3b7cf809f6a5088580ae8dad5e669,0,0,0,2012-10-03 22:51:48,12,6,4.4362,18,47,15,1,72,11,50590.257,2862,1267.3333,46227
2490,e863c2b71cbf917dde2d0c5f236b749f0070c1dc,0,1,1,2012-10-04 09:11:29,128,2803,1.0592,2931,5,4,3,1375,82,52200.8527,674,265.0336,1353
2478,2ce7b9b3ada14182067c934c475c6ab899086355,0,1,0,2012-10-04 09:19:21,345,183,1.9992,528,12,4,2,962,0,43009.1667,734,297.3983,25
2493,eff4b686653fb15593c7fecd2033f60b65c9ee8f,0,1,1,2012-10-04 15:00:38,100,65,0.5917,165,2,2,2,1230,80,45450.5078,885,367.2339,54302
2486,0d44159e63a2f5b56d621ba71a2f3fadd7f5a301,0,1,1,2012-10-04 15:28:52,8,7,0.8443,15,2,2,2,1152,83,70583.9699,2862,1087.0833,50452
2483,d54a93f2d4696e146ef7b58cf81c40a66443058d,0,0,0,2012-10-04 17:53:19,22,256,1.7048,278,2,1,4,83,10,67701.5361,2862,1087.0833,41160
2497,8b00f3a258fcc04f0350d4f46760eacacbfed3df,0,1,1,2012-10-05 07:29:17,249,19,3.3129,268,12,5,3,1258,54,55023.0364,638,349.6524,89
2492,d5ec013cee4f3d923d9618694716a265ab04fe1b,0,1,0,2012-10-05 07:34:51,113,66,1.6668,179,6,5,2,1421,0,46395.5508,729,311.2,2923
2470,2a91a48181b269684d491d961a0c513bf81baf25,0,0,0,2012-10-05 08:24:37,17,214,0.0975,231,2,1,1,145,21,168.4585,648,343.5712,3551
2484,b7716c76b338ad8eea0a19822ec9ba99de1699b6,0,0,0,2012-10-05 12:54:12,236,197,2.7794,433,86,2,4,70,10,18264.709,770,297.5922,2572
2488,e232407adf534e54950c2766347d4a0321c039ad,0,0,0,2012-10-05 14:31:26,35,26,1.6068,61,2,2,3,236,16,80524.0,435,390.1076,7562
2496,e3f642b8c50db3af3f398d40dbad26f4c417eb16,0,1,0,2012-10-05 16:47:18,2663,3,0.9078,2666,2,2,1,149,16,2027.8752,38,1152.8095,43051
2501,11f7d72536c3acf2ecdb255ddbcee545f29d6742,0,1,0,2012-10-05 17:46:10,300,77,3.572,377,19,7,3,1383,88,20259.3315,795,291.9107,3902
2494,074f4befaa0e5b7a7a3bf8dbaabdc3388ff61f8e,0,0,0,2012-10-05 18:20:19,3,5,0.0,8,1,1,1,586,37,46392.5165,88,59.9093,1123
2503,8264eb21ccb20423ff7bdae0fbef6d88fe2b2529,0,0,0,2012-10-05 21:11:13,279,99,2.476,378,11,4,3,1407,89,42125.2708,77,158.605,1992
2495,801d7d3f5c5ce31e1335d2633e82111faa512716,0,1,0,2012-10-06 04:08:02,21,0,1.2333,21,3,14,4,579,30,27558.2757,734,1069.4168,45140
2505,5b5b20a8787ef004751e8c7ee18a31e8b30d1fab,0,1,0,2012-10-08 15:20:06,1206,221,0.5956,1427,6,6,3,1748,80,69434.5658,53,916.8839,11
2498,fa56af1336073ea19950b37d2403a761690d0ab1,0,0,0,2012-10-08 15:49:37,443,243,1.1657,686,1,2,1,242,18,49242.1649,734,294.516,2762
2504,5160de59149b61ffb8f63c133c64d899fcf33130,0,1,0,2012-10-08 16:33:24,45,17,0.1908,62,27,10,1,123,3,41503.837,1,1134.7079,49392
2479,7a2b45ae4205572e6b8b4309bbac80859c709c2b,0,1,0,2012-10-08 18:34:30,68,21,1.017,89,1,3,3,997,80,30992.1392,147,48.1399,630
2513,0d12493721fdf3212ecfe58a341ca07ba83453cd,0,1,1,2012-10-09 04:23:20,89,211,0.3941,300,3,3,3,1034,80,48321.9191,2,1162.3918,6
2489,52ecf41d2d48be2bfb5a92f743275951e6a2a982,0,0,0,2012-10-09 05:05:49,1955,47,4.2625,2002,58,10,7,2376,7,32580.7597,350,34.5984,2034
2507,488f83466c6e30b5f432ebe496d6db0c8986634c,0,0,0,2012-10-09 14:37:23,42,112,0.6839,154,6,3,3,1215,87,59005.0117,2,1113.2911,50722
2506,ed6d24e592b3d84cac520295a5ae9f1161e2d829,0,1,0,2012-10-09 17:46:55,27,15,2.3404,42,2,2,2,87,14,57921.8092,613,208.4214,1837
2511,2a3076bf77d063402c5d3afa93e1398a1f03833b,0,1,0,2012-10-10 23:48:19,376,0,2.8866,376,22,11,1,1447,0,17607.289,281,53.8521,607
2509,4f5d072a28ecca654eabbc9a88f5a18a51c4e0b3,0,1,0,2012-10-11 03:53:31,2663,8,0.0498,2671,1,1,1,117,21,19229.5339,329,66.5886,3887
2512,f75026a17fb6f4437b808b76f4adb089d1321743,0,0,0,2012-10-11 03:59:02,59,868,0.0575,927,22,6,1,41,12,12595.6183,321,18.2098,3221
2521,63a5e4ef892d4a11edc0e273fc9440e7c43e944c,0,1,0,2012-10-11 18:54:32,39,20,4.9439,59,52,1,2,965,73,52014.9363,391,199.18,2060
2516,4355aa877f29b653614cb801a2b57861f4cef428,0,0,1,2012-10-11 18:54:32,57,3268,0.2354,3325,3,2,2,1102,83,59683.1166,579,219.5614,2888
2524,4881221363f984ab6610756cab38e1a016b79e15,0,1,0,2012-10-11 21:12:21,57,24,1.7153,81,5,1,3,1364,79,43025.922,2,1028.4218,56215
2523,f81864ebae0f7e098a21ab957921a7a3f4ad1b3f,0,1,1,2012-10-12 15:26:39,33,2,0.7758,35,4,3,2,1120,86,67590.8271,2862,1078.7787,49960
2514,5e91088040a05599c2ba1a01a147fb881b368069,0,0,0,2012-10-14 21:40:40,6,11,0.0399,17,9,4,1,30,12,30919.9126,463,1267.3333,54302
2518,fe5e4aef2e463acc157b41ef4a7f9fab9a61050e,0,0,0,2012-10-15 00:31:02,1,2,0.0445,3,68,27,1,51,9,11190.7401,2862,1052.6,1863
2528,3b8bff78d40804b37fa0658b0a8e4342dd98366f,0,1,1,2012-10-15 08:17:49,58,1315,2.0243,1373,3,8,2,1055,82,50634.3825,734,303.8058,3005
2515,d525cf969c042b21a9375446f5449ee82d7d1484,0,1,1,2012-10-16 04:21:51,13,356,0.1016,369,1,13,3,413,34,8036.8258,2862,91.9863,56165
2525,18acbef1356e1130f816eceacdff49c9ebf3c50c,0,1,1,2012-10-16 06:24:49,522,27,0.6125,549,3,3,2,1012,79,76334.98,726,311.2,2869
2526,4376ce702182aa1e97761f995595a73b9ed745d4,0,0,0,2012-10-16 16:42:57,551,16,4.4619,567,38,1,5,2641,12,60774.5494,217,21.5575,59248
2508,8c471240d0ffafeef53df2fd69693294257ed730,0,0,0,2012-10-16 16:44:42,2,0,0.0,2,1,1,1,12,7,61790.6099,159,35.125,582
2527,b8874ad1a892cfc45c87ed1187d43df356f48315,0,1,1,2012-10-16 21:23:46,28,283,0.6898,311,1,4,3,1046,81,28033.3188,281,45.4418,631
2529,f5dda349b36521819d26402661e1a9e5b9f76d03,0,0,0,2012-10-17 04:05:26,9,8,0.0,17,1,1,1,180,19,25710.6209,500,1267.3333,2780
2541,954dc5e5b7475ccde4001526312b430e2afa8bcf,0,0,0,2012-10-17 16:32:37,61,38,0.8486,99,4,4,3,1188,81,33103.2223,613,306.155,3106
2531,eb775fe7c225699a8ea61901b6dc887716780909,0,1,0,2012-10-17 16:52:16,101,82,2.4066,183,8,5,2,1665,85,37195.8655,734,301.1029,3005
2534,c866c805b3d379794bc063dfe3f300f061d01d68,0,0,0,2012-10-17 17:18:18,11,2,0.0,13,1,1,1,19,6,2001.974,752,294.1364,2208
2510,1d489dc5599efbc2283786e9cc6d466394dff213,0,1,0,2012-10-17 17:50:50,709,1572,4.2824,2281,47,21,5,117,11,78055.2247,613,50.0843,235
2537,ffbcb4b11b40c52253b02098ca0225b9cf426cd2,0,1,1,2012-10-17 18:06:28,86,288,0.3161,374,48,1,2,1196,87,59846.0446,138,101.3314,667
2535,8495560c2ba71621ab4326de7a87e9f3222ab8e4,0,1,0,2012-10-18 01:58:04,391,47,6.2709,438,11,8,4,369,37,35630.2827,2862,1267.3333,58355
2546,e400d0eca27f3c00e36e3871a30ac5c97891abbe,0,1,1,2012-10-18 20:17:29,28,4,1.0239,32,2,2,2,1473,84,65723.0401,53,1071.2871,50997
2538,1b8c47524029b37e7f9309bc1d3169769e5fee62,0,0,0,2012-10-18 22:15:23,10,2,0.0,12,1,3,2,1533,10,23066.4019,2837,1092.9645,46695
2522,e63a1ae1c00acf130d33c1e8161f66a194b9bfa4,0,0,0,2012-10-19 02:26:48,3984,14,0.7284,3998,29,2,1,75,17,49482.8363,349,147.9805,54302
2533,487c9168fce9a40f6906ee4a7ee250a9bd390fde,0,0,0,2012-10-19 02:26:48,131,90,1.0682,221,94,3,7,94,20,55296.2676,278,121.4119,518
2540,a28a2ba93764c602268d17ce4e5604ba179428f4,0,1,0,2012-10-19 22:58:37,165,2099,1.8905,2264,4,3,2,248,39,52211.0274,193,120.9166,58042
2530,0bb3a064f3dd34823145124360c049f5d29b91ad,0,0,0,2012-10-19 22:59:09,28,7,4.4362,35,2,15,1,30,11,69696.5035,2809,1113.1284,45120
2519,f22e2c4596d67138b3da64d3b163743cbbbf82fc,0,0,0,2012-10-19 23:30:43,111,1535,1.9219,1646,1,4,3,57,7,1404.8568,2834,1075.3704,45745
2543,81209f1c80c61f6965391e04510bb57f5d25a95e,0,1,0,2012-10-19 23:34:07,1,0,0.9415,1,6,7,2,688,35,76252.6667,2535,912.2709,43142
2517,a58b87020b4315eab48482666450049fb7cf0674,0,1,1,2012-10-22 16:48:07,2236,3268,0.2559,5504,61,2,2,1102,83,72673.1857,80,1114.1044,48409
2552,95fb613bf996c715392f9aa1f491609b6acaeff5,0,1,1,2012-10-22 17:16:20,111,96,0.4999,207,61,3,3,1207,83,38551.9122,2862,84.8106,1912
2549,69ad77d8c6a1e2c78255d54477798d5619a3a84d,0,0,0,2012-10-22 21:27:47,20,8,0.0,28,4,1,1,392,49,45329.7254,2604,1179.46,41045
2536,269c0cdac3d0457e6f00f6f055b5aa280a21e8b2,0,0,1,2012-10-22 21:31:52,23,11,0.8789,34,2,12,2,1263,83,5018.6888,2801,1050.8486,51404
2491,8c99a376980b90faf7b1ca1aa33d9fde0a356cda,0,1,0,2012-10-22 21:46:31,996,0,3.3063,996,15,5,1,18,5,7517.125,109,60.9477,949
2566,312ca136a78e3335ffa869af518dadf0badf6121,0,0,0,2012-10-23 20:16:03,87,88,1.1314,175,4,2,2,1214,82,54265.861,2828,1107.9706,51315
2548,5eb9e1c1576edb90f5b6e2ef975686e87a8c93af,0,0,0,2012-10-23 20:16:03,328,136,1.468,464,6,3,1,262,11,47031.3819,2637,1179.3382,42355
2551,36b40be64f56d1bffb31fb75b9a0f11b586686b4,0,1,0,2012-10-23 22:03:10,326,85,2.1094,411,13,7,5,695,31,19361.8895,2698,1016.6842,41109
2554,0f255da32f23b5e00dcd08dcbd8bca02bf190d8e,0,0,0,2012-10-24 18:52:32,39,243,0.2678,282,14,8,3,264,90,36011.8294,734,297.6115,2191
2547,0d10424a7f577c9f7c654e87f05e83ad36373e35,0,0,0,2012-10-24 21:20:00,607,465,0.0696,1072,25,1,1,448,29,82538.2794,734,1076.2632,45805
2556,6adf52c94d5c819bd1b4c38be9cdc234d40aa1fd,0,1,0,2012-10-25 02:16:29,36,3,2.5966,39,8,4,1,329,28,20490.6529,2768,1037.5989,44654
2553,c54fe4c41e18ffcedb3a849aead4d7576cd73167,0,1,1,2012-10-25 06:51:48,522,3,2.0559,525,5,3,2,1223,88,57026.9209,613,306.2309,3220
2561,10777f2cc8d0ab51fd760427a6f11a1d41aee596,0,1,0,2012-10-25 15:05:35,58,23,1.1767,81,4,4,1,171,22,48132.3468,2754,1164.3235,48787
2542,14afcc7d76f9b60228f4c76b696294835027c1a4,0,1,0,2012-10-25 16:13:27,1001,61,0.74,1062,3,3,2,142,90,48851.3777,9,188.3075,54302
2557,438e75335f57d5cb8c60e42c21efa8adbb900346,0,0,0,2012-10-26 03:52:16,366,169,3.3874,535,40,1,6,94,5,72297.3372,2862,1111.7257,44905
2564,98721bfcaebd90672a7a94d566a07ca1619152d3,0,1,0,2012-10-26 03:55:56,344,14,4.4362,358,2,2,1,1356,8,16366.5191,2842,1073.5592,6
2532,af97b0f3ae080b01cbf1a3db934087082eeedb89,0,1,0,2012-10-26 03:57:37,216,5,1.5738,221,4,3,2,2342,14,43023.6136,2862,1067.3046,52465
2565,900e62177282c969c0771ae7757653f2ea60f982,0,1,0,2012-10-26 04:36:47,2443,42,1.704,2485,52,2,1,470,38,51957.1097,9,1049.0512,44584
2558,f593717ace884befa16e6753942c3f734c88f379,0,0,0,2012-10-26 05:35:24,602,144,1.3394,746,4,1,4,2558,89,51357.9063,76,52.2705,477
2555,f3b636fc24e1b00f299a7c4ae29995d680c99fad,0,0,0,2012-10-26 08:06:07,69,948,0.5398,1017,45,2,4,489,25,9990.0832,1,1019.1873,49179
2562,ab2614ca15c509fafdbc3ba084dd9c1e85d6660c,0,0,0,2012-10-26 17:43:52,264,22,0.0159,286,4,1,1,7,4,1867.7236,357,22.6645,2419
2567,171c661e773bcc0f50dc5ad09290eba700e4d00d,0,1,0,2012-10-27 16:48:22,145,27,0.6564,172,29,1,5,398,27,36813.1886,1,1124.4936,43481
2563,a15500e742b7c18804ead7ef338d6fa39b9ba984,0,1,0,2012-10-27 17:16:25,392,3268,4.2037,3660,35,19,6,1129,57,32099.9654,2519,925.5699,59334
2571,37cf942c1128dfff392ce2947cc4c652a957c318,0,1,0,2012-10-27 17:40:44,67,45,2.143,112,9,7,3,1373,81,25886.6607,2862,1087.0833,48420
2577,38bfc6dca06bd0192167ae5e9bd51d593542f03e,0,1,0,2012-10-27 18:18:31,196,63,1.8176,259,8,6,2,1488,88,30849.3232,2862,1068.1493,49386
2572,7ca60b464651af3a3ab47b3449594638d8bec83f,0,1,0,2012-10-30 14:38:06,130,2911,1.1984,3041,6,5,4,1137,88,65718.1989,2717,1148.18,47338
2560,b8be661e7367dec9888d84018591905c2717a6a8,0,0,1,2012-10-30 14:42:44,637,9,3.688,646,3,1,1,2222,6,25197.3,3,1150.0561,49554
2544,63a8bfe030ece2497c839bb34148b73e416466f4,0,1,1,2012-10-30 15:11:27,210,26,1.8253,236,7,6,2,1425,89,58839.1598,576,245.0555,58042
2580,99b245d3184c26bd29f4e17120a55bdb1a4b2912,0,0,0,2012-10-30 15:22:22,28,451,1.0513,479,3,12,2,1154,84,42534.1689,2825,1060.9626,48823
2568,a850abd16e2d87200e942e9523548f17ba3a6e7b,0,0,0,2012-10-30 15:26:06,5,184,0.0,189,1,1,1,459,0,3167.2062,827,345.1325,1675
2569,3b0aa84ca3d70caeb2d818989ba9145fd836cd04,0,0,0,2012-10-30 17:20:43,1,25,1.5637,26,2,3,1,19,27,50549.7691,515,163.4045,54302
2587,d401d9f1deaad08ff0a76e3795ec4b1c0fa72421,0,0,1,2012-10-31 15:42:36,2236,3268,1.3019,5504,61,3,2,1157,83,57625.9971,199,66.9073,1580
2576,dc37dea745fe89d70819d649c823d9bfcb0d7577,0,1,0,2012-10-31 15:54:47,433,162,6.2709,595,27,9,3,1134,80,19632.5293,2742,1171.2144,55062
2575,25f8b6faebe9e0b9f7ccf3bb18492e9542727612,0,0,0,2012-11-01 09:42:51,127,12,1.5158,139,3,3,2,21,14,15106.9823,593,425.7456,7554
2583,a653dc818aacb1bbe2979a21107725d8ccf8eeeb,0,0,0,2012-11-01 16:58:17,185,256,0.2207,441,21,8,1,1490,86,59957.7958,2862,1087.0833,42688
2570,78d6f64f33c592890051c690ddf5d26b7b2af027,0,0,0,2012-11-02 03:21:50,7,5,0.0555,12,1,1,1,41,6,5041.9675,12,1060.8779,47377
2574,110f69c3b857483162c7e86c7ad63061a13dab7f,0,1,1,2012-11-02 13:13:10,74,342,1.1282,416,4,3,1,597,37,33615.5689,499,165.4821,3478
2584,f0114cfe7ead3ada6aa3525a9be8ea7833d42140,0,0,0,2012-11-02 13:23:53,251,185,4.9439,436,52,13,1,190,23,4266.5626,602,206.5,1805
2585,a412ebd5b863a2b1a8b3bd16f89d3f90d203cdba,0,0,0,2012-11-02 13:35:08,4,1,0.0,5,4,3,1,165,19,1010.9013,600,205.1601,1497
2559,c7399e97e83cf737ead696fda8824de1d3487afb,0,0,0,2012-11-02 13:58:50,251,11,4.9439,262,2,1,1,99,22,84244.0,391,198.7002,1603
2578,3d3d93cef4e1d078eedefc67c5890296bd19567a,0,1,0,2012-11-02 15:44:19,1669,109,0.4067,1778,2,7,7,170,21,30456.0584,97,53.9996,1083
2588,c1d1ab7caa23293b0cd5ebe40a04ad45f81fb2e2,0,1,0,2012-11-02 23:00:42,3,2,3.1713,5,15,1,1,90,19,8069.5779,27,1078.3908,47075
2590,f725ed1390f0a9eb049b0c7c4761073e9a55f124,0,0,0,2012-11-03 00:32:29,8851,20,3.3874,8871,2,12,1,56,14,34217.565,2862,1078.2181,46941
2573,a37c2564f80af99f5652c621d12dfc8c96e4c2f0,0,1,0,2012-11-03 14:51:23,8851,1096,1.6642,9947,3,4,6,544,32,81158.3693,2862,1110.5556,48589
2591,2fb5e2ea11c109bfd687836cf2b22b37b33f6893,0,0,0,2012-11-03 15:30:59,52,38,0.1022,90,2,1,1,491,89,74974.0,2775,1048.6782,44490
2592,015358c178da70046c2cb9cadc4b39b0142de6c4,0,0,0,2012-11-03 18:22:04,4,465,0.0392,469,25,1,1,471,29,9234.639,734,1077.9274,3040
2586,f8e52ea98d10d643e8a8afb38affd9ac95dda6fe,0,1,0,2012-11-03 18:50:10,2088,5888,0.0439,7976,34,10,1,99,8,7846.6159,2803,1073.2633,46887
2593,c51dc91caca823c51a56704f084ce2131ade2eb5,0,0,0,2012-11-03 20:40:36,78,37,4.025,115,3,1,4,477,25,5415.9683,2689,1145.5619,48098
2597,c7e8a631a7a7b2581c86a1ec33820525392f7a33,0,0,0,2012-11-03 20:41:27,7,5,3.7384,12,25,1,4,520,31,85689.0,734,1079.212,3040
2589,a20edf96118f2557e7f64c7847d77cf432bc6eb0,0,0,0,2012-11-03 20:42:40,58,6,2.2725,64,2,3,3,4,13,11743.7698,44,1190.1707,42225
2595,617a4ab6fd1ee76820a95de5fe32a5b283e07c06,0,1,1,2012-11-05 16:17:16,2236,51,0.7914,2287,61,2,2,1109,83,48810.5247,705,292.3611,3842
2594,0aef004896951372b0d9f7a755d0ad906cc810b2,0,1,0,2012-11-05 16:35:05,16,35,0.078,51,1,1,1,443,38,17947.9006,682,293.8093,3423
2600,d909fb4faf7de41b3cf19f19b48f962ab0e6fb32,0,0,0,2012-11-06 12:23:15,16,574,0.0426,590,2,1,4,33,9,44213.6513,231,194.2026,1676
2582,3b425b5911c5d610537f8c18222d0c6f59e1635d,0,1,1,2012-11-06 14:08:54,257,93,0.2304,350,3,2,2,146,9,31191.6494,447,227.1382,5222
2601,f32110c6c3ad53aa18aff02565722af82f68533a,0,1,0,2012-11-07 16:48:23,2605,630,2.5276,3235,25,8,3,1798,93,47648.2831,1,1000.7774,54551
2613,d564a2f02bcbfd850b51e9eea5297b79a4bd369c,0,1,1,2012-11-07 18:32:38,21,181,1.04,202,2,2,2,1236,81,31632.7003,853,342.795,6309
2609,d7ff10d8293529b4f30e462ffd08aae5aff4bc97,0,1,0,2012-11-08 08:18:57,266,224,2.6347,490,1,14,1,1411,0,77370.0937,2862,512.9336,13548
2604,c016b31844668b6031bf8674a01691683b20ef78,0,0,0,2012-11-08 08:42:49,130,7,0.0,137,1,1,1,33,14,37354.0333,815,265.9777,3721
2617,9a89eefe11828bd33e198f447071b06d9852df7d,0,1,0,2012-11-08 10:46:30,238,2099,1.3158,2337,4,3,2,1331,81,17488.9638,560,267.3468,30
2579,e27a9558737f4f0d18104fd57169f681bcfc1703,0,1,0,2012-11-08 13:29:12,124,68,2.7327,192,5,2,1,1356,18,55836.0403,618,247.0559,702
2619,08e289177906b15f28c7a60ddcf6c21f69ad4d45,0,0,0,2012-11-08 14:59:00,43,12,2.5956,55,8,3,2,1543,85,31562.7963,802,362.4477,5534
2603,566e20637d117c2907a4f81197fa59c8a19bc979,0,0,0,2012-11-08 16:19:41,77,324,1.656,401,4,2,3,211,21,20091.9737,53,30.0,51237
2622,5c81f4b928b3a94d317c2e3829a07447ea21ea77,0,1,0,2012-11-08 17:13:10,40,19,0.2208,59,4,3,3,1503,2,19850.2717,2658,1044.0222,47801
2598,e6ee1faff6417084dd24466dc4226d0679b3a6f0,0,0,0,2012-11-08 18:18:20,264,2191,0.0195,2455,4,1,1,49,9,10424.2831,2812,1102.8854,45344
2614,fc5f877fb2c17e3003ba4b31817bd2ac10ee5f6a,0,0,0,2012-11-08 19:17:12,16,1,3.7384,17,1,14,1,70,7,7526.5637,2834,1107.3156,3040
2611,686a17cf444011bd9e95ce73b4ba875cacffe770,0,0,0,2012-11-09 03:40:04,3100,774,0.6842,3874,5,1,1,163,10,43091.2692,281,206.5,80
2616,e0a0eb751f01b3deca3a1d02e77913b222453e3a,0,0,0,2012-11-09 15:52:21,185,19,1.0751,204,4,1,1,148,18,67804.81,2862,1087.0833,48679
2612,880188384f83ef673d5f02099be91e8da07a57b2,0,0,0,2012-11-09 22:29:43,140,105,5.0472,245,68,17,5,1657,14,5563.3001,145,47.6888,1639
2605,dda7aee34f31ebbb039fb57c0b434291b1e72dfb,0,0,0,2012-11-09 22:29:43,6143,1345,0.0794,7488,2,1,1,61,7,4659.3594,2862,87.4892,2631
2606,792bd184f57407d2853cd7233c2732eacc551761,0,0,0,2012-11-09 22:54:59,185,256,3.1854,441,21,8,1,94,14,29829.2759,2862,1087.0833,47690
2596,4549a98b4ef6c293c200cbd8e226aee2e574c2c0,0,1,0,2012-11-10 02:47:27,93,157,1.1391,250,6,5,3,1275,85,26199.198,80,1124.2441,50182
2615,de6260ddcbc5a532a1aa96f648bc44b55dedf6f2,0,0,0,2012-11-10 04:01:08,9,12,3.7384,21,25,1,1,49,9,3555.4973,734,1073.0786,3040
2621,6773383df800b8b5099b09f1fc71518619c0aa1b,0,0,0,2012-11-10 04:33:37,501,15,0.5919,516,5,2,2,24,12,30151.2499,2661,1153.0926,9
2607,edcc7f137f573eb6aa38fe4f5b79c22de7811342,0,1,0,2012-11-10 05:03:51,69,53,2.3326,122,7,6,3,1060,86,22493.8122,2793,1118.9942,56615
2731,39066b722607fa88e75d5bc772bd52f1ec8914a0,0,1,0,2012-11-11 13:54:43,361,2269,1.3513,2630,9,4,5,1205,86,55183.1211,645,269.3623,1199
2620,91187643babfa9d52ba64161cd109765a1a3a3ad,0,0,0,2012-11-12 11:18:48,6,3,0.0355,9,1,9,1,200,15,4534.9058,613,311.2,2610
2629,a05f6766e292769fde3b7536e5586cf324a1cb17,0,0,1,2012-11-12 14:27:16,717,451,0.6238,1168,3,12,2,1211,54,69884.312,1,1116.1082,51409
2602,660016658f033875f4a442b5f9fdd5875f610cb9,0,1,0,2012-11-12 22:14:44,137,15,0.0532,152,1,12,6,223,23,26238.639,2862,1097.5581,45575
2627,6677d075e9cadc073633fd84f810b9fc5174db45,0,1,0,2012-11-13 00:57:31,242,70,0.8321,312,58,4,3,1290,76,53003.6382,362,31.6222,23
2632,de7aed52cf5c4f07839d953d498c6722c08bed92,0,0,0,2012-11-13 04:04:20,81,813,1.0341,894,3,2,2,1088,85,42225.8344,342,19.4864,2407
2608,53943180a4a41ecc5e145d1e08b0ea4a9d849c8c,0,1,0,2012-11-13 07:54:37,23,37,2.0194,60,6,4,3,1315,82,55195.3884,613,311.2,3248
2625,01c9e1050bfbc6fcd884f1e9814d4c03ba328905,0,0,0,2012-11-13 08:04:08,25,324,0.9281,349,2,2,3,270,23,37340.4967,637,254.4056,5162
2628,91a10fa58e0218739e09498c2d90fa858cea85d6,0,1,0,2012-11-13 19:10:50,2,10,0.0313,12,1,1,1,45,22,10225.1576,733,306.0295,2618
2610,901a54a6d6c7b6f7276088e67b45f95dcc7b57f7,0,1,1,2012-11-13 22:18:07,259,199,3.2621,458,13,4,3,1286,87,19530.7133,247,1267.3333,58355
2618,acda52799297ab4676905577e3954df8e7a58ea5,0,0,0,2012-11-13 22:48:18,4,7,0.0951,11,2,1,1,40,19,27979.8758,6,1072.3789,6
2634,9dffa57360d4fc08729bb68046d45dcd535bc342,0,0,0,2012-11-13 23:53:47,16,99,0.8911,115,8,2,2,1162,86,13844.4057,78,13.8584,1291
2630,be559a38b1887ca104baefdcdd98d5f19e886acc,0,0,0,2012-11-14 03:52:25,3100,76,0.4826,3176,3,14,1,1329,28,7.0,281,206.5,80
2633,f1ea0ab8db5d4e1e70f4737b4be4417c19010c08,0,0,0,2012-11-14 05:30:22,611,8,0.1213,619,1,1,1,40,7,27473.1539,308,1267.3333,54302
2623,c4cca2d8bba20a7651b956e1893727391bf5f10a,0,0,0,2012-11-14 11:01:48,461,573,0.9843,1034,3,2,1,344,29,21199.2165,783,333.0778,3711
2642,60027c4ccabaab390dbf4c4bba83ac3a843b3a48,0,1,0,2012-11-15 16:03:29,252,388,1.9185,640,9,9,3,1537,79,39384.82,2654,978.5506,47132
2638,309666b4dddd7e0292d8dfc5661901d9cb9fc549,0,1,1,2012-11-15 16:59:48,11,1572,0.9785,1583,4,1,2,1593,86,65394.4384,120,41.3153,403
2635,8dd1d56b4307302bf0ebd1687df28cb3cdd3f711,0,1,1,2012-11-16 22:35:29,873,114,2.3504,987,11,5,1,1198,2,80729.3658,644,214.7764,543
2637,a8e848241a5eab8947cb521dd631da91deaa1d5d,0,1,0,2012-11-18 15:59:18,220,28,2.7236,248,7,3,2,506,40,50435.6249,191,129.8868,510
2641,fab61e309fd4ddf312f033f3458a9aa067279090,0,1,0,2012-11-19 18:37:09,92,11,0.971,103,3,3,2,1139,83,30506.4393,276,1267.3333,653
2639,edf63d8a5110aaaa1efa708343d1dce071d031cd,0,0,0,2012-11-19 20:25:41,18,9,0.7017,27,2,15,1,46,6,58264.9246,565,175.7828,2613
2626,553b9e86d0da87738cbce9c39a5a8de8f5ed12d2,0,0,0,2012-11-20 18:19:46,19,234,4.7732,253,46,15,1,494,36,5891.8663,115,17.2878,440
2644,b4f2f2014e088b293fc7305f9c3e6409ee428495,0,1,1,2012-11-21 08:13:07,233,108,2.0027,341,10,4,2,1061,89,69265.2431,570,239.6389,6356
2624,e39bf7a3df66a0062716632e6a3cd28ae1a633cb,0,1,0,2012-11-21 11:38:00,551,9,4.4619,560,2,1,1,100,17,61600.5933,784,264.3235,3605
2646,a32eb9f7d2f2868e8154d178e96e045859e1d855,0,1,1,2012-11-21 13:03:32,203,105,0.0,308,17,8,3,1506,1,27260.0588,580,391.9605,7695
2645,cc166a525bf278b6d6c89de7774ee36a526baa05,0,1,0,2012-11-21 21:00:49,8851,70,0.0419,8921,40,12,1,188,19,14348.9298,2862,1093.6173,46703
2652,8c24d019fced1bb6039310c192208721462d280a,0,1,1,2012-11-21 23:05:51,2605,15,2.0486,2620,11,5,2,1921,90,46886.9218,260,99.2947,60700
2649,d0292ef45ad215e3980fc92fe0ef1e9cf5604fa8,0,0,0,2012-11-23 09:01:39,12,2,0.444,14,2,2,1,1161,85,61537.0782,714,297.4898,3438
2650,6fb751240013799a13890282e1af1f7dc85d9e8d,0,1,0,2012-11-23 09:04:56,996,26,0.9193,1022,3,3,2,1030,88,28195.8732,803,268.3738,503
2631,27db966539f6912e38b100a1c7c62b2ab93df8b7,0,0,0,2012-11-23 21:50:38,2423,868,0.1269,3291,22,6,1,42,16,18802.5243,549,177.5282,265
2647,3a097ccff5420cdb3aa853e3cbc272b2187ebd8a,0,1,1,2012-11-26 09:21:55,4,1,0.606,5,2,2,2,1123,85,43547.2586,712,298.2166,3415
2651,f5a4a1dfc5f708141209a4e15d51f82da3217a42,0,0,1,2012-11-26 18:20:12,35,1315,0.7264,1350,36,8,2,1094,82,25137.5189,734,304.349,2886
2654,b44abadafb5e54e579c2e726036ca07c8f74b3f4,0,0,1,2012-11-26 18:22:01,26,6,1.0116,32,1,2,2,1252,86,3776.2042,734,308.7468,3142
2643,763305b49e98756c3b85cad02cf68c36f5059994,0,0,0,2012-11-26 18:38:49,1,5,0.0492,6,2,1,1,75,15,85337.0,806,335.0932,1761
2648,24cf1d1256dd837cfb9b310195c83f9bb1aa697a,0,0,0,2012-11-27 08:17:08,48,42,2.7308,90,11,6,3,532,37,34396.1342,184,83.9888,60576
2640,e3f48f2e341fe7425401c42d45bec1e23bd4eae5,0,0,0,2012-11-27 08:35:52,9,18,2.5945,27,9,6,3,386,29,81536.0,38,50.7569,409
2659,37067495cfa818b9adeea0c6a08898dbec088c80,0,0,0,2012-11-27 15:01:32,92,513,0.6704,605,4,3,2,1305,82,14432.2973,2862,1108.8686,49945
2663,5a3eb1a6c3e61bd217e23e5d1e7c27f03fab4f08,0,1,0,2012-11-27 17:04:22,1582,421,4.5784,2003,46,13,8,1942,79,36033.7576,50,1267.3333,7996
2636,e4d5d3393767efa2777122254ff2b8c7d7f8ceab,0,1,0,2012-11-29 12:41:57,119,118,3.1878,237,15,11,4,1136,57,30061.2869,2862,1046.9185,54125
2670,40d2ad14b9282ac8056e2a0e05ab8b51c78442ed,0,0,0,2012-11-30 20:23:55,22,535,2.5579,557,15,11,4,1248,78,36208.2082,3,1208.8801,21
2677,6a5c9ed87995059e8cb824608fd5907432fa7ab4,0,1,0,2012-12-01 00:42:18,1108,5663,2.5179,6771,21,17,8,2205,81,36594.3,5,946.2783,52568
2658,25bf3bf04e9a43006114be520c99a953ac90bb3f,0,0,0,2012-12-01 11:50:54,25,37,3.1854,62,21,8,1,65,7,15857.3009,2862,1087.0833,4239
2662,7abc634d520dc926de3559e234ba38857a51cc26,0,0,0,2012-12-01 11:50:54,21,24,4.4362,45,47,15,1,1356,5,22349.1584,2824,1072.503,46227
2666,f07effb1c3f22d29f1fc10492d4658fd944c0ea1,0,0,0,2012-12-01 12:13:06,10,50,0.0,60,4,1,2,1533,11,86281.0,2638,1010.7044,4030
2671,ae9faf080d215cb52a5ae6047d155cf38bc9b65e,0,0,0,2012-12-01 12:13:06,14,7,4.7732,21,2,1,1,50,7,3877.2148,44,1060.2224,423
2661,b475602be82230ad3d20da8d0b56b99f47b9d192,0,0,0,2012-12-01 19:38:59,205,20,3.6039,225,15,13,5,280,19,42855.1276,2554,973.6741,6376
2660,85d9ce1ba079f12c1a42a9d402ea3e8f038e262e,0,0,0,2012-12-01 19:38:59,2186,98,1.4651,2284,15,13,5,177,89,32055.6786,3,1026.0957,4549
2657,91f36f6dcadcc7260265028e912aeaa6e6129a8e,0,0,0,2012-12-03 21:40:26,111,131,1.9219,242,4,1,1,1963,5,408.0,743,273.6844,3476
2668,2e271233ffeaef9881fdc38704051d4879879021,0,0,0,2012-12-04 20:37:23,264,33,2.0,297,1,1,1,41,11,62117.9334,16,1098.2236,18
2673,0d699016734014761a214261a7fdebb600a499ea,0,0,0,2012-12-04 20:49:02,607,9,3.7384,616,1,1,1,6,9,85689.0,734,1100.9156,45595
2687,8a96ec702168430eea7400d41fc476b93c7e7404,0,0,0,2012-12-05 03:44:55,633,37,2.1444,670,5,4,3,1358,85,51374.6336,2862,1076.4715,50866
2679,21581315760d8d6764da120dd07dd9d4cf53093e,0,0,0,2012-12-05 05:13:50,2236,81,0.914,2317,4,20,2,1259,83,25240.1277,2805,1111.7353,48947
2685,ba8dfe300c6e52766ad7f98afdd6e2ff8e67b79b,0,1,1,2012-12-05 08:01:32,19,48,0.5294,67,3,3,2,1212,80,48087.4271,613,311.2,2938
2667,5a90123eb5b275e35eb0e5777bae383c41d03b24,0,0,0,2012-12-05 19:16:34,344,214,4.4362,558,47,15,1,47,7,25761.801,2862,1267.3333,1147
2680,54ab2d2cf5022d23a1682e82b71480e61eb89e83,0,0,0,2012-12-05 19:16:34,35,159,2.4329,194,12,9,3,2729,7,26256.3712,52,6.4231,24
2675,d6d4151ee24791aa35a983de1c39cc4f895d6a55,0,1,0,2012-12-05 19:18:00,0,22,0.3751,22,6,7,2,602,44,37584.4027,391,198.9169,1433
2664,c533b888510c1e6f78b9f3100e259a7b784bddbb,0,0,0,2012-12-05 19:29:04,72,68,2.9434,140,18,1,2,2977,37,69206.9084,53,1149.0368,51229
2686,6e61c4cddd51e1a1bae33239e50dc603f3b12010,0,0,0,2012-12-05 19:29:04,28,77,0.0793,105,12,2,2,150,27,67550.6168,2,1117.6787,49812
2672,7ec4f5a6e5256b135c8fbf7df2eb110a133c159a,0,0,0,2012-12-05 20:26:13,127,66,0.8076,193,2,2,1,23,13,33215.3758,400,295.5072,4075
2682,2f3b5bfb2da968b408062d56b9d41ab420b95ba2,0,1,0,2012-12-05 20:26:13,2092,36,3.3458,2128,12,10,1,708,35,1466.1821,924,130.421,7067
2683,a41b7806a627e5253cead31ae30300f862a331da,0,0,0,2012-12-05 20:49:15,111,18,1.9219,129,4,4,3,172,16,1411.6953,680,171.8663,2909
2688,94e37b4e411f043f9950fe3d7e4f6bffe3bf7e85,0,0,0,2012-12-06 00:45:29,264,30,2.0,294,4,1,1,3,9,51347.1233,576,207.2065,46227
2689,989dd44c078bcfd4a1fbe825b104e3b9bce1435c,0,0,0,2012-12-06 03:26:15,47,272,5.4734,319,7,1,2,412,34,32943.714,783,151.0889,58042
2681,7322f8238bb53efbac2a078585c4582cb1fc5e4a,0,1,1,2012-12-06 14:24:30,6,17,1.0101,23,10,3,1,603,41,65581.6061,520,157.4422,58332
2698,8d55474febf31980f2eb158ae0ff9717b0761f1e,0,1,1,2012-12-06 22:12:31,13,23,0.197,36,2,7,2,1210,85,16148.9583,2,1069.6547,50500
2691,1ac90589ead4b95a922d783ead75412dd46c0f28,0,0,0,2012-12-07 17:23:44,769,27,0.276,796,13,7,1,285,22,79151.0,411,1087.0833,6105
2674,248d6266e67bae97a0a6f27776645768704df201,0,0,0,2012-12-07 17:50:49,2598,80,0.1644,2678,30,18,6,2696,4,64796.0622,613,15.472,67
2684,b49ca58b2a7fb272e21dd2acd00996483a36ddcc,0,0,0,2012-12-07 17:50:49,130,5,0.0,135,1,1,1,586,10,61102.2467,2862,53.1769,46227
2700,f91001a085886a75f62c7eef019fd32bdc4c9fe1,0,1,1,2012-12-07 19:47:52,71,7,1.0661,78,4,4,3,1127,82,32806.4253,2862,40.5965,1461
2665,442a7b3a60c5cc765221cc6f07add3546a8e9c3d,0,0,0,2012-12-07 21:31:25,171,60,0.2986,231,7,2,1,645,27,50366.4423,756,272.1739,56576
2695,5e4629793b41674bc4056e87e00eaa6bf30133fa,0,0,0,2012-12-07 23:23:40,17,9,0.5243,26,3,13,1,448,39,4719.8661,391,198.4623,1716
2701,5b511b62136d3bcb230a282fa433a122d061ee22,0,0,0,2012-12-08 15:18:10,6,21,1.0381,27,3,3,2,1230,83,66802.5004,2,1073.8356,50885
2704,bddfa9e120bdafc204bde97bb51de1f86bf9695b,0,1,0,2012-12-08 15:18:22,867,125,3.9429,992,1,1,1,1884,78,56152.4205,554,1267.3333,9538
2693,62b9037d1a2baa859b8bef27a4329f60a3bf356b,0,0,0,2012-12-08 16:39:35,1513,308,1.3799,1821,4,3,1,2341,89,70542.5,445,63.4902,6445
2699,dbbca5e296d969550caca3519125dfe9f3f9a657,0,1,0,2012-12-08 17:44:20,1466,159,0.1731,1625,12,2,1,325,89,77158.0,2,9.0065,6
2702,6b8a0d9f15fa4147100f9218056fda8ba7ffabe9,0,0,0,2012-12-10 14:59:43,8,8,3.7384,16,1,1,1,144,21,65838.4012,734,1078.1825,3040
2694,dd5a4bf0e9d8a511d8c2e2c16913abf8f2b1990d,0,0,0,2012-12-10 19:36:20,75,3268,4.9443,3343,61,2,6,1176,85,61580.6183,80,1060.0236,51528
2707,9b61606a5d450df15261cc2f04c006323ae2881e,0,0,0,2012-12-10 19:36:20,1278,37,0.1586,1315,8,2,2,996,80,66191.5281,2682,1166.927,46314
2703,b241bcd08da55d03d54095acdc3246a59884f7fc,0,0,0,2012-12-10 19:48:26,111,19,0.0245,130,1,4,1,24,8,748.5641,644,214.9278,1153
2705,dfe3ef9a3b7a9c81585e1a6c22f74d4026155b28,0,0,0,2012-12-11 17:21:59,6,41,2.0,47,4,1,1,91,10,12574.5634,16,1115.7907,18
2697,1bb78b0c45f410588189932ae968791f659deb59,0,0,0,2012-12-13 01:32:41,1205,948,0.2624,2153,3,8,4,233,26,32336.9585,432,74.1216,3495
2709,158376963b10f2cba75d76f9d0f4f330dfeb53e7,0,1,1,2012-12-13 16:19:12,54,55,2.2595,109,36,6,3,1210,12,57427.3581,2662,1035.0049,53239
2669,3e27a320b41179e9b14c006271827fb79ca5c229,0,0,1,2012-12-13 16:52:01,2,11,0.3198,13,2,12,2,1138,83,26885.6066,2789,1055.8227,48932
2710,4885bfccf1841def0c86b46302133cf2924d7acd,0,0,1,2012-12-14 15:52:29,1207,1315,0.6407,2522,36,8,2,1122,83,19532.8239,734,304.0857,3008
2712,9b217e4676187cd6b4f05b6724c199dd15e03f73,0,1,1,2012-12-17 10:29:15,250,2803,1.0194,3053,8,4,2,1960,9,34657.0614,918,382.3259,366
2708,3e70d3ac41af9167a7e883c3989a1e69703437eb,0,0,0,2012-12-17 16:30:23,2,6,0.6793,8,2,2,2,1462,84,55466.6631,2862,1087.0833,49054
2721,d67816bee5271a4f65116561950bbd2b6fcf51a4,0,1,1,2012-12-18 20:32:07,2605,81,0.7358,2686,56,4,2,1339,89,5850.2742,2762,1043.1221,53875
2715,82db56699c63ed95a5c07fda59409aabcb82addf,0,0,0,2012-12-18 21:08:33,28,526,2.2161,554,1,3,2,15,4,5.0,2668,1167.304,42965
2678,e792187bce376756284f784ef6c66e8d4331cef1,0,0,0,2012-12-19 02:47:36,78,1096,0.0412,1174,40,12,6,36,5,23820.5055,2862,1093.9308,45560
2711,de2495c2c9bf8d8387d241df2962ae52f092b145,0,1,1,2012-12-19 20:55:53,106,43,0.0575,149,3,3,2,1327,83,23524.699,2826,1057.3067,49266
2713,45310c068fcc8868e3d4bdb877b2b62ec1bfdb98,0,0,0,2012-12-19 21:06:11,987,1572,0.3572,2559,5,21,5,2552,12,71934.5355,104,56.5,2352
2722,986893e424677964e7e44baeffdb3ae0f2a914da,0,0,1,2012-12-20 15:11:03,69,1315,0.5931,1384,3,8,2,1103,86,28939.1105,734,303.5839,3007
2706,6018709abf41c112b7d28d17fcc46672e787b23f,0,0,0,2012-12-24 02:16:17,3,256,0.8331,259,3,2,1,145,18,21697.3239,2862,1087.0833,44817
2719,38757c4b2782bbfc837faee00199d373b645cb76,0,0,0,2012-12-26 03:23:38,2236,3268,1.2547,5504,4,20,2,1171,83,6401.6317,2862,139.3175,60820
2724,e19cdaa1f1c7eee106417ea8fa80058157db8720,0,0,0,2012-12-27 14:32:38,72,3268,0.2985,3340,61,20,6,1157,85,60624.4597,2820,1070.2306,48836
2714,26a9ab1f07a4ed20fb9e02fcb757793754a3d150,0,1,0,2012-12-27 15:42:53,7,3,0.3311,10,8,2,1,101,15,34684.7628,2761,1053.2846,47143
2718,ac9f4786e4d7b3b1a414838eec465f8553bf43b2,0,1,0,2012-12-28 02:45:21,155,6,0.0,161,19,5,2,550,44,46427.8679,38,45.4503,421
2736,1772b1c2ecea1f2a167aef2c572d5543cd3ea4a0,0,1,1,2012-12-28 15:29:19,717,14,0.7573,731,2,2,2,1203,84,33883.1006,281,14.8245,879
2716,1d96e32b871efaa484246f2a4b6b195648302688,0,0,0,2012-12-28 17:02:10,17,13,0.0722,30,7,3,1,76,11,4643.1157,2793,1047.1233,45140
2726,119c726f490bcc94b4dcbcbe9d8f8f9cc1464edc,0,1,0,2013-01-02 13:06:49,115,87,1.695,202,3,2,2,1096,87,47989.8489,842,377.4934,942
2730,f6a8cc53fdad0e5ff620c1f97848a07bcce97880,0,0,0,2013-01-03 04:42:35,264,2191,2.0,2455,4,1,1,480,32,22037.8541,529,127.2669,46227
2720,a56906ada6e4f075a83776df40a03620efbcba53,0,0,0,2013-01-03 04:47:28,27,71,0.7422,98,4,15,1,1261,85,20935.1216,374,172.258,1589
2725,c2812f38a4eea8124786e3753c4e45a7e07a9fd1,0,0,0,2013-01-03 04:52:38,0,163,0.0447,163,2,27,1,97,11,26262.7796,449,156.8331,1863
2740,2575275a04938e361a874ba685e50ac0e88df246,0,1,0,2013-01-04 12:21:11,403,315,1.8866,718,7,6,3,1711,81,43728.9823,1080,242.7422,9352
2728,49cb6901b269ff3ea2b5e388aec2c8fcb9879194,0,0,0,2013-01-04 12:39:28,264,2191,0.0689,2455,1,1,1,99,24,50554.3536,530,189.4412,46227
2733,e1206f3b8793b4dfa5b34815c4bf921da35e218a,0,1,1,2013-01-04 13:38:43,83,80,0.0782,163,5,4,1,7,9,79799.871,509,188.7293,2302
2739,3034eeecbfd2680556378fec64b73d190908c01b,0,1,0,2013-01-04 16:38:45,13,5,0.4473,18,2,1,2,1190,83,59915.0466,599,234.7218,2139
2732,3d787b78c155773edcf29af8290ef1bea62a4206,0,1,1,2013-01-07 10:11:45,2186,185,3.0953,2371,16,6,4,1257,80,54412.9386,991,472.0351,8878
2743,0d6131c400cc296796f132f802f4156408e84ace,0,1,1,2013-01-07 16:22:49,9,8,0.414,17,2,1,1,1218,85,38863.0955,685,323.6614,3941
2738,55f936f1da13dc732da52735f1d1becc18546b0b,0,1,1,2013-01-07 22:46:06,86,3268,0.3513,3354,61,2,6,1179,85,39876.6094,2798,1017.6273,50814
2735,4460e2865dabb1d11950c04b5a4c9b79a12301e1,0,0,0,2013-01-07 23:58:31,602,144,2.1066,746,6,5,2,2558,27,40750.6174,78,13.0,339
2749,0906b7cc5173770e04932432d40503f7c39eb61f,0,1,0,2013-01-08 17:20:25,153,813,1.6027,966,6,3,2,1554,87,44571.4665,80,18.7823,54302
2742,dc94f3730f50005524edf946772e00bdb7c80327,0,1,0,2013-01-09 10:17:37,3,3,1.7846,6,6,3,2,1416,81,75705.4333,633,302.0593,1005
2746,0d2410e78ae9ca03b102c562a8412507cdd35408,0,0,0,2013-01-09 22:41:31,198,15,2.2313,213,5,1,2,59,9,84582.0,2720,1174.9589,50931
2734,ccdb632d4005165efdc65dfa3aa0a1799ae0a87b,0,1,1,2013-01-10 18:50:32,607,6,3.7384,613,1,14,1,57,10,73166.679,2844,1059.6017,3040
2745,4c25eef0d7aca92144c8570f3d2e8cee5ebf9ddf,0,1,1,2013-01-10 23:53:00,42,10,0.5124,52,2,2,2,1242,82,54980.0088,247,122.9416,1378
2755,3cc8656f8fbb67c7e665fe27642076ae0109c2b5,0,1,1,2013-01-11 18:32:59,39,24,1.1011,63,3,3,2,1547,86,27171.4677,154,64.2842,895
2723,5262098a0b7770e5b105d03b539a8c65a03c9fbf,0,0,0,2013-01-11 23:44:03,144,2,0.0,146,4,1,2,1533,2,15411.8832,2831,1068.6218,46944
2741,374524b5b3932e73cd78054d9c57ad9f6828ffe3,0,0,0,2013-01-11 23:45:01,82,23,0.9877,105,2,1,6,41,22,43453.6287,2862,1057.359,46711
2764,713bba5af085273650b8202b4a7c225b5a094b5f,0,1,0,2013-01-14 12:26:22,217,129,0.7604,346,86,46,3,1358,85,46621.4282,828,192.2597,2142
2729,7de6f9666b0b6dd18f8496f549a61279d7ba58ec,0,0,0,2013-01-14 13:39:33,47,93,2.8914,140,2,1,2,54,9,76906.6023,613,234.1856,305
2744,4ff5b0ff22e5b00039691fe3a5348cf3a2168870,0,0,0,2013-01-14 14:16:55,198,196,0.2018,394,1,4,2,9,10,84582.0,437,103.0528,54302
2756,fc0f2472d874db1cdbf8f49da61fa70b08da17f8,0,0,0,2013-01-14 22:29:09,62,8,0.2423,70,8,1,1,433,28,19526.3096,24,1017.6906,47421
2750,e90dcd51d010fbe4fa2e2de6b91a7b93cb3ac9ec,0,1,0,2013-01-15 04:57:25,35,41,1.8934,76,6,3,1,6,5,69934.7972,2862,120.0328,54302
2761,ec35427fdfbc46a8adeafc042651f552b9bcc1a0,0,1,1,2013-01-15 15:24:54,996,44,1.4335,1040,3,1,2,1610,2,20753.3072,621,269.2656,6075
2751,dcddfaf5e16479b735235bb4a29ce8742cea56ba,0,0,0,2013-01-15 15:48:53,21,11,0.1874,32,3,15,1,38,6,77084.0379,668,306.4889,46227
2752,993945833ce3d7edf2fdc694d3907cace8f5f149,0,1,0,2013-01-15 18:15:27,121,36,1.6435,157,6,3,3,18,5,44491.6298,2862,122.499,54302
2762,83c014777a8d4597ca9b6cfc0f3dd9c77bd39d50,0,0,0,2013-01-15 19:05:19,102,324,3.1147,426,13,7,3,223,35,79151.0,53,917.775,58042
2747,1108ede0ff459d62add74487aa949139ed11d3ab,0,1,0,2013-01-16 00:41:54,3046,167,1.1479,3213,14,3,2,1141,81,12211.9147,518,313.0487,4129
2759,994d2625b1eb40ded5da310f3080ce1a2d5d2ba3,0,0,0,2013-01-16 04:43:35,264,65,2.0,329,4,1,1,305,32,35717.3902,16,1096.8107,43954
2777,526711288c30a6824a8e29805af7a2b1d72b9129,0,1,0,2013-01-16 17:43:20,951,0,2.7831,951,24,2,4,1713,89,38055.1177,238,519.4391,60700
2758,2354d62e3709ac4d73eb7bcf11504f9d93f9ff0d,0,1,1,2013-01-16 18:28:15,5,2,0.0,7,4,1,1,15,4,63315.4782,597,237.052,1219
2768,2dc444851afe8e76d648f6d54031fa80bdb03437,0,0,0,2013-01-16 18:46:53,13,16,0.0722,29,2,1,1,285,17,43420.797,1,1140.4564,42710
2769,1cc0f1f30d7404f13aa02c2715f028e6e1c47c61,0,0,0,2013-01-16 18:46:53,138,16,2.6151,154,2,1,1,141,16,46105.3765,38,992.6348,47839
2753,551da4cfa5448d076edc529596c73f9180a60c6d,0,1,1,2013-01-16 20:44:38,34,19,0.9529,53,3,1,1,2331,4,37173.6611,231,221.3834,1675
2763,afed8ccddf2f5f32eebfa04a697da15fd3e07d2d,0,0,0,2013-01-17 11:12:19,18,12,4.4619,30,2,8,1,150,23,63046.0489,651,357.0531,899
2779,8be7e5c0eb6b0df2e28c5a1038ef0da0f7e0902e,0,1,1,2013-01-18 12:56:32,230,119,3.3362,349,11,8,5,1138,0,59776.7063,734,338.0578,305
2770,19972bdd91d6f8117eb8baa957b547000e995de3,0,0,0,2013-01-18 14:19:04,484,231,3.9241,715,25,8,1,323,26,6444.6117,734,330.3333,2757
2781,056f38cc185702c865eb1d4a2f1ed1599300e1d3,0,0,0,2013-01-18 16:03:23,7,27,1.2466,34,3,2,3,1209,79,24224.3017,645,396.9523,6217
2760,e6b6eaa583e8fc15f03c3e27664bf7fc06b3af0a,0,1,1,2013-01-18 16:19:00,8,7,0.8819,15,2,4,2,510,34,63063.5523,715,184.9873,37
2772,43c9e8156a5b9ae3fd5fce07f885365538d6ca50,0,1,1,2013-01-18 17:49:47,558,8,1.0691,566,32,2,1,455,40,7005.8967,613,238.3712,1743
2774,9dcec00dbbe19b4f8090eb023bb754021d228a19,0,0,0,2013-01-18 18:29:57,1,28,0.0,29,1,1,1,7,6,15164.9228,773,322.5021,46227
2754,a71e526e3d1f69e46f25f3822341e631690b40a2,0,1,0,2013-01-18 18:57:14,13,8,0.0082,21,1,1,1,11,5,2191.7626,95,62.8419,533
2776,a7da0295d575124032c2f2a0a96ce45ebe2d5df6,0,0,0,2013-01-18 20:56:24,59,10,1.004,69,1,2,2,1151,83,53764.0785,2807,1078.4998,48744
2773,85443ec5c160e1778cc49edb791f48ad3fa5b535,0,0,0,2013-01-21 16:04:39,18,51,0.5067,69,3,3,2,348,35,29959.4521,863,294.8887,4210
2737,59e3f3b9e4acb3f9f82f021ac7568b9db5654802,0,0,0,2013-01-22 22:31:55,3100,100,3.9267,3200,4,14,1,1329,14,22133.2658,281,150.4576,80
2766,fc1daa3a7fb7328c70b3f07e3234f129ddfa56af,0,0,0,2013-01-23 06:41:00,344,6,4.4362,350,3,15,1,93,14,45854.9254,22,85.5041,1890
2775,09634692718a92fbc435c30012c22a709667c343,0,0,0,2013-01-23 06:44:35,19,99,0.117,118,4,3,3,129,7,235.4838,2862,102.9778,4468
2778,11d1414628c18d07f7449af0aa9374406077b9a8,0,0,0,2013-01-23 07:38:14,996,977,1.35,1973,3,3,3,125,24,18942.3101,164,79.4425,1731
2765,db8705294ba96fe2b746fea4f26a919538653ebd,0,1,0,2013-01-23 07:44:43,180,99,0.8669,279,2,1,3,2297,9,360.2426,227,1267.3333,2448
2782,360d1a2224c8e3614cd665393e0241dc0ba06a58,0,1,1,2013-01-24 16:53:09,163,46,2.5784,209,12,5,1,1594,0,45498.6499,734,225.75,2805
2767,d49bae6c9bb108a9350866a3759f92807c88e43a,0,1,0,2013-01-24 17:39:49,614,5,1.1028,619,8,2,2,2177,9,70914.8202,632,388.1124,5153
2786,cc66c73ba60ec3f062e3fd699b76e352f8b10f6d,0,1,0,2013-01-24 19:42:37,16,13,0.6716,29,6,5,2,1570,89,36416.5929,2,1.0,54954
2784,cc8d1602329c1ea1e63d57d58a1aca890f15454b,0,0,0,2013-01-24 23:45:52,264,33,0.023,297,4,1,1,4,12,1979.0061,342,151.2166,1186
2771,7752f018b1cf4bbc03db77e251cd6272356087a9,0,1,0,2013-01-25 16:36:58,717,451,0.838,1168,2,2,2,1201,54,30104.8685,159,62.5654,273
2785,73d828e4e8023b9f7ca8fafd12becec34eb59211,0,1,1,2013-01-26 05:49:25,5551,171,1.818,5722,7,3,2,1121,81,34937.5622,13,125.4605,2971
2791,c25a6a14c8d0592c9e842d42d1362042e7109599,0,1,0,2013-01-29 05:55:57,642,506,2.8223,1148,23,10,2,1326,37,33323.7908,212,10.8567,4887
2780,a67f77922a5aba36540abd4526adf4ded1d6e8c7,0,1,1,2013-01-31 10:40:28,841,3835,5.2027,4676,45,10,3,629,55,52821.4309,895,387.294,62439
2787,d4ce7bee1c773378518634527283318c5181e8dc,0,0,0,2013-01-31 11:40:53,1,3,4.4362,4,47,1,1,28,5,12276.2707,786,322.0539,988
2802,22f515b3760279046f051c083c8c2fe66bb80d56,0,1,0,2013-01-31 21:08:41,451,197,2.8558,648,48,2,1,1944,74,2216.1538,1008,60.8927,7902
2788,aa90c88be14b337714739cd857c12cad2a9fedeb,0,1,0,2013-01-31 22:01:32,218,86,2.2442,304,9,7,3,1900,85,36995.2059,2731,1178.0443,6
2800,0467c19d9df454e40710cf8fa0ac9703360b4528,0,0,0,2013-01-31 23:41:10,614,99,0.0863,713,8,2,3,302,30,10365.9079,531,278.7123,3926
2790,0d4923f246d5f6450d2908b59b4b7e70f9ebbfbe,0,0,0,2013-02-01 11:59:19,12,902,2.2448,914,7,4,3,1427,84,48540.268,658,211.2545,911
2796,082ea28cd7286e9882e60913444b322ea691fc3d,0,1,1,2013-02-01 19:30:31,264,84,0.8206,348,2,1,1,629,6,37222.7096,199,4.5233,46227
2798,ddab67d37bb9ebd8ca3a14180cea78e8a45c381a,0,0,0,2013-02-01 20:25:58,101,70,2.165,171,11,1,1,11,3,83912.0,2862,1267.3333,3025
2792,6bddbb2dd242cacd50cf1b98643385c7b22c1939,0,1,1,2013-02-01 20:30:58,54,28,1.1086,82,5,3,5,1416,93,15091.3894,86,31.7138,1576
2803,29915e845b96c7c10bfd861ea62fd457b97aceb1,0,1,1,2013-02-03 14:15:25,1507,428,2.0745,1935,7,5,2,1579,88,19928.6913,433,47.9697,62439
2789,60acf0d792cb761da06bf1fc91d9f2b57fcc065c,0,1,0,2013-02-03 22:49:20,108,114,1.2275,222,10,4,2,447,29,65820.3512,613,54.3857,515
2783,2dd226875282ada1e99e3e0d0bb384da26488185,0,0,0,2013-02-04 09:49:26,236,29,2.7794,265,3,46,1,74,6,76444.0,812,352.0282,1918
2801,1c79426ab86a1d26e7214d8d86b8eb24d67c0ab0,0,1,0,2013-02-05 14:40:45,38,29,1.6218,67,4,3,2,1308,86,54842.7616,9,1084.9346,51101
2806,baca0bc7fe4b13bf8970f974c15d83701e02c048,0,1,1,2013-02-05 14:44:32,75,27,2.062,102,6,4,2,1259,87,32300.627,2,1029.6846,51454
2793,7a90c7466fc3a4c372eb1d864bdb8229fdba6391,0,1,1,2013-02-05 23:39:40,30,813,0.6259,843,3,3,2,1173,83,43208.8077,217,102.6261,1914
2809,cef8eb07dfb4b81cd4e985bc86c5506602650c93,0,1,0,2013-02-06 14:33:33,170,57,1.1439,227,5,4,2,1511,0,58103.5776,718,185.3241,54302
2807,22d8e8448a5db16a2c550664773780748e801bf7,0,0,0,2013-02-06 22:31:24,8851,1096,3.3874,9947,40,12,1,123,91,86094.0,2862,1007.9374,61371
2804,27ccc433f36f99ce42f3dd2463d2248f398fb19e,0,0,0,2013-02-07 17:40:24,10,84,0.3522,94,2,1,1,1236,83,23993.5537,795,361.2397,3646
2813,5632a56c469ca49d43842a399de687e47f9be1db,0,1,1,2013-02-08 17:48:42,78,3268,0.8698,3346,61,20,2,1214,82,36597.1692,683,310.3918,4561
2821,c3f9ee7d918fef6542f82c35c41edf0918f0fc60,0,1,0,2013-02-11 05:58:42,465,75,1.9336,540,12,6,6,1368,1,64553.2461,2862,1052.6,57373
2808,aa7c7d9cd74a8626cfac95c01a9f6ff9801bf45f,0,0,0,2013-02-11 05:58:42,561,3268,1.338,3829,12,4,2,1266,83,61087.8268,2659,1137.1867,54736
2815,440987ed5dbdc5511f470a542a6fcad0a734ce94,0,0,0,2013-02-11 06:00:26,741,21,4.6086,762,67,25,6,280,24,29861.5281,2862,1052.6,60576
2805,ce8b379c2ad1c7cb1b8c67620b9ead1a17d28adc,0,1,0,2013-02-11 23:41:48,252,1345,2.0695,1597,4,3,4,60,18,24898.5095,123,84.7404,56960
2812,4b1fca7dcbc91c7429b5502614ef0b66c32a2116,0,0,0,2013-02-12 12:59:41,36,384,0.0293,420,2,1,1,2241,1,50429.6775,765,350.6985,2159
2818,d0f7e9e14a80ce29510672dd21cd04156b073514,0,1,0,2013-02-12 18:14:43,136,139,2.2394,275,9,7,4,1824,79,42592.1377,533,1087.0833,58042
2814,e531be77a417e45d5a4f8fe7149b489d4e6cf3b1,0,0,0,2013-02-13 10:54:59,130,184,0.0,314,1,1,1,4,11,75426.5242,602,293.1588,46227
2794,265964064bd5012b871101e884d7e2032a44e32a,0,1,0,2013-02-13 22:19:04,72,115,1.8383,187,18,9,4,2141,2,19058.6979,613,140.4775,1446
2820,ee0be0624b0ee1b2151b9be92a5d4e6334801cde,0,1,1,2013-02-14 19:43:01,338,1498,0.3975,1836,6,5,3,1059,78,50018.6109,278,5.5346,4951
2823,0b83682b40d3bace7bc0d604db46ddec78f2cd4a,0,1,0,2013-02-14 22:26:10,534,0,0.0,534,20,8,7,1236,2,19200.7819,2862,229.1809,7771
2810,0d30c8ceaef95e05979a0271b8b11baac4ee5502,0,0,0,2013-02-15 05:22:54,3100,63,3.9267,3163,4,14,1,139,53,84801.0,381,181.4664,1719
2825,86063aa2087b5b0bb9eff6458b528f74a39eaf02,0,0,0,2013-02-15 22:06:53,996,92,0.6037,1088,3,8,4,1557,85,48991.2888,866,379.6307,5682
2822,068b53dd5de928fd80815b54963af796f51f1c38,0,0,0,2013-02-15 23:21:35,68,28,0.3298,96,14,8,1,2008,17,9066.9223,734,325.8445,3316
2816,aef01d1627a4ed303da76f751c7c8c98418e6d45,0,0,0,2013-02-16 04:35:30,59,8,2.6151,67,1,5,3,120,29,56325.7171,493,216.5748,3195
2824,0e284787294221982d21c17b27c0a4e1ae0971e7,0,0,0,2013-02-18 14:46:15,589,756,3.0808,1345,3,9,4,1986,87,35102.6839,6,1205.6514,33
2833,5bd57cbbbf0d98c1c0d8321b95618d2a6fa0d0c9,0,0,0,2013-02-18 15:22:50,112,684,1.3481,796,14,9,2,1660,93,520.0856,1,960.3912,57447
2836,278a5e86001b1fd094da2e0d05ea48e8f7eb9e1f,0,1,0,2013-02-18 15:24:23,19,124,2.8694,143,32,11,3,1915,0,6480.4167,2862,1008.7502,277
2840,686f516ccb887fe977238b53b9be307b56432b8c,0,1,1,2013-02-18 21:31:49,84,84,2.4057,168,10,6,3,1424,81,35200.0304,16,954.7062,55198
2844,d72e9381fa8f992e182b415d6060128b567808be,0,1,0,2013-02-18 21:43:00,845,505,2.984,1350,25,7,4,1867,83,19074.475,2862,1009.1813,277
2819,4cd813632d7e03adae1f8b519be65e0d65b7eaad,0,0,0,2013-02-18 23:01:41,443,55,2.8061,498,5,3,1,2008,1,73921.0096,734,326.0155,258
2832,89e250b8b347876a5c9f74e738e182b66495d61b,0,0,0,2013-02-20 03:44:04,227,774,0.3959,1001,35,2,1,103,13,11847.2339,281,189.1419,1677
2843,03b4c2794c4c0f5e11ec9a24b52b523d8746fbb5,0,1,1,2013-02-20 16:49:41,25,231,0.6162,256,3,2,2,1273,0,11509.1108,734,338.6718,2919
2834,89ab670eb54fe267afa83a56f9d90bb4cd10b9e5,0,1,1,2013-02-20 16:51:20,11,9,0.3672,20,2,2,2,1304,87,86.1614,653,304.8075,4536
2831,1954345297dddd4fde9da5c5850f7fa81f32c481,0,0,0,2013-02-22 01:03:32,1020,336,0.3248,1356,26,2,1,8,9,14517.4333,20,959.6774,12225
2849,00748405bc374ee8f5ade4891a6a1445df072344,0,1,0,2013-02-22 21:43:42,44,147,1.6698,191,6,3,2,1545,84,34545.1763,486,308.6616,6763
2828,3b98e63ddb551fd4f8dfb1025fc3cb0400ed0a2b,0,0,0,2013-02-23 16:24:19,22,2,0.0465,24,18,10,1,95,24,67308.394,585,251.6782,633
2837,6d3002fecb5c84a99b1110d49257021491e10e67,0,0,0,2013-02-27 18:33:16,77,862,3.6231,939,19,10,4,463,35,113.0,20,979.7352,44377
2839,ab23afa521327ce5bf46a078e6bbd0591e00e778,0,0,0,2013-02-27 21:53:22,91,29,1.1329,120,5,4,2,2609,25,43889.3339,247,126.4978,1279
2846,4b2a9c1b07871eb259ed1f0bd6c54c297a384673,0,0,0,2013-02-28 15:33:07,7,7,0.0,14,1,1,1,61,14,61019.521,2781,989.3577,9
2830,273309babc66f563d01965d7f9185fd94873713b,0,0,0,2013-02-28 15:37:49,33,14,4.6086,47,2,25,6,108,11,730.7394,2862,1052.6,46306
2838,a9b075d5fa9d6ee9df1d30a6ee969896b3b99f63,0,0,0,2013-02-28 15:43:52,83,180,3.9574,263,24,6,2,367,34,49566.2693,2663,1136.8868,51767
2855,7c920b0bb88dffca61602c849df777725cc3153c,0,0,1,2013-03-01 13:25:44,23,451,1.0319,474,3,2,2,1173,54,68329.246,814,371.9337,3892
2847,71b2bd15d2957e04eae8cc650a6b48b75deabe58,0,1,1,2013-03-02 02:40:04,6,5,0.0,11,1,3,2,3,5,28734.1874,63,61.705,49967
2829,8261aa0837646c1d50bcb0fcd0809cde84fe63c5,0,0,0,2013-03-02 05:00:58,2,0,0.0,2,1,1,1,29,5,45629.4337,428,158.0351,2457
2841,1a473094c170e24a8c763fb811e5e8c2bc8ed268,0,0,0,2013-03-02 19:31:21,8851,40,0.5735,8891,3,12,1,38,8,72872.8433,2862,1066.9476,47704
2861,1936648a1188b8948048610eb2ccea316a39c647,0,1,0,2013-03-04 10:37:38,271,212,4.05,483,35,9,3,1444,5,45882.5188,2,1146.1613,6
2859,3a3f1d947462c7c5bdefd661f9e5c9738eab5c31,0,1,1,2013-03-04 10:45:16,276,28,0.7208,304,2,2,2,1343,87,21583.7708,2758,1140.7159,46876
2850,ef574569a23d33e18c3d9893a323a891a96215db,0,1,0,2013-03-04 16:58:16,205,100,2.5012,305,10,4,6,1253,82,42605.8953,870,288.5086,60820
2857,6d5e0831a42541a3ce4b1bac32d1285fb1004241,0,1,0,2013-03-04 17:46:51,311,2803,1.1073,3114,5,4,1,1017,80,46903.991,332,1267.3333,6070
2842,ecaa6cd1b74b8caeec03e505f04d676414bb633d,0,0,0,2013-03-05 02:35:28,4152,3835,3.7401,7987,19,4,2,441,26,41353.7623,691,199.8825,62439
2852,d12184d558475e88e34baf528694a3808fbc71d0,0,0,0,2013-03-05 02:41:05,223,3835,3.7993,4058,21,6,2,284,35,70250.8889,754,166.6591,5573
2854,0ce9220a5d638bda3ccd37a81e270ae054a41ff9,0,0,0,2013-03-05 03:16:40,3,3,0.0,6,1,1,1,106,10,26481.8732,5,1060.0658,45849
2868,ccc5971e03ffc72766d7f8c02bfef8c5c08a2e32,0,0,1,2013-03-05 03:20:54,1,813,0.4304,814,12,2,2,1326,83,34846.6275,284,103.6291,688
2863,934339acd660bd986224036104ab9ec5db46f756,0,0,0,2013-03-05 03:53:06,3249,2099,1.8956,5348,4,1,1,2228,19,25673.8972,1,1081.8735,43696
2853,b1abbf2d05d8cdf46c08a7a6e5289c9ade98dd3b,0,0,0,2013-03-05 03:59:01,111,58,0.0842,169,4,4,3,100,13,2371.3198,357,66.6738,4210
2858,2d16e2811f26096ddfbf8d25a6eac17e0c9c9e32,0,1,0,2013-03-05 04:41:46,2606,65,4.2176,2671,2,23,1,122,6,50120.9325,292,89.5933,263
2881,c315745c92dcee3954dad830bf8756307e3c6bf5,0,1,0,2013-03-05 10:41:07,64,91,2.4989,155,17,9,3,1548,82,55607.9464,684,296.4991,1782
2877,06699d47b62d8af8dbb60481ab36e5ed1805e0a0,0,0,0,2013-03-06 08:07:04,408,161,3.1588,569,16,6,4,1308,86,46081.6994,785,320.5394,3884
2865,86e2cc579d4627f45334e401e3dda65f9cf3dbb5,0,0,0,2013-03-06 08:20:26,484,231,3.9241,715,2,1,5,1864,7,20536.5202,734,338.5628,2477
2826,2b87bfe55293ce1f2541a1ea17be67828a13ccdf,0,0,0,2013-03-06 21:52:30,2,214,0.4692,216,3,15,1,171,14,19135.6195,690,196.3689,858
2856,bf8c1ce9aea60349b21284861051f47fafc54180,0,0,0,2013-03-06 22:15:34,109,948,3.2974,1057,15,1,4,176,28,28596.2848,818,158.9521,56165
2851,018e82b5eff17b50301a01069664ef37a4ae142f,0,0,0,2013-03-06 22:21:38,185,485,2.8654,670,7,1,2,207,31,5869.8499,439,308.5494,59905
2870,814c05e14b90bd420e916f5c6a16883b73b51edd,0,0,0,2013-03-06 22:22:20,278,440,0.4241,718,41,1,6,2406,91,58764.9434,458,186.8177,58332
2845,54601f1927a70ef11bf5707b65cf08f81f070873,0,0,0,2013-03-06 22:23:35,0,99,0.8403,99,2,1,3,2297,89,50.9267,461,173.8654,49967
2848,4cd67af552bace64096dbc53d2b3d153a360e583,0,0,0,2013-03-07 00:02:47,116,65,4.2176,181,3,23,8,3055,0,9157.9908,729,275.8709,354
2867,593807007415b28ffb128f408c44cac2023930dc,0,0,0,2013-03-07 01:28:28,558,93,0.1197,651,32,8,1,2412,6,14842.3233,613,207.3706,451
2874,8daa5d2df72c40e75efeaa32dba83e0cb49a8034,0,0,0,2013-03-07 17:59:35,16,7,3.519,23,1,6,5,2460,23,31072.0668,2728,1026.2594,48576
2872,416f80d82eabc2c65ece41a0d781f101625582f2,0,0,0,2013-03-07 18:08:59,461,30,0.9511,491,8,2,1,227,36,2254.2308,1,1017.8889,43305
2860,dc0bc878ee1af3d78fa7d9b3fb7538f4554f541a,0,1,0,2013-03-07 18:08:59,1,6,1.0695,7,1,2,1,345,32,3821.6638,6,1033.7961,45578
2886,aadc5e500d4b4080e56e706b8df826328fd87088,0,0,0,2013-03-07 18:23:47,663,25,0.6904,688,23,2,2,1337,88,17290.6672,2764,1123.2893,48329
2866,3a6125db8782f09c291ec3625af65c624e16df3a,0,0,0,2013-03-07 18:23:47,987,2291,0.8113,3278,2,2,2,1488,0,13738.3399,2740,1109.7847,48393
2878,b6ae2e72539f72904f83d5cb7b62e43258d173a7,0,0,0,2013-03-07 21:21:51,14,5,0.0551,19,1,1,4,255,33,52353.4893,2814,1027.8454,45216
2880,712d46868ac7e3d3b9f79df38e15005467a8540c,0,0,0,2013-03-07 21:26:10,344,214,4.4362,558,47,1,1,314,32,1328.3617,2808,1085.4871,45277
2884,61465c39a9ce602214975ca9d311f30fb2ce7e3d,0,0,1,2013-03-08 23:36:03,13,2,0.7757,15,2,1,1,1196,81,58434.6427,1,1013.6985,47974
2869,37ba434efba9e307850711ec71b4ddc7b23d7d7a,0,1,0,2013-03-10 22:35:51,0,1,0.0,1,4,1,1,34,13,63600.0012,157,53.09,856
2885,e79d9fbf84a35021cafa21d428e08fdd9bee584e,0,0,0,2013-03-11 16:24:27,924,109,1.5481,1033,14,6,5,1636,85,40798.6515,247,117.6585,1711
2875,a8c104369858dfe7581ff848880d1550b3c51e27,0,0,0,2013-03-11 16:40:23,15,2191,2.0,2206,4,1,1,266,32,4861.2579,133,42.7293,2935
2882,c65f9e7ed7ecbc2b338ebff1ade45f7730da7b14,0,0,0,2013-03-11 16:50:27,18,1192,5.4734,1210,1,1,2,389,34,83696.0,335,152.4998,58042
2894,b5f172624af4083b3b7683060a595ca437daf4c7,0,1,1,2013-03-11 21:22:22,16,15,0.9428,31,12,7,2,1494,87,48880.2347,105,37.3903,54302
2891,ba06e4128b4cc66edb3e8e3ea02ce5cb5eae211c,0,0,0,2013-03-11 23:13:57,614,99,0.8602,713,8,2,2,1318,86,48511.4755,2757,1020.1625,48176
2888,3346771a03fa334f2375fc585694bb768bb7b0d8,0,0,0,2013-03-13 22:54:00,62,923,0.9953,985,3,1,3,337,13,44167.2627,125,64.1856,4520
2871,585619443baae8ec9cfc6051ad37cd086457c0b0,0,0,0,2013-03-14 16:47:59,5,15,0.0,20,1,3,2,1533,2,5836.7765,5,1018.2238,47492
2883,2e63d096c3d80a9c7be7fc76d9949c941b6b1f9e,0,0,0,2013-03-17 14:45:49,144,0,0.0,144,1,1,1,33,8,56509.1099,2837,1073.5433,45783
2893,28be383769448520e80fa9df067f09b044f4c819,0,1,1,2013-03-18 08:27:17,484,1,0.7874,485,3,2,2,1286,83,30143.463,734,330.3333,305
2899,4d29c709a88b2c6d55011554e79205115277dc65,0,0,0,2013-03-18 13:45:07,1487,34,1.5777,1521,4,2,2,1305,81,55390.5379,793,302.7496,5583
2887,f8fd169220bdcef90fb97955971ba8cfcdd14281,0,0,0,2013-03-19 12:10:32,8851,21,0.8804,8872,2,1,1,107,21,56708.4548,2862,1057.7279,46974
2892,6a7a28852bee26903dbaf1ca02f0b89a5438898c,0,0,0,2013-03-19 12:10:32,1470,39,0.7724,1509,2,5,1,70,22,52382.0755,2783,1021.531,43859
2896,1fc218ff78053d49ed4f73b03f915e6702046382,0,0,0,2013-03-19 20:49:29,4,5,0.0,9,1,1,1,18,16,25276.0483,565,187.1877,738
2879,f3a93f95ba1374986ea6d4ed12a84b888d22aa94,0,0,0,2013-03-20 15:45:09,130,7,2.6151,137,1,5,3,126,20,82596.0,712,250.3717,58042
2889,87d936251df056211673b90d62f37b9fe3440d83,0,1,1,2013-03-20 16:38:45,39,72,3.4698,111,1,7,1,169,17,33191.7934,648,210.6904,2940
2901,d224c2beb6cee67a4ab390026697a2fd7e8c7fd5,0,1,1,2013-03-20 17:02:21,268,158,5.7354,426,8,4,2,1247,1,24302.4178,244,123.1165,1261
2909,27ed655fd0552055bd1c26c62c098c16501bc32b,0,1,0,2013-03-20 21:45:13,225,470,2.663,695,22,15,4,1777,82,50518.3225,2862,145.9521,4221
2900,9f268d1687a1c6ccd5138ad1cf88d82d23756984,0,1,1,2013-03-21 12:57:01,91,2,2.0282,93,7,2,2,1139,90,45504.9126,734,331.1111,2713
2914,effdb08b341e7c3799a50983c6086d7f4bbaf120,0,1,0,2013-03-21 14:06:41,47,76,0.715,123,3,4,2,1259,83,66451.585,2862,1052.6,50214
2904,01d81d27651c9608fa1344ea1ca769ea8ec4e4d6,0,0,1,2013-03-22 14:22:28,327,4,0.8782,331,2,2,2,1360,80,68554.6453,2754,994.4722,52418
2903,f13f2579e152358ef35082e0de1ea73ca4011c01,0,0,0,2013-03-22 15:32:21,9,2191,2.0,2200,1,1,1,8,0,27584.4923,16,1034.7419,18
2907,e2ecb8ab5863c1d1541f5be84a2bb7b67c5c9bb0,0,0,0,2013-03-22 15:37:41,741,91,2.7607,832,9,4,2,926,45,57638.4942,2862,1052.6,48360
2905,b60bc58e6d259a5ec69a354eb7a096525e5a8763,0,0,0,2013-03-22 15:42:10,987,263,0.9183,1250,8,3,1,2055,17,57953.6917,2633,969.4701,41468
2912,3d4c2f9414d58117052b26f2b002bed7546a937a,0,1,0,2013-03-22 15:47:28,3,30,2.2064,33,8,3,2,311,31,18706.0405,1,1004.7627,45024
2902,29231238073d15e7ab826a75a7a4ea3faf7960cf,0,1,0,2013-03-22 15:52:30,2194,750,2.4446,2944,11,4,5,783,41,11578.7417,2749,971.8719,48148
2862,aebe612db3abe8a22b27cd4619dece10a536cc96,0,1,0,2013-03-22 16:00:41,3,12,0.0153,15,1,1,1,17,8,143.8549,2850,1048.7051,6
2898,de0707432d92bdcf9b846a1135f64e1777ab56d6,0,0,0,2013-03-22 16:26:49,130,184,0.0,314,1,1,1,586,12,1265.339,4,1107.0889,6389
2910,ae80948025ef336117508c731b508506b650c33b,0,1,0,2013-03-23 21:49:56,34,71,2.7497,105,9,6,2,799,51,22877.4939,2811,1092.4669,52710
2895,8744c04d323bebd5b08c03ae8241e3bf24fc95a6,0,0,0,2013-03-24 05:57:48,3,0,0.6706,3,2,1,2,1222,85,41034.882,1,1032.052,50766
2908,2ab0c720f800292fc705f277b90097f6d0b16f26,0,0,0,2013-03-24 06:39:24,12,109,0.051,121,2,1,1,293,29,42782.1158,2734,1095.0321,43818
2918,ac965a60eeb931d0d97346157004681d76e2a0d6,0,1,0,2013-03-24 10:20:27,1507,341,1.2549,1848,8,3,3,1145,12,30493.9081,2862,245.3791,5269
2906,dda7b2b432c94f4a7040f935a9faf746cd208d5b,0,0,0,2013-03-24 14:48:31,8851,1096,0.1579,9947,3,1,1,2342,17,57457.6246,2862,1087.1439,4120
2913,925023432c7b305e7d0c9802cddf7e3e56027cc2,0,0,0,2013-03-25 12:49:05,9,2,0.0,11,1,1,1,6,20,50270.7437,2821,1027.2388,47316
2915,a2ccd2f706c03f5053e09c2a8bdaa23eb1795121,0,0,0,2013-03-25 12:49:05,3,465,0.0477,468,25,14,4,71,20,48243.0597,734,1041.3425,3040
2890,37010e9d75c695d9e538873dadc3984e11eb3b25,0,1,0,2013-03-25 19:07:02,1731,902,2.9195,2633,11,6,3,1878,5,19204.1227,639,373.1548,4459
2924,e580ef10472a52c1e96c153a8e93c7164812d563,0,0,0,2013-03-25 19:08:46,443,12,0.0923,455,3,2,2,1525,80,1996.5459,734,335.8229,2868
2922,d394ab14a91300ac017f233db6a40b71ff048214,0,0,0,2013-03-25 20:42:19,136,0,4.2823,136,34,2,3,137,11,76394.0,16,1206.7106,54391
2919,01bc564bb2e89684b445f217a83c39f32113560a,0,0,0,2013-03-26 18:11:19,4050,89,3.3896,4139,29,15,4,1743,83,66873.827,2763,993.5774,55027
2921,175b22c153c9a0dee6f1c61df7ad9f93c1fb0128,0,1,0,2013-03-26 20:42:58,33,25,5.6555,58,2,1,1,103,12,14827.1396,2803,1028.7543,45014
2923,5b157e47695dd5cb656d9354ed8a00033e22e9e8,0,0,0,2013-03-26 21:49:02,267,12,1.1633,279,2,1,2,19,19,31951.2432,2692,1123.6214,48964
2911,b79b236d0009ed9c4037642d9cc3325d5f56c521,0,0,0,2013-03-26 21:49:02,10,8,1.0645,18,2,15,1,1356,20,30755.9104,2815,1029.0476,45525
2917,f4b87e69621a90515b2945bdb1fc4a3de33259ae,0,0,0,2013-03-26 23:15:46,2663,14,2.6151,2677,3,5,3,149,20,46252.0524,38,1103.4784,48297
2926,17d40b726097a2d9a57ad24ab92a3d8ce1131a6a,0,0,0,2013-03-27 01:53:52,582,36,0.0871,618,3,3,2,12,5,22632.0256,2,1001.785,44223
2916,c3569d05b8d28d3b3481d2e661320071dc30431c,0,0,0,2013-03-27 04:11:39,39,196,0.0,235,4,2,2,97,9,63338.7094,2527,878.2335,148
2932,60d9c7f2f9bf3fc65dc486847815ebcb978c70f7,0,1,0,2013-03-27 04:14:08,854,657,0.258,1511,2,20,4,1049,58,29168.8544,2862,956.0534,54552
2938,b14fc6d0cda035633590dbe495e9ba08c21d26cc,0,1,1,2013-03-27 09:51:05,28,35,0.9416,63,4,3,2,1156,80,64371.3392,734,225.75,2740
2927,193e56607bc26d8cbba404fd4197ec279bc073b8,0,1,1,2013-03-27 10:30:33,29,8,0.2106,37,2,2,2,1296,83,34056.1549,734,338.7489,2983
2936,61e329f7aea6a502c274277ca448c6207072a376,0,1,0,2013-03-27 10:41:36,1006,813,0.6871,1819,2,7,2,1217,85,20464.2722,773,322.9161,1942
2942,b72af485f625b734cecaa8556578890f346cd274,0,1,1,2013-03-27 15:16:10,75,23,1.3223,98,6,5,2,1347,54,39322.9629,798,304.2613,4930
2925,1d3ad3047ed04b5810f9896acdffcf55f2d9d5e3,0,0,0,2013-03-27 16:58:11,15,196,2.2313,211,1,1,1,23,10,69946.0023,44,928.6944,50604
2931,0ab3d60fb78194ab2d7dd04ae590f871a9286c31,0,1,0,2013-03-27 19:33:53,12,13,4.6086,25,67,25,1,35,18,2212.1776,2862,1052.6,46360
2933,a143966e1cfe3f782f6237d67d216ef8bc2d4713,0,1,0,2013-03-27 21:17:53,78,42,1.3217,120,3,2,4,40,10,43746.2703,2862,1048.6971,54275
2928,be2726b39d54bb0f00d2479070b39b939db4a3cb,0,0,0,2013-03-28 22:48:03,16,1,0.1027,17,47,15,1,23,10,65037.3901,2806,1032.3764,45092
2935,f70339682524026a3955bf56ac7a0d4f4f1e1114,0,0,0,2013-03-29 04:28:05,7,29,0.1177,36,2,15,1,1356,13,22772.4274,229,80.2218,46227
2937,338fa9a30747d18befc0ff66b5cb5265f7bb65f1,0,1,1,2013-03-29 13:53:24,664,353,1.1233,1017,10,6,3,244,33,13871.8431,201,329.4142,9483
2920,cc6429e2722e764dce8cad77660732146ed596ab,0,0,1,2013-03-29 14:58:07,56,84,0.5288,140,3,20,2,1259,85,70770.1244,208,82.0699,60820
2934,ed3215d7655a7c4fdb01d7d585377726c351fe4f,0,0,0,2013-03-29 16:48:27,96,35,3.6231,131,19,2,1,483,35,16643.9334,500,304.5422,58131
2943,9f8526fefe6def2a10accbe8e9b514884192b6c1,0,0,0,2013-03-30 14:29:22,267,51,0.0871,318,9,4,1,118,20,69629.7597,16,986.4094,43069
2953,65b9093d4905da489e472dfd565417c6865d44c8,0,1,1,2013-04-02 09:38:30,29,243,0.3051,272,3,2,2,1342,88,33851.4132,734,333.8103,3134
2929,0b20e139d64faa3147ba068c367df4bffb278c47,0,0,0,2013-04-02 09:44:39,180,99,0.0959,279,1,1,3,2297,10,4.0,521,270.1087,4261
2947,b82027ccbc315bfd46f760204c71358e5f85b254,0,1,1,2013-04-02 17:22:48,23,269,1.3079,292,4,2,2,1158,87,15849.2061,569,400.9544,58042
2950,81cbdc531265a6279c9584719a6d2f807bc9d2c4,0,1,0,2013-04-02 19:55:47,741,228,1.4964,969,7,6,1,1107,78,52221.9639,622,224.3643,2361
2945,aa76394764bcb4af54150f12528fed9ddfa66044,0,1,1,2013-04-02 23:01:05,663,827,4.5364,1490,1,22,3,1473,59,39470.0513,2862,1052.6,55016
2951,8b1395a94c07b523ad0eac28a80000df010900b4,0,0,0,2013-04-03 02:24:55,41,78,0.0771,119,2,10,4,78,17,17886.6866,322,187.0388,3169
2940,abbb8601ee75174519b3b33776a37e1db20f3fd4,0,0,0,2013-04-03 02:33:02,1032,755,0.2323,1787,11,6,3,72,4,32089.6257,211,277.5028,6573
2946,4271d19a1580b717fa7f548b00b27fef54949898,0,0,0,2013-04-03 20:01:20,8,203,0.949,211,2,11,5,185,30,26490.932,246,119.0083,1258
2961,e306a87b7d8e1ef15a5269006d7706a4c97d1798,0,1,1,2013-04-03 20:23:07,100,16,1.102,116,4,3,3,1165,80,50346.9514,2755,1012.3695,55615
2939,213063399cee1433ed73b563ba38f91e9374aacf,0,0,0,2013-04-03 23:12:54,116,724,1.7495,840,7,3,1,226,8,57807.5866,19,22.2186,204
2949,128177c41248734e76499ef382152fd3c40378bd,0,0,0,2013-04-04 00:30:53,1032,43,2.165,1075,2,2,1,1,4,41789.6076,300,132.4327,55097
2966,6a4af0c77ac0aa3600e0a778497e6856d3e356cb,0,1,1,2013-04-04 15:55:17,525,1096,1.4173,1621,4,5,3,1194,88,53550.1668,2862,1075.6761,60096
2957,cf84ea718f84da3071cce0e66d6a9dc753ea4952,0,1,0,2013-04-04 17:07:32,120,1315,1.9913,1435,6,2,3,1179,86,23683.4079,734,250.0,3006
2956,a19a15a2bacd12c758180da0cf51e0af5e0411c1,0,1,0,2013-04-04 17:37:39,419,20,1.2791,439,2,1,1,3,6,6985.4788,982,244.2485,54302
2955,8a52dc0727578de0ceb59694b89950df669c1de0,0,0,0,2013-04-04 18:34:31,4,24,0.0231,28,1,14,4,50,18,8960.2883,734,1061.2543,3040
2960,c3ab05f3936b1bedd2e28ebf86790c0eaa45eaba,0,0,0,2013-04-04 18:47:08,39,91,0.1717,130,47,2,1,2552,89,12.0,613,41.0,2352
2948,b27c61ba5f48f0d719ed95d2254693cf41d343d0,0,0,0,2013-04-05 13:40:38,255,25,0.2911,280,10,4,1,1033,53,72952.1256,6,907.9122,52363
2969,4a010ed912711d7b8da16d248f32703ec001e4a2,0,0,0,2013-04-05 16:13:33,143,54,2.2908,197,7,5,4,1526,87,42683.4223,323,94.0828,54540
2952,530f5ba1e490457239e76b9472ee7c3bf8fd2138,0,0,0,2013-04-05 17:02:33,1513,339,1.5196,1852,13,2,1,44,29,61110.9279,407,154.3284,58042
2964,26bcbeea1a2a7af74aa830290b03ecdb56ed16f3,0,0,0,2013-04-05 23:43:49,111,241,0.2406,352,2,10,1,2977,91,69595.4822,53,907.1452,51796
2962,69f05a704aafa90f2151db721312f3c5907abb2f,0,0,0,2013-04-08 09:39:16,551,19,0.1335,570,38,8,5,2641,17,63845.4019,672,302.2479,1256
2973,22d107ff5276658a9d2927c29e9ecc53d63b150e,0,0,0,2013-04-08 16:16:06,51,23,1.7716,74,58,22,3,1344,86,39008.1266,166,103.9513,2831
2980,75d5639014a4680f2a734b4ec9b452ed0cfff058,0,1,1,2013-04-08 18:19:40,232,155,0.0,387,16,4,3,1470,85,52793.8176,2589,985.6091,54959
2970,220a828b7045c1e178d23bc6820b15e7725598d1,0,0,0,2013-04-08 18:20:11,607,43,3.7384,650,25,1,1,57,23,85689.0,734,1059.2058,45776
2954,4902bdc7b97d8f514724ebf1ccb2598f8e69d64d,0,1,0,2013-04-08 18:36:04,821,1371,2.3482,2192,21,9,1,435,40,75090.5,2579,1127.9284,51262
2967,3e0b21c45aead137250c30bba1224d213debe73b,0,0,0,2013-04-09 05:23:24,1,163,2.9601,164,68,1,1,1794,6,8934.3656,398,167.7376,1863
2975,efbdee23705fed6be49a2fb20a79f1aaaa8c98ff,0,1,0,2013-04-09 06:08:32,2647,1498,1.9814,4145,11,7,3,1385,90,48511.9619,2862,1267.3333,58042
2978,ebefb77c6e8a5046a8c1b1bb0edd258aaf0ad8b7,0,1,1,2013-04-09 16:28:11,358,58,0.0,416,24,1,4,0,0,38169.816,105,33.0525,427
2986,38fdcd1986d5b8f5bfb9a78cd68b837342ec1d32,0,0,1,2013-04-09 19:09:26,22,813,0.9209,835,12,7,2,1238,85,23333.0045,2,1028.1753,50892
2989,87b350ff777983cdd2f4136c5b649c8dfb11b685,0,0,0,2013-04-09 19:09:26,1006,13,0.8503,1019,2,7,2,1335,85,23142.2512,2805,1025.574,50641
2965,a5647ad5c70c3b2bf25ca0901e461ee9bdb41299,0,1,0,2013-04-09 20:18:00,126,2191,2.0,2317,2,1,1,629,11,65643.6404,2788,1095.3747,9266
2971,61bbae106931499ab24ec6d87fe5d4826efe9e21,0,0,0,2013-04-09 20:19:19,25,29,2.0,54,9,4,3,26,15,7072.6512,141,1173.5362,5205
2976,2fde93d7e8b9a53eb1f913f669f8e6fe9d653b9a,0,0,0,2013-04-09 20:20:29,501,8,5.3576,509,41,1,1,41,12,76394.0,16,923.9094,4609
2983,162675983c0a41edd29220e6cbc061f04830142b,0,0,0,2013-04-09 22:00:37,741,909,1.0785,1650,67,25,2,1959,15,14139.7785,2862,1052.6,54883
2972,08b2bc5963a8732b5444f42ee421f15df9c838ea,0,0,1,2013-04-09 22:04:57,607,4,3.7384,611,1,14,1,25,12,83789.1738,2845,1059.1018,3040
2959,576efcd8121e70e7d550fdce9432be43690a4b1d,0,0,0,2013-04-10 17:21:51,63,2911,1.9788,2974,6,4,2,604,34,47388.9166,239,21.3609,60576
2982,4ab0dacade95fcca81d032d5b23fb40d45606325,0,0,0,2013-04-10 21:32:05,741,24,0.1075,765,67,25,6,66,8,54655.9454,2862,1052.6,60576
2987,f5ec4c7c3620d453db39d44217cfeca4f775b47b,0,0,0,2013-04-11 14:32:41,51,140,2.9601,191,12,5,1,26,39,18583.5465,391,33.0,1883
2963,eba27a641341878c08180c88814e33287ca8b05b,0,0,0,2013-04-11 16:23:08,1006,813,0.1018,1819,12,2,2,204,17,29011.282,45,98.2931,54302
2977,8ce9edf0409945c81f36c08f0e8e39c1ccb7db4b,0,0,0,2013-04-12 02:31:27,358,147,0.7383,505,3,3,2,72,16,20362.679,2568,1165.8781,11
2988,6b4f2ee591e63b435300cd602aa5a8c66aaabfb5,0,0,0,2013-04-12 03:01:43,4,5,1.4482,9,5,1,1,2,7,75435.231,276,231.1001,54302
2979,ca63545887f283bc6b84b1d103674f4a532c5b5b,0,0,0,2013-04-13 02:53:49,3,163,2.9601,166,2,27,1,50,11,15288.4994,415,178.8702,1883
2991,112014a4c8e2a164299db069a4bf9d1a0cbdcb26,0,0,0,2013-04-13 04:07:22,3100,70,0.2338,3170,3,14,1,181,16,84801.0,281,181.9571,1753
2993,260dc757fc9da97cc5005def87bf8eefd2cd92e2,0,0,0,2013-04-13 04:16:22,3100,774,3.9267,3874,35,14,1,179,17,84801.0,378,182.1161,1739
3005,822bda77aba24fda8b234590bedb292e32443aa5,0,1,1,2013-04-13 05:03:11,1006,12,0.778,1018,12,7,2,1241,83,36944.9283,414,152.3161,1433
2984,6db8ac3898f1263dd33f159835999cdfd1f09a07,0,0,0,2013-04-15 23:14:08,213,9,0.5228,222,28,3,1,1261,17,19734.4914,231,181.0,1595
2994,40e7aba6b2f694017df5fbba90fd44caa0d43fc9,0,0,0,2013-04-16 02:37:16,48,175,0.1809,223,12,2,2,186,33,40913.4541,574,250.0112,40
2998,35ef47ec0c73d882e53dfde51bd61f27f76a2b83,0,0,0,2013-04-16 04:06:31,54,16,2.3676,70,2,2,1,106,15,11334.731,2596,1172.7697,38610
2974,57e51b4bd99173fde8656b902900c5a251853806,0,1,0,2013-04-16 17:11:40,33,28,1.6618,61,5,4,5,334,30,63963.1459,3,981.7355,50405
2997,67f5d6f1c9398cc8b69b244c583ed64b16f19431,0,0,0,2013-04-16 20:30:08,8,2,0.0496,10,47,15,1,1356,2,12625.6816,6,1034.3008,45527
2999,da93a1cfe483a1522b2c149d287279a74e43a8a9,0,1,0,2013-04-17 01:24:11,443,161,2.3837,604,17,5,2,251,14,61354.1382,2862,119.4974,54540
3003,883c34b7c513eb36f2a45d591db706fa7e36e145,0,0,0,2013-04-17 14:30:38,2194,750,2.0013,2944,7,9,4,757,46,58806.4604,379,196.4337,56836
3006,bf2ee04431fa3f8142ad43cbf514b69741002f7e,0,1,0,2013-04-17 17:10:54,226,105,2.8851,331,22,5,2,1445,89,49127.5655,2862,97.8186,2811
3002,9fc071a39971d7e2a4b17399b07630f6f2438484,0,0,0,2013-04-18 12:56:18,19,84,0.9634,103,2,2,2,175,15,56672.2607,169,1267.3333,54302
3014,455a0fccfb6f2e679c4d69857ccca2899a5a1d33,0,1,1,2013-04-18 16:47:13,70,54,0.7811,124,5,3,3,1256,85,8352.8638,325,102.4,2804
3004,e2aeb7474a5295796bc011ddd477715021cb1637,0,0,0,2013-04-18 21:57:55,996,2,0.0294,998,15,5,3,20,6,1374.4558,418,152.6798,1111
1969,7d36c1e025abbcdd4ed50c580bbd990fd262bbed,0,1,1,2013-04-19 03:35:21,42,15,1.2326,57,21,3,2,1455,81,19645.1442,3,997.3703,47750
3012,798470e051af794b605cce28031b33b589cfc6d8,0,0,0,2013-04-19 18:20:46,219,156,2.2478,375,13,7,4,1346,88,39731.4071,1,1020.7189,59675
1967,d7a09825025374b6a49a250467039dc15f36d053,0,0,0,2013-04-19 18:27:22,209,164,2.2466,373,17,5,3,263,35,9986.9942,2862,1032.2875,54631
1965,317ab72a8cc067bd16db63d9e6c19390e96075f9,0,0,0,2013-04-19 18:31:11,1032,755,0.528,1787,11,1,2,10,4,56151.2617,27,1192.3043,48000
2996,3d557240ae85f626852fe7eb14bf8cfb1077d1b2,0,1,0,2013-04-19 18:43:26,227,18,3.7384,245,4,2,4,65,8,55852.0341,734,1087.3956,6751
1961,811f82c5b151bb1f6178392470981883d5e1dfc5,0,0,0,2013-04-19 19:04:41,1006,813,0.6498,1819,2,7,2,2576,13,5472.8445,2757,985.577,51498
1977,6968f68cd7c8d4a1ab4a6d4638c547e9de33a560,0,1,1,2013-04-21 23:08:12,516,59,2.1236,575,5,3,2,1218,78,44314.2897,2,1004.4301,47076
1962,8bb5487eab3d91398c6a8f1f3d78b6a41aae697d,0,1,0,2013-04-22 02:53:49,2,3,2.9601,5,68,27,1,1794,2,1405.2422,402,165.6099,1863
1968,b59ca1fc8944f4d8cf81b21041be4a7ab722419e,0,0,0,2013-04-22 04:07:40,144,2,0.0,146,4,1,2,19,1,1577.5873,415,182.4329,2491
1975,7746225dc5bfc07297cc485c8035fd7441e38e88,0,0,0,2013-04-22 13:22:18,156,308,2.0632,464,15,7,3,102,38,72953.0745,27,957.6389,187
1974,98b5195f7eb1f3a88bb86aa95211403dbd73c98d,0,0,0,2013-04-22 13:40:33,1006,39,0.9301,1045,4,2,2,173,18,11305.1861,2801,1086.705,6
1960,e30c730355363dd72cb5dec12b19cf22cda705e6,0,1,0,2013-04-22 13:41:06,5,5,1.7863,10,7,3,1,17,4,2751.8332,2765,1101.9858,47569
1970,573ddbfb057ac1858e910f569d7204df1d87519e,0,1,0,2013-04-22 13:47:08,1367,44,2.2034,1411,9,4,2,319,23,7257.7055,1,998.4332,51917
1978,1af5865edc448a1ae1117f2254285ebc79ae6a68,0,0,0,2013-04-22 14:52:32,130,184,0.0,314,1,1,1,444,35,79531.7443,2758,966.8853,9
1972,6dc32424ceb325e39ba314f3fab26d5a49e2a788,0,1,0,2013-04-23 02:54:55,8,5,0.0551,13,17,1,5,13,11,44736.2614,246,122.5539,1230
1983,a6edfa56962c55d7a84eea31fe8fec7c29454f83,0,1,1,2013-04-23 11:45:35,16,4,0.4438,20,8,2,2,1567,0,43100.8199,781,351.9685,3592
2995,784738e6ae57bc6046ca2341ec1a1897008f2c92,0,1,0,2013-04-23 17:13:18,0,1,0.0,1,1,1,2,3,7,7573.6185,260,118.4797,1085
1973,79c2ff7c7ee194a8f9bf083bf9302a96743c6a72,0,0,0,2013-04-23 18:14:29,85,63,0.3017,148,3,1,7,243,89,16533.7931,1,952.1797,52487
1976,3c93e8c6b5e96dcf4487e1b8f8cfe2a327237c6f,0,0,0,2013-04-24 02:03:16,264,2191,2.0,2455,1,1,1,517,0,26876.1546,492,223.6727,3553
1979,32f4e2ccec259c3a7c9527b538d53464c52cfc11,0,0,0,2013-04-25 16:17:53,4152,322,2.5823,4474,37,4,1,239,9,57121.8577,249,1267.3333,5337
1985,68444f9b2f573425bdd38b378e14cd6a8c16821c,0,0,1,2013-04-25 17:35:18,30,923,0.8619,953,3,2,2,1324,81,45189.5079,76,26.0174,1402
1986,dc5b1e9b86b42c786b4e1e3752a08d45e6e447e8,0,1,1,2013-04-26 15:17:53,27,6,0.7231,33,2,2,2,1285,84,8869.5949,717,328.2518,3227
1980,1aa987402d43b4a6ca7af8725e0e9fcb5477b6d2,0,0,0,2013-04-27 02:23:48,2194,48,4.6086,2242,4,23,1,494,41,21961.6242,545,111.862,56836
1996,e26b726ccbc140f3971ce24371bd555db497e94e,0,1,0,2013-04-27 04:54:03,136,265,2.0567,401,6,5,4,1891,89,26462.11,1,1002.2132,60040
1990,9851b73fc3bbaf61ec80b54c64483bcf56aaa396,0,1,0,2013-04-28 14:10:38,184,194,1.5861,378,7,5,3,1574,79,37172.3141,2704,985.2203,52558
2006,4439b4117dad85b206f3cd8d4bfbb4a5d1a9e822,0,1,0,2013-04-28 14:49:56,27,122,2.0271,149,8,7,3,1635,5,5649.5124,2789,982.3102,6
1988,385ce13f5ac3be91e40caa4f2cb34ec0ce654719,0,1,0,2013-04-28 16:23:10,114,13,0.2721,127,3,1,1,214,23,7973.7445,248,218.653,55122
1994,6c8b3ad0efaabd0e728eadd437ae0ed45237d01d,0,0,0,2013-04-29 02:49:29,1333,1249,0.2454,2582,82,2,1,89,12,11142.6667,305,115.9162,4578
1981,0749c0415edb480f98da501b09a212af4ed6d9d7,0,0,0,2013-04-29 03:10:29,255,1,4.5752,256,1,1,3,82,9,76493.8625,410,164.0109,1577
1989,383d35ea516deb4f127c1c9884ee64561da3cb2b,0,0,0,2013-04-29 03:30:20,4,30,2.0,34,4,1,1,23,7,38699.3467,425,193.8249,1294
2000,524261f88cd2adcd623de3604e735b282dd5caac,0,1,0,2013-04-29 07:27:36,276,81,2.1366,357,9,4,2,1204,81,46777.9467,633,371.5706,4539
1995,7eae57aeac291799d54d5a1b5a444e27336215f1,0,1,1,2013-04-29 07:29:22,26,12,0.2641,38,32,2,2,1318,84,24073.4226,765,362.8348,2429
1997,2f3f620ed1bdd1bbcf5564b75885b9aaf02c0359,0,0,0,2013-04-30 12:46:37,48,2191,2.0,2239,1,1,1,11,14,16627.9776,687,373.6741,3449
2014,1227751661e653fb39be1ada369a9eda8f1e9d7f,0,1,0,2013-04-30 17:42:26,3046,2803,1.0056,5849,10,8,4,1747,74,62613.4141,12,912.5509,52598
1998,56237c91646e75149ebc9c2161bad656942715d9,0,0,0,2013-04-30 18:57:46,3,465,0.0117,468,1,1,1,213,22,4201.3063,2856,1048.0567,3040
2018,2b0797b24e2d4a433c0e17506a0d8bb812f8f2dd,0,1,0,2013-04-30 19:09:25,223,35,3.0093,258,19,7,3,1349,82,43325.866,2766,996.7458,95
2017,74f37b5a398fea0d60c5dc87124208a28580e8c3,0,1,0,2013-04-30 20:51:34,103,34,3.4208,137,15,11,3,1317,81,21420.1635,2662,1132.5718,6
2008,faf75d4d5b99a11bd9708e75972104f887c1a46c,0,1,0,2013-04-30 21:01:14,106,465,0.8859,571,2,2,1,53,8,5234.8459,2808,1020.3438,3040
1984,559674593d836b1fd90d3e5f00bb47728a42f4cd,0,0,0,2013-05-01 01:57:33,938,87,4.014,1025,28,12,3,373,43,43789.0719,175,92.954,56165
2002,5dad16045eaa71240b4d190ee9166ef7b1db2788,0,0,0,2013-05-01 13:58:58,95,12,0.5494,107,1,1,2,1493,88,63426.3941,61,7.894,41
2005,3f394828f9c6cca20d8e376b9465fa2069efd542,0,0,0,2013-05-02 01:03:33,3100,774,0.413,3874,35,2,1,1329,9,42010.1168,281,152.7413,200
2011,a861c53e60402e4c7a5663d387c8f991285b3d98,0,0,0,2013-05-02 01:36:58,996,58,0.8406,1054,3,3,1,677,27,18970.8147,299,225.458,58042
2012,b6be6835d15c1c709d503d7f03aad2355ea60f40,0,1,1,2013-05-02 16:47:34,151,86,1.1518,237,6,3,2,1959,16,71233.0717,2862,1052.6,53559
1982,57c75a7c296c1952704b8347eb8ce6f1d3d3704b,0,0,0,2013-05-02 17:18:23,5,1535,1.9219,1540,4,4,3,1963,16,1700.0905,2677,1000.9993,11488
2001,976c388ef1bb927d05b8e7e2f8f026804ba39aa4,0,0,0,2013-05-02 17:18:38,2,13,0.0,15,1,1,1,61,11,3018.474,2835,1062.6884,45806
2013,0b18bee403c52729fd16f889a4ddcc78ca1bd3a3,0,0,0,2013-05-03 04:46:13,39,440,4.4337,479,2,13,6,150,11,59709.0,300,132.5749,710
1987,25f30559b541002456cef2874373ae5a89ca9204,0,0,0,2013-05-03 04:53:03,28,71,4.485,99,5,3,3,209,85,43638.3532,231,172.2149,2106
2004,c33ccd9e38cae018022bec16e66489428bfc8912,0,1,0,2013-05-03 08:13:44,204,73,2.652,277,12,6,2,264,31,36821.2419,138,80.1167,1957
2016,a7b80d78ab181c3eb1c51b94621a74023bc5d76f,0,1,0,2013-05-03 14:30:31,3984,344,0.6737,4328,29,2,2,142,21,43335.2093,1,1004.8601,44070
2025,64c0d1e7d508367c91da8f5fa835635e0524a37d,0,1,1,2013-05-03 14:59:33,128,32,1.9365,160,11,5,6,1415,80,27975.1421,247,123.4349,1489
2015,c007102c5b2fe2b6abd09a19cbc4b69f5e83ad0b,0,0,0,2013-05-03 17:53:16,12,214,0.1227,226,2,15,1,54,5,15259.2879,63,32.4476,1078
1999,b460b565e20fdb4739fc92ce387136b39d16e2f1,0,0,0,2013-05-05 20:18:31,1333,1249,0.8581,2582,82,3,5,77,22,11639.1918,347,208.1756,302
2019,0f4ce2fb68f6bb9957877a76a3a5bee80b4c5a8c,0,0,0,2013-05-05 20:26:43,12,13,0.0661,25,1,1,2,1,5,68352.2012,538,127.9629,449
2022,b638370d3a07a980bcc833a233fe57ed91aa8c06,0,0,0,2013-05-05 20:47:00,6,4,0.1036,10,5,2,1,324,12,59703.713,2862,130.9645,1863
2023,5b0ec50cc389d1ca27eebe18256fcc2c1f91f8a2,0,0,0,2013-05-05 21:06:12,213,45,2.8466,258,9,4,2,804,49,50055.1402,376,181.0,2148
2032,45e6d912cca3de66a3af02e9df2c3484992d0a2e,0,0,1,2013-05-06 07:07:31,11,99,0.61,110,8,2,2,1316,85,44294.3031,746,347.3933,2526
2027,3c06ff0a8ee64742416c4b8a5ec083ea5a390e34,0,0,0,2013-05-06 13:39:35,3100,114,3.9267,3214,35,3,1,314,15,70430.7401,382,187.8875,1645
2009,df723af8a6c04536abd2b4a48cd101f3b2e96746,0,1,0,2013-05-06 19:03:26,84,25,1.9535,109,5,4,2,2460,28,31907.283,255,1267.3333,58042
2029,08df0b8604cd34c4f1fb384f9f6eaba86203d116,0,1,0,2013-05-06 20:11:52,281,164,2.7139,445,14,6,6,1234,88,40500.4777,344,30.6692,60576
2026,f1c9bc612e2df5ffacec0debedb2021f1a9171e7,0,1,0,2013-05-07 05:47:03,71,65,0.0,136,25,1,2,1,46,47514.8299,372,172.6951,2144
2037,dbc8bd85f23acd78de70e22b50c7168ca338dc2e,0,1,0,2013-05-07 22:13:41,741,72,2.9123,813,12,5,1,770,45,38008.7389,2862,1052.6,60576
2030,782536176e24fdb34635e024b48085343dada337,0,1,0,2013-05-08 01:33:59,97,260,3.1713,357,15,10,3,2079,10,10334.0086,486,127.0328,3181
2036,ae0d6ebd26389d9504456cf96582eb76c24c9ff3,0,0,0,2013-05-08 22:01:06,8851,18,3.3874,8869,40,12,1,261,29,84270.7926,2862,1067.9004,47888
2020,a5a3a28fc8cf69fa985b6c59fecb28578f12f4cf,0,0,0,2013-05-08 22:14:44,0,25,0.0242,25,1,1,4,22,11,78092.2648,734,1057.1162,3040
2038,95cf9a5f0d5c437a9e042018eadc698e3fd5f9e0,0,1,1,2013-05-09 22:38:23,2236,3268,1.6457,5504,3,3,6,1313,84,54884.8662,2788,1089.5182,52898
2035,0e4bf0916d971a1e3194b2b9dbb0654eedc863ce,0,0,0,2013-05-10 01:41:09,5,0,0.0,5,1,3,2,366,28,16674.0099,5,1083.2485,48225
1992,ce8bc33d438dc0877a2bcb0049d4c1d84db508d5,0,0,0,2013-05-10 22:30:17,100,38,0.2647,138,4,2,2,301,29,23311.9733,125,82.8976,56165
2028,d349787515554087efc92231599e270c2c3aa29b,0,0,0,2013-05-11 01:12:35,3,2,0.0,5,1,1,1,199,17,17246.0753,359,187.3074,2906
2041,2e2dd48ff911a84ef46dae3fe05331ce8f669791,0,1,1,2013-05-13 10:11:08,2236,3268,1.1431,5504,61,3,6,1290,83,34178.8944,696,316.0447,4569
2045,c5dc0292e0689f2e714e23495944f6a6a58b5028,0,0,0,2013-05-13 14:31:22,73,3268,0.9114,3341,61,20,6,1304,85,10136.9806,810,314.1592,997
2033,2effc40edb798fc3e39b0511b5be39e6d0738f59,0,1,0,2013-05-13 16:26:23,238,221,4.3195,459,15,17,4,1300,39,40545.6497,2862,1119.7251,52455
2052,740e344c7fc1ee0283744fefd659db999b48c71f,0,1,0,2013-05-13 16:51:56,115,11,0.7268,126,29,2,2,1289,85,67652.5633,1,1028.5554,48767
2053,56927973fea9112a5d3aa704e82af45af457772c,0,0,0,2013-05-13 18:12:19,77,4596,1.5704,4673,5,2,5,1639,87,33759.4089,221,52.3133,60814
2049,31d991a2551278de629ef38ed7e31b483ca67157,0,0,0,2013-05-13 18:29:46,2236,3268,0.5671,5504,3,20,2,1296,83,74427.5,352,153.4009,3612
2039,e76ce2161e9213ce16b5b8a2f8c559e3d7f2db2c,0,0,0,2013-05-13 23:13:28,130,184,0.0,314,1,1,1,586,10,2903.9124,423,152.0099,1536
2044,10cc4e0c37190b92ed80a04cdb59a664f8cfe2e8,0,0,0,2013-05-13 23:25:44,406,66,3.9267,472,5,14,1,233,13,60796.5558,281,190.5218,1648
2047,4adb583c207b83b3b57725ba3d1ccd862ff5c087,0,0,0,2013-05-14 01:59:07,4,16,0.0643,20,1,1,3,28,8,18061.5885,473,222.4783,54302
2031,2dcbf0673e01e0977bf18814dc99d93b63b2a2be,0,1,0,2013-05-14 20:30:38,18,10,0.8455,28,3,2,1,206,22,36181.5195,6,1073.3955,6
2043,793d58a197eded203a7bae5ec49c60d347eb2d14,0,0,0,2013-05-14 22:05:20,16,64,3.2601,80,2,2,5,182,20,36964.1204,417,203.0703,3872
2050,5612b93611bb82342e4da73975188fe740d0d1ca,0,0,0,2013-05-15 21:54:16,264,2191,2.0,2455,4,1,1,16,11,82080.939,2835,1066.5469,18
2055,177bf5f4fcfab34f868268ae802c1f7fe08f8b64,0,0,0,2013-05-15 22:13:56,250,204,1.9164,454,6,4,1,172,19,21516.4235,2758,995.917,44951
2046,245ad45a55eb2bf9a34983d848ea86b48143ab73,0,0,0,2013-05-15 22:22:21,53,67,0.0,120,7,2,2,331,31,46720.2686,2862,1087.9621,46252
2060,a3d64339550e0f12a98e7a5d1771ef7f114033e2,0,0,0,2013-05-15 22:31:28,614,32,0.0669,646,8,2,2,267,34,31178.6169,2691,981.4385,50247
2042,b397187850f6e6a131d5d418473cc68ebe5ed5ea,0,0,0,2013-05-15 22:42:35,127,6520,0.6182,6647,2,2,7,193,17,3928.9877,2769,1115.6056,48019
2058,42a39b5d642efc6c593b27e26642a9acb5b84a2f,0,1,0,2013-05-15 23:03:13,40,40,1.6469,80,7,4,2,548,33,22671.043,231,1134.1845,51306
2034,ad191c55d207e4c2f5fc683133fbbfd966eeb905,0,0,0,2013-05-16 01:06:24,741,909,0.8625,1650,67,3,6,1959,9,44686.439,2862,1052.6,46814
2054,9bb3441fe23ddff2ccf12469860e37492e1092d6,0,0,0,2013-05-16 09:03:22,443,36,3.1154,479,14,8,3,2008,19,46858.2972,734,225.75,2891
2062,61567e7b4676a7075979e005b54c3c1f7ff8d04b,0,0,1,2013-05-16 13:43:45,1513,224,1.4887,1737,13,2,2,1501,79,54508.2421,84,54.9421,58042
2064,8b96334a0c107216604d85d59ff50b1edbec89fa,0,1,1,2013-05-16 16:36:50,3,106,1.2478,109,4,3,2,1746,2,67801.4481,106,54.2609,58042
2007,b6a0284fb909c976f4bcf61c7623dd75de2cdd32,0,0,0,2013-05-16 19:01:18,3,2,0.0,5,4,1,1,77,10,9312.0444,2822,1070.1477,47187
2066,72a6cff6e883320a6ceec88e41b42ca15dff1e2e,0,1,0,2013-05-17 01:19:55,1069,680,2.6377,1749,42,18,4,891,39,39986.4354,314,182.1123,56836
2063,410142b06a9c7575def0e73a807540e8cfdf8e9f,0,0,0,2013-05-17 02:59:30,1,163,2.9601,164,1,1,1,14,8,18111.3213,2862,180.6851,1883
2040,c22c685ffa7da67b7ee069b37e7b3c770ee23263,0,1,0,2013-05-17 12:52:04,7,234,2.914,241,1,1,1,55,1,11679.6517,697,325.8497,1649
2057,cfe4c5963b8bfde21f197fc25e223bae88c94e0e,0,0,0,2013-05-19 00:23:48,1,2191,2.0,2192,4,1,1,23,4,11537.2909,370,162.4562,2208
2069,2d99a7d774c069c89a181e96fc266875a3eefca8,0,1,0,2013-05-20 08:13:32,614,35,1.3395,649,3,2,2,1487,82,68555.2344,371,184.9054,54302
2071,6f467d920fc79569dd39cd651889b44efb1fd332,0,1,1,2013-05-20 22:10:56,56,23,2.1179,79,4,4,2,56,17,32101.4353,1,983.8724,49477
2068,1d2c12242f20dfcc0b787129b4ad8eeef2768d6b,0,1,0,2013-05-21 15:02:12,15,206,4.3052,221,38,14,4,2160,90,57553.9674,2677,911.8118,20
2065,ac19c121524c928ff6f3237e12a26e42766ae836,0,0,0,2013-05-21 18:36:26,35,65,2.6244,100,8,5,6,1533,85,49218.8139,2862,1062.8707,50821
2070,3a51ccf2d12a5fcfaa1378eff0209526c9a33278,0,1,1,2013-05-21 21:25:27,117,82,1.3476,199,5,5,3,1617,82,48040.9359,387,167.2348,4760
2075,de2ee6e28fc65340c1702583fef343d7d81bbc3b,0,0,0,2013-05-22 00:49:20,144,1,0.0,145,4,3,2,69,9,13806.6425,419,161.6798,2412
2048,93cfbc187133d90d88a28826ad5989a53bde3e2f,0,0,0,2013-05-22 00:51:04,6,3,4.4362,9,2,15,1,41,11,85337.0,438,157.8645,2636
2076,bf28e8d4b84afd5f9821ad965274768b8d4ca179,0,1,1,2013-05-22 15:32:36,4,22,0.3292,26,3,2,2,1363,83,48750.5539,2862,1052.6,50112
2073,369936c2c3f67b3023c2f33620f2f26ad7b70539,0,0,0,2013-05-22 16:03:36,19,18,3.7384,37,1,14,4,214,22,38871.0643,734,1046.8171,46005
2086,c48c7ef16610b1ef86fc3c784a0659de9b5effd4,0,0,0,2013-05-22 16:51:45,118,71,4.1883,189,34,12,5,899,78,67030.5,2,1.0,25
2067,a583123e8a8c07d5cd1fee06cb1a15af267eeee0,0,0,0,2013-05-23 01:55:35,1,6,0.0,7,4,1,1,1533,11,37755.4651,424,146.7368,942
2074,49f220cbe0a1774066a048cdfd8682d214a6df68,0,0,0,2013-05-23 14:31:52,153,1132,0.2972,1285,94,2,1,142,6,6.0,250,120.2599,1125
2077,c4c9626f8b3ba941aa51860a7d10a6e686362f85,0,1,1,2013-05-23 15:04:04,111,813,2.0515,924,7,4,2,1760,82,41725.5757,2806,1022.8148,47899
2089,b70639187e1ee5e3aebb489baa07aaa2771fb4ed,0,0,0,2013-05-23 15:04:04,47,54,2.3324,101,10,4,2,1883,83,36782.2658,2862,1052.6,50494
2082,44c462cb7a231c1e99226e4a3cac3f05a3a99669,0,0,0,2013-05-23 16:04:18,264,2191,0.0603,2455,4,1,1,105,10,5449.269,16,1018.2042,44748
2056,2d0dff7acec0c36f43536c92480892d9c92bd27f,0,0,0,2013-05-23 16:23:18,4,7,0.0,11,1,1,1,129,20,6132.3414,4,1064.0742,9
2079,57e6888e6aa8cc726fadb4087fe0cb77853c12eb,0,1,0,2013-05-23 16:24:35,5,214,4.4362,219,47,15,1,19,13,4095.475,2848,1057.8301,6
2081,6abb1d499e850ebc7d3d5ee140a868d743f9f441,0,0,0,2013-05-23 17:41:58,130,4,0.0,134,1,1,1,133,8,7535.5565,2818,1029.113,45435
2083,f5cc4760b993355c695253dca925aa58fffb582f,0,0,0,2013-05-23 17:46:38,607,14,3.7384,621,25,14,1,124,13,10876.3107,2841,1039.9742,3040
2059,cc301de4f7236f411a621566f749ff53ad962ca9,0,0,0,2013-05-23 18:08:52,17,4,1.647,21,4,2,3,57,11,52956.9333,2769,1079.8948,47588
2085,03f0116611795836009ea488dd8035b70641ecb3,0,0,0,2013-05-23 19:50:49,3,15,1.4153,18,4,2,2,1357,83,56540.8404,2862,1052.6,50202
2096,0ad499e9a82afa23f17672e25678d065b421e0d8,0,1,0,2013-05-23 20:08:58,8851,97,0.0,8948,25,11,3,1879,76,54848.6439,2862,1002.4314,51971
2080,22d1173021772cfb445cd60c7d6b8f2ef5ca193b,0,0,0,2013-05-23 23:24:16,2,5,0.0356,7,15,10,3,44,13,7052.2187,278,106.4225,677
2084,54c15d826b4c414e0f22f5eedf023dfe53d2eae4,0,0,0,2013-05-24 02:54:50,2,1,0.0,3,1,1,1,5,8,76899.0453,369,163.1752,1547
2087,d106950ec049fc7dfef7e64b124dc8c050b06af4,0,0,0,2013-05-24 16:54:59,2421,16,3.9473,2437,4,12,1,166,12,17753.1967,104,105.0,322
2072,1b5edee00faeb03ec4fc5dff779a031f7093241b,0,1,0,2013-05-26 02:40:11,79,31,1.7386,110,5,2,2,1208,81,33593.7728,247,122.9765,1378
2003,bc3597d3549850997fd137cc8b74700c62cebf64,0,1,0,2013-05-27 19:31:44,415,118,1.8537,533,9,11,4,1499,79,46134.1864,2862,1052.6,59785
2088,bef5209d60a0d69e9e712e785d39002b0040c83e,0,1,0,2013-05-28 18:22:50,79,3268,0.4348,3347,4,2,6,1328,83,17608.4555,154,59.2295,2337
2094,6d7404bc2eec2c34feb6e2b9db938f9e0e5ae208,0,1,1,2013-05-29 17:53:52,2236,3268,0.748,5504,4,3,3,1316,83,63772.3666,644,242.2905,2951
2099,19d2782c715a0d0f73958edce3f4be3709f92d18,0,0,0,2013-05-29 19:59:45,3249,2099,1.5705,5348,4,3,1,1588,82,18645.8704,2741,1010.5138,48021
2090,22be25b89c22f3a77a73b20ce1b819b257914d20,0,0,0,2013-05-29 20:13:21,8851,3,3.3874,8854,2,12,1,344,32,6812.7744,2862,1040.0475,45683
2093,eb4fa4a621db43ad9d48b146ee16caf09db7a853,0,1,0,2013-05-29 20:46:50,2415,1373,4.8377,3788,45,17,4,1376,41,47049.3603,2862,1267.3333,58042
2101,2f72f8bc57bb96fa4434fb395373a73b259dcce5,0,0,0,2013-05-30 21:10:11,602,9,1.1349,611,4,2,2,1184,82,60785.3365,80,19.2326,477
2098,6f5d8a56fc026fbf7173cfc364346def3806c7d5,0,0,0,2013-05-31 01:04:36,2436,487,1.3671,2923,90,6,5,550,41,49614.2025,423,1267.3333,8827
2102,d0dc597261b0b9949ecd26150cd30ef89ecc7a21,0,1,0,2013-05-31 01:09:30,1470,45,0.1047,1515,2,1,5,240,22,15947.8278,2688,1121.8436,48992
2106,401b46bb3c5c27717d6f64af3aab349817485322,0,1,0,2013-05-31 08:59:53,0,82,0.0,82,1,6,3,1747,68,46742.8068,734,324.6347,2515
2092,1a70df0c0eaf301117ba78600e1ebc2727f52167,0,1,0,2013-05-31 09:49:39,89,27,0.0,116,1,3,2,17,17,12118.9374,938,218.2063,54302
2103,496035585a5a9b115a23ba311459e5e08b494334,0,1,0,2013-05-31 13:02:03,69,27,2.0087,96,7,2,1,1864,8,22711.111,734,330.3333,2452
2109,1ea5059fe3976ce8f660b46520859c31bb433fda,0,1,1,2013-05-31 14:20:54,70,63,0.5688,133,3,3,2,1277,84,7974.4165,42,47.1785,1023
2105,f6e08ddf0560fab0193527ddcde842e2c8222483,0,0,0,2013-05-31 15:30:50,19,2,2.2725,21,1,1,1,3,5,58687.3254,673,283.9098,177
2107,fa7d87de8d04da8af6b0e85c464115d52e8da7c6,0,0,0,2013-05-31 18:58:03,924,33,3.0485,957,3,3,1,226,90,25007.8576,247,114.0893,1280
2095,12537ca7289db7aed7c7b6135a3cc1bd9ff56800,0,0,0,2013-06-02 00:49:09,83,28,0.1627,111,30,16,1,52,15,66890.8466,247,127.2395,1270
2110,880ce10bf16c96f8b5ceb419890948223d174c6c,0,1,0,2013-06-02 05:27:23,8,35,0.9732,43,3,1,2,1427,87,41646.1975,461,137.6137,3043
2108,4303dfa5e14331092efcef602fa91fd5b1904cc2,0,0,0,2013-06-02 05:38:48,7,25,0.0145,32,1,1,1,629,37,5415.2685,418,164.2134,2408
2111,19ad1ca4beca31ded9ee7111fc302b0f3e21a269,0,0,0,2013-06-02 15:13:40,2663,139,1.5141,2802,4,3,3,139,30,46723.796,462,122.2758,3773
2116,11eb35291643d99bf5a3a1879a3b7356ff3d4bdd,0,0,0,2013-06-02 17:37:08,120,655,1.6187,775,4,3,2,1315,84,41777.3804,486,136.7895,3653
2112,88f2ebc5fe2a31bd4bf79aaaab87a455421f6e11,0,0,0,2013-06-03 02:02:23,64,46,0.3822,110,41,4,1,33,13,31.0,581,77.0603,54391
2113,9e8691c26283f2532be3101486a8290ed5128c18,0,0,0,2013-06-03 07:31:47,20,452,4.4619,472,2,1,5,96,8,63787.6717,2862,65.8332,1364
2100,1f48695301695eb7b2c0753a105b9af776c19db2,0,0,0,2013-06-04 20:58:28,199,261,2.0,460,9,4,3,26,17,30209.7496,372,170.3942,54302
2115,ca3c75ecb22fa13e2f58129df83073800ff451ef,0,0,0,2013-06-05 14:22:04,717,451,1.0668,1168,2,2,2,1265,83,44439.7376,275,107.1625,551
2124,e301c38d3a592ff943ea0703403542dd2b7f499d,0,0,0,2013-06-05 20:11:56,103,239,2.184,342,7,4,2,1622,85,35829.418,573,203.7096,607
2118,6193fefbf7d92c0b909dccf5a2519b9266983091,0,0,0,2013-06-05 20:11:56,88,110,1.9919,198,6,4,2,1422,83,31024.151,613,204.7571,1686
2117,b4b30cf87cbf3f7957c64f625f0f90d24b43b49c,0,0,0,2013-06-06 02:41:54,48,324,1.3788,372,2,7,1,242,26,35281.1781,413,152.8486,3983
2104,1c038f50446e4ee0da23bb86a032e591e1899265,0,0,0,2013-06-06 03:10:32,153,59,1.6016,212,18,1,4,417,17,77790.0,909,85.3624,58042
2128,a5c04842ab68643e76926ff21da640b116339dc8,0,0,0,2013-06-06 03:10:53,194,141,0.1962,335,5,4,3,1757,89,27920.969,487,271.4492,5888
2097,4c0be33ea00d292557ce76ced241df84e6582c9e,0,1,0,2013-06-06 03:12:35,56,10,2.2108,66,6,3,1,683,47,3329.3246,878,397.9037,54302
2120,90052d5a460efefd2dca7a0a5c5fbd54c9674d75,0,1,0,2013-06-06 19:16:28,25,587,3.6461,612,33,5,1,406,90,52430.7915,20,938.9241,50976
2122,b973a3336949be81dc10ca16dca29e4b2fb237ec,0,0,0,2013-06-06 19:24:27,66,130,0.5793,196,6,2,2,387,29,32903.6157,2862,1052.6,47470
2126,9b0c3de85c37ebde3d0130eb29d000702ad509dc,0,0,0,2013-06-06 19:41:04,2,184,0.0,186,1,1,1,586,5,3359.9234,344,186.0528,1206
2130,fd6d19bd5cdf764ce6667d1bd974795bb1d871fc,0,0,0,2013-06-06 20:00:42,1,184,0.0,185,1,1,1,586,5,2119.6458,438,182.6639,1289
2125,a2436f07a45ba81cd32b0f915a32d0f83f19538e,0,0,0,2013-06-06 21:47:03,26,21,0.0,47,1,3,2,1533,4,7038.777,5,1017.6129,48554
2119,ff5b8304431477eb82fc13ab1344a2fc92c66a57,0,1,0,2013-06-06 21:47:03,29,15,0.0334,44,2,1,6,23,90,8081.0813,2862,1052.6,46307
2121,02a7ba817cb70ce1e0807e97f33ad14ac5accbde,0,1,0,2013-06-06 22:00:08,589,9,2.4225,598,8,9,2,530,52,35152.2541,2862,1004.335,46398
2134,a0047797638b9c0d30ebf225e8a00a029e05be0a,0,1,0,2013-06-06 22:00:08,84,77,2.6307,161,8,11,2,72,90,41178.3768,2744,977.2658,49551
2131,47ac188a3f73b74e1581c18f986488e005f4921c,0,0,0,2013-06-07 22:13:42,2443,50,4.1135,2493,2,1,1,79,3,51598.5086,198,99.3498,228
2136,30b093a715e61fd7773ebee3a49096cf9544421f,0,0,0,2013-06-10 11:42:04,589,333,0.7451,922,3,2,2,482,32,58700.5891,2862,1084.5639,47213
2127,9c4be2928a80ab503aab54afc1805894bcef4fc8,0,0,0,2013-06-12 03:43:35,2,17,0.0,19,4,3,1,21,2,46246.4305,271,108.3208,1759
2144,7eec23eb27d1f6a75f55a0aeb89aaccde3a6bda0,0,0,0,2013-06-14 16:19:56,43,13,0.4128,56,4,3,3,1386,80,43246.664,734,226.2401,1816
2140,4ef8a8a19412adcca4b0225756d5940a2cb1427a,0,1,0,2013-06-14 16:19:56,87,7,0.4389,94,3,3,3,1287,82,44495.2419,656,207.3042,3274
2133,0c81eaecb2572d9c70e033aa2c76288611386d8f,0,1,0,2013-06-14 17:34:57,516,44,0.6401,560,10,3,4,360,30,39263.2861,2793,1004.8168,44192
2135,ed4d45565789cbfb1fafcfee8527e24790e4803d,0,0,0,2013-06-16 22:22:30,50,25,3.688,75,7,9,5,355,29,25500.3995,249,223.6138,56165
2143,f1004e9b175d6593b816e72058b2dbea14257a43,0,1,1,2013-06-17 22:41:58,8851,44,0.7357,8895,6,4,3,1373,87,8104.292,2862,1035.5875,48733
2149,2b86c9a4fd76254ca74e872e85c1ada4ebe981bc,0,0,0,2013-06-18 02:38:39,53,7,0.7714,60,2,3,2,1336,81,22854.1788,187,87.1413,504
2123,e5c34d7c29e9ec6dc162210b90fc69ea11a4c331,0,0,0,2013-06-18 13:51:39,0,66,2.0,66,1,1,1,224,23,82397.272,16,1091.0885,18
2142,2397bc8c334142ddaa6ef8e34f18bbecffba4f4f,0,1,0,2013-06-18 14:20:59,2436,40,2.7503,2476,6,6,7,1589,87,53452.0013,184,181.6005,63234
2145,df063449a88655018a94aabf494b3e604f1e4cd9,0,0,0,2013-06-18 14:53:44,924,352,3.0485,1276,30,3,2,310,16,83899.0,247,124.9754,1717
2132,62295f68c7b7b10cc7d41d72f0817e17133a9b36,0,0,0,2013-06-18 15:57:22,2421,288,3.9473,2709,3,1,5,2211,16,28108.5476,103,28.3813,137
2139,26c4262233c0fb1b4593683bf7829d42ca3e12b8,0,0,0,2013-06-18 17:22:28,49,574,0.4985,623,36,1,2,179,21,41030.1453,613,126.7528,1497
2156,b1d7405fd1263a04d8cc4bbfcba3ec1928b75738,0,1,1,2013-06-19 03:20:42,86,48,1.2,134,5,4,2,1484,0,52855.6721,2637,1108.5144,45004
2137,7861f1731feb18f8bd0e87963e53c89a2dac45ed,0,0,0,2013-06-19 05:40:20,344,4,4.4362,348,47,1,1,521,36,33279.2493,6,1071.9555,45375
2141,00126da7b59cd1083e8a345acd7ba99b7d9fd40e,0,0,0,2013-06-19 12:49:54,23,5,0.1192,28,3,1,1,207,11,74597.944,98,1267.3333,1213
2158,2188d6472d87b9320f913ead3bf608d8170c2f6a,0,1,0,2013-06-19 16:14:11,325,115,2.2045,440,10,6,2,1520,90,38794.9713,1,1166.9227,53311
2147,9ba0ff03e211554df6b01fd860159cc74bf95026,0,0,0,2013-06-19 21:30:02,144,4,0.0,148,4,3,2,463,34,60265.2999,2803,1090.229,47290
2155,fbe8a6eb213ee3558be701c73c31a0da79446657,0,1,1,2013-06-20 15:19:13,8851,107,2.8541,8958,9,5,3,1634,80,53584.1394,2862,1005.4237,55201
2148,3814af8087c8b5541bea563344afcc344f5efa2a,0,1,0,2013-06-20 18:15:54,575,45,1.9339,620,6,5,4,2270,29,37743.2333,613,197.5301,1837
2129,1f061f94906884efca0213014516fbdeb82f8005,0,0,0,2013-06-20 18:59:19,49,17,2.3676,66,13,2,1,35,16,410.0,4,1188.5692,50161
2150,24da2bcc5d74dfe02ad0148eafc9e22368be34f5,0,0,0,2013-06-20 19:09:47,63,14,1.4482,77,2,1,1,2,11,81552.0,2449,948.836,52422
2161,998fe96766a8c826ab0483e657885eb10a9293ae,0,0,0,2013-06-20 19:43:46,2,18,0.7164,20,3,3,2,1374,84,19345.6863,9,41.7731,1190
2146,56d2296adf281b774aea6598bd8baaa9e77685f3,0,1,0,2013-06-21 01:21:28,255,7,4.5752,262,56,10,1,1967,5,75614.339,414,159.6105,2336
2164,0ba5cf12b9e1b7558ccf0c3a8bbd663f028024ce,0,1,0,2013-06-21 07:47:50,512,376,2.7134,888,24,3,3,1403,73,41969.1696,2862,1267.3333,8499
2172,b73f9d42315311e3573018749aeba34f77f1419e,0,1,0,2013-06-21 09:21:54,93,39,3.1757,132,11,5,4,1416,84,38757.0532,764,360.0674,4002
2165,e75e33fa6dc5e2a3fe061d747cc98679a65ef960,0,0,0,2013-06-21 15:40:31,146,106,0.6702,252,2,4,2,7,7,72763.1673,80,1148.2835,48854
2160,110d283afd780774a44368b17177b5e8e781e37f,0,0,0,2013-06-21 16:13:21,162,31,3.3874,193,2,12,1,88,7,1693.0203,2862,1044.6229,45059
2157,043a63c63b92b0bf68047da6b5e379da35f3c688,0,0,0,2013-06-21 18:37:22,501,46,0.1723,547,2,1,3,149,13,9993.6018,2862,67.7355,54391
2163,c06e0b57784690af9a30e639b09d7169d5fa1588,0,0,0,2013-06-21 23:36:06,3100,774,0.5044,3874,6,14,1,146,17,70591.7629,381,148.2202,80
2169,5c5fdd40ebac875ee0b4f9de1a7d1eea3b3788b9,0,0,0,2013-06-21 23:42:49,35,4,1.1176,39,2,5,1,7,6,50628.3148,479,134.9433,4640
2171,e8970976ce91f29faa7b7e24e1ae11b2d15fa475,0,0,0,2013-06-21 23:50:46,611,206,0.0752,817,12,1,1,186,7,25230.0167,476,218.1752,3898
2174,67ccdabfe8c48229e184d1374f9c6435ccea93ec,0,1,1,2013-06-22 10:14:32,364,221,1.605,585,8,5,2,1132,0,34022.2407,734,225.75,2526
2181,57eb87b57cc7c69d99238ced08e50cc23b0127ba,0,0,1,2013-06-22 13:54:21,717,451,0.7738,1168,32,2,2,1311,54,40776.1451,282,106.368,685
2162,921761575c2e01356bcd1165decdd7b5adc9a510,0,0,0,2013-06-23 21:09:49,3100,108,3.9267,3208,35,3,1,191,16,57833.3766,281,151.2173,80
2173,c0547983d39eab6a16f4974a1871873b5b8116fa,0,0,0,2013-06-23 21:18:44,12,196,2.2313,208,5,4,2,26,9,12.0,248,247.3987,54302
2192,36ef643e423e3683fd8cef339cdd95357140af4f,0,0,0,2013-06-24 05:38:00,31,8,0.677,39,3,3,2,1362,85,31671.6472,424,160.6203,1356
2151,b48bd56e78788f0cd20735fdb7d9bfcbfb999cf7,0,0,0,2013-06-24 13:41:22,130,10,0.0,140,1,1,1,2,3,76100.228,2732,1113.8095,9
2177,15df6691caf9e681727338d66d8f8b0d42843177,0,1,0,2013-06-24 13:46:28,84,67,2.1896,151,14,6,6,792,45,56822.2111,2862,1052.6,60576
2179,81619fe9c6bd8f0ab82837598f72ba49f0afc104,0,0,0,2013-06-25 01:08:43,6143,1345,0.0683,7488,1,1,4,62,12,2249.9357,80,1087.6138,44188
2091,76462036843b51f0e875154b2e150a7a52b0e84f,0,0,0,2013-06-25 08:33:27,15,1014,0.1156,1029,2,1,5,2248,89,38112.706,640,382.7649,5799
2182,8c062d807e4a4c497dbc9a07c5d256ebf92e80fa,0,0,0,2013-06-26 15:46:50,63,14,0.9366,77,2,2,2,2371,20,30372.2969,905,197.1415,6344
2186,29232a88d174d331a982e5abc01b0d441ed1c248,0,0,1,2013-06-26 17:59:47,16,231,0.6283,247,1,2,2,1431,83,47242.3434,734,330.3333,2978
2193,54266ea705b20e12a6f03dab69fa5d6b05e160a7,0,0,0,2013-06-26 20:52:43,996,35,1.1467,1031,3,2,3,1472,87,54335.9318,748,190.8592,55
2198,33a3d2ca57e855ff5484fb039f14d424132db93b,0,1,0,2013-06-26 21:52:20,8,186,1.8809,194,8,5,3,1743,12,33289.7999,329,314.8214,6137
2180,e22de4316e05a6bb4ec5c1621904f55332b7371a,0,1,1,2013-06-26 21:54:10,17,7,0.0455,24,7,3,2,18,14,44451.1353,2862,45.004,54302
2185,764bcd3f3da32da77deb052e1a22987d326e46e5,0,1,1,2013-06-26 23:08:21,3,0,1.7998,3,5,2,1,1888,21,77790.0,948,344.6738,8480
2167,9668535debed61e3c13d4b0305e2ac0d3e21c7c6,0,0,0,2013-06-27 02:50:09,264,33,2.0,297,4,1,1,56,15,45736.0274,445,186.4899,2724
2183,c06244916ad3b3527345f4a6b6130214ddc987fb,0,0,0,2013-06-27 07:54:50,5,4,0.0,9,1,1,1,35,10,28358.5793,788,355.1904,1828
2187,93a03feacebb34b639558b8e6400398b3ae26f37,0,0,0,2013-06-27 09:08:18,63,13,1.085,76,4,2,3,236,14,64568.1751,887,233.2861,5964
2184,39355875f383f733850c1203512042ebdc93be15,0,0,0,2013-06-27 16:37:05,5,5,0.1046,10,47,1,1,516,31,25130.694,685,307.9806,3383
2178,296da81fc809f71e8e08bda612ba89925880fb6c,0,1,1,2013-06-27 19:54:25,37,2,0.205,39,41,4,3,46,13,24350.0866,2862,48.7282,2015
2191,cc83177af8a81499d4dfa2ba182427f2c2443359,0,0,0,2013-06-28 06:27:38,769,92,0.1575,861,2,7,3,244,33,48410.7476,543,241.0022,58042
2199,6e81f816c730de1798fede6073b0908bf49ee5c0,0,1,0,2013-06-28 16:02:37,1007,5663,1.1949,6670,20,27,3,1329,79,48482.3357,619,246.0585,61661
2197,ff339c58cc6726c676039e8a7ed4c2f6a0ea4f14,0,1,0,2013-06-28 21:04:27,32,229,4.5752,261,56,2,2,81,7,70802.5,2862,1267.3333,2465
2189,66f301457f90a49ffbd3cc4c0964f36c86871ff5,0,0,0,2013-06-28 23:49:16,663,6,1.8806,669,8,2,1,1982,8,18373.972,510,129.0142,3296
2196,09ea746207a448d8ede85e7905f05e5f9535fb1f,0,0,0,2013-06-30 01:43:42,27,30,4.6086,57,4,25,6,279,19,34508.3921,2862,1052.6,60576
2176,5fe804c46fcdaa0f2a864917b142b77966ac4df3,0,0,0,2013-06-30 17:45:35,12,3,0.8812,15,2,2,1,2177,18,74994.6365,447,145.0531,958
2200,8e003d842619bfce3585761684e7ba4114be89db,0,1,0,2013-07-01 06:25:09,23,64,1.55,87,8,6,2,1529,84,24069.5982,2656,1.0,47179
2205,dad2f11aa660de36896859ca27b454cce26b4590,0,1,0,2013-07-01 12:50:50,200,23,2.0148,223,6,4,3,1706,72,40608.3805,994,1267.3333,11102
2209,b068a9c4fa80ed85c463c6cb95102d2233fdf161,0,1,0,2013-07-01 17:05:25,564,113,4.2268,677,27,8,4,1905,2,28757.5854,499,457.1163,10198
2188,ec3b8f8173e6bdae313bf7f3814e3718a0cd3348,0,0,0,2013-07-02 02:36:04,663,28,0.1103,691,23,9,7,1982,2,16198.9154,292,255.7854,58131
2206,bfe1e1cef71baa6dc2a4bccbe0848f06f52474ec,0,1,0,2013-07-03 06:32:59,8,1,2.4812,9,22,5,2,790,23,57100.4793,367,220.0814,54302
2207,cc9ac8277db09058823d7b9599219324e49e9f51,0,0,0,2013-07-03 11:38:12,99,34,1.6955,133,10,22,2,1482,2,36240.625,193,1267.3333,5196
2166,6158c6428ea72311d7dc477df871aa99857d567a,0,1,0,2013-07-03 12:54:18,19,3,0.7077,22,2,2,1,2177,12,38628.9405,668,292.6932,868
2203,47ac42fdbbd0e2944f44beeb52a8881af98cc341,0,0,0,2013-07-03 16:56:28,83,902,0.3782,985,58,22,3,176,21,33849.4725,2862,1267.3333,58042
2195,b7e49b3ab16ad601df76b57ba47a6c685f28578d,0,0,0,2013-07-04 13:32:41,344,6,4.4362,350,3,15,1,58,9,54561.2976,792,383.8771,4195
2194,1a2f35731fb3e7804176fad44fb505e02a43f517,0,0,0,2013-07-08 00:27:04,5,35,0.0307,40,4,1,1,47,7,37004.4424,420,190.226,2615
2204,9ec7b808ac6786db74b5cbad0a63f6a9cdfdc5bd,0,1,1,2013-07-08 13:49:21,243,67,1.8455,310,1,7,1,1693,74,52237.8641,734,225.75,25
2201,4cd087f44a0fdaaaa49ea82745d4f7aeaeace1fa,0,1,0,2013-07-08 16:08:33,37,12,0.0493,49,9,4,3,29,12,36738.3534,825,375.2813,1437
2212,f8c072e974eef21ca7287e21db33f09788cb56c0,0,0,0,2013-07-08 16:30:31,195,38,0.7962,233,1,2,2,1298,87,12044.8211,2862,1064.2871,51106
2218,e9c674242b617588651ecbb79669e97a612cd25b,0,1,0,2013-07-08 16:34:34,1275,691,4.2443,1966,77,16,4,1695,79,46542.2947,1074,244.8616,8503
2208,fc8b76f79ec725c1082b18a0d6b19bdd080bb033,0,1,0,2013-07-08 17:39:25,93,5663,0.0,5756,77,18,2,690,37,15075.1894,521,455.0519,7241
2227,f57b89a9c2271367151fee7747913a74936cc830,0,0,0,2013-07-09 11:19:31,1207,1315,1.1464,2522,36,8,3,1495,82,65190.9537,734,335.7514,3007
2222,0beab74df98cf4022717a686ea087e546e67dbf8,0,1,1,2013-07-09 14:05:29,68,95,0.8202,163,3,4,3,1344,83,52531.2501,734,336.1831,3007
2214,db4da73e58424de64d56d61a7bca10d33fe213d1,0,1,1,2013-07-10 02:08:42,713,141,1.9655,854,9,8,1,85,34,39357.0521,300,184.5703,4908
2210,626b0783c70f69e35861cfbbd523632d8d91537c,0,0,0,2013-07-10 04:50:51,25,20,0.2783,45,86,46,2,1494,88,33529.8147,494,194.1637,2581
2202,39a38e675987d3bcb99a7d2cd8d5e606de6b56f1,0,0,0,2013-07-10 23:06:38,76,813,0.6985,889,4,3,2,1563,85,60527.3282,2,1072.3866,50828
2220,829688f9ebf941f90d2168fcfaa8b9385eb14318,0,1,0,2013-07-12 04:36:30,77,655,1.6351,732,4,3,4,36,3,75366.8943,2862,91.1024,2381
2223,daff1fce0f17c03d51e06d1d9a27a70d9785a5a6,0,1,0,2013-07-12 13:25:48,138,650,3.6676,788,44,1,1,1841,75,77152.0,394,133.2685,56165
2213,71afb93d9a7862705914cd0420cfda8f23c83797,0,0,0,2013-07-12 15:17:05,344,33,0.0924,377,47,15,1,1356,6,3050.4333,685,361.6081,1904
2217,c048f97cb02c136d98ba6f711a904881e99e6f5c,0,0,0,2013-07-13 00:04:30,3,184,0.0,187,1,1,1,82,15,13416.1198,362,157.0489,2720
2221,0a6e5fb44e791dfa6989522e1b3f326424afcd51,0,0,0,2013-07-13 00:10:33,308,3317,1.9897,3625,17,1,1,2581,19,33578.4574,212,127.9639,132
2211,920fc9c3005ba14f8918ae4ba5dfe53e38154403,0,0,0,2013-07-13 01:32:33,247,68,0.2599,315,5,2,1,122,11,130.4407,281,182.0985,80
2216,872e1218d8ab86b05682ff83363f1a99cefcb0c6,0,0,0,2013-07-13 01:35:58,1,5,0.0,6,4,1,2,12,6,5875.6993,417,159.7755,1552
2233,295984dbd08598793cf2d072705010302fed205c,0,0,0,2013-07-13 23:50:23,637,27,1.3138,664,1,1,2,1482,88,28597.0453,535,220.8476,4513
2236,b60f63d5438be5ea3f564e7d00e32d1fdb4001de,0,1,0,2013-07-14 21:54:54,27,16,0.6293,43,2,3,3,1516,89,27723.6918,158,80.7817,3733
2224,663bdfbd67fab42ccb7d5a6c75af3c61b8dbef2d,0,0,0,2013-07-14 22:11:07,996,45,2.5877,1041,13,4,2,1465,85,24284.5154,62,167.7271,3116
2219,20c0baf08565fbae1b6fb52f80155039a847f93a,0,0,0,2013-07-15 07:45:54,1006,13,1.5393,1019,3,7,2,2576,6,49427.9032,780,318.744,2192
2226,f5b224cf9aa0f319d51078ef4b78d55e36613963,0,1,0,2013-07-15 08:33:34,193,344,0.6399,537,3,2,2,1999,10,56309.9909,880,309.1559,4315
2229,40cf7b00f892d757235d23cedb785aaf45331d90,0,1,0,2013-07-15 16:37:56,74,115,0.2261,189,5,1,5,168,29,60528.824,319,173.3751,3359
2235,ba6396a20c642108447c0c9820e2585ed6f6adb0,0,1,0,2013-07-15 20:52:45,87,49,1.0906,136,3,1,2,1748,87,35502.6278,741,276.0426,3161
2234,e7061901a108a9388f270323d327881fc83098ab,0,0,0,2013-07-15 22:08:39,62,48,0.1429,110,19,10,4,504,34,9245.7597,393,131.8118,5722
2228,66599611d585ec600bfdceed14868889e0cb423b,0,1,1,2013-07-15 22:37:31,741,23,0.457,764,3,2,2,1318,82,43543.5134,2862,1052.6,49628
2232,b2daab711cd8dc03afb39a6464f21325ba0193ee,0,1,0,2013-07-15 22:44:40,1032,755,2.165,1787,11,6,3,11,3,83912.0,2694,948.5918,49402
2238,3280fb087801de8b66eaf32e7b73a9e74a07d0ce,0,0,0,2013-07-16 04:44:39,6,184,0.0,190,1,1,1,476,0,20419.0313,678,265.379,46227
2239,57f1ad3a39ad60e37d5981c77a31776a3ccb0efe,0,0,0,2013-07-17 04:38:52,198,22,2.2313,220,5,1,1,104,10,13237.5193,316,123.063,54302
2225,9382c4b4c505f89ad23df0455ea0c7001317eb3c,0,0,0,2013-07-17 20:01:37,11,13,0.0923,24,2,8,5,302,18,62811.2422,536,202.4119,894
2231,2b53cf78f53b333f90f0b3d55e209483d0434f75,0,0,0,2013-07-18 02:36:24,25,7,0.9264,32,2,2,2,104,17,8022.2585,571,250.0657,54302
2237,681983a1fc83c1bc7f110dc07ab7250f4269eee7,0,0,0,2013-07-18 12:25:19,725,1192,5.4734,1917,80,3,1,303,36,570.0,2862,248.8971,58042
2251,4f0d7b456a2ba14f9b63e41982daa7868cc82e63,0,1,1,2013-07-18 12:30:01,66,1,1.189,67,5,3,2,1481,81,57843.8497,845,313.5714,5454
2241,d881024eeff2406809732c7a24016e02ab129d34,0,1,0,2013-07-18 14:28:26,306,175,3.7266,481,9,10,1,498,56,877.0,402,215.1775,429
2243,76ad645a3a8591dd7d5062dc97e2590631bf5970,0,1,1,2013-07-18 21:14:37,95,6135,1.4669,6230,4,3,2,1685,84,12621.2642,810,143.7886,58042
2245,373c0336e3e902d2332765ce712546a9e1bef837,0,0,0,2013-07-18 23:46:12,33,228,0.0766,261,28,9,1,601,35,13184.6384,734,229.1314,1740
2247,dc51727a15f0a5936fc70083356ca2a48d4d39ef,0,0,0,2013-07-19 04:00:47,34,6,4.485,40,4,3,3,158,23,42063.0907,365,181.0,1653
2244,4c129ae7ef02180bb9dc961420f1f2572c215163,0,0,0,2013-07-19 06:38:01,113,30,0.8438,143,4,4,3,1071,84,61812.8514,688,357.8461,4105
2254,57769f6bb511282d7d9918f5cceabe7dbb6e8dcc,0,1,1,2013-07-19 06:49:30,11,20,2.0566,31,7,6,3,1370,85,41308.7655,761,320.5312,2107
2249,27efded38d855b24f41e5332ffb29cd13d98f8da,0,1,1,2013-07-19 06:52:19,637,25,0.5219,662,4,2,2,1799,86,25656.2008,633,298.7497,5815
2252,b257109a77e13ff154ded9b75b5e18263eab7bab,0,0,0,2013-07-19 08:34:54,1006,813,1.2806,1819,3,3,2,1317,81,34221.6628,780,318.6267,1712
2246,c3171085ac520d2119146cb81b67efd7d1b61961,0,0,0,2013-07-19 14:13:43,924,31,3.0485,955,4,3,1,2609,26,83899.0,247,124.8777,1295
2256,5ac5676282eb7f6ac12ef0629e565ab4c983173b,0,1,0,2013-07-19 15:09:15,1658,75,0.3931,1733,7,4,2,1286,89,24888.3023,150,43.6241,626
2263,5a18e3706424270439aaacbf8ef9b57547510459,0,1,1,2013-07-19 15:21:40,63,151,0.0,214,22,3,4,1551,75,21631.352,734,337.6217,2658
2248,ed645f32aaa0247f010840170594f5b214c6c185,0,0,0,2013-07-19 16:05:22,38,5096,0.0909,5134,11,1,3,1198,19,78064.0,921,406.5999,726
2257,0396ff4785ff98956c4aa161cece9fb3d2c8a9fe,0,0,0,2013-07-22 05:55:34,144,2,0.0,146,4,3,2,134,21,40599.9196,378,180.468,1524
2242,86a077a190a1cec89112b9f1fd991f0fe06d2423,0,0,0,2013-07-22 09:03:50,9,5,2.1728,14,7,4,1,429,31,42082.2138,653,319.9613,1918
2261,b0f7bab7da7511b8b26332a3b436967ae75cecca,0,1,1,2013-07-22 09:30:25,105,18,0.1959,123,2,2,2,1332,87,12064.5321,656,305.0155,4876
2273,37130b5998e060b52c379fbd726d61e3e7926a3c,0,1,1,2013-07-22 13:44:55,7,243,1.336,250,4,3,2,1446,88,34357.4255,734,333.9977,3129
2258,fbe63ab3d9d71107261126616fce4199fdd61e36,0,1,1,2013-07-22 13:48:47,614,2,0.9658,616,8,2,2,1478,82,30183.611,773,353.628,4199
2267,dfc9faf28bccdd0e0da0681698ca5223968369d1,0,1,1,2013-07-22 13:50:58,274,4063,2.1362,4337,7,4,2,1651,12,44410.1336,284,1267.3333,5021
2255,371e7bf69bbfdca0f5415e32a8c0f652711f5257,0,1,1,2013-07-22 14:48:24,18,22,0.1287,40,2,7,2,1463,82,29298.8109,809,356.9547,4124
2260,e0eacd28183beb6f2b7c995b4cde4e85b7b30e4b,0,0,0,2013-07-22 14:58:14,56,17,1.3414,73,21,4,4,306,18,62512.4318,922,476.1041,4069
2265,76664d2c1cbd94fb902c4867f28f7e07e2c284a6,0,1,0,2013-07-22 22:36:55,97,123,2.2313,220,1,4,1,31,9,58198.6299,102,1267.3333,54302
2240,1c686b21722c8ce4b9b4baf56f45b4b21aa8886b,0,0,0,2013-07-22 23:00:14,96,67,1.7399,163,4,4,3,239,32,25114.0506,2862,213.1629,5179
2280,0f0a11c979d5ed8503dbba87894e685245cc1b41,0,0,0,2013-07-23 00:41:31,3,1,0.5177,4,2,2,1,1474,84,9716.3694,359,183.9953,2996
2268,25a46eae5d1f6b48a490a4e77eb4df7c81a436d9,0,0,0,2013-07-23 21:49:52,109,43,4.9056,152,66,26,6,2278,10,48111.6573,318,159.4473,58042
2259,9ae960a1a4f57e3c9ec018f3cbb32fd3312d7a6e,0,0,0,2013-07-24 12:18:57,264,53,0.0431,317,4,1,1,16,7,71283.9591,800,373.3809,3628
2276,ce4e4b9b5b29b0e0518aafe02544de3765ea9dd7,0,1,1,2013-07-24 15:46:52,248,1315,2.0769,1563,6,3,2,1310,88,52900.5458,734,335.4119,3004
2272,1e73b330aca294b924e5045905db615e77b13690,0,1,0,2013-07-24 19:33:04,92,388,3.0968,480,10,9,1,3067,8,38803.5487,19,1267.3333,4037
2269,843e92c96b0ce5a8418ba42bbef5a6c26750fe79,0,0,0,2013-07-25 05:36:17,1,3,0.0,4,4,1,2,100,8,32462.6051,423,155.6586,1120
2274,a2a31244a7434cd93409754d6bbeb180147d3df1,0,0,0,2013-07-25 05:48:09,213,71,4.485,284,28,15,1,102,85,12618.0856,231,181.0,2131
2262,4fbed40c6c7f2dc9af8feb222139d06adc0eecbf,0,0,0,2013-07-25 05:50:05,264,31,0.0257,295,1,1,1,18,6,29362.3863,320,197.6407,861
2289,bfd73beaf1554370eb23897a403991b3e2467dd1,0,1,0,2013-07-25 08:25:31,1,362,2.6697,363,26,10,4,1476,80,60583.7405,347,129.4923,58607
2270,a3dbc3ddc720f9ca4a9075fa542b3a8af54187fc,0,1,0,2013-07-25 15:52:26,104,63,0.9011,167,4,2,1,20,6,54253.9174,455,293.142,4934
2283,491098e797d01b99275b98109392455f4a5bc2bd,0,0,0,2013-07-25 18:14:16,71,1132,0.7522,1203,9,3,1,1769,7,7289.6895,244,120.1888,1170
2275,afe4d555bb070a7f2fe4b864727d27843f9b6482,0,1,0,2013-07-26 03:30:36,1,2,0.0,3,4,3,1,143,18,48736.128,368,159.8415,2221
2288,dc457c5ebca5654c86b4df8a7574e579bae00b7e,0,1,0,2013-07-26 17:02:44,22,51,1.5326,73,7,4,3,1474,86,36474.5622,177,86.4921,2916
2278,6d6a5e330bfdbda911f8ad0df393dedfbf648632,0,0,0,2013-07-29 01:12:24,130,184,0.0,314,1,1,1,23,8,21493.7486,317,140.9573,46227
2284,605c640aae57c2c8ea456e4a457032bee2130be3,0,0,0,2013-07-29 04:42:37,32,147,2.3676,179,13,7,1,217,14,21424.6026,563,70.268,54302
2287,6decaf4e868658fc79a29cc4ce91d09d490b389f,0,0,0,2013-07-29 06:10:05,69,364,0.1951,433,27,2,2,221,21,42102.743,656,331.8896,5709
2281,d28034916f2cc52a52912fda6c32417b00c3c053,0,1,0,2013-07-29 14:13:38,1507,310,2.3256,1817,7,4,2,1357,89,49183.8007,2862,148.1033,5118
2291,f2be80c6170f469a42b0f01d91b4ad206b5c1cf3,0,1,0,2013-07-29 18:15:00,62,4,2.6151,66,14,1,3,130,13,78196.4875,155,1267.3333,1645
2292,d2f43e41cad76fccc666b0d90ef9a20df221e22e,0,0,0,2013-07-29 19:18:28,1537,20,0.957,1557,2,11,2,1348,82,53985.0079,2862,1065.6948,49954
2300,e7ea389a32d85c2cfe5121256aa0a4823f25c2b3,0,0,0,2013-07-29 19:18:28,62,1,1.3902,63,3,2,1,1525,79,57773.683,2694,993.3801,52537
2297,d47d4b79921fdde93b95dc4b9697141b817a58da,0,0,0,2013-07-29 21:16:05,100,8,1.8686,108,7,2,3,1398,85,72079.5,47,102.9531,58042
2264,1795e1b1cdef53d12e30ff24d7f934a1f0b4a814,0,0,0,2013-07-30 03:22:52,2,10,0.0,12,1,1,1,10,3,15532.3294,2833,1065.1954,45745
2290,6f217f7fe86cd06b23033f9efe678bde2e08d4d8,0,0,0,2013-07-30 04:58:56,1574,5663,5.6616,7237,59,21,1,884,48,41219.11,137,241.9624,61661
2282,6b3b62f98e5243b0bf9ecf65cda78989619ae792,0,0,0,2013-07-30 05:11:10,3100,774,0.2426,3874,35,3,1,1329,1,20290.956,281,154.4317,1698
2293,af1a9fef29be8220973834f89b21bd539efdf055,0,0,1,2013-07-30 14:23:56,145,26,3.3874,171,40,12,1,2342,10,69727.6268,2862,1062.9135,48026
2307,aa518998c9114f6cc8de4bb43d5dae7eaa6b06f8,0,1,1,2013-07-30 19:29:44,1006,813,1.4567,1819,3,2,2,1416,85,65691.8133,2807,1025.4714,50896
2266,2ccbe3c6f547511e79454b79cbef682ef8a6973a,0,0,0,2013-07-30 20:38:57,461,573,0.9218,1034,2,2,2,1538,79,13262.0562,2715,966.7013,53197
2295,22bf2c40e46ddf11e1ae0faf0db9e58578c662c4,0,1,1,2013-07-30 22:58:59,27,813,0.5655,840,2,2,2,1329,83,19944.3088,165,68.6964,54302
2310,7a39421074d3d14bfc1a4fa1ab986b4fa614f324,0,1,1,2013-07-31 23:15:40,3046,169,1.1381,3215,14,1,2,1217,76,4397.0026,2705,919.1147,44347
2302,a7202effa7067604ef23eae441caa8b9480a63f4,0,0,0,2013-07-31 23:22:49,87,204,0.8113,291,8,3,1,2055,3,6838.5592,5,1126.6929,43074
2294,0f49210cb6af7a57b9d8a37cab4f3b1edbd64ec1,0,0,0,2013-07-31 23:23:39,130,31,0.0,161,1,1,1,17,5,86384.0,2816,1068.9011,45070
2301,5c2895881b8f4ff080f1f7236f5d759f0323ea91,0,0,0,2013-08-01 00:22:29,9,99,0.2848,108,1,1,1,47,38,6504.0,2483,1171.7432,54302
2285,dbe53c811fea105f0a98adbb21850348ce37d336,0,0,0,2013-08-01 17:06:18,30,2,0.5592,32,2,2,3,1349,86,70514.7454,2862,1045.0259,49957
2296,9ff7d6f0296c3f304cb9ab18966686daf72dffb7,0,0,0,2013-08-02 02:07:09,5,8,0.0,13,1,1,1,222,23,39838.6151,284,198.8844,46227
2305,a11724366d3706a5fb079c75ef844ee3c808ac90,0,0,0,2013-08-02 04:59:53,8851,22,0.0659,8873,1,12,6,502,31,22962.2874,2862,1064.5131,45306
2313,ec673ac99708ba6c0d62a50f6c870d846a7435ba,0,0,0,2013-08-02 17:16:17,1720,33,0.5109,1753,8,2,2,1433,82,23699.066,3,1074.4157,51646
2299,703bd684ca79f817392acfed5c26ad0871660735,0,1,1,2013-08-03 21:40:02,242,262,2.0418,504,3,5,4,1519,79,50169.1804,250,123.1262,1343
2316,65daaf9d6ae90c1cd01cdbe23e36998411f0f2ed,0,1,0,2013-08-03 22:58:28,1278,23,0.239,1301,8,2,2,1473,85,29701.7189,222,136.43,457
2309,c552c29dffc848dfb91216bf520d379b5a25e150,0,0,0,2013-08-05 01:13:59,8,28,2.0,36,1,1,1,8,5,8180.2006,371,184.3995,1388
2303,75d0ac9b270a8a82c72e37dfb4b73607b75664cd,0,0,0,2013-08-05 13:11:46,248,203,2.1866,451,17,1,5,2115,4,10948.844,246,119.7003,1226
2308,bf6c3aaba3657b7b57ebfac2de42f6ee27138bed,0,0,0,2013-08-06 02:45:57,48,13,0.6154,61,23,3,4,264,15,30931.5486,38,13.0,384
2312,6851c81867f317110487b05b509841f5c159aaf1,0,1,1,2013-08-06 02:45:57,89,4,0.6515,93,2,2,1,140,22,22280.7641,2862,1267.3333,58042
2306,913edd65090cf4d38aa8bd3b3966e56fc52caecb,0,0,0,2013-08-06 02:54:53,21,9,0.1207,30,2,4,2,156,18,84549.0,2862,1267.3333,4075
2320,ed4a06771f555f49882c37f02ae45a58c2301105,0,1,0,2013-08-06 19:15:46,213,909,0.8664,1122,4,5,3,1497,82,54365.0484,2862,1052.6,58774
2314,238139cda53eae51516c477f7ac10c5397df02a4,0,0,0,2013-08-06 21:55:20,996,7,0.789,1003,33,8,4,1698,84,72079.5,2739,988.6761,45754
2319,18f0234bf908d1f970bb694d0bb58539ab427387,0,1,0,2013-08-07 17:19:09,641,60,1.9464,701,11,4,3,1698,87,63800.98,229,1052.6,58042
2277,f022354cb44a15d034b3a28dec5d38cc97084faf,0,0,0,2013-08-08 15:57:48,29,923,4.014,952,2,12,3,74,88,43380.2557,2767,1095.3732,44322
2311,e533d5afbc0cc1c321060dc40224422d23578b4f,0,0,0,2013-08-08 16:11:38,10,12,4.4362,22,2,1,1,28,11,76622.1432,2825,1037.8149,45442
2318,23d7bd85758762dbc2b717af56c4f590702a8b30,0,0,0,2013-08-08 16:15:27,21,909,0.1812,930,4,25,6,81,22,36860.1404,2862,1052.6,60576
2317,93f838d18518b42427f6596041a7d7edecda4ff4,0,0,0,2013-08-08 17:57:04,7,24,0.0,31,1,1,1,88,19,79792.8848,787,289.8018,46227
2298,50b40e91f0605f5dea56994fe4de47dfd6e46b36,0,0,0,2013-08-08 18:03:08,4,15,0.0,19,1,1,1,39,20,2109.6453,677,243.0179,885
2321,815b2382a34dc25f005c9cc1bde78e10bc5d2ae0,0,1,0,2013-08-08 21:21:40,87,642,2.6099,729,12,7,3,1293,87,14142.8624,2862,1267.3333,2874
2323,2bcfab03c6621114178cd3c248667373bc6a970a,0,0,0,2013-08-09 15:51:53,2266,93,1.0971,2359,7,3,2,1769,21,47783.4622,249,120.7863,1197
2336,f5d632fa7ad94021bde4f4f6401a1bfcc2759c2a,0,1,0,2013-08-09 19:10:36,94,813,1.5047,907,5,5,2,1543,81,54957.0658,2862,136.225,2561
2330,c27a161920a2227cd04f8338a75732920694b1db,0,0,0,2013-08-10 14:06:58,539,395,4.2765,934,42,13,5,1434,56,39579.1586,163,240.6913,7219
2329,cb0a0cd2f8295a526068b7f6c52860e707e7665a,0,0,0,2013-08-12 10:36:43,614,9,2.0677,623,2,2,2,301,34,42719.2661,353,145.1304,35
2322,a34790085ae7f79615f7225911ba9cf8ceb8f3e2,0,0,0,2013-08-12 16:07:53,2,1308,0.0455,1310,68,17,5,32,2,73329.8065,142,53.8532,423
2335,89fc57674e68c834564cbcfd42e158fcb0aa4d33,0,0,0,2013-08-13 16:44:43,1006,14,0.6831,1020,2,7,2,1363,85,60052.4043,77,29.0777,1095
2327,2d2099751c63149f21b5635e0e290722b2ae92d3,0,0,0,2013-08-13 18:16:02,987,80,4.2824,1067,3,3,1,134,5,5378.0339,179,55.3724,327
2331,e15dee2f4a92b1d0822f229488d89a405b4ef0cb,0,0,0,2013-08-13 18:16:59,344,5,4.4362,349,2,1,1,29,11,85337.0,191,25.9091,46227
2324,82081c7b4b2ad2d602374f0817abc4cfc2c86c98,0,0,0,2013-08-13 18:52:34,40,9,0.5934,49,2,1,2,331,19,50318.8988,10,217.1574,54302
2328,c651f83627b4bc491e2ebe6c8f29c311d40ed2a6,0,0,0,2013-08-14 00:44:45,1020,27,0.3665,1047,26,1,2,9,7,30114.7107,548,107.4448,5874
2339,9e846d9ff69f825f6200f7f75fdfc53926bfc255,0,1,0,2013-08-14 06:41:30,343,3317,1.8966,3660,7,5,3,1657,80,60960.3073,2862,1267.3333,58042
2326,65f189b9d0520ce9d6a2ed8742d227e60a3e76d4,0,0,0,2013-08-14 12:07:41,1020,336,0.1262,1356,2,12,1,9,10,65376.0604,180,43.0461,54540
2333,1db8a221b30362d11799b20bf1b699d28022114a,0,0,0,2013-08-14 16:36:22,2443,5,0.1408,2448,3,10,1,26,25,53836.6292,9,1127.7974,44524
2334,a2006b6d8992ebac9eab6fee890cd7b4004872f3,0,0,0,2013-08-14 17:57:57,968,10,0.0352,978,3,2,1,0,0,77272.3692,307,143.1883,474
2332,e7c96c438ca9d4ac43030306127a8698659ac033,0,0,0,2013-08-15 02:07:18,264,1096,0.1002,1360,2,12,1,2342,9,68427.4093,2862,1074.0113,44955
2325,873ce0cb3f05d55753f205092e681c963cd20fc4,0,0,0,2013-08-15 02:07:18,1,1,0.0,2,1,3,1,1533,8,69727.4007,2791,1037.7817,45079
2340,29605aedd9e19f2f07042cd0aa6b31b6c94a4aea,0,1,0,2013-08-15 10:53:28,184,536,2.3696,720,17,8,1,2157,84,34804.5558,171,269.8421,7024
2348,bc12d73a5a0f31ab8258b3d2a35063b5750df91c,0,1,0,2013-08-15 20:17:13,181,909,1.3383,1090,3,7,3,1587,79,29556.8285,2862,1052.6,57233
2338,ea712bbbe8bb66ceb439dad0ddbb10da18a19c22,0,0,0,2013-08-16 01:52:30,6,184,0.0,190,1,1,1,586,5,64482.6758,146,80.4891,349
2343,ebab9d39196384f2b9f37cb241b276f8112ab281,0,0,0,2013-08-16 02:00:35,344,214,4.4362,558,47,15,1,357,29,48790.2917,160,151.2076,167
2344,5dabd1cc0c65b329ff518d7ad3f09e4c11494f18,0,1,0,2013-08-16 12:37:39,582,526,0.702,1108,2,3,2,14,10,84760.2687,322,225.6265,54302
2345,3529ac711e5588918afcc8b514aa03c67a9adac7,0,1,1,2013-08-17 15:40:09,152,71,0.9551,223,94,26,2,1308,1,37053.95,245,122.774,1321
2341,8de7c1f5de0fea4d2e49920eea0f08c33fdb56f8,0,0,0,2013-08-19 02:40:53,2,4,0.0,6,1,3,2,76,12,76928.5527,437,186.9728,1496
2351,bc98886d4bbb15eec28f2e8f059dddbd47999985,0,1,1,2013-08-19 23:01:57,741,909,0.8613,1650,1,2,2,1480,83,48106.9881,2862,1052.6,50128
2342,7a300c2a5e84cc39d1ac7e97dbf2f16a5e0013bc,0,0,0,2013-08-20 16:40:14,461,573,0.9959,1034,8,2,2,1337,0,29168.2166,618,288.1759,58042
2356,dbb55ebd685ca36dc962e07d1a33b3354a1ce433,0,1,1,2013-08-20 21:38:52,49,813,2.2733,862,6,4,2,2050,0,35360.8915,257,107.9824,3914
2350,fcc51ea49bb45b5862acdb458a5c9a96880597bc,0,0,0,2013-08-20 22:30:28,2606,57,0.9062,2663,3,2,1,3055,9,57409.3052,145,39.3305,359
2347,a606c6c5ed25ddb87ffc3f6ca5dfa18d34a46a25,0,1,1,2013-08-21 14:09:20,61,92,0.1949,153,4,2,2,1408,89,62188.9444,824,369.5646,5617
2355,b362aebd304144235121350913839b9a7ba3a5b0,0,1,0,2013-08-21 16:09:58,139,4063,1.2548,4202,7,6,5,1644,80,47834.5525,44,190.0125,62439
2337,5fe46e145adfe54a1fc4521fd274833e3bce4ac2,0,0,0,2013-08-22 01:35:29,1995,36,1.4559,2031,2,3,3,264,35,58112.4577,352,71.9322,58332
2215,647e0678db7c4a112a605754459e3d67973275c3,0,0,0,2013-08-22 03:32:37,4,1,0.0,5,4,1,1,116,14,37815.0377,352,185.0462,2607
2354,d60ead8eeabda1edbb622b9a73f81e835ed69ba8,0,0,0,2013-08-22 03:32:37,6,7,0.0,13,1,1,1,108,16,39651.5751,466,131.6147,210
2357,3f5322f02af3ef7e93706cd80ca65c5b127478e0,0,0,0,2013-08-22 13:39:16,264,33,0.0229,297,1,1,1,9,9,2007.1792,80,9.3763,801
2346,407980c76bee05f91d9cc7d6ce5f664f11b08318,0,0,0,2013-08-24 00:37:21,38,71,0.6697,109,4,15,1,100,13,30523.1235,231,172.3862,2155
2352,cc1072473bf4908ac24ee279111d8ffa6146f78b,0,0,0,2013-08-24 00:50:29,276,480,0.1071,756,8,4,3,115,10,22758.4209,498,204.7501,98
2359,8d1fc58276c9e79eaccb35720b804fa4cc048927,0,0,0,2013-08-24 04:25:06,6,214,4.4362,220,47,15,1,539,36,22390.2769,453,197.5838,2769
2360,cd6aa2d1ef16a8af2e5e3de20e2389575d8021e1,0,1,0,2013-08-24 05:04:04,77,69,4.2353,146,26,7,1,1203,47,26251.0116,382,181.0,2082
2353,65cd5801f53e2d9abe3cd9d557e39a425976cc6a,0,0,0,2013-08-24 21:22:23,924,352,3.0485,1276,30,2,1,385,19,115.0,247,117.3802,1274
2368,02d9238e2ac664ded1db7b923201bd4d9730f9b3,0,1,1,2013-08-26 15:35:19,86,977,0.3226,1063,3,1,1,1333,2,24574.3259,549,420.4658,7042
2366,741aa31a08976093b8adcfe0881232220d63af94,0,0,0,2013-08-26 15:45:01,351,356,0.7391,707,2,3,3,396,34,17640.0389,972,263.316,5770
2361,625d43f83ecad4957aef5ef36bca10f559ddf9c8,0,0,1,2013-08-26 15:49:49,1720,40,0.5485,1760,8,2,2,1343,80,5830.6571,177,179.1817,2783
2365,f5c9b4a8b9a7cabfd99e1f9b3978498a6bd55c39,0,1,1,2013-08-26 16:37:32,13,36,2.1448,49,5,3,2,1542,85,27503.4649,65,23.1246,506
2371,4b805adc54007498d7ddd63ce0de43bfe126675f,0,1,0,2013-08-26 22:41:36,8851,1096,2.0729,9947,7,4,2,1769,87,47673.832,2862,1063.3985,48335
2375,a4dd7aa39277c6c7426b9e05e2d3676bc428692a,0,0,0,2013-08-26 22:53:44,30,2,0.7356,32,33,2,2,1445,84,33072.5987,2,1026.0929,52217
2362,db381eaa0823e2d36bec664722fd17714efeecc8,0,1,0,2013-08-27 02:07:49,43,53,1.1094,96,3,1,3,722,27,38610.176,1,1100.3843,44070
2358,c2847864c6ec05320f18ba380104742b41ca4023,0,0,0,2013-08-27 08:50:07,484,231,0.2469,715,25,8,5,131,86,33394.7789,734,338.238,3075
2370,47b2cd6620894bf0c4c4584036eab49a2e14a50e,0,0,0,2013-08-28 03:44:16,344,214,0.1044,558,47,1,1,40,8,52718.1163,6,1021.6265,1138
2349,6ad62c3f4a44ccbf1b462075610487e771e56f73,0,1,1,2013-08-28 10:31:59,2647,1498,1.3032,4145,6,4,2,1531,82,48664.1822,580,275.9408,5216
2383,254d315d52e0d442212b4a3840ae225dcb4086e2,0,0,0,2013-08-29 04:12:31,104,909,2.6461,1013,8,6,2,1875,1,34324.8323,2862,1052.6,50514
2364,14da6bca01754fc4b4cee1398f5f603a1c5543f6,0,0,0,2013-08-30 07:30:14,996,13,1.357,1009,9,5,2,1644,87,37051.0798,228,121.319,58042
2376,3205e5dbbc8fb8f365b72137cf1c1ea50f15cab6,0,0,0,2013-08-30 18:27:00,283,453,0.0,736,42,13,1,1416,61,25760.3117,2862,1052.6,55962
2367,1a5021525bb68434daa8f7a3f47828b8475b4e89,0,0,0,2013-08-31 18:17:22,130,184,0.0,314,1,1,1,119,24,38916.9282,181,115.4079,1977
2372,83a43f121485a66c6862baca52e740cc479910e0,0,1,0,2013-09-01 01:33:08,1031,131,4.1579,1162,35,14,2,738,24,43714.7212,760,303.9319,404
2388,b14273b4352ac814946d8e1b9f9be479ddae8d0b,0,0,0,2013-09-01 01:35:19,39,813,0.2414,852,12,2,2,1401,85,25274.8535,2843,1035.6219,49328
2379,7375c03aa6b6b8c97b9485e8a94b26a9ca1ee465,0,0,0,2013-09-01 02:36:03,23,14,0.0485,37,1,1,1,73,8,4952.1314,734,1061.4192,45541
2373,3380fa7baf76998b7c2fdbcb85b23fa3f0099f7c,0,1,1,2013-09-01 19:34:11,23,813,0.5702,836,12,7,2,1602,83,35804.4578,2,1030.8849,49198
2385,4e52e0d2add1358c5d80bf9bf805a987dfb4dc5d,0,1,0,2013-09-03 04:18:03,332,5663,2.628,5995,23,14,2,2262,90,44007.8282,411,19.8809,5646
2369,31f6ec1bf5ac642ea0e47e40e62add46901135fc,0,1,1,2013-09-03 17:11:40,13,20,0.0984,33,3,11,2,1480,82,42366.0749,2862,1065.4843,49956
2378,d1595b2175f09d69400c4287994845412f8a8e87,0,0,0,2013-09-04 04:43:49,0,12,0.0,12,1,1,1,578,28,86384.0,164,178.6172,3218
2381,06dc4d0fd278ce0b4b8f86eaca1ff45269c0da17,0,0,0,2013-09-04 12:54:40,7,197,0.8539,204,4,46,4,1692,7,48173.5783,792,354.4217,1918
2391,edc753127311fefa8de47fb9cc42a30cd783c24a,0,1,0,2013-09-04 18:50:45,52,18,1.86,70,6,4,2,1508,85,56682.6492,247,122.2694,1381
2380,b248b1ae390bcbe81724c499882435a4a5eda4d8,0,0,0,2013-09-08 16:40:38,92,37,1.4394,129,6,16,1,229,11,115.0,247,114.0803,1717
2392,04cd81cdbb16e4f64b950325b581c6ba573b14a8,0,1,1,2013-09-08 22:41:24,16,465,0.0328,481,25,1,4,263,23,33322.099,2853,1046.3094,45969
2382,30f5e561312ef7359d9a8ad0c3803e0ae150a4b7,0,0,0,2013-09-09 07:57:02,130,8,0.0,138,1,1,1,17,16,53154.7127,4,1103.8086,9
2384,52678a284382d4da911c007fe8bc84b47057925f,0,0,0,2013-09-09 22:43:21,63,10,0.1257,73,5,1,1,2,6,18532.0346,107,24.3206,54302
2400,4f5242cfbfb302e8099cb514ea78f134fef84d45,0,1,0,2013-09-10 14:13:01,40,340,2.2278,380,8,5,3,1736,89,42940.084,336,87.3385,3682
2390,caef32e5d67c3b093de53bf99479cd457169178c,0,1,1,2013-09-10 14:41:04,23,30,0.4221,53,3,3,2,1797,84,24399.5474,277,112.0768,827
2393,1ff0d8e9f653b7575caa0f2c09e59ff51c79a8ad,0,0,0,2013-09-10 15:23:03,924,36,0.38,960,30,3,1,217,17,83899.0,247,126.9196,1275
2401,70297f9ad44d52cc9612cd91e7305969fc86e204,0,1,1,2013-09-10 18:28:23,91,14,0.9345,105,2,2,2,1339,86,28522.2016,616,226.0778,1920
2389,fd129664ca482181d2c794a68bbd5a5bcc2b01be,0,1,0,2013-09-10 21:43:28,186,3317,2.0197,3503,5,5,3,1679,2,26755.2208,391,179.0008,3899
2398,f5618e36dcec78c0fb791327defad14b4488b235,0,1,1,2013-09-11 15:16:19,171,40,0.5232,211,3,6,1,2274,5,77058.033,663,204.8816,935
2374,4f119341eabcbe276d4409e8ec314ea337f10822,0,0,0,2013-09-11 15:34:20,344,18,4.4362,362,47,1,1,31,7,586.5085,632,215.7259,2162
2395,8cc28a1477e19545bd0f6dca9180c937f9c85c8d,0,0,0,2013-09-12 11:21:20,13,1,0.7852,14,2,2,2,1558,82,47519.4931,1,1015.0555,48899
2396,53e48edc3062bafb7a8b5c3c301add5cd6a2cb19,0,1,1,2013-09-12 15:10:16,68,11,0.441,79,33,8,2,1581,89,13504.0453,368,151.5818,4383
2404,f663a996c799bd93963a50b418ed5fcde2e48a40,0,1,0,2013-09-12 17:35:31,64,813,1.2371,877,4,4,2,1480,85,28421.0724,165,158.9963,184
2399,2ce932761afd9f0b0949dcd97d360927c3a2c007,0,0,1,2013-09-12 18:24:26,717,451,0.7902,1168,32,12,2,1474,83,9252.4395,2817,1033.7419,48481
2405,fa70e064c41b13c1528359485c0e2bffcf3b23f6,0,1,1,2013-09-13 07:15:24,3984,344,0.7673,4328,29,2,2,1395,82,28225.3609,52,63.2357,54302
2409,e546e33872426be0db084b2eee1f9ffac0994772,0,0,0,2013-09-13 07:27:44,645,4596,3.2975,5241,7,8,5,2213,86,29700.3217,2862,1267.3333,60814
2408,50c9d77e1b2be206a765e7f86cd4b8ecf3d232df,0,1,1,2013-09-13 10:06:46,5,13,0.6833,18,3,3,2,1517,82,17807.1839,647,377.3551,5084
2377,806a45225bb5fdfd5f21cbc90456dc9dbe7c4461,0,1,1,2013-09-13 16:37:22,996,1,0.9696,997,2,8,2,1459,84,42893.0829,168,68.646,58042
2402,0e18f23c5cb7080b3bbaee15b87001b323fd1c29,0,1,0,2013-09-13 16:46:01,80,996,1.9062,1076,8,2,2,1792,89,42275.0847,243,99.5433,2638
2407,b281dd15db9139a50493aa35c85ea270cc9e84ef,0,0,0,2013-09-13 18:53:32,878,574,0.1228,1452,2,2,4,2331,5,77273.2686,231,218.6978,1664
2397,6ec4eef2b0d7c7ef235299d47016dd64ff2ace04,0,1,1,2013-09-16 06:39:13,38,977,0.9312,1015,3,1,2,1641,86,62276.5688,792,298.7895,1320
2410,bab28e4ae4cf420f24433c24ea64177d78a7307b,0,1,1,2013-09-16 06:43:46,89,95,2.1247,184,5,4,3,1483,88,39195.9262,734,250.0,2886
2412,a05f6309d16ce6943442c4f5734000d34ab313e9,0,0,0,2013-09-16 13:59:26,8,4,4.4362,12,2,1,1,1356,9,47064.4276,331,144.8889,810
2406,56b5c6f3024625b90f7a1deef1def7a7002b6e28,0,0,1,2013-09-17 13:31:13,22,2,0.7205,24,29,2,2,1451,84,9119.9268,722,345.8245,3421
2417,dc95c8c0beb9309cfdfbabbd32ea1b74084daafd,0,1,0,2013-09-17 17:06:18,131,90,1.9197,221,9,6,3,1945,86,51449.0907,2862,1060.263,50842
2403,dfe49376097cf73c04c0d8506782263a2e820cb0,0,1,1,2013-09-17 21:49:11,340,4063,1.326,4403,8,6,3,1414,79,37060.3292,12,984.5059,45452
2419,07b4878b046aa1a3a4717643095c03d9134878cb,0,0,0,2013-09-17 22:17:05,93,439,2.8868,532,7,4,4,1666,80,11753.8392,12,912.5635,48168
2414,e638acec945924d31c35fa6308b62ab6873bec6a,0,0,0,2013-09-18 12:12:09,924,11,0.4543,935,3,3,2,1570,86,8849.0573,247,124.8198,1400
2420,8d6271ddf22115da4032247f1fabbcea1b9a9d07,0,0,0,2013-09-18 14:39:35,996,34,0.1618,1030,33,8,4,1442,89,7978.0,2743,993.277,45839
2411,e93578b3bd9776b99d4068201b1f872f8f8689e2,0,1,0,2013-09-18 15:51:17,862,118,1.8154,980,10,4,3,1626,2,37702.2157,537,268.3855,82
2429,7161aec42c5bdb9e007587e20bc71603a505a95d,0,1,1,2013-09-18 17:12:51,124,65,2.621,189,8,8,3,1577,84,28226.9539,2551,961.6654,53594
2424,9d7bb1e0c27fd5076afc750150ab4b86f228efb5,0,1,1,2013-09-18 19:19:45,47,17,1.1324,64,4,3,2,1494,83,9807.2384,188,43.0323,1523
2387,eb390d02e57894bc04505571e1d0c1d0a08b3dd4,0,1,0,2013-09-19 05:38:53,356,152,2.9734,508,13,13,5,2464,89,33578.8452,323,1267.3333,56836
2428,a552b305f3d1b17e394744b18efd7f40599f3c2e,0,1,0,2013-09-19 07:20:13,1366,25,3.3362,1391,19,8,2,1779,84,38035.7893,426,251.3522,60700
2416,a886e34909c313a1c3fa5dff48b77f1cee2c6847,0,1,1,2013-09-19 09:56:17,10,211,1.0298,221,10,3,2,1629,82,22955.9161,816,380.2622,3885
2427,caf047b8581709ba57327f9e3c4607f273771840,0,1,0,2013-09-19 12:53:24,1720,47,0.4462,1767,3,2,2,1570,87,3971.0684,338,67.3293,4110
2432,df046d6b4262c3a879b60d1b6f082aea792e09a0,0,0,0,2013-09-19 15:18:07,132,4596,2.7158,4728,6,4,2,1511,87,33546.3158,2681,914.929,55079
2413,72be2a4360caa0f9c315097bbd5d9199a032821c,0,0,0,2013-09-19 19:37:33,741,909,1.7588,1650,2,4,4,1771,83,37131.075,2862,1052.6,51559
2426,5a7cc11f29c69265d6302a54690476b7ef2de61a,0,1,1,2013-09-19 21:49:15,10,13,0.9404,23,2,2,3,117,19,16306.0773,2786,1089.978,47137
2431,e5cbde9d62d7cb3a4755099750107aea77b157be,0,1,1,2013-09-19 22:43:21,6143,1345,0.6766,7488,3,3,2,67,15,51275.2245,80,1079.45,55485
2421,fb43309b4741372f777e8ce910cd496299a1ebbf,0,0,0,2013-09-21 03:24:10,57,31,0.2848,88,2,2,2,1541,86,20799.2945,441,182.7798,2922
2433,5dc508645759f6f45f837ae38bbefc631b2209a6,0,1,0,2013-09-23 14:22:00,18,0,0.4908,18,2,1,2,1505,83,41768.9965,2812,1067.8835,48938
2438,2267c20942feb486fbbf1bd54d7a0fbbe468ae10,0,1,0,2013-09-23 14:30:22,186,1517,2.3861,1703,8,8,4,56,25,54356.3064,2670,945.6024,45348
2447,ba59423b69b6d3c8c8372ee1ee40ffddf0f9d2ad,0,0,1,2013-09-23 14:39:45,27,2291,0.813,2318,2,2,2,1553,0,53982.1664,677,294.1497,1488
2415,3448ca57f3714521b5b7fc88fac43e31d0adcafa,0,0,1,2013-09-24 07:55:00,614,99,1.0533,713,2,2,2,1620,82,51079.0275,25,50.6961,54302
2434,326d5454dd22a40117791952a80fad37e9161d89,0,1,0,2013-09-24 13:59:09,878,179,2.0729,1057,16,7,3,1271,74,53911.9895,299,311.2,1682
2425,fa8d92312e2f881fab8e58c8afc7265bd0d52bab,0,1,1,2013-09-24 15:26:04,8,50,0.0,58,1,3,1,156,22,167.337,624,223.4891,1568
2449,546485310e20dd2c6c67f863cba4b5acd1bae586,0,0,0,2013-09-24 15:44:20,130,344,0.7271,474,29,2,2,1522,82,40636.7705,2778,1077.6786,48986
2448,1b79d6ed4f19752369a0345ae8d611ec107746d5,0,1,0,2013-09-24 15:44:20,15,909,0.6342,924,67,1,2,1437,85,41536.2197,2862,1052.6,49594
2436,102e9119b8f9cad55ac84bb65cf0d620b3e17533,0,0,1,2013-09-25 12:53:30,1955,724,1.196,2679,58,2,2,1369,88,44743.4365,88,25.8934,502
2441,25926d0946ff04243dab6876dcdd76b05c57e472,0,0,1,2013-09-25 14:58:48,4,3,0.0,7,1,1,1,318,30,3063.7954,640,244.8286,1161
2450,5d08a2518d3c538ba7c6a91893424493b28fd9ac,0,1,1,2013-09-25 19:08:25,996,2,1.061,998,2,8,2,1499,84,35450.4219,222,104.3581,717
2418,308a3e41e7a70be90ab3335601f3a67aa93d8927,0,1,1,2013-09-25 21:07:27,64,56,0.0616,120,28,9,1,67,3,18757.5738,734,226.7166,1714
2439,00e871d0fa4f34e0024d82934d7ec9649ab62680,0,0,0,2013-09-26 03:15:52,611,206,0.0821,817,12,1,1,31,8,85602.0,521,120.6751,54302
2445,389ff55e2bbc3046a6ad1aba85bdaab0e38dc6e8,0,1,1,2013-09-26 18:49:07,122,152,0.3418,274,2,4,1,33,7,37492.6992,725,164.9766,4251
2460,20c419b9480e0e5b3c1da53a106b2a6760be35b9,0,1,1,2013-09-26 20:38:13,201,123,0.3345,324,7,3,2,1685,86,55489.6752,2862,1052.6,49386
2444,7a87fc1186f39678382cf9b3e1dd224d9c71aead,0,0,0,2013-09-26 21:10:15,741,11,4.6086,752,67,25,6,28,6,1500.1118,2862,1052.6,46316
2451,8693a26e42851b99716317f8c44d571f674fb697,0,1,0,2013-09-27 22:38:00,111,148,2.3325,259,21,3,1,1098,37,28449.9058,2717,967.6754,43707
2435,8d3d67e5f2ce2a215dc9f72ca252e5f0efdadc6e,0,0,0,2013-09-28 02:03:15,52,234,0.1201,286,3,2,1,72,90,39558.1079,497,215.1507,388
2446,ee553f32d31afc0c9ac627f713050bfcbc24ab36,0,0,0,2013-09-28 05:29:11,5,7,1.4482,12,1,1,1,1,2,7705.3665,630,248.5298,54302
2461,c8915cea4ba58174208c083b145fecaf93c7e69a,0,1,0,2013-09-28 15:22:17,66,47,1.9425,113,8,4,2,1567,88,41803.2217,2786,1114.9239,52338
2457,d7bf566aed0cd8add3707f97aa309b2bba9b28ee,0,0,0,2013-09-29 21:53:45,1006,28,0.3361,1034,12,2,2,253,36,18596.0004,2758,1000.9637,48214
2464,65773b1cdcec02eef0d73c15890fd0071bb78949,0,1,0,2013-09-29 22:28:09,137,17,2.0899,154,5,3,2,1686,88,28669.7771,247,119.3356,1404
2456,898ce5f046fe2405a521f3128252d28ae9748f58,0,0,0,2013-09-29 23:17:51,23,203,1.4242,226,3,4,2,1708,82,23660.3896,245,125.0437,1358
2458,00f6173f5d80bbdfd05b725236ba96cbbca58746,0,0,0,2013-09-30 18:01:16,344,214,4.4362,558,47,15,1,585,31,39831.8808,2809,1024.7149,44809
2459,705e8d5a7d179b4b9b4e002cb549af3848920236,0,0,0,2013-09-30 18:03:09,1446,862,3.6231,2308,2,10,1,552,34,4090.878,2741,1130.0781,41628
2463,8f88670f721f4ab4206c9b2d5594eabf1b46cebe,0,0,1,2013-10-01 15:38:22,614,2,1.0372,616,8,2,2,1433,82,49942.5541,669,363.0304,4147
2468,dc7221f0bfd44dfb70d0f9256c9cb1fe91462c50,0,1,0,2013-10-01 19:20:19,255,86,3.1615,341,9,8,4,2160,89,33842.1308,2686,992.5797,52834
2467,32c3f44a684a1208bf9d43c18079ba45aa8e2fa6,0,1,0,2013-10-01 19:25:42,285,32,0.9287,317,10,6,6,1648,84,22314.8812,2862,1052.6,51019
2422,88944ffcd85ae59fc92202a5a547b3c65efa03f0,0,0,0,2013-10-02 15:06:53,123,35,2.4659,158,6,3,3,1871,86,55568.617,63,6.7334,58332
1454,546cbf5ffc8205e361ed9cf57b44faa384097c45,0,1,0,2013-10-02 16:00:04,18,3,0.6458,21,1,2,3,59,11,72186.7581,2781,1027.8401,44547
1463,70239e17b55b9e13b7f356683d78887f0c9a83c4,0,0,0,2013-10-02 17:42:06,2,3,0.0,5,1,1,1,17,10,12116.5224,4,1044.2485,46044
2452,5440a0a6767544d6ea1ba34f5d2a3e223f260fb5,0,1,0,2013-10-02 19:09:29,1487,54,1.6708,1541,5,2,1,343,25,41589.3609,80,1087.8746,48495
1455,76cb10ca92d46ccf9bb3f81f0ad897c6fb9bbf53,0,0,0,2013-10-02 21:10:47,741,26,0.1031,767,67,2,6,1959,9,35820.4646,2862,1052.6,46609
1459,c7af3040c6ecd7a7fa7288ac56ba0c7fe0602e40,0,0,0,2013-10-03 02:59:56,11,35,0.1087,46,2,1,7,101,11,17689.3507,321,235.3332,4590
2437,b3647d9e7e30668370b701bb0b3724a111e24795,0,0,0,2013-10-03 09:21:18,8,3,0.0,11,4,3,2,52,14,84972.7851,682,321.0935,1500
2462,31a9a2fd1e93e41632b729b43c0894c0e8e0c4e9,0,1,1,2013-10-03 14:30:50,1,0,4.6086,1,1,1,1,22,10,74854.4602,2862,1052.6,60576
1460,55a55000526bc24313bbc7afc08f758d35dda03a,0,0,0,2013-10-03 14:53:00,17,12,3.7384,29,25,14,1,174,23,85592.348,734,1044.5327,3040
2454,8dfd75de160a29516af315166649d5c66cec3113,0,1,1,2013-10-04 07:37:22,2421,6,1.3754,2427,9,3,2,1693,81,47931.378,104,27.312,405
1466,56b0e7bbbd9223830ff755684a1a7113d083539b,0,1,0,2013-10-04 21:36:31,6,465,0.023,471,1,1,4,248,22,9171.229,734,1046.6804,3040
1470,a28b4300c53dfcb8b5a23b0b0295252e0788ee21,0,1,0,2013-10-04 21:48:37,225,71,0.3676,296,4,3,2,1582,87,30405.6873,2780,1024.0639,50825
1468,6529d7309a72916d9efd126a281801b9cfae7d68,0,0,0,2013-10-05 00:41:58,987,2291,0.9158,3278,8,2,2,1549,81,17162.9726,2746,1087.4983,47656
1473,5b7dd5e62897d0ac13f96330e360d2262aeb0650,0,0,0,2013-10-05 02:51:39,59,17,1.9264,76,5,4,2,1651,85,30236.859,1,1017.1878,51670
1472,89428ae268d2be5371a50c77d0e21bb5e952db77,0,1,0,2013-10-05 23:30:54,4,260,3.1713,264,1,10,3,208,25,9812.3352,285,122.6395,4222
1461,8d9b5fdaedcd06462882212781fe8d86f34c4c44,0,0,0,2013-10-05 23:42:29,3100,72,3.9267,3172,6,2,1,416,20,75970.6542,281,146.8786,1710
1474,4784e6717a7217f0d82cbf73d0d3883ec52211d4,0,1,0,2013-10-06 16:27:33,24,14,0.1105,38,2,2,2,1607,89,61866.9585,1,973.9186,52164
1475,d396fd47df2c04d75504208eb1de9d683747f5ee,0,0,0,2013-10-06 18:35:11,16,909,1.1212,925,4,2,1,260,21,72253.9012,2862,1052.6,60576
2455,e43b82ba6c02d305020959adfcb2189389c82261,0,0,0,2013-10-07 00:39:31,266,88,3.9267,354,5,14,1,147,21,9224.4096,385,161.4888,1730
1465,9d31ac14dfec10ede53cbd6fecfd9a08c39bfa45,0,0,0,2013-10-07 17:55:29,248,203,2.1866,451,17,1,1,320,20,25705.9332,248,123.5595,1231
1469,a2b12784fe3785fe96d9c0e2d7e8c72bfc88ac7c,0,1,0,2013-10-07 20:22:11,149,10,2.6436,159,10,6,3,1894,90,27239.3363,120,59.6187,54302
1456,b77fdcc3df540ce5f735844eec0cd4cc7909ec07,0,0,0,2013-10-07 22:00:43,344,2,0.0501,346,47,1,1,30,6,9707.1616,581,245.3741,992
1489,6a543407835fd40f007a9210d1f837d621d446c7,0,0,0,2013-10-08 07:40:49,924,352,1.2844,1276,2,2,2,1415,82,60316.3824,247,122.6907,1379
1480,fe56518d94bb53cf931a4700d9c5e4e56fc6f703,0,0,0,2013-10-08 10:27:02,2172,719,0.453,2891,96,22,1,95,5,33204.8199,574,255.1498,59905
1478,102c3c123ed52bff6d2e2418bb393b9fdc427f7e,0,0,0,2013-10-08 17:04:34,4,260,1.0615,264,1,2,1,2079,9,7807.7461,2797,1017.1239,44758
1483,f31e399abe01c0e78f3b8289c562c2f279f04c2c,0,0,1,2013-10-08 20:37:58,8851,11,0.9504,8862,1,2,6,148,23,12695.0884,2862,1042.6197,47349
1486,111c74ef94d4d75c19611ca3e77d7c54552810f0,0,1,1,2013-10-08 22:21:31,67,948,0.9016,1015,2,2,1,408,27,33555.4052,2778,1093.7673,47395
1484,1bba280b790a9abf1f96048e3566a0fbaa854141,0,0,1,2013-10-09 14:50:22,43,55,0.9232,98,36,2,2,1405,82,21544.5576,734,336.2617,3006
1485,6fae7a6509c516c403c8b343ab208225669095d7,0,1,0,2013-10-09 20:22:25,21,45,0.8051,66,1,3,3,524,24,76667.6874,6,1010.0957,48140
1488,9644f098967d6ba9154725148a383b3502ef62c2,0,0,0,2013-10-09 21:24:17,1,15,2.9601,16,1,27,3,1794,12,85359.0,418,179.4736,1883
1476,490135213d9cca5fbffc145d94222ec74dc65b6a,0,0,0,2013-10-09 23:31:32,1669,6520,0.0609,8189,2,1,7,156,24,12460.8664,318,143.0922,773
1482,8a506e66a66c004a7a253e3dd28845517da8a967,0,0,0,2013-10-10 01:52:19,611,206,2.8246,817,1,1,1,17,8,42046.2296,444,210.2632,50
1501,7290abd198d6c63f1109094cf237d9c84f617f7d,0,1,1,2013-10-10 19:45:46,225,62,1.1981,287,5,4,2,1854,84,46558.8412,2862,1065.4327,51153
1487,bc8e2475fa71f4bbbf95d4294d78b96a1aa1211c,0,0,0,2013-10-11 20:22:35,80,59,1.0603,139,2,9,1,2301,5,33028.3396,618,229.0488,3316
1500,5fab1276cae60d59dfbeafab98b9c6d1bce2e7f0,0,0,0,2013-10-12 16:49:47,45,6,0.2447,51,8,2,2,1445,86,32691.8478,174,99.9253,54302
1491,4e35969795793159075cd9368f3dd595b265584f,0,1,0,2013-10-14 19:13:18,1311,183,0.0,1494,1,4,3,100,23,52175.7927,384,105.2663,55122
1496,d6d35ba31e193cfd6f73019c3dbe97670f782e61,0,0,0,2013-10-14 21:34:49,130,5,0.0,135,1,1,1,75,22,20453.3458,521,255.7525,2662
1515,8dcdce4e904d419e821aa80a9d21f61ef8803911,0,0,0,2013-10-15 16:09:11,81,18,0.2916,99,3,3,2,1598,86,44442.7721,584,206.8752,743
1492,5c0c84b3d115880e786063df3b6e5f59eff402a0,0,1,0,2013-10-15 18:34:01,328,131,2.8004,459,20,11,5,669,12,27188.5319,115,37.3551,96
1494,4a0f26c1315ef3a9c1fd7cac5d43bbdb91f36131,0,0,0,2013-10-15 18:34:01,25,64,2.9116,89,18,10,4,436,21,40102.5213,27,22.0858,2310
1497,8d319b06a1086f31271c451f67a3d78b48aa0820,0,0,0,2013-10-16 12:32:27,144,0,0.0,144,1,3,2,180,23,71267.5071,666,243.3942,2783
1504,c9528f9c9c6c53779959419625ac6aaf3ed86025,0,1,0,2013-10-16 22:09:07,602,31,2.8043,633,11,1,4,2558,36,14493.8365,41,24.2916,48
1499,aefa20d0fe2360ab9ee8db6d2c535f5eed498669,0,0,0,2013-10-17 18:22:18,23,5,0.1017,28,32,8,2,233,28,8886.2151,613,237.9693,1609
1506,886f16ca1c14f1209151579408b59cd699832cbf,0,0,0,2013-10-17 18:37:04,130,11,0.0,141,1,1,1,325,32,1948.7698,581,249.6265,2541
1507,4e53d1e75c1f327ece05cf4445dff4d3f2cdf44c,0,0,1,2013-10-17 19:04:10,130,184,0.0,314,1,1,1,41,7,7.0,524,274.9732,297
1502,c5368c70f2febb2f37682baf8c013ad856d56a46,0,0,0,2013-10-17 22:09:36,93,6135,1.5672,6228,13,2,3,1696,88,31227.0733,3,989.5074,46121
1505,f19610c1a9357e217d156908386b7c04c865758c,0,0,0,2013-10-18 01:50:46,22,30,4.4362,52,2,1,1,79,9,39975.9521,331,205.8627,2786
1510,351d43ef120a725cf83d29f80fd243ad9fc30fc2,0,1,1,2013-10-18 01:59:36,210,64,2.1429,274,10,5,2,827,46,40925.4676,613,249.9489,1791
1508,4dc5d690f1483ed8e112c0d7834af1e46b982b05,0,0,0,2013-10-18 05:22:10,344,5,4.4362,349,47,15,1,527,36,13001.623,642,208.4963,2114
1524,16bb89810df5d1b0d8c7262c1f6c426e36866372,0,1,1,2013-10-18 08:50:07,386,1096,1.8954,1482,6,5,3,1597,88,52841.7735,2862,1033.5815,60010
1503,91bd207ffb3bb8fb1071488a372f65ea168cf222,0,0,0,2013-10-18 14:08:20,2421,25,0.3081,2446,3,2,5,336,34,82135.75,139,30.6743,349
1509,44f8ba4f702bce85265bf841daf32204e9ee8221,0,1,0,2013-10-18 14:44:14,582,99,1.1441,681,4,2,2,125,11,40531.2687,292,343.9796,6112
1493,4a382ff4565f6c85e36587683051257e1abb590d,0,0,0,2013-10-18 16:11:24,1446,862,3.6231,2308,19,10,1,508,39,41399.1086,755,277.8234,3313
1519,558483dd20439d1bc74dec6ebed0b4632ef5a1ca,0,0,1,2013-10-18 16:11:24,55,12,0.1463,67,2,9,1,399,41,35462.6263,619,225.7859,3316
1511,99bef9dfe8bbf83526b5a3686a7eb1aaf7cb9b94,0,0,0,2013-10-18 16:15:57,264,168,0.1763,432,4,1,1,556,35,5173.662,477,333.7368,5349
1520,2bc30e4ba50f8f21d357d88ae4cf70e15df270bd,0,0,0,2013-10-18 19:33:05,3,2,0.0,5,4,3,2,489,39,10959.717,654,206.5494,1243
1513,db275f4075dd9b870bd30ee7deccbb072c625a03,0,0,0,2013-10-18 19:48:17,4,2,0.0,6,4,1,1,497,38,86281.0,554,241.9436,2180
1498,e983ef13b0cc4c16aad2c63590f3e42e6bc2d732,0,1,0,2013-10-19 01:41:00,351,12,3.6368,363,2,13,1,503,34,18497.8103,339,200.6633,3046
1516,30205558335d7ea547842db033d9d8f5e8834973,0,0,0,2013-10-19 05:47:31,135,106,1.0091,241,2,2,1,106,13,47752.9471,312,193.1762,1774
1521,232906d7e01587c32739c61cd72079715c0abb3c,0,0,0,2013-10-19 06:48:43,582,526,0.0332,1108,7,3,2,15,12,56723.0952,177,60.1209,54302
1523,6f0b88002ecef88e31074356125f28f81a22a98a,0,0,0,2013-10-19 22:39:42,61,755,0.2047,816,2,6,3,9,4,36681.3687,27,1181.7144,50647
1514,0c65759ef4cb91bbca60881c9e3aae39ce9ddc2f,0,0,0,2013-10-19 22:43:10,8,214,4.4362,222,47,1,1,1356,9,54827.9122,6,1075.5467,45339
1532,abe1395cbc29b21856d06b4bb3857fa7ae95eb18,0,0,1,2013-10-19 23:18:58,38,513,1.0471,551,23,11,3,1564,86,38710.1475,2862,1033.999,49957
1537,fa155248eeb88fabe2a67fd9b591bc3401c1bae6,0,0,0,2013-10-19 23:18:58,15,58,1.1855,73,1,3,2,1696,79,37045.9656,20,1101.0929,54612
1490,9afac241090ee961bd1bcd3c9e78798ac1868d37,0,0,0,2013-10-21 01:52:08,8,3,0.0,11,4,3,1,32,8,3568.1841,370,165.1998,1457
1522,d00a2336b7163ad8b4a0c0f4a848ad79c3652903,0,0,0,2013-10-21 02:16:38,11,24,0.9218,35,8,2,1,477,35,9108.1145,329,194.5025,3865
1525,df188cc8d286b3ad17e21332dd5633d9f974108e,0,0,0,2013-10-21 02:24:40,51,18,2.9601,69,5,27,1,83,11,75958.9933,2862,114.8124,1863
1539,edd1226fda7408f97ded52a8cdab0ba1dea8d0df,0,1,0,2013-10-21 07:38:33,69,1132,2.4139,1201,9,3,2,1692,1,25110.5671,248,120.581,1448
1530,189a60728db1e01bfeaa664b41431701fd684f5f,0,1,1,2013-10-21 08:10:54,104,31,2.1045,135,6,4,2,1627,81,43929.7211,619,308.6807,4377
1534,b365edc46266925a6aec028345f6a47d415a1f0d,0,0,0,2013-10-21 09:38:10,38,6520,1.1465,6558,3,7,7,151,34,10971.0764,361,175.9882,3314
1512,7e057f504613e68082a76642983d353f3f0400fb,0,1,0,2013-10-21 16:26:05,3,2,0.0,5,4,3,2,28,12,53031.652,279,110.6435,1850
1527,a9b403e649aaa4de5e28d3bd4c562568d0ae3fbc,0,0,0,2013-10-21 22:54:01,3100,51,3.9267,3151,5,2,1,235,30,22274.516,281,184.5741,1660
1538,db9bc6929657fac40cf25af94bf919f1b213655a,0,1,0,2013-10-22 00:06:30,449,774,0.0,1223,1,1,1,0,47,49375.8008,281,152.4919,1637
1533,4768daa9d0ad55f026615d1aef330c38203d80d1,0,1,1,2013-10-22 07:55:40,261,240,1.1892,501,36,2,3,2050,16,45374.2352,734,330.7015,2895
1536,66fe5bdaaa1f5e22d33528c3d2313cc23e7621d8,0,0,0,2013-10-22 14:08:53,203,56,3.2601,259,18,3,2,228,40,36784.41,480,272.3108,8196
1526,7159ec10046fd4dce58ca9406ef096fdb965700d,0,1,1,2013-10-22 15:42:50,1006,19,0.7608,1025,2,2,2,1598,85,43476.6527,698,320.7485,3887
1529,59bf44dd94939cea513a74250f6002357d1f9f2c,0,1,1,2013-10-22 20:28:47,558,93,0.8806,651,4,2,2,284,18,41866.2612,613,237.9931,1733
1540,4155afd510828770c2d666a7e4cea28062964130,0,1,0,2013-10-22 21:44:35,1278,340,0.2081,1618,8,2,4,745,34,75210.4214,448,139.837,54302
1518,86b26b67fe9dd804b84a56c2535726b966d28d13,0,0,0,2013-10-23 13:57:19,582,526,0.351,1108,2,2,1,14,12,46675.4807,610,421.8988,4392
1531,854de4ed5681a5b7772d313bb5b44ade21ae4b72,0,0,0,2013-10-23 14:40:15,582,16,0.0984,598,1,3,1,11,7,46862.9092,2727,997.8862,44484
1541,c040759da53e70c2cb9ed93186bcdba2b55405ec,0,0,0,2013-10-23 15:34:03,558,93,1.0137,651,3,2,2,1628,80,57467.5532,613,217.1345,1764
1542,4adfd5c5aa82ec676a57cc4964f35e8a88700caf,0,0,0,2013-10-23 15:49:44,637,10,0.8002,647,1,2,2,297,35,27564.9459,187,94.9716,56165
1528,721c4a5ecccd45b2d9ca046d86c350e2fa6a76e1,0,0,0,2013-10-23 15:59:50,924,24,0.1716,948,30,3,6,289,13,57724.4009,247,125.9642,1717
1546,a2b224a45975286ce4db5133d3a8f4b19e05ec63,0,0,0,2013-10-24 03:49:45,264,135,2.0,399,1,1,1,485,36,20264.6746,552,108.3422,474
1547,9eddaa8ffa212c42f32f7d1e8b485d5aa0e2f10f,0,0,0,2013-10-24 14:56:38,878,26,0.1021,904,3,14,4,621,41,40471.3073,602,235.5047,1388
1535,dcbf35c552a53e7779d7da917cbce78ecf109021,0,0,0,2013-10-25 14:47:00,6,214,4.4362,220,2,1,1,31,10,36225.5778,2826,1078.6884,45486
1544,9cdc755f8570e774a1bfb4dbbac8cd4a9c8b9bf9,0,0,0,2013-10-28 01:36:09,92,52,3.4069,144,2,1,3,6,2,83717.1815,335,142.2906,54540
1545,e6b4fcf24c46019dae955aba54939ad18afad8ba,0,0,0,2013-10-28 01:41:54,3100,82,0.3157,3182,35,14,1,127,8,18461.4796,281,187.0869,203
1551,f1c0524347190dc28db21c3b27e2c05fb36dae43,0,0,0,2013-10-28 10:38:22,685,42,3.7511,727,11,5,2,1517,87,41398.9302,249,120.3852,1430
1552,46f71866a1dde31d499f7875833210dcb7bf3d04,0,0,1,2013-10-28 12:52:16,996,92,1.2541,1088,2,3,4,1622,89,41156.181,364,152.5331,58042
1548,27da625fb2b67edd7615427c679db1b62695d82a,0,0,0,2013-10-28 16:59:15,11,5,4.4362,16,47,15,1,106,16,71485.1639,693,256.7091,522
1549,b5d563ec3c7d569e626119bd5900026c07f247b6,0,0,0,2013-10-28 17:21:24,924,352,3.0485,1276,4,2,6,483,27,8309.7518,247,116.4128,1717
1556,5eddf185465a0e2dde18df179faefb9a68fba29a,0,1,0,2013-10-29 20:03:29,215,23,2.5389,238,12,7,2,731,50,43259.8494,497,156.7915,6469
1557,786672edb6b4156e69bb3daecb9bcca0cba7db21,0,1,0,2013-10-29 20:25:39,381,107,1.1517,488,3,5,3,1656,88,51758.8223,2862,1052.6,58749
1568,37285304ee484122410c977399024f2af132753c,0,1,0,2013-10-29 20:25:39,273,64,1.4863,337,5,4,3,1333,76,50511.966,2,983.2719,8
1550,9a9449406ede4e9efcd14de0fbc5c0e43272cee5,0,0,0,2013-10-29 20:36:10,10,3,4.4362,13,47,1,1,34,8,908.5889,6,1056.4475,46037
1559,f3a75035ac105d032988d8b26e562458ac469699,0,0,0,2013-10-29 20:39:30,327,16,0.9516,343,2,2,1,232,13,83068.0,2698,1171.6424,49816
1561,7187a8af05b53d5318f3e4fa47122b232c4c7e52,0,0,0,2013-10-30 10:20:47,5551,90,1.9029,5641,4,2,1,2581,17,53674.6391,323,174.8992,3372
1553,d4b5b0dbc541b4b6249ccd1b507c777d7fc0bc4f,0,1,1,2013-10-30 15:14:15,628,375,1.8845,1003,9,4,3,1871,78,67083.9025,2609,1169.6426,54492
1564,36cdf34bd92ede5ad99447e10d90e6caa1fd743a,0,1,1,2013-10-30 15:17:23,983,982,3.1179,1965,21,8,3,1020,43,23468.5042,2862,1119.5486,277
1555,620bb80eccda228573e0c8f821d766c16f89d2ea,0,0,1,2013-10-30 15:44:33,3,2,0.4895,5,2,2,1,1743,87,3954.9417,1,1019.1901,48888
1567,4169aa3d448c402da32ff5b10f687fbd460fc1e1,0,1,1,2013-10-30 16:20:55,4062,1700,1.4821,5762,7,5,2,1414,82,37247.7594,840,300.3801,5875
1566,3d00fe6cd5577ee92e5659a1abe9bd9f8d735012,0,0,0,2013-10-30 20:44:46,558,43,2.8914,601,2,2,1,157,12,6655.5276,613,245.0993,242
1554,47b8fc422f3978c7173c91e7324953d81e5f5b63,0,0,0,2013-10-30 21:10:26,7,3,0.0,10,1,1,1,26,18,900.903,636,243.7575,49967
1562,ddb8bc68a9e6198c6eb5d49afdaff2bdc57a1ede,0,0,0,2013-10-30 21:11:06,38,50,0.0,88,1,3,1,9,16,86281.0,652,200.0698,49967
1565,81219d4f39ef0e2b27a22cd91ec4f688d48d8cd4,0,1,0,2013-11-01 05:20:34,14,18,0.0,32,4,3,2,12,1,39323.2857,362,162.972,78
1577,7918718c8ce53c6d0958aa969fc813e586463d08,0,0,0,2013-11-01 05:57:48,21,8,0.6355,29,2,8,2,1492,89,38317.4887,63,7.2028,1004
1571,91fa4672248e4f5c3e829d312564d1cd5e1750bc,0,0,0,2013-11-01 16:34:29,54,28,2.3676,82,4,2,2,123,16,73394.5082,2579,1225.2862,49313
1560,84b47c89a1520f41bdf2cb1e0da8ec18a1cbfd21,0,1,0,2013-11-02 00:43:08,8851,1096,0.9588,9947,2,2,6,219,19,49347.8418,2862,1048.1874,45812
1570,54e91e551c73a923ec89a3abb2701a5945d5f80d,0,0,0,2013-11-02 00:51:01,6,50,0.0,56,1,3,2,447,41,14510.1271,5,1100.3466,47785
1575,c0ba85a40012ef65b7f563a09817da3c0cf04e5c,0,0,0,2013-11-02 02:27:30,741,909,4.6086,1650,3,2,1,40,11,20018.0543,2862,1052.6,46446
1580,ce206e20142024dbeff9ed68cb0ff4aeb4aaf0b8,0,1,0,2013-11-03 05:06:34,111,566,3.4822,677,16,12,3,887,85,44522.244,2718,1145.4031,49929
2394,6c9efb0e16ebb65fb1989ae4c28074c83f792946,0,0,0,2013-11-04 15:04:07,344,7,4.4362,351,2,15,1,39,11,2727.957,793,353.7529,2057
1569,4a439d22c53c658a1f05bf84f56a319312669a96,0,1,1,2013-11-04 15:12:02,248,87,1.1862,335,8,4,4,1774,85,17704.1761,868,407.6965,7834
1588,e76819135163836ce687cc26d4a085d73e6fbfd0,0,1,0,2013-11-04 15:47:59,996,90,0.6113,1086,3,3,2,1790,2,38834.4181,2719,1101.5748,46703
1578,c3c8a241a8a3313f531771fefdc713c8f5d79d68,0,1,0,2013-11-04 19:14:19,253,3,0.5957,256,3,1,1,2412,8,20967.6666,613,220.4727,1728
1572,c28fe781606f92e0e3005a3901ff97f0c8633e9a,0,1,0,2013-11-05 05:24:13,317,264,0.8768,581,4,2,2,649,44,38763.8129,416,132.9619,54302
1581,a4fc13c052fd816585bcb15793495ca74643aa2c,0,1,0,2013-11-05 18:15:07,138,14,1.1757,152,2,3,2,1763,82,72507.822,22,9.7842,44
1558,cd7b05ffb6d2859eb4fbb9567d1fe38af3f39d27,0,0,0,2013-11-05 19:40:50,878,23,2.5884,901,36,14,1,76,89,67622.5327,600,222.1051,1388
1574,dc71d2200339f9cf781346afc4b95b60dd3cd88f,0,0,0,2013-11-05 21:33:49,30,7,0.0567,37,28,9,4,62,7,4581.8237,615,226.6707,3316
1586,8c2404493a6efc109cd621c02a4de6ef1f1f46aa,0,1,1,2013-11-06 20:33:45,27,42,0.3255,69,3,1,2,1575,80,32243.1947,2862,1052.6,50608
1573,eb577459df33ef2fd0b19c4eb567b4d0395575d6,0,0,0,2013-11-07 21:53:27,248,9,0.0604,257,2,1,1,121,8,83608.6507,249,119.3946,1223
1582,3c229c0d90ecfa6cf011e495be4cc73a2f97c389,0,0,0,2013-11-08 02:38:20,127,3,1.7863,130,1,1,2,23,12,20172.5148,2785,1113.6067,44118
1585,863428c2b523695275897291d2da3de6f12dd0bd,0,0,0,2013-11-08 06:18:53,434,774,0.71,1208,5,3,1,384,45,24453.3737,378,188.5051,1638
1597,d37696ca74fdf2306e4d78d52ae1142768716be9,0,0,0,2013-11-10 21:33:45,2606,1775,2.6453,4381,4,2,1,520,30,63714.9964,2862,111.4376,346
1589,7fb2d24fa35d01eab2ff6e5ebaa6885c795a80b8,0,0,0,2013-11-12 18:25:26,344,214,4.4362,558,2,1,1,8,13,28693.2328,819,318.4776,1787
1593,c20dd29923ea9e99122d75cb8f3b1d91e199fc15,0,0,0,2013-11-12 19:28:23,49,17,0.2086,66,14,8,3,160,39,28957.0636,734,225.75,2399
1598,5008507ca21265e0c6be53d61024baa7eaf187fc,0,1,1,2013-11-13 16:59:07,108,28,2.0143,136,6,4,3,1613,54,57236.1751,640,372.821,1731
1591,1d3a4dd44facefa68696ead7fb89077811676c85,0,0,0,2013-11-13 20:33:02,344,6,0.0659,350,47,15,1,219,17,53674.8035,2814,1084.5122,45502
1600,d12a0d7b0299786bf1d0484f3770bae6a94cb0c9,0,1,0,2013-11-14 08:17:51,1,18,3.3983,19,13,7,5,1675,85,59943.0912,961,235.717,58607
1599,f388c9d69b855f0c3b146864717a971034fd3dc5,0,1,0,2013-11-15 21:23:55,178,82,2.7578,260,15,7,3,660,33,40317.6034,440,134.5578,7770
1614,08167d6ac784274a48ff8428f3ef4f6e92cd8ab0,0,1,1,2013-11-16 16:34:22,996,0,0.5413,996,33,8,4,1579,84,39185.0719,2,1022.2288,52490
1592,2b1fb0ff4b49dc6f511dd7aa9996e1e103c223d7,0,0,1,2013-11-16 17:09:40,333,51,0.1098,384,28,3,2,1880,85,30152.8739,2,961.0507,55681
1590,a301ea14293f046dc4ff10c84aaef192fbc70c0a,0,0,0,2013-11-18 14:53:42,11,197,2.7794,208,2,46,1,36,7,14301.8504,681,326.1546,1918
1608,34645c37d1e47b60cb20d3e3cd0e0376e8f92ae5,0,0,1,2013-11-18 16:16:11,996,977,1.227,1973,3,2,1,1581,81,5887.2995,625,285.7644,5804
1576,0ffa5c20af381b697d25f19b7a987fef8fcc2e92,0,1,1,2013-11-18 16:17:46,56,181,2.3612,237,6,3,2,1374,90,32127.7821,888,239.7273,7365
1601,1ac601980382516419bfe45b01ce1b8eccf4d9ce,0,0,0,2013-11-18 16:30:55,344,5,4.4362,349,2,1,1,184,21,2920.0643,659,358.4811,1460
1604,b678035ed1a9f0046ea16e78205996d8f58c5ecd,0,0,0,2013-11-19 02:29:40,1020,336,0.1175,1356,2,1,1,9,4,23365.7041,300,253.6091,54540
1583,582a16eff5fb7f94f936c9d6163f0a526c6ec4e4,0,0,0,2013-11-19 07:30:08,24,2,0.0345,26,86,46,4,1692,1,29705.0061,710,333.826,2575
1594,0a5a766d52f3c06399bfa8826df836b3dc070a20,0,0,0,2013-11-19 16:21:19,1032,755,0.2007,1787,2,6,3,8,4,76783.6762,926,197.6938,55097
1603,47724e6b732b1ec97d7736ba75f314a96311d489,0,0,0,2013-11-19 17:00:41,1206,4,0.043,1210,18,10,5,2977,5,67075.7643,209,76.7002,54302
1605,eeb8d1bdc6ea67f472bcbc5225cdaca5a3199650,0,0,0,2013-11-19 17:05:03,344,5,0.1223,349,2,15,1,41,5,61720.5997,800,366.4878,46227
1602,1bad5ed9f7e159f93ffa68d27dc1b9e8674b4f8a,0,0,1,2013-11-20 13:26:20,5,35,0.033,40,1,1,1,144,19,76789.435,16,1067.2273,45254
1618,b3ae77d7baa16673d749c8ab8beae09e0b319c00,0,0,0,2013-11-20 18:41:21,62,221,1.2499,283,7,5,3,1537,81,34373.4133,12,1005.9241,60364
1596,e01224ede63e941fffa7b9b3906c1d54fb699bea,0,1,1,2013-11-20 23:52:45,996,32,0.3044,1028,5,3,3,1515,85,25845.3528,2,987.5454,10
1609,03e3d15e97b27766c42211b65079ec3794435232,0,0,0,2013-11-21 01:51:45,103,5888,3.5113,5991,34,10,4,98,19,14102.9147,545,217.929,2842
1611,ed8117ff9b69511c0c3a715030daa7da004afe86,0,0,0,2013-11-21 02:57:27,349,10,0.1242,359,1,6,5,2460,90,29896.8831,2684,1112.9679,43902
1613,d8691649845c138f0c9ffca8ac6c65edd410bd5d,0,0,0,2013-11-21 03:00:22,6,11,0.0,17,1,1,1,586,3,72819.9015,2770,1108.4795,44131
1610,08f2e9797fc518f44c198e4f4ffd76fa43987565,0,1,0,2013-11-21 08:53:00,50,23,2.0712,73,5,3,5,1391,0,47435.1956,734,330.3333,2880
1626,fdbddc13272bed6dfa3019e77acfb5f9107d6dce,0,1,0,2013-11-21 23:20:28,216,1102,0.4328,1318,31,1,2,1749,0,37787.3724,71,32.3929,93
1579,3c9760bdb986f6c2430adfc13c86ecb75c3246ac,0,1,1,2013-11-22 07:45:22,69,35,0.2691,104,8,2,2,1544,82,56600.2099,671,318.2829,1880
1607,f3dc188e203b3db980ee81df05390968043cb601,0,0,0,2013-11-22 23:33:07,144,50,0.0,194,1,1,2,87,11,9642.1637,5,1070.4054,45045
1612,9ebb0918293196bd4edf1e88bf8d28443d252157,0,1,0,2013-11-24 05:32:32,2266,87,0.2718,2353,8,2,7,1769,11,59412.5414,250,120.0121,132
1616,9f3a7f8a698aaaa9be44bed01aaf526567df8aca,0,0,0,2013-11-26 01:06:42,3,2191,0.0072,2194,1,1,1,629,3,7945.34,373,166.2188,748
1606,8145c83566450feb68a12352ac88efe9983ec266,0,1,1,2013-11-26 20:09:56,138,32,1.2238,170,5,3,2,1468,0,58328.3442,2688,975.9354,53617
1615,cc8a05ab6ac22f019e60ec79c11338d4c77d49c3,0,0,0,2013-11-26 20:27:52,264,66,0.0579,330,1,1,1,240,9,50819.9566,16,1020.7709,44827
1623,f15681b6795d8a0b192100e37bec4080db2b7edb,0,0,0,2013-11-26 20:39:21,198,196,0.3184,394,5,1,2,66,10,7732.2709,2631,888.4192,50619
1627,e178ff45c0510c56257c26da2dc8d082ba301522,0,1,1,2013-11-26 20:42:05,142,239,1.1324,381,7,4,2,2057,85,29957.7336,2814,1071.6419,51124
1625,7ea5b40b7172ec9f3fdecca533e19d8a165de7df,0,1,0,2013-11-27 17:35:12,344,4,4.4362,348,2,15,1,1356,1,40115.9338,6,1070.764,8747
1587,4fae76c146f2856063927c9a8d1c34bd86b30a58,0,1,0,2013-11-27 17:58:47,968,2,1.4801,970,1,1,1,0,0,70060.371,60,44.1594,566
1617,351d49b06bd6887447eecb149b3cdf1697ab41ac,0,0,0,2013-11-27 18:37:31,131,5096,0.8198,5227,2,2,3,108,25,80739.3536,12,1016.3238,48664
1622,69c1ee96025dd35ed37bce2a2ccc0c2ca5a3dfed,0,0,0,2013-11-28 02:10:04,75,31,0.095,106,2,1,3,40,9,33001.0158,343,161.2695,2350
1630,4bdd7f8f8abd6d7aaef619776952bdbd7e867e97,0,0,0,2013-11-28 04:56:18,5,4,2.4303,9,1,3,1,13,8,5905.7224,443,206.6246,602
1619,a322b645e6725fae4b4b765ff1b6e6375efe24d5,0,0,0,2013-11-28 08:07:45,11,3,0.7391,14,2,2,2,1583,81,77316.2119,673,370.2358,4971
1634,d41a746a699fcbb2591c27cfebe344a5310831a6,0,0,0,2013-11-29 02:24:56,13,214,1.1761,227,3,3,2,1911,85,62046.0195,190,142.2741,2160
1620,36f54f939caeeb57f4583bb526fe3b9f73296cf6,0,0,0,2013-12-01 15:59:25,80,66,0.2422,146,60,23,5,689,40,47025.3143,322,157.8363,56836
1631,7ad39601dd3c248595d84f016c41ac35abd786ed,0,0,0,2013-12-03 02:56:14,996,92,0.8839,1088,3,2,2,1537,89,62474.7445,2761,1030.2232,47218
1644,6724964308f70df72cc2ebd1827b8d318e5df7f0,0,0,0,2013-12-03 02:56:14,52,5,1.0841,57,33,3,3,1550,89,63493.6886,2,995.7742,53264
1629,ecd94221a25494ece1af22e9fa8c1f8d34eaf48d,0,0,0,2013-12-03 03:16:24,144,9,0.0,153,3,2,2,1292,0,86281.0,5,936.1039,6
1632,f634ac7eae468b944d22951fc7c9d05aa6c7f447,0,0,1,2013-12-03 13:53:33,36,7,1.5841,43,4,2,2,1462,0,73673.8853,734,338.492,2922
1637,e978034259de12619f2e4c32e29b034e9d6a2149,0,1,0,2013-12-03 19:40:51,41,49,0.2583,90,2,1,1,3,14,79068.4865,129,51.596,46227
1692,d63d07b9270d73a289086c69002b5a0023b2d233,0,1,0,2013-12-04 09:20:40,557,394,4.3698,951,32,8,1,802,44,32173.4965,491,461.8293,8776
1621,d8c4e89b3e85e8cb41a438963845cb10a923a3d6,0,0,0,2013-12-04 19:17:30,32,12,0.1389,44,2,10,7,93,12,69058.1941,92,25.3942,181
1633,57613dc8c14d7213ee2d46d41bd642dd7cf697ab,0,1,1,2013-12-05 15:42:41,741,28,0.8073,769,67,1,2,1491,83,282.0,2862,1052.6,50356
1636,f7efaffadace3e344eeb4a1384fa72c73d8422b0,0,0,0,2013-12-05 22:14:43,8,134,1.7146,142,8,4,3,185,21,47009.2715,484,173.9626,3884
1639,86e949f321cb1ce3b0bc0c9ed387218cc8a2b7b9,0,1,0,2013-12-06 02:49:19,7,0,0.5187,7,2,5,3,2,1,39926.6741,3,865.7686,16
1642,8010d77eb0790326fae56fb1c633e530b7e51eec,0,0,0,2013-12-08 03:33:28,172,774,3.9267,946,5,14,1,1329,12,4940.6989,281,190.4987,1691
1646,3edb62bf773617aeb3a348edc5667a6b0bad0ffe,0,1,0,2013-12-12 17:28:13,555,1096,2.5142,1651,12,6,3,1849,82,32165.6129,2862,1028.4438,277
1649,4e9a7b8c7fa55df9cda4ac06f77ee9c69b85314d,0,0,0,2013-12-12 17:43:59,17,12,0.0,29,1,3,1,64,6,86281.0,2810,1081.5002,47475
1651,f7f7598a20e20ff3c4ee8e0e5b425680a480d9e0,0,1,1,2013-12-12 17:53:58,13,99,1.0463,112,8,2,2,1742,87,81690.0,305,81.1896,75
1648,b1711488801781106c90e9143678f94d102e11dd,0,0,0,2013-12-12 18:44:13,8851,25,3.3874,8876,40,1,1,2342,11,1555.6869,2862,1067.6252,47286
1638,c4d3a313885f14e802247b9354aafa4caaae9804,0,0,0,2013-12-12 20:30:38,4,9,0.718,13,2,1,4,172,20,37048.6413,734,1070.972,3040
1641,343a6472d8e26bc846c575c03d0af7d8b66e6dfa,0,1,1,2013-12-13 17:40:20,205,205,2.1371,410,11,3,3,2301,32,64572.2025,734,230.2205,1964
1653,84d85ee70bacdf7db92d52e5c738bf7722625d83,0,0,0,2013-12-13 19:59:20,264,19,0.0142,283,1,1,1,24,6,7692.0811,576,244.3056,2367
1640,5d167cf3df23c728034e43a01e7f5e6561094df4,0,0,0,2013-12-14 23:37:13,0,6,0.0218,6,2,27,1,74,8,4729.4922,2862,177.2585,1883
1647,13348c47a415bb0887ee722af33384cf18362497,0,0,0,2013-12-17 15:25:31,248,21,2.1866,269,1,1,5,16,13,11151.7867,246,119.162,1217
1706,0b42b0e76267aa4101b1634bd5d96c9b85997b56,0,1,0,2013-12-17 15:57:08,126,115,1.1796,241,1,4,2,1423,80,12720.9907,555,398.6525,171
1660,ecec863d1fe3b1b249b7d2948b482104f5ff1ef3,0,1,0,2013-12-17 20:31:04,64,42,2.2412,106,8,3,2,1692,54,60775.4355,1,1017.096,52644
1652,1d6052810df9363ed8dee308444b8466be112b5d,0,1,0,2013-12-17 22:34:53,9,20,2.7193,29,1,4,2,208,19,54236.4435,16,993.5287,48586
1666,53af91e650d3fd881df6e811f5d4c5e46a039119,0,0,0,2013-12-17 22:37:43,155,16,1.344,171,2,2,2,1466,76,4413.6628,2557,1212.6365,27
1661,079f1e81166579c5da0bdde76be7c9201d2e1711,0,0,1,2013-12-18 10:13:54,717,9,1.6911,726,4,12,2,1578,83,65585.8494,789,375.5215,5103
1657,7c32ffbbfae9959edc89ec5fcf9fced1b75c495b,0,1,1,2013-12-18 10:18:30,233,4063,1.5467,4296,7,2,2,1706,91,41238.6353,1042,205.3648,7338
1659,1a5ebd6a7d65af8393c9d5c67e7de8088bbb1d0f,0,0,0,2013-12-18 10:23:44,419,2,0.1012,421,1,3,1,4,4,4111.2632,832,295.9066,426
1650,b73178d8626ec7fb404c8ded442ecff23192f14f,0,0,0,2013-12-18 12:48:26,996,6,1.6532,1002,5,8,4,1688,84,54781.5662,782,304.2371,4340
1664,21bb5314603eb4b4f2b23aca82dca29ebfd7b4f4,0,0,0,2013-12-18 19:07:13,4,8,0.795,12,3,3,3,1612,85,39674.9189,300,91.2956,49
1684,1b2a190379141094a986495bd1386e720786c9b7,0,1,1,2013-12-18 22:17:13,144,15,3.9209,159,32,12,2,1592,54,18711.1592,2788,1082.481,49029
1645,4a6f8a6610aacbe2c518bb6f8533ee5bdb943f41,0,1,0,2013-12-19 00:01:28,78,68,0.0589,146,4,1,1,629,37,67512.9622,2804,1091.2686,44899
1656,d276d0a0638ff6d80ce8749d2afc1eaa5cfbb14a,0,0,0,2013-12-19 04:27:47,3100,774,0.3515,3874,35,3,1,1329,12,41012.2538,281,183.4291,289
1695,c2294aa21eb6310b6d5c05d6d9ff505f59b376c2,0,1,0,2013-12-19 13:52:13,34,18,1.6028,52,6,4,2,1543,89,31179.1412,877,307.34,901
1662,4b72dae2da715ef84df7f25197ac9a70e14e876d,0,0,0,2013-12-19 14:45:29,54,440,4.4337,494,41,13,6,2406,91,56862.4311,639,371.9059,4166
1681,a4895c551fb31bea90111a960f2c51634950536c,0,0,1,2013-12-19 23:41:17,8851,26,0.7605,8877,3,2,2,1813,87,21245.721,2862,1030.4213,48762
1654,2aeb30cf778de079f3a473c167c534085f95714d,0,0,0,2013-12-20 01:06:09,97,868,3.7648,965,2,1,1,41,11,38724.8352,444,127.6006,777
1665,5d1d70a07b16bd8226ca79eab6efbcb102135f98,0,0,0,2013-12-20 04:07:36,20,187,0.3071,207,2,4,2,5,20,13442.5859,678,274.2684,8562
1678,a462083fc4f74e508ee0e5234c7bc34a6bdb618e,0,1,1,2013-12-20 07:40:36,54,17,0.2001,71,2,2,2,1560,86,63434.7201,800,353.7964,4158
1635,4d36bbfbbb1692ef6038189fdd4981f23431cef0,0,1,0,2013-12-20 08:44:38,2,3,0.0,5,1,1,1,5,4,3399.0347,715,343.3523,2267
1663,7bf14648ee6ed344acc0afe68e23d0b484826b24,0,0,1,2013-12-20 11:11:31,3984,12,0.6445,3996,3,2,2,1721,0,36635.244,2862,45.4141,1768
1668,b97c5233e17b73232be3554cf06b8ae6e472b145,0,1,0,2013-12-20 16:52:00,84,65,3.241,149,13,4,7,308,36,40287.242,246,119.938,1171
1667,92449234519374d49585fec3d2940c9d5e7851f4,0,0,0,2013-12-20 17:15:07,267,14,0.1741,281,1,1,1,63,18,84549.0,380,204.8884,4438
1669,4fb06b33d4fb742ce0aeb3fe569d7d513314311f,0,0,0,2013-12-20 20:14:09,57,17,0.3095,74,3,2,3,2008,90,25986.521,734,225.75,2780
1672,388cbfae0c08cb1664bed52b044062ff5d6db617,0,1,0,2013-12-20 20:14:36,1658,29,0.0956,1687,2,17,1,40,15,5.0,231,58.3844,422
1655,486f0792d43f03c059f4d2dc501db8b8183c4ea2,0,0,0,2013-12-20 20:49:51,0,154,2.3504,154,11,1,1,22,86,78808.7154,821,360.5201,3742
1674,b34ed0db535068525e59f5c3ec20e2c29155467b,0,0,0,2013-12-21 02:56:15,203,1014,0.1124,1217,2,1,1,123,11,37069.9524,531,247.9234,3340
1658,6bbb13b9b0fe62de2a2140055af2ea6968c73ccc,0,1,0,2013-12-21 21:37:43,1076,649,5.1177,1725,1,1,3,1,51,32918.5235,253,119.1159,1400
1679,d0ab7519c95a16c6452337d8f748545f7c99f3f8,0,0,0,2013-12-22 05:32:03,36,948,0.9337,984,1,2,4,128,28,24863.1354,439,199.7375,3590
1671,34235ad7b5722a5a5ee9680ba3a2d563a67ecc6f,0,0,0,2013-12-22 17:10:59,58,46,3.0485,104,30,2,6,421,14,83899.0,247,127.1315,1282
1675,7c182811b0c1e199a7628a642249141f2f3c4b7a,0,0,0,2013-12-24 22:48:42,300,774,3.9267,1074,4,14,1,94,11,15038.6346,281,185.7945,545
1690,2111a20b4b44e557357f81146ead6cf7493a8d31,0,1,1,2013-12-26 21:52:03,11,65,0.5096,76,2,4,3,1492,80,84249.0,122,56.05,704
1670,b2933717c423e5510e35a096e38d084e139cb141,0,0,0,2013-12-27 21:53:03,130,184,0.0,314,1,1,1,13,1,62194.5711,334,197.0602,46227
1676,e603555636bc04e5a87d0457f4f10824b6cf94be,0,0,0,2013-12-27 22:12:46,582,100,1.6493,682,1,1,1,10,13,19501.128,92,1267.3333,6269
1693,ecbf0fd6f9e2b0dd9c5f0c5439b677388d4caf9c,0,0,1,2013-12-28 06:16:02,136,32,1.3871,168,4,3,2,1581,86,25479.97,2862,1065.8402,48499
1677,e085e82b3cd78e6df154995bfa6779887fce9a0c,0,0,0,2013-12-28 21:16:30,213,13,4.485,226,28,2,1,143,15,72116.3154,231,181.0,559
1683,3eef54097b8ec96d0bdd71499f944f0484787021,0,0,0,2013-12-29 02:48:49,1,2,4.6086,3,67,25,6,14,10,74029.9543,2862,1052.6,60576
1685,604e31b60998d5df349f8cc84d06bbae1391dc0e,0,1,0,2013-12-30 14:17:50,72,356,2.3685,428,7,5,2,313,35,35458.1554,725,178.1689,3874
1680,23bc52386bd13fddf01037ac7e9cfb234f52ec43,0,0,0,2013-12-30 14:30:43,68,336,0.1765,404,2,2,3,6,5,7597.3998,816,287.9829,2615
1686,2f63bbadfa2fad66e04bc17edc66ce8be7497157,0,0,0,2013-12-30 15:51:36,127,49,2.1556,176,10,5,5,171,22,2776.144,537,266.9454,55122
1688,c5ca8de4dfd512e971f9bba100dfcc3709f70786,0,0,0,2013-12-30 15:53:13,51,32,0.081,83,28,1,1,123,20,2439.0768,616,228.0521,3316
1694,80548b359ae254048145483b22e3fbe93fc90379,0,0,0,2014-01-01 03:47:28,3,15,2.0,18,1,1,1,5,4,49342.3397,371,176.9146,2301
1710,7171b7a2c621c2a0b4f876bef23e4f1ebc5332b0,0,0,1,2014-01-02 13:15:06,10,5,0.8827,15,2,2,2,1535,54,32067.8982,749,318.9848,3411
1689,7aa3364e04b286ac7b41cfadda568df41e4e2821,0,0,0,2014-01-02 20:17:14,77,72,1.3208,149,3,2,4,30,12,32948.3618,141,62.1959,314
1696,af3ad31c3056fc5c54a3860e5e9d7f9662fa15f0,0,0,0,2014-01-03 00:58:42,2109,1102,3.4826,3211,3,14,1,2564,91,69191.792,430,11.0,86
1701,4260736e1eed08b49a31a9328d6823ae3fc86d0d,0,0,0,2014-01-03 15:23:52,1032,755,0.8604,1787,3,6,3,7,3,37431.429,968,266.3109,55097
1698,412b053ca171495b33dd92eaa692df40d83a35c4,0,1,0,2014-01-03 20:50:26,2159,314,0.0,2473,10,6,2,1779,87,32975.5568,2372,683.184,47948
1697,be9a70eb3bd7a454cc5d26fc22858fe90e311e05,0,0,0,2014-01-04 00:08:20,602,2911,2.0842,3513,6,2,1,2230,5,9555.3817,49,103.8446,60576
1705,25777e1f462e153a5670a107eeb65fb186bf9530,0,0,0,2014-01-04 02:33:02,264,1096,0.8366,1360,40,2,2,2342,11,22100.6043,2862,856.0952,56055
1709,2a7c20ea9111c05964400fe0a30e7b75ff719277,0,1,1,2014-01-05 00:06:47,152,574,2.3777,726,9,5,4,2121,73,28496.5041,613,190.6444,1682
1707,e674abe8eca6157b5c72c1dbdba2ecd122185274,0,0,0,2014-01-06 01:03:06,2423,868,3.7648,3291,3,1,1,51,3,77290.2744,157,121.7401,54302
1711,694988015f67685dc2decaf950153f557f7f598f,0,0,0,2014-01-06 08:42:48,267,187,0.1691,454,9,4,2,199,17,28292.0235,529,254.7851,5898
1699,ae0a1e0f5a88d66974582f383a942f6bf42b6ac5,0,1,1,2014-01-07 05:48:08,951,28,0.4888,979,1,2,1,645,34,34146.2855,103,65.1582,277
1722,5fa6055107e5d54eff1e2bbdfdbbd511cd555a4b,0,1,0,2014-01-07 15:01:32,195,164,1.3707,359,8,6,1,1404,87,45992.1251,381,213.6478,62439
1700,32d7cb5066050ef6123f50a25c6e9b4c9e180ea0,0,1,0,2014-01-08 16:14:58,26,32,0.1747,58,4,3,2,1630,88,40276.0316,734,324.909,3089
1713,3e31143e1c8658e9ab529fe6f705bf836e7f7a64,0,0,0,2014-01-09 17:20:31,1658,1308,0.2185,2966,68,17,5,182,23,34637.1134,231,84.9677,500
1719,0bfe9efd859eccd6bb6c6a253ad3912650831ec0,0,0,0,2014-01-09 18:51:04,79,342,0.0974,421,2,15,1,780,89,40929.6068,217,39.4798,58042
1704,be2141757010aacbcb2c6ebaa00623db14e192bd,0,0,0,2014-01-09 21:23:11,1658,1308,0.6342,2966,68,3,5,1657,31,10429.4809,231,90.3512,520
1718,29d5dd03ae7f6b4741e07ce01014acaca93a6e6e,0,0,0,2014-01-09 23:06:34,327,10,0.0586,337,2,1,2,131,15,56919.5529,2862,1.0571,3059
1702,eca02fd2551d36ccbcf7a2f5e7aeafed12b0a869,0,0,0,2014-01-10 17:54:54,38,243,1.2811,281,4,1,1,244,3,22085.3108,734,225.75,2353
1716,5977e7b6d61a9dab2a6e699b4cb75eb9d93cffc8,0,0,0,2014-01-10 18:48:08,49,33,1.0636,82,16,2,2,691,43,39346.4192,734,310.9178,1863
1720,cd381f0696e45884ce60459dd272b248fcd504df,0,0,0,2014-01-10 19:04:31,878,32,0.1351,910,3,2,4,323,8,65703.8262,591,121.5,1388
1724,1997b7b409d12d04f4726ea2631a89601551356c,0,0,0,2014-01-10 19:50:35,2606,1775,0.2228,4381,51,2,1,150,9,7410.796,707,350.637,354
1708,fbd51b77a047f2a04a94c4b474881c2be9bf1171,0,0,0,2014-01-10 19:50:35,33,8,0.1025,41,15,5,3,14,6,6139.8868,654,275.0369,54302
1717,2bfaf8f8d991588de43fe3d194a447fe4279cb44,0,0,0,2014-01-10 19:53:32,6,8,0.0,14,1,1,1,19,6,86384.0,591,324.2704,585
1723,9d837e50b082dae8adb59c8db5e084df1f49392b,0,0,0,2014-01-11 01:36:25,51,163,0.2617,214,68,2,1,1794,25,157.0,613,253.6357,1863
1725,5c86f362165e81759fd0c5cfcb70025fc286398b,0,0,0,2014-01-11 04:44:19,6988,1672,0.2255,8660,3,14,8,2957,6,4819.5431,3,2.7618,15
1732,34058783f50b8c81096075b01d093e7aceec2b73,0,1,1,2014-01-13 09:21:35,13,6,0.5645,19,2,1,1,1528,83,48819.1945,697,308.9428,4006
1721,db69dceeb3aa92e23d22668ea3bfa953d33ada83,0,0,0,2014-01-13 14:22:51,10,53,2.0,63,4,1,1,26,7,67768.3903,650,332.2754,1214
1728,8b8c159f4de8f657a7bee73a96f05c307eb2e8c0,0,0,1,2014-01-13 15:14:22,130,184,0.0,314,1,1,1,179,11,67824.0527,732,376.4885,4044
1733,d1361502ac45e74b60dcc98046caacb6d483a83d,0,0,0,2014-01-13 16:23:53,878,29,2.5884,907,4,14,4,639,32,81672.432,231,121.5,1388
1715,5edf94842e04aff89a88856bc6dad0918d59c8c0,0,1,1,2014-01-13 20:12:20,18,241,0.061,259,18,1,1,53,7,66805.2119,569,284.0901,881
1726,2fd2d89782b7d6fa36c0cb9c710711af39da35ed,0,0,0,2014-01-14 13:50:36,50,37,1.7855,87,3,2,7,1982,5,16683.7741,851,286.0489,142
1734,0e55e9ff6695504c4698115d8856620b752cf713,0,0,0,2014-01-14 14:34:53,8,13,4.4362,21,3,1,1,42,7,69117.3209,679,379.4881,4461
1712,f6f50ddffe0821617fe29482f9ec918608560381,0,0,0,2014-01-14 14:43:57,56,18,0.4907,74,3,1,5,125,2,84375.0,734,338.8333,2356
1731,0d38b25f6fa3b7b52f5e64780f6591eabc7fc76d,0,0,0,2014-01-14 21:19:51,663,489,0.1002,1152,23,9,1,469,32,17939.6459,728,364.8935,3451
1735,ea565aac9702698b2bfc2db7c3ca84da3f96121a,0,0,0,2014-01-15 03:12:38,59,53,1.5736,112,6,3,2,337,25,46123.1474,281,82.5456,557
1703,05f120991cfbfa6eb019d2cb78b9afe41e26e3bf,0,0,1,2014-01-15 03:21:27,264,41,2.0,305,4,1,1,629,5,23790.0995,543,332.312,664
1729,2966852a03faecf4ef2dbbc99da98f414826d0cf,0,0,0,2014-01-15 18:08:44,6,214,0.1271,220,2,1,1,1356,5,34370.4972,821,308.0552,3512
1740,5f635782a8cbe45f1d00ec4f2ed50e1827d3d498,0,0,0,2014-01-15 21:58:46,111,1535,0.1328,1646,1,1,1,438,43,2493.8156,825,355.8877,4435
1736,49439ac9afa639aa16a76b8ca4168f3cf59aaf6b,0,1,0,2014-01-16 10:18:12,9,0,0.0,9,1,3,2,11,2,2993.4873,716,320.7628,3011
1738,d3a9e8f13fc304daf9cedf6e8a21b1d76575020c,0,0,0,2014-01-16 14:21:47,4,7,2.2313,11,1,1,2,57,9,66578.0693,2801,862.6653,44841
1746,b168f3e294e7db6abfbfda777a567acd76bfa863,0,1,0,2014-01-16 21:04:26,30,5096,0.0408,5126,1,5,1,559,39,78748.531,542,280.4479,712
1742,c8a0a3a689d965af8de683f2d831f2c422105670,0,0,0,2014-01-17 00:41:20,242,177,3.7321,419,23,10,3,1084,56,20226.1024,338,233.2997,58355
1750,b0b168f0690f7e1d2c0e3401ea0e74d3bbccd164,0,1,1,2014-01-17 16:24:49,199,352,1.152,551,1,4,3,1446,89,64468.4287,247,168.5757,1678
1749,68baaedd6f0adf4719f0c65296433d5f006c74c4,0,0,0,2014-01-18 00:34:52,9,6,0.9154,15,2,3,5,1648,85,54756.987,470,174.7405,953
1741,9be437bd7b268c88901745b361aba271f2dbe5ec,0,0,0,2014-01-19 19:13:48,4433,181,3.9524,4614,2,1,3,272,22,41309.2353,613,161.0,1313
1745,0b6f03f12b41423d4c7d3a995050c62fa1ef3009,0,0,0,2014-01-21 04:40:02,144,5,0.0,149,4,3,1,56,13,82008.7747,349,186.5516,914
1756,719103b649c1c5459683a8ffd1c013664f1ffbb6,0,1,0,2014-01-22 06:27:24,227,53,2.7722,280,7,5,2,2161,0,28382.622,2681,893.6593,45701
1747,7822733658b5614549ccad8c7c51463b159aa923,0,0,0,2014-01-22 06:28:46,76,102,0.0966,178,2,1,3,81,3,40.0,2862,1000.5,49230
1755,c0c31ed0f654da1a73aeae4e51440332495fdbec,0,1,1,2014-01-22 19:36:44,18,0,0.1805,18,11,5,4,1534,82,61813.8613,613,306.3178,1833
1752,9771cea2186977adf406ad35cb54a10feae69591,0,0,0,2014-01-23 23:19:49,10,6,2.7951,16,12,6,1,10,13,56471.8425,2862,838.294,47673
1739,f49fc3a6dddb4aae60892178f56a67ae2a07cce1,0,0,0,2014-01-24 02:05:43,144,2,0.0,146,4,1,1,10,14,80485.9959,366,191.3352,2331
1763,714c423360c36da2a2b365efaf9c5c4f623ed133,0,1,0,2014-01-24 10:52:43,1140,1147,5.125,2287,71,25,8,16,82,28532.71,2862,315.8602,61661
1754,b38a905c63b94fce60e7369d4ec727bd0f76bd7a,0,0,0,2014-01-24 18:09:52,344,7,4.4362,351,2,15,1,1356,23,31269.0811,540,276.8904,712
1759,c612a364951c02d95ead41fb54048fa8fcb35265,0,0,0,2014-01-24 18:49:19,39,224,0.6481,263,39,2,2,642,40,25719.5772,727,367.3806,4389
1744,f5d542c5a8c3dbdd80304220c9e2a7b030616daf,0,0,0,2014-01-26 00:08:57,419,3,2.2725,422,1,1,1,3,21,29587.7018,91,336.9705,54302
1753,4d13d09985722e1a06e45f1e96dff7d771959068,0,0,0,2014-01-26 15:02:29,37,8,0.1062,45,2,2,2,175,89,47480.9797,828,418.9341,8260
1758,b010cb791b70634bf77fcfb39210d85fa40918d4,0,0,0,2014-01-28 00:06:47,43,29,0.1302,72,1,3,1,3,1,76988.4166,333,238.4534,4259
1767,0254741772262972a6d0535b3c88e5240be41ae7,0,0,0,2014-01-28 14:02:00,135,719,5.4232,854,96,1,2,1488,79,32859.0,2654,908.2241,53131
1760,41ffca1281dcdc69b1b843b47a5bb6dc3c462aac,0,1,1,2014-01-28 15:17:30,96,45,0.3122,141,3,3,2,1456,87,38884.121,213,48.941,54302
1762,41de0bd4e422c1b5959823caccb39a6f9a262df1,0,0,0,2014-01-28 21:31:10,637,224,0.1001,861,39,12,5,2222,17,26826.0155,3,880.3401,48636
1766,752415ed91842da61ceda8a0095da0c035b1fbc1,0,0,0,2014-01-28 21:31:10,607,465,0.0643,1072,1,14,1,19,19,25587.179,734,814.3544,3040
1757,55211bca799cba0b9bb443c5111102216d416591,0,1,1,2014-01-29 09:08:08,232,451,0.7207,683,4,3,3,1609,83,10185.2625,665,380.4606,4764
1761,1a24611ee378e9afaf990230f0eeef038a10f186,0,0,0,2014-01-29 10:17:54,63,122,1.4482,185,1,2,1,1,5,11087.9165,2862,221.8732,54302
1770,0be42463b756ede298c099cf1661f02e198b3344,0,1,0,2014-01-29 18:19:55,717,451,0.6122,1168,32,2,2,1529,54,24753.411,755,323.4154,2553
1748,b1cb582a259ba2b601958ba3a2e295c2ddbf44d2,0,0,0,2014-01-30 07:43:01,57,27,1.1824,84,4,1,1,357,28,26616.6982,857,376.9486,4915
1769,652ec6a5c36feae346c71f0ff009ec3b8457448b,0,1,0,2014-01-30 15:11:35,89,40,2.4383,129,12,4,3,1713,80,48029.6356,629,301.2619,5013
1765,81fcc33d9d483d27d38348f7aed582f3621cedbd,0,1,1,2014-01-30 17:17:16,90,2291,0.8192,2381,3,3,1,1651,79,53032.3605,597,401.2054,1285
1784,6ad995e8fa7703e082ea9ce67dc4c1ed0b1fd18a,0,0,0,2014-01-30 17:51:42,7,13,1.2027,20,4,2,2,1637,82,46854.5185,105,1267.3333,58042
1773,88bef0cbf39dd5c87ca9575d47123c99b0f6e1f7,0,0,0,2014-01-30 18:50:12,103,2099,0.8051,2202,4,1,3,2,27,46971.3987,134,80.9633,3308
1775,52e1def7a2e1870ad3999b4eeaaa62ee5c9a2a40,0,0,0,2014-01-31 12:47:18,351,356,0.0947,707,25,1,3,561,34,63530.8037,669,272.489,3402
1776,811de14eccbcadffe3dba740d8747fd8eac0248f,0,0,0,2014-01-31 14:09:20,344,214,0.1182,558,47,1,1,552,29,9418.6379,88,1267.3333,1039
1764,5200d45a9e7c317c7bd7cb3893810844a62d7dce,0,0,0,2014-01-31 15:01:39,25,231,0.1541,256,4,2,5,792,27,56540.9951,734,330.9064,2797
1774,5f6c5ce68f53e8943a171679f595e99ff06afa49,0,0,0,2014-01-31 15:40:06,344,11,1.4282,355,4,1,1,51,3,6115.6593,686,265.3717,46227
1790,3d64d3ad2793a86c8b162ee6a5be0698ac0d2d52,0,0,1,2014-01-31 15:47:01,30,243,0.2668,273,3,2,2,1427,90,59341.3716,734,337.1274,593
1781,016a2b052b9aa71be9d2d4e9afa60525d19f322d,0,0,0,2014-01-31 16:57:55,2598,1360,1.2632,3958,5,2,1,2696,89,47885.2797,206,161.918,15
1777,72507b7a17b4815677acc030a903f03099bdafee,0,0,0,2014-02-02 05:10:12,29,25,0.4669,54,5,13,1,146,17,44948.4856,416,198.3333,1646
1780,6643dbdb1e1aef61c016b3f0c7d01c2c82ad91c0,0,0,0,2014-02-02 05:26:38,968,4,1.4801,972,1,1,2,0,0,5847.1344,136,310.586,65
1783,8085e6df2311a64e3284952e9514b06d4dabfe56,0,0,0,2014-02-02 05:37:10,3100,774,1.0932,3874,35,4,1,214,7,23785.0067,377,33.0,1662
1782,02fb218930aaf35d6c1101c4a2156e4663048fa1,0,0,0,2014-02-02 06:17:50,468,3835,5.5201,4303,56,3,1,109,50,28322.1208,569,60.3775,8881
1786,b71372146135fdcee6353ec8254ebfd87c42f907,0,0,0,2014-02-02 07:30:50,6,4,0.0629,10,47,1,1,12,6,5604.7113,283,185.5449,642
1778,fc91071c01c33500774de83944bf5f937397c089,0,1,0,2014-02-03 17:33:37,69,4,1.8835,73,5,2,2,197,19,68428.234,775,194.1087,54302
1796,728c4fa9bf2b2c11dbc61c8e5536b1542abc1ccb,0,1,1,2014-02-03 20:01:31,4050,2396,2.7811,6446,8,6,4,2029,2,55004.1608,2862,286.6571,60576
1785,0842681e214229b5d83283574911d70b5b050586,0,0,0,2014-02-04 06:07:30,19,1,0.0604,20,1,1,4,2211,5,16145.8334,734,851.0059,45297
1788,723fcd1936ad792b8e85490312cbe3edc9d4099e,0,0,0,2014-02-04 17:00:04,344,214,4.4362,558,2,15,1,504,39,45983.0885,542,348.0539,2532
1800,ed5cac1d2ab18f03ec2fe211c46b5382729b4c4d,0,1,0,2014-02-05 00:23:30,34,27,1.5906,61,2,2,2,1835,84,58134.6233,613,46.0,21
1791,93bd89fbba7d76821d3d85ae371cb2e665176b6a,0,1,1,2014-02-05 00:33:44,15,1535,1.5703,1550,3,2,2,1871,3,769.2954,426,393.6207,5392
1772,812504713523c2b8fbff394fbf4448ea30b5e4a3,0,0,0,2014-02-06 01:57:56,4433,74,1.4772,4507,10,1,3,0,75,14169.9513,300,161.0,1268
1794,fc01759f41f253f7c850ed17e939b610812925e5,0,0,0,2014-02-06 04:01:46,33,130,3.1147,163,13,1,3,247,26,19660.5922,103,228.5967,3744
1779,9fb44ee55bd14043f307cc320ecc277010a42953,0,1,0,2014-02-06 07:13:24,5551,3317,1.8408,8868,17,4,6,132,25,37178.7983,2862,21.5266,58042
1792,ab6eaed8f6bdef21323be561a22e9fdb16bbd0fc,0,1,0,2014-02-06 09:08:55,916,16,3.1264,932,24,15,4,1354,50,33241.714,2862,3.0092,60576
1802,43e6e184b0bc4881a3324fa1caad987207a95e9e,0,0,0,2014-02-06 16:11:51,127,18,0.2318,145,1,2,2,1786,0,22870.2421,2862,840.6072,46678
1803,5f64af63ae063c055c214d8925098f34f4111474,0,0,0,2014-02-06 19:00:24,44,4,2.0369,48,3,4,2,2134,86,21685.088,613,46.0,1757
1813,d5c5734c89a62869ee0c207306543b7f1e9cdf27,0,0,0,2014-02-06 19:22:57,522,31,1.5052,553,5,4,2,1745,0,25577.3632,620,310.6348,1501
1789,7a3e697d836ca6fd7f41215678c977cb48a2ce1f,0,1,0,2014-02-07 03:28:36,57,948,1.5538,1005,4,3,1,148,28,18171.9072,2862,22.7113,56165
1798,6e0ce7a0507f58aab61343bdc6e8d955834cb321,0,0,0,2014-02-07 04:40:32,8,214,0.1249,222,47,15,1,1356,9,38908.2468,480,177.2814,433
1801,31414fb871c073a19a02dce5dda70bf3df0e5888,0,1,0,2014-02-07 14:34:00,35,384,4.1135,419,2,1,4,48,12,54939.5,643,327.7036,876
1787,3d5b5c3a7e37532017e910ffc680e4f42d918c30,0,0,0,2014-02-07 14:53:49,0,50,0.0,50,1,1,2,87,23,63936.8351,649,333.0346,1014
1797,d69529c3e5a3734e97254190d2049124c6f897e4,0,0,0,2014-02-07 16:12:38,40,868,3.7648,908,22,6,3,37,12,6329.0,2795,794.9952,47278
1816,ab5372f0f3b3650556242a21a9d463b4f1e93efd,0,1,1,2014-02-07 16:30:20,26,17,0.3842,43,3,2,2,1610,86,42080.6848,2783,802.1191,49195
1805,2dd55c7d31829b7746201fd86b647296b0c8ae58,0,0,0,2014-02-07 16:37:36,558,93,0.1196,651,2,1,1,2412,0,82354.7942,613,46.0,441
1795,0ced33c6ee2469c68862a90cae7be477274f3be0,0,0,0,2014-02-07 22:05:47,137,22,0.2381,159,5,2,4,372,33,54012.6454,413,116.0285,4477
1804,4336a1917c32737bac9e5ef87b31926784065cdc,0,0,0,2014-02-07 22:30:14,35,1535,1.9219,1570,4,1,1,189,24,1419.9917,119,116.583,3608
1808,887558f7a3c6a5bbb38a1cf0bacad90f8baa4f0e,0,0,0,2014-02-08 01:11:32,248,12,0.0722,260,17,2,5,293,9,31957.2942,250,173.6918,1291
1799,bcfaeaa9c88c056cc36b47ae2df49062316cac83,0,0,0,2014-02-08 04:05:41,67,1192,0.5992,1259,7,21,1,300,29,82536.4739,576,116.6686,58042
1807,b75ed1c34b11bfbe7cbb3af72e08d5f9843c2dbe,0,1,0,2014-02-08 12:22:13,244,1498,1.9566,1742,15,6,2,105,4,48026.4308,2862,16.2835,2319
1809,cca65d7c1638dcd9370b080f08fd55faefc2733e,0,0,0,2014-02-08 22:34:37,102,224,0.4965,326,1,6,3,43,14,12219.1046,156,216.0326,2684
1814,319877fda8989d14c06220919d854451521a4ffe,0,1,0,2014-02-08 22:34:45,6,26,0.9244,32,56,2,2,182,25,71230.6934,464,237.8663,3964
1819,c5627008a2c87ab960da98f4d5b8ca4aca6eebdd,0,1,1,2014-02-10 15:36:42,2,184,0.0,186,1,1,1,77,11,4493.273,636,323.096,1261
1812,1b8b7b54087dd2dc2aeb2b9a0b06fbb4f13030be,0,0,0,2014-02-10 17:32:06,78,1102,3.4826,1180,2,2,5,99,13,53051.2129,78,72.5541,116
1818,4b83a6f9d9c00fe662ddb9db4533df8b9b96883d,0,0,0,2014-02-10 17:32:06,110,50,3.4826,160,31,14,1,2564,13,60401.3583,120,54.5551,110
1823,55b5605b7afcb7ae9bcb9b61959b91502f769db4,0,0,0,2014-02-11 08:18:09,75,52,0.2185,127,2,2,2,1591,84,49259.2862,60,72.0242,176
1833,9381b8d569ae17cf2760bca266b5253e4bcd6ac2,0,1,0,2014-02-11 12:13:37,41,55,6.2709,96,15,6,4,2286,86,44393.3016,2862,93.6506,58355
1821,7a6e5f043670353848fa1373656445c5ca8e4671,0,0,0,2014-02-11 17:16:54,37,969,1.1509,1006,35,2,2,211,28,64994.1064,102,75.6953,533
1815,5a3ffc0904e75152eb3e8fafd0b84ae499a94c77,0,0,0,2014-02-11 17:30:02,68,5,0.0897,73,2,15,1,27,59,43099.9106,557,283.3466,725
1825,662f546aa76b7f6473b8da8b9ea675a9fd9757e1,0,0,0,2014-02-11 17:30:02,48,7,4.4362,55,47,1,1,25,1,39623.8922,681,271.7397,3192
1824,fb1c6b9cded56e63dfcc765515edbc94ee9f67a0,0,1,0,2014-02-11 17:30:57,386,29,0.9837,415,36,2,3,1422,2,44082.7618,296,189.6485,1622
1826,6de2fd9bfd4c20e47495d171da7175c1a9e92c68,0,1,0,2014-02-11 18:04:13,21,38,0.9813,59,8,7,3,26,15,25886.0608,186,135.4675,409
1822,7787deab72fe5772170c0cf6b6712ed2211158ed,0,0,1,2014-02-11 22:39:40,16,8,0.1602,24,2,7,2,1558,82,53371.3453,287,195.4112,1962
1829,cf6b4888242d9f4ce891d051b02e6f9eb529d300,0,0,0,2014-02-11 23:12:45,558,93,0.231,651,4,2,2,1789,0,19503.8703,613,46.0,21
1841,00a8b1e6ece0f89ae038589f36c7b9a9012fb7f7,0,0,1,2014-02-11 23:12:45,55,93,0.5559,148,32,2,2,2110,82,10123.1738,613,292.3528,21
1844,5cf381f57da41e986e7434fb7a46531c42c2cdd3,0,1,0,2014-02-12 02:22:29,110,220,1.5685,330,12,10,3,1828,5,32411.3128,247,108.5833,1443
1832,84f2b8908e9cdc418a03322db41c9db1ac4f6d6f,0,1,0,2014-02-12 11:36:35,6988,1672,2.0327,8660,15,4,8,226,5,48222.0889,17,16.7645,21
1840,cafaa8eeadd8adae348234773040ef97fe712609,0,0,0,2014-02-12 13:44:46,607,465,3.7384,1072,25,1,1,109,19,80092.0626,2829,814.1991,3040
1838,b2dfaed3170c8b5b96a7ea8e7df6129490ead3be,0,1,1,2014-02-12 16:37:34,63,806,0.5149,869,8,2,2,1692,80,47074.8726,375,105.1805,54302
1835,0d0acac6c59d3fa703a3d504f9cfd063e4d111b7,0,0,0,2014-02-12 17:27:32,611,206,0.1236,817,4,2,1,186,8,64720.3022,866,385.7134,2832
1842,efec07e1134ea176ea5820e725be6603eb250333,0,0,0,2014-02-12 21:38:35,12,11,3.7384,23,1,1,4,528,35,79483.627,2816,846.023,3040
1827,c6c686f4138e6646bad233e89a630be0aada08ae,0,0,0,2014-02-12 21:48:14,614,0,0.7757,614,2,2,1,154,22,26954.8391,2774,860.4117,47711
1837,de6a74a2d5a475cdb1c3e51f65562880ed705378,0,0,0,2014-02-12 21:50:33,180,10,1.4864,190,2,2,3,356,30,113.7105,80,792.318,48341
1831,f66b9eb27d88e6f438d4e9d4d4bb8885f78c7bf1,0,0,0,2014-02-13 00:10:27,264,26,0.0246,290,4,1,1,629,7,43650.2756,226,185.0082,1809
1843,5f60fcc39c9ac8958bd2d8565404515f919d8124,0,0,0,2014-02-13 01:50:35,473,774,3.9267,1247,5,3,1,1329,3,72628.0974,281,33.0,80
1834,951fc855496826f9785ad0df66e8d30badf51e4b,0,0,0,2014-02-13 01:59:58,11,7,0.1536,18,47,1,1,31,0,36719.3993,489,185.743,46227
1839,4334f99f4bbe0f8361d2063f53b1d10cbc4ba8d0,0,0,0,2014-02-13 02:13:12,996,65,0.9868,1061,3,1,2,2539,10,27798.7115,308,276.1658,3672
1847,15ee94897d7d8dae5b23c2a2112eb1564fada22b,0,1,1,2014-02-13 07:42:13,327,16,0.9479,343,2,2,1,1648,82,21381.485,163,93.7737,54302
1828,79c6ecccc0760c2c19d3e83f5815307690ec0bdf,0,0,0,2014-02-13 08:44:21,128,4,1.7632,132,3,3,2,123,17,31218.2589,474,239.6897,58042
1846,de72e7fc0a750fdb2fcd752092e5a07a7f47046e,0,1,1,2014-02-13 16:26:48,31,10,1.1624,41,4,3,2,1724,82,40308.8004,319,189.0399,513
1856,e9f8fc7164aac0c7a746b74911afda9e0f02dbd8,0,1,0,2014-02-13 21:56:55,8851,35,0.9842,8886,3,3,2,1645,84,19023.1343,2862,826.008,50365
1850,ee477cc4ddd1ab8ba4c7c2338d31060119735e7a,0,1,0,2014-02-13 22:34:47,0,314,2.5823,314,1,1,1,4,5,48229.6078,247,108.5833,1674
1853,5b0eb01c9da6a2c27e419e19210f0bfebf5ac216,0,0,0,2014-02-14 03:01:40,344,214,0.1192,558,2,15,1,1356,13,37415.693,240,46.6794,46227
1845,c9ade9dc67f1193c1c417a8709b6e0f85568fc68,0,1,1,2014-02-14 12:42:27,11,231,0.6079,242,2,2,2,1635,83,59577.9512,734,338.8333,2966
1848,4b08be49a3ee18a4d02db7c52a56dd37e3a187ea,0,0,0,2014-02-14 18:24:02,248,9,0.0737,257,2,1,5,2115,23,41093.5573,250,175.4526,1218
1836,fc503dd52fd743a7e519dccc1be3a8bfd7606aef,0,0,0,2014-02-15 16:06:39,58,948,0.1248,1006,3,1,1,230,26,35118.7132,2732,768.1699,48972
1851,f10148f4f1719f99bc3888b93f5a285c8af997d1,0,1,0,2014-02-15 16:11:28,183,444,1.8718,627,14,10,4,1887,87,61585.7893,2719,741.6577,33
1849,f64b31c426b53c264e65180e858f0c283cf5edb2,0,0,0,2014-02-15 16:18:12,263,566,1.709,829,9,6,1,870,46,34641.3163,139,917.4966,44093
1817,ee020c94465a1f43e5df26659f858720b33b8b60,0,0,0,2014-02-15 17:38:51,531,640,1.9059,1171,12,6,5,1232,49,12775.3844,1,898.8131,43892
1859,4112a7fa279b340fb5f0f28f68ec0bf43f1479bf,0,1,0,2014-02-15 20:25:14,6988,1672,1.3853,8660,5,4,3,1737,83,25527.023,2,2.364,17
1858,94bda1f7d39adc631cfc8ef316730b54df040cdc,0,1,0,2014-02-15 20:25:14,40,5,1.5916,45,7,3,2,306,36,26310.4544,99,32.5506,56165
1860,b041a9339d5dd79e81054554c6c32e35a46241cd,0,0,0,2014-02-15 21:51:56,203,1672,4.3841,1875,3,14,1,2957,1,9385.1141,24,4.2972,16
1861,97859b0a74017ec008025feade05d26fc9fc747c,0,0,0,2014-02-16 04:28:14,29,30,0.3838,59,52,13,2,192,4,24801.7423,613,198.3333,134
1768,ea28d36892b72480495629d8df3468f8ecfc9764,0,0,0,2014-02-16 21:37:02,7,12,0.0,19,1,1,1,40,5,82019.4122,2862,1267.3333,2074
1855,9639f95923233a1c8647da688d9f0fa4a15b12a7,0,1,0,2014-02-17 04:09:57,152,0,0.0,152,1,1,1,592,47,46598.5307,613,205.1263,722
1863,9ea99491e846db82777bfdc740e409b827c07238,0,0,0,2014-02-17 08:57:07,49,33,1.5807,82,4,3,1,2008,17,56278.2389,734,225.75,2258
1868,1828b929c2ea11b3a39373cf50dcdb17eecf10d0,0,0,0,2014-02-17 16:23:04,2606,680,4.2176,3286,2,6,6,142,42,43288.5978,543,286.2426,330
1867,5f82aa3b03031c9aa7439b4cb745a6c5641a7b76,0,1,0,2014-02-18 02:40:42,1487,155,1.7294,1642,6,3,3,1795,0,49514.5316,2656,766.5001,55144
1873,26217071280f909f81fc3711df406a572b547c58,0,1,0,2014-02-18 03:50:15,217,27,4.8357,244,42,19,9,1961,80,36325.8918,446,82.8188,61661
1864,500c62d6b98f5b5c15b91f1d38f0132b846c6b48,0,1,0,2014-02-18 17:21:13,597,535,2.0523,1132,16,6,5,2325,12,59222.9119,2537,691.5624,55758
1872,6a34b56515add399999d612e3b5a379c54d554a7,0,1,0,2014-02-18 18:41:46,247,1308,1.7132,1555,68,17,2,0,0,23475.0384,149,65.3947,672
1874,ad3a4f824e6d0f1484883f78498e3a07592259b3,0,0,0,2014-02-18 22:21:13,35,5,1.1987,40,3,2,2,1641,83,34381.0872,288,128.9306,421
1866,e67a0a9819c7cd4facfb4448eea78a29b44d4cf5,0,0,0,2014-02-19 02:43:40,3100,89,0.4541,3189,35,14,1,271,24,30399.1371,281,186.9071,1687
1870,84103bbe2894706d224dc5975ca6bdaaa6f7f6c4,0,1,0,2014-02-19 15:58:28,1995,34,0.834,2029,41,13,1,658,33,57763.2364,2776,861.9869,48136
1879,657e16006e56b52cdb06a6014e4a2a8bfd87d77c,0,0,0,2014-02-19 17:35:35,76,452,0.023,528,38,2,2,1760,84,61345.0056,777,273.2058,5849
1857,54a7e0034148f451ff493f9f5363c26f10a21f20,0,1,0,2014-02-19 18:10:09,80,48,1.1903,128,5,3,2,1742,82,45832.4408,734,338.8333,2920
1875,5223c4797cbb46d5df427d72bb115f96af342d60,0,1,0,2014-02-20 17:36:34,1006,813,1.2688,1819,3,3,2,1536,87,41761.1867,2760,867.0875,48194
1876,6ed241acb33087e6cedf8f4637aca5dce0fe502c,0,0,0,2014-02-20 18:33:28,3249,104,1.0348,3353,4,2,4,19,18,43085.2057,177,140.7905,90
1869,3d7019cc3c93acd0c4f3556f10497a2bd07c3a05,0,0,0,2014-02-20 20:07:08,611,206,0.7288,817,1,2,2,186,8,66960.9512,579,402.3262,54302
1862,edf16c950dadcf2b75c8faed33269881b58b1de6,0,0,0,2014-02-20 20:11:33,53,243,1.2155,296,14,2,1,2008,90,31296.8063,734,225.75,2212
1892,e30f11143abfe3b03fe43aadf99a0804a62f3091,0,1,1,2014-02-24 09:04:48,52,451,2.4733,503,7,4,2,1664,54,51530.5808,783,301.2581,1074
1885,cd2c43884d600f9d444fbacd05f56c3581c10aa0,0,1,1,2014-02-25 09:31:14,3,20,1.6195,23,8,4,3,1623,84,34388.2172,626,375.4399,5139
1682,e0857f2dc6d2ad1a35a88a4f33c4d49bd0186727,0,0,0,2014-02-25 09:49:48,67,20,3.4069,87,26,12,1,6,4,4244.155,574,248.5045,3379
1871,47a787a9183278d928dff5b06ce5eb6e1a83582e,0,0,0,2014-02-25 14:36:00,8851,1096,3.3874,9947,2,12,6,63,1,3248.814,2862,812.691,48004
1865,5b6d2e40c85f6f9770c03a22e9b11ea5fb0fbe4c,0,0,0,2014-02-26 03:52:16,11,4,0.0,15,1,1,1,17,3,22379.9267,83,106.1095,921
1877,f145fa496ce0264708ff8525dfd45ddfb65a39f1,0,0,0,2014-02-26 14:15:32,501,46,5.3576,547,41,1,3,183,12,31.0,887,450.7801,3506
1893,15728ad8dfbc8991acaf2bee6ad213a39330606a,0,1,1,2014-02-28 07:47:48,443,243,1.8225,686,5,2,2,1505,87,48677.4403,734,326.8942,3152
1886,cdd3625db6a2fed0735329cc1571c72dbab47b64,0,0,0,2014-02-28 15:44:51,90,22,0.7806,112,3,2,2,1702,80,14399.783,2862,795.1082,49932
1890,4eb21ea7aad3dedcb32621e8f04f4a763a4d0a7c,0,0,0,2014-02-28 16:05:18,0,93,0.1112,93,4,1,1,520,33,491.0828,44,909.3159,48391
1888,9a62ef339c2fc7f25cde102a052899438ef08927,0,0,0,2014-02-28 21:01:29,7,3,0.3363,10,1,1,1,2079,12,8186.1101,49,131.6242,2889
1880,163049391f4696705161d00a14dbe673e8614559,0,0,0,2014-03-01 23:25:47,1206,241,2.9434,1447,2,1,5,2977,14,65966.7133,53,734.1539,51219
1887,7d8092b6602d2d92bd3ef215153ff5e686fab106,0,0,0,2014-03-03 06:18:52,582,526,0.1111,1108,7,3,2,13,13,39396.3516,495,265.6889,54302
1889,04395312745805ed7e4fd201b88bcd3d46b3a601,0,0,0,2014-03-03 13:39:40,264,29,0.0301,293,1,1,1,4,9,75092.0613,157,44.0668,774
1898,ab2717b6f6475a5d925058338549d31bb2776e6e,0,0,1,2014-03-04 23:10:16,8851,7,0.6853,8858,2,2,2,1616,83,14911.7498,2862,834.5716,50672
1883,630d3b9c777e4b9e371300f9b3578312412970d0,0,0,0,2014-03-05 02:44:34,33,206,0.1125,239,1,4,2,6,8,84489.3385,460,251.9338,54302
1896,60fb923018a6fd2dabf04a1d4500f7b29a23a6f1,0,0,0,2014-03-05 13:57:25,3856,742,1.544,4598,7,8,4,1736,89,24611.0637,1,892.6725,56352
1881,b173ce207b311a57f288269eebf13375a2459a99,0,0,0,2014-03-06 04:57:37,49,20,0.0723,69,47,1,1,61,11,1060.1985,447,175.7913,1205
1895,773fade9aee009170c7062d174f2b78211061fce,0,1,1,2014-03-06 07:54:32,150,63,3.0175,213,17,2,3,1983,85,48565.6958,925,412.6631,575
1901,ba95ca0db52567b875e5be0d10f8523b706385c5,0,1,1,2014-03-06 09:07:51,75,63,1.3487,138,3,1,1,1442,81,20996.2635,558,255.5615,6406
1910,485feefb2503fa58f92a10ea5f310bf5a29029f2,0,1,0,2014-03-06 17:59:49,2186,335,2.4671,2521,16,6,3,1781,12,31904.099,214,1267.3333,7069
1913,84626372c0ae007bb55e0072d981d856f5a8e72c,0,1,1,2014-03-06 21:24:52,68,806,0.4313,874,8,2,2,2043,86,18982.1921,67,131.6912,54302
1897,edd6636e054b0a60ba88da6262b8d439feaa6bcc,0,0,0,2014-03-07 10:06:40,8,3,0.9763,11,2,2,2,1617,83,49733.4315,734,338.8333,3043
1902,f3be42fc1a81b01dca2aa2de331083810d8b35e5,0,1,1,2014-03-07 11:13:15,516,7,1.2863,523,10,3,2,1520,82,31817.4085,653,302.3635,1953
1915,893c11f5451b199365f2edecc9914a20879ac552,0,1,0,2014-03-07 19:09:05,95,7,1.3237,102,9,6,3,2295,86,46690.8401,60,41.8369,145
1899,89bccb6f7b34667668db6a41f34fa24c94faf0d2,0,0,0,2014-03-09 02:20:35,144,1,0.0,145,4,1,2,5,6,5109.0661,417,199.9309,2170
1906,572d328762bee9100549963a6826fdb9f633af2a,0,0,0,2014-03-09 02:38:23,150,372,1.742,522,1,3,2,88,16,61966.3717,572,158.3802,6234
1907,1e1129c61db7e410816854c8f62f1c600d10644f,0,0,0,2014-03-09 02:48:57,130,184,0.0,314,1,1,1,169,28,33693.6156,458,167.4235,46227
1908,639ddace4d314919650459ed2065ea8e73ed3e2e,0,0,0,2014-03-10 15:29:10,351,25,3.6368,376,2,1,3,542,37,74449.874,49,127.0594,2370
1909,91d220b350f512ef283748dfcbcc304bde2f9db2,0,1,0,2014-03-11 09:52:45,56,6520,0.0439,6576,1,1,1,172,21,45191.8367,58,1267.3333,59905
1903,553401d2fef2a8ab66b2da7a79d865be4dd669d9,0,1,1,2014-03-11 11:48:53,2548,10,0.4473,2558,2,3,3,1736,90,26388.6419,2862,41.5904,2134
1916,f7eca98a7487b5e4013fbc07e43ebf0055520856,0,1,1,2014-03-11 11:55:16,218,902,0.2228,1120,4,3,3,1819,82,23355.0151,67,1267.3333,1010
1911,b4f262e1b0520a683666186d952f9913f568a71b,0,0,0,2014-03-11 12:32:25,344,2,0.0516,346,1,1,1,1356,3,1449.2891,274,161.7978,46227
1905,8e360f80f4454c1c40edfefdf44b92bfbb9be6f1,0,1,0,2014-03-11 18:00:28,156,52,1.8223,208,9,4,2,1465,0,58640.9634,2714,748.2487,8780
1912,2037a8d7acb4d3a3a44204f077663fbd5869995c,0,0,0,2014-03-12 02:47:11,71,58,0.068,129,12,4,1,11,8,47678.098,335,189.0833,1601
1921,31cbdfd7ba9e7ff2ae5f99f3f0f1a7831cd88147,0,0,1,2014-03-12 04:18:54,7,1,0.7949,8,2,1,1,1642,85,25845.4836,1,842.6272,49189
1920,9405ce0e2d95424544561d088d3167cf328964ec,0,1,0,2014-03-12 15:04:29,48,123,2.299,171,5,4,2,1599,83,36461.7548,1,770.3992,51805
1900,2e00ba8bfebfa196283b9abbec73d2edd49af541,0,1,0,2014-03-12 15:29:42,39,184,0.0,223,1,1,1,12,37,39010.3389,2832,852.9523,45230
1919,773dda7d547453b3e24c5827d7b43d73751bfdec,0,1,0,2014-03-12 21:48:34,1,84,0.6401,85,2,1,2,1666,86,18354.9732,1,818.166,50543
1918,6041433108e9968f0612378c22cd96c274554ac5,0,0,0,2014-03-12 23:28:11,32,1,0.339,33,41,4,1,26,12,57110.8975,16,725.8207,2529
1925,0cb1e3d248eb3d14f197217256d8ec29c4b3717c,0,1,0,2014-03-12 23:29:40,204,35,1.159,239,5,2,3,1556,83,58173.3041,2789,796.1393,56402
1917,948964b52fc58d6aa08f369be9e2d3a058cfea95,0,0,0,2014-03-12 23:40:06,142,132,1.4724,274,4,2,2,2228,7,30195.4273,2779,858.9761,52594
1924,3e2c610577fc1716e6ee41ef6af0976587344615,0,1,0,2014-03-12 23:57:04,36,609,4.7266,645,45,5,4,1532,2,32527.2038,2862,1267.3333,5400
1928,8a52f5af4f97a9a3062fca2db914ad2fe7e93162,0,0,0,2014-03-13 08:11:44,66,110,2.2834,176,15,7,4,1692,16,46313.0991,854,361.9599,1918
1926,92381fd26970f53a3f45454a036db20592a72f34,0,1,1,2014-03-13 21:53:01,821,1371,2.119,2192,7,3,2,1717,80,70970.7423,37,1267.3333,3022
1922,89338a160b2d912edba92a607f5e51b5e4c69d6a,0,0,0,2014-03-14 00:58:52,22,9,1.064,31,10,3,2,1632,83,27106.3712,153,36.4974,58332
1932,cbf304ebd0436a321753e81231545b705aa8dd23,0,1,0,2014-03-14 09:36:17,275,5,3.7329,280,32,6,4,1970,73,35612.1287,353,1267.3333,60576
1937,5ddeba3365a41e682e3e9fa19e7a790f6b2bcd34,0,1,1,2014-03-14 18:13:46,25,813,0.8001,838,12,7,2,1578,83,45131.2107,430,238.1609,2995
1934,8c52cc0e7f67378d66093c958558e765b682888f,0,1,1,2014-03-14 19:46:53,9,10,0.0,19,1,1,1,586,1,3123.0348,584,321.1173,46
1930,47675ce7598ed07dc227fd2ebe3e169180f3b0a8,0,0,0,2014-03-14 20:41:56,607,465,3.7384,1072,25,14,4,83,15,85689.0,2814,851.7453,45482
1933,593bd619acff2303e648b48d8a630dfc8d65be93,0,0,0,2014-03-15 05:35:24,12,8,0.1588,20,47,15,1,1356,7,77932.9933,301,255.2849,1025
1938,32c15c2fb0d31a8f061a8fb812c2d4851d52ef2f,0,1,0,2014-03-16 00:11:46,212,2099,0.7806,2311,4,3,3,1743,77,37670.3956,2862,1267.3333,58042
1931,b74c2ade5c7f633262f7c292b21e3f77727a281f,0,1,0,2014-03-16 20:23:53,56,50,1.6061,106,5,6,2,416,38,55736.4797,613,198.3333,2008
1943,b4f2ff17ad59e80c173f95f5f73419b989108c65,0,0,0,2014-03-17 21:34:23,551,130,2.1443,681,38,2,2,1895,0,61868.9111,2615,929.6915,10691
1939,850cd59ca4f409a9c9a2dc0edd7bf02f52308a35,0,1,1,2014-03-18 06:52:12,74,241,1.4813,315,4,5,3,1586,89,65250.0683,213,139.8454,54302
1950,17945ab0d0bd65d35f99e4577f5c516aa60423f1,0,1,1,2014-03-18 08:38:14,1995,21,2.2595,2016,10,6,2,2271,0,59454.1126,298,172.5572,58332
1940,5b3b52f596eaa50a5eff7e31bec7f1243e34ade2,0,1,0,2014-03-18 19:24:15,21,34,1.7097,55,6,3,2,1617,86,50888.1552,46,35.0462,162
1953,75ff51e12485c16f3c408d40f357e07bb26905ea,0,1,0,2014-03-18 20:42:33,141,159,0.8467,300,5,4,1,1945,88,41543.961,13,7.6066,151
1935,aabc43973eaa097d004e7d2cd09ff1576b38c0eb,0,0,0,2014-03-19 00:50:05,938,923,0.7384,1861,28,1,3,2452,7,43418.3935,153,309.1934,4228
1942,283175ee6032a652080f3767fa1fcac0ca74af0e,0,0,0,2014-03-19 00:54:29,38,16,0.4275,54,52,2,2,145,14,17650.8981,613,198.3333,141
1945,2639ac2ae94f8a2d773cf333a2631772df479325,0,0,0,2014-03-19 01:03:50,1020,336,0.1124,1356,26,1,1,9,6,74814.0306,483,161.2239,54540
1927,4ce44df4d346124013e322fdbb13993f7d0689ab,0,0,1,2014-03-19 06:04:47,51,513,0.805,564,23,2,3,1543,87,48840.0364,2862,846.2229,49938
1941,f1f8384a0c449e600b62280bbd601d6da08c3e74,0,1,0,2014-03-19 09:55:19,6,26,0.1823,32,12,7,2,1613,85,53467.0552,705,345.1895,3938
1946,9ef3eeec13b1cd30b35780def9cc35923193dfe9,0,0,0,2014-03-19 16:46:20,873,5096,2.3504,5969,2,1,1,56,3,79715.4788,2756,780.4259,48407
1929,48c9db60526cea38be4a442694b1aa843a85d257,0,0,0,2014-03-20 09:16:20,2,2,0.0,4,1,3,1,33,2,34953.3835,681,301.0656,49967
1952,269f81052e42d36f9a3bee684464543b7074b6b9,0,1,0,2014-03-21 14:04:36,240,102,2.1867,342,10,8,3,1925,0,21157.3832,38,13.9511,309
1947,3b708f9989274cbe9e0e2a5fda6f1d0a3d96ebee,0,0,0,2014-03-21 14:25:09,908,41,2.1517,949,12,4,4,1398,86,30376.0209,962,213.2108,58042
1958,c843b6b85cf828fde16d8d8a04411cba515f715e,0,1,1,2014-03-21 18:03:12,2172,719,2.0223,2891,8,3,3,1961,82,35080.3322,632,369.1775,1108
1954,6b6139cc8bf903f76dfc422d1f45a800a84b9000,0,1,0,2014-03-21 18:17:33,224,1096,1.4031,1320,3,3,2,1971,87,19498.3014,2862,840.293,48975
1959,4347982974176bd20bfa69d72a72f895e1b05d25,0,0,0,2014-03-22 02:45:09,8851,19,1.4782,8870,2,2,2,1783,86,34198.9328,2862,844.8968,51197
1966,44ed78aaaa150c9de74331944fdcc37a22262e4c,0,0,0,2014-03-22 03:37:35,8851,1096,1.0206,9947,2,2,2,1686,86,18091.8649,2862,833.8214,50221
1957,26b8f4ac9d50b2e9dfd3cc4e608ee38fa46d4279,0,0,1,2014-03-22 20:48:55,58,11,0.1035,69,10,5,1,182,22,43725.1413,2862,75.9512,55122
1951,6f24097f66b1575045e5f222cd5de6bc70c505e6,0,1,0,2014-03-23 05:03:16,1,0,0.0,1,1,1,1,1,3,38020.5652,398,211.0812,1757
1955,5baa72f7f299b4ec190ddb30b897d5519a6a2a75,0,0,0,2014-03-24 11:36:05,3,3,0.0,6,4,3,1,29,85,44141.711,62,48.1231,960
1971,35d4b5de8f3ee18ec98b01f3aa0951df0e11e8d2,0,0,0,2014-03-24 12:44:19,951,969,1.4796,1920,3,3,2,1829,89,47877.8398,102,79.8202,464
1949,69bfca06f2b048c43b0dc4c3423227946b7f6523,0,1,0,2014-03-24 13:52:38,109,121,2.1673,230,17,6,2,525,38,37097.4432,266,183.4702,1531
1948,8a2a0c3d4ba674e345f9b2f8c8b2dec8f5782254,0,0,0,2014-03-24 13:55:32,224,194,3.188,418,25,10,2,428,27,48594.4167,135,238.4339,58355
954,91130373f474c8a8d8f5100044507553d2a9b872,0,0,0,2014-03-24 16:06:01,484,231,3.9241,715,25,8,1,212,86,1588.0,734,330.9489,2254
1956,13910dc40077d5d0dadb541c043047f1b7a37be2,0,1,0,2014-03-25 10:09:45,6988,70,1.7427,7058,5,5,2,2125,84,32599.1549,16,16.0378,170
956,24e71dbff4e08878c94ad8cadaf9c5c6de8ae658,0,1,1,2014-03-25 10:09:45,56,32,1.1649,88,3,3,2,1775,86,21552.5564,88,1267.3333,58042
968,b0841d8fee4c89647894f056b1106b9ac67be8b9,0,0,0,2014-03-25 15:49:10,290,0,1.786,290,14,2,2,2082,93,78312.5,513,423.634,8128
957,ad81cabdce6c7dae46f1a207b0ed4b4bfa479618,0,0,1,2014-03-25 16:42:20,1006,813,0.8773,1819,12,7,2,1669,86,27290.2167,703,349.0871,3742
966,58e524e77f218cc75d01acc8f41c8ee6eef86207,0,1,0,2014-03-25 18:55:37,115,66,0.6533,181,3,3,2,1679,85,39922.0798,218,194.9587,444
980,1a3b5dbcb5fbee5066ceaa2467536119893f7e7f,0,1,0,2014-03-25 21:02:22,757,387,0.0,1144,43,18,4,2207,78,33452.0215,613,48.3891,866
973,3bb87d1699584e4ffe412479ae898e52c67654a6,0,0,0,2014-03-25 21:44:41,109,288,1.2791,397,48,2,1,152,19,9919.0778,136,38.9316,572
967,0ac36ea86bb9773997856ff897842bf66d69f5fc,0,0,0,2014-03-26 02:29:29,4,6,0.0,10,4,1,1,26,9,29471.4253,354,191.0513,1136
962,33c78d54b8f5300a6566121fcc99b9209677daae,0,1,1,2014-03-26 15:22:47,8851,25,0.3273,8876,2,2,2,1673,83,47780.238,2862,839.2031,49504
964,76101027eef2fa097b2b55cdc037a3bfbe235753,0,1,0,2014-03-26 15:50:41,119,142,0.0,261,1,1,1,494,0,61200.3642,4,996.6031,42405
977,ebaa755b1b05e2b4c3671efa242afbf59dfd0497,0,0,0,2014-03-26 19:02:47,551,452,0.3136,1003,38,2,2,1771,90,60380.2621,280,94.6948,2681
971,e615960c16b69fcbcb77c917ade30850912d3ede,0,0,0,2014-03-27 03:50:23,144,2,0.0,146,4,3,1,1533,6,20816.9626,5,847.1985,45483
969,07a451ea0274ab75f4772aef741bf8aa83e86f91,0,0,0,2014-03-27 14:14:50,327,38,0.0569,365,2,2,1,2371,10,37740.9794,841,273.1487,4294
959,5749fb1eaa81e4c6c6ba06bce38e3b29d17d398e,0,0,0,2014-03-27 15:14:54,130,7,0.0,137,1,1,1,0,32,11392.2039,822,275.1741,474
970,180bb757164ae1c938ac0335ea4cfc83b54bd740,0,0,0,2014-03-27 15:21:21,10,4,0.0389,14,47,1,1,1356,7,4373.3508,785,350.9554,2138
985,48e8dcc8f0f15864c2ffafd41f54d713dd5e2f3e,0,0,0,2014-03-27 16:33:50,112,643,0.2352,755,17,9,4,2473,85,21971.6978,325,152.6633,1484
979,6e6863d4d14161027a419ef606916c95f59e7f41,0,0,0,2014-03-28 02:29:10,938,923,4.014,1861,28,2,1,174,7,44208.9931,308,272.3556,4636
991,47bbfe35afd750ef110311725f6b2824a91552fd,0,1,0,2014-03-28 21:36:28,69,27,0.559,96,5,2,2,2116,87,24445.942,247,108.5833,1396
972,bef9526d1b89ccd8bf3f42664aebf05d587a0411,0,0,0,2014-03-28 22:58:34,344,4,1.0371,348,1,2,1,6,18,62620.3403,311,146.9306,472
978,6874aaa0db16513299d18b381166044f9735c31f,0,1,1,2014-03-28 23:16:06,138,181,0.1661,319,2,1,3,249,18,7831.4043,261,170.0046,1297
987,d049017ac85ce22e7dcf87879e94b386987b19e6,0,1,1,2014-03-31 09:53:24,5,2,0.5714,7,3,2,1,253,30,62732.1725,213,197.6153,527
965,b7ac8f96c169a3cfe18dd50ca1f27ce2b21fd78b,0,1,0,2014-03-31 10:09:36,87,51,1.691,138,5,1,3,405,27,40746.4587,421,288.375,58607
993,abc6565e260d07614a400b0a83a56a20a7a0722f,0,1,1,2014-04-01 09:02:15,46,11,0.2926,57,2,2,2,1583,87,70919.4592,849,376.3744,1374
975,d8c29a3f7e482c99a075f581902c0ed7d142cd6e,0,1,0,2014-04-01 09:28:48,10,5,0.0,15,4,1,1,10,2,1211.468,753,325.9566,2343
986,55fba6ab0b5521711ed5c33a2d8ddadd2edd8906,0,0,0,2014-04-01 10:09:27,484,28,3.9241,512,25,8,1,138,4,19988.3912,734,338.8333,2305
988,79da4a6e0e1b33f880f6228e93905d85122238a2,0,0,0,2014-04-02 09:32:48,9,184,0.0,193,1,1,1,73,16,61082.8977,575,369.2088,4428
1005,b42feea6432905946083e0e287b3545a5799e4a7,0,1,1,2014-04-02 09:58:00,290,5663,2.8054,5953,85,11,3,1823,88,46211.3234,656,295.8732,5670
994,486cc4cc0a1aae49ef8d09fd884d7e4095c05f1b,0,1,0,2014-04-02 15:02:49,327,6,0.0,333,2,1,1,143,8,14596.6868,881,287.724,5131
983,b218536dbc55232a73a81f6288d82ef2b0fa0e6f,0,1,0,2014-04-02 17:02:47,318,724,0.7671,1042,5,5,3,1647,87,30727.6566,48,39.1302,222
1004,d4ec31f21eb83502bd523c057bce2d3b249b3d80,0,0,0,2014-04-02 19:05:14,1731,65,0.9933,1796,58,4,3,1872,82,21266.6531,566,337.5502,191
976,f4f7417735e179c73334ecfb3df6aeb1467b6842,0,0,0,2014-04-02 19:27:35,2,8,1.0659,10,2,2,2,28,10,6116.2598,191,1267.3333,1641
989,5ab1a341a47d43f74398443f1ec1c17edb95e550,0,1,0,2014-04-02 19:35:54,161,89,2.4793,250,11,6,2,209,25,49665.5199,1,938.6166,50772
982,4f47a44d05a1c9b8e284c2d8c084edb7c0376d1d,0,1,0,2014-04-02 19:53:25,73,5,0.7826,78,3,4,3,1735,54,136.2473,684,349.0874,4049
1007,133cfd399e15a2061f4759188726e875e288e625,0,0,0,2014-04-02 20:26:24,2,114,0.8272,116,2,2,2,1,2,4833.6272,270,158.0467,54302
999,a4d7e227dc22714c47f7e362fed4b72b4ae9ab18,0,0,0,2014-04-02 21:43:23,11,96,2.0,107,1,1,1,536,35,25013.5561,798,387.0843,3433
961,3ca740119e7b402a453a2fb43ee904a0ee313ff0,0,0,0,2014-04-02 21:54:40,33,9,0.1202,42,3,8,1,110,91,428.0,613,46.0,1742
990,5e51aa4e6d1d868bb82a1aa2ffaed4613b24ffc1,0,0,0,2014-04-02 21:56:08,11,4,0.0,15,1,3,2,1533,5,86281.0,596,303.6355,1418
996,43d35a651c83e52113bbf25b405c3329dc963e58,0,0,0,2014-04-02 22:53:19,77,282,0.1259,359,16,1,1,2156,4,66780.6992,734,306.0,442
1000,05b08822c0aa060eb7ec5afd234e459f8f5ea05e,0,0,0,2014-04-02 22:53:47,53,50,0.0,103,1,1,2,1533,85,86281.0,571,284.274,49967
1002,4ebf82cc306ce4ef719abbb960d3f44b33f173af,0,0,0,2014-04-03 02:42:59,7,43,2.0,50,4,1,1,41,10,30903.0991,313,184.442,710
997,38db6e44640982feb6397936eafecfee68fa3552,0,0,0,2014-04-03 14:59:24,91,52,1.3411,143,4,3,2,1933,82,26068.1712,245,173.9451,694
1009,e6e596d1a86272b70d759aad18f561e84e2854be,0,1,1,2014-04-03 19:55:07,175,902,1.4904,1077,7,5,3,1586,86,69024.4483,2,795.6386,55710
1012,04fd84c3d536a82b1e20a6295bc09d9250b76d29,0,1,0,2014-04-03 21:17:44,322,83,1.0753,405,11,6,3,1560,78,44253.9808,148,86.0149,736
1003,9cd68230b2430a2782d2b7062eaa7ed4f3437d62,0,0,0,2014-04-03 21:28:45,264,7,2.0,271,4,1,1,4,5,905.3932,126,71.4459,329
1006,28d82160fc9e1082755ff770d189dacbabbeef80,0,0,0,2014-04-03 23:29:58,522,22,0.1346,544,16,2,1,2156,7,12072.1764,620,310.8596,1875
981,bc8951726e4830e6b9248b4417570f3363ff5eed,0,0,0,2014-04-03 23:29:58,39,282,3.053,321,16,9,4,143,8,774.9088,734,310.9635,1474
1001,4b09b8deb33bd87d0714797e2e862221bd8735ab,0,0,0,2014-04-03 23:30:43,98,52,0.1202,150,11,1,1,14,3,83912.0,459,445.4468,55097
1013,57b18e600c6d79d19d29f3569b81cb946ef9ee57,0,1,0,2014-04-04 14:36:15,210,61,2.9043,271,11,7,3,1877,87,42277.2062,247,108.5833,1648
1008,655ae7a8f9c4582eb6c303e005df6edbe76bd732,0,0,0,2014-04-04 17:34:12,607,465,0.0856,1072,1,14,4,61,2,69627.7917,2826,817.693,3040
1018,5ebadc11e36749e6479f9aba19406db3aacdaf41,0,1,1,2014-04-04 20:37:09,315,100,1.3912,415,15,5,3,1667,86,37904.1003,137,61.4421,58042
1022,c18ce589efdf480ad4623298ffb7038eb4091afb,0,1,1,2014-04-07 20:51:35,484,247,1.9964,731,14,7,3,1982,85,53167.8049,2,907.868,52098
1011,1755f65a647da1816e2bd8229ba656a26cfcff1d,0,1,1,2014-04-08 19:28:58,461,573,0.9413,1034,3,2,2,0,84,12.0,803,382.6095,5796
1015,97a6e36bcdb6e186c07acac8ab9baaafd37d43ad,0,0,0,2014-04-08 19:42:04,558,93,0.0831,651,32,8,2,507,42,3537.209,613,46.0,1641
1019,b1a307047768980b5fdfcb0cffef5acea6924362,0,1,1,2014-04-08 22:13:09,19,7,0.0951,26,3,15,7,2807,90,1218.2454,231,42.8382,440
995,d7ae79427e1153e0065933cdd9df43b08da3fabc,0,1,0,2014-04-08 22:31:38,80,35,0.2542,115,15,2,3,770,33,10553.6503,392,226.8098,58042
1017,d41c075721428b4beece0d8b22086a8017664280,0,1,1,2014-04-08 23:08:19,18,3,0.4515,21,2,1,2,1732,83,2436.5144,74,46.511,54302
1033,8a5b90ede0701e05f776e6adccc71f6fbd43e3aa,0,0,0,2014-04-09 02:37:00,58,34,2.4114,92,5,3,2,68,18,41823.9801,3,1.0,11
1020,f6671a7ac42515b057615ae3ac38bdb81715f98e,0,0,0,2014-04-10 02:51:05,130,7,0.0,137,1,1,1,586,6,82597.021,482,164.6567,46227
1025,333986428e6556f68c5889046d79afad8cb8e8f9,0,0,0,2014-04-10 16:21:42,36,27,0.0546,63,51,1,8,3055,8,48312.0234,75,47.3117,343
998,66a6990aa076bbcdebee952f47c95ccdad735dbc,0,0,0,2014-04-10 20:51:33,303,234,2.914,537,8,4,1,5,2,64863.17,2862,151.1697,3007
1016,9d08e50daaed83fc8e9321b6ae1d44f8e8137d8a,0,0,0,2014-04-11 16:31:31,26,27,5.0472,53,2,1,1,195,18,73780.8154,143,80.5557,405
1024,6658a6e03cb4062036f84e78aba6fc3114499c80,0,1,0,2014-04-12 20:20:15,89,159,2.4329,248,2,1,3,22,15,9001.3293,4,16.3126,232
1029,b69f5e363b75543429a25b0909b45dff735c64b2,0,0,1,2014-04-14 19:08:31,121,10,1.2677,131,4,2,2,1812,84,55652.7248,2862,1052.6,2223
1023,de8a479f2e1a8b536dedf2e6470301709bc3d9dc,0,1,0,2014-04-15 22:13:45,82,10,1.8239,92,5,4,2,2086,83,60959.5824,223,59.2262,499
1038,87097066e7c3c133e333804c4e4b00457b6c989d,0,1,1,2014-04-17 22:36:08,297,15,2.2314,312,5,7,3,2,72,42902.7753,282,198.4705,1388
1027,8d1acd93fe86030bdb84bba5251f7999ba70e1b7,0,0,0,2014-04-22 05:33:39,2606,1775,1.4142,4381,5,4,2,1880,82,60744.2066,2862,35.3032,190
1032,48d7e408085ff4f56a718487dedb05c23dfe57c9,0,1,1,2014-04-22 08:12:19,51,9,0.236,60,2,2,2,73,22,69639.3504,610,275.6154,4423
1047,a2e74354ca51809a11b62dd7995c026807683b0a,0,1,0,2014-04-22 12:27:20,196,902,2.6453,1098,9,5,3,1854,85,38039.0382,2828,807.1939,56503
1034,75c185199d403dbd6d1220a4f4dcd1553c98c15f,0,0,0,2014-04-22 13:33:12,8851,33,0.6658,8884,3,2,1,147,24,43900.7304,2862,843.3956,47576
1036,44f4e790196ff6425255cd12cfd100ddf9415524,0,0,0,2014-04-22 13:47:11,28,2191,2.0,2219,1,1,1,57,15,75509.7145,2781,780.4222,9736
1026,0547d16d5f5475e66c339ed779cf561c52869445,0,0,0,2014-04-22 14:15:29,8851,17,0.8191,8868,3,2,2,1666,83,48051.3467,2862,839.7524,50784
1030,8b8042b032fd93103fa6c74fc4b751e0dd9a207b,0,1,1,2014-04-22 14:42:04,23,282,0.905,305,2,9,4,2156,8,67774.7112,734,311.0915,1760
1037,c320cb34019710895a3570d001c73688fa948c2b,0,0,0,2014-04-22 15:24:37,558,7,0.1229,565,32,1,1,99,25,86351.0,613,297.466,1738
1010,2890cc5be986740cadf491bb5efbb49af2b11c57,0,0,0,2014-04-22 16:10:51,46,18,1.2185,64,5,3,2,1950,82,53609.9149,247,108.5833,1403
1041,a16adba9b89661f95d167d056d128ed388c4e7a7,0,0,0,2014-04-22 17:04:11,38,25,1.5398,63,5,2,2,1767,87,49436.4513,80,22.9646,34
1042,15e7ac7d37a49c7ff852057f6f124aee611470da,0,1,0,2014-04-22 17:31:28,39,11,0.644,50,2,2,1,566,38,78917.6126,2862,837.298,43364
1049,c1eb74ce47988c1e75d20ccb9a0320dd305c4b1c,0,0,0,2014-04-23 18:30:36,44,71,1.5712,115,3,4,3,1729,75,64483.0067,613,161.0,1433
1044,072b488cfcc4603d467bee6ea601c16cf92efc3e,0,0,0,2014-04-23 19:09:54,2443,11,4.1135,2454,4,2,2,87,21,50760.6731,195,1267.3333,2697
1040,c3550fe40c298bb7d31735ac1aedfc9fab84c169,0,0,0,2014-04-23 22:56:51,2548,18,1.0865,2566,28,8,2,1818,84,15357.4512,2862,1052.6,2946
1045,647bfc6d7985a9e07734315424fa6cc89e587df3,0,1,0,2014-04-24 03:00:13,248,383,1.7548,631,14,6,4,268,36,29407.9251,1,756.7259,54074
1052,c8dcc7515e9f1d7f73f2d5e6651862a1b1023bea,0,1,0,2014-04-24 06:57:46,285,165,0.2479,450,28,2,5,1982,84,36548.4966,215,1052.6,4418
1048,86382f6427803854e24e7ae198f2292e1b9edf09,0,0,0,2014-04-25 03:25:29,73,179,3.5113,252,34,2,1,99,9,43426.375,531,136.4707,5257
1051,c0c2de53a075e00f3ee8b32db23a3cb3b289943a,0,0,0,2014-04-25 10:23:55,11,8,3.3063,19,15,1,3,4,6,46064.3063,760,342.7141,1712
1028,a4f5794222f2a69ea4502085f928e3d413dba1d7,0,0,0,2014-04-25 13:21:39,501,4,5.3576,505,5,4,1,34,11,59794.295,323,151.9855,54391
1043,08a9d384d87d472d7f8383fa1d9b457190309b27,0,0,0,2014-04-25 13:37:50,38,23,3.9241,61,25,2,5,1864,11,1588.0,734,338.8333,2270
1050,7c0c34b1a5635990751ce4ebbbf308673536cd41,0,0,0,2014-04-25 14:03:50,8,4,4.4362,12,2,1,1,45,5,38918.3785,339,150.9311,46227
1068,acf1b1801352cdc6103325ff4498c2020dcc1c32,0,1,0,2014-04-25 15:56:34,1052,1672,4.157,2724,43,5,1,1444,0,35635.3383,18,14.1637,176
1014,63ba5886e3ee3d6e5b5ab538c4b2e5890bfebeb3,0,0,0,2014-04-25 21:50:41,14,5,0.6867,19,8,2,2,1807,84,40651.2914,643,286.9558,2780
1057,95e09f262ce8d448e8bbbd17aa9c77f6546d5ed1,0,0,0,2014-04-25 23:44:15,280,1672,1.2834,1952,5,3,2,1619,81,20946.5933,17,15.0465,157
1046,fccc123af1a1f120fd86db65dfa09fe4c85a18d6,0,1,0,2014-04-26 02:56:12,9,196,2.2313,205,5,4,2,17,9,11288.4489,299,152.3398,4440
1077,9881ea6b3e4c48fab071bf3e1cf3535775adefa2,0,1,0,2014-04-27 16:26:34,257,427,2.8583,684,16,6,2,2019,80,41930.8477,2862,1267.3333,2902
1039,9002e76d6971c3035a439209a9f2e5b8c2465247,0,0,0,2014-04-28 16:58:43,83,42,5.0472,125,68,17,1,663,26,64794.1621,231,72.7306,374
1060,7f019804ca82c727062c2a787fe534690e9dbf6d,0,0,0,2014-04-28 23:51:56,1006,813,1.0775,1819,2,2,2,1752,83,9079.8829,464,187.5579,2860
1061,0a20f5f170b3596e6e74bba7daddebd4c1f5963a,0,1,1,2014-04-29 04:24:07,61,214,1.5482,275,8,4,1,644,47,39264.1295,165,1267.3333,3065
1056,6f919368c87f1c4c3531843fb8f7f5c80d21f51a,0,0,0,2014-04-29 17:05:47,614,99,0.4134,713,2,2,2,1704,85,56520.3949,647,324.0454,664
1067,90d086a152643b19b9a80f2446c6e8b1747722f9,0,1,1,2014-04-30 00:15:31,996,92,1.076,1088,3,2,4,1681,85,49439.306,347,184.2188,755
1062,a4664328c2be71a39301b1fe92eb9fb4e2d4755b,0,0,0,2014-04-30 00:39:24,3,38,0.0144,41,4,1,1,10,7,2045.0453,363,188.0177,1500
1063,1b51bec1455265de050fa85f1a2f90c26d28f591,0,0,0,2014-04-30 01:07:09,25,8,0.1829,33,2,2,1,2807,8,72279.0,325,167.8981,389
1053,02ffaff69df86eab4f3f026732466b9eb1578314,0,1,0,2014-04-30 01:11:24,5,3,4.4362,8,47,15,1,279,22,20963.7919,234,162.8468,1444
1059,6b5b7f5193c63d19fe644c708efe100f6f520fa1,0,1,0,2014-04-30 03:04:20,873,190,1.0948,1063,2,5,3,1198,86,82818.7761,468,168.2591,54302
1054,74e96b460ae779e5823178108001871d4a10be7a,0,0,0,2014-04-30 16:46:51,582,526,2.2161,1108,7,3,2,12,3,51215.2147,2,751.6913,44081
1064,dbf3e1c574d08dee0450feaf8cc7e0d4df0e0ba8,0,0,0,2014-04-30 17:45:45,8,5,0.0724,13,7,1,3,69,7,3621.0978,2785,859.9957,47689
1066,cf3f5b6efbe80a95bfc57e40e60ef5531eddc71e,0,0,0,2014-04-30 19:07:51,144,2,0.0,146,1,3,1,1533,7,3785.5828,5,796.438,44974
1069,b573d0fb51a91b053d11d5693eae5a397019d288,0,0,1,2014-04-30 20:39:02,8,181,0.014,189,1,6,5,2460,8,32470.2379,18,1267.3333,58042
1055,70fd478271fe13afeb85f05b8897b91058967b96,0,0,0,2014-04-30 20:59:21,130,6,0.0,136,1,1,1,21,8,18442.7186,102,59.5843,1228
1065,68961a6a9089a8cd374dc90577f2d48b515aa0a7,0,0,0,2014-04-30 21:29:05,0,1,0.0,1,4,1,1,1533,6,44727.0689,287,181.7771,563
1071,43f19eb576004ac7694e76425d37cf876c01673c,0,0,0,2014-04-30 22:15:43,2443,32,1.2111,2475,52,1,1,82,89,53621.8698,284,266.7024,56576
1076,e78b002b131bb34792dd7a04f26d9a3a57c531c1,0,0,0,2014-04-30 22:20:26,344,214,4.4362,558,47,15,1,532,38,72645.4997,327,254.7167,260
1058,233761e53988301222dfaa590dc7fd8ee396c9b4,0,0,0,2014-05-01 09:37:36,1,14,0.6923,15,3,3,4,51,9,6132.735,658,316.6344,1918
1070,742682833259e0bd48243211253dd6a2469e95e2,0,0,0,2014-05-01 21:40:17,9,214,0.0938,223,2,15,1,1356,59,62159.7803,692,267.337,46227
1084,44fa2cdb48cf6b4e589d5c48f5c57f0a93c03b60,0,1,0,2014-05-01 22:51:12,366,273,2.4552,639,21,8,3,1827,89,46053.5366,101,74.7175,195
1072,18d3b52d478c31a9091bb328f8cf5adaa7879a66,0,0,0,2014-05-02 00:24:53,6,8,2.9601,14,2,1,3,9,9,8467.8141,408,198.0688,1883
1074,73ef82f384ca9c95933cd92d0e389f2f0dff7ab8,0,0,0,2014-05-02 00:28:26,2,4,0.0811,6,2,27,1,1794,4,28046.5932,2862,219.9389,1883
1081,62af7d0c9d12c642fcc749f64f3db096013d2e41,0,0,0,2014-05-02 18:56:08,1020,336,3.4069,1356,2,1,3,6,5,4518.3457,2780,875.3638,47906
1091,562a22fcd29b215f921ed3a4f4fe26b6f2290530,0,0,1,2014-05-02 20:46:11,606,110,0.8576,716,2,5,2,1977,9,13494.0,613,301.1583,1686
1073,837bded794f23975414eb81a73a7120aaabc13ea,0,0,0,2014-05-02 21:39:36,9,356,3.6368,365,1,13,3,585,34,4462.4804,655,287.9699,2689
1087,af96d405b42a9e4ae23cba841b7a5d83ee8f7ec8,0,1,0,2014-05-03 03:47:27,209,27,0.9945,236,3,3,1,1718,88,70556.058,2862,1000.5,52751
1075,3fb2dcdf06fa74db14891abb76a447c040f32436,0,0,0,2014-05-03 20:39:16,3,1,0.0,4,1,1,1,1533,4,9194.5114,415,219.093,1395
1083,65cd825d0d423b7473b7197b2d22a3dc169e2bb1,0,0,0,2014-05-03 20:51:14,344,3,4.4362,347,2,1,1,22,5,8846.74,371,197.4821,2195
1078,2f32783bd60081b7798b73c58f9d973776dfd7b5,0,0,0,2014-05-04 04:07:40,63,122,0.1493,185,5,2,1,1,6,42280.3075,550,289.5153,6631
1086,c454807a75a55bf7a12dbe7c641266bcaf33d6e1,0,0,0,2014-05-04 04:19:51,48,19,0.2641,67,68,27,3,125,85,85359.0,629,260.557,1881
1095,9d06ea6f144c3a1327d9c1322f1543067852701e,0,1,1,2014-05-05 09:19:13,0,197,2.4798,197,20,7,1,30,37,59205.7638,734,338.8333,2458
1035,4791d9814d97c6bc373b5b126774e4d1381732a6,0,0,0,2014-05-06 03:36:20,3100,56,3.9267,3156,5,2,1,1329,16,84124.8663,281,33.0,1670
1089,69e65be8d77716c4ddf318d63f180aceb2393133,0,0,0,2014-05-06 04:13:32,10,6,0.0904,16,47,1,1,1356,6,29883.3411,437,164.0268,3204
1096,f4460a55b85759d2a631a2d931f10106e1748770,0,0,1,2014-05-06 21:10:10,39,214,0.1547,253,3,1,1,546,36,5.0,547,345.3847,2847
1098,0a09edc8180d4b0dae8c56dd64a1b1c531d684f8,0,0,0,2014-05-06 21:12:58,1,1,0.083,2,47,1,1,614,38,85337.0,537,290.4809,2936
1082,9030693180b1e6484ae7d1d44ef6964ca9491f49,0,0,0,2014-05-07 00:49:46,143,1308,0.2644,1451,68,17,1,85,9,85412.0,148,90.9291,577
1100,bc4b008bf138f3542f228624b9e9a4a4301ea8b2,0,1,0,2014-05-07 01:22:03,304,1102,2.0681,1406,4,1,2,1802,78,36372.0991,613,23.4933,94
1104,ef35641edd2682b6e6ee177dce0b93849dbe8c4f,0,0,0,2014-05-07 03:36:04,72,1249,5.6555,1321,82,2,5,285,16,12163.781,2707,875.3518,48948
1093,c7e472e8c1eb5739866e8c93957738676cc744bc,0,0,1,2014-05-07 03:41:20,109,513,0.7837,622,23,3,3,1728,79,74050.0,2862,863.1585,49948
1106,32e1b16b81af5afb244860af9dad368575d69988,0,0,0,2014-05-07 08:27:04,46,3,0.6756,49,33,8,2,1690,89,54950.6269,787,311.469,2066
1101,2e61cd5e07f3983d262ec6bba2aea329e28c5fdc,0,0,0,2014-05-07 08:53:09,428,58,0.7361,486,1,1,1,61,17,39224.3385,590,383.8393,5060
1094,dceb739f32b7d8a8525b3af99cf51b7acdd3b7f6,0,0,0,2014-05-07 21:30:05,13,8,3.3063,21,15,1,1,5,5,82664.1946,639,295.0751,2490
1107,ce7bf5e99405ce08dbd2b4955fd76582c27db403,0,1,0,2014-05-07 21:53:16,1513,6135,1.5167,7648,4,3,2,1966,87,36815.1571,2769,787.3001,48583
1105,39b0d0e3efe3f0b58c317a0fa8766dc99ad5ec11,0,0,0,2014-05-07 23:11:47,27,1,0.1402,28,2,1,2,706,26,7847.0862,613,46.0,1632
1092,d267cf88c870a05efc9109a53b51b8628b4dfe48,0,0,0,2014-05-07 23:34:29,1205,948,0.2882,2153,45,1,1,15,30,8487.9354,313,1267.3333,5767
1108,d839350f42405ccd85ff478bd13bad9920522dee,0,1,0,2014-05-08 01:17:48,12,7,0.7582,19,5,4,2,0,82,15523.6176,471,219.758,2581
1112,79a4dd58cd060cc28f32e0fc17001fe1179552a2,0,0,1,2014-05-08 15:51:29,62,26,0.9938,88,3,3,2,1594,79,33545.8594,919,390.881,5163
1110,3b299c4ca123e66172163bacc05e7ce8e096164c,0,0,0,2014-05-08 15:59:52,37,6,1.7662,43,4,3,2,167,8,29371.9348,879,252.0069,952
1113,134e0226e42d977e8e73477b1ff24d51e64b4436,0,1,1,2014-05-08 20:56:22,194,33,2.1105,227,9,3,2,1577,78,52863.281,2862,846.5283,55938
1115,0b26c778bcdbef83cb5e0480a8c7b38d58d2aec6,0,1,0,2014-05-08 21:00:01,6,24,1.1939,30,4,10,4,2617,20,73846.0,2778,775.0524,43626
1117,d13f78ab82c6fe4a6fbb5293126670fb7032203f,0,0,0,2014-05-08 22:04:17,86,68,0.4226,154,3,11,2,1759,88,15937.6408,2862,812.089,49946
1114,259e17df3bd39d1cedf5e3a40c88b1d0d8efdc33,0,0,0,2014-05-09 15:04:55,22,18,1.04,40,1,2,2,142,23,39951.6182,734,310.9916,2164
1116,361ad681ecdde12e299026ccee5e17c184f943d8,0,0,0,2014-05-09 15:12:16,24,13,3.053,37,16,1,1,2156,16,65270.5066,734,306.0,3346
1102,7484bd41918cc042642753f1ad1eaf468c6fc3af,0,1,1,2014-05-09 15:40:50,7,2191,2.0,2198,1,1,1,6,11,61296.2779,115,85.9932,956
1111,65a46265df79593c684efceba0ebb93e37339e0e,0,0,0,2014-05-09 18:28:27,53,574,0.1123,627,36,14,1,2331,18,8284.474,588,304.0057,1388
1122,820f0eb60b89e043761a8c882ff8a016c3ea2212,0,1,1,2014-05-12 15:49:37,6,8,0.3597,14,2,12,2,1665,54,44131.7178,2862,13.4404,58607
1125,81bf2b08895336b7f650624b7a581ccc5e2dbf26,0,0,1,2014-05-13 00:10:28,2443,384,0.8257,2827,52,2,2,1789,76,50366.4423,257,106.4827,6852
1109,5a79f56316f426942c63e7899744a5a219fdc7b3,0,1,1,2014-05-13 08:05:15,97,15,0.3374,112,48,1,5,43,22,51560.376,139,58.9192,261
1119,2e456f56a604402a4c176c0995f62147a129149a,0,0,0,2014-05-13 08:18:59,996,4,0.0295,1000,15,5,3,6,6,45542.0332,708,344.941,3457
1132,db9ef0b6db3b3198cc0c67eb00505f0ef53b87e3,0,1,1,2014-05-13 12:03:54,180,91,1.3409,271,13,8,3,0,0,33135.4144,734,338.8333,2865
1126,362e54803434053fea25f874f64c69bdc1db78da,0,0,0,2014-05-14 12:25:29,1023,45,2.0513,1068,10,2,1,84,21,50739.5464,798,269.8182,513
1123,1147ee3a81e483b26b4b8c5d7cc7e55fcc2baeec,0,1,0,2014-05-14 12:25:29,250,148,2.0774,398,19,7,3,0,69,25737.8284,1032,543.0089,11417
1142,541a20dbb2ef258705c0632cddc3361ea533995c,0,0,1,2014-05-14 16:55:55,1206,4,0.8843,1210,2,2,2,1626,82,66258.6867,53,851.5641,49141
1097,c6efd35cf20db59c917b590100a7d09555fa4854,0,1,0,2014-05-14 17:10:32,126,11,0.1235,137,2,1,2,1623,81,38804.384,148,71.593,54302
1140,a01eb5a9458e03e7e53509d738b8717d0975141b,0,0,0,2014-05-16 02:21:20,102,78,0.6986,180,4,3,2,1706,88,16.0,27,11.4964,69
1127,3ce2ce7144df8ac4cc6d6c401f1c6c4f4c2b51c5,0,1,0,2014-05-16 02:23:02,996,3,0.0353,999,15,5,3,4,6,43694.3967,368,193.2682,740
1131,401ed436ab0ca1f9294fbdd26d3da78ee70e9c3f,0,0,0,2014-05-16 02:32:41,4,214,0.0346,218,1,1,1,1356,5,85337.0,413,214.5813,46227
1135,7879e7f9b6f0d95b85f24923bb93229ab129fca2,0,0,0,2014-05-16 10:34:38,130,8,0.0,138,1,1,1,0,14,69413.2802,500,144.1249,2734
1120,c045690b126e6b1f594291c6eff3957a6d9079ea,0,1,1,2014-05-16 13:56:05,56,23,0.026,79,4,3,2,1617,80,37496.4212,585,267.8396,5454
1139,7eefbf8b9d8602181acddb799103f64583c8a5ef,0,0,0,2014-05-17 16:44:03,6988,1672,0.8848,8660,4,2,2,1593,86,75692.206,2,23.0,235
1138,eaa78e0857b30662c55cd72d5bc635a4d9d1a23a,0,0,0,2014-05-17 21:00:11,34,27,0.1116,61,3,9,7,148,10,19949.7379,178,1267.3333,58131
1079,58dc48889536878bab2dfc67ed892b27cde03558,0,0,0,2014-05-18 00:43:06,3100,67,0.3348,3167,4,14,1,509,24,57350.6746,281,181.5195,1635
1137,590b3b23ac2db333048c52c5323b78d0630605ae,0,1,1,2014-05-19 10:28:49,84,97,1.2945,181,11,7,3,1515,68,43757.1306,1016,458.5721,10222
1145,e3a88b9f80ea9ba59cf3da8f7b5cc81ccb32e24a,0,1,0,2014-05-19 12:29:15,3046,2803,1.1363,5849,14,3,2,1859,81,5336.8434,238,127.239,1832
1146,b9802ffbc4d22e5a6a608f16113d8a0d7914a319,0,0,0,2014-05-19 18:52:40,79,806,0.5365,885,2,2,2,1584,87,9720.1838,728,256.5908,54302
1144,e141694e2bcaecf3c604f3c60b622f8cc63f3b46,0,0,0,2014-05-19 18:52:40,6,99,0.5557,105,8,2,2,1670,83,9570.4347,657,338.9421,953
1121,de1f7ee1eebc0ed9a092940874ac5868b16ef930,0,0,0,2014-05-20 01:12:44,344,7,4.4362,351,47,15,1,562,36,26213.2748,437,233.3523,717
1141,ba08eb3577dfe00885b024e66738d294f431129b,0,0,0,2014-05-20 03:46:40,695,1096,3.3874,1791,40,12,1,3,11,6082.9207,2862,866.8204,5639
1143,76139e42693959c5975f46803b9897f009656846,0,0,0,2014-05-20 04:09:26,3,3,0.0,6,4,3,2,609,36,12041.3162,434,190.9531,850
1149,a42b4e584842a3104652fa2c0092f9306f935f26,0,0,0,2014-05-21 03:47:46,264,49,2.0,313,1,1,1,21,6,32465.0766,16,785.3127,5918
1128,ca213ccdc029e74f548115dfbb61c65d221e5e42,0,0,1,2014-05-21 09:44:50,14,2,0.5659,16,2,2,2,2141,84,45697.8085,799,348.7217,1614
1148,484d2816940cd2eb22d2365fcb376dd27e059e2e,0,0,0,2014-05-21 09:48:21,48,17,1.3281,65,4,3,3,1644,2,18122.9971,632,379.9961,6742
1134,2635632270289fbbab2f3e3181f20aa98c34a879,0,1,1,2014-05-21 15:29:12,205,170,1.3777,375,9,4,3,1792,81,14026.7264,822,290.195,5139
1150,e00878d9558d9220ef864c6dfb69293ada36e2bd,0,0,0,2014-05-21 18:11:16,1731,902,2.0187,2633,5,3,3,1890,84,39984.4667,2,855.9172,51975
1157,6127f85670e9aeb569d5cc74468a2e17cc93b0bb,0,0,0,2014-05-22 09:51:32,45,1315,1.1118,1360,3,8,2,1877,87,65308.9507,734,327.7045,3007
1152,36cc02ca76fa11b6b1d2cb24fb068d2a5dfaa842,0,0,0,2014-05-22 14:02:23,22,11,0.0935,33,47,15,1,77,16,3691.6232,783,358.8317,1209
1153,028f539eaa7f5ebcda42495145686dc1fa40acd9,0,1,0,2014-05-23 07:33:25,85,0,1.4914,85,4,4,2,1955,77,78038.4036,734,225.75,25
1151,465a09c468679548cb4884f6a219c4335bb39350,0,0,0,2014-05-23 09:13:55,443,23,0.2039,466,14,2,1,2008,14,65825.2491,734,321.1779,2776
1166,dfcb73426c9e87b0e4c263d0739d6856c3119c05,0,1,1,2014-05-23 16:01:58,484,9,0.3289,493,2,2,2,1763,81,20630.9172,734,330.6337,3075
1147,926f639a53fdd260bc789a3cd69a49186b7e7c76,0,0,0,2014-05-23 16:20:10,9,8,0.3134,17,2,2,2,37,20,38585.1689,2862,11.1416,1700
1154,ca7e9d5c49b08fa4981d5986ef68c82b3777e282,0,1,0,2014-05-23 16:49:44,1333,1249,0.6824,2582,82,4,2,1787,81,11142.6667,592,370.2457,733
1156,ea5b6246d24c6092cda17c28610f76b17b0be25c,0,1,0,2014-05-26 20:39:10,1,16,1.9219,17,4,4,3,181,14,901.698,365,217.9947,2312
1136,f5ee620bf9f47194b4326a4194c8d85e35ca4545,0,0,0,2014-05-27 06:31:07,11,87,2.0,98,1,1,1,30,23,77179.3696,2862,86.7761,1664
1155,367c741931c2a20eb2213650313dc238e8b0f3aa,0,1,1,2014-05-27 08:20:29,4062,110,1.3288,4172,18,5,1,1856,81,56990.1525,2862,127.4928,58042
1160,4e67631ef84464ee4a1c141719521e835ddcd529,0,0,0,2014-05-27 23:11:38,20,93,2.8914,113,2,8,2,483,41,67965.7434,613,46.0,1754
1133,b59ae73cf20e7ddb7ed656ad968419e06e4a82e4,0,0,0,2014-05-28 09:51:21,2423,868,0.1047,3291,2,1,3,46,17,62407.7944,9,782.5761,44511
1167,5767757abc98759c7c3cf955b03e972d29fda633,0,0,0,2014-05-28 21:43:26,32,144,0.4482,176,3,2,2,1809,87,22602.4955,60,38.3205,69
1163,d92a79f5b3287ee26e45b666b2c4c5feec823f74,0,0,0,2014-05-28 21:59:06,344,214,4.4362,558,2,15,1,1356,59,62700.1139,122,1267.3333,1000
1165,78e91c4cacb7128a994a7a8ca16f5a9e20b576ce,0,1,0,2014-05-29 14:16:53,268,371,2.4396,639,7,8,3,1923,82,39085.1555,215,119.8141,58042
1168,a4bea74aeb9dcd8a2104ae1a7d4660a65af7420f,0,0,0,2014-05-29 15:08:37,98,43,0.7795,141,3,2,3,1786,86,45983.0254,247,168.1676,1420
1169,ea26dbd730b0b340f65cdebd5ba9e899d367aa53,0,1,1,2014-05-29 16:01:32,87,5,0.7241,92,2,2,2,1762,85,84770.0,294,155.8769,820
1172,7216639e512c2f5d4834bd5213d7e30af68aefa3,0,0,0,2014-05-29 19:55:38,45,6,1.8976,51,5,4,3,1802,86,47542.0822,297,203.2147,391
1175,5420b7a2296d230e7fd5bc2f41fc6472a9c8b55e,0,1,0,2014-05-29 21:16:03,1438,5663,2.4776,7101,21,13,4,2449,92,60283.5708,199,161.71,4382
1176,ee950b4103459740329dd91b07738b4e6003f977,0,1,0,2014-05-29 21:37:50,680,7658,2.8303,8338,14,8,4,2108,86,45898.9563,734,1.6049,457
1174,e68ac31f3fc5a1a44bdb36a4124bf921a65f2be4,0,0,0,2014-05-30 14:21:27,144,3,0.0,147,4,1,2,53,6,60975.0235,5,807.612,47811
1179,d48a1871d8cd79c3330b355e153567828b0bfbeb,0,0,0,2014-05-30 18:12:33,3249,2099,0.1391,5348,4,2,2,1624,2,64523.4198,118,215.3688,4270
1162,f66689db9705fe5ebb0a6d2fe5063e23b0c2af0c,0,0,0,2014-05-31 03:54:17,264,17,2.0,281,4,1,1,4,4,6705.2509,409,217.8274,1511
1170,1c33ea3677ce788dacc3e158991cf99452c0325a,0,0,0,2014-05-31 03:58:51,3100,82,3.9267,3182,35,14,1,143,6,84801.0,281,33.0,80
1177,371507a121209ceb8d3d6774f36cbb34175d4347,0,0,0,2014-06-03 04:01:11,663,22,0.1724,685,2,9,1,106,89,20138.9108,178,160.2019,58131
1180,58bb974a330ab71d2ee34cace565f489e26629c7,0,1,1,2014-06-03 05:54:21,59,23,0.418,82,1,2,2,1779,85,37108.7482,131,83.1369,176
1173,0f2d7d0b9540efa3ea3dfe4f8270c3635afdc63c,0,1,0,2014-06-03 06:11:56,89,50,2.0183,139,7,5,3,1842,89,40279.1592,2862,116.9222,60271
1178,f2a656e9d6eb43fd5e6ca13603453bebd6fa210c,0,0,0,2014-06-03 06:18:00,20,8,4.4362,28,47,1,1,28,2,27506.0526,182,87.1337,46227
1183,2800c7fdb8c4a913ad08670a1597036aa79d7ead,0,0,0,2014-06-03 15:35:11,327,5,0.9632,332,2,1,2,2371,14,11327.9995,2770,805.9655,45302
1181,1dc157afe7da3dce57f7657e445ba12f16073d49,0,0,0,2014-06-03 15:51:20,4433,15,0.4441,4448,5,4,2,1653,74,38806.6993,290,169.0991,1645
1191,6a4144b41897b87d824fb76e483d6ce81c62f5ef,0,0,0,2014-06-03 22:32:17,56,28,1.6962,84,8,5,4,1693,83,40779.2152,48,39.07,128
1171,1def02f19dee6781ae28e5443be9fc0bb098f43d,0,0,0,2014-06-04 04:09:14,51,120,2.9601,171,56,1,3,828,57,23647.3119,822,332.5116,1863
1158,285c369ac7910d24b7260a3d96a67de9257cb9bd,0,0,0,2014-06-04 19:29:48,344,6,4.4362,350,2,1,1,50,8,78556.7603,6,868.9994,6
1182,1e49abaf9cbc0833146f30c32ab574cd892aa0a4,0,0,0,2014-06-05 15:50:04,4433,181,0.8689,4614,17,2,2,1673,0,24657.2249,613,169.5918,1151
1192,4722fe70aa9ae1b62772cfa1a1de58ef289445d5,0,1,0,2014-06-05 18:15:32,573,159,3.0269,732,15,9,5,2334,75,65304.1451,261,121.8719,56836
1194,60be74230e48bb7f3aba132e247d054a8b8b8a0d,0,1,0,2014-06-05 20:38:41,79,25,2.5029,104,11,6,6,1948,86,47799.0922,2862,1267.3333,60576
1184,cd9e4638fa878d4d6ef286918d33a25835436bbc,0,0,0,2014-06-06 04:01:58,144,3,0.0,147,1,1,1,35,6,84272.3555,357,180.5246,2414
1189,512c3d1a4e9f236f22308eab12d5374d24d48a8c,0,0,0,2014-06-06 19:18:32,35,19,0.8112,54,3,2,1,36,20,28238.1531,2862,112.4966,4157
1203,f72738125339c21a6981ecd2bfe86035244e8257,0,0,0,2014-06-07 13:21:33,76,33,0.4911,109,23,2,3,1651,87,55465.7565,2862,814.5983,49386
1188,ce98b2de09641772f4466593c6b650906e66fad7,0,0,0,2014-06-07 20:40:40,23,2,3.3063,25,15,1,3,37,6,12448.0008,215,188.2016,1910
1193,68c92652aec5934c5050520f060c07a91057c3c0,0,1,1,2014-06-09 18:40:33,32,977,0.3079,1009,3,3,1,1837,79,43434.5839,2862,81.051,3253
1196,2d6babbcc992dce30028f2cb4ca61bdb0962f0e8,0,0,0,2014-06-12 14:29:05,51,163,2.0558,214,15,7,3,1499,2,72083.4926,942,169.8357,1874
1208,b48a17bfbb033d30ed0fd7d66d83129dbcbcf1fa,0,0,1,2014-06-12 14:30:29,566,214,1.4068,780,4,3,3,1705,85,73323.4,537,253.0983,5036
1195,fa601bdff0bbd98605db6ff17591724aefc16245,0,0,0,2014-06-12 17:00:37,14,187,0.1303,201,9,4,1,157,18,536.0,2677,901.5669,49016
1186,b93f287c869c1da5158a7961b3ee1281a11a2b9e,0,0,0,2014-06-12 17:00:37,8,2,0.0,10,4,1,1,117,16,81653.2473,5,888.0764,47328
1207,c94caec1b5266af4f20290b9d3d82faff4977aa7,0,0,0,2014-06-12 19:09:46,86,143,2.2362,229,7,6,2,1793,82,11602.8275,143,117.3318,54540
1197,29a89d818a8befa95408e7c6c0a1347e107c3a26,0,0,0,2014-06-12 19:41:52,522,23,0.693,545,3,1,2,1720,0,48402.6662,628,310.5238,2072
1201,d509fe1a5f8798f23f248fd0421fe15d04a53e32,0,0,0,2014-06-12 19:53:11,1,2191,2.0,2192,1,1,1,50,7,4789.4643,634,302.753,2046
1211,61b13b0e6a8396e77f37f5c86b33fbaf9e4546c3,0,1,1,2014-06-12 19:57:12,9,260,1.16,269,1,2,2,1840,80,8971.12,27,768.5052,47790
1164,cecd1da318f19139446db526be035fb25e1c5b12,0,0,0,2014-06-12 23:42:21,163,16,0.0628,179,2,2,4,2668,4,69492.1373,410,232.4353,4674
1202,68dd6349551f5b26b399a80f38624e02bf89a9b4,0,0,0,2014-06-12 23:42:21,225,282,3.053,507,1,1,1,2156,91,71392.5851,734,306.0,1574
1213,a4504388a8761b42f4f28604d98ac668ca496d55,0,0,0,2014-06-12 23:42:21,36,282,0.9148,318,3,3,2,1650,76,3261.2064,734,306.0,2130
1185,6eda57c1b612346d7936f6749b684882ec46d68e,0,0,0,2014-06-12 23:42:21,27,451,0.8336,478,3,2,2,1797,54,48621.1954,541,349.5983,412
1214,f1aa49b9f80f532307195932e6bf34f4705e6ccb,0,0,0,2014-06-12 23:42:21,13,99,0.7519,112,8,2,2,1785,83,46322.8641,555,328.5366,1193
1199,7065b1bdf119e07f2e64735f60ab3e3d036c00de,0,0,0,2014-06-12 23:42:21,110,370,0.3409,480,28,3,5,1912,84,34596.4085,547,365.2341,3765
1198,55c48c2a001ff659722236df5636a45a000fdb46,0,0,0,2014-06-12 23:49:09,111,1535,0.1794,1646,2,2,2,1591,89,567.641,371,429.6665,5103
1209,cc276fb198cbc1cddd880736a5d99f49cfcc9592,0,0,0,2014-06-13 16:17:51,582,526,2.2161,1108,1,1,2,12,9,56884.9685,555,367.622,3503
1215,9baae7b80767b077403a75cd1c1e2589ae38b0ba,0,0,0,2014-06-13 16:35:07,135,44,0.084,179,36,3,1,2331,16,26957.439,231,301.5814,1388
1187,a8f5278c8c7253ff5bd707a6b8b9fd508545fe73,0,0,0,2014-06-13 16:47:27,878,574,2.5884,1452,36,2,4,154,7,4958.8884,600,121.5,1388
1205,593bba94f68ce6fe5220264d5323693ce80ef6fb,0,0,0,2014-06-13 18:35:08,69,64,0.2743,133,2,12,1,5,1,2379.3166,781,385.7737,54540
1212,45afe1d935be9057fe3aa08f2d7b9300501402ff,0,0,0,2014-06-14 05:29:58,71,13,0.1347,84,23,15,3,592,89,46370.7813,499,258.3737,3100
1219,a14a01c924e4db8e084ba313149d35149dc53825,0,1,1,2014-06-16 20:10:06,172,1,1.1363,173,9,5,3,1976,81,44302.5113,47,40.2305,97
1216,9afc2097ef8e806b9916e623815202b0f43d1cfc,0,1,1,2014-06-18 00:59:26,203,1014,1.0676,1217,2,2,2,1814,83,38072.3138,296,205.5896,2130
1217,4b3a17cda6f46b444ec54b719bf6ac7c246c513f,0,0,0,2014-06-18 18:32:19,614,99,0.9723,713,8,2,3,254,22,78862.0999,548,332.0379,283
1220,498ee24b52a6876a008c3d3d3ef4870e4bd9842c,0,0,0,2014-06-18 19:05:31,5,30,0.0401,35,4,1,1,629,9,76883.3774,2821,807.9518,45300
1221,7bceedf47017f625779c00df3d483a88010681f5,0,0,0,2014-06-18 19:06:59,15,28,0.0687,43,3,2,2,1641,76,76223.5997,304,203.208,54302
1226,b34237150afc15c50ca0a281f77a67e73b229bd6,0,1,1,2014-06-18 19:06:59,3,0,0.9183,3,2,2,2,1877,85,74861.0,613,311.2,1837
1210,20fffa9993ba79d99109e037582b488963567777,0,0,0,2014-06-18 19:06:59,3,0,0.9183,3,2,2,2,1877,85,74861.0,613,311.2,1837
1206,c1b5c270df35bd9554d565c44cd409ec9d96b44f,0,0,0,2014-06-18 19:16:26,1669,6520,0.1524,8189,2,1,7,175,20,66289.9158,683,267.3097,4300
1225,93c99a65e70cd21c8b4e26c161b990b0155449b9,0,1,0,2014-06-19 03:30:02,4152,3835,4.3376,7987,42,18,4,2727,87,42281.112,178,153.2689,62439
1229,303ff22dd608d4971a12de52f91184dcd82895c0,0,1,1,2014-06-19 06:50:27,98,24,0.9997,122,7,6,3,2005,83,36663.0793,255,18.2235,2579
1204,434b5d683ec7520acf1a5a2d421ee5aba2ede0e8,0,1,0,2014-06-19 15:47:14,18,68,0.0655,86,5,2,1,810,39,38018.9386,140,80.2814,472
1222,4f381a2a60c95bba9b3d7153aab8db504b3b7720,0,0,0,2014-06-19 16:18:58,111,28,1.9219,139,4,4,1,52,4,1509.7804,2862,69.0654,1873
1233,6858dd3e3ab354c517503d310e50319be93cf6a2,0,0,0,2014-06-19 18:54:33,116,106,0.0,222,17,6,3,1944,86,41509.9292,247,108.5833,1645
1228,eb56b490bad44f2ffa04e6b52f3cf0eaaa9c7e4a,0,0,0,2014-06-20 04:45:18,50,224,3.688,274,4,2,1,133,89,27856.7914,232,126.1904,56165
1237,2fe6de6a11850f2b92c5364d8b78625f297c7f55,0,0,0,2014-06-20 16:32:45,7,30,4.0173,37,20,5,3,1756,84,18877.6851,667,301.9345,4307
1223,93f54fc44461c995ff30d42f284c78d1a9a02723,0,0,0,2014-06-20 20:31:52,34,15,2.0677,49,2,2,2,1960,79,33813.5591,1,782.1779,48257
1234,ee401cf8131a779069805cbe9ef4ab05d4a63b9a,0,1,0,2014-06-20 22:16:12,159,17,1.1291,176,5,4,3,1724,82,51679.8641,2862,1267.3333,58042
1232,bf9b49ca8443b020cee6f0e1550763fed5a36363,0,0,0,2014-06-20 22:46:16,461,573,0.9634,1034,8,2,3,2068,22,3490.1301,140,201.1569,3381
1224,2420cb46bf3b5c07069a24f56af73d8a00d9673f,0,0,0,2014-06-23 15:29:25,47,34,2.2161,81,7,1,1,15,8,77544.9335,2,737.3925,49090
1238,d4833593bed5db45fe718e37b685537b5a4ace9e,0,0,0,2014-06-23 15:52:50,201,3835,3.1292,4036,19,6,2,1717,87,42189.5655,211,61.7256,2736
1242,e39e9e59309ee650caa210f8cae7e6b6d028a105,0,0,0,2014-06-24 18:04:17,338,0,0.8825,338,5,3,4,1901,9,62159.182,613,46.0,1686
1243,5b8ac8cbc5ff9e0dffb6ebc0485e0e2bc2a679fe,0,1,0,2014-06-24 18:06:53,484,185,1.031,669,8,3,3,2010,0,84062.0,734,310.541,2451
1236,a224e583ab2fcda98b0428ab0c41d6bb6e5ee09a,0,0,0,2014-06-24 19:35:46,8,214,0.0497,222,2,15,1,28,4,2433.5468,91,16.8315,46227
1118,6e4dca02a720ac9277370ba1d4cf387ef1a3cfd4,0,1,1,2014-06-25 09:30:53,2548,57,0.707,2605,5,2,3,1817,84,13873.0,871,274.5983,4924
1230,d84b692eb1cc0fbc55f047ec61c6a1c2cabe8b46,0,0,0,2014-06-25 15:34:30,873,124,2.3504,997,2,2,1,845,48,78254.521,128,1267.3333,1591
1235,23893ead557989bb74d699e1028c9c6a1b689f3b,0,1,1,2014-06-25 21:09:31,203,38,1.0061,241,3,3,2,179,23,47169.9663,59,40.1902,33
1249,2b973b9ed1c1c6bd1c5b0c756cae12db434f02c0,0,1,0,2014-06-27 02:35:50,11,6,0.8257,17,2,1,2,1910,83,30517.0879,2836,812.2084,49224
1244,536ae7ae98a5901cf1aa6ae6ac60a17e2518fcb7,0,1,1,2014-06-27 15:26:29,16,813,0.8722,829,2,7,2,1708,86,17930.5562,2,861.9728,49157
1253,ef4a07b4b62eb448b6c1752250896fc861ff29a4,0,1,0,2014-06-27 17:13:02,73,56,1.7093,129,6,5,3,1777,87,46971.2444,216,105.2975,2016
1239,da3606e180411e88774a9f24e7884147a202fea8,0,1,1,2014-06-30 12:00:42,85,19,2.5199,104,7,5,3,579,37,47187.142,30,1267.3333,58042
1250,e77ea1252092bc0e589cfbc2341c2194cb750b08,0,1,0,2014-06-30 13:30:55,418,295,3.7953,713,39,16,4,827,48,62757.5267,266,1267.3333,3456
1248,6aa81a5b378938bcd9d1201af191685dcbf4a96b,0,0,0,2014-07-01 19:25:13,16,144,3.5514,160,2,9,4,96,12,5009.309,43,39.2784,80
1231,135513cf9b95edadf7ab52be8b05c2d83019f3cd,0,0,0,2014-07-02 08:23:19,67,6520,1.5579,6587,4,2,1,188,20,64256.9223,849,291.7695,467
1245,e90c493cb27e563d473befd1c932284d40df4f9c,0,0,0,2014-07-02 13:00:30,144,0,0.0,144,1,3,1,15,15,6078.4882,75,51.9201,699
1259,92cb551ae3787d3d1e33d6e2eb5571d045a2a21b,0,0,0,2014-07-03 18:35:39,5551,235,1.9307,5786,12,9,1,2223,2,37005.4922,2862,107.8117,58042
1256,9b539f966f56a98775eacadd6495b4482b0e87a9,0,1,1,2014-07-07 04:55:32,8851,2,1.8541,8853,7,4,2,1745,82,27026.6185,2862,813.3652,48663
1247,0c6fad4a8a8d30198283f36f35077d52e8122cee,0,1,1,2014-07-07 15:31:44,94,32,1.0196,126,5,3,1,1885,87,22273.8505,734,336.586,25
1258,8d87e0e25e7252926bbe8b671bd86262ba7bc246,0,1,1,2014-07-07 15:50:26,79,50,2.1546,129,8,4,1,1973,79,27788.8486,734,320.5102,3044
1252,d13a996e45a3294a7c16102bf9d3da881ae2c732,0,1,0,2014-07-07 15:53:01,4050,2396,1.632,6446,15,5,4,2109,2,43690.8945,391,1267.3333,60576
1260,871de53a83639922d6dcbe0b5a0c52ddc7591fe2,0,0,0,2014-07-07 16:10:49,8,8,0.0614,16,47,1,1,83,10,85337.0,112,59.7919,46227
1246,8f7678967c4a042f8e351e8948a44e8b54671240,0,0,0,2014-07-07 16:16:54,7,6,0.0554,13,47,1,1,1356,10,2981.4226,679,348.1427,46227
1254,61ee287bc7d56008c3b7851f0f2e2413325d81f4,0,0,0,2014-07-07 16:16:54,32,34,3.9241,66,25,8,1,189,18,9115.9164,734,330.9575,548
1263,0bc4663aad3257f359058465dccbb36141fc75c6,0,0,0,2014-07-07 20:10:57,103,15,1.4319,118,4,3,3,1829,87,44795.5923,175,73.3033,501
1251,d5265bb326bcf4703e866ca96241842d9dce974f,0,0,0,2014-07-08 17:17:13,1470,13,2.1556,1483,1,1,5,27,22,42894.0248,720,348.5735,55122
1262,eb4032e5fb4b5c7ec4f59989c0e62ebc431c1e21,0,1,1,2014-07-08 23:20:58,3,9,1.0478,12,3,2,2,2109,0,38287.6904,2862,4.342,1297
1264,ae03e1bab709bcadcd973899be04e0c06a7df7a9,0,1,1,2014-07-09 20:51:51,193,38,0.4325,231,9,3,1,1604,74,72924.5836,2862,107.1411,56165
1255,581ce631026b98ee9438d54ef144df89bc91100b,0,0,0,2014-07-10 08:55:00,212,42,1.8795,254,6,4,3,1946,85,61069.9031,184,18.1664,58607
1269,11351e3c0dd20e60e1f21be6cfa966377a999f83,0,0,0,2014-07-10 17:08:58,164,10,0.1666,174,28,2,5,1766,84,42569.2615,451,369.3557,3671
1273,5e4b8f535fb2b176335ba29a59302b08c3c23766,0,1,0,2014-07-12 04:36:13,85,2,0.8805,87,4,3,3,2158,79,42223.217,2,755.014,47169
1271,1630ebf6afa6c3ceb4751dfd9bb3e444b99211e2,0,0,1,2014-07-14 16:11:07,1537,513,0.6675,2050,23,2,2,2100,87,51910.9739,2862,801.842,49944
1265,88f9c92f4561c77b40ca25594f3b926824d506c9,0,0,0,2014-07-14 19:11:08,2421,54,1.3399,2475,3,2,1,191,33,31815.9608,119,38.7252,311
1261,8a2d8a138d5ac1fc38b24bc7fd7513f6dbe86b24,0,1,0,2014-07-15 17:05:47,507,41,1.8764,548,8,3,3,1793,84,48800.6616,2862,61.2544,60700
1267,ca431888efd91bb8a7900c0219bd821744153686,0,0,0,2014-07-15 17:20:48,1032,755,0.1097,1787,11,1,1,72,4,68955.1535,2862,102.1631,55097
1272,bd0eafd5853a446b0db79547231a0a9653a74293,0,0,0,2014-07-15 17:23:06,2109,1102,1.0216,3211,2,3,2,1711,87,45323.6735,67,43.1194,161
1275,ae25812e39cb29c6ad0d0625eec9268e55c2fb38,0,0,1,2014-07-15 17:23:06,1955,12,1.0903,1967,4,3,2,1840,88,40254.0507,48,19.0,240
1281,3adf59486a4e55f409fcc62a4c942a070b98dd8f,0,0,0,2014-07-15 20:14:50,99,6135,1.4189,6234,5,3,3,1952,82,46771.2998,2772,774.9554,48986
1280,233bd3c0340d6bd19fe0c25072bd3b4931be0e1f,0,0,0,2014-07-15 20:21:41,8851,1096,1.0628,9947,3,12,1,415,33,86094.0,2862,820.8578,47182
1268,fad5ad5a6af5a9ed2954a6395149f0ca95d34603,0,0,0,2014-07-15 21:19:25,8851,1096,3.3874,9947,40,12,6,429,27,1043.1613,2862,841.9709,47828
1288,6319dc804f073b65b011c5ff87f6c320df6b7e8b,0,1,0,2014-07-15 23:18:15,3249,180,0.342,3429,4,4,4,1588,2,994.7276,2862,166.2707,58042
1276,e60b4e6d1d8fb94586ec3e277e77a6d2aef0be2e,0,1,0,2014-07-15 23:18:15,256,49,0.2317,305,3,4,4,2024,78,82731.0,2862,1267.3333,3918
1274,721afaead6bdf02107a88f650edf1be5b1127268,0,0,0,2014-07-15 23:22:26,49,996,0.5648,1045,56,2,2,1832,93,11821.108,87,27.041,1018
1277,c7f3a238e7fcc09292c0316b4df3279a4d241b2d,0,1,0,2014-07-16 16:26:35,228,72,1.4329,300,4,2,2,2228,20,6.5,206,74.3733,3034
1266,2a661195fe0fb5fb43b0295266d0decf40820442,0,1,1,2014-07-16 22:18:46,163,63,2.6442,226,9,7,3,1891,87,43888.6911,2862,7.0664,58042
1279,43c2c169b7bd8f6d5ec16557532c34f3ebcc995a,0,0,0,2014-07-17 20:59:05,130,10,0.0,140,1,1,1,42,25,82028.2998,733,355.3117,46227
1282,337e4a8292d29ea1a07c932d8853ca62939548ed,0,0,0,2014-07-18 17:31:17,16,36,2.0048,52,8,6,5,2641,1,64180.6559,763,368.6114,59248
1283,33719e759aa600149b4b1286c63e4f895a920b4e,0,0,0,2014-07-18 21:19:34,327,84,0.9699,411,2,1,2,1706,81,50170.9967,323,213.2686,54302
1290,3d2da7987e3a6d0f1e088af9c661068335cc9f67,0,0,0,2014-07-21 13:36:01,461,9,0.999,470,2,2,2,1855,82,50129.6514,48,32.7366,1462
1286,453292f3c6a443aed72a4b53203f1a46b26d9aaf,0,0,0,2014-07-21 21:41:43,344,214,4.4362,558,47,15,1,34,1,61688.4519,441,241.5921,46227
1287,4f6e108e146f5226a6a20ad83fb5c46c7d18d046,0,0,0,2014-07-21 22:42:24,15,84,0.9797,99,2,2,1,1854,85,39432.2047,324,203.8664,350
1284,ef894c2aad85fbb980be20f5c42f735966871d47,0,0,0,2014-07-22 21:14:14,125,120,0.3515,245,7,2,5,118,13,1918.5995,147,86.2824,533
1298,fe1ed96d74094fd779dfdc4bcb1fec019dd8c4bc,0,0,0,2014-07-23 12:44:21,119,23,1.2696,142,7,3,2,1892,81,54782.3337,11,1267.3333,58332
1289,1e2a5b0ee334327f1ed62e181542328a0824c27c,0,0,0,2014-07-23 15:26:50,459,28,1.6974,487,11,5,4,2046,80,63741.4147,455,377.7226,4419
1270,7f571b57abe6e93493a1406a582d5b0ababc0118,0,0,0,2014-07-24 16:48:55,1,3,0.0159,4,1,1,3,12,5,4905.2334,630,322.3876,2201
1299,67ce78fcc70422b7d831f6fc4a6e5512ca4d5ffa,0,0,1,2014-07-24 22:38:26,90,344,0.7187,434,2,2,2,1836,82,16303.3619,10,21.5176,1132
1295,d9cc6c1bf610f13533df23f1b5fa99f955abd85f,0,0,0,2014-07-25 15:45:31,28,184,0.0,212,1,1,1,56,6,78879.9305,792,373.1617,2920
1292,2b35d4b94affac7662858f7642880d89c9a70a31,0,0,0,2014-07-25 15:58:37,2,2,0.0,4,1,1,1,18,9,86384.0,578,320.5376,46227
1285,d2934049b4693af3d90a60e30002e9f7bd16d8fc,0,0,0,2014-07-25 15:58:37,4,6,0.0,10,1,1,1,16,8,1366.7796,646,297.9566,46227
1294,60e56d4bebdd7889df88274540d58159b17a3364,0,0,0,2014-07-25 15:58:37,60,8,0.2071,68,32,8,1,250,17,86351.0,613,46.0,519
1296,8bf6974b4b9c1be035bb6b10350d190166c39379,0,0,0,2014-07-25 16:11:19,558,93,2.8914,651,4,8,2,2412,91,5305.4023,613,46.0,509
1301,638c40e817a0d4c4e52956491b99c2699bedc80c,0,1,0,2014-07-25 18:25:35,255,764,1.4478,1019,56,3,2,1776,79,72204.9074,2862,1267.3333,56165
1291,3744d7792941785e6e38fefa2b50b1df5cda8791,0,0,0,2014-07-25 23:49:55,4,2,0.0,6,1,1,1,7,4,24466.0219,661,291.8196,780
1302,a5bc52eee90e342efcdc53282612008d3dbaeaeb,0,1,0,2014-07-29 16:57:34,129,72,1.856,201,12,36,5,1960,14,21834.8142,2862,872.366,59174
1313,892bf5551c06e669b02d161439463ebf2de0793c,0,1,1,2014-07-30 11:38:51,37,6,1.8962,43,19,4,2,1914,83,10405.7022,52,75.9618,1374
1308,cc3e0dbda284b814e492c620b7875f2b75c03e91,0,0,0,2014-07-30 16:53:34,821,0,2.1686,821,9,8,5,2324,13,75090.5,255,425.071,5979
1293,70c72b7ec56367f9701ccf971363fc179bf2db50,0,0,0,2014-07-30 22:02:10,4,184,0.0,188,1,1,1,32,8,3028.0383,115,67.4086,46227
1303,da3fd5d7ac2bb0f64a32176c3722b857b71bc654,0,0,0,2014-07-31 03:07:10,47,476,0.6041,523,4,3,2,430,27,33016.7643,511,373.2701,54302
1306,cde5666290a89fcfff0c6a4bf2a421caa615de36,0,0,0,2014-07-31 05:46:10,1487,655,1.5913,2142,18,3,4,191,20,63558.4313,2862,1267.3333,58042
1300,d4d62468462ac854c4855d31a363deab6a41692d,0,1,1,2014-07-31 15:21:22,1995,31,1.1029,2026,41,1,1,1623,75,55760.425,3,935.8982,46546
1318,0947fb8a91ddbf9785a675bafaac51c02dd1f27e,0,1,1,2014-07-31 17:38:03,53,211,0.3789,264,10,3,3,2093,88,44204.6551,556,343.5342,3556
1310,1879d9928b506845f45578580f2a902d41409c8d,0,0,0,2014-07-31 20:41:06,602,144,0.1925,746,2,1,1,2558,14,74996.9248,57,42.4982,46
1297,46326737288ae1d4d05a80d7074126e0502465e8,0,0,0,2014-07-31 22:31:10,111,902,0.9014,1013,3,3,3,1894,85,13603.105,11,51.2646,1106
1307,d667556d060068a4a93e5331372b92468f0996d8,0,0,0,2014-08-01 13:23:02,17,1014,1.1864,1031,6,2,1,75,1,38166.6116,2862,102.063,58837
1311,1921b98599aa5190c74737c4e8a1092c63f842dc,0,0,0,2014-08-01 13:32:31,130,184,0.0,314,1,1,1,586,5,86384.0,87,1267.3333,46227
1315,60eab4e45e18d6b08350187acf56deed9654fda7,0,1,1,2014-08-01 14:30:48,4062,113,1.4049,4175,6,5,3,2269,83,62106.465,2862,1267.3333,58042
1324,2f48723bfff605af31102fcfcd767b3dc878e097,0,1,0,2014-08-01 15:50:34,9,2,1.0389,11,2,2,2,1853,86,17361.9328,573,333.2236,2949
1319,a48b3c42255d99eb22b826a3abffea8409f7feea,0,0,0,2014-08-01 16:48:30,16,211,1.6151,227,10,3,2,575,47,7845.7088,128,74.4294,58332
1323,41a85afe65e059662c3247de694481a405bc87b1,0,1,0,2014-08-02 01:59:01,19,85,0.9078,104,5,3,3,1966,54,27757.93,2789,868.3266,48300
1316,85b74382782767b82cf9b5393770cdf93dd0645d,0,0,0,2014-08-02 05:17:50,3100,73,0.3228,3173,4,2,1,1329,53,36353.7314,281,33.0,1748
1320,57abab1f2551fb5e3792bc9f3828af3c04d52636,0,0,0,2014-08-03 04:25:14,2172,18,5.4232,2190,2,22,1,254,18,35699.2939,335,194.0856,1278
1305,f47863e13c91566aca5f8a25cfa247b7ea27ec59,0,0,0,2014-08-04 12:28:58,53,12,1.6253,65,4,2,2,2177,2,57969.5104,1,897.0262,11155
1330,5009ee31b933fcc5843417fd65ab9ff91bb74e73,0,1,0,2014-08-04 12:32:56,171,5,1.6389,176,6,4,3,1804,81,48594.6892,1,860.7447,55781
1278,5151fd5bcc369540d83914cdcb5cc01f4d739f96,0,1,0,2014-08-05 08:16:35,15,0,1.1259,15,2,2,3,0,83,57984.5978,734,330.5678,2932
1314,2d211608e4e8b334fbfe2c8b69880287377f99f5,0,0,0,2014-08-05 12:44:41,62,19,3.4069,81,26,12,3,9,7,78721.4904,592,369.7623,54540
1322,9f1e9575cb946cf2aa4efd403606474e070c3cc9,0,0,0,2014-08-05 13:47:35,996,63,0.0121,1059,15,5,1,9,5,5514.875,721,323.6386,2871
1309,ef2785137618672614f40618e99a57ce98671335,0,0,0,2014-08-05 14:02:56,582,526,2.2161,1108,1,1,2,10,3,7339.2725,502,219.5671,7163
1325,4b6d6ebd8cb613d1975ef3fc6e7ba4218143364c,0,1,0,2014-08-05 14:02:56,2,63,3.3063,65,1,1,1,10,5,674.8825,747,324.2225,2396
1321,9faf905743696264ef0fdf6f962378ce95829e50,0,0,0,2014-08-05 15:35:30,996,1,3.3063,997,15,1,3,4,6,1564.8364,599,317.8212,2072
1317,b4741d04b57591f35292a9929951cd515109c8d6,0,0,0,2014-08-05 15:46:18,1,5,0.0,6,1,1,1,3,5,179.5371,623,318.1144,1457
1336,1adc39f1713a826e833b393798b4eea4a64f9e3a,0,0,0,2014-08-05 15:59:44,717,451,0.7896,1168,2,2,2,1840,54,10414.8191,773,346.4615,4136
1312,7e71d01a036fc0338b0f5ad1b9d61792ed190caa,0,0,0,2014-08-05 18:53:01,13,6,2.2725,19,1,3,3,4,5,62490.5168,555,271.1682,332
1327,73eb68c516a291e2f8a816abab20b67999eb851b,0,0,0,2014-08-05 18:53:01,878,37,0.1176,915,3,14,4,2331,89,67194.5838,231,303.1973,1663
1329,f7598815059bad05b6c6a4af53c8f5f5c8800a04,0,0,0,2014-08-05 19:05:21,130,6,0.0,136,1,1,1,11,5,11406.0637,643,321.3732,2189
1333,bd191f18e0317df1040567d5de9a3744dfc32aba,0,0,0,2014-08-05 19:20:03,33,93,0.0888,126,3,1,1,87,9,86351.0,613,46.0,1607
1331,91d61b3276ec5ffda85a99009a779f1ebcb4358a,0,1,1,2014-08-05 21:41:01,186,42,2.317,228,8,4,3,1832,82,45481.612,1,877.6245,4
1346,cd84cc9ec63a1b7831262b87f29e0f4313a6eab2,0,1,1,2014-08-06 08:17:39,92,28,1.581,120,5,3,3,1754,86,52075.0649,791,346.0143,2321
1328,266f6b7b50b1ee9b13d533af9e3406f8797c4af5,0,0,0,2014-08-06 10:10:53,327,3,0.6252,330,2,1,2,1875,82,18066.4139,645,377.8797,4319
1341,d1c4d50ee05cb6be19d60c2e58a19b0e1fb93023,0,0,0,2014-08-06 10:47:14,1180,25,2.6221,1205,55,5,2,1,86,16956.418,872,276.1699,4648
1348,f83909e04161675addcf7454cea52aa8122dcfef,0,0,0,2014-08-06 14:06:42,30,18,0.4467,48,12,7,2,1749,85,69299.6172,679,287.8719,730
1332,f4551eb91cfbf40c32f32cbabaed75e664b12ed1,0,0,0,2014-08-06 14:21:14,24,916,1.1737,940,4,1,3,2204,77,38115.2407,366,400.1118,58837
1337,b4aa75012276c4d78253bf95a4fc6f0c5f342c04,0,0,0,2014-08-06 16:16:05,6,68,0.0,74,1,1,1,240,31,3062.8409,522,338.5884,46227
1350,a21e655ebd4f7d63926f00ce6b2a86390c35dfb9,0,0,0,2014-08-06 17:41:46,8851,1096,1.0429,9947,3,2,2,2003,84,3695.2982,2862,845.0027,48534
1334,368b63f06d86edbcbdd87e0fddd7ca662da6b367,0,0,0,2014-08-06 19:27:20,522,11,3.053,533,1,1,1,2156,2,78207.3524,734,311.1013,1760
1340,a1924ba3946c9f7f0cc67ef119768b2d9251bc63,0,0,0,2014-08-06 19:27:20,12,3,0.0,15,4,3,1,1533,7,78964.4339,584,285.8199,2787
1343,41f3677841b0e959b912091e4ad36d8f388649fa,0,0,0,2014-08-06 19:27:20,3,184,0.0,187,1,1,1,586,6,84817.3823,746,253.7055,46227
1339,e0c4c6e60b682630ecc1285d4def1a652d9203dc,0,0,0,2014-08-07 14:06:39,43,7,1.9954,50,5,3,1,890,48,14432.0157,837,284.7007,4666
1352,f3f69cb47319bbc7d3c1e1aa1d48076e4a155e8c,0,1,1,2014-08-07 14:11:38,100,55,2.0677,155,2,2,2,1959,81,50310.7849,598,372.5406,4824
1335,6fdcd3b616b262c0a5c266e765046a57602be1b8,0,0,0,2014-08-07 16:54:34,99,40,0.7686,139,3,3,1,2539,9,2393.8142,436,256.4089,58042
1344,939994064bad12f6687ac1031b92e44a8f30bc11,0,0,0,2014-08-07 16:54:34,305,105,1.3363,410,5,6,3,7,3,15659.6448,398,203.3573,55097
1353,4f475d12e99f6760f139cf7fcb031a31152c2ff7,0,0,0,2014-08-08 08:20:22,3046,125,1.135,3171,4,2,2,1938,86,59301.6592,857,280.9552,6252
1357,5bd37b92d2a8c75163ca51a0cfde908a299b7ca1,0,1,0,2014-08-08 08:21:34,271,67,0.4212,338,25,5,4,1446,68,55336.3739,1113,1267.3333,46227
1345,d93b8519100076321228935b853829ac78df44ac,0,0,0,2014-08-08 15:50:56,7,7,0.0,14,1,1,1,25,6,24689.4727,779,346.2619,3509
1355,25411bf1d15a35bf17002cf7664173357c6dc6cf,0,1,0,2014-08-08 19:11:01,1789,3835,3.8735,5624,29,11,5,2026,2,36784.0576,2862,1267.3333,62439
1342,6976d82ed64f7b48a6d2d465de176abf3c040f81,0,0,0,2014-08-11 00:33:09,4433,11,3.9524,4444,17,6,3,338,30,52457.0907,266,170.0803,1338
1360,bd0bb6df4613588967ab0c67c268a231c112b321,0,1,0,2014-08-11 16:07:35,3984,17,0.7129,4001,3,2,2,1727,0,48198.4881,620,300.2775,5762
1361,52df514dd1a95d4fc4d699d6ffa9d3bf7e844854,0,1,0,2014-08-11 18:00:39,172,32,0.7502,204,5,3,2,1903,87,66571.1785,561,282.7705,3130
1351,9be6576f24e52ca6553981976ac589bf6966e804,0,1,1,2014-08-12 13:53:53,25,4596,1.3931,4621,5,3,3,2101,86,71925.0438,2862,116.8835,4167
1368,c7834d3dab82860ef8d87b043b8d6a7150419edb,0,1,0,2014-08-12 14:00:28,26,902,1.0257,928,4,3,3,2254,85,79746.6667,79,56.5726,58042
1362,6caf4265a41f61e9fbb9b11428702ead8ddb6c69,0,1,0,2014-08-12 14:24:27,4,2191,2.0,2195,4,1,1,54,14,2799.1754,75,21.5828,607
1354,f774b2a931949c2fc1485733fdc88ab674db870e,0,0,0,2014-08-12 14:58:29,12,12,0.1195,24,1,1,3,121,12,3654.1466,2862,1267.3333,54302
1365,f7e88033452ae2fee18a4fc4ec104d14bbddefbe,0,0,1,2014-08-12 16:16:54,1207,60,0.6565,1267,3,2,2,1928,81,21390.4596,734,327.2771,3006
1363,7049ee0e2bdb37a0dc82fa849462ffd375a20e85,0,0,0,2014-08-12 17:33:46,22,5,4.4362,27,47,15,1,34,9,5.0,493,354.512,2760
1364,7ddcf3e2ed71116e3cbbe05de6986e28f43941d2,0,0,0,2014-08-12 18:32:51,47,35,0.1512,82,2,2,1,2331,4,737.7788,589,304.9718,1668
1356,67889d6a639e09b76e0c07216223134a868ab544,0,0,0,2014-08-13 01:10:07,148,214,4.4362,362,3,2,1,1356,59,70765.5184,693,267.7505,46227
1359,6e73a51795e1f3c87788a27e656ce326a2f75244,0,0,0,2014-08-13 01:50:37,1006,56,0.3039,1062,2,2,2,2576,3,19585.0597,706,360.4241,4518
1366,fe4c8c2c5709d1c909fcacd8af081a8394c99554,0,0,0,2014-08-13 13:41:59,614,8,2.0677,622,8,2,3,217,20,8290.9537,2862,1267.3333,2146
1369,22a4629d2569d448f8156dcc384154fcc1571cac,0,1,1,2014-08-13 15:27:33,8,573,0.9218,581,8,2,2,1914,82,69592.678,203,101.2107,2056
1371,88ad4f4514765c62351ea02553769047a6c1e24c,0,1,0,2014-08-13 16:57:43,270,191,1.0869,461,7,5,2,1616,78,44646.6655,2674,758.575,47128
1370,44764c03e892bfdb7294ad32d9ff703909186917,0,0,0,2014-08-13 19:14:38,1,252,1.8534,253,14,3,2,1750,78,20152.0,435,195.234,5627
1358,e4e56c2fd08037b4ddc7459f341e2c86c272e803,0,1,1,2014-08-13 20:10:52,1720,806,0.435,2526,2,2,2,1751,86,30559.2787,114,32.6524,54302
1367,4c510dc6cc1ea3fdb21180cfc74ab6c29b78c24f,0,0,0,2014-08-14 15:51:57,34,27,0.0567,61,1,9,4,2156,24,69049.0022,734,311.0835,1749
1372,04a1fc6e10ba6ffd774c3d5a67a650520a0ac896,0,1,0,2014-08-15 00:59:29,602,32,0.2156,634,3,2,2,2155,88,24973.3762,41,55.5,409
1379,563cea14b4bb87cd37ab10399904f08757c34d27,0,1,1,2014-08-15 17:31:59,388,80,2.2835,468,10,7,3,2092,83,45917.6423,20,140.0943,58607
1374,561f6ef5cfb50878dff2ea3ceb182b48f400a23e,0,0,0,2014-08-15 19:15:09,264,2191,0.0348,2455,1,1,1,10,9,82093.3507,2862,57.5193,1034
1384,f26e86c6c2a31d8428343e794dfa12ef6eb3c2b6,0,0,0,2014-08-15 20:42:11,938,23,0.7183,961,28,2,2,1950,0,43360.6952,2862,55.2462,56165
1378,8e42d5fe86f6b2f4dd636ed77793d6ab69792895,0,1,0,2014-08-16 05:11:45,29,18,0.8754,47,5,4,3,1764,82,45753.464,164,14.3709,2334
1381,c44526b2961fb9d91ceab17c1f32b2bf58af186d,0,0,0,2014-08-18 10:09:25,1207,1315,1.0013,2522,2,3,3,2046,86,58495.8133,734,332.0228,3008
1385,56db00180f588cd3a5da7ae5861eefda00fbac56,0,0,1,2014-08-18 12:18:02,996,54,1.2912,1050,3,2,2,1958,81,63137.2344,834,264.2432,1527
1373,44fa12ec435451710cf37463820b708ea637993a,0,1,1,2014-08-18 16:29:09,945,1034,3.4078,1979,32,7,2,1224,28,16845.9092,734,307.2712,2888
1383,384d4f0e202d5492aaced9311f5ecb302ac7ff00,0,0,0,2014-08-18 17:43:00,67,2,1.5859,69,5,11,2,1934,85,22432.1624,210,54.4198,2668
1391,76adf0e12ed91ee7c75164872202bff29a2ad7f4,0,1,1,2014-08-19 09:45:57,996,49,1.3063,1045,3,1,1,1740,80,41701.9379,233,116.7014,3126
1376,7554eb5316c63ef3eeda652e84daabed705eb5a8,0,0,0,2014-08-19 13:12:19,22,2,0.4743,24,32,2,2,1827,54,18985.1457,2862,1267.3333,58607
1382,1ed1af5b9baaecf5810ce3ca176ed3b14c8893b8,0,0,1,2014-08-19 16:09:57,26,6,0.8865,32,23,2,2,1710,82,71596.5453,60,41.2123,140
1394,296903bd3c75cf35a4e0ec8cfc1a02e805c87f2f,0,0,1,2014-08-19 16:13:54,1955,724,0.9633,2679,58,2,2,1765,88,3636.1587,40,38.6645,248
1375,4fc417c404aab0713a7d9747d22ce7eceb777859,0,1,1,2014-08-19 18:31:30,22,12,0.243,34,12,2,2,1875,85,25684.7834,179,96.4195,54302
1390,48d6950c181987952a4b05e60f918646445d62f9,0,0,0,2014-08-19 23:01:14,58,59,1.1776,117,3,2,2,1941,88,29959.3189,179,210.5179,281
1403,37f5175935a37ce2c005335c2f486efb827b6eba,0,1,0,2014-08-20 11:27:52,408,2911,0.2962,3319,6,3,3,2048,77,30519.2638,2862,123.4138,4441
1389,a4e108c40b234fa754a56a21b63635b83f90aceb,0,0,1,2014-08-20 15:58:54,25,224,0.8658,249,4,3,3,1941,82,26090.3691,2862,1267.3333,56165
1408,44cfd958a4b59c2e13881b42e2ba34db64dd64e8,0,0,0,2014-08-20 17:00:34,14,364,0.856,378,2,2,2,1929,86,42268.1362,1,810.6369,50856
1393,7269e465bcd47b2ce22cda2f87f77f220fdfe57e,0,0,0,2014-08-20 19:38:55,611,206,2.8246,817,12,4,2,16,7,69087.6531,299,240.2936,3725
1380,e6668bee488f6749068d35f9c6b142cb09b40d82,0,0,0,2014-08-20 19:59:03,13,14,0.7427,27,2,1,2,7,9,3933.5145,624,95.6238,54302
1400,a41d5270fb39a5aaddf72a015aab44eb7e2db4a1,0,1,1,2014-08-21 08:34:58,4,3,0.4716,7,2,2,2,1882,83,65291.8688,71,82.6318,1070
1396,fd8f5b9f7e88bebf180c6142f772ba2808bc8b01,0,0,0,2014-08-22 14:02:43,57,23,0.6293,80,3,2,1,2008,26,13330.1659,734,321.0236,2807
1377,a5617d689c8feee40f9412c373d02c9f1770d359,0,0,0,2014-08-22 18:52:11,62,33,0.3836,95,2,6,1,106,13,46867.2865,32,14.4457,54302
1392,508db1e9ddfac1abb49cf29a5e6618fba4aab275,0,0,1,2014-08-22 22:04:09,1,184,0.0,185,1,1,1,256,24,50533.4696,388,103.7877,12
1395,43e113b39049b71db7706394aefe815e81ac5944,0,0,0,2014-08-22 23:00:27,344,8,4.4362,352,3,15,1,45,8,70039.5149,481,231.9252,693
1399,209d1dbd980178762019691071c07fb99e098b84,0,0,0,2014-08-22 23:04:06,344,6,4.4362,350,47,15,1,115,28,14216.0116,356,189.6657,1377
1386,0ce9abd78c8712ad4fba28734214b18f617a2aac,0,0,0,2014-08-22 23:07:15,264,2191,0.0391,2455,4,1,1,1,10,25143.6532,342,238.8316,2676
1398,0a0ee442fdb13ec8a04c2990635dc389d3ba98a2,0,1,0,2014-08-22 23:24:04,2092,4,3.6979,2096,18,13,3,693,35,33895.0602,571,265.4444,3934
1402,3ca9576c91386e920a0a3356fc9fa10e2f9c580b,0,0,0,2014-08-22 23:38:05,1574,234,0.3353,1808,22,16,9,467,33,18394.8271,529,250.5332,5104
1406,618441b9776bf1da3dcda76ce20dd04734dfab59,0,0,0,2014-08-23 15:26:10,551,452,0.0882,1003,1,1,1,326,28,62589.8637,210,189.2526,484
1388,c489a4e37aeb46be7b91f740c22cb4d6feac57f5,0,0,0,2014-08-23 15:28:05,924,352,3.0485,1276,30,16,2,469,20,7743.6597,247,108.5833,1717
1409,591a2779a7f4213fd7f0e7eee8d2a844359d65bb,0,1,0,2014-08-25 08:08:44,206,7,2.0335,213,10,7,3,1864,82,58356.1142,836,292.7727,5519
1397,e5bd1c38ea0978710f3059e81ba87b98980423d6,0,0,0,2014-08-25 08:55:42,25,15,2.914,40,1,4,1,6,2,83832.0,561,245.562,55097
1407,3fa5a9ea7a33b3f9347927706a8eba394ab78775,0,0,0,2014-08-25 08:55:42,35,36,0.2412,71,14,2,1,2008,90,84197.0,734,225.75,3316
1410,5d4740c5841c9c3a8d6c24578c1c6fb512524321,0,0,0,2014-08-25 13:55:43,8,10,0.6778,18,2,2,2,2060,82,16109.633,678,358.4171,2067
1414,20150727b49b5c4f2c5b35fd17b908054a5fd2d5,0,0,1,2014-08-25 14:34:01,11,1014,0.7198,1025,2,2,2,1975,80,39328.5557,624,304.3191,4878
1387,7f9e9a87188ccbc16bbb1630fe0720d6b366569d,0,1,1,2014-08-26 12:16:48,2172,47,1.6004,2219,96,5,3,2036,81,35870.5104,274,118.13,2888
1405,86e3012633866d049ac3898ed710ee278b7de3ee,0,0,0,2014-08-26 15:16:37,8,17,1.6043,25,4,3,1,16,11,76708.1661,902,174.8016,54302
1415,9219361b62134ec6773f06ce9aeb8b9d04180052,0,0,1,2014-08-26 15:39:42,20,99,0.8934,119,2,2,2,1972,82,21703.8793,197,154.9328,2246
1413,1be0bbf71355b3b6cbd24c441e51873376bf3911,0,0,0,2014-08-27 09:00:09,329,36,1.135,365,9,3,3,1784,80,41194.8867,903,276.1281,60271
1411,ce3fcbe5f810cf1ebe0d86b702996b71e3ba03ec,0,0,1,2014-08-27 14:59:14,87,4,0.4696,91,1,2,2,122,6,48932.9325,46,36.8382,106
1401,44a9d8cc689ffe9f3a5628a1e816730e75736bbf,0,0,0,2014-08-27 15:16:19,108,352,2.2553,460,6,2,3,2609,90,17599.163,247,165.1598,1592
1417,36ecc69cbf3cc3734cf0602c60f101de95032a44,0,1,1,2014-08-28 13:30:23,17,10,0.7929,27,3,2,2,1987,4,45475.6963,244,174.6583,694
1421,e48e6f33ab8f0f2259f3b7172698eb6b8bf74b23,0,0,0,2014-08-28 15:39:24,717,451,0.925,1168,3,2,2,1916,83,70997.7932,126,24.4491,1372
1404,5642baf5ea1899ab5168e403be75b3043f05f830,0,0,0,2014-08-31 03:14:30,6,8,0.0,14,1,1,1,18,10,24972.1928,344,232.4922,1144
1412,ebb97579ee19faa19eb3e8ad2241e0ce95ba8dad,0,0,0,2014-08-31 03:22:34,26,224,1.2794,250,4,2,5,2222,10,28207.0127,234,154.0436,56165
1416,f92d00cc70d020e875215f55ba0f0216faccf64f,0,0,0,2014-08-31 04:53:47,90,755,0.7541,845,3,2,3,18,4,48054.1584,611,294.0945,55097
1427,02be0dedd9773f1f2f7ce19dfeca82eed5456ca1,0,1,0,2014-09-02 08:41:48,145,655,1.7863,800,5,3,3,0,0,58467.2606,538,418.4647,58042
1426,a88a78380ea26a25457a58a115195eb944bf0420,0,0,0,2014-09-03 15:26:30,279,370,1.6723,649,7,6,3,1935,84,60766.295,191,67.1187,60700
1429,511129ddbda694bebcd7502d1760f3587b8adf8b,0,1,0,2014-09-03 19:37:15,385,30,2.0829,415,8,4,1,1821,81,36077.2232,2862,1267.3333,3356
1418,77b036a876d64d3cd12902d90db2f652e3e33d88,0,0,0,2014-09-04 18:45:59,72,352,0.2215,424,30,3,1,75,18,49064.7651,247,164.3274,1717
1423,d304b7cabd6ab69b737c978c4436b14f262f4b62,0,0,0,2014-09-05 08:59:05,144,2,0.0,146,4,3,2,22,4,70574.9892,707,339.6779,737
1424,45014886e89e5bd47bf2f4c9871391d77702ad82,0,1,1,2014-09-05 09:02:29,15,30,1.9618,45,5,4,2,2306,0,40919.0315,29,41.393,1360
1431,46ef9628fa4035c26d81c4a070ebd270e59e5520,0,0,0,2014-09-05 15:22:33,32,234,0.7041,266,46,2,2,2301,87,66251.6179,198,56.4369,506
1434,838151caba98f88ff583e01bad087d4ead4a764d,0,1,1,2014-09-06 05:44:38,214,49,0.3076,263,2,3,3,1961,82,41198.0479,5,5.2799,14
1420,0d11731178ca409a36f4ff67f441a5190eea21fe,0,0,0,2014-09-06 18:29:38,2,4,0.0,6,1,1,1,586,2,842.93,434,215.7304,2561
1425,ad3056199c46d22edd67ddce2f61fb2e2ff9eed9,0,1,0,2014-09-06 18:32:46,1,163,2.9601,164,1,1,1,10,3,6931.6469,403,209.8021,1863
1428,5cc7a11ab8684af2f9b127341f4029657b5fa3b2,0,0,0,2014-09-06 18:39:54,236,197,2.0899,433,8,2,2,317,16,68490.117,2862,226.9351,1942
1422,bd889dc41f97dcbf6d2b223b73f934a64c261c5c,0,0,0,2014-09-06 18:44:07,20,19,4.9439,39,52,2,2,134,17,36036.17,613,206.0203,2154
1436,0580fb2b7707beaa69019a73a6c53d86fe088a0a,0,1,0,2014-09-07 14:18:53,1656,642,0.0,2298,50,9,4,2349,73,51991.7268,64,32.3372,605
1432,eec381e0d658cc467b75d1abc0d8a89de9826e04,0,0,0,2014-09-07 14:32:55,100,288,0.5915,388,5,3,1,124,14,29220.6643,122,38.605,149
1443,d641053ab83d37d089155fef69fd53c9e9bc7535,0,0,0,2014-09-08 03:52:35,106,37,0.1321,143,3,2,2,1807,88,47258.5375,119,31.2947,421
1446,6860d6fad9e6af90ff7c2f4359a0bdc1226135b5,0,0,0,2014-09-08 19:01:37,21,21,0.9979,42,2,2,2,1802,87,40783.0309,2862,1267.3333,58042
1440,f099e086f3f002789e24bd6c58e52b7553cd5381,0,0,0,2014-09-09 02:36:14,1,1,0.7044,2,1,1,1,58,7,44988.7024,165,18.5247,911
1449,c1d2b86a4cc6e219eee1cd78c582d5dc2ed27234,0,1,1,2014-09-09 23:21:29,41,6,0.3521,47,2,2,2,1937,86,9414.7546,680,364.2356,1494
1453,2170ac4d3922425f008f441d2d92e3233449c765,0,1,1,2014-09-10 01:18:12,109,26,1.6497,135,4,4,3,1989,80,28950.0,873,272.7016,1369
1445,42b91d4453a3f7ac698c9a871c5d75fcbf8a578f,0,0,0,2014-09-10 20:18:32,364,1700,1.6422,2064,5,5,3,1817,88,28464.4853,2862,96.0962,2095
1457,6eec29ed80de11e820dfcb0f3b3812553dd14246,0,0,0,2014-09-10 20:24:32,951,72,3.528,1023,3,3,2,1771,82,34041.4481,139,80.5528,454
1438,12ac7eaf6f26ae8001954841c9b2120d02cbdcdd,0,0,0,2014-09-10 21:14:57,3,184,0.0,187,1,1,1,19,0,4564.6574,127,18.94,46227
1442,530c9f52c341fccfc8744307c359566697e54a0a,0,0,0,2014-09-11 04:27:34,213,35,1.5022,248,6,4,1,2241,15,54939.5,30,86.9151,2265
1433,73b2dcc165155fd90ecc978c7281276e536d317d,0,0,0,2014-09-11 05:35:29,2606,1775,1.7062,4381,7,1,8,3055,10,33557.9649,254,1087.0833,196
1458,25eb83091e03bb3ca9393fdec220727ac3e340ab,0,1,1,2014-09-11 14:28:39,151,288,0.2127,439,4,3,2,1967,0,35168.5259,104,68.3652,336
1452,314b1f177063a314ccba219c4406ad6df529dc4a,0,0,0,2014-09-12 17:16:47,24,6,2.8914,30,3,1,2,138,1,56875.4639,613,303.1605,90
1435,ec1f8f9e2bf931a7627361b6499672e0740bf288,0,0,0,2014-09-12 17:21:43,130,3,0.0,133,1,1,1,586,37,45646.264,636,293.0373,2097
1444,d93a580d73f733b5b40e768c5c838a219b552bde,0,0,0,2014-09-12 22:46:05,344,214,4.4362,558,47,1,1,18,3,2200.5464,588,321.4445,1079
1450,796ddbc060a2e7ef444fd65da2ee92db2854afe1,0,0,0,2014-09-12 22:57:26,78,711,4.025,789,5,1,2,309,29,77283.9557,378,185.0933,56165
1441,1cef273ed3d77505bf3ad2afc9eef1a0b37405b3,0,0,0,2014-09-13 17:15:48,73,20,0.0805,93,11,2,4,1809,85,13494.0,613,46.0,1832
1467,d002c7edc58b3a01e57392eb4f5aab367b1a5512,0,1,0,2014-09-13 23:04:05,167,996,0.8887,1163,56,30,5,2209,90,24005.651,680,278.6256,4035
533,0e652e7548edbfda2dbf47ce2272bb707a14a089,0,1,0,2014-09-14 08:09:37,237,62,2.28,299,12,6,3,1908,85,52700.0966,132,34.9032,694
525,eea042b0b0abfb09f60b672c8930a924c5d7f25b,0,1,0,2014-09-14 08:13:18,197,32,1.8297,229,6,3,2,1952,87,41376.7162,118,37.9331,226
522,a6678a273d61b4db54e0b7afeeab8b1b0f7d82a1,0,0,0,2014-09-14 12:50:38,2421,288,0.2108,2709,4,2,5,2211,90,23171.3706,118,38.4292,235
1439,e4e6e907c856f17d927e19e2ff22c99f9f3bf7d9,0,0,0,2014-09-15 00:35:43,4,163,0.98,167,68,2,3,1794,6,18846.3503,470,173.2625,1882
520,cbc36e019b589ea7a08433853160a582fc579c93,0,0,0,2014-09-15 00:43:07,1470,183,0.1083,1653,1,1,1,15,22,38035.6636,488,137.615,55122
523,2c28fded11d70f5880db4077b0d9702df0c7fcf3,0,0,0,2014-09-15 00:47:45,180,99,1.4864,279,4,1,1,2297,28,261.3636,269,246.8733,4513
527,db3cc3e65163dbb6ef0f75a158f632d168e314d9,0,0,0,2014-09-15 02:01:27,0,114,2.4303,114,1,1,3,47,24,4499.8617,337,224.0029,1220
1448,52d09eaa7b7f6707902dd2db9816a24730af5f9f,0,0,0,2014-09-15 02:25:01,1669,6520,0.1091,8189,20,1,1,152,20,45509.9329,493,161.4488,145
526,fb6c28514c5aabf56d64042652c1c079ec1642c8,0,0,0,2014-09-15 02:29:49,15,2191,2.0,2206,4,1,1,566,35,11498.1083,279,269.1174,46227
534,094aa8ef2be1f1c832b6baa7e2f25a1f220b279e,0,1,0,2014-09-15 06:52:35,1720,806,0.4886,2526,8,2,2,2169,83,49181.794,524,242.2762,4634
536,028880e74ceef57b33b858fbd78d8aa9ac3b9680,0,1,0,2014-09-15 13:56:39,1180,56,2.8407,1236,11,7,2,2485,80,42183.5299,2862,1267.3333,2611
529,6bff5a3318c46d09f1338665d0d0251bf5bda3a1,0,0,0,2014-09-15 15:56:45,39,224,0.1451,263,4,2,1,199,6,27779.319,272,127.5139,2683
543,b3573f3d3bc8ab18ee82534625868dae12f7234c,0,0,0,2014-09-15 16:20:43,18,16,0.4348,34,3,3,2,1863,83,26365.0965,71,49.8903,415
519,1ba959391c77e41a1a60c2afca38b77576907ddf,0,0,0,2014-09-16 03:49:36,3,1,0.0,4,4,3,2,39,23,7050.0641,410,224.0278,1555
524,ff6042968ca84d3b78bb441a04d20c842dd60410,0,0,0,2014-09-16 03:54:40,251,24,4.9439,275,8,2,2,91,12,48744.173,422,205.9584,224
531,4efb6dc8c13e56b4d93ac7799a6edaa7dfc07e6f,0,0,0,2014-09-16 05:28:01,124,78,1.5409,202,4,3,1,116,85,71705.9286,208,88.0878,58042
1451,5f37e9fa57189b6f9fd30f1c5f1894686d076b34,0,1,0,2014-09-16 06:36:07,9,3,0.4244,12,8,2,2,1908,84,46666.1419,94,60.0153,519
528,38d5178a3714d04d557b05dc6e76a5cb97f3c93b,0,1,0,2014-09-16 17:02:15,27,44,0.1498,71,2,1,1,2957,9,39439.7937,141,64.8268,310
538,19c6cc1982d2146a99ccaf6dccc087fe88d5785f,0,0,0,2014-09-16 18:07:52,181,44,1.0241,225,5,5,2,1837,82,63462.655,33,6.5706,3
1447,f19b4cb807d30cc7fdb1869c407ee9a5e9e3acce,0,0,0,2014-09-16 18:58:56,645,4596,0.7835,5241,5,3,3,1981,86,15082.0238,210,98.6549,60814
541,90a2114551bf2052e2abccbc04c654ceec74c2d3,0,1,1,2014-09-16 22:46:53,144,7,0.0,151,4,3,1,1568,7,36848.1883,1,1.0,4
537,50c27cca4084e1e65ac51af6e7125cf2be918d76,0,0,0,2014-09-17 01:07:10,6,1,0.0,7,4,3,2,48,17,11029.7332,420,220.103,1334
516,05920cb38bc8559704450965ce4bb326a917c86a,0,0,1,2014-09-17 14:06:10,27,5,2.8914,32,2,1,1,94,8,428.0,613,46.0,1737
532,125b4642db63a37c560dec4615ea04662c6e45ef,0,0,0,2014-09-17 14:46:52,166,1360,0.9441,1526,4,2,2,721,46,41354.0953,16,181.0,6
539,a079779000a9e4479d5a035a9ffba8fabfdf5222,0,0,0,2014-09-17 14:47:52,130,9,0.0,139,1,1,1,51,23,20191.4298,519,342.7224,630
544,ad89d4437bd2997f0c9b7bc1812e27d29a41b8db,0,0,0,2014-09-18 04:02:15,121,187,1.0263,308,3,3,3,147,39,65291.5302,399,265.1926,54302
545,5ba1f80a2509e8301bcda3502f9757ca1bbfda55,0,0,0,2014-09-18 05:57:44,21,239,1.7957,260,4,4,3,1871,85,8755.9067,2862,1267.3333,974
540,74877bb6aa26d6caa96ba9dd1954b7dac1c612e2,0,0,0,2014-09-18 08:12:32,873,5096,2.3504,5969,1,5,3,583,38,80524.713,566,332.7442,925
554,3f79af23e735571bf1a14fd73c81942ef2b6203a,0,1,1,2014-09-18 14:36:31,69,64,1.116,133,3,3,2,2501,2,15160.1924,715,269.471,58042
549,cbc705d419d0db54d5a94e181e0f50916eb57dbc,0,1,0,2014-09-18 17:24:29,68,0,0.6817,68,3,3,2,2033,79,37381.8681,1,1.0,3
546,e1bc6b4a4594083b7e875d1a296402981f26e7d0,0,0,0,2014-09-18 23:41:49,6988,1672,0.1927,8660,45,2,2,1955,85,34430.8309,2,2.3972,235
556,75e4acbe20a248c01fb340f6d59d7582e8b57803,0,0,0,2014-09-19 00:12:27,33,813,1.3858,846,3,2,2,1972,86,22900.9466,707,277.0834,240
559,0e831007760bffced8687f51b99525b650d7e193,0,1,1,2014-09-19 17:17:19,242,204,1.9518,446,8,6,3,1872,81,42652.515,32,8.4895,58042
548,488e775cc13044ac1a2b4bd9c4e5d544a4d15bae,0,1,0,2014-09-19 19:57:17,7,25,0.0953,32,1,1,1,66,18,70771.1724,157,202.492,2878
560,d143487cb198051d0eaccc7f587f35cc63fc85a9,0,1,1,2014-09-19 22:11:25,133,47,1.7763,180,5,3,2,1743,0,58290.1736,2862,147.2897,3465
535,eecc034b686b4f2998fbc8045cbc4c7a1e4f0902,0,0,0,2014-09-20 07:44:37,47,4,0.9831,51,2,2,3,2068,7,72751.1545,17,69.3268,1273
552,d96485ff16d8b90173007a8d6601aba8d105b8f0,0,0,0,2014-09-22 16:12:12,1333,1249,0.1994,2582,82,2,1,135,20,15396.1298,2862,158.2204,4089
555,85401dc76c6e5c4d155b52d308686a5579f5d910,0,0,1,2014-09-22 18:40:29,1006,27,0.799,1033,12,2,2,80,11,65676.8994,84,1267.3333,1401
557,62db20a779fac3235c0e4dbade8c3d340d3c310b,0,1,0,2014-09-23 16:30:25,602,8,1.0826,610,4,3,2,1849,87,51831.0837,46,36.5513,111
551,c2c9835f7a431d4d267e501f6b31fdc7a7e0b5fc,0,1,0,2014-09-23 16:42:11,83,6,0.1923,89,2,1,1,2558,11,28254.1242,43,39.3346,41
558,6618bd89d3d51b06a6c12ec947cce089807a4190,0,1,0,2014-09-23 20:19:13,91,59,1.6482,150,5,4,4,1986,81,14023.284,116,1267.3333,59494
547,2a12e057464fff44d2d229fe2dc7bf5bcd6d7fc9,0,1,1,2014-09-23 20:59:01,126,43,0.0482,169,3,3,2,1994,88,77158.0,247,5.2207,109
561,dad0bfac6e885176d83f802bc75763c5ba21d68e,0,1,1,2014-09-24 15:46:53,451,216,1.7079,667,4,5,3,2369,77,66317.8247,2862,149.6885,490
564,380273826d05913d4b80b73e0db2ea49711b17c7,0,0,0,2014-09-25 01:00:43,253,0,2.2513,253,18,8,8,2089,89,23136.2467,305,146.1547,1320
553,04f0d412b271af0dbe7665976a4165dfd0dfcb66,0,0,0,2014-09-27 03:08:30,130,9,0.0,139,1,1,1,19,23,27740.734,473,251.3169,576
562,6b8b8e0f924b53b9f99854f88ff9ba84073cb295,0,1,0,2014-09-29 14:46:02,680,7658,0.6927,8338,4,2,9,2344,89,66499.5889,582,1.0,2059
566,3ece6f2399fa15c97d889c5d43b4a7457825e8e1,0,1,1,2014-09-29 14:52:09,29,9,0.4239,38,2,2,2,2179,82,388.5293,782,257.5032,49967
568,31235bc39e662065f06eca0909be0f00d8bc69e9,0,1,1,2014-10-01 15:17:10,25,969,0.8905,994,1,2,2,1966,86,52215.3204,103,64.5255,368
572,1a096efebb51a782bc31e4dfd35e4b7fb8dba56f,0,0,1,2014-10-02 07:47:44,73,21,1.7916,94,3,8,5,1914,90,44301.6069,850,376.936,60700
565,b701dd52fd3b2a53edc995308260d56641cce3d3,0,1,1,2014-10-02 08:20:56,135,370,0.4522,505,4,3,3,1897,90,54580.6077,802,290.0186,1254
569,0793e569b4ae5f3a74fbff272fed8ef8332f0557,0,0,0,2014-10-02 09:08:38,48,573,0.9784,621,3,2,2,2026,81,35493.5284,2862,28.7402,2764
542,1c39320860f2de747a35a922cb04b59585cd74b6,0,0,0,2014-10-02 09:49:04,1,184,0.0,185,1,1,1,3,5,41093.9001,133,84.9968,46227
563,dd8c129a90becd44365210cf4613e2715445a4e4,0,0,0,2014-10-02 11:25:52,10,1,4.4362,11,47,15,1,28,3,4870.0147,775,308.4047,955
580,2279d49e96aa7cabf2702f239a8b6500c58a7bac,0,0,0,2014-10-02 17:47:08,32,374,1.8422,406,11,6,5,1918,83,43550.425,308,237.2669,1243
577,9783777c2a257599a65bd0f058537b98d1512025,0,0,0,2014-10-02 18:06:23,2598,42,1.339,2640,2,2,2,1919,82,3136.0912,613,6.5283,5
573,e68f52b8d163ce0a9409ba23fd520f28e12b2a48,0,0,0,2014-10-02 18:31:08,1205,54,0.9493,1259,6,3,2,399,29,38363.1716,203,101.2309,56165
574,7785e12a656fbcb0166c1dfa8f3fd5a66b0553f5,0,0,0,2014-10-03 08:22:30,29,9,0.883,38,3,3,2,1961,81,69035.9557,53,1267.3333,1756
575,aca80da38c3d86a40cc63d9a122f7d45258e4685,0,1,0,2014-10-03 20:59:03,54,17,0.9449,71,2,2,3,5,3,36483.1839,118,1267.3333,54540
576,a8052d7c812fd232d7a249aa5a72afdeaa9f4583,0,0,0,2014-10-06 14:36:41,2,7,1.0336,9,3,2,1,46,89,49652.5649,45,36.4101,477
581,dacddd266808e70edc65c86f5d7c34809a213572,0,1,0,2014-10-07 03:03:08,2109,75,1.6624,2184,9,3,1,2147,0,55444.5029,613,23.6349,97
585,0de0b8c0372e825e834b1ffd9685d3db87d21378,0,1,0,2014-10-07 05:35:53,4152,146,4.0886,4298,25,13,3,2006,81,57899.6014,16,35.6048,2882
571,0cad81aeb9ddaf5dad8b2ab9c6ff6955402c9310,0,1,0,2014-10-07 10:18:52,1106,67,2.2376,1173,21,4,3,1844,88,57838.4192,613,181.0,55
578,67d476d7c3d8f1f2d2d033141d6022ee5b9ed2eb,0,1,0,2014-10-07 16:20:17,419,29,0.1069,448,7,1,3,4,4,27974.6881,2862,1267.3333,54302
579,ba50db4297364877eb40c1b51e5e747f39dcfae8,0,0,0,2014-10-07 21:02:45,9,6,4.4362,15,2,15,1,1356,9,49221.6998,167,210.4597,46227
586,24c181ff754d629094f5210f5a53bcad1d0aa81d,0,1,0,2014-10-07 22:59:43,2443,37,0.4827,2480,7,2,2,1976,88,51599.7796,149,111.5709,56576
582,186e994e28d24e43989d41f271266dc6e5bc9c43,0,0,1,2014-10-08 15:56:59,594,10,1.0584,604,7,4,2,1638,18,58475.0344,1,1.0,34
583,816c905ae2a3d98f877babc72c1f8d8650aa5d24,0,1,0,2014-10-08 20:06:55,350,10,1.1128,360,7,4,3,1812,86,39882.3951,144,1267.3333,464
588,861c4cf2de9075c721945fb7ef84a23030a4f35a,0,1,0,2014-10-08 22:08:11,642,1775,2.076,2417,32,11,1,1749,77,51391.7138,175,1087.0833,206
591,1452134707e2a143def3c03d1db416b1c8197565,0,1,0,2014-10-09 15:40:57,2109,1102,3.0527,3211,20,1,2,0,0,62481.9031,88,206.5,150
594,708adca7d702ce2466e80c4bf83f3c5b7cecca46,0,0,0,2014-10-09 16:10:20,987,138,0.8113,1125,8,2,2,1810,0,44368.1386,5,762.692,48066
589,1bae25ace7cd25487aa5cff83447069cd80d3e42,0,0,0,2014-10-09 21:16:17,18,7,0.1454,25,23,9,1,132,18,62653.6501,46,36.5383,57
600,b7adf9810aa07a9b9eb2a58d9c53d298696b0403,0,0,1,2014-10-10 13:34:23,4433,21,0.9015,4454,17,3,2,0,73,52231.3304,298,169.1931,1211
590,0393c306331e6b46182b0693ff192be13d20698e,0,1,1,2014-10-10 14:32:58,98,116,0.039,214,30,2,2,1965,81,42136.5205,247,108.5833,1401
595,77dae508cf65d847e56dafdb77059c72448711a6,0,1,0,2014-10-10 16:01:24,1,364,1.7712,365,6,4,5,2067,80,40724.3196,2862,1267.3333,60271
593,abde62d04a6ea333b5107e03b0e1a983f9b3b733,0,0,0,2014-10-11 22:09:13,74,20,2.8246,94,2,4,2,30,8,12028.4774,2568,721.4828,51486
587,63cb95e012ae3cc197b42b9aa881f905449437b1,0,1,0,2014-10-13 21:23:54,47,196,0.0439,243,2,2,2,27,10,18036.7335,368,225.5125,54302
592,b94c87a1816b5fc370d14dbc001eaca5b7c720e8,0,0,0,2014-10-14 06:52:15,1731,902,0.0679,2633,58,2,3,51,27,51758.1517,180,70.0007,2119
597,7e53db0b927ad2f7bd25dbebc6c01a942afd79da,0,1,1,2014-10-14 11:17:57,0,0,2.7952,0,1,3,2,461,89,33013.8028,220,201.7314,58131
605,c5cbd58a3ba4d8aa1594970b1506dffa388a6592,0,1,1,2014-10-14 12:55:50,43,27,0.8696,70,5,3,2,2336,85,46546.1692,2862,1267.3333,1058
609,d828643f555aac14be59e7f8b35ac67cb06da20b,0,0,0,2014-10-14 13:31:20,13,2,0.3652,15,8,2,2,1910,84,48909.439,54,20.6994,353
602,cc8eeefe8895e01a2a5f387788bb3772b4dabbc9,0,0,0,2014-10-14 13:57:52,4,8,4.4362,12,47,15,1,24,5,3426.426,104,52.4458,626
610,6801cb0415f40d6be1333262ae95befd8abd9175,0,0,0,2014-10-14 15:36:04,1574,1489,2.2994,3063,17,10,4,1305,58,55433.2137,434,252.7611,61661
596,c55cbc763506d8c48ae251fc806316ac055de696,0,0,0,2014-10-14 15:40:29,17,18,2.2313,35,1,4,2,13,9,8696.7991,453,174.5926,54302
616,8be8a086cb40f3280e9af5543d7b170241b268d8,0,1,0,2014-10-14 21:55:42,1720,806,0.435,2526,8,2,2,1954,82,21187.1983,123,50.4084,54302
584,5555311d182c24f830924501fde6474438e82b41,0,0,0,2014-10-14 21:58:54,4,7,0.0,11,1,1,1,181,14,2872.0329,2862,7.2595,46227
611,f16507dd1608456da0b9826b47e21c04699f0393,0,1,1,2014-10-15 16:37:08,1955,18,0.3718,1973,4,2,2,1849,80,82907.2625,40,19.0,250
606,ba79107aefb8a40047c4068b8d3a3f838ddb62fc,0,0,0,2014-10-15 17:15:07,1,0,0.0,1,4,3,1,3,10,59266.4447,47,30.8015,519
599,98bcf40226db7c8dbafa6eacee9ce5ef3feaeb1b,0,1,1,2014-10-16 16:04:33,1367,24,0.7167,1391,19,4,3,2467,13,33833.3139,354,131.6818,58042
614,1bd6960db9d0b91298ae08f5cbfa826392bd93dc,0,0,0,2014-10-16 16:41:43,99,6135,1.4807,6234,4,3,5,187,33,56003.2151,448,390.423,58042
603,ca16e5be37cd6eff83a86e141ff6201fd11767ef,0,1,0,2014-10-16 16:43:13,151,81,0.0,232,4,1,3,623,40,127.2942,1008,450.8398,7337
613,67db1bf2786679b71dad8a32894346abdf59206e,0,0,0,2014-10-16 17:16:16,31,8,3.053,39,16,1,1,2156,91,41345.0662,618,311.0171,1560
604,e916dff8ba032d878ad4435eb7175c6a56f79ef4,0,1,1,2014-10-17 00:18:37,1513,6135,1.5672,7648,3,4,3,17,15,40939.7841,2862,1267.3333,3673
607,049ace4c1847d39af5724538476971cbccce3ea9,0,0,0,2014-10-17 11:08:09,344,13,4.4362,357,47,15,1,65,7,82221.1827,614,303.2981,1464
617,9c316e7858f6dbf9df892aff78431044aa104ed9,0,1,1,2014-10-17 12:15:46,466,25,0.6821,491,5,3,3,0,0,45042.0535,209,111.1094,2533
598,42f85904221aeaf0181f75af2fa5d469b8cbcee7,0,1,0,2014-10-17 20:13:26,4,184,0.0,188,1,1,1,160,14,86384.0,576,289.1836,952
618,c6867c2c25e1a220abef24e54a86eeb64dab28c5,0,1,1,2014-10-20 14:25:42,395,535,3.0694,930,15,9,3,15,84,32741.821,2862,242.3314,56836
615,be3b3807e0681a405d0be83fd2c076bf3992f8e0,0,0,0,2014-10-20 23:09:37,8,1,0.0475,9,2,15,1,57,19,30623.3304,292,186.0862,2006
622,c235603475358e458c6ce9fed983b68e604d5e25,0,0,0,2014-10-21 13:57:12,39,370,1.0065,409,5,8,3,1970,86,77817.6667,2862,100.0445,60700
619,f2673082ce379d2be72871d017b9f47be4dcfa87,0,0,0,2014-10-21 20:06:03,74,19,1.0269,93,6,4,2,2047,85,28474.4991,48,38.201,891
634,c774ea3463b06a1347b16e73fdb4a75ab80aa777,0,0,0,2014-10-22 16:25:12,81,257,0.9092,338,4,4,9,2100,85,74715.5693,734,311.2,97
621,b10c2ab86ecece22409d5072a79bcb3ea60c552c,0,0,0,2014-10-23 16:53:36,987,2291,0.9143,3278,8,2,2,1836,0,10822.7119,525,371.9077,54302
623,35648e8cbdca376e4543a0df2f82d1401a5c2ed9,0,0,0,2014-10-23 22:36:30,56,234,0.1886,290,3,1,1,2807,13,59221.8491,2862,28.3205,433
625,1d5d30327541e1f91cd6f4e8cd9fc5a39a146aa2,0,0,0,2014-10-24 02:54:07,3100,94,3.9267,3194,6,14,1,1329,53,32315.033,379,182.8034,1718
629,abbf634dd3001bce3c2ad205c32338256fcebf43,0,0,0,2014-10-24 03:19:13,3,5,0.0,8,1,1,1,10,7,2424.4311,344,195.4566,1385
626,d4df271f754ac4d5afd785d4043ccaaeb907a6ad,0,1,0,2014-10-24 17:27:20,4050,2396,2.2252,6446,14,6,4,2419,79,7941.9504,307,1267.3333,3829
632,82e26b217dab3c327bab882be8cc6b8c0c257139,0,0,0,2014-10-24 18:47:40,4,7,0.0,11,1,1,1,17,8,67929.8738,41,50.8631,46227
620,f25da979f605d2484042e275284d55ce7d6f9142,0,1,0,2014-10-27 18:49:07,346,306,0.0,652,38,21,4,2790,0,34521.7842,411,89.7833,202
633,95f96669755b3971c9829ef034948515344cd110,0,0,0,2014-10-27 21:42:33,20,20,0.0911,40,80,21,1,378,33,8961.9833,2862,52.3892,58042
644,e60a06cc866e5e85d3e58f25b98f8c048d07ad24,0,1,0,2014-10-28 15:30:50,28,19,3.3533,47,10,6,3,2583,89,36168.3233,2862,141.7835,60700
638,c93765772e97b5807fe037c7208b2a412ea9b3db,0,1,1,2014-10-28 16:34:23,103,50,0.4795,153,4,2,2,1864,86,78533.6264,45,38.7731,53
646,f13ce558cc410f959634a6f0d31fcf7bd69be85d,0,1,0,2014-10-29 18:57:25,111,23,1.2879,134,4,3,3,1867,81,53089.3407,495,268.2315,555
627,bb8cc621467b1bc17ae3ac23e230a6df769829a7,0,0,0,2014-10-30 01:23:07,9,214,4.4362,223,47,1,1,47,4,41953.3022,2862,1267.3333,46227
636,84bc49e900772b04cda4c21e48f23b84f0e0b2cd,0,0,0,2014-10-30 15:47:43,122,14,1.1476,136,3,2,1,22,12,81353.9494,392,217.1802,54302
641,fbb6b8abfa359be3475ba55912d939096637b8f8,0,1,0,2014-10-30 15:49:42,119,25,1.1563,144,3,2,2,2297,17,97.4512,758,210.8887,49967
628,2e37655f945e6ed464b65a190fd544970975d129,0,0,0,2014-10-30 16:09:38,18,11,2.8246,29,12,1,1,15,7,4970.1448,721,371.6757,54302
643,a29ee07e301e1d3985529676ab04d5f4743c25f4,0,0,1,2014-10-31 16:52:57,84,1102,0.7022,1186,3,3,2,1912,82,72734.4248,613,206.5,158
649,399a4ecf9e0974488bc5a60fcff90c7f84e5b044,0,0,0,2014-11-03 20:42:03,41,21,1.5624,62,3,2,2,2178,89,3585.19,505,263.1672,3140
637,83d4762a6d6c28c792fadc1d7f228600097d924f,0,0,0,2014-11-03 20:58:04,58,63,2.0632,121,7,4,2,2323,85,17228.8497,800,264.643,54540
660,fe8e92f8f1ff3adec119c8eb219e024886561196,0,0,0,2014-11-03 20:59:56,558,4,1.7263,562,6,3,1,2319,0,5201.5171,613,46.0,1750
624,827d93e22fed93d5701b8b69a4818d0cc955dcce,0,0,0,2014-11-03 21:06:55,558,3,0.1212,561,2,1,1,44,10,86351.0,613,46.0,1746
639,e88bcfeb15266756c7543beb97aad6c1be74dabe,0,0,1,2014-11-03 21:47:02,147,7,0.0776,154,2,5,1,146,12,5656.6127,690,257.8917,58042
648,071b8e391f985e5815bcec977079d5529ad41cca,0,0,0,2014-11-04 05:20:01,344,5,0.0839,349,2,1,1,65,10,46902.5683,192,33.6854,1625
657,52a701f295490cf10850b2a6ad8fb3fdcbc57211,0,1,0,2014-11-04 16:16:57,443,2396,3.4599,2839,9,7,4,1902,77,54377.5871,184,1267.3333,5644
655,5117a5d5baca409a0510dac61d479827920cdfbc,0,1,1,2014-11-04 16:31:12,1,306,0.0,307,21,1,2,451,37,28722.6771,2862,113.9618,5577
662,c345f81e7fca246677efb9f3073eb903ce8054f0,0,0,0,2014-11-04 17:36:53,2172,719,2.7726,2891,3,2,2,2018,86,34664.5317,813,302.6135,4141
650,b3c1e147b5cdeaba283e082f9091d907cdfdcfee,0,0,1,2014-11-04 17:56:13,53,11,0.0,64,2,2,2,2371,3,53401.3633,430,143.2849,8719
658,e019760783e4d4ebf2d3ed60c33e7e63c226fa71,0,1,0,2014-11-04 20:00:41,2598,1360,1.9759,3958,4,1,1,810,29,51984.0967,16,181.0,8
653,5acc7a9ed72f0862cc87927014e8de131826cd23,0,1,0,2014-11-04 20:30:34,614,3,1.8105,617,4,2,3,834,36,14160.7616,147,45.8555,54302
664,11e657189addf1a7da3c5f32719f1cedbcf3d2e3,0,1,0,2014-11-04 22:42:05,408,106,3.6096,514,18,4,3,2127,80,25899.3248,79,19.0,308
661,ea0cd4caadfb5e8f049376cf2dc1ecfbd7d7ab36,0,0,0,2014-11-05 02:55:10,26,0,0.0,26,1,1,1,46,8,20515.9722,302,166.7855,3088
635,32da3c8cdae4d48511345bc44081759a6b7268c7,0,0,0,2014-11-05 13:30:08,344,214,0.0197,558,1,15,1,293,26,22838.4858,232,164.2303,1072
647,40ba9fe2f12d785c8706bebd276115d5384e3574,0,0,0,2014-11-05 14:02:56,64,13,0.2203,77,30,16,1,434,36,7795.6362,247,163.179,1717
666,4f863be3f7d3c28d090ce5a428211906d95ff4f8,0,1,1,2014-11-05 20:23:50,153,724,2.6402,877,9,9,1,2177,0,60625.1943,64,36.507,203
670,65f7990085230dd9da9bbae584c6502c8b6c8bf3,0,0,1,2014-11-05 22:45:01,717,451,0.7374,1168,3,12,2,2139,83,3943.6853,1,876.9415,48289
630,9685622b32d19ffc9315e764a224f41cbe6b6d4a,0,1,1,2014-11-06 16:18:09,187,1360,1.1787,1547,5,2,2,2082,83,73017.4338,46,181.0,56
663,6b3f3e9607c6e1113dd1e475b5b7c3ad91de6c03,0,0,0,2014-11-06 19:37:03,1,84,0.3996,85,2,1,1,2002,81,49591.1045,71,43.0847,1578
665,a94b173e2c0b2ac230ec55e5f76de288e36d5f74,0,1,0,2014-11-07 11:34:33,478,486,1.3038,964,13,9,2,754,23,45321.5898,479,319.6442,5757
667,c3a809584a131bb665f32e93256b3c473570139f,0,0,0,2014-11-07 18:28:33,13,14,0.0517,27,7,3,2,22,15,45246.1375,149,133.6424,2682
668,7920ebebe2640ffb59225b7d32d5d818ce76dd12,0,0,0,2014-11-07 18:36:40,248,9,2.1866,257,2,11,5,93,19,85763.0,245,173.0477,1274
651,f44110c7fc2ab43fb4cb8d1ae3ac6aa52dcc8eea,0,0,0,2014-11-08 22:29:15,115,948,2.7624,1063,10,1,4,160,25,35761.0361,136,134.4279,56165
674,feb26752b2671801a9d6139c2dc9217ee257505d,0,1,1,2014-11-11 16:08:27,4,2,1.2978,6,3,3,2,1984,85,49300.3032,184,99.7116,58607
673,a6802aa479a46b6f3fb1855786f72f6e3b08e0b9,0,1,0,2014-11-11 17:38:06,2598,36,1.2081,2634,2,3,2,2260,2,26772.4325,613,181.0,13
671,611d1baecc448cde9f4e359e639287fed6f8e357,0,1,0,2014-11-12 12:16:15,421,0,0.0,421,1,1,1,1598,51,22941.2439,613,143.5827,1575
678,b93f48a5db321bf7c9fb55a800ed6ab2d6f6b102,0,0,1,2014-11-12 23:58:13,723,91,1.9529,814,5,4,2,1916,82,33535.7358,102,1267.3333,1972
656,37d33b2086abb8e073a3ec7f9de23150eb49fb32,0,0,0,2014-11-13 00:12:36,38,144,1.8893,182,5,3,1,215,23,81536.0,40,21.3537,57
675,1470cee58872b89ee8ae5d2f7e287ad7f32ed50b,0,0,0,2014-11-13 02:31:04,10,260,0.0442,270,15,3,2,3,75,9938.6092,2862,98.4573,58042
676,93824864022825c5a22d000e78afe86ea5aed796,0,0,0,2014-11-13 03:45:32,32,15,0.3812,47,52,2,2,149,4,19926.6287,408,198.3333,2021
642,7c93b04b34844afdc3a502af9e7fb296f43dc068,0,0,0,2014-11-13 03:53:47,5,163,0.1599,168,5,27,1,660,28,32696.0118,494,255.7537,1863
672,4ff6e7dfff58eaca02c49a13d82058665cfad23b,0,1,1,2014-11-13 17:34:39,329,1700,2.8961,2029,13,5,4,1762,76,72812.2984,2862,1267.3333,3948
652,3484181e2b68ce04acfe4e9028d5d1d76335094a,0,1,1,2014-11-13 17:56:34,119,109,0.3123,228,56,2,2,1967,9,77152.0,118,53.8337,56165
681,abbcfc5f72323d0c6040a3cc02aba8f2c0058d95,0,1,0,2014-11-14 09:54:39,3984,28,0.741,4012,5,3,3,0,79,67769.1275,199,121.6186,54302
685,b4d7f3bed0687b449f6a275d9dd675e25d794aeb,0,1,0,2014-11-14 15:18:38,537,0,0.0,537,33,11,1,1901,1,26629.7712,2862,1267.3333,10582
682,cbbc1191ce1656a92354a4fa3859626cb10083e5,0,0,0,2014-11-14 17:58:33,31,90,1.1592,121,21,3,4,151,23,28401.0827,386,271.9609,58042
669,1b21aef8152d96a180e75f2fcc5afad9ded6c595,0,0,0,2014-11-14 21:06:59,37,1192,0.1663,1229,3,2,1,294,29,15134.2516,401,108.8569,4662
677,105360cb14513ee77b1d9145d7367690a3ad2dc4,0,0,0,2014-11-14 21:36:04,156,51,3.7648,207,2,6,1,50,21,23403.815,2862,117.7128,2392
680,9c564f10fddce15746e81f003798ddddd023522b,0,0,0,2014-11-15 20:26:55,344,4,4.4362,348,1,1,1,22,4,7582.1893,414,188.8549,1433
683,2c3f9ba048af3f4f4bb144f7fdb41a84df5346e2,0,1,0,2014-11-15 21:22:33,1180,83,2.4612,1263,55,8,1,892,55,58317.3464,195,281.2592,54302
686,b1062929185690567e4567e0e657b361c5105482,0,1,1,2014-11-18 06:07:30,337,65,1.4688,402,7,3,3,2172,79,54116.2618,139,60.2636,509
692,1945384fdf1d0bac18d6f75e5f864f1aca5b49db,0,1,1,2014-11-19 17:06:03,475,23,1.1214,498,10,5,3,1890,54,52345.5268,293,1267.3333,4336
687,2291a60e9eded4486528acc0a8d12a062b21fc26,0,1,0,2014-11-19 22:17:05,86,89,1.2402,175,11,6,1,2540,80,54393.7974,22,13.9688,379
693,4397c34476070ea15ee0d2b9c625887a8b08b622,0,1,0,2014-11-19 22:42:03,388,150,3.6916,538,28,16,3,2864,85,43533.3037,223,85.6124,58355
690,07893d704598f7cbbc316c9a65a8c415e5404dfa,0,1,1,2014-11-21 15:58:28,320,973,4.4083,1293,61,1,3,1605,66,48792.2601,2862,191.8334,58042
689,1bb2dd906c1da04be602aa1cec988c4e15bf1ffc,0,1,0,2014-11-21 20:54:47,136,5663,2.3269,5799,22,10,8,2329,83,67231.7165,209,83.9951,4253
695,0e3d9fc14bfcb38b9f179c0428cf586890c4a8ab,0,1,1,2014-11-24 11:50:14,168,7658,1.9931,7826,10,7,3,2141,89,66462.9038,56,311.2,329
679,29436845f8dfe0ab6d26ca1cd11ad22e2861bb1a,0,1,0,2014-11-25 00:48:44,276,11,0.6572,287,2,2,2,2032,83,22848.0722,2862,50.3192,56165
688,e0dff2b808789c4c2a0751d00eff3e3d066c87dc,0,0,1,2014-11-25 10:03:44,127,66,0.061,193,7,1,2,21,8,4.0,2862,1267.3333,3139
694,29259cb22c2ba02d5c2beba6c6512173f8b5b3f9,0,1,1,2014-11-25 10:12:20,210,2803,1.0147,3013,14,3,3,1843,88,26679.2729,278,137.9448,60576
704,8b5cf64043e2d002fdb91921319110911e332042,0,1,0,2014-11-26 01:45:34,247,132,2.1191,379,10,6,3,2577,2,32269.1627,254,111.3339,460
698,c5cec004628c2b669d48c4cf565bfa5482a766f3,0,0,0,2014-11-26 20:17:09,16,7,0.1431,23,47,15,1,1356,2,5.0,135,141.3165,2431
684,d15c9187a4b66645bf0575a7c3bfdbb9b10a263d,0,1,1,2014-11-27 17:12:24,3249,2099,1.295,5348,4,4,3,1885,77,60790.4561,2862,1267.3333,3988
697,7a14a77f2cbe2ce10ac35d5853ddf9496a86e16e,0,1,0,2014-11-27 23:55:46,100,652,3.174,752,19,10,2,2368,80,45556.0186,123,1267.3333,2789
696,630e47ba4cd7fe7264f7373b3432ca96a38a6610,0,0,0,2014-11-29 02:53:29,1,0,0.0,1,1,1,1,21,4,17128.7785,357,234.192,2643
744,0ff9c3cb222be634e46c378bb357ba0658e0e55b,0,0,0,2014-11-29 08:45:27,15,84,0.8546,99,2,1,1,2266,85,45505.158,118,1267.3333,2047
700,1850ec7275e6262660698a3651d46f6634f06b5d,0,0,0,2014-11-30 00:06:48,198,196,0.0976,394,5,4,1,30,9,37027.5279,266,141.6577,54302
702,f0ea366b3d7733572e7de6a2eb3c9c197f484864,0,0,0,2014-11-30 00:19:54,70,47,0.8314,117,1,12,3,8,4,42475.3721,334,236.2954,1851
691,7add7ead1884325c9c648802b66af45a258104ee,0,0,0,2014-12-01 18:00:28,13,214,0.8894,227,3,1,1,23,5,71743.5602,560,279.3277,2777
703,54b4b99e1e12328005df51feb71448a320a9b7d6,0,0,0,2014-12-01 18:18:54,72,14,1.1817,86,3,2,4,871,46,53772.588,618,310.8368,1522
707,dd1dd8eb76767d4d81feb3d5c35b78a12bb61162,0,0,0,2014-12-01 19:17:15,996,58,1.429,1054,3,2,1,824,49,8515.1403,407,381.0568,5965
699,eb0424ecdef4fae4dd54050862c096b9976a9b01,0,0,0,2014-12-01 19:43:16,35,7658,1.312,7693,4,10,2,2170,85,54499.2817,659,1.0,1985
714,4030088ec1df44a666ce73306eae5daf664b25ab,0,1,1,2014-12-02 22:04:47,279,27,0.902,306,3,2,2,2279,87,25506.7599,2862,842.5875,50984
748,6d9d175a44a6beb7be17ffebcbee45112d48eeea,0,1,1,2014-12-03 12:25:00,142,93,1.3536,235,6,5,5,2121,85,46005.7305,11,11.9528,58607
710,ceed3a20ef78b402a7a734e63d758aff105fa2de,0,1,0,2014-12-04 15:59:34,30,7,0.5529,37,3,3,5,2448,85,69808.7119,60,1267.3333,58607
708,58c88b7d54ca2290cee9cfb322d8b34e873a370c,0,0,1,2014-12-05 18:19:00,2598,62,0.131,2660,2,2,6,2696,89,67166.6032,35,3.0578,25
712,a910930272a4a6443e6c5a2969d5add8b76fe752,0,0,0,2014-12-06 02:16:54,10,214,0.0993,224,47,15,1,659,28,37536.3431,308,245.548,608
701,773a38f79c30a0e270c46de7bc6430c835e5e995,0,0,0,2014-12-06 02:57:50,26,11,0.6627,37,12,2,2,2035,0,60389.7711,2862,1000.5,45020
706,5d41dab152ef9047270e8b76a1a499f73860e9ac,0,1,1,2014-12-07 22:43:07,3,50,0.0,53,1,1,1,21,21,11778.556,578,304.3514,1959
755,576a75f28a19cc43e207212cf72cd460c49f2ad8,0,1,0,2014-12-08 14:17:51,22,12,1.1831,34,3,3,2,2436,87,36139.1464,8,33.3664,1328
713,c1610f6daf01ca280692491b07ab6599dc3f0467,0,0,0,2014-12-08 15:20:14,2598,1360,0.1207,3958,30,18,6,94,4,49316.7132,79,5.5561,15
718,578430952789bbc2dc7d9b17f4f4b41495d0757f,0,0,0,2014-12-10 21:19:11,461,573,0.9935,1034,2,2,2,0,0,32839.8986,2712,777.7173,45391
711,451c514a3a02f4e889f040176453beefbcd75843,0,0,0,2014-12-11 14:17:29,58,15,0.3494,73,2,2,2,2043,81,68844.8129,139,66.6152,2669
720,cdba5aac9b0166bef0474e5cf8aced010762992a,0,0,0,2014-12-12 13:44:34,135,135,2.1603,270,10,4,2,2110,80,38246.8266,2862,1267.3333,54540
716,6c579a0102fa3e67215fef5d9f8aa97191e3a216,0,1,0,2014-12-12 14:09:37,677,782,0.0,1459,44,9,4,2514,81,35093.3124,2862,1087.0833,247
705,ac9cfbd9aeb91c3391d78724fe8cb1e49ada55aa,0,0,1,2014-12-12 14:10:33,119,370,1.0119,489,28,8,2,1713,84,64595.6312,2862,1052.6,2560
729,d5e5f980093c20b42b89fec7bef8e31808fd37f6,0,1,1,2014-12-12 14:50:12,120,2291,0.8723,2411,3,3,1,1971,0,25703.3812,230,1267.3333,3332
723,597a1d5db27ef9e37f7066868e76cc9450fc3c9c,0,1,0,2014-12-12 15:07:15,820,1775,0.2906,2595,1,2,1,101,94,41730.5092,41,59.4904,206
717,2fdd1d59c6e8934803f3c3d5629c41a8ca6a8a14,0,0,0,2014-12-12 15:22:15,1032,755,2.165,1787,11,6,3,4,4,2005.5509,53,59.852,2042
722,c3ac6baac7bfea790a74fe7bc0a62a65202cb67e,0,0,1,2014-12-12 17:48:37,344,214,4.4362,558,2,15,1,116,19,73364.6981,2862,1267.3333,46227
731,254d6f7e9c689c639f85f3f5119f4a812d295f05,0,0,1,2014-12-12 18:02:40,112,22,1.2086,134,5,3,3,1909,87,42648.5044,37,14.9126,155
724,6d8862b00ed60a24387beb642609c03fcee095e9,0,1,0,2014-12-15 17:10:17,2194,750,1.9677,2944,4,5,1,806,41,44946.4932,2862,1267.3333,1891
727,a6c6d0f60c74a9b9889f49ca1cba41e855cad091,0,0,0,2014-12-15 19:14:12,42,21,1.5821,63,5,2,5,93,10,61699.425,103,58.4315,59248
719,345e69e1c197faf73f303034c9a895b1dac65402,0,1,1,2014-12-16 19:32:08,29,27,1.0103,56,23,2,2,1909,88,20152.0,562,278.0322,1419
733,93f679e00f0dbd81972acf641c5a47f3ee4727ee,0,1,1,2014-12-16 20:24:40,3046,82,1.0637,3128,3,3,2,2051,83,1928.7682,2862,1267.3333,1614
736,987191418849191258519464665223f48620920c,0,0,0,2014-12-16 20:29:49,55,923,0.4697,978,3,2,2,2126,81,43174.4288,105,1267.3333,2975
715,1fec4a4281be94f8ef2f9f8a5eaccee56d70e87e,0,1,1,2014-12-16 20:37:07,44,220,2.4194,264,20,6,3,864,43,46464.0553,242,96.031,54302
721,ffa806733e7492d3d4b54957f911af501e043df9,0,0,0,2014-12-16 21:06:02,6988,1672,4.3841,8660,45,14,8,2957,91,51019.5803,23,14.0557,154
743,3e9d345f0078922950157de4fd4c7992512b43b8,0,1,0,2014-12-16 22:12:19,2987,7,2.7667,2994,4,15,4,7,77,47639.2846,2862,52.1279,8857
730,f852401166cdd1e6b2136b5e70b85a771f6f2a8f,0,1,0,2014-12-17 09:27:47,419,14,1.1741,433,3,2,3,3,6,63558.3688,2862,1267.3333,54302
753,33a3a09cbf2f0a31a823b6ef8f5e9fcc1546c9f5,0,1,0,2014-12-17 20:50:38,297,53,1.0059,350,35,2,3,2162,88,75.0,141,60.8564,323
734,a7c1729c17a9f1eaa26b23338357b364ba986c77,0,0,0,2014-12-18 02:16:19,144,0,0.0,144,1,1,1,20,7,47013.0292,369,192.0044,1456
742,3f55c35b8c6bc8240e34573f2fe45709c64e566f,0,1,0,2014-12-18 23:30:26,1073,2396,3.2285,3469,9,6,4,2257,79,57385.7957,235,1267.3333,60576
735,9775a9c6808b8ed3cf37ca04d3b701284b459893,0,1,1,2014-12-19 11:04:23,51,1014,0.0794,1065,18,12,1,2248,7,39077.0542,2862,32.4543,58837
728,382834d4e49dbd305bb299ce911592838a5e1e3e,0,0,0,2014-12-19 12:43:00,6,10,0.1485,16,47,1,1,1356,7,43297.647,668,366.839,1091
732,58529c77f4a2159fbfbe696c619787c327c80763,0,0,0,2014-12-19 15:43:38,2421,288,0.245,2709,5,12,1,158,9,82135.75,122,39.7947,816
726,bf599fb5b062cbcc652da78b7d699e7a01b949ad,0,0,0,2014-12-19 19:19:29,14,15,0.9811,29,2,2,5,62,31,13113.5932,248,172.5086,1226
745,29ff2d26f87f5977aa919d037ca3bbb67e40bdb0,0,0,1,2014-12-22 13:59:12,16,269,1.3433,285,21,2,2,1938,87,52647.7838,122,39.0086,2202
740,5cff788efcc63ac738e16ca8cd912e1108d5c1be,0,0,0,2014-12-22 15:39:29,1955,724,4.2625,2679,2,10,1,124,8,1358.0,112,33.4103,267
747,b5a232b04eb61fef4d722dae67147f686e07b503,0,0,0,2014-12-25 20:30:33,229,69,2.3786,298,5,2,4,61,12,52586.3969,469,148.8617,56960
739,12b96915c3e37edc1ea6b584ebc406f44426d4ec,0,1,0,2014-12-27 20:18:59,13,25,0.0175,38,1,1,1,23,6,50431.3598,404,198.116,2287
741,cfee3da908c685dad3103a497dd70eb9a884df3d,0,0,0,2014-12-28 02:09:26,57,20,3.4069,77,26,12,3,7,4,20092.331,229,135.8376,54540
754,dcc3bb054167eb5f408cea79935855780fd56285,0,1,0,2014-12-30 18:25:17,545,474,3.4335,1019,17,11,4,2265,87,42865.7062,2862,61.6798,61661
749,e20810c7bdf81b2ea225d1356ac3237994fb5349,0,0,0,2015-01-06 20:24:37,35,45,1.0055,80,3,2,3,867,41,22628.5099,361,1267.3333,56165
751,e27cdf935c73f5d51ce920cf3245eca58219ceb1,0,0,0,2015-01-06 23:25:09,49,977,1.5796,1026,3,2,2,177,3,23656.0556,119,170.4179,58042
752,3679b1bd270fcfbbae4c8ac9eb5114cc98fbe4de,0,1,0,2015-01-07 12:54:48,104,451,2.5941,555,12,6,2,1962,82,27270.5115,2862,189.9131,3015
763,905273e3e419ba12d8130f56943b8f4f6818d544,0,0,0,2015-01-07 18:35:11,347,1672,0.4189,2019,45,1,2,2073,80,14357.2056,23,18.124,149
750,bdbb071f4f87131d6996aac52f2b75a5833d5238,0,0,0,2015-01-07 19:05:31,1466,56,0.4386,1522,2,2,1,2729,10,67574.2166,6,16.882,72
759,eeaa3e01235c98421fecc46eaed877b207fb5a33,0,0,0,2015-01-07 19:44:00,2421,14,1.1385,2435,48,4,3,2162,79,16805.7325,121,98.3864,453
764,493859bf617ac80f560d02ad6d471aefd6a0ef91,0,1,1,2015-01-07 20:05:38,394,43,1.7873,437,9,4,3,1891,86,49184.0736,95,51.6415,58042
758,1eea314602d50491093cf63bef6a26eed9df3ceb,0,0,0,2015-01-08 00:19:28,3,1,0.0,4,4,1,2,22,4,31165.4701,120,51.1363,536
746,ad3753309776fb0b7096d15a7535ac76511779e3,0,1,1,2015-01-08 00:34:01,31,526,2.2161,557,7,3,2,12,6,5.0,2862,1267.3333,54302
761,b8dd3bd75f61c20350db37b784a667636fb6a24d,0,1,1,2015-01-08 07:35:44,2421,14,1.0423,2435,5,3,3,2117,77,63935.7965,105,64.4307,506
766,bd3c47ca739a9b84ba68a19387bef8233e1f90e1,0,0,0,2015-01-08 20:39:29,127,66,0.0278,193,1,1,2,21,10,25218.1271,8,14.6637,1329
770,e750ab238e07daa61180d2451ba90f819a4cf5a1,0,1,0,2015-01-09 01:02:32,32,4063,1.05,4095,8,6,4,2612,12,26040.0086,248,1267.3333,62439
767,ed54e80855a37f88a8625e1ecf9ce574f0d4081d,0,0,0,2015-01-09 05:27:47,6,2191,0.028,2197,1,1,1,629,5,22174.1817,429,222.1479,46227
756,a289e71bd883bce6b78169b64c95cd6c2e1a8853,0,0,0,2015-01-09 05:33:25,2,163,0.0529,165,68,27,1,21,14,14697.1016,2862,221.6506,1883
775,910170c9d10bb6a71922a529b2f070cf27891a10,0,1,0,2015-01-09 14:18:26,0,278,2.8613,278,29,1,4,2658,0,39106.3473,107,105.0,588
772,c6525da86eb1ac668206553336056f90e7bfcdaa,0,1,0,2015-01-09 19:30:22,482,107,3.2351,589,23,10,3,2218,54,36821.4743,2862,84.3448,58607
773,c20d415833b785bfa5f49d3dd2a7468e111fb5d0,0,1,1,2015-01-12 10:22:23,44,11,1.2494,55,3,4,2,2064,54,65708.6378,164,92.7429,58607
777,f6d0f436b39f78f2b4fee5e84190a53259ff677b,0,0,0,2015-01-12 17:57:23,20,261,1.6735,281,3,2,2,29,5,39679.2368,837,127.8972,54302
780,2424dd133bd971de4b19e5030619d7be79e261e0,0,0,0,2015-01-14 10:07:22,62,20,0.0258,82,3,2,2,0,78,46926.1329,734,229.8297,2895
779,1c9c47d26f2da98d1a923254858bcde550122445,0,1,1,2015-01-14 10:40:57,71,28,2.0587,99,6,6,3,2004,79,31460.4407,727,226.9479,1682
760,0a17c0fd7d31e6ff6ea4d4ae901ded72bb2fe113,0,0,0,2015-01-14 10:58:50,9,197,0.0948,206,3,3,1,188,12,2582.3085,834,241.2751,1918
771,92f753957325413e2aba67f36b4305fb0316b501,0,0,0,2015-01-14 13:11:41,3,5,0.0,8,4,1,2,44,8,7871.9665,701,210.0718,2985
776,064144bd403e0327bf8e340ba54e857513078869,0,1,0,2015-01-14 17:08:02,951,35,3.528,986,35,2,1,139,1,6302.2774,104,105.0,90
782,e16d76dc84022a37dc544183732bfe9e9fb3fd94,0,0,0,2015-01-14 17:15:13,14,7,0.0,21,1,1,2,40,6,16291.9005,684,205.0158,1960
768,2ff913767437ae919a72ec00c2437aa7ce904f6e,0,0,0,2015-01-14 17:45:26,33,18,0.1975,51,4,3,4,2611,6,7.0,123,56.3043,1980
781,e245ba7af9801696db733fa3f88aa37135b5ae36,0,0,0,2015-01-14 23:33:33,725,84,5.4734,809,4,1,2,407,36,25662.104,767,281.0647,58042
787,895ec3ea1e68b74ee025317f57a09c1ef0b512dd,0,1,0,2015-01-16 14:37:06,315,16,2.6786,331,14,9,4,2305,79,2216.1538,335,165.2406,54302
786,17624248efc316de125d1bc3c6be4f0cb4e174a2,0,1,0,2015-01-19 08:22:51,263,538,3.2465,801,25,15,3,2178,80,43889.3069,2862,1267.3333,3149
778,d314c07a1fd621362d7b6bb80d7f551943018d44,0,0,0,2015-01-19 14:35:21,36,11,0.1469,47,26,12,3,8,4,37267.3943,494,239.0251,3646
784,5a849764791f7bedd737666a48b53e536f9816ab,0,0,0,2015-01-20 15:37:58,15,88,1.082,103,14,2,2,5,83,14673.3935,100,52.4098,60576
792,2445d4d09f24c266075617fc5a572415e07045fc,0,0,1,2015-01-20 17:39:30,6988,1672,0.6248,8660,2,3,3,2071,81,31957.7895,20,14.1152,148
774,e2d140fff752e757f40c812dcd1b7bed3ea5fed2,0,1,1,2015-01-20 21:52:53,42,38,1.1251,80,6,2,5,18,15,43313.3339,248,111.6338,1214
796,faf91818b46fb51ed576664a1119315e7b7c3383,0,1,0,2015-01-21 17:45:45,416,902,2.5626,1318,6,7,3,15,86,58861.5205,471,172.9257,58042
783,0c2eaa9cbb51f064b439c4d098adb5aa76b65b0f,0,1,1,2015-01-21 19:12:55,60,405,0.3482,465,23,10,9,2081,89,25808.5845,734,21.5748,3316
795,dfd78d0e90b9995872b00f6f33afc180f2b7cba1,0,1,0,2015-01-21 19:50:35,838,61,3.1126,899,28,11,6,2439,81,35997.4697,2862,191.151,366
791,39108df7c8e0ffae3b39ad4adfefcd18f38667f7,0,0,0,2015-01-21 21:10:40,3,2,1.7863,5,7,3,2,20,8,43094.4254,2862,3.1954,54302
797,cc5fb19e5c864110b798375f43ec1597904d03ab,0,0,0,2015-01-21 23:16:10,1,480,2.1975,481,7,4,1,2,73,21985.6174,2862,1267.3333,4152
790,222ea958352dc191a3684e23e526c2289c24582d,0,0,0,2015-01-22 02:40:21,2092,5,0.0,2097,22,1,2,777,49,37911.2991,559,298.2974,58042
785,136abcc7afb101a78b592081ebc29bc30afa5777,0,1,0,2015-01-22 15:29:55,2172,35,0.6512,2207,96,1,2,2020,2,35467.9779,2862,1267.3333,2233
789,2bf63f61e33587a8ba94fce3a1433e8cd866d1f0,0,0,0,2015-01-23 14:58:47,49,127,1.4149,176,6,2,5,410,30,39010.3723,231,113.3541,3364
802,c468c8b4369c76612a1fc821e8e77fe1da8b8011,0,0,0,2015-01-23 21:59:30,5,813,1.1089,818,3,2,2,2057,0,80066.8135,706,248.943,3894
788,1bb0c149eb9657be1dc4c488156ced617b622ceb,0,0,0,2015-01-24 01:59:41,3,3,0.0,6,1,1,2,53,23,16945.1737,412,188.4141,1573
793,1e865ed6b2b54bb26506a3dd5fa52f799174d9db,0,0,0,2015-01-25 11:33:13,14,214,4.4362,228,47,15,1,1356,4,67011.3489,2862,79.9505,2172
800,b30cdd9a7e1178014ae90c01795e680b3041c0b7,0,0,0,2015-01-26 03:03:22,25,101,0.3765,126,74,1,3,835,42,43862.4331,642,302.0974,2424
794,c87b6a30f21a6d7cfcebd2e1399dfb6069f402fa,0,0,0,2015-01-26 03:38:49,136,159,3.3455,295,28,13,2,406,43,31601.6172,227,126.6107,5887
801,194bad22f71da3007a7f9ab5561d6f211d140c45,0,1,0,2015-01-26 14:25:15,649,113,2.5854,762,12,8,4,1954,78,49428.2459,2862,79.9476,54302
803,b077cda83bb1d32d5e6836027cfdfe3009b266b4,0,0,0,2015-01-26 21:20:38,924,26,0.1755,950,1,2,2,2131,87,55954.7146,247,109.9689,1400
769,3e5edb82c73b7b7c6e1d1e970fb764c3e3158da6,0,1,0,2015-01-27 12:30:47,6988,1672,4.3841,8660,45,14,1,189,35,13538.6211,2,1.5,103
799,02367e78b573925a864ab8f94ba0a69950ca74f5,0,0,0,2015-01-28 01:35:18,306,108,0.3436,414,35,2,1,1329,12,40684.2913,378,186.8758,257
808,2b028b2b248e945d28a73537db9e41643138bcd7,0,0,0,2015-01-28 02:48:24,14,2,0.0328,16,1,1,1,0,0,5759.0,303,152.1633,46227
807,ca1b06500c54aed0c67659b5d9e697ae1ae050a4,0,0,0,2015-01-28 17:54:11,19,13,0.9154,32,2,2,3,16,15,40252.8855,221,39.9457,2541
809,160cbc1276503a50fe42f63996211094da5cafbd,0,0,0,2015-01-28 22:44:35,102,70,0.6237,172,51,3,2,100,28,9377.4231,48,61.4052,354
811,71ccc87a79d161cdf5cf219a276f5bd7313f9c80,0,1,0,2015-01-28 22:50:13,120,13,0.0287,133,2,1,4,2957,91,75.0,120,102.5403,99
818,1650dd51d4c6c41d19dbaac64ae4527e45190ad3,0,0,0,2015-01-28 22:54:27,174,288,1.117,462,5,2,2,2165,77,33994.3974,118,25.0,358
814,31324eefbde219395dd2b9e49e8252f4498db676,0,1,1,2015-01-28 22:58:12,31,26,1.3397,57,3,2,2,1968,86,82200.6667,66,126.857,58042
812,48a7e645d871bdb91e082f3ad3cdb61ba3f16199,0,0,0,2015-01-29 06:48:36,20,4,0.2601,24,3,1,3,38,12,53071.7472,543,124.0756,54391
815,3ad0d3a8f2ff4a2f5207b47620b52c192f4e5d82,0,1,1,2015-01-29 09:20:09,2606,1775,1.1231,4381,4,4,2,1991,82,22187.7098,31,11.4229,351
806,a2d10c45076d0cc920c6649fcc797697102280f2,0,1,0,2015-01-29 09:41:49,16,2191,0.1813,2207,2,1,1,6,14,36116.51,208,65.6877,46227
813,6ae8adaa3c9eef3606ef1f6a27b828066225aac2,0,1,0,2015-01-29 09:41:49,4,2,0.2958,6,2,1,8,7,13,37905.4657,96,94.9979,342
816,1e5a0e19a90a365096846d67f678498a2aea1bd8,0,0,0,2015-01-29 10:44:01,6,214,4.4362,220,47,1,1,1,9,4930.9803,155,125.9006,981
805,05bbefd50b98de2e502e38023c9ea496a7719af3,0,0,1,2015-01-29 21:43:58,12,480,0.8459,492,2,2,2,1988,80,21305.3382,2862,1267.3333,1975
817,f1232532e61080096a92e0044b572a1314be2bf5,0,1,1,2015-01-30 10:04:44,19,37,0.24,56,12,7,2,2053,85,56938.8703,76,36.1403,54302
823,2e4ad069d552167d0fc06d39bc8d622573f14792,0,0,0,2015-01-30 18:05:35,94,806,0.4268,900,3,3,3,1912,87,30181.4423,112,35.8259,2283
804,d0005a83ef9bfc1042747cbe45708ded1f2002ba,0,0,0,2015-01-30 22:33:56,69,8,2.8713,77,7,4,2,2108,86,40261.2037,2862,36.5171,58042
824,2dd6944f1cf9236e2ca63f6a1fa67b020c175f8f,0,1,1,2015-02-01 22:07:59,18,7,0.9719,25,8,2,2,1997,86,62957.1258,38,1267.3333,1550
831,8c003a2a5ab261db06fbda784b5353d38982f488,0,0,1,2015-02-02 22:52:03,987,2291,0.8113,3278,8,2,2,0,0,38213.5086,232,101.4081,54302
820,217721ae95ce1a48d9cedbb8de8f3eb76c77d88c,0,1,0,2015-02-03 11:56:04,1,172,3.302,173,2,5,3,2371,54,64070.9312,352,1267.3333,58607
829,2d8bddb064f2a6f9292878e2d40805d9db74a09d,0,1,1,2015-02-04 16:51:24,27,323,1.149,350,3,2,3,2077,89,74456.245,76,45.2965,91
828,0f5ab577bcc106aa487dd5b05ca0b991c9a96a04,0,1,0,2015-02-04 17:23:41,36,4,2.0768,40,5,4,3,1992,83,63206.0416,2862,33.9035,58607
835,e60089db08c7675dd507aa668bff862d437382d0,0,1,0,2015-02-05 13:06:56,192,107,1.6845,299,7,3,2,2106,77,37354.1915,522,206.9316,6763
821,49f1a629d0c79c5aa7bda1b8aadbde343e52ecb6,0,0,0,2015-02-05 13:34:21,8,1535,0.0543,1543,1,4,3,1963,89,1567.1896,360,63.1541,2533
826,2d5d30114107bfb6bb7b6f9571264eef6ad4985f,0,0,0,2015-02-05 13:41:47,248,9,0.0833,257,1,11,5,2115,8,3674.8857,249,112.6984,1266
830,b15113411a6efa725d3f420a7e0f6bc796aa9780,0,0,0,2015-02-05 14:32:54,951,969,0.1699,1920,35,11,4,201,13,2347.3632,121,104.7956,378
810,98905809c87cc8fef01621bdcfd069d6edc75324,0,0,0,2015-02-05 15:51:22,130,184,0.0,314,1,1,1,409,32,73123.5931,229,1267.3333,3207
819,82a8c2372388bb0289a6a57f6c01f9e04172f7c9,0,0,0,2015-02-05 15:54:19,951,969,0.1694,1920,3,11,4,94,16,9064.1693,118,59.8333,323
837,9072757b52d9a6c443871c5fba443c27606b8e57,0,0,0,2015-02-06 10:32:21,185,48,2.685,233,3,3,3,1951,0,72534.8813,229,79.1754,58332
825,ca41972ea011ee9e082c02afb1c37e1151b8cd2d,0,0,0,2015-02-06 13:13:44,4,40,2.0,44,1,1,1,3,8,23940.427,354,227.1813,1004
836,fd6f9c6f9c15ab28d0db0edef1f84faaa7ea42c5,0,0,0,2015-02-09 21:46:29,35,26,3.2668,61,27,3,2,1898,0,41009.266,48,216.4387,60271
842,97da271b29941596da7b401c2ed7352de111dc10,0,1,0,2015-02-10 00:54:22,924,352,1.9811,1276,7,3,2,2346,88,27184.9745,247,112.2689,1359
827,307e4f24294f659239d55e8b43637104cbc0a713,0,0,0,2015-02-10 02:59:34,3,2,0.0,5,1,3,2,33,10,21426.3534,374,196.22,2065
839,9649594c761dbb72e58ddd71a10f0794378337ca,0,1,1,2015-02-10 21:07:02,362,902,1.3068,1264,58,4,3,2127,87,46141.9282,75,1267.3333,1299
845,708b0ce6dab76c94d2fc22726ef8339c754bb857,0,0,0,2015-02-11 11:21:12,21,969,1.0994,990,1,2,2,2152,80,61346.9143,121,104.8296,416
832,857ee0ac3765e12140a0e072cee3fd32b1ad1b3d,0,1,1,2015-02-11 15:29:46,150,65,1.8571,215,5,4,3,2055,85,45353.5181,208,64.0879,58607
838,207751c8ac9800b7e004ec72096c478a30aafebc,0,0,1,2015-02-11 15:35:50,68,440,1.444,508,4,1,6,71,4,56034.9903,25,72.2722,2183
851,9d4909ee362be5082a6677bdbfba9d2b29848bfd,0,0,0,2015-02-11 15:45:18,86,61,2.537,147,9,4,2,2038,87,24468.5705,16,148.4132,2298
848,a72869c7f01d7be7b3535a6f4dd673b085a4d71e,0,1,1,2015-02-11 16:06:11,17,451,0.9794,468,3,12,2,1997,83,4583.6546,72,81.5863,58607
847,c643bbc8d11626d2609d622c9d0893c3ea43d9de,0,0,0,2015-02-11 16:11:38,14,3,4.4362,17,47,1,1,1356,3,8188.9199,81,125.6222,46227
833,f57ec8c464cc3941510cfb996e0335f7a5330b49,0,0,0,2015-02-11 16:39:06,4,184,0.0,188,1,1,1,586,3,86384.0,156,86.4604,875
840,cf3e748cbf1faaed68870f22a45edc603eb1b4e8,0,0,0,2015-02-11 21:42:19,4,4,0.0,8,1,1,1,373,30,22534.759,8,57.1932,943
853,4eb9fa78bd233f5f9b901dd677636842b351330b,0,1,1,2015-02-12 13:35:23,148,7658,1.0817,7806,4,4,2,2099,84,28782.463,141,88.6065,553
841,107a794d5e215c4d71a643c8e5b2afa3e9c43190,0,0,0,2015-02-12 14:04:23,8,214,1.0479,222,47,15,1,61,14,11456.0314,49,139.0247,46227
843,97acfb091732369e935fd4bab20080b36f7396f7,0,0,0,2015-02-12 19:19:25,38,33,2.5884,71,36,14,4,265,7,78487.465,231,224.4345,1388
857,c14a7d51e601b40cd0be03576dfcb9dba5a0abe9,0,0,0,2015-02-13 10:10:02,1006,813,1.6569,1819,5,2,2,2126,86,51087.0474,177,76.1495,54302
834,2a167ea21ea1db1903ccdf01172eb55c39b4f506,0,0,0,2015-02-13 10:47:00,2606,1775,0.804,4381,51,23,1,103,13,84194.0,227,74.7316,345
846,e3c01862881362bba2b39ec01fe25e4945eafa36,0,1,0,2015-02-15 19:06:29,0,132,0.0,132,11,1,3,83,14,42624.0511,2862,1267.3333,54302
855,2f7077c06ccbd5e8e7259c6891fe98d83ec3359d,0,1,1,2015-02-17 15:20:35,9,923,1.5379,932,3,4,2,0,82,44881.4453,196,119.1854,56165
861,7f10cbd8ad7b4ea1f7471084eeb935fe911845bb,0,1,1,2015-02-17 16:25:53,614,7,0.6045,621,8,2,2,2119,85,6350.268,2862,70.0024,54302
822,48563e0be186dbeca2933f874d0030d7671d02ab,0,0,0,2015-02-17 22:55:06,13,54,2.0,67,1,1,1,147,14,11064.673,2778,564.9264,18
849,2732752bebc38ec5a3df7f032284ca6c6c82ece5,0,1,0,2015-02-18 18:39:12,326,25,2.0907,351,10,3,2,76,23,48975.8268,2862,1267.3333,63004
856,c86fc854f55d8deed5773a5e6231464ffa4f54c3,0,0,0,2015-02-18 21:02:06,1955,724,4.2625,2679,4,10,1,58,14,19516.1794,29,36.8731,284
859,6db2a2e8a25751fceaf1fc6e48b2095fa93e991f,0,0,0,2015-02-19 11:51:16,63,13,0.1641,76,18,1,2,2170,81,67817.4132,243,1267.3333,54302
862,36dc512ad4771b8e85c1e095822455012f75e1ee,0,1,1,2015-02-19 12:10:45,951,31,0.5802,982,35,2,2,2176,87,18239.3624,119,104.9802,367
858,6065f2c8a79ccbd2b203929dda7237af1ca80402,0,0,0,2015-02-19 12:13:14,11,0,0.7877,11,3,1,1,0,0,41775.218,37,67.2866,46227
844,dfd695c14b64abc50eb38859f43bd55691207ae9,0,0,0,2015-02-19 12:24:59,234,66,1.7576,300,9,5,4,2162,88,47432.6154,195,49.1731,58042
867,18d8f26ddd556d6b689a7460053c1518a86d7288,0,1,0,2015-02-19 12:34:27,136,213,3.0428,349,22,10,4,2421,84,45309.6827,2862,61.5884,62439
864,3e43ea46e86228e9132859c29f38d41241f1f5a9,0,1,0,2015-02-19 14:29:14,88,31,0.3453,119,2,2,2,130,23,33212.4104,263,178.3694,55122
854,766d8c01033bfe0f1f9713e129fe07d157874fec,0,0,0,2015-02-24 14:10:25,2421,18,3.9473,2439,2,2,1,2211,3,46441.3827,118,98.7779,377
860,649a5cd12fc1797c03aab3da42a6775e39ad69a3,0,1,0,2015-02-26 18:30:26,4,6,0.0238,10,2,10,1,53,13,76483.2114,600,208.6424,2113
874,66a5d3bbe4b05c2bc615257d48e0736d55f22b4e,0,0,0,2015-02-26 23:56:31,331,306,0.7374,637,9,7,5,0,86,35023.7677,28,28.9118,302
865,b3c4c0a2a7050711e4b50c44c50f4ea2928523ff,0,0,0,2015-02-27 07:34:00,12,8,0.0697,20,13,7,1,41,15,27060.6538,305,236.2313,3570
868,aa7c7362a94dd3da81ff521589cd2e6f998ae4c1,0,0,0,2015-02-27 07:44:00,264,2191,2.0,2455,1,1,1,629,1,65830.2577,450,177.1903,882
852,7310c054f29e80a124a105320a165e465e3bd124,0,0,0,2015-03-03 08:39:44,76,27,0.0923,103,58,1,7,2376,89,67760.8985,33,36.7608,242
850,33279dd8c567ce6bcc6fa1c60b1304708a880abc,0,0,0,2015-03-03 08:44:18,5,2191,0.0186,2196,4,1,1,8,2,85937.0,2862,25.7126,46227
871,f6d0cf395fe33bc3d13af75d5a34cbf1a9017276,0,0,0,2015-03-03 10:49:08,42,467,0.7639,509,7,4,5,2117,89,46057.552,121,67.4344,570
863,fb67c41ad7faeff7a5f33e9e0bca6493a3febe89,0,1,1,2015-03-03 11:00:57,169,47,1.8309,216,4,4,3,2143,54,14987.385,2862,52.7595,58607
869,d201a2518a9dfd0aa4fca43c919a7a99cfb46412,0,0,0,2015-03-03 20:30:11,4,4,0.0,8,1,1,1,43,22,63030.0,1,1.0,1
882,b32ce687e713de8d8535b0607c9edd9b55a7b6aa,0,1,0,2015-03-03 23:58:48,593,3317,2.0197,3910,12,7,3,2463,2,40425.5956,2862,1267.3333,58042
875,9499f7cb98f678b6dde0c24ce87c39bc13b24ac5,0,1,0,2015-03-04 02:50:23,129,1,1.1997,130,5,4,2,188,21,39567.3964,543,270.7333,5705
866,3f8806d233e556ae224472b3a058c2ec71468b9a,0,0,0,2015-03-04 03:04:24,264,22,0.0251,286,1,1,1,32,6,14197.1506,373,213.3202,2318
887,3c3fefa04f027a1ecbede1d41c1bf3df25218a5d,0,1,1,2015-03-04 14:59:16,277,54,2.17,331,10,7,3,2622,89,61026.9502,208,54.5026,3906
872,f3c0e11e2ddb0b0666e7723a3fca005707b778ea,0,1,1,2015-03-04 15:07:32,481,146,2.7119,627,10,7,3,2064,89,40439.809,12,18.1491,2507
881,034e0179b8da63e74e871030387948dd861beba6,0,0,0,2015-03-04 15:30:39,614,3,1.1998,617,3,2,3,2177,15,25075.2187,63,136.7228,1474
885,ec7fba44e613815c472e6cd2744058ba324df056,0,1,1,2015-03-04 16:06:37,1507,4063,1.4106,5570,7,6,3,2666,91,10014.0482,2862,161.9787,62439
884,a1e2978f9f6d2e9a318f44a5b6c625659b86efe8,0,1,0,2015-03-04 16:27:30,182,31,0.7875,213,6,3,2,2957,19,26773.6853,118,104.2997,491
876,7376f42fc183bde6a03f1d94e04556d90ef6e525,0,1,0,2015-03-04 17:08:16,31,12,1.0,43,2,2,1,2371,10,6826.0282,2862,182.3077,2880
880,213b06695775718ebcecd738c95107f5be7b026f,0,0,0,2015-03-04 21:28:30,7,2191,0.0303,2198,4,1,1,629,2,28213.982,2862,8.517,716
883,4176f9e78cd4d8c64ad791cf97b32b0a86448874,0,0,0,2015-03-04 21:36:33,144,0,0.0,144,1,3,1,17,1,86281.0,88,47.1229,49967
879,0d2ec11c7e0abfb84d872289af6d3ac386cf381f,0,1,0,2015-03-05 09:53:56,218,141,2.4816,359,13,10,6,2433,80,49789.243,2862,187.3425,418
870,e56d9efb7c18138fac9059207568598bbb964eb9,0,0,0,2015-03-05 16:37:53,139,8,1.7395,147,9,5,3,2413,85,66925.1478,60,1267.3333,1769
889,90a012a1fe29edbb70de30d5f683e10cc27e1602,0,1,1,2015-03-05 18:25:03,1,0,1.3782,1,5,5,3,2487,78,40941.1884,56,13.2806,253
877,4ce409e33ffce7b0976d95b66b0a43c68f2a7d88,0,0,0,2015-03-05 20:07:14,76,76,0.109,152,2,2,1,103,12,2131.7514,227,128.4937,335
891,e8fbfc0822db4f7635549e5f6c45e103562d0c0c,0,0,0,2015-03-05 23:24:10,53,15,0.939,68,3,7,2,2123,88,31631.4679,51,15.2694,677
899,a1b574e52e363e1f9cf46496d4acc5bcd3436d96,0,0,0,2015-03-06 05:52:51,78,724,1.7212,802,3,3,2,2095,86,28619.4842,391,23.9091,120
888,fd0bdef5abb9c7fb4318b7c4c989cb90d352a19b,0,1,0,2015-03-06 16:34:28,65,7658,3.6739,7723,23,10,9,2603,85,42954.4062,77,50.8607,214
896,107545b3929c32c61e7d00c6ca448c10046db792,0,1,0,2015-03-09 17:20:28,693,1672,3.1164,2365,23,1,7,2461,0,49733.8834,2,14.3877,4
892,9ee34b6e656428299a98eb2f1403b2246be3190f,0,0,1,2015-03-09 17:33:57,562,1672,0.3271,2234,4,14,1,814,24,78100.7996,2,18.8977,160
890,d6ea0ff1f1c01390a4240ddfbbfb5c5b63ee4260,0,0,0,2015-03-10 03:18:27,717,451,0.9118,1168,3,12,2,2030,83,36002.1596,2862,1267.3333,58607
895,24915cd48e9e13d99df4d08610e382d3c424dd35,0,1,1,2015-03-10 11:38:05,11,113,2.0,124,1,1,1,0,0,67545.8098,2862,1267.3333,46227
902,6d266253a5bdaf3a25eef14e54deb56aba9b2944,0,0,0,2015-03-10 12:43:52,419,436,1.6072,855,4,3,3,2115,84,47079.8317,83,93.9926,574
898,bf9c5031301ef9ad310d5bb01142b5a67ce7f415,0,1,0,2015-03-10 13:54:36,27,30,2.3257,57,7,4,2,2016,54,47318.8866,22,67.2284,58607
906,6bbfb5574e0487d490eb5872c70853c4c56d2940,0,1,0,2015-03-10 14:19:23,286,7658,3.4837,7944,21,4,9,2603,84,23446.6917,164,77.1403,516
878,b7563f823ed5cacd553721016ab4609e85685afd,0,0,0,2015-03-10 17:12:31,184,573,0.9418,757,8,1,2,2068,89,67861.1905,373,239.573,6338
893,97d65d6d3689ef3fd47d760004377486ad00d631,0,0,0,2015-03-10 17:13:46,85,60,0.2615,145,3,11,1,2957,5,3807.2244,123,99.7116,152
901,69542a99c670bd5619e3b3c271512635dc7f9b76,0,1,0,2015-03-10 17:18:05,279,19,3.0785,298,22,12,2,1397,51,47768.4295,135,1267.3333,2518
903,dca37a612cfba1b0eae07a5dd4f16a37407a2a51,0,1,0,2015-03-10 22:35:25,515,69,2.713,584,16,8,4,2256,88,39565.3702,70,37.977,94
905,be13d35b2a2ea1626800aa6653f26f9d25edc605,0,0,0,2015-03-11 05:50:15,251,185,1.5489,436,10,13,1,1099,19,16264.5013,415,204.484,2016
911,2f3fd416fa3b2d254a479f6339993713efdbcc16,0,1,0,2015-03-11 09:43:42,504,41,2.2846,545,13,7,5,2175,80,28277.349,2862,1267.3333,54540
900,699b57523b31e93fd0d0ed6fd580ae8b052c248b,0,1,0,2015-03-11 11:03:55,124,128,0.0,252,1,1,1,51,2,7.0,879,132.6816,4310
910,77c66bf9f50228306d4bf76bb2721c731875f261,0,0,0,2015-03-11 16:14:59,111,159,1.4958,270,3,2,2,2201,88,39746.9291,247,3.3282,54
919,bc7941c9da7ad17fdf4793de411541876a1248ff,0,1,0,2015-03-11 16:43:04,387,213,2.6715,600,15,8,3,2051,82,41378.203,197,1267.3333,2042
924,4646014851b42327402d51f7bc5edab0d2c22a8d,0,0,1,2015-03-11 16:47:08,18,9,0.8857,27,2,12,2,2033,84,41208.8308,104,47.3504,58607
904,cbd4de8f51cf0da1579abcd8d93803c4e8845024,0,0,0,2015-03-12 12:26:03,181,288,0.2544,469,48,2,1,31,13,81506.0754,122,97.7795,365
920,c059a56890dd7b9aca0addca75a05bcce6b65a77,0,1,0,2015-03-12 16:40:22,276,218,2.8923,494,20,8,4,70,54,43474.5622,2862,109.1878,58607
915,5fd4a01165586f1c4e273e08595238bd1bc2d5ea,0,1,1,2015-03-13 09:45:23,31,2,1.0756,33,6,5,3,534,22,21339.5,1,1.0,6
907,d97e7cb69ebe8794adeb5be00b58a1b828bffd26,0,1,1,2015-03-13 18:01:04,1278,16,0.2191,1294,8,2,2,2130,86,41294.2546,79,1267.3333,54302
912,d919cc998e80eacec09ba374ee0b92248eb8bad1,0,1,0,2015-03-13 23:32:30,147,25,1.5968,172,5,2,4,557,25,33346.5146,737,153.0331,4237
917,fd67615be32daa559b4b7d16ad12300494eda389,0,0,0,2015-03-17 02:29:39,281,85,1.2491,366,35,4,1,327,19,30100.1081,384,33.0,80
908,c9a6d7ce05ff75412d5f40c740b33b33a7e813a0,0,0,0,2015-03-17 13:39:33,70,40,3.1147,110,2,1,3,227,85,4631.0,551,289.5657,58042
927,89cdfd8e075d8883d776d7f881735f1c25e3cb54,0,1,1,2015-03-17 18:27:54,307,113,1.2987,420,7,4,4,2457,85,30819.2958,2862,1267.3333,58607
916,642546abac7527b640e228cdeb1993c53fc71582,0,1,0,2015-03-17 20:10:21,43,204,1.7374,247,8,6,3,676,37,21872.0989,381,17.7131,56165
922,4a4f83334265b1c2200e818b3439c146e77d46be,0,0,0,2015-03-18 01:10:23,12,6,3.519,18,13,1,5,108,90,30874.9811,507,258.4495,3648
897,5a09483df399b9e498e30624d0e3227fb60d7fa1,0,0,0,2015-03-18 01:16:49,34,78,0.8113,112,2,2,1,2055,15,59163.4516,527,267.3079,369
918,201004d9a62307af1a0a419caadbfe99d8b72c66,0,0,0,2015-03-18 02:24:33,59,6520,3.4698,6579,3,2,2,183,18,48877.6238,309,235.8136,1090
923,3608bd2494a82ede56471f1cbe5356f90d0a95d1,0,0,0,2015-03-18 02:34:13,264,2191,2.0,2455,1,1,1,14,8,43251.4631,420,191.5674,1556
925,593886a12062429d752e58a27baba4fb6ba7ac76,0,0,0,2015-03-18 02:39:26,63,122,1.4482,185,2,1,1,1,18,28223.2683,46,369.0999,54302
935,21bdf8700601f8150e8c13e0b4f71e061822c802,0,0,0,2015-03-18 10:10:31,1071,996,2.729,2067,13,8,4,137,91,49040.6459,2862,32.4986,1479
936,828496492c51d7437b690999205ecc941f41a0a9,0,1,0,2015-03-18 10:37:28,1393,724,2.1989,2117,5,6,3,0,88,41163.5276,391,24.0866,252
926,144644bbf77a546c45db384e2dbc18e13f65c9ce,0,1,0,2015-03-18 10:44:22,285,140,2.8564,425,8,5,2,2175,0,43606.0849,2862,60.8135,1750
931,7bef6f93aea3a6897b53e909688f5948c018ccdf,0,0,0,2015-03-18 10:54:05,44,12,0.1619,56,2,12,3,8,7,5646.54,268,61.471,2012
929,572ef50dd11fcb501ebe46f1dde6656e42cb96bb,0,0,0,2015-03-18 11:02:35,329,97,1.8299,426,5,5,3,1933,91,65221.1376,118,100.5595,532
932,f36fe9fb18b37656dbffd4f136edb31dc3abc45e,0,0,0,2015-03-18 15:58:44,611,206,2.8246,817,12,1,1,186,8,20943.0739,293,154.6639,2323
938,690fbf3ba90cee726eb58ed1f69700d178993f75,0,1,0,2015-03-18 17:18:28,314,28,2.4955,342,13,6,3,2440,86,38007.6329,269,106.5428,58042
934,b06218011ecb7db15e765f0185c5ec000ba2233c,0,0,0,2015-03-18 19:26:28,291,344,0.6643,635,2,3,2,126,18,22214.8945,2862,175.1998,54302
921,9b9dda6bbbabeab2ce235a3f261e995ed0683e15,0,0,0,2015-03-18 19:39:11,637,20,3.688,657,39,2,1,2222,6,26700.4646,219,28.4111,2893
933,1279009e0e29267d8fc3300071034e2ede6065ca,0,0,0,2015-03-19 02:37:52,3,6,0.0,9,1,1,1,2,2,36872.2858,387,207.3463,1802
942,e8276aa539ae618a41acb8b0250886e773b73ef3,0,0,0,2015-03-19 20:09:29,2,211,1.2923,213,10,3,3,2212,86,8473.4311,199,57.5727,58332
511,b11fba750c610de5e97acba070cc571cf0a96416,0,1,0,2015-03-20 00:02:39,1250,198,2.143,1448,14,12,3,2128,0,33788.9807,17,13.5984,170
940,86b04ad0d4682bc49bd294d4d598d131f4da1158,0,0,0,2015-03-20 01:12:25,344,214,4.4362,558,47,15,1,60,10,34933.7312,444,169.401,2929
928,b7d0238f6765638f18e00fdd8f5fc49df63b9d17,0,0,0,2015-03-21 00:15:06,31,118,0.8169,149,8,3,3,2055,7,57917.8397,572,131.8829,3409
939,c6ba2beddc5a7170ee449b43ce4a41a14f312791,0,1,1,2015-03-22 11:14:08,248,203,1.081,451,3,2,2,2038,4,42346.4586,246,181.0,1370
952,540e9cf75243888f878760d5488dda3a0bcfdc86,0,1,0,2015-03-23 15:15:52,1066,298,2.9471,1364,17,9,3,2729,82,61536.2646,17,16.0362,180
955,a672097db4cdddc78baa16de6990c45bfc2e25aa,0,1,0,2015-03-23 17:44:30,126,53,0.0504,179,9,5,4,2245,83,41625.0771,101,68.0324,191
953,789aa72e56b3bbb8811c96f82ec96a10207b8a0e,0,1,0,2015-03-24 11:02:08,473,451,2.3608,924,16,7,4,2100,81,67168.87,234,156.5699,3696
951,bf1ea024d50dc0243bb8cec2a23b01a709b4e705,0,0,0,2015-03-24 13:14:18,6,20,0.0195,26,15,3,2,3,75,10642.6127,2862,146.8055,58042
948,6b979f31912e2e823bc22511dc3a5746d05f276e,0,0,0,2015-03-24 13:42:48,873,233,2.3504,1106,11,5,1,1198,86,84019.8356,229,74.3722,1569
944,9ff82706f206d135b1795bf84cbcab23915617f4,0,0,0,2015-03-24 18:19:45,119,11,0.6254,130,4,3,3,2169,89,2430.0571,2862,70.0994,58332
946,507a36305481c9dff8f4784626d34a871faa5106,0,0,0,2015-03-24 18:24:16,6,5,1.7863,11,1,1,1,17,13,3558.8284,152,79.474,54302
949,469764412706af185d8b2bece5c6d985d67c3ef7,0,0,0,2015-03-24 18:54:34,602,14,0.7379,616,3,2,1,197,21,56988.1677,57,36.9029,155
943,e5b5a91fb6148010c31337cb074c37ec8fff2438,0,1,0,2015-03-24 20:27:45,383,31,2.455,414,11,5,3,2698,6,20180.3444,20,15.2552,63004
963,44f8254df850f17d0c9c940d69af7a2305beb4b0,0,1,0,2015-03-24 23:42:30,1304,624,3.0096,1928,33,12,5,2677,89,47235.1232,184,1267.3333,60700
947,8a03181dd58c02f4297f4918c7fdc80da5f63fb3,0,1,0,2015-03-25 10:35:05,1006,813,2.7606,1819,8,5,2,746,29,48172.164,2862,138.7585,6332
937,7c98030a7d4551780377cfa6b3442868b62b4b20,0,0,0,2015-03-25 14:32:57,327,84,0.0,411,2,2,1,2046,86,38049.6356,719,192.6154,2857
958,2433068c157cd21d4217c98ec5c0b9a2c07e288d,0,1,0,2015-03-25 16:04:09,245,2269,2.435,2514,90,5,7,2084,88,47049.3352,192,1267.3333,4885
230,c041ea8b3748089937168839791a6d64382b34de,0,1,0,2015-03-25 16:27:50,2606,161,2.5923,2767,13,8,7,2035,0,4300.4875,191,84.1059,206
229,922a2c49b6de281c95b0ef05481c076bf2abd077,0,1,1,2015-03-26 16:19:16,88,0,1.8505,88,6,4,3,2242,83,45948.3908,2862,1267.3333,58042
950,6ee4b0989d9a3ae3e704918622024fa57fdf63e7,0,0,0,2015-03-26 17:19:38,337,1672,0.1882,2009,45,2,8,2957,3,84861.0,11,9.3448,31
227,1b1acae9afbd6faf2f628d5ae7ba0763aaac1e86,0,0,0,2015-03-26 18:22:09,5,813,0.343,818,12,7,2,2044,83,44431.3098,18,62.5486,1154
231,bd4842410e73574dff8f3a51bd95e414f76ed506,0,1,1,2015-03-26 18:58:46,680,7658,0.7576,8338,23,10,2,2116,89,76109.0,59,311.2,270
236,7ff25f0df55bf492e741730473b94bcba8ac6c0b,0,1,0,2015-03-26 22:36:19,139,1,1.2977,140,8,3,3,2120,86,44841.4649,2862,9.8019,58042
228,b66092f904c380d943f75b2a7cef033929631309,0,0,0,2015-03-26 22:58:57,1955,54,0.1955,2009,5,2,1,2376,4,85674.0,34,19.0,2310
233,f7856c225857e8bb975289f46e2b9b001888ea0c,0,0,0,2015-03-27 15:00:37,12,764,4.5752,776,4,10,3,118,4,72655.6946,201,97.9601,2142
237,9c482fdcf5be36167d60843f6360b3c64c04f0c8,0,0,0,2015-03-27 18:24:23,30,440,4.4337,470,2,13,1,2406,6,55382.2615,6,1267.3333,1088
226,4e7fbfe6d31fbcfc2975f62827ad967234c49d2c,0,0,0,2015-03-27 21:30:45,52,83,0.2369,135,35,11,4,217,13,17739.1022,102,105.0,182
738,102f59c64925f23a3db8a34090f976e28ec04113,0,0,0,2015-03-28 11:19:00,14,8,0.084,22,1,4,2,27,9,55653.8662,2862,69.2175,2528
225,d3258f6152eda3be4cba0a021ea34fcb34b7a569,0,0,0,2015-03-29 15:17:56,717,22,0.7126,739,3,12,2,2134,83,49741.86,2862,1267.3333,58607
930,7ea642c89c124f0515754ceb8a163370e8d74578,0,0,0,2015-03-30 00:35:24,3,8,0.0,11,1,1,1,1533,4,75462.8154,429,187.9339,2798
238,ce643ff99f57784577f2067f2ae4c95d3a02ecff,0,0,0,2015-03-30 00:46:04,152,868,0.2054,1020,22,6,3,49,16,23640.7078,189,298.0341,54302
263,ff5ed7a03f7b9968c0156b05226af67882e5670e,0,1,0,2015-03-30 14:18:26,140,452,2.1976,592,11,4,2,2442,81,64150.4813,410,158.3422,5385
245,f6217ae198861d95225f6201dceae679b3304cc0,0,1,0,2015-03-31 08:40:34,0,79,3.2579,79,15,1,4,1851,3,60805.7831,48,30.1649,6
244,1e09482a38cbd9bcf4d056781332f8d6e84a624b,0,0,1,2015-03-31 08:48:43,40,5,0.7557,45,3,2,2,2395,82,81536.0,43,39.7279,351
234,2cf4ca3a94ff972b422f1be1a2d601d07ff31a12,0,1,1,2015-03-31 09:05:40,7,4,0.8189,11,12,7,2,2111,84,24306.2785,112,65.6798,514
243,f7116c91b237d920249e5bcae653b47631f206c9,0,0,0,2015-03-31 10:41:27,516,211,1.0131,727,10,3,3,1999,82,37933.5536,2862,36.4567,2092
253,2d7909dc12dc038a65742ca03d375140c5257158,0,1,0,2015-03-31 13:53:33,0,8,0.0,8,1,1,1,0,82,69740.0348,2862,1267.3333,11068
264,963dd54b71bdcac29c484d89a826773a3f090496,0,0,0,2015-03-31 15:20:39,59,15,2.6388,74,3,2,1,331,36,78932.7269,734,219.2509,3316
235,88b2f383268467cb1756edad0ec50c5bead802a4,0,0,1,2015-03-31 16:17:15,160,159,0.1257,319,3,3,3,2092,88,26243.3604,23,14.1945,226
258,16499ca9b0080ea4d3c4ed3bc55c753bacc3c24e,0,1,0,2015-03-31 16:28:15,2243,836,2.9532,3079,49,28,4,137,88,29203.862,522,160.5275,9220
250,8b3221a8fcdcafc78e4cee908768b9f8612df31e,0,1,0,2015-03-31 16:32:18,241,902,1.3303,1143,9,6,3,2051,87,40717.5864,17,154.0129,58042
242,ec958f05e493d6b59ada4e71572466baeb7b1467,0,0,0,2015-03-31 16:54:54,1955,724,1.3748,2679,5,4,2,2218,86,9680.7403,72,19.0,95
256,0352a15a318e8121f8ec977d28379961a9aec387,0,1,0,2015-03-31 21:21:43,486,150,0.8141,636,4,3,2,2228,6,31074.4319,2862,81.0016,1990
246,e4b158f6ad2d9f59a06d722bc97a3d423486e298,0,0,0,2015-04-01 03:32:05,6,12,1.4482,18,1,2,2,1,2,37360.1549,612,253.6938,6608
251,7f0a8542d684d3bd9b597b5eab332355315c4942,0,0,0,2015-04-01 03:53:31,130,2,0.0,132,1,1,1,257,19,26057.1409,344,161.7578,214
241,3d0c4e78c6bb3f8767aa0720b7de579908e2bf59,0,1,0,2015-04-01 10:26:00,122,902,0.8217,1024,58,2,3,2198,80,54531.2965,2862,52.5933,2600
259,0ba5f2721b8d6b57592532654d8533acb9964807,0,0,0,2015-04-01 11:14:40,37,813,0.9998,850,12,2,2,2576,2,82142.5,270,96.695,2910
249,82a526863b03f533318cfe00d74508cd3da235f3,0,0,0,2015-04-01 12:57:43,1032,77,0.1847,1109,11,6,1,31,3,65857.5214,293,178.6003,55097
255,e617d84616893c974e6132f9dab7748645466632,0,0,0,2015-04-01 14:55:02,4,3,0.0,7,1,3,1,20,5,6376.1614,132,93.5715,743
269,cc672f36158c2dee3abad1fa6f51488f14ffb902,0,1,1,2015-04-01 17:13:52,52,13,1.0262,65,58,3,3,2152,85,25340.2046,55,1267.3333,58042
247,30f3899f212a499f22a54426c67790f9d84d422a,0,0,0,2015-04-01 22:44:25,155,0,0.0327,155,7,3,3,85,15,4211.1363,328,232.3029,923
257,0655217ea5168c01c1a829321906f3e8630cee64,0,0,0,2015-04-02 00:57:21,82,364,0.3509,446,27,10,6,126,90,40011.5471,128,311.1778,8173
765,86f51fd4f042851b03f5bf602477de84d92a3172,0,0,0,2015-04-02 05:04:01,264,2191,2.0,2455,1,1,1,629,6,32733.3289,425,183.6882,1307
252,1dff098e4c6d42b80ee05c7a444127752f112d08,0,1,1,2015-04-02 15:08:10,1031,4,4.7732,1035,1,1,7,126,23,72279.0,177,78.7463,436
261,868457de21388f224f7c0e871f1fa4aa7a9f7146,0,0,0,2015-04-03 04:30:56,2,0,0.0,2,4,3,1,50,9,29526.8854,370,219.2376,1581
265,c2ecfe7b7bffbced652b4da9dcf4ca263d345695,0,1,0,2015-04-03 11:29:17,1,38,1.4242,39,5,7,2,345,23,51008.7005,391,22.1037,252
276,345455dee2b154e5a9b10a7a615bcc0c7092775d,0,1,0,2015-04-03 11:53:45,37,26,0.2215,63,1,2,2,2127,81,32812.1207,121,104.3039,408
254,7f161667dfd7f12190442adf7b010111e0a42cd6,0,0,0,2015-04-03 21:57:59,65,59,0.3277,124,3,1,5,106,13,63535.7515,106,44.5415,59248
266,5bffaf850ca3e978baaa8664acc65612d7460d3f,0,0,0,2015-04-03 22:27:10,295,37,1.199,332,58,2,2,2376,89,80383.4508,391,24.0174,285
270,bade5cfd931de938cbda0674f3fde524f3850fdb,0,0,0,2015-04-03 22:27:10,576,2,1.1877,578,2,2,1,0,0,1598.0,315,219.0138,46227
232,ba71c4707fb315493deef3e63b49d56776bd8677,0,1,0,2015-04-04 10:55:56,54,1775,4.2176,1829,51,23,8,69,7,110.0,175,83.1431,337
268,70b51ff327ec5d984f14e5fdb7862ed50dcd92b4,0,0,0,2015-04-06 17:20:47,344,214,0.1359,558,47,2,1,1356,59,34599.8942,2862,71.7673,1458
278,b449126fee2fd6a9a927846b2b2a4f89222b78b7,0,0,0,2015-04-06 21:00:00,143,319,0.5608,462,1,2,2,60,86,84299.899,130,1267.3333,2748
273,a6549440f30997273f0b1a073b1493684715c43b,0,0,0,2015-04-06 21:00:00,3984,28,0.637,4012,29,2,2,70,5,3963.5,141,56.5473,54302
260,944e3be4e34a4f9ee160e5f41275f1ad65b81fcb,0,1,1,2015-04-06 22:33:33,1031,12,0.977,1043,4,2,1,2807,9,17498.0151,205,39.7592,440
274,77b5da7cc5fa93a8a0c64ee2dae1cd4ae8fe9764,0,0,0,2015-04-06 23:01:16,4,1,0.0,5,4,3,1,16,4,8283.2653,57,14.9538,397
279,8ec1da211830762ebf571f12d9cbd505d2a1fada,0,0,0,2015-04-06 23:01:16,1955,3,0.0171,1958,58,10,1,16,3,7008.3976,25,22.8891,33
286,1caa4f942662cd49609e86e2cd747421a9d71700,0,0,0,2015-04-07 14:33:57,13,214,0.0964,227,47,1,1,23,12,64807.6581,2862,1267.3333,1721
277,b24bd08616ed4b0395af5d96f27f378202bef0ee,0,0,0,2015-04-07 16:20:00,327,5,0.9436,332,2,1,1,1999,87,53503.657,89,80.5109,1916
281,59ba098d29fd492a715b7b5c13e6be17cebd33d9,0,0,0,2015-04-07 18:01:23,145,132,5.0472,277,5,17,5,145,15,85412.0,231,56.3648,562
285,866afef295df84030a2bd6ba8a002bd1e5a8fdf6,0,0,0,2015-04-08 04:43:52,3,66,1.7863,69,7,3,1,23,11,24624.6702,451,185.4465,2802
292,8fc61eb5e9c2079fa00faaec9b846d92dbfec43f,0,1,1,2015-04-08 11:38:22,33,6,0.8341,39,5,4,2,2457,83,21370.8678,62,131.1192,394
284,4b43684ac0391a4b07e884da1c24f65dec6cd933,0,0,1,2015-04-08 18:09:14,938,923,0.7901,1861,4,2,2,2152,82,43047.1135,175,1267.3333,2827
287,2f6d416339864e336945474bbb44c90b60ea29bc,0,0,0,2015-04-09 11:09:46,6988,154,0.5013,7142,5,3,8,196,91,64403.2707,24,22.0862,31
248,def4835e6b7de2b6523e2f69f53d9070e4a54a6c,0,0,0,2015-04-09 13:14:30,769,9,0.4924,778,2,2,3,219,25,75492.4958,2862,1087.0833,58042
283,d908bf431af7abe68aa69e6fd0ab50e30f01e607,0,1,1,2015-04-09 20:05:45,138,37,0.3768,175,8,2,2,10,16,45521.4196,2862,47.9574,2209
288,958166766558e9df367fadfc2331d2d7d3b34bd8,0,0,0,2015-04-10 03:29:59,4,214,0.0552,218,47,1,1,1356,5,8100.4371,368,193.2673,1259
291,d19a6af6674c883721cbc966757027edda26bcc3,0,1,1,2015-04-10 12:30:55,938,923,0.4515,1861,1,2,2,2229,81,44730.3066,161,99.7055,56165
289,c5b02422e00aa0015d9dc399bf5ec71555b38a56,0,1,0,2015-04-10 18:07:33,185,40,0.8118,225,7,3,2,2464,85,61688.8904,2862,1267.3333,3166
271,afd6cf2cbbb549c4672a2a6d987745bfaecbc0d7,0,0,0,2015-04-13 04:04:22,3100,84,3.9267,3184,4,14,1,1329,53,67160.1727,281,191.145,1720
290,ac46747f84e62f6c9cbad0fb2e67a0eb95f43b01,0,0,0,2015-04-14 17:19:53,1278,30,0.2619,1308,2,2,2,2638,2,81201.5476,683,160.5638,3632
297,f59df2893b66b3a8715b9792679e51815982a542,0,1,0,2015-04-14 17:27:00,1160,950,0.9934,2110,2,4,2,0,77,16239.2666,2862,623.9889,45870
308,cb5897f3cb425334e693773fc88988de944fe247,0,1,0,2015-04-14 17:45:52,0,268,2.9503,268,1,9,1,1873,72,54939.5,387,143.7749,56576
295,d26bfe9a4dd50f1f6f949b4ef114b45640001fbe,0,0,0,2015-04-14 20:57:55,582,31,0.1153,613,1,3,2,15,6,85642.0,2862,1267.3333,54302
282,700e3279e68c9c72d50e821a855cae38b5e5b169,0,0,0,2015-04-14 23:13:53,6,184,0.0,190,1,1,1,10,37,71285.8392,462,235.2449,443
294,b38a6683f97abeef64cee8f45e05c90e1db2e8df,0,0,0,2015-04-15 01:43:53,264,51,0.0385,315,4,1,1,19,8,33956.2399,358,230.9313,2637
300,e502fe5b1bf2020936197ed1953f9e3023c7d85a,0,0,0,2015-04-15 04:02:57,1,2,0.0,3,1,1,1,1533,2,45169.4503,351,189.2289,1210
315,b2c62bb20be52a698a5683ef8ffcdefe560dbc9a,0,1,1,2015-04-15 14:30:12,86,269,1.217,355,7,3,2,2453,3,46294.3491,486,149.9424,5601
299,84b28460da99b583561a8308b263e174f4fa9e2b,0,0,0,2015-04-15 14:35:40,19,46,0.2146,65,2,4,3,176,11,76394.0,535,174.7019,3640
305,543a89909be849c4ff1ca38d435a246d87be2c50,0,0,0,2015-04-15 15:11:52,6,54,1.9219,60,1,1,1,277,17,2243.4025,784,261.7969,55097
307,e3e2de0c439b2ae10e2f95074926f74b834c75a3,0,0,0,2015-04-15 15:11:52,878,18,0.0641,896,36,14,1,125,10,3814.6807,605,211.7826,1673
324,8e1bdf3e8eedc33045ca577b0e5a69446429353c,0,0,0,2015-04-15 15:14:19,50,243,0.4233,293,14,2,3,157,7,26374.6299,734,240.8157,653
303,a64bc43f8da05114fa1d9e9c6409e82361d659f0,0,0,0,2015-04-15 15:39:37,264,42,0.0443,306,1,1,1,175,13,75.5352,543,193.9254,1047
313,b325316f58a4df07d8037b179fe53c03f97dfd2e,0,1,0,2015-04-15 18:22:21,45,214,1.6739,259,4,4,3,2297,85,45775.7829,2862,33.7388,58607
302,67b7c3a394453303e7b4a95988c17a4a9fd0a723,0,0,0,2015-04-15 22:47:10,19,5,0.1232,24,2,9,1,82,13,15914.2459,57,37.2807,9
275,9bbcbf5052286b84e2a6acaf677c992f30bc1182,0,0,0,2015-04-15 22:47:10,6,1,0.0,7,4,3,2,4,11,17336.5555,109,22.8454,49967
309,9bba842c1c50bf944f449d2662a54284b4d5f74b,0,0,0,2015-04-17 06:03:00,51,163,2.9601,214,4,2,3,471,35,41371.329,513,171.4763,1882
317,5d88ff4e41210f95d0e3e53ded779765b0136c2a,0,0,1,2015-04-17 14:47:33,2647,1498,0.6545,4145,66,3,2,2042,88,47716.4184,127,62.2858,58042
296,724384ab05e4a6bf3cacb1732641968d37e8c391,0,0,0,2015-04-17 16:23:46,1020,23,0.1364,1043,3,12,1,8,7,55761.9001,20,678.1055,49482
310,11dfc025305113f5cfeac4151fb72cee2e6f83f9,0,0,0,2015-04-17 17:48:28,655,58,1.2691,713,5,2,1,2342,91,51850.9582,2862,648.2903,11597
318,54140bfde562361562489879f720e78e0ea0eac7,0,0,0,2015-04-17 22:36:55,717,1,0.8683,718,32,12,2,2072,54,7117.7873,569,198.6859,732
311,738229bd7900b21a83ea322b1e394b8c20c0b82f,0,0,0,2015-04-17 23:42:38,20,93,0.1222,113,2,1,1,2412,0,86351.0,613,224.2363,1600
304,57b5578396bec8d54eea0b9d051125f5b9873880,0,0,0,2015-04-18 18:23:38,1,50,0.0,51,1,3,2,46,9,77557.2025,370,187.7518,1211
322,bf51f24a6ffd01f330a6251e3a62ad32a1f31b9a,0,1,0,2015-04-20 13:02:29,545,301,1.1136,846,6,3,2,2230,84,41081.0301,289,142.2656,4962
326,48f644686b48357354f16c74b02b6d2c450a8c2d,0,1,0,2015-04-20 13:28:09,18,58,3.2491,76,26,10,4,2054,18,67030.5,3,1.0,2
323,1fab7b785dc5e440a773828ff17e927a1f3c2e5f,0,0,0,2015-04-20 16:12:39,210,98,3.3247,308,15,11,5,429,20,37585.0105,591,353.1621,6177
330,7f29201ce2b003ee67658afaa1a1f9840e8c6d3a,0,0,0,2015-04-21 13:42:31,4152,1263,2.4027,5415,20,10,1,2240,90,337.0,165,84.834,3085
316,10ff8c9f892c978a2b0eb0000d907c3d688f5d8d,0,0,0,2015-04-22 02:24:49,2,163,2.9601,165,4,2,1,1794,4,52887.1429,2862,236.0967,1863
320,5e68fcec4329c4751789290059891c03b99be4a6,0,0,0,2015-04-22 02:36:31,1205,948,1.4286,2153,4,2,1,221,29,31660.0572,307,251.0416,3149
331,f56244d21a331cec7da5b751a4de9effad49952b,0,1,1,2015-04-22 08:42:30,3249,137,1.1019,3386,4,3,3,2,2,61200.5564,2862,1267.3333,3299
319,3510bdb503c2a9d97cb12fd7d9e1a01fd91fa879,0,1,0,2015-04-22 21:42:59,1367,239,2.7963,1606,10,4,2,488,34,53070.16,252,1267.3333,58042
329,5023e620db0c975150d40dbd4c4bc86200c3527d,0,0,0,2015-04-24 02:55:35,29,31,3.4069,60,4,12,1,8,31,50644.819,457,232.2597,54540
325,75e858a66de48a7579fa396ea2e46326c7155f29,0,0,1,2015-04-24 07:35:58,290,269,1.1792,559,21,2,2,2057,81,219.0,216,11.7298,58042
327,d9fcb397478aa1a2bf8c03a551c0ea65de83a33c,0,0,0,2015-04-24 20:53:21,2598,37,1.0165,2635,5,1,2,61,24,38290.8098,613,181.0,26
312,246f07b6806f48deb371a4a8ec47131c0f0a606d,0,0,0,2015-04-27 04:28:53,218,535,3.5275,753,12,10,5,155,42,46114.4888,104,320.6813,56836
339,cc5128a02e01c3dad1f658f7dc6281e4f55eeb9a,0,1,0,2015-04-27 18:32:24,63,5,0.5092,68,4,3,2,17,79,45046.8921,1,1.0,4
333,08dbbd689ee7db7443c6920dfcd402710c1dd964,0,0,1,2015-04-27 19:37:33,78,4,0.8733,82,4,2,4,3,89,40382.3351,613,234.4013,1686
337,0db1431e33659392b11060451c71d006941a0dda,0,1,1,2015-04-29 09:24:05,96,1,0.2637,97,2,15,1,631,34,6583.8356,2862,104.8599,2575
342,58f25d526c60fc6c8805332ea48e611d0aa871ac,0,1,0,2015-04-29 16:48:30,680,282,1.6992,962,2,2,2,2213,85,14760.6743,734,311.2,88
336,cefaa4eb7168a63bbe5b04ad7b9bc093a34f4bb8,0,1,0,2015-04-29 21:03:36,99,43,1.6901,142,6,3,2,2351,87,31537.7876,556,178.0304,54302
338,3c09adec72dbdc6d27479ca7f681ee2406e21e64,0,0,0,2015-04-30 02:24:52,873,5096,2.3504,5969,11,1,3,19,10,78657.1608,322,185.8082,3257
341,16a7fcfb78556b23bf8b9b6dae5bb9a6756b83c9,0,0,0,2015-04-30 02:39:39,63,16,1.4482,79,5,2,2,2,4,13164.3787,159,281.6833,54302
328,01880a470c31c6c27bb82d73727623fe253eef9f,0,1,0,2015-04-30 03:25:24,1574,456,3.956,2030,18,12,3,253,30,41363.1154,270,267.199,61661
344,593a7257b5d5243c4ceb75b5417fb05e8a98cc90,0,1,0,2015-04-30 18:02:23,208,53,1.1258,261,4,4,3,2265,86,41582.4264,86,57.3334,1756
346,a7fed2995e7c1830b2bb957162a52a864839b758,0,0,0,2015-04-30 21:43:53,5,50,0.0,55,4,3,2,15,12,31852.8012,2862,6.5602,443
332,f5f59123769a0aa71d07b22518367d35c481d711,0,0,0,2015-05-01 19:26:46,12,122,1.4482,134,2,1,1,1,4,7348.2275,209,1267.3333,7339
343,9b6f55bdec6d9b7c08d7cae267b2fefbf60d7afc,0,1,0,2015-05-01 19:46:57,290,14,1.3655,304,21,3,2,2082,83,31400.6776,2862,36.4992,1314
354,a11bc78656dd4740960c0a1eb6265f910337a16b,0,1,0,2015-05-01 21:52:47,109,806,0.5522,915,8,2,2,2212,87,48937.8564,257,104.327,3251
334,253ce00a64a59210b5a6bffc4999ce23921d73c5,0,0,0,2015-05-02 23:47:36,251,185,0.4629,436,52,13,2,1099,19,45767.1202,613,203.3787,2172
335,6f1e38cc2d037017b1fdfdca0fbcfc63f830577c,0,0,0,2015-05-03 01:02:40,251,185,4.9439,436,52,3,1,118,24,27459.0805,613,203.2835,1642
280,739f3e37cc988626038a0c98642975071a8ece78,0,0,0,2015-05-03 20:14:41,40,265,1.8703,305,8,3,2,2216,84,36175.9439,734,311.2,3316
353,e6f027979a3ec4221438bd2a21db8053cb3c1ad7,0,0,0,2015-05-04 16:42:10,127,10,0.1647,137,3,2,2,2089,85,46536.5283,2862,67.1419,58607
347,ebd05ddbe1fca8c70e9790628c0cce47327e4708,0,1,0,2015-05-04 18:12:53,69,17,0.0698,86,2,10,7,119,12,58635.5039,45,30.4425,207
349,1a0262f2472450821178a4b61c0c1ecb0193f888,0,0,0,2015-05-04 18:36:25,951,969,3.528,1920,3,2,1,215,91,14710.8864,122,100.4871,152
350,1dea6b0201545c16d4b29af51ce1bb5e77fc02d2,0,0,0,2015-05-04 18:38:53,22,10,1.0922,32,3,2,2,57,29,35461.2837,2862,134.1541,451
345,2096bcefd510fd1e41f0b6a172805547ed06e9d4,0,0,0,2015-05-05 01:58:52,2109,56,0.1214,2165,2,14,1,2564,7,17476.2717,367,11.0,170
359,4c7c5be798e2a7d1e72d086bc5011242ea0173dc,0,1,0,2015-05-05 17:45:09,99,293,2.2277,392,7,6,9,2377,84,33749.4904,734,12.3564,101
314,8f4c43db021c75a8d790f0fa2f93282952fffb71,0,0,0,2015-05-06 02:01:15,5,2,0.0,7,1,1,2,1533,5,38610.2635,425,189.2382,1180
348,4dbe1e0c72763a2eeda66bee2f11487034566108,0,0,0,2015-05-06 16:20:28,8,20,0.0097,28,1,1,1,4,3,9169.4506,104,113.9239,46227
352,aa811c393653e92212458ef147a675f396f53173,0,0,0,2015-05-06 16:24:56,951,0,0.2834,951,35,3,2,136,45,59504.5049,123,99.2121,60
357,a3e041848bd6410f0627dce52725811602fd579f,0,0,0,2015-05-06 16:51:48,0,23,0.0,23,3,1,2,0,0,77323.2621,672,284.3709,8532
351,c31aef689f456533c6baf96514e2bb3445ecec07,0,0,0,2015-05-06 17:23:04,3,1,0.0,4,1,1,1,10,6,6947.9467,339,225.1558,1297
355,ce3ce44a5379f7de162b059fb99641fc4e6a344a,0,0,0,2015-05-06 22:22:20,344,214,0.1616,558,47,15,1,54,6,76485.2,125,1267.3333,1161
366,5012463b60e31c78a5a2af5e0ca78b64e4dc38a6,0,0,0,2015-05-07 09:09:15,79,342,0.3507,421,23,3,9,2047,89,8566.7124,152,42.9179,610
360,b14236f946337cab5f78407253bd296a6f3fbb22,0,0,0,2015-05-07 10:24:50,13,22,0.8839,35,2,2,2,2271,82,24386.9849,216,144.4681,1818
358,aedce5fc6ba46ca734e91190cfaaeb23ba47a846,0,1,1,2015-05-07 10:31:08,195,97,2.3645,292,10,9,1,3067,16,100.0,48,155.8847,63004
363,6ab0c301edaf16544de7f839ffcd345dadef1cf6,0,0,0,2015-05-07 10:53:30,27,22,1.9645,49,5,4,3,2196,84,52847.5362,77,120.6967,58042
370,917068dcbfb9909b5f1695dc18e9a7b250264b42,0,0,0,2015-05-07 11:56:51,951,27,0.8521,978,2,2,2,2095,85,33435.4086,141,105.0,369
373,58de86bff5e9383b679d9bb48cc95ec444275ca7,0,0,1,2015-05-07 15:30:01,62,144,2.3713,206,6,2,2,2268,80,53506.0123,57,40.7617,172
369,4047dd1213ed99b3d7bec253b551b4cae911990a,0,0,0,2015-05-07 19:15:51,66,6,0.2032,72,8,2,2,2222,84,45189.7625,555,193.274,646
374,9e9846e73d2e9c702c8652d9e8744de31923ef6d,0,1,1,2015-05-07 20:22:56,50,5,0.7615,55,2,3,2,1,86,19334.8916,51,27.794,192
384,3f0702509b3f12cfc159fc33a114bcf52ecf9fc9,0,0,0,2015-05-08 16:59:57,1172,4,0.4323,1176,7,5,1,3,79,21161.1605,2624,411.8956,58
372,f45e4a556a0e617f0d6a68da45bca889b49f6159,0,0,0,2015-05-08 17:04:40,3613,1072,1.4821,4685,9,5,3,229,16,82616.0,20,768.5787,50055
368,93478ab46c88d6fd198db67ed3ba25251cc30c8c,0,1,0,2015-05-08 18:10:06,114,40,1.6626,154,7,5,2,0,84,61020.0427,35,134.9739,3266
378,15235ee63be2d8f39486ff97dbbdd8ed24bb9812,0,0,0,2015-05-08 18:28:33,602,16,2.168,618,5,3,2,2341,80,34952.42,61,37.2827,176
364,b66475c4e0b7eb39e0225bbb69a67eff6e6405f8,0,0,0,2015-05-08 19:58:54,63,8,0.1397,71,5,1,1,2,3,1547.1483,189,148.3098,54302
365,def6b5fa19c27d74bc69710b4e26d74dde9dd609,0,0,0,2015-05-08 20:08:36,342,46,3.9267,388,4,2,1,1329,7,84801.0,378,190.4255,200
387,40a7e8606eed7664de07653eb962cee3fa77d72b,0,1,1,2015-05-08 20:40:36,290,2099,1.0964,2389,4,1,3,1987,2,33216.7096,242,1267.3333,4459
356,6cb19216f84454c521e2b99c41b517ccdfd0bb40,0,0,0,2015-05-09 01:32:06,30,755,2.165,785,11,1,1,4,4,16825.4128,297,174.921,245
371,16bf51211594fada8115ca70e3731aa3d4440191,0,0,0,2015-05-09 21:08:27,3100,774,0.4686,3874,35,3,1,156,11,81324.579,281,33.0,80
376,7df3a5c99da4a352b3b8599b2965a86dec1777e5,0,1,0,2015-05-11 11:43:13,388,98,1.8674,486,24,9,2,1074,34,50042.4288,141,105.0,364
382,ed0026fed868dff61601a073b649ed8b9d5e6311,0,0,0,2015-05-12 02:39:48,34,23,0.1266,57,3,2,1,1356,3,73310.0703,97,1267.3333,46227
377,116de2bee5920bc6842300a3f686d88f443b281d,0,0,1,2015-05-12 10:49:03,95,340,0.3044,435,2,4,4,127,89,46241.184,210,79.2631,2468
367,37d81b9dcb08dd8c16a560591f46481b5d316841,0,0,0,2015-05-12 10:49:03,135,90,0.488,225,11,6,1,3,4,32849.8637,2862,1267.3333,6078
381,86c9c00e98a1867deff3b8acc883d224b532197b,0,0,0,2015-05-12 15:26:24,6,27,0.0437,33,11,6,3,6,4,5400.5712,2862,1267.3333,55097
340,a7cae3255cc7a8014804c7642eaefc6f35099a3e,0,0,0,2015-05-12 15:55:43,1466,20,0.8493,1486,4,2,2,2007,80,47942.7947,18,17.5,89
301,d306144282595be6818fa386a3fbb4aece040884,0,1,1,2015-05-12 19:12:07,1031,17,0.4697,1048,1,2,2,2240,88,9417.8712,226,106.5482,504
385,33cf701d1d6b8112b66d02416224bb782e48b287,0,0,0,2015-05-12 19:38:02,725,84,0.4058,809,80,3,1,391,28,71449.685,846,136.0524,6687
400,ea1d1614211b01d86d440dce8fe1a60a0bc3c7c1,0,0,0,2015-05-12 22:41:07,42,1192,1.1658,1234,4,1,4,326,26,37158.294,392,43.4134,58042
386,4012134f6e03b61bbf5ce64cc456cf7592675d67,0,0,0,2015-05-12 23:38:48,3,93,2.8914,96,32,1,2,2325,0,19475.3463,613,239.0733,1685
393,9f7ab09f733659c94e918db03d72e6a860d654b4,0,1,1,2015-05-13 14:04:41,397,3317,2.0197,3714,9,9,3,6,2,58026.418,285,124.4506,58042
389,e379f978b6b00f4dc7c2b37a8bda6cdc52d32b8a,0,1,0,2015-05-13 15:29:58,87,7658,1.5955,7745,7,2,2,2440,85,37116.5941,567,232.1443,1711
383,a01d2d33d8180b52d038fb151dbd7c6413b34364,0,1,0,2015-05-13 22:21:46,1,1,0.0,2,1,3,1,17,4,19980.8636,403,197.0808,2107
390,2b3bcb710ceff44ffce40b0d586805a9267c896b,0,0,0,2015-05-14 01:55:26,22,19,0.0539,41,47,15,1,78,20,27924.5889,447,190.0477,2325
401,f4ec535db47234a2cdcadabf5c4f98d8e85d9ee2,0,0,0,2015-05-14 14:20:25,1333,1249,5.6555,2582,82,2,1,151,13,14838.1727,394,62.9418,4323
375,68722e7e594d228b4bf14c8cd8cbee19b50835ec,0,1,0,2015-05-14 14:23:15,93,1360,2.3018,1453,13,7,4,2662,82,34676.5173,49,3.861,59
396,b2abcb7fc9afde553a071c4050ba4573122c2329,0,1,1,2015-05-14 16:42:46,2186,321,1.6147,2507,14,6,4,2464,23,46170.2231,198,1267.3333,2170
397,6288dd9d2388e13fbaabb7bcbfc5a97bff5feb37,0,0,0,2015-05-14 17:58:30,344,1,4.4362,345,1,1,1,1356,6,7258.1694,23,9.7268,46227
399,4a5c282f7615cc97929d76f36fe82e190fecbb89,0,0,0,2015-05-14 20:33:29,151,24,1.0576,175,5,3,2,2611,11,21899.7149,2862,1267.3333,3221
392,01087489ed5484a2f7c5e7d55e8adb8bcf51b7a7,0,1,1,2015-05-15 00:07:05,84,1,1.6948,85,4,3,1,31,9,33250.9061,2862,1267.3333,54302
380,bdbc61ff722db1ad7a0803ba82024345adb17f2a,0,0,0,2015-05-15 05:56:19,717,8,1.0951,725,32,2,2,2241,83,60167.312,59,34.6359,58607
395,81b0acb2a9a67dd122087a00d2ec70e2b48b0a38,0,0,1,2015-05-15 11:12:58,16,159,0.0187,175,12,1,1,22,3,71146.301,8,5.9206,1299
398,1644e82f757024df8833668e54cb75e309d9f427,0,1,1,2015-05-15 11:22:37,6988,1672,4.3841,8660,3,14,8,2957,2,50689.9522,7,5.4899,21
405,35a945e2bf04437db0201c942000bdb98ef4ddef,0,1,0,2015-05-15 14:43:57,349,2269,3.7449,2618,25,9,5,59,87,46717.1048,116,72.8639,63234
394,0282cd550ca119b7fab1d8c6d8ccc1054c316c03,0,1,0,2015-05-15 15:28:21,948,234,2.0535,1182,5,9,7,59,36,31780.6175,2862,128.2692,63234
420,7d6a60ddd0e156f6028c05d97fa9179f86fe02ee,0,1,1,2015-05-15 16:19:23,92,62,0.6825,154,3,3,1,2415,81,26505.7052,2862,30.4486,3409
402,1937bed9035e953b4cb9099ddeb581d3bf38bca3,0,1,0,2015-05-15 17:34:32,7,225,2.1457,232,19,8,6,50,76,21888.8165,372,188.2807,54540
404,6c0a4626249af927077bed552533eac2e3ed16a8,0,0,0,2015-05-15 20:01:38,49,10,3.0407,59,9,6,1,2245,79,29678.2982,314,1267.3333,5468
412,8704006bfa75a78cb904e35662e4c8bafc1f2330,0,1,0,2015-05-17 12:50:03,2,715,0.0,717,52,2,3,2154,5,24800.0963,713,1267.3333,58042
407,e994805749f62afd3bfd9cc962250aeb016ddfaa,0,0,0,2015-05-17 19:39:03,2423,125,2.1266,2548,5,2,2,49,2,30191.7249,285,125.3168,3927
408,a61cc887758487d7d7b9f8d7173a8864cca703e0,0,0,0,2015-05-17 22:58:36,251,26,0.6742,277,52,2,1,76,13,75473.9549,613,204.6517,2062
411,7acd0e69dfaef9dd1ca2950038aa6feef836c097,0,1,0,2015-05-18 08:24:02,2,1,0.0,3,1,3,2,13,5,70167.4717,131,99.995,49967
406,7af9c6ac88278d34202fea922606905b326f7811,0,0,0,2015-05-18 19:18:24,173,8,0.2334,181,3,2,2,82,91,68577.019,156,1267.3333,54302
414,f9b6d3dac7d60b4409f05c25e743dfbbf32a50f4,0,1,1,2015-05-19 12:11:21,1955,4,4.2625,1959,58,1,1,2376,3,2941.0705,26,23.3897,32
403,be9eff573342cd4993eb4fc8ee694dc885e8a8e4,0,1,1,2015-05-19 13:26:27,116,14,2.597,130,10,6,3,3,6,67898.9337,2862,1267.3333,63004
423,2248780eae46d98be8a9414d3e833fb6c16c7137,0,0,0,2015-05-19 14:12:53,717,451,0.6614,1168,32,2,2,2201,83,36210.328,2862,1267.3333,58607
432,e194fe9d8ca01718277ec316e2d19b5c75e387cd,0,0,0,2015-05-19 16:36:38,101,25,3.5411,126,15,6,2,2347,88,41740.6667,4,3.3333,40
409,52dc63b6c75ca3f68e4c90dc76f8e1cc65690fb5,0,1,0,2015-05-19 16:36:38,101,25,3.5411,126,15,6,2,2347,88,41740.6667,4,3.3333,40
431,2b1e6aba405002ce86d5badf4223de9751bf867d,0,0,0,2015-05-19 20:23:31,5,39,0.5647,44,3,2,2,0,81,38170.6925,684,178.6615,823
415,66772b7ab5396f373a77c8f9a02e14aad5669065,0,0,0,2015-05-19 21:16:10,17,9,4.4362,26,47,1,1,1356,59,59981.7232,2862,62.4691,46227
416,0088e5f1e85bd344cbbc7f7ab2200b238fc855c4,0,0,0,2015-05-19 21:16:10,14,63,0.0424,77,4,1,1,629,1,59656.4108,2862,3.2728,46227
427,6eea3ea395957d1e799952de3423cc29fd469e3e,0,1,1,2015-05-19 21:47:46,240,4063,1.924,4303,7,5,3,1868,75,22302.1899,351,128.4636,62439
426,e4eba2538255fdc23cad59642be69c8b27f04218,0,1,1,2015-05-20 06:48:53,90,609,1.7656,699,16,7,5,2170,25,64672.8586,375,141.4432,5314
413,f970de55746dd074843d8cfd5385b12acda56ee9,0,1,1,2015-05-20 09:49:02,1466,159,0.016,1625,12,1,3,38,6,76525.3998,5,5.9108,1299
419,0d24b1a802f67641b534cf2a407342f6129862ef,0,1,1,2015-05-20 17:56:31,58,29,0.0455,87,1,1,1,81,5,12437.7978,10,5.6713,1299
428,744db701467e42cf19f9251d942fd9e3a4af2dd0,0,0,0,2015-05-22 18:40:25,1020,10,0.1092,1030,26,12,3,8,9,84092.1266,179,89.5549,54540
410,dc35dc92214b1886550e949b199927eb0cb3c396,0,0,0,2015-05-23 21:24:31,390,63,3.9267,453,3,14,1,1329,8,84801.0,379,33.0,80
422,20257310ba16da954609481ef9b0a6d53f548e8a,0,0,0,2015-05-23 21:29:47,5,6,2.9601,11,1,1,3,16,4,729.5563,2862,208.6528,1883
437,9b10928c159317160fb3049727679a48232b6041,0,1,1,2015-05-25 16:26:56,79,7658,1.1217,7737,4,3,3,2209,89,49527.3542,1,235.5339,3194
433,7f383006f575577b64f61013d3bbee7570e0a7a0,0,0,0,2015-05-25 21:09:05,3100,774,3.9267,3874,4,3,1,144,11,15649.9358,378,33.0,1709
418,5a571c6291678d7f92c120d1f9b366374e51c07d,0,0,0,2015-05-26 04:42:58,3,163,2.9601,166,68,27,1,130,11,50300.8255,2862,251.1525,1863
429,d85bf4a02ea5e36ada901d2c60f9da029975e341,0,0,0,2015-05-26 04:57:04,12,12,0.0778,24,2,1,1,9,16,2811.365,432,177.7015,775
434,f3ca3686d669c6423384dc8be2b896b1d252f851,0,0,0,2015-05-26 05:14:01,130,3,0.0,133,1,1,1,35,15,268.4523,418,214.2833,2274
444,3adfd1575cc3cf81397a7d148d5b2ed768b67014,0,1,0,2015-05-26 15:18:50,587,757,3.1751,1344,17,10,1,484,93,65423.9861,230,92.9756,2739
435,2385dc2d912391190d4f834bd43f6c1fdf368e4d,0,1,1,2015-05-26 15:50:41,230,191,1.2998,421,8,1,1,2184,3,61805.0637,2862,194.257,58042
440,248ea0b3459eed6283418c63c467f5bf4e487206,0,0,0,2015-05-26 16:45:54,873,5096,0.0993,5969,11,1,1,39,86,83243.7672,2862,1267.3333,54302
424,2beb66e87e9a8115ab81f3274be0f29f4257641a,0,1,1,2015-05-26 17:05:41,21,0,0.0561,21,1,1,3,3,3,70412.8987,78,1267.3333,2197
438,3e4ed96663ed784e4cb1df17d4a9a7b2eff9e60b,0,0,0,2015-05-26 18:16:50,5551,3317,1.9303,8868,17,4,3,2066,81,28490.1811,2862,1267.3333,58042
443,91187b542eb41ad137f1897a9c3f6c08239bf09d,0,1,0,2015-05-26 19:21:18,146,291,1.6392,437,85,12,3,56,36,28538.5227,2862,1267.3333,2297
449,eaeabffc8e0153922fda9b3d5f79abfd8dc1c119,0,1,1,2015-05-28 13:48:48,31,66,0.844,97,2,3,3,2337,80,3630.9655,141,105.0,504
442,f1662b1479c64213c06ac921631f7e1186619698,0,0,0,2015-05-28 15:37:58,6,8,0.0,14,1,1,1,81,12,60281.6568,2862,97.8637,46227
436,1de8e39ed5a00795ea16111931ca081024b4f325,0,1,1,2015-05-28 17:16:03,644,397,1.3528,1041,17,7,4,56,25,13827.3333,496,234.4178,6633
447,f55a4f451227564d01bda77620a28d848a219f16,0,0,0,2015-05-29 01:25:11,27,18,2.1076,45,5,3,1,1,8,16907.5701,262,257.6433,250
445,48c25ba2e6595331191b8bdb7787bf8a593d8607,0,0,0,2015-05-29 02:34:00,237,61,0.4294,298,35,2,1,1329,53,48584.1304,281,184.0843,80
417,1352ebd61d2b0949baa9cfb6132985cbfcb58fca,0,0,0,2015-05-29 17:07:59,799,2,1.2347,801,3,2,2,129,20,51742.4899,2862,1267.3333,58042
446,06e742fc7ff531de4d3a6d17ec916a519182b671,0,0,0,2015-05-29 17:35:17,1466,159,2.4329,1625,1,1,3,176,17,77158.0,247,5.1286,1299
441,842f1509d46bf068abca1e064f23454892347e60,0,1,1,2015-06-01 13:36:17,18,68,2.0229,86,7,5,2,282,9,46598.1131,307,130.2889,54302
453,23d7a558ee824a22d382e1b645814638a2cd2985,0,0,0,2015-06-02 13:42:28,1278,29,0.2478,1307,3,3,2,7,87,40927.8405,506,187.717,4527
439,8fcb620d95e913d58a8bf072be8b8a7f6630497e,0,0,1,2015-06-02 14:42:50,4,184,0.0,188,1,1,1,77,10,12157.0449,2862,46.8467,46227
451,6250065089b80d02d54908212d2b5f45037720f2,0,1,0,2015-06-02 17:11:45,62,422,0.5232,484,3,3,9,2586,85,38839.3558,58,83.3694,537
454,99da210229b9ddab8ce46d0664c46fe92282c6e3,0,1,0,2015-06-03 12:07:21,50,58,0.0,108,5,2,3,2177,89,41927.8467,2862,1267.3333,54302
448,304eae3b799759d334fcc50cbc3439608e1a2647,0,0,0,2015-06-03 12:08:28,2606,1775,0.0402,4381,51,23,8,28,8,40273.9526,89,109.5633,342
452,be3e3895863211fa79556170be1a584db71f8543,0,0,0,2015-06-03 21:47:32,72,66,3.528,138,2,2,4,2957,6,75.0,120,103.4996,116
459,16b02887df63ab7c4c6ced6c28225928fbe05451,0,1,0,2015-06-04 09:17:05,204,103,1.5868,307,13,5,1,2227,82,47345.1514,155,75.6845,2767
462,4df4f79c563232285137ab2d506836de4e4efa1d,0,1,1,2015-06-04 14:01:23,502,20,3.2171,522,1,4,3,2430,78,52896.4312,47,41.78,443
421,0022e153fa4915c0fbf83b7479b54f0809c5a272,0,0,0,2015-06-04 14:29:12,137,81,1.9551,218,4,2,3,2092,79,24540.87,894,282.5909,58042
461,07bb8f98e07f10308d65c264fe29f8c5ee8d4f4f,0,0,0,2015-06-04 14:50:31,36,239,1.3513,275,6,4,2,2239,91,43619.4311,64,1267.3333,58042
464,96677ca1252cea37cfb8f1aa51f40b095e060d3b,0,0,0,2015-06-04 15:21:09,81,996,4.7255,1077,56,3,2,2577,89,22532.4005,218,24.8847,1728
460,514dcd944c400a8a540962f54e16561d56496425,0,1,0,2015-06-04 15:39:15,318,2911,0.9942,3229,6,1,4,2011,0,43076.3706,424,227.4148,60576
466,f32cff8e1fb69317219ffaee81b5861a54b83a1b,0,1,0,2015-06-04 17:12:35,427,46,2.0655,473,8,4,3,2186,86,33012.4383,33,23.1516,271
472,76cbddebc7c8cd8bc944c0631cce326da9396a90,0,0,0,2015-06-05 09:32:42,84,43,0.6699,127,58,1,2,2026,81,64566.6739,391,22.7794,295
465,706b3b80453de38fb5518bba447cffef9eef164f,0,0,0,2015-06-05 11:01:03,4,11,4.4362,15,47,15,1,1356,3,5168.9268,156,83.6439,46227
458,675a0f4713f3b25edcb6b8108ed4dc879fa0ec53,0,0,0,2015-06-05 12:39:29,180,23,2.7958,203,7,3,3,318,35,52797.6305,2862,63.7101,4010
469,8e4a6b7e5c86a0ef97f743113674819fbb6add15,0,0,0,2015-06-05 14:04:27,130,184,0.0,314,1,1,1,16,6,36300.9151,2862,51.0641,46227
456,44c7bdec9ad2085db1c99230e49adfbd8eb2e0c9,0,0,0,2015-06-05 17:02:20,22,6,4.2625,28,1,10,1,11,11,85674.0,26,23.1084,63
463,8462377f3e094559906c26dfecb54b6c74c8a740,0,0,0,2015-06-06 01:51:41,59,5096,2.3504,5155,1,1,1,360,37,86144.723,603,275.1765,5380
467,26bd5124efbc08a657e703b3f9776d9fd6ba6c22,0,1,1,2015-06-06 06:59:29,63,42,1.585,105,3,1,2,2539,28,26853.3554,198,1267.3333,58042
480,446e2537895c15b404a74107069a12f3fc404b15,0,1,0,2015-06-08 19:41:28,538,2,2.094,540,12,5,5,67,87,34389.5671,391,198.3313,60814
484,79a9d437442c37b1cf49700ce1d618d25cab8a52,0,1,1,2015-06-09 07:39:31,61,636,0.4792,697,23,3,9,2047,85,57061.5674,61,84.4506,42
475,17dd4ccc785426d756949f00001b78dc8b76ea66,0,1,0,2015-06-09 09:08:24,2314,998,3.0663,3312,26,1,5,2307,78,45422.9732,613,17.5585,36
476,cab33a60957525854238c61f9360ba58d04d318b,0,0,1,2015-06-09 21:20:54,2605,35,0.4518,2640,4,30,5,2535,89,55278.7022,285,5.7529,60700
474,d1dd3ce721dcc0a5175740e6510361595a16328e,0,0,0,2015-06-10 00:53:06,6,764,1.0262,770,1,2,1,1967,2,76479.2485,468,175.958,706
477,89afc956d8b6281ca29de8df3f7949574c6b34f5,0,1,0,2015-06-10 01:02:41,4,4,0.0,8,1,1,1,2,2,39512.0476,385,200.7978,1796
479,622e001c93c311afbdf9239db477738077b031a2,0,0,0,2015-06-11 04:28:37,4,11,0.0,15,1,1,1,586,1,83316.7122,504,253.8114,330
481,c08aaabd95d4872593c29807de6ec1485cefa7fa,0,0,0,2015-06-11 08:18:05,477,688,2.2367,1165,16,10,6,2402,86,59202.3982,78,33.975,290
470,b1abcd048e3780f11256e455e6024dcf05887f71,0,0,0,2015-06-12 10:58:42,8,214,0.0803,222,2,15,1,42,9,8148.565,148,126.0238,779
482,8c19fd638da7d5525e85d0cce41aa86e02798108,0,0,0,2015-06-12 11:22:30,45,6,0.8659,51,1,1,3,17,77,76937.0,1,1.0,1
485,452d6a445a6935d3e7d0e0fdf59e87d2a2ff95e7,0,1,0,2015-06-15 08:49:03,127,451,1.6209,578,4,5,3,2371,54,30956.2129,126,53.1566,2607
483,17d43fa55eca29be492a716f04d9ceff1989762d,0,1,1,2015-06-15 15:55:04,318,1672,0.1161,1990,45,2,2,2293,81,67782.2001,7,6.8748,20
486,1491a40b7b4ea2723bcf22d870ee514b47ea901b,0,1,0,2015-06-15 18:31:03,692,177,2.8409,869,10,5,4,2351,2,50736.3095,208,1267.3333,5447
489,ec52e77ecde749e7c5a483b26cbd8041f2a5a33c,0,1,0,2015-06-16 15:28:52,69,22,1.3345,91,4,4,2,29,87,56461.733,184,137.1729,1726
487,5ea5949f9870c2d1fbd8176c16b11daf12c74ea7,0,0,0,2015-06-17 03:29:18,362,774,3.9267,1136,35,2,1,1329,53,36230.6211,378,33.0,1662
478,5786b3204d6da352124338c0130451e27dd056b0,0,1,0,2015-06-17 08:58:41,95,60,1.1129,155,3,3,2,69,90,47521.5926,48,152.5292,453
468,ad8047abdf5db6652b9586e039debb1e855db09a,0,0,0,2015-06-17 21:33:44,166,0,1.3859,166,1,5,4,2250,3,61631.6387,80,55.5,125
473,4c4c4327a2f7653b27dd89a9a1f1ae024d7c76be,0,0,0,2015-06-18 02:23:23,1032,755,0.07,1787,11,6,1,7,4,32448.8793,486,152.4512,3208
490,94be12c6fdfe48f042f63c1b5985ec59f772f005,0,0,0,2015-06-18 08:24:37,732,374,2.8898,1106,8,6,3,2106,80,38920.2904,198,82.5531,60576
495,a13399279b4e863779af938fb4f7da9abc4755d2,0,0,0,2015-06-18 16:02:45,1031,234,0.7369,1265,4,3,3,2137,82,32218.7099,91,75.9173,400
491,42ea6e1f3751845bd0d1326ab789a53a20783a53,0,0,1,2015-06-18 18:43:44,2606,35,0.6884,2641,51,2,2,2362,80,45477.8828,2862,63.6342,359
493,f778c1f88f4deb075b383f3a8b24ef279585bd32,0,0,0,2015-06-19 17:18:44,1006,2,0.7127,1008,12,7,2,2192,84,21050.8482,91,66.0876,206
496,2deb68ede4b1eaf45eddaeb15e3af704daa1bbff,0,0,1,2015-06-22 07:55:05,1,6,0.3948,7,2,2,2,2176,83,18335.1028,80,69.8089,819
488,3504a50bb4bd93edeb2941dccd9444d53a85a1ed,0,1,1,2015-06-22 13:18:39,159,299,1.3783,458,7,3,3,3,80,47748.608,2862,1267.3333,7249
498,d6312c5f4d6b1dbc16518becef1b7a785cea73b3,0,1,0,2015-06-22 15:19:20,111,36,1.9224,147,4,5,4,2293,86,24551.1534,51,37.9217,401
492,affb10ce3a477c5630dd672af6e7b21ce9079761,0,0,0,2015-06-22 15:55:16,39,8,1.7486,47,3,2,3,2204,80,22179.739,729,227.5035,3094
501,d6d32d26ffd9aa17aa991c8c003e53632e5ba1c0,0,1,0,2015-06-22 21:27:08,2605,36,2.1832,2641,5,8,4,137,89,16400.2955,2862,77.9266,60700
499,9a3fa887cfa03c082f249d1d4003d87c14ba5d24,0,1,0,2015-06-23 11:03:45,1922,68,2.4487,1990,25,13,4,2791,90,50616.3379,81,50.3443,60700
505,3caf0e02970b8da90d154d81d769662057d7c772,0,1,1,2015-06-23 23:13:55,40,211,1.0351,251,10,3,2,0,82,50772.1758,9,73.5093,58332
504,c8d3cc1493a0ca47fa34e88d9a113440611dce3b,0,1,0,2015-06-24 06:09:52,652,352,1.5,1004,7,3,3,2309,86,50776.6411,734,6.2844,3316
497,cb062839ff2480dd868a82ec37e54d502e82fc0d,0,1,0,2015-06-24 11:07:56,27,59,2.8344,86,3,4,2,343,24,52136.3332,3,1.0,13
494,7392fb96dbe4d1d9d70a691b721c1bb7b359dd78,0,0,0,2015-06-24 15:07:28,130,184,0.0,314,1,1,1,586,4,61458.0883,67,122.2129,46227
502,f797bfa4da53315b49f8d97b784047f33ba1bf5f,0,1,0,2015-06-24 16:10:29,6204,0,3.4491,6204,36,1,3,2163,38,32060.7397,18,18.2878,117
500,a384faaa8aa2c5f0f313011a30ef64e7e795ab1e,0,1,0,2015-06-24 16:47:59,437,99,1.4909,536,1,5,2,205,22,38141.1266,247,5.0043,38
508,fe65707f09dd2c17cc6339407c689b42ac487256,0,1,0,2015-06-25 10:50:39,44,33,1.8141,77,6,4,2,2382,83,9396.0493,674,274.4388,532
506,a7f41345ac71826574d09d56ebd402d0ddc3ea3f,0,0,0,2015-06-26 13:27:28,343,969,2.0049,1312,15,8,1,2957,13,17771.3506,118,100.6983,368
509,c233270643d0a887dc84ae90573176eb52f8ca93,0,1,1,2015-06-26 17:25:05,194,2803,1.0292,2997,14,3,3,2115,87,60697.8312,235,75.658,60576
510,353d4a052c866cb230e06e69e99d9c5c8c8d955c,0,0,0,2015-06-28 08:24:34,81,12,1.4833,93,7,4,2,2236,88,50819.4836,42,39.0508,411
503,bd4a9d18e1317dcb8542bd4adc5a9f99b108d6c6,0,0,0,2015-06-28 10:38:22,181,969,0.7096,1150,2,3,2,46,26,46816.8634,118,101.4321,71
512,ad8cad7c4d05fd5dea68fb274c81a102533ebe36,0,1,0,2015-06-28 13:49:09,193,1060,4.151,1253,2,2,6,1120,90,43163.3223,2862,311.8498,12263
515,6d29ed0662cec6fef2e920ac83b8d075ea47a31e,0,0,0,2015-06-29 19:51:00,122,18,1.9194,140,11,6,2,2401,79,64151.1499,2862,1267.3333,63004
507,921eb7e8065221be586f63c64f9b1de582136ca5,0,0,0,2015-06-30 09:12:56,6988,74,1.6592,7062,3,4,3,2646,88,9989.0397,16,14.2709,90
518,fae9d3beac5b64bb9d16a412c4db1734f838b631,0,1,1,2015-06-30 09:12:56,20,2,1.6217,22,5,4,3,1,85,14673.8768,19,16.9433,145
521,492c65a677c02727c6186be801eb81763b7a312d,0,0,0,2015-06-30 09:12:56,23,1249,1.5415,1272,5,4,3,2481,85,14674.299,2862,16.4065,59494
513,c1e7643aa6c1a02e79104e86dfe1c4fee22bd0a8,0,1,1,2015-06-30 11:32:10,41,14,0.1253,55,2,2,2,165,20,39281.3697,822,250.3385,944
517,35668435090eb47cf8c5e704243510b6cee35a7b,0,1,0,2015-06-30 12:02:10,1,375,3.9166,376,22,10,4,70,81,24659.4966,2862,273.957,9713
514,b6dd6b48dba7baa82bed9a7b8514e18bd8b3b942,0,0,0,2015-06-30 12:21:36,5,33,1.4482,38,2,2,1,1,18,11632.4282,341,272.5117,54302
