Unnamed: 0,commit_id,tcmt,bugcount,fixcount,author_date,la,ld,ent,churn,nf,nd,ns,nuc,ndev,age,aexp,arexp,asexp
9198,62f30afabae369ce4a81e03457ee5999c59b9fb0,0,0,0,2010-12-17 15:07:10,2651,80,1.9181,2731,6,3,1,39,134,57897.1351,376,575.0,1775
9229,816369425177cedc696f93b6daeedc31e601dd52,0,0,0,2010-12-17 15:07:10,117,2388,1.9127,2505,1,5,1,1068,4,58110.0425,376,575.0,1953
9202,1dfad89e70b40f49ea724bf274ac2561d033a7d3,0,0,0,2010-12-20 17:01:14,9591,21,2.1782,9612,9,11,3,44,34,53744.5457,381,24.8627,1962
9245,b843f1851c334bd6019fe50a29dd6e460183f69d,0,0,0,2010-12-20 17:01:14,433,79,2.2679,512,13,9,3,26,43,53980.7454,371,575.0,1731
9210,7ddfb16a047c6de2e8a7f7be6ac43bf66e248e39,0,0,0,2010-12-21 00:04:59,424,69,2.2732,493,5,1,1,100,8,3605.2243,502,96.4765,1612
9213,4cdb77107316f9ece891a9b5781ecf4c10fcb041,0,0,0,2010-12-22 17:37:07,2814,7302,0.0566,10116,2,1,1,1020,118,66937.6824,243,10.9265,396
9244,5cf06bdfb63382cef07b26db0a63045e0e3004de,0,0,0,2010-12-22 17:37:07,70,7302,0.089,7372,2,31,1,15,1,67073.9265,242,575.0,412
9221,54ee5fa3d278fbfd4ee6850b6e20d04d0d10aea5,0,0,0,2010-12-23 11:18:11,532,3829,1.6216,4361,2,3,12,1033,5,46409.0897,442,25.2652,1711
9225,e5a3a59b33d4d5877588e159db2f5bcea6bad7f4,0,0,0,2010-12-28 20:12:45,2985,2012,0.1198,4997,70,19,6,986,115,76246.9705,450,40.8229,1931
9249,03ce1925cde3637bf51209da8d0a9dbf9fbb4eab,0,0,0,2011-01-06 13:02:56,258,204,5.8891,462,2,44,13,31,138,50630.6442,1000,16.0522,86
9250,290c6a92260ed47abf88f7c701b22fa25b633cbf,0,0,0,2011-01-06 14:52:51,198,127,0.3759,325,5,2,2,937,10,57438.4838,965,548.2613,4412
9251,3d19b6c24b60bdb8147d1b9f04184cb56a5e74d7,0,0,0,2011-01-06 15:15:17,3017,1618,0.2876,4635,75,4,8,76,134,58838.0994,260,546.5162,3741
9252,d224c48e136ef290dbf40dee8e29b21032922a31,0,0,0,2011-01-06 15:21:58,135,74,0.1984,209,7,3,8,937,134,58417.239,972,529.7563,4262
9253,6f52786e44bffd08973fc8a3a45e4a176f53ca41,0,0,0,2011-01-07 13:44:00,0,0,0.0,0,0,0,0,0,0,0.0,40,24.0,0
9254,78cee55f0fc0c43885fc2254e2b14939e17224ee,0,0,0,2011-01-07 15:44:48,37,5083,0.1976,5120,20,1,3,1022,107,70.8941,1,546.0921,155
9247,6b360ebff0da7eaf5551bd6c0542a71b95efacf0,0,0,0,2011-01-07 16:41:09,396,231,0.7133,627,3,5,2,818,112,63436.9141,260,533.7979,4104
9248,ade23c2c463f248e6cdf30e80643abe3bb332eb3,0,0,0,2011-01-07 17:06:00,880,183,3.9069,1063,1,0,3,1022,107,58.8774,975,547.6495,152
9260,ad802effff6a33ee7f83bb50a1099eae3c697956,0,0,0,2011-01-07 17:23:31,2784,1162,4.8422,3946,76,3,4,43,4,66634.0211,954,542.2202,3850
9262,19b933c7552f94cebb57bcd82e69a43cec9fc803,0,0,0,2011-01-07 17:44:06,37,1200,1.6302,1237,7,3,13,36,6,36235.44,260,557.6856,3754
9264,058f5ec785c29a580216c12faab9bd7f320efdf2,0,0,0,2011-01-07 18:09:29,110,1794,0.2744,1904,4,4,16,820,6,69175.9598,975,593.6596,4448
9266,b5e21190354a1f5a8438902f0ba36d4365c28c5a,0,0,0,2011-01-07 18:11:56,131,102,5.5611,233,74,53,2,820,128,69388.8325,977,595.7103,13522
9269,33eda2a6ab654e501c149adf8810cef83e3491e7,0,0,0,2011-01-07 19:32:35,162,17,2.5895,179,5,8,1,818,16,65888.0994,260,545.446,4292
9273,40bbce2e97083ad4b766d783281b02228c476035,0,0,0,2011-01-08 17:50:50,126,8,5.555,134,6,1,1,51,0,76246.3635,260,553.5083,4269
9276,5c46e10e5c78a697f054d85d48b066c3f8fa8911,0,0,0,2011-01-08 18:03:51,122,1200,4.8556,1322,4,30,13,1082,2,34450.0732,260,595.7993,4244
9280,a9cd8d18f8a6b67a39212138f85d93ef6d79aefa,0,0,0,2011-01-10 12:58:28,5298,102,3.3718,5400,11,3,1,60,7,50559.4234,260,531.7812,4597
9302,c32ad03289a65039dc694861fd456f5815ec9e71,0,0,0,2011-01-10 13:00:55,215,361,0.9242,576,10,6,3,102,0,67112.8492,260,519.7924,5125
9285,991844b95a54903c4b8d07dad219b7e34cf9115f,0,0,0,2011-01-10 13:05:27,410,2952,0.3647,3362,6,53,2,1049,13,50398.0052,939,533.6528,4279
9286,94afc4b3c4d19404fb03da7a8846cf4543197f6f,0,0,0,2011-01-10 13:10:37,366,66,0.9382,432,75,5,8,47,134,58812.8118,961,542.171,3762
9290,af9289d75b047b38f2b4c53f785940c37b431d01,0,0,0,2011-01-10 17:09:57,15,5,3.0646,20,1,1,1,11,3,14081.5545,260,542.9733,3808
9288,8164cf97af1888f9677975f7086b02c51f6ae253,0,0,0,2011-01-10 17:13:14,147,1162,4.8422,1309,5,22,4,42,4,65844.1121,965,597.2114,4167
9205,d377efc3b3ff0dc792e694c00289ec80340deac0,0,0,0,2011-01-10 17:17:38,410,21,0.0674,431,4,3,2,120,19,1377.9869,970,613.1524,3815
9318,db604f7d749374ca56eca33dcf9129cf6d034291,0,0,0,2011-01-10 17:43:47,497,477,0.1564,974,12,53,1,1049,117,48874.2,959,625.4279,4748
9292,106566cd53d391fa99b3cf82fe1d70aa2acf693d,0,0,0,2011-01-10 21:07:15,357,30,0.2421,387,3,2,2,26,27,78931.7325,260,525.6934,4516
9293,5a906dedb3d3c0300b8165bb0a31df087a3e1860,0,0,0,2011-01-11 13:33:06,265,120,5.6438,385,98,4,1,1033,12,45953.8233,446,213.3291,1962
9328,a790a6bcd8dbd2314cc1e01bf922adb87f4a977e,0,0,0,2011-01-11 14:09:13,2985,0,5.2754,2985,70,3,2,71,0,73238.4098,521,99.6955,535
9315,4db616f96612173258550fed83518d9455308085,0,0,0,2011-01-11 14:21:44,6970,8778,5.8891,15748,80,4,13,50,7,50477.0689,447,212.6365,1739
9317,d89ffca1e3a9ff53756914c45241234501435b1a,0,0,0,2011-01-11 16:22:39,473,359,3.025,832,4,2,16,31,134,62645.5347,382,197.9962,1756
9316,ff6ce7a99e9ab065c6a705e1720967c7cd22978b,0,0,0,2011-01-11 17:32:25,6363,174,1.9109,6537,11,3,8,1243,132,40026.5567,443,160.1178,1981
9322,937c81b48cebe1f047ddc6c30d1e6f9846de5833,0,0,0,2011-01-11 19:03:56,43,5083,3.9069,5126,1,9,3,1022,107,58.7645,1,539.5977,146
9326,7ddf336b84c89ebf58ac25696f1aa49c7c39f20e,0,0,0,2011-01-12 09:56:41,109,87,2.7774,196,9,6,2,13,7,45637.9056,80,36.5783,494
9327,71f23deff26349f2cb650db128ffb850dc75741b,0,0,0,2011-01-12 13:09:51,286,2952,1.0463,3238,87,7,16,1049,144,51452.7155,963,548.1911,4279
9204,ce0325c3d9e456265ae78effa23d82e6f378909b,0,0,0,2011-01-12 15:23:50,12,234,1.7308,246,8,1,16,1130,134,60521.8699,444,162.3054,1758
9337,f06f1959d8c8a2b9ff09a269b459b1b06867f2f6,0,0,0,2011-01-13 15:36:16,395,187,1.8753,582,7,12,8,937,11,60919.9948,960,603.6799,3739
9342,bda4f9385210cf981b8c6b4626dba49ca6f68f3b,0,0,0,2011-01-14 11:16:41,100,10,0.0361,110,6,6,4,1000,7,4875.0798,80,9.8518,526
9219,49db2ba8e846f29b116799ddae69c5434001755e,0,0,0,2011-01-18 10:45:56,401,347,2.2202,748,19,12,8,937,9,56689.015,961,556.0107,4141
9226,9d1c38eabe0932682a1da8d7bd8442b563a4d3a4,0,0,0,2011-01-18 11:37:35,128,120,5.4776,248,4,30,2,1068,134,57151.8819,417,120.9724,1957
9231,b0d572990477a1db22ca08b325a285991875822d,0,0,0,2011-01-18 15:06:53,335,678,1.3607,1013,11,3,26,43,19,30505.8199,976,555.2035,11765
9257,a6a1af411a23b2998218a202feaaea28805d25ef,0,0,0,2011-01-18 15:50:55,5298,176,1.5525,5474,87,53,1,49,103,51991.7117,260,544.1573,4621
9259,db4ee7270f1f714ec38450e5011b95138785f88b,0,0,0,2011-01-18 17:59:06,164,178,1.1091,342,10,8,2,80,98,20398.4139,943,615.7347,4787
9296,e50e1ec768c6fba6f07ca183711761c0b9ff8717,0,0,0,2011-01-20 16:14:14,393,242,2.2872,635,5,5,9,73,1,48283.7975,971,597.4121,13371
9246,f56fb85529a00eac1d8bb5d3dcc004715b9b019b,0,0,0,2011-01-20 16:35:06,413,1529,2.7846,1942,16,5,9,1128,155,45132.5476,979,593.954,13371
9258,7c10d4284811e000e8aa1c39780ddf44c60f1170,0,0,0,2011-01-20 18:15:27,209,142,2.7603,351,9,8,9,1128,20,48698.847,260,597.2875,4298
9303,8d3861fdcff77f3fbab70247995df8eb410b04d6,0,0,0,2011-01-21 16:25:19,257,654,3.1927,911,8,3,2,36,29,63351.8769,417,171.6481,8593
9209,777f7aea2b4504b67aaf64158ad4cce751b494da,0,0,0,2011-01-21 17:08:21,216,192,1.4089,408,8,3,2,1243,38,38158.3235,16,14.777,70
9304,33252df8fd56096055225328b9721485438356ce,0,0,0,2011-01-21 17:24:13,1294,183,2.9734,1477,24,53,16,82,120,51892.1657,961,623.9442,3830
9323,f850e77d4ba974eab8ec51636ac58a90ab472d40,0,0,0,2011-01-21 19:06:11,289,15,0.1357,304,2,1,1,871,108,9285.8844,969,547.2518,4250
9268,d9a2914d0c3fc866e16a2cc4b67f83198a71a16c,0,0,0,2011-01-21 19:18:28,289,12,0.2057,301,24,11,1,41,7,9609.7738,383,601.646,10918
9332,b7da564a568c38d7d2f8c43dd4388892eb2def3c,0,0,0,2011-01-24 18:52:18,1361,99,0.7525,1460,51,1,8,36,126,18163.1677,959,599.3789,4294
9333,558f8e80b761c53e1dde10c07d84cc486feb6711,0,0,0,2011-01-25 09:32:00,41,154,3.9069,195,1,9,3,1022,5,2172.0,1,536.5008,153
9334,a962be010651a5a21d9e30fa23a58be9b20951d6,0,0,0,2011-01-25 09:37:50,119,138,4.5011,257,6,3,8,937,8,58750.4371,943,544.7836,3734
9338,62e9820fdea79c82163031e8d415e5fe7a11f98c,0,0,0,2011-01-25 09:59:29,232,1299,0.3664,1531,97,5,11,36,132,39972.2238,260,613.4307,3820
9340,cc7c32127d0419ddddadba4864ac123f0f2c0845,0,0,0,2011-01-25 13:07:14,4779,2465,1.1681,7244,5,36,1,40,133,44381.871,378,151.7478,1713
9345,0ab06d2c21f28200b4aa303fe52bc02e97d29790,0,0,0,2011-01-25 14:37:20,2573,1794,5.5611,4367,4,4,16,24,0,68911.7215,978,552.8522,13522
9348,25bf5dc8be5cd2ae6459a543b27893c61eaa5c8a,0,0,0,2011-01-25 14:41:48,421,1618,1.4905,2039,75,4,8,62,8,56173.5423,969,553.6192,3825
9207,c59afdfdb62efc1aff6d0d78e49818d0455556d1,0,0,0,2011-01-25 17:07:49,2784,1162,0.7787,3946,6,22,1,49,5,64871.4843,260,602.0087,4189
9330,f51cd18f807308dfca8b92d64d3d65aab8155786,0,0,0,2011-01-25 17:08:29,364,44,1.1408,408,76,2,4,818,112,65691.4646,260,598.5683,4176
9350,23c0a8711807460e7eb059333ae76e120c0c91f8,0,0,0,2011-01-25 17:24:33,5298,23,2.5568,5321,11,8,3,98,100,53283.5673,260,617.4468,4747
9241,cb1e77871fc50ab40e010d5ce4d4ca1dd74f5f4e,0,0,0,2011-01-26 20:55:43,85,65,0.1008,150,2,2,7,29,127,23522.0693,454,209.9306,1649
9263,f90d0575df79362c4f719a70e8d46bb1d0d9d29f,0,1,0,2011-01-27 10:54:37,495,612,3.2095,1107,29,13,4,63,109,46417.3186,356,149.2116,2235
9298,f32d3ca3ee781946a4d87909917af4f50fcc0c56,0,0,0,2011-01-27 13:38:00,466,7,1.792,473,84,46,3,42,152,52269.6403,350,172.1043,11344
9274,d4e9af3971d2462690ce3e8d18b55e162d8c5691,0,0,0,2011-01-27 13:47:44,1278,901,0.3229,2179,7,2,1,63,8,73941.7333,429,178.5579,8769
9305,f05dc535c83768fc6a8c91e290b0d723f02a49c2,0,0,0,2011-01-27 15:39:50,6757,284,2.7283,7041,19,4,2,75,20,49145.9374,416,206.3813,11488
9321,d5c7493124f49b06ed5fea518a764c9665be2380,0,0,0,2011-01-27 16:49:46,323,268,1.3178,591,97,8,1,110,118,42775.5625,260,611.8081,4087
9325,ae110453452322675913d911c9cea522c03ad434,0,0,0,2011-01-27 16:50:39,352,1162,1.0933,1514,76,3,1,818,6,63894.5983,260,604.2811,3810
9272,1d908cbcefe5b9e02a1def42a2cf4ec9b930987a,0,0,0,2011-01-27 21:00:21,115,70,1.7465,185,75,5,1,937,134,57364.9648,967,546.584,3760
9339,c54d769f41354da7fd2953ac3d7eaea2b1ab568a,0,0,0,2011-01-27 21:41:51,215,148,5.45,363,83,3,1,1243,9,38656.9954,371,200.964,1723
9343,3b219b1f33d1cde3b72012029a0f0cfd0145ef28,0,0,0,2011-01-28 10:19:35,488,1529,0.919,2017,7,37,1,36,6,48007.797,981,556.1383,4454
9347,47e2ecc2f615230a3f9620286030f45e2ef76a7d,0,0,0,2011-01-28 11:36:21,31,1143,0.4784,1174,3,41,1,11,7,53319.5627,47,46.4316,71
9289,f412988a18f8dea85fb34935b24159124ec27c1c,0,0,0,2011-01-28 15:52:29,9591,1143,1.0963,10734,3,2,3,966,7,55163.2422,33,20.606,3033
9282,a95dd4ac8c508926f6d70f76073a63d4662ed2b5,0,0,0,2011-01-28 16:03:22,95,201,3.3574,296,18,13,2,1128,26,48093.9836,260,558.2356,4607
9212,4ef753d4aa8e69e341653513c61d18d8d08fe424,0,0,0,2011-01-28 17:50:04,162,69,4.8422,231,76,22,1,39,5,67304.9881,948,528.2257,3798
9255,016e2c83f358f10daa5d89eb0dedbdc3e6ba2fa4,0,0,0,2011-01-28 18:05:27,17,20,0.7762,37,3,2,3,871,11,7095.5937,983,551.5385,4416
9224,1fe936076aa5274125328761308ae5d72e4de5c1,0,0,0,2011-01-28 18:54:41,14,10,3.7481,24,2,1,3,27,108,9959.8115,980,600.9951,10918
9227,ab960f264f4ce2cdbe130c0c5b83d20e05c42823,0,0,0,2011-01-28 18:54:53,3581,31,0.2576,3612,2,1,6,32,16,10139.5808,957,550.6113,488
9232,f4efd998e53d8d715c6eafbd41892244a6c1a7a9,0,0,0,2011-01-28 22:58:17,259,33,0.1746,292,6,4,1,1068,6,57566.5689,376,157.5207,1773
9261,5dcf6f4f773555797e9b4a18904a66de8bba4561,0,0,0,2011-01-29 17:14:02,858,313,0.5198,1171,11,53,2,1049,17,50855.855,260,612.421,4269
9275,bdc5e5d3452e9d0d07004ad18c146bd152b137c8,0,0,0,2011-01-29 17:14:51,2784,1162,4.8422,3946,76,2,4,818,112,65965.8722,966,539.7798,4248
9291,daecab83a2212f1f3fd1e0b3809bad80be7caa6a,0,0,0,2011-01-29 17:16:59,45,84,2.841,129,3,4,1,61,25,41099.1617,260,608.3036,3821
9306,2e700e98735802563c9d1408d6f44154a2ed2bab,0,0,0,2011-01-29 22:23:21,684,1275,0.782,1959,2,2,2,868,14,84023.3378,380,155.1426,1988
9216,e01366aba32a0ae5c8effad7a43575f5f7b5771a,0,0,0,2011-01-31 12:24:12,43,194,0.1156,237,2,31,1,16,8,67904.3636,51,34.9819,194
9277,1f1d293c3728f7156bcbde91ec164e42afc06d92,0,0,0,2011-01-31 19:24:12,2,38,0.0816,40,40,18,1,987,1,17019.3392,60,37.3378,203
9223,bb6be13ed4caf84c6da6df5646fa9d1a3c6d1aae,0,0,0,2011-01-31 19:28:28,170,17,0.9227,187,3,1,6,986,115,73746.7374,23,18.0197,97
9211,a3c110c6cb67b871630d3b94a56b6516e8476b07,0,0,0,2011-02-01 10:44:17,295,228,1.9297,523,7,5,2,37,11,58452.1412,260,536.8729,4607
9256,93c2ef1c75f6e646cf5addcf5e4623a6be370ecb,0,0,0,2011-02-01 13:19:07,624,2952,1.9907,3576,12,9,4,1049,144,54002.1409,951,624.2841,4744
9351,bd5b40e6301d8a4bf3a284975229bc3c1dea384f,0,0,0,2011-02-01 13:55:08,505,592,2.1712,1097,11,6,2,99,117,40267.3275,369,149.2454,1974
9279,9aa425319fa22b80ec495190c4ffac27b57a9099,0,0,0,2011-02-01 13:57:48,0,0,0.0,0,0,0,0,0,0,0.0,411,182.0,0
9208,e2291d4ffcd7b60512dd604d945bb65cbbcecac7,0,0,0,2011-02-01 13:58:25,438,254,1.4938,692,7,5,2,1041,15,34769.8482,397,172.1095,1978
9329,453291f3e9771133a082514b1c68180d701c06b6,0,0,0,2011-02-01 19:28:20,168,53,1.0527,221,56,2,13,1082,12,38324.0,260,624.1053,4361
9294,b914aac3e51c8d16be647d7d17e397370da1c8fb,0,0,0,2011-02-01 20:59:14,413,245,3.4602,658,21,12,16,78,13,49493.431,968,603.3025,4197
9218,dcebe41393d1ea05cc4a4160d2a7708cb973bcbb,0,0,0,2011-02-02 12:00:02,6757,1529,5.8031,8286,84,37,1,34,4,46640.2212,260,538.5781,4504
9344,320367fce123f68f51f58d93e70f1dcc80802b14,0,0,0,2011-02-02 13:10:04,416,156,0.4619,572,87,5,16,1049,144,50464.2158,937,609.6451,4273
9220,6867efb02dbea63024dc171b431b170d35fb9989,0,1,0,2011-02-02 15:24:05,221,20,0.0411,241,2,1,10,9,1,59066.4475,19,5.1323,2713
9203,2f5f706bbde9421e93b668214fcf90ba8568567f,0,0,0,2011-02-02 15:28:29,28,38,3.0268,66,1,5,2,9,4,83013.0853,27,19.5551,55
9283,3a2bb02a62c91e65fc7745b5171a3b18f91a4257,0,1,0,2011-02-02 17:30:45,0,0,0.0,0,0,0,0,0,0,0.0,40,24.0,0
8834,1f83abb12498d9cac67a49cb25f730ab1a73466c,0,0,0,2011-02-02 20:38:33,66,901,5.555,967,4,11,4,36,6,77679.5417,260,606.6717,4228
8855,9567c621289e43282ccb1a95e21d6f26c0dad3df,0,0,0,2011-02-03 10:50:41,201,310,0.2261,511,70,19,1,986,0,75536.7071,375,229.8846,355
8832,f11a8b7622b87221fb451f088a40d53150b21471,0,0,0,2011-02-03 10:56:46,32,15,2.0478,47,2,4,2,1082,2,34617.8344,260,554.036,4727
8851,47798dda38b58ac298891cf3f2086a7b1cfe823f,0,0,0,2011-02-03 16:12:38,1512,1526,0.2285,3038,4,26,1,1021,98,19578.1743,478,240.8522,83
8836,ec8c2afec88b949e6f5fa11e841734d235eac6b2,0,0,0,2011-02-03 16:13:49,2753,8089,1.4033,10842,5,3,2,24,2,61933.7208,386,198.6866,1907
8833,73f3101ad57d465eafbc3138b3a458b6adc2c690,0,0,0,2011-02-03 16:15:00,66,8089,6.2875,8155,4,38,1,26,4,62212.0369,368,161.0087,1941
8838,7196a0987edeef010d269f3e5c055090a6708611,0,0,0,2011-02-03 18:53:51,359,1794,1.9884,2153,8,4,16,44,128,71380.4063,260,555.6797,4375
8835,33cd83657501755466a31da681f7e96ebbbed08c,0,0,0,2011-02-03 21:45:45,287,72,2.4272,359,7,5,2,1177,5,43104.3097,429,187.9045,1922
8840,bfbdf48d2331b056795d93c7885863fbcc31fd32,0,0,0,2011-02-03 22:11:45,29,2465,0.1466,2494,1,1,1,1177,10,42483.6524,423,169.1079,1792
8839,ee3996d49c2939ccf7cfe7ef9fac417377fa5d09,0,0,0,2011-02-04 12:31:25,260,3829,0.7246,4089,1,1,12,1033,134,48639.2038,1000,11.4725,43
8842,d1e225ccb1c014f951b997a1a906fe0f97770641,0,0,0,2011-02-04 12:32:28,456,102,2.3318,558,8,2,12,27,134,48683.8475,277,107.6118,532
9215,2efdb7a4c43243c3c59b6ab378d03bb2cb28fc90,0,0,0,2011-02-04 12:43:38,2795,195,3.1787,2990,20,2,13,1377,138,49314.6923,231,107.0206,531
8843,60b9d8095d48ee2a423a0935d3540b4b139c4014,0,0,0,2011-02-04 13:21:40,199,70,0.8156,269,80,3,13,1377,1,51738.1754,1000,2.9296,2844
8845,22caf310b241855c1691480b1f158856d99b0864,0,0,0,2011-02-04 13:30:56,6363,3319,0.8359,9682,2,2,1,1243,6,39571.4896,15,8.728,17
8846,8fb2306050b085fd7712f0bee25dc17588e21a66,0,0,0,2011-02-04 14:59:02,2753,8089,6.2875,10842,99,38,16,1130,5,62078.1548,369,204.0847,1938
8847,8f900758c320a6a77c3e1b62978d569957ad3dfc,0,0,0,2011-02-04 15:01:25,15,58,0.1708,73,2,1,6,7,6,65636.4247,4,8.9558,3033
8850,7fd9521a362837ddc33aceb0a2ccf8805d442da2,0,0,0,2011-02-04 15:02:28,1198,269,1.0628,1467,6,3,6,27,12,65312.6088,1000,23.2977,3033
8854,33c84a57eb69c4f2c699f2233df22924d0945acc,0,0,0,2011-02-04 15:11:44,58,67,0.0741,125,1,1,1,1022,1,402.448,273,111.4635,488
8848,b467c4cb1e2008c3b590c486d7b74afc2df3a6b4,0,0,0,2011-02-04 15:18:22,157,32,0.0786,189,1,1,1,989,7,8442.1142,1000,24.7657,3033
9295,1dd3ee6137660cbe3c1b4ecae2bc3bc5f2056403,0,0,0,2011-02-04 15:28:12,6,5083,0.0377,5089,1,1,1,11,3,399.3808,20,17.7644,18
9233,08627ab3f6595c4147b01c8b7fc7239d6d2fde0f,0,0,0,2011-02-04 18:28:58,11,111,0.5468,122,2,3,2,1021,33,18723.773,285,115.764,393
8852,ca197e6d6517d01c6b1afce7ccf14dbb8bfa4cdd,0,0,0,2011-02-06 13:48:05,561,73,1.967,634,7,5,1,18,10,27876.9299,46,28.1952,115
9324,6ae66029c7ac5403fa9669f68c7678ff7d469c3c,0,0,0,2011-02-06 15:19:45,39,245,0.1271,284,11,5,1,251,6,85880.1025,260,600.1912,9112
9313,9c4d6ff9391cd72b633922a011c4554a87c9280e,0,0,0,2011-02-06 22:26:05,289,59,1.8214,348,7,5,1,966,10,55508.9829,439,199.9121,1897
8849,4bc41ed5e8f1eb7aebf9052ec4e4ab8aacd9882b,0,0,0,2011-02-07 09:18:55,169,2465,1.1579,2634,4,4,3,1177,6,42201.131,20,710.5,3064
9265,df55350c9066f016a3a921c1d6dc2b41bcbc718f,0,0,0,2011-02-07 14:59:45,880,14,3.9069,894,0,0,0,3,0,6.4028,11,11.217,11
8863,3924a8e7d80c00e4fade39e32e0a47b70e822c23,0,0,0,2011-02-07 15:22:58,40,35,4.7077,75,2,2,1,1021,114,21936.1693,1000,18.4035,94
9299,c72d88cc7aeeb98043d8d988a812d8eaf353dcd0,0,0,0,2011-02-07 18:46:36,880,5083,0.0108,5963,20,9,3,1022,107,2172.0,380,158.0642,3033
8867,35a239b029c5f4c8ac7ccebc93be79f9b281e7d1,0,0,0,2011-02-08 16:46:04,55,153,1.8068,208,5,38,1,1033,8,47111.6316,388,208.7468,1775
8865,4fe75a1e911b10e47427c8ffe4051e6c1af3dcf4,0,0,0,2011-02-08 16:46:04,354,3829,1.366,4183,7,38,1,1033,7,47303.4911,431,209.4228,1964
8870,d5dd8af1e71599656b167bec0a1ddaa05102ff69,0,0,0,2011-02-08 21:16:56,120,148,2.3033,268,9,3,1,1082,141,33780.4592,260,607.3055,4201
8877,ec3b9bd5f50ba008c1e26f826d61600db1af9df8,0,0,0,2011-02-09 10:20:33,2784,1162,4.8422,3946,7,22,1,42,112,67804.0,945,623.2044,3721
8876,a18b96858ab41cca1c690703eef387276fd9e795,0,0,0,2011-02-09 10:37:32,2784,79,0.3365,2863,76,2,4,67,9,61985.0689,260,530.6465,4210
8861,b4731cf3273fbad51e9132724aaae54a885af033,0,0,0,2011-02-10 10:57:28,9591,38,0.5488,9629,4,2,8,966,2,52924.7186,1000,12.9597,51
8881,ac0bae37ac1d2b3456a6169fb745a179689ca409,0,0,0,2011-02-10 11:51:43,54,50,0.8398,104,62,2,6,916,6,68545.1891,1000,21.8537,65
8869,a29851539b6ea901a6ae1668327f27d7150e716f,0,0,0,2011-02-10 14:41:44,126,128,6.2875,254,2,38,16,1130,3,63811.1506,32,18.8095,3558
8868,93f0fae9a1016cb67a49e3895acae13da6f752bd,0,0,0,2011-02-10 14:42:44,5,5083,0.0298,5088,1,1,1,15,7,82.7763,5,18.685,25
8891,1f6e9fc90330e42be9bde1b1bbe2fa01c299e256,0,0,0,2011-02-11 16:26:07,299,50,0.2694,349,7,2,1,53,101,46195.3084,481,146.169,1860
8882,3f177b3319a5375ea07d9a22d927a9f62f6ba353,0,0,0,2011-02-11 16:55:16,72,78,0.1981,150,1,5,1,34,11,22534.7315,455,161.6485,1733
8872,e070297e16b236c52d653379c6cb174efb6906f1,0,0,0,2011-02-13 18:02:27,665,118,3.4637,783,15,4,1,20,119,68682.0472,39,575.0,153
8874,66347ba292d05107701feac3bd62a20b2ff4e9a3,0,0,0,2011-02-13 18:14:46,113,351,0.0,464,12,1,1,51,107,620.6771,92,710.5,3033
8875,d1f364811638179dabc53b531aac22aba7f6ddef,0,0,0,2011-02-13 18:31:28,3,11,3.9069,14,20,9,0,1022,0,2172.0,14,12.5064,3033
8857,acba2b60d98bef4125f04396d6e4510003abafd8,0,0,0,2011-02-13 19:55:15,0,0,0.0,0,0,0,0,0,0,0.0,40,24.0,0
8859,2cd9d80b0dbdbf3b655abbd522e13e5605366da4,0,0,0,2011-02-13 19:55:47,58,2012,0.9122,2070,4,1,1,986,115,75419.9231,55,35.6721,103
8889,3fbd838817985e937ce0821c7d186c4087ee8d8c,0,0,0,2011-02-13 20:15:14,425,30,5.2754,455,70,19,6,986,115,76467.0443,21,21.1548,81
8844,1dedcaf309f0b2028c11815f752882c397ab0b7b,0,0,0,2011-02-13 21:10:27,469,7,0.033,476,1,6,1,10,7,3339.3034,20,3.9296,84
8862,7dcddf925c0e868313d97eb812aa8908752fdb79,0,0,0,2011-02-14 20:14:29,684,56,0.0865,740,11,5,1,868,2,82489.96,382,166.1062,1980
8893,4cbfcdd0b10a5987d4efda9923973337b3093471,0,0,0,2011-02-14 20:40:21,56,7,0.8435,63,3,1,4,871,7,80184.146,387,199.1811,1769
8858,f34c9d61ad48c1355e123c5930470ca175bc7dc9,0,0,0,2011-02-14 22:06:39,143,196,2.3452,339,5,3,1,55,17,40499.6901,448,195.4387,1786
8888,c65e9288f89b05f5a77356de53885e20e927d5c1,0,0,0,2011-02-15 09:46:01,516,2952,1.0896,3468,87,53,16,1049,144,53549.8205,967,625.0655,3579
8856,59a53f119da13d37f49b3e0032c833d2fc1912b4,0,0,0,2011-02-15 12:14:17,19,450,1.416,469,13,10,2,1020,55,55128.0096,419,140.3195,10610
8892,cba7ccb093f782c5dd1fcfc3be98e1147f9330b6,0,0,0,2011-02-15 14:15:13,44,193,0.3245,237,87,3,1,43,5,57967.0539,379,166.4074,1759
8898,42249a04163f6fc36f89f6fd581a568a0d70e80c,0,0,0,2011-02-15 16:23:03,217,87,2.8072,304,7,5,11,81,23,39743.0466,974,549.256,3802
8895,85e59c215d762c7bb6d8671e6b2ef5bb2e854aad,0,0,0,2011-02-15 16:47:34,42,137,3.182,179,24,15,5,34,110,6424.1986,1,1.0,498
8900,6e81614c6ce3d2d6cdf0ea818f4236ff9df88ca3,0,0,0,2011-02-15 18:08:31,29,4,0.1017,33,24,11,3,39,108,6503.6527,383,552.446,4204
8903,cd9abb089fb0abcbee877360b44ac18fb2fe4d58,0,0,0,2011-02-16 10:15:27,35,57,0.1239,92,11,5,2,868,5,83447.7896,384,161.7798,1737
8904,4fd5480f8528ea0dbfa4fddcda3c3ac86cd313bd,0,0,0,2011-02-16 10:18:29,6363,3319,0.2878,9682,3,2,1,1243,132,40914.1202,366,199.7838,1679
8885,f0783f831fc9202549d8899e93eabfaf9eca0ccd,0,0,0,2011-02-16 10:43:35,5665,266,1.0338,5931,7,5,2,1051,7,30914.9368,434,150.6976,1801
8905,616a86a80cd22744d451cd8256534ea6370eb826,0,0,0,2011-02-16 15:56:16,479,203,0.5975,682,5,3,1,31,17,55352.4817,390,203.3313,1755
8909,687e68d94bba622a2de1a9f28dad88ac979dc304,0,0,0,2011-02-16 18:07:09,67,126,0.3436,193,75,4,8,937,134,60538.6868,955,532.4806,4355
8887,257a364717caefe15114c5ce97c685108839c235,0,0,0,2011-02-16 19:35:46,658,2952,1.6786,3610,13,6,2,104,26,54804.8918,962,531.2791,3586
8918,34757ffe6c67fe9ee7d6bc38d842e071a15a8c48,0,0,0,2011-02-17 10:04:42,355,2659,0.26,3014,87,53,16,1049,126,53163.2507,260,652.1984,3769
9331,e214c7e17bb935d99ba1c22de5ba33ce84ace532,0,0,0,2011-02-17 12:14:56,129,14,6.2622,143,2,1,8,966,4,54321.1306,1000,5.7419,101
9300,ff775ded34f16aaf36c37f94132fe904e484bea9,0,0,0,2011-02-17 14:29:11,2985,2012,0.0131,4997,70,19,6,5,2,72877.5065,14,8.0276,53
8908,600ed291e5850fd0ed56d65692cb56725b087b05,0,0,0,2011-02-17 14:34:13,89,3382,3.9916,3471,16,4,6,41,8,68111.2947,1000,28.172,140
8902,1efe9bae68155f853b4285fedffbabc1f3f2d16d,0,0,0,2011-02-17 14:34:44,6,3,0.0155,9,79,1,1,3,116,56091.8402,9,10.0759,36
8907,5bdb4c05e3950374fdf1beac651c7df85deab3da,0,0,0,2011-02-18 15:21:01,176,7115,2.8403,7291,2,4,1,73,5,62976.7226,420,193.8783,11375
8864,54a645f6a2bed827f31b7d71629bf4892c1eb906,0,0,0,2011-02-19 13:23:24,172,133,0.5707,305,2,5,17,50,14,44933.7516,439,151.0206,1925
8894,c0f4d0693965ce53703c251ea92fa3f81def6588,0,0,0,2011-02-19 20:22:42,4307,2648,4.808,6955,3,2,1,987,1,17851.0501,380,152.5557,1745
8911,4df3622bffdf324e2ad2ee444db73c5a9ee38b40,0,0,0,2011-02-19 21:47:07,4307,157,4.808,4464,40,18,5,987,109,17653.7783,453,148.3215,1954
9319,05502b70acc457dabcc327895048ceb69a19a417,0,0,0,2011-02-21 11:47:29,2282,561,1.677,2843,10,2,1,665,150,62132.5457,415,182.1456,8750
8886,e101fff06c1baa5b982826392de4136d96a1b581,0,0,0,2011-02-21 12:57:19,3017,100,4.5011,3117,75,2,1,937,17,57794.2092,940,604.833,4244
8906,215cd50949e9baba47a93d5dabb7387ac16cd994,0,0,0,2011-02-21 16:13:46,33,98,0.1601,131,4,18,1,39,4,81313.0,1,617.492,244
8883,2417f343536cdac38986221bd8dfab36ff0bf8bb,0,0,0,2011-02-21 17:30:17,1361,2240,0.2667,3601,51,2,8,45,12,21504.3236,260,545.749,4202
9307,f51ad0a8a2c0dbae59bb435587a22934eeb3b886,0,0,0,2011-02-21 18:25:11,3581,694,0.2122,4275,38,1,6,37,12,10891.8591,457,203.6974,1754
8866,83e2433cf920bee9f311123fe0f560e24a8418d8,0,0,0,2011-02-21 18:27:10,65,46,0.1773,111,2,2,1,42,10,19799.0877,371,160.2687,1967
8923,7947d78d53cb6c254f0d4a36ef51ac889e3b41c8,0,0,0,2011-02-21 20:02:32,313,354,0.0042,667,6,46,15,1020,152,51514.1308,331,174.2235,11588
8916,f39950c9b2c95d726e33c78c9fafc562e18c19a6,0,0,0,2011-02-21 20:48:37,467,300,1.792,767,5,2,1,1020,21,51543.1437,424,132.5271,11449
8919,89eeb3b940185c6852290c0f895deee2de974a58,0,0,0,2011-02-21 22:10:40,6363,134,5.45,6497,3,2,1,40,9,40756.3465,387,157.1662,1681
8927,db790d1c3c361ea0f91e49a98a7535ebe8c91e8f,0,0,0,2011-02-22 09:58:48,941,58,1.6529,999,4,3,8,21,2,39463.5852,18,3.3465,56
8956,0dcbb2280df7201072c6339bbe58ddb9f6652a60,0,0,0,2011-02-22 12:32:00,6757,169,2.4014,6926,14,10,2,77,115,44225.8141,972,622.5041,13371
8930,9b9212ef05cdc1a0d5dd67ea91f3fed30579c337,0,0,0,2011-02-22 13:12:36,34,5083,3.9069,5117,1,9,3,1022,4,57.9604,1,537.8127,107
8924,3069821aa2183732c345f9c19e1e23f388eb6740,0,0,0,2011-02-23 09:13:03,62,14,3.6595,76,2,18,4,31,6,79991.7925,60,4.7616,259
8928,5a29a2e9bf5c0d7223805e3a54a652c44d9b5bc3,0,0,0,2011-02-23 15:33:27,29,473,0.5175,502,87,1,16,89,27,49754.7574,260,541.8707,3774
8933,3e4a21ef45468cd919c4b0538a0b25fa00694426,0,0,0,2011-02-23 17:08:04,3581,13,5.1282,3594,3,2,1,30,1,12075.8629,16,34.5004,98
9308,b89402d7cc104dba568a7001438d2a51e7987b40,0,0,0,2011-02-23 17:27:41,605,944,2.42,1549,13,6,2,48,4,62319.6025,426,180.3367,10236
8925,4829ffe818c96cda2c337ed15945f8145039b077,0,0,0,2011-02-24 11:39:35,880,5083,3.9069,5963,20,9,3,1022,107,2172.0,9,8.9179,3033
9311,8e73a0893bc03c0210c25582c97271b582313bb1,0,0,0,2011-02-24 16:33:47,1759,36,4.6287,1795,2,32,1,16,4,23648.5744,32,21.4713,101
8921,cbb57f8e176b9f54d6c3545276313cb972f226a3,0,0,0,2011-02-25 10:10:36,85,3319,1.2116,3404,2,3,2,1243,15,37494.4506,21,14.3042,1
8932,d6b7493b110fda2790845e55409593b09f859c6b,0,0,0,2011-02-25 10:33:50,123,8778,5.8891,8901,2,44,13,1377,10,50041.498,1000,710.5,2844
8912,403168e18e400f1d6595211b83bc029cfab70152,0,0,0,2011-02-25 13:56:37,6757,26,2.9386,6783,9,7,1,1128,16,47546.3131,435,122.0069,11523
8929,e1e5d4ec0eb85f55516d84358fba832236373256,0,0,0,2011-02-25 16:37:32,250,1143,0.2581,1393,2,3,8,17,10,54160.0607,71,10.2218,78
8917,34070726f6493cb423af3c3697a8d848c753a596,0,0,0,2011-02-25 19:26:03,385,177,1.3847,562,7,11,2,78,28,33329.1981,969,615.8804,4431
8935,906e6251d5be73790a6a8cf1fafdab0d85206c64,0,0,0,2011-02-26 12:56:46,399,205,1.3811,604,87,8,2,92,10,51014.4255,260,538.3255,3804
8959,a809322546c91fd5f9b6270d4eaf81b97612cd28,0,0,0,2011-02-26 19:26:42,8898,117,2.2385,9015,9,6,2,114,122,36637.0959,376,214.8289,180
9312,f2d758b2693347701e6cc67b1316825dbe2a8af6,0,0,0,2011-02-27 15:57:38,289,238,0.2123,527,24,11,3,57,6,4961.5,383,547.7248,4229
8939,54ca0e042ae0d2f058911da1e6d9905d576f5224,0,0,0,2011-02-27 15:58:34,3017,1618,0.3974,4635,75,3,1,42,6,61365.2603,961,547.2186,4283
8942,7d4e1eef17c32eef647c0f49e60f56484b8c2a87,0,0,0,2011-02-27 18:11:13,58,4441,4.7242,4499,71,40,16,1051,2,30215.5833,403,188.5684,143
8944,bbc8c3cddef2fc6d2ff40e77aeb114ecdf34166a,0,0,0,2011-02-27 18:17:57,0,0,0.0,0,0,0,0,0,0,0.0,411,182.0,0
8922,c8817968e91de284e64092d6b57ec2ee1cf34eeb,0,0,0,2011-02-27 19:57:14,1278,901,0.2406,2179,90,11,4,1130,6,77264.8809,260,606.1524,4248
9310,5128882a6ca5ed40c3b24a077a338712e0fcf1e8,0,0,0,2011-02-27 20:11:24,36,386,1.9994,422,4,1,1,120,6,2954.7069,965,601.214,4312
8931,7715a537d8ac42ac5732164c3b81eb41ce3524bd,0,0,0,2011-02-27 20:12:47,64,238,3.7481,302,24,11,3,53,9,8833.2711,969,556.5232,3740
8938,aff72d3374b14258abe79f41fa3bc2e7e1dffcee,0,0,0,2011-02-27 20:14:35,880,5083,3.9069,5963,1,9,0,38,107,2172.0,1,599.0295,142
8940,853753233348e44e18ef95297015fbdb8080b193,0,0,0,2011-02-27 21:00:34,411,28,0.1317,439,2,5,2,12,2,79875.0951,335,710.5,8741
8947,e75d779f5652e229d14d093996af053fd1d867bc,0,0,0,2011-02-28 14:33:14,1325,889,4.6492,2214,1,22,2,665,24,59736.6739,415,181.1537,9404
8945,6f1db57050a39a88294aaf651469b8d8816eaa2d,0,0,0,2011-03-02 15:55:16,2573,28,5.5611,2601,74,53,2,820,128,70771.8656,958,547.3314,13522
9309,0e50a57c5cc48761cc2000528720f4079270926a,0,0,0,2011-03-02 16:05:09,195,8089,0.216,8284,4,2,16,38,3,61631.5713,429,202.2049,1784
8936,203945628ea70f74406524672e1349ac6394d999,0,0,0,2011-03-02 16:28:50,3439,1299,1.1218,4738,7,58,1,1022,2,43761.0052,260,609.4939,4291
8943,cb7a0e80415ef4c34545066a8684294f3e8788ff,0,0,0,2011-03-02 16:30:34,6757,1529,2.9379,8286,16,7,9,77,12,45878.698,260,539.8073,13371
8953,f71f0517650147ad2f88967a1b0a15c8d53028e3,0,0,0,2011-03-03 00:16:17,134,41,4.8507,175,1,1,1,14,11,34965.9906,9,14.8518,21
8960,9a868daf2a392b5ea8abf2b1a1e35dc05f0bc436,0,0,0,2011-03-03 10:19:38,2784,103,0.2113,2887,7,22,4,818,12,64407.3413,945,532.1147,4217
8962,cb9ccde5fcef9b474261b352e8b84db992f1d318,0,0,0,2011-03-03 11:02:17,225,2465,5.2833,2690,5,3,17,43,3,44537.2019,379,163.7835,1756
8937,cbf6ad8e2c9dfb3cafab4c605d23665d7e9ca38f,0,0,0,2011-03-03 12:31:04,3017,80,2.6903,3097,7,5,1,78,25,58556.1854,260,544.9603,4132
8963,f8cef27b90fd1989dac1a4e7633fbed94dec2724,0,0,0,2011-03-03 17:44:32,64,47,1.6767,111,7,5,2,29,13,15134.8382,959,610.0271,4073
8964,d50ce6dcd3ee45c40aa664c164fdb95365dcec86,0,0,0,2011-03-03 17:48:44,16,23,0.0709,39,1,3,2,120,4,485.8749,260,609.8024,3570
9239,f77cd2448790a57eccb2213f2dd0f847012619e3,0,0,0,2011-03-04 13:13:40,5298,264,5.0395,5562,5,5,2,1049,10,50697.4849,260,621.2109,4233
8969,aa49018e7d766968544492a83f8be390f3d83655,0,0,0,2011-03-04 13:14:25,15,221,1.6909,236,11,53,2,51,9,51542.128,260,541.8381,4290
8967,141e550169d2693b95a7ac294d912e490713555e,0,0,0,2011-03-04 17:42:16,3,250,0.4676,253,4,32,7,827,16,23103.9817,1,536.2031,4291
8972,7591dbe90801cec6719045e75c3f254ebcf90703,0,0,0,2011-03-04 18:01:43,3439,55,0.2467,3494,97,58,1,1022,9,43741.2923,953,542.2797,3853
8975,df5d0e0d6eb23430020eb3a81cc1fc2cf10dcec5,0,0,0,2011-03-04 18:13:27,37,17,1.9994,54,4,1,1,120,5,3123.8167,974,599.0262,4298
8958,18e70c729776a52ca10f2383ebcf1a9840627b0f,0,0,0,2011-03-04 19:44:52,545,106,1.718,651,7,4,13,33,16,49945.043,3,15.7589,52
8961,d2a28e6cc88322f1fa3604ba3f387590999e41f1,0,0,0,2011-03-04 20:32:59,469,0,0.0351,469,6,6,4,1000,11,2813.0085,2,19.2756,3033
8971,0a6b2e2ed9f607d3ff3888f1f584ff7a64aa31ae,0,0,0,2011-03-04 21:36:01,49,618,0.43,667,2,2,4,5,12,3265.5541,28,21.1745,3033
8977,a3e2205f379e61611918cd74d00c4b61d532d015,0,0,0,2011-03-04 21:50:05,483,525,2.0519,1008,7,5,1,0,13,39010.6323,4,7.748,3033
8957,0cf3b16f84d4d354037b21758584ffe76020c23a,0,0,0,2011-03-04 21:59:18,880,5083,0.5647,5963,2,2,1,39,8,1012.2334,38,25.1723,3033
8968,5f69dcee51507861f8018a43c690437ec81ce386,0,0,0,2011-03-04 22:02:04,880,32,0.0275,912,1,1,1,1022,3,178.5474,4,15.8623,12
8973,cb7e8e6e30fa349874c6a93080c88c6d6a10dc25,0,0,0,2011-03-05 16:30:42,840,346,2.2671,1186,23,9,16,112,23,48874.2,260,616.8163,3784
8978,945ff09105f8cbfca2d5c65db19c51fec2e54c04,0,0,0,2011-03-05 16:37:37,364,1162,1.7016,1526,76,2,4,818,6,63216.3955,972,529.398,4224
8988,83f3b683b65e882381198a820ca09f7999e47f93,0,0,0,2011-03-06 16:25:10,285,220,0.625,505,99,38,2,38,134,62571.8259,379,193.9887,1919
8991,b8f114a42986c14225edee58f02138b93fc1318d,0,0,0,2011-03-07 12:18:28,43,21,0.2402,64,2,2,6,4,9,73187.8716,48,45.3884,130
8974,41613ae76df5c278f911c32e100f184f74c1cb27,0,0,0,2011-03-07 12:20:01,655,3829,2.2962,4484,8,4,12,1033,134,47986.0059,35,45.3892,93
8979,f933fd5dca13010904f9b08f5631478bb20ef9c2,0,0,0,2011-03-07 12:54:48,497,3962,1.6915,4459,11,46,2,72,19,51591.3564,410,123.4214,8642
8878,2d2ce8a179193f5a64ad035ce7ba806a0f6e737f,0,0,0,2011-03-08 11:28:26,170,107,5.5611,277,74,4,16,58,128,69057.0947,419,107.2122,8660
8970,c75fca44dd6d96654d67b43877ae0023af6aa6bd,0,0,0,2011-03-08 12:02:08,6,67,1.6982,73,9,3,1,1082,25,37831.5041,260,553.3987,3818
8987,9f75677507e21cf472d96bda52054a99b5d198c0,0,0,0,2011-03-08 12:03:56,194,93,0.3618,287,7,4,8,68,10,60555.5975,966,533.3521,3747
8950,c190a702a88d102c33a0ef191031f3bc79e06148,0,0,0,2011-03-08 14:53:30,1278,93,2.7267,1371,12,5,4,1130,6,74105.8731,260,609.1405,3746
9237,e3318e51680010caff692581f91e1a5e06c3c3ec,0,0,0,2011-03-08 15:00:08,19,37,0.1766,56,2,1,1,211,8,11527.2951,331,129.6472,8648
8989,8d584e3f8af66f5ba61e326b34dab0d484751b7d,0,0,0,2011-03-08 16:02:11,11,11,3.0646,22,12,8,1,7,17,14700.3481,957,603.1989,4247
8993,2c9bbf4d6b3a20ff63e50051652b90a38d60c6ed,0,1,0,2011-03-08 17:17:18,0,0,0.0,0,0,0,0,0,0,0.0,411,182.0,0
8990,409e078955fd7aa6d6232908a37a013fdc68c9c4,0,0,0,2011-03-08 19:03:33,11,124,1.1376,135,7,5,1,3,8,29554.7704,26,51.4616,63
8952,9441c68f56d5df35835519587dafeb287ae6c54f,0,0,0,2011-03-08 21:28:36,230,133,1.7691,363,9,38,12,1033,11,45095.8658,390,213.1853,1738
8986,b3c90b12fbb1103358200e158757ec5e6526b734,0,1,0,2011-03-09 10:21:22,50,18,0.0279,68,1,1,1,1243,1,40869.6361,43,37.056,91
8965,d65f09417cc83878d2dacb46308d8a92063f0411,0,0,0,2011-03-09 11:03:34,7,12,2.5,19,1,6,4,1000,3,2617.9351,19,28.8502,156
8941,d2faae2918fba7a07599c16efb7480d5aba05f76,0,0,0,2011-03-09 13:13:57,51,39,0.0766,90,2,1,1,17,12,56654.5173,54,47.3073,131
9240,5ee3280862760ef39749b634d4b118c406f8545b,0,0,0,2011-03-09 18:30:21,454,8778,1.5108,9232,5,3,1,30,16,50380.4123,32,16.425,113
8996,9604b53eb8b129cad69d4a1de0fd9d91f6bee67e,0,0,0,2011-03-10 14:33:17,5298,157,1.2934,5455,87,53,2,94,8,53026.177,956,605.3557,4320
8976,a733182146a6d5ad3f18894137bd8e74979955f6,0,0,0,2011-03-10 15:58:28,20,31,3.7481,51,3,2,2,871,18,6872.2767,969,609.5316,3954
8997,20c7daf33e5670e2c64b49ad47fb10a811027cdf,0,0,0,2011-03-10 18:20:00,39,386,0.1316,425,1,1,2,120,5,269.3807,260,609.403,3666
9005,d5efeb96d424d238f4f0c22256846386a95e589c,0,0,0,2011-03-11 11:52:19,12,30,0.4848,42,2,2,1,33,9,79996.5236,260,544.8834,9112
8980,3e2f7e98b813006d972b53a98a939cf8e8d94574,0,0,0,2011-03-11 11:57:55,59,41,0.2896,100,3,1,4,1130,6,78201.5396,260,594.7529,3742
8994,ebfe519e84b953ba58b48a056d4fc90238dee55c,0,0,0,2011-03-11 12:06:30,2784,1162,0.189,3946,7,3,1,818,112,64397.2048,956,528.9191,4199
9000,8dbf35f1bf420b8b9c5b23f67d3774b8820df244,0,0,0,2011-03-11 12:22:36,91,1200,0.7774,1291,56,3,2,1082,1,37393.3634,974,552.5425,3789
8951,7921bb3d4e851e9542c006f0c7484642fbf5fa41,0,0,0,2011-03-11 12:42:33,24,386,1.9994,410,1,1,1,18,8,3248.4096,958,610.5786,4329
9010,eeac9fc9e0a14bea541548f54066ac25318d33ea,0,0,0,2011-03-11 16:38:48,169,178,1.1641,347,9,3,11,1106,145,28448.1895,1,628.2349,3790
8897,02e360878fb20d6ce72d50526e7319387795e42e,0,0,0,2011-03-11 18:03:59,411,11,2.647,422,11,5,1,23,3,84972.506,948,530.2766,4421
8955,f33e439246d00dfb8981bce7a54c801a9b9d53a0,0,0,0,2011-03-11 18:37:17,378,1794,2.0027,2172,2,4,2,45,128,70822.1884,354,111.562,8506
9012,942ee1e10c1edbebf77d2ca06fca2cb66fb3756d,0,0,0,2011-03-11 21:04:11,33,27,0.8466,60,1,1,6,3,6,15618.572,260,555.694,4386
8999,606e3d5b0bd3bc07a91bc468da694e6d93ca05d2,0,0,0,2011-03-11 21:04:32,67,2240,2.4923,2307,11,9,2,17,15,18688.7887,980,604.7063,4678
9015,864ad6a752b033b20292ff7ef42ca54eea81e311,0,0,0,2011-03-13 09:05:57,57,77,0.0725,134,2,41,1,966,5,52810.0843,22,5.4816,3033
9020,913eafbe0c476509ca6445eefe6660973a5049da,0,0,0,2011-03-14 09:49:04,5613,323,5.6438,5936,7,4,12,1033,12,46168.8585,1,606.4764,141
8985,9fc5f986ac21d54195332def0f9755e37ced4fbf,0,0,0,2011-03-14 10:24:32,411,245,0.197,656,11,1,2,2,8,79602.5698,962,608.9438,4243
9001,f906d608e79c6f7cf06ba3dadad2480b4f337aa3,0,0,0,2011-03-14 13:18:34,475,321,1.4657,796,84,6,1,1020,6,56793.9636,420,177.6242,10522
8984,e06f497e6390c47d3ffb437f792e6fc1cdcc1f48,0,0,0,2011-03-14 15:46:11,75,241,0.1826,316,2,2,6,44,4,65967.1738,444,203.4921,1750
9023,17dc9afd5f796c8752f5703da87e3b0ddef14e88,0,0,0,2011-03-14 15:47:22,143,2648,0.2159,2791,3,1,5,987,2,16938.118,385,199.2956,1725
9002,a5a7e1a44550b7ee1384a8ab6d252fd8b12d1550,0,0,0,2011-03-14 16:40:53,54,108,0.1171,162,24,1,5,989,1,9673.4561,456,159.4949,1927
9003,b7f1fdb55e474bbc7b1ea8575b87b87dd0f2f4fe,0,0,0,2011-03-14 16:51:47,40,1275,3.0268,1315,1,1,2,43,2,83794.3991,440,163.1022,1914
8998,613b896af736e3e16c8836d09d26c14d6236e9db,0,0,0,2011-03-14 17:21:47,120,7302,0.1692,7422,50,2,6,42,4,65985.0033,381,160.4798,1759
8995,05ca709522c3cc48bb8bff98c673543400e20aa9,0,0,0,2011-03-14 17:32:10,64,51,0.7208,115,2,2,2,31,4,83094.6334,66,45.701,255
9014,9788c0dec8edf72356cbbd94a5134f22112df69d,0,0,0,2011-03-14 20:07:06,38,465,0.0419,503,51,1,1,871,4,78142.0549,428,169.6237,1789
9013,aaa5fb5b0f96c92cbca1742b61b9fcc62a00053c,0,0,0,2011-03-15 15:42:45,347,164,0.8436,511,5,2,1,1243,11,37212.0054,384,170.7346,1756
9028,f37f441c4c9fa6a0b7784c003392bbe43c215692,0,0,0,2011-03-15 16:23:41,2869,0,0.5108,2869,11,8,5,159,90,30542.8342,907,519.9832,11765
9006,c0c3a74b4f69f38432521f37852c873b7f31307d,0,0,0,2011-03-15 17:15:00,148,83,1.2528,231,1,5,1,818,4,64856.0722,260,614.3501,4205
9042,c8e1ba93c14dde92c1dafa568f51a4c8c6745877,0,1,0,2011-03-15 17:35:36,839,2524,4.3902,3363,40,20,1,1183,117,30431.3219,306,92.9681,11132
9018,9bd66c59debd78b7f9dc418023fa3563b3c1adf0,0,0,0,2011-03-15 17:56:08,2182,2003,0.432,4185,6,34,2,1106,17,27339.4741,1,540.5435,3793
9009,580848888816479cce85dc0bdd42e9e59accd952,0,0,0,2011-03-15 17:56:27,324,193,1.123,517,1,8,6,211,5,16175.1859,964,608.2981,3812
9024,7d1da7b1bd6f3976fed00d1f0c2e77b8f08cd369,0,0,0,2011-03-15 18:56:44,52,17,0.5512,69,3,1,1,211,7,15903.1384,260,617.9237,4392
9011,528e38fea965e4614a6007e51b514cd47f4a8d6f,0,0,0,2011-03-15 18:57:17,6757,1529,0.3745,8286,84,1,9,1128,11,45579.8401,260,552.1893,4310
9019,75b49820ebfcac7aea000e5491c501e80f88eaae,0,0,0,2011-03-16 00:47:37,3248,6953,1.3808,10201,8,6,2,59,6,23353.1894,429,177.51,9670
8934,9780ca4ced6c113c876916061a05e89b8ec5e128,0,0,0,2011-03-16 10:37:41,84,2465,3.8823,2549,14,5,17,63,8,43733.0402,392,198.2786,1782
9035,e31fe4e3449ac13b873a204ddeb2795c561f5d37,0,0,0,2011-03-16 10:43:08,258,1143,1.9583,1401,7,5,8,966,5,53758.5251,386,162.2472,1777
9037,58ed7fdf920ceadd957f88f903e4e84eddec67c0,0,0,0,2011-03-16 10:50:26,2780,5931,0.42,8711,82,6,3,1048,19,36662.5295,833,126.3134,8521
9044,90eaca21028591f525ae0bbd4d17e476da11f271,0,0,0,2011-03-16 10:51:36,240,90,2.9246,330,12,4,10,28,10,58569.0419,441,198.4783,1772
9016,aca768c9ce087180537fc5b46b561f0736b41763,0,0,0,2011-03-16 10:56:00,53,5083,1.0668,5136,3,2,1,50,7,833.9085,362,210.7081,1752
8946,c28337316a10053daba7ae8f512ee8526175602c,0,0,0,2011-03-16 14:10:37,1961,0,0.4361,1961,51,18,2,871,101,81313.0,1000,710.5,3033
9025,41d7ea655de5345c022932a561775bd43d432bd7,0,0,0,2011-03-16 15:08:58,67,6953,0.9528,7020,8,1,2,79,2,25943.4195,409,127.4378,8678
9034,06b91f1903d305205a8509ef05c5858546593689,0,0,0,2011-03-16 15:55:50,109,86,1.2116,195,97,4,11,1022,3,44309.2011,973,616.7471,4192
8948,4de8e471513386e345323f10dc532d4d018a6abb,0,0,0,2011-03-16 17:15:11,626,57,2.8361,683,21,10,8,10,20,54128.9833,443,197.5913,1729
9047,2673a69b5d3fcd1faf4debdaee4b1cb87c44ffa9,0,0,0,2011-03-16 17:16:56,517,2003,0.1438,2520,2,2,1,1106,8,27230.76,1000,25.4316,4393
9052,3ce748e3756513bac7a796dec2852f7ab371449c,0,0,0,2011-03-17 10:44:27,2814,198,1.093,3012,4,3,6,1020,17,64190.0,387,199.0516,1941
9004,ee07cbb82ced38626e1af87db9e656f172f21e3f,0,0,0,2011-03-17 13:21:32,152,110,2.0105,262,8,4,2,57,22,68551.3999,984,545.4088,4317
9072,bc41f0fa5aee39af8d229df8377964a443409698,0,0,0,2011-03-17 18:05:07,162,210,2.3998,372,3,3,2,122,117,20659.4359,260,605.5523,4083
9038,aa9f8bae8be32a078bf899bdd8da3dd50d4ae68e,0,0,0,2011-03-17 20:49:12,280,8613,1.7329,8893,75,4,2,1183,13,29817.3923,260,597.6178,4326
9051,584d1fb543c9bc89d12d14a897ca1cfec9bdbfd5,0,0,0,2011-03-18 10:04:54,3017,1618,0.9383,4635,7,37,2,937,13,59076.4339,260,620.3565,3732
9055,0579273c2535ad84253462cb2240a89fee06f16e,0,0,0,2011-03-18 10:21:19,103,901,5.555,1004,7,3,4,57,12,73752.2662,957,535.7963,3794
9008,f34f2831b5be5709736da9c173e13d550382b5b5,0,0,0,2011-03-18 10:52:15,2282,7115,1.0824,9397,10,2,2,665,0,62512.1948,430,177.1173,10454
9054,0374555a6f650df7d0d4105182cb065f284aed83,0,0,0,2011-03-18 11:48:25,9,238,0.1483,247,24,1,1,36,9,6518.5894,383,594.4011,3770
9061,0465f8193cf84a05b4df0bc1b135abb69321777e,0,0,0,2011-03-18 12:15:29,1278,901,0.9767,2179,5,3,4,1130,10,74603.9305,260,552.7595,4350
9041,4f02a2e1b3026c2a321d5ea1e9724daa7430c5f0,0,0,0,2011-03-18 13:12:05,289,0,0.0652,289,4,3,2,87,12,8552.4935,936,525.7981,3794
9058,720d07454f37889f99beeb1588e127c7b08b3cc1,0,0,0,2011-03-18 17:47:38,132,2012,0.4564,2144,70,2,6,25,7,76597.7839,390,190.8398,178
9063,a532e51d75aff1c46e87525416c9a7aed92c514c,0,0,0,2011-03-18 18:17:10,162,16,0.1628,178,38,14,6,54,1,11167.2137,389,196.57,1771
9046,cbca60c1049e8d60891e4740f3821ccf2c33e301,0,0,0,2011-03-18 18:18:17,180,694,0.2171,874,38,2,6,1002,107,12812.5474,382,159.204,1747
9050,d98abc02da6b790bdd35ef4617a5a4a5159d98f1,0,0,0,2011-03-19 23:14:04,114,414,0.4595,528,10,1,3,1026,136,24308.5566,421,190.1643,10324
9060,f4002d622f8825e8c0f3b6752b7ddbea03b5de09,0,0,0,2011-03-21 11:07:39,2753,8089,1.2544,10842,5,38,1,29,5,60634.8978,437,164.6839,1917
9067,8f5c25b693f1ccf6d4dc9255734e439f2cc5c6ab,0,0,0,2011-03-21 11:09:03,316,216,0.2228,532,5,3,1,47,9,32839.4988,384,196.3527,1939
9027,87326237a8dbb8a0bd927becc4a72f59cbd25a01,0,0,0,2011-03-21 13:08:49,9591,1143,1.6609,10734,8,2,2,36,4,53161.0494,433,160.6804,1822
9059,b9f10e9c636d490e670ca41c4b3dc88fb3b67a29,0,0,0,2011-03-21 14:07:48,4779,54,0.8792,4833,76,2,2,1177,7,44084.8603,442,195.8863,1761
9017,cb8788f0cfde49434700c226b341db388840d68d,0,0,0,2011-03-21 15:08:27,869,67,1.0252,936,1,15,1,51,5,9900.1227,440,194.949,1724
9053,63864e7bcff21b161d46bc3d8ada1d34b84788eb,0,0,0,2011-03-21 15:19:59,85,36,5.555,121,6,1,1,1130,10,77281.6003,260,544.4673,3760
9026,08a004f8dd7a7c3523e7f68a468f6c71af2a2231,0,0,0,2011-03-21 15:33:19,398,87,1.751,485,4,18,6,57,16,37153.4,387,206.3174,1944
9078,249b02d10dfb9aa4b74878862ba603881c5171e8,0,0,0,2011-03-21 16:37:15,1176,2113,1.0471,3289,35,2,1,24,9,35100.9071,384,199.4305,1761
9048,c4054ce8f37a148b84a7c783ed3ba563432c174a,0,0,0,2011-03-21 20:30:33,53,1526,2.1968,1579,7,4,1,1021,7,18664.5352,398,172.9125,1912
9068,aac27b096d83d2badac6d2880ea6195c06cb8931,0,0,0,2011-03-21 20:45:49,83,1526,1.0395,1609,4,2,6,27,14,19081.939,386,192.4118,1897
9081,1ef856fe28d53c4c075e57dd3bc7082c1349c2f4,0,0,0,2011-03-21 21:14:38,138,13,1.619,151,4,8,1,35,9,16527.297,954,540.375,4324
9064,edc42db502853fc41205933c7ed2e967269ce052,0,0,0,2011-03-21 21:31:46,411,18,0.1616,429,11,1,2,15,2,81401.2194,260,546.3422,4266
9071,efe03e73facb9a60e83ba4139748e14c6d9cfd8e,0,0,0,2011-03-21 22:21:19,1512,48,0.6262,1560,4,1,6,1021,12,20544.8593,452,152.8143,2025
9077,bbfa1c4b0701413584c23690841bf8e2b8ef482b,0,0,0,2011-03-21 22:23:05,469,28,0.1295,497,6,1,4,1000,14,5641.9602,370,141.4181,1685
9083,6a31c670f451bf31f8fc007dfb6c299f5e9fa8fc,0,0,0,2011-03-21 22:24:03,236,2003,0.8089,2239,1,4,2,56,8,27720.7172,382,202.5952,2076
9021,779f6a27c326cfff5f71abb19a0626a043cb234d,0,0,0,2011-03-21 22:24:40,120,1526,1.482,1646,4,1,1,17,6,18618.5609,428,192.7737,1785
9079,3dc4decc63f69e9e9e401f071868c0bf9e097926,0,0,0,2011-03-21 22:25:43,408,265,0.2417,673,71,40,1,55,4,31305.9496,453,208.9696,1706
9085,77095de00c22ee8b874701e2166f2811f7745d0c,0,0,0,2011-03-22 06:47:01,5613,118,1.3551,5731,6,3,12,1033,13,48039.1055,385,200.2693,1899
9066,42efe2771509e43fb55f6f1dd3f7265a2c4bdcf8,0,0,0,2011-03-22 12:23:18,135,2388,5.4776,2523,87,2,10,1068,14,59808.09,359,158.1512,1759
9075,50a4b0029c694568d19bc88de4e09d97565d1d81,0,0,0,2011-03-22 14:36:13,178,1162,4.8422,1340,76,2,1,43,112,64482.3376,260,619.4401,3828
9031,71eed0e90784c9d36a408347f94db8606e277afd,0,0,0,2011-03-22 15:54:05,57,90,5.555,147,90,3,1,92,12,76041.7027,974,605.8354,3807
9087,10621059e75e990dc8b9fdd8dc39214282835a44,0,0,0,2011-03-22 16:12:20,209,234,0.2168,443,50,3,1,1020,4,67904.3636,427,198.3086,1782
9335,2b21c239298b55fca3a488a444b9bb6a5b23e51f,0,0,0,2011-03-22 16:19:58,410,386,1.9994,796,4,3,1,120,4,1397.9699,954,614.9148,3728
9062,2096b3e892bb3a3b6964619d4a332949669636b6,0,0,0,2011-03-22 17:56:15,73,32,0.1612,105,1,1,1,35,17,4357.2286,260,533.4182,3496
8873,f08dfcddd6102f5953e533cb64ffb395c3c5e095,0,0,0,2011-03-22 18:13:59,118,106,4.9358,224,62,1,1,916,119,68299.1892,431,166.5762,1798
9057,1bb321206578e1dec7a92a2460b6bc7d3306da1f,0,0,0,2011-03-22 18:18:32,63,114,0.1001,177,1,2,1,36,9,7487.1663,437,201.7365,1747
8910,e906775daf086caf4bff460fe8252b58e73ad618,0,0,0,2011-03-22 18:20:49,2182,2003,5.1646,4185,68,34,1,47,2,27364.0305,383,204.2565,1637
9033,024741cf287978f84a6a7d2a366500c47ad0006c,0,0,0,2011-03-22 18:56:33,28,7,3.7481,35,2,1,1,871,2,9029.7187,383,541.4934,4437
9036,b707c2f112dec8b69131f169f7541a4a6f4dc3fe,0,0,0,2011-03-22 18:57:35,14,10,3.0646,24,2,1,6,211,6,13445.2751,962,550.223,3653
9088,3bb054db526aa07dcd88fd563dd705fabb35472f,0,0,0,2011-03-23 19:00:03,129,645,5.3776,774,6,2,26,1183,4,29049.7679,329,188.4714,8552
9032,0e6bf3204b6c4f2683581e68a195371b019997e8,0,0,0,2011-03-23 21:16:40,3581,71,5.1282,3652,2,14,1,1002,1,10879.7732,461,204.9943,1913
9084,0df9a6922de5a7c605ed30ffd5d0b18f02acfd7d,0,0,0,2011-03-23 23:06:07,63,1526,0.2811,1589,43,26,6,1021,10,21179.5852,360,228.9375,1704
9089,3e7d25942a57f3d0ca52aca316d683af7a5c743d,0,0,0,2011-03-23 23:07:59,2182,2003,5.1646,4185,68,34,11,1106,2,27177.2316,445,150.537,1739
9086,c9723915360fdfc5018d6d12eab7717ad0a0a336,0,0,0,2011-03-24 09:45:27,360,1,0.2056,361,83,32,1,1243,11,38106.709,385,198.9581,1724
9070,d1aa650a8627abf4569d9593344893b7361d9ddb,0,0,0,2011-03-24 09:48:10,6757,1529,0.2905,8286,11,7,2,10,7,45600.1109,971,597.4094,4088
9074,248181f5cec99069f532545604ba6cf143806be3,0,0,0,2011-03-28 14:51:30,369,298,1.875,667,10,5,8,95,19,55950.6217,977,544.3629,4270
9092,cb87bb494a6991733462afbd73454798a3e34e13,0,0,0,2011-03-28 15:14:14,2651,2388,0.2512,5039,7,30,10,114,3,57125.4451,1,537.7707,580
9097,a633bcec6c1812e0bad3e923bce566213cdd2dcd,0,0,0,2011-03-28 16:16:43,1278,901,0.737,2179,8,3,4,72,3,74910.7707,350,185.8772,2814
8914,43c3e71eaff50385193d23577063a7f1d1dc0322,0,0,0,2011-03-28 17:50:50,486,2952,1.8233,3438,10,53,16,63,1,51241.9925,260,615.7441,3778
9094,3569562cd4529f783d1d41c876a7401ec180c590,0,0,0,2011-03-28 20:30:07,2753,8089,0.6626,10842,19,6,1,1,13,63761.2829,396,174.7839,1895
9040,ce2cfb6dc9da91f5ac4b20dbd1a203b0c97bb240,0,0,0,2011-03-28 21:33:48,197,1815,2.3556,2012,4,2,1,76,7,24052.0895,367,201.0549,1704
9080,a94d715f1fba8fbc522116ebc394765aad5fbb08,0,0,0,2011-03-29 09:25:10,61,74,2.8494,135,6,7,1,4,17,56163.5358,958,552.6501,3795
9099,3587cd094464b3402896c0994497f0698cc2e11e,0,0,0,2011-03-29 16:40:24,2780,5931,1.199,8711,82,7,1,1048,151,37472.7631,833,186.8277,10341
9101,e75b06a12cc6de7b6ffaa998c4c8540230ef5514,0,0,0,2011-03-29 17:59:51,108,60,0.2337,168,70,2,6,986,3,74172.6216,373,219.6913,1955
9103,3b43ab0ba4dde657f3738d2b2d558b7378d57bd1,0,0,0,2011-03-29 18:23:18,40,25,1.9994,65,4,1,2,12,9,1071.6332,446,98.8104,3033
9106,875d79b1da31c08560c29b10c2c79e9f1ad05554,0,0,0,2011-03-29 18:28:34,199,1299,1.2943,1498,8,3,2,1022,132,41741.1309,957,607.0832,4203
9105,cbe96af6c180b7f9f231ddf41caf2ba7e3bf3943,0,0,0,2011-03-29 19:08:32,733,2012,0.6955,2745,70,1,6,13,2,76001.1318,100,27.293,3033
9111,bc3787b66ca8f56d0e4e2af2da17dbc0235b3b2d,0,0,0,2011-03-29 20:20:22,56,465,3.6595,521,51,1,4,41,11,79917.3286,389,213.4786,1935
9102,b25a688f8b3079d425a8b4611449524c21018841,0,0,0,2011-03-29 20:21:25,185,141,3.0268,326,11,5,1,868,3,82211.6186,377,163.7333,1751
9065,6a7ee9be8d130cb28fb591774794f2bc2b422c26,0,0,0,2011-03-29 20:59:56,169,218,0.1627,387,11,5,2,38,14,84116.8016,445,164.2756,1701
9110,898a22a9a35f6682cc4cf9f053d76c5e31ecaf91,0,0,0,2011-03-29 21:57:56,469,34,2.5,503,1,6,4,72,5,5631.3072,375,204.293,1685
9100,6d0249fccf3dc14996c2b33cc6f7623fb79c94c8,0,0,0,2011-03-30 08:44:37,9591,1143,0.9189,10734,3,41,8,42,12,56131.9038,391,198.7534,1778
9108,2152f74406dd987b722d1f2389c8255004d99413,0,0,0,2011-03-30 08:49:17,6363,161,5.45,6524,83,32,8,76,5,38920.303,440,159.1686,1941
9107,4f36be1be249bbc9c686d5c25b00e79644430933,0,0,0,2011-03-30 09:41:47,880,143,3.9069,1023,1,9,3,53,107,83.9077,1,538.033,174
8880,adde30f2fbb4545092df72e7ff2f3e2a8e3098b5,0,0,0,2011-03-30 12:40:30,281,402,1.0221,683,12,6,3,665,17,59834.8143,415,186.3678,10169
9093,3f485d8d2033747299a66062ba9bc3f7eef47e2a,0,0,0,2011-03-30 16:34:36,206,255,5.1646,461,68,3,2,1106,9,28216.4983,907,643.2646,4258
8913,8a9e0da1907e2b7c0260179ae28ca242887e0ec3,0,0,0,2011-03-30 17:13:05,410,27,1.9994,437,4,1,1,7,2,2445.5657,260,535.9569,3828
9096,2ed8061656183bbccaa809606041c91fb9dca9a2,0,0,0,2011-03-31 11:05:53,166,318,1.8959,484,10,36,1,1177,16,44596.9764,371,156.3393,1980
8915,b16f803c16401669da647b04a98f0233c47ea2f4,0,0,0,2011-04-01 16:17:07,9591,37,2.812,9628,11,2,8,966,16,55106.5192,431,169.0683,1762
9073,08fc96044c60fe53b37934b97058dad90c7a9bcc,0,0,0,2011-04-01 18:07:20,3439,59,1.0969,3498,6,58,11,1022,132,41117.1657,293,127.9024,6495
9104,d50bd1140a94c8314a674da52e452bb86d270f41,0,1,0,2011-04-02 19:54:28,564,7302,0.2188,7866,2,4,2,30,13,65029.7939,443,195.9892,1766
9090,24eae26db930b02646dc746235c9068ece8bf0f8,0,0,0,2011-04-03 08:56:55,4779,2465,0.0641,7244,76,1,1,20,8,41940.1936,399,191.5821,1878
9126,1d33e7183660a55ac36bfb187614eedcf5628eea,0,0,0,2011-04-03 08:58:14,37,176,0.1367,213,1,1,1,1022,11,174.6877,434,157.1368,1969
9112,90e8f6253d6c26afbc7338474395e0449b8ff57d,0,0,0,2011-04-03 09:18:07,199,2012,1.1379,2211,5,3,6,52,7,73965.7879,437,208.1585,1979
9116,5f4a8e9301ffc739eb531a2adf7fda7fb19b8d29,0,0,0,2011-04-03 14:18:45,72,901,0.2231,973,90,11,4,60,6,75625.3865,957,551.328,4257
9119,2ffc8f6177af355b0aac2f8ceadef95fad2c4bd2,0,0,0,2011-04-04 09:47:33,71,95,0.8056,166,5,1,1,34,10,22074.7971,971,553.0441,10918
9129,6fbde344548d456104567f34d63f4a5744719757,0,0,0,2011-04-04 12:44:59,2784,1162,0.1591,3946,76,22,4,818,11,65389.0683,260,621.6346,3676
9131,544950fddb4df18abe4b26ecc759ce37a466cbdd,0,0,0,2011-04-04 13:26:38,143,1794,1.1849,1937,74,53,16,10,21,68462.691,978,606.3353,13522
9147,accff26f9b76831bcfcb37e4e437508fdf73cb47,0,0,0,2011-04-04 20:43:34,73,340,0.3719,413,20,2,1,102,97,322.9342,455,86.0422,571
9117,4d8e98a65cbc293eab1445a6b6073c5a3ac73e39,0,0,0,2011-04-05 10:44:04,4511,3962,3.4785,8473,39,46,15,1020,22,55833.806,428,123.1723,9167
9130,5ad44d6a4b09be37b92f4e89fe00c3d31107c1a4,0,0,0,2011-04-05 13:36:20,355,3962,3.7818,4317,13,4,3,155,4,57293.338,345,135.0841,11314
9132,138f267c4eb4b5dff555f2d00fd3591ba06f22e8,0,0,0,2011-04-05 15:35:27,455,1162,0.2926,1617,76,3,1,40,112,62905.416,260,551.8011,3843
9120,053712a5d053e16706ad633371b11f997dab20ad,0,0,0,2011-04-05 15:38:14,78,83,0.2922,161,4,2,8,1050,2,22004.6492,260,552.3887,10918
9127,ec6bcabfd0d09cae52bee867fc5ed4518a8da131,0,0,0,2011-04-05 15:39:36,2,17,0.2303,19,2,1,1,871,108,8757.9591,971,554.9966,4358
9122,4f49fc2f6f1761e84ee8c6572b14e1d9adc16abc,0,0,0,2011-04-05 16:48:33,20,27,0.0861,47,4,3,1,120,3,3776.8707,940,611.6351,3629
9143,a58be720ab994ea5a0d6106f0196f3abece59177,0,0,0,2011-04-05 19:06:33,230,1162,0.2673,1392,7,1,2,62,5,66231.5795,972,624.0083,4124
9138,b7f2f83fc09c19f1805e8b31a3de6970b983d3e5,0,0,0,2011-04-05 19:07:07,324,28,3.0646,352,2,8,1,211,7,12777.7401,954,531.8845,3674
9114,ce737c495fc2371d1acb0753d67c2a0a2d07242d,0,0,0,2011-04-06 11:13:34,222,7302,0.8764,7524,4,3,6,45,10,64516.3576,28,28.7053,178
9134,2a492f10ac0225e78753854ac898787596f8f143,0,0,0,2011-04-06 12:26:34,104,901,0.192,1005,90,1,4,50,120,74749.5488,968,606.4407,3594
9128,134d745844936a7fdf3bc7ea3302d1da519970d8,0,0,0,2011-04-06 13:00:33,1278,44,5.555,1322,6,11,1,1130,9,77676.3543,260,544.0355,3756
9137,26ec54a7f02d27de951550be16b36a401bc1c6fd,0,0,0,2011-04-06 13:50:19,392,1618,1.7656,2010,75,37,8,937,1,61399.0,949,554.3829,4279
9118,9c6125f2570f6721af163d385e6ec71728c2e501,0,0,0,2011-04-06 15:00:11,22,70,0.0854,92,11,1,1,868,4,81578.4801,453,198.1119,1701
9140,23f44e6f42e77cd173dfe2888ec55ba30db7fae9,0,0,0,2011-04-06 16:12:23,178,1299,0.3053,1477,6,58,11,58,11,40365.5521,971,607.6307,3738
9148,9a44ac612be056406262b0aeb9c6bd18862a2592,0,0,0,2011-04-06 16:21:47,324,193,3.0646,517,12,1,1,211,6,12495.8516,948,548.7949,3651
9149,8bc11eba24f4b377e08c34a486aa57de3e602aae,0,0,0,2011-04-06 17:00:48,141,51,5.1282,192,38,2,1,1002,3,12860.7077,385,169.0647,1760
9152,ca55d79ce5dcbaefd3607b6eb700bd341f26554d,0,0,0,2011-04-06 17:06:47,469,618,2.5,1087,1,6,4,1000,107,6059.0,356,136.0363,1948
9121,ebf16336f1fe3e015a8343ce1c47b573b09e1d9b,0,0,0,2011-04-07 15:23:30,184,1299,0.5488,1483,5,5,11,1,8,43723.619,260,612.9241,4171
9151,1f421be2133108bcd2d851811deb2157f887be03,0,0,0,2011-04-07 17:54:27,68,1815,4.6287,1883,11,4,1,105,3,24568.2188,1,535.3588,3629
9124,1682d9037d8e9f49bbccdfe682553203abfea665,0,0,0,2011-04-07 18:20:21,18,238,3.7481,256,2,11,3,871,108,9758.7574,966,605.0568,4367
9123,dc690a6b3c332d765a70ba43b8bfb3d80c8d5547,0,0,0,2011-04-10 17:20:31,384,3382,0.8464,3766,62,2,1,916,119,69554.7428,385,194.2094,1906
9145,735621f29d4d679273d484c76b16cf04ba344d11,0,0,0,2011-04-10 17:21:11,469,17,2.5,486,1,6,1,1000,7,3946.2315,441,163.8163,1932
9139,5dc0df588da9ff37e41685edfea041fd29371aed,0,0,0,2011-04-11 16:49:37,17,193,3.0646,210,12,2,6,19,1,12065.8429,322,129.6511,3033
9144,bc9696086cb7e3d4890de5b526fff397c0a7f1f3,0,0,0,2011-04-11 23:16:04,150,63,0.2097,213,2,2,6,22,7,15523.8309,350,112.3229,3033
9153,aa1ff3d0386e8bb1c6cbb8624777f17f7b080e5b,0,0,0,2011-04-13 15:51:22,44,821,0.1734,865,9,59,16,1048,20,35263.2053,833,135.259,8737
9150,3c7deeaab7c0d1380fe2c3de11fa00207a2f45d9,0,0,0,2011-04-14 13:47:00,5,144,3.0,149,8,6,2,937,17,61009.8282,966,545.8116,4130
9161,b3e029d3a3c1d1035138d4f1a697eaf95c31d824,0,0,0,2011-04-16 17:42:59,8898,193,0.3732,9091,4,3,2,88,97,34833.2618,358,142.88,1949
9155,8ceed556fa69005803e6c7d5a98100744826d8f4,0,0,0,2011-04-16 20:41:38,204,283,5.8891,487,5,2,13,1377,18,49629.856,363,206.1774,1945
9142,250ad2b9aed33f9c8935df55767a3b106699c643,0,0,0,2011-04-18 15:32:50,880,5083,0.1723,5963,20,9,3,45,107,2172.0,1,607.4737,3033
9156,3733ee840d0eef90b3ff4441f184a5dd1f78ab44,0,0,0,2011-04-19 00:27:53,511,2926,2.1986,3437,8,15,5,33,110,8684.6036,46,6.9376,537
9159,077d050ec8636ad604102b73b9e605f8ba2da33b,0,0,0,2011-04-19 09:23:44,31,245,2.647,276,11,5,1,251,0,80935.8725,943,533.7575,4288
9158,56713d36c65344d448b58f697bb109c882f44dc0,0,0,0,2011-04-19 15:46:19,324,15,1.1197,339,1,2,6,38,4,12059.4947,260,611.1804,4282
9162,a89a69ef4ddfcaa54d2df98a55190dd1e8f5a3cc,0,0,0,2011-04-19 16:35:46,222,6953,1.8792,7175,3,7,3,111,97,26636.5143,417,118.5192,9415
9160,0e9a53eed93bb376c5e6a5af47f2442fa55b8f2e,0,0,0,2011-04-19 18:29:02,55,8089,1.1907,8144,6,2,16,19,10,61030.6795,428,167.1818,1900
9169,e815f0a3d128a728032828baf4234a6d2989f007,0,0,0,2011-04-19 18:29:02,91,8089,0.9262,8180,5,2,1,1130,6,60846.9565,398,189.5925,1793
9168,ad0a2a05adb959594b9181c93d50b28390e2cb7a,0,0,0,2011-04-19 18:41:19,132,694,5.1282,826,38,14,6,33,13,13443.049,381,199.7296,1978
9164,6d190350f66ba84cfd0e29719b87335ac09de857,0,0,0,2011-04-19 18:41:19,3581,694,5.1282,4275,38,14,1,1002,13,13367.8128,388,206.8622,1715
9174,ac0dbd4f42112cb8c64219917754d773cfbbedf2,0,0,0,2011-04-20 14:12:49,5665,4441,0.7747,10106,4,1,1,1051,12,29378.25,439,154.3651,1762
9167,d1cd9a17f425858d786d1f9caf87dd0126dde2a8,0,0,0,2011-04-20 14:12:49,469,6,0.0808,475,1,6,4,1000,4,4354.5787,391,164.2219,1922
9165,f0d86932947ccbba85e6fb3a8a56dd2d580688f8,0,0,0,2011-04-20 14:17:45,2651,123,1.4163,2774,2,5,10,1068,134,58801.4871,440,197.7734,1736
9163,aac112d794b30a68b88ec32e1444fcde48249950,0,0,0,2011-04-20 14:17:45,134,2388,1.0081,2522,5,4,1,23,3,58586.2747,390,159.1075,1766
9176,c9029a0cbb4e96bbb19b1b338f1c8b45d18d6d6f,0,0,0,2011-04-21 14:27:41,62,8089,1.8156,8151,5,38,16,1130,134,64089.0,431,172.6138,1732
9154,36a170e87e6c60e102f8ceaae52fe3cde0b9575b,0,0,0,2011-04-23 23:03:54,95,647,0.4734,742,62,35,2,1026,136,27823.2457,330,189.1614,8684
9166,892ab608a845392f4c1cfd446cca4a61cf866630,0,0,0,2011-04-29 15:34:59,3042,192,4.8938,3234,25,13,15,1020,152,53977.4392,833,138.5981,14110
9184,d6308d78c4a3d2510af5952aaeb99ab84bcfcc34,0,0,0,2011-05-10 15:05:56,77,3382,0.0851,3459,62,19,1,29,10,72076.0,21,51.7267,51
9180,4a1b42deabf9d1afaca185e30b68fa373e4e000d,0,0,0,2011-05-12 11:49:38,880,19,0.0105,899,0,0,0,6,107,8.7075,100,24.068,10
9181,1bfeeaead158051cb5f78f403c4878fc89596cc8,0,0,0,2011-05-12 19:28:59,30,193,0.771,223,1,3,6,211,4,15537.6894,348,109.9005,3033
9188,2178e0558cbb874d99b79aaba35d7f034f07adb3,0,0,0,2011-05-18 12:12:38,1663,1529,3.5429,3192,27,8,1,1128,155,47389.289,1000,119.5717,6555
9192,a60154826eee2f7a77044024c40801ba00156048,0,0,0,2011-05-20 11:11:56,553,83,5.8031,636,84,37,9,1128,155,49953.7399,345,124.3671,9805
9199,e5ab8c4672854768041a19861e126736b832feec,0,0,0,2011-05-20 14:32:11,880,5083,3.9069,5963,0,0,0,9,2,32.2554,274,81.2248,3033
9197,dafa4a3c2f4d276281daa5d570ba309cc5f0315b,0,0,0,2011-05-20 17:00:46,247,11,0.078,258,51,4,8,1050,15,17503.4126,330,185.274,9646
9196,e4cd793e860c83f382a6a6fa3ab287c49304b247,0,0,0,2011-05-23 16:12:12,40,18,0.1538,58,2,5,1,25,4,82933.9631,333,710.5,8864
9349,21a70ad9834d9c0b1bdae3f73a1156316fedbf1e,0,0,0,2011-05-23 17:12:34,226,433,1.6564,659,7,40,26,1183,138,32755.8906,294,142.1984,6581
9194,3c0bbd6080af4e814be596dadec9f8394f94de60,0,0,0,2011-05-24 08:12:05,744,197,3.4785,941,7,2,1,1128,20,48045.0923,431,189.1436,11415
9190,e52bb2b2d9fb79a036acf3afec8b13d148d0c243,0,0,0,2011-05-24 18:09:45,2573,1794,5.5611,4367,74,4,2,820,7,72868.9771,351,131.4601,8640
9191,bb1bb4f0e50b7440dd9cf6dcfa9df07b2b067869,0,0,0,2011-05-24 18:10:20,511,5931,1.6971,6442,18,59,1,118,20,36924.1655,426,129.125,11266
9195,1ee022b8517d83a79223ad1fe942d1c34444a6b7,0,0,0,2011-05-24 18:10:20,139,517,2.5189,656,7,59,16,1048,151,36950.8861,412,180.4419,10611
8536,afcfd7cb84ebf0fc330831de29a5c157e3c1f8ac,0,0,0,2011-05-27 18:47:40,254,446,2.5566,700,4,7,3,134,114,28481.6555,1000,60.0498,7223
8541,e82b86e4c79bc3c52c2c3e5f220901ab062c997e,0,0,0,2011-05-31 10:15:15,346,732,1.961,1078,8,5,4,1183,16,32365.6525,1000,53.477,6238
9069,14071d9788cdcf4e6673f657c138c74955421b0c,0,0,0,2011-06-01 16:02:38,706,2240,2.244,2946,16,4,2,103,18,19321.1286,339,119.4671,10623
8542,e40abd7072c455d9590a41fa2352558bf34c7980,0,0,0,2011-06-06 16:03:15,5665,83,2.0254,5748,4,40,16,44,15,31155.0049,23,48.3406,152
8548,cf081debe7ab92fba292c7a755afc6e22658960b,0,0,0,2011-06-06 16:20:33,136,1815,0.8732,1951,5,4,7,7,12,25355.1963,52,46.9671,41
8545,29d732ea9e503dca711c57d3c7bcb6b733e95128,0,0,0,2011-06-06 16:38:25,487,6953,2.9844,7440,12,8,2,1026,4,28092.9163,341,139.707,8645
8539,2481402d21ea420ae1ee1b3a34cfab381dd6718b,0,0,0,2011-06-07 10:06:28,4779,2465,1.8229,7244,3,3,2,32,11,44268.3416,30,33.2166,142
8559,c0301c2639e9c2cdcd33ad231ee706f5fdb222e4,0,0,0,2011-06-07 14:02:47,60,694,1.3873,754,3,3,6,29,13,11291.0266,47,36.3267,88
8543,904c247ab0368510378d16474b1cec9162512b76,0,0,0,2011-06-08 02:32:44,126,193,1.7339,319,51,5,1,1050,19,21437.5048,440,98.7884,10477
8531,070741d88967120282f4a147b0a950f9fc6bd98e,0,0,0,2011-06-08 15:45:08,55,148,0.1552,203,3,2,16,1130,4,63818.9773,25,13.5988,3558
9182,2ad6072b8f78d0534677c9a69548244e4cb0813b,0,0,0,2011-06-08 16:24:00,1361,2240,2.5907,3601,8,5,2,1050,25,17546.9571,338,122.4957,10540
8556,8466b14a3e44a001959ecb30c2ede54f955a41d5,0,0,0,2011-06-09 07:54:34,318,23,2.1539,341,8,5,8,44,13,56190.929,50,14.8621,200
8546,e3d0b6c4d3f6bab9b39bf7a64edcb70dd6aba2c3,0,0,0,2011-06-09 13:25:01,134,27,2.647,161,1,5,1,251,7,85947.2891,260,532.175,9112
8554,e46f9aea076da1018c0131a7df8ba3ca316d284b,0,0,0,2011-06-09 15:16:23,416,428,1.6618,844,62,5,3,70,19,25810.1338,335,196.5826,10484
9183,0081fd4a647fed495346cadccf6634bbf05c713a,0,0,0,2011-06-09 15:55:39,51,901,0.2675,952,90,1,1,1130,11,75005.2162,260,596.3679,3595
8557,19090dd6b10d4bcab1332a9fc43cab806a3ec23c,0,0,0,2011-06-10 10:39:02,467,555,0.9241,1022,82,11,16,1048,2,33986.7083,424,127.3323,11276
9098,24ce203ca1d6ce376d44ec0eb67d613e64dbe3cb,0,0,0,2011-06-10 13:39:49,1161,369,3.3431,1530,11,7,2,1020,4,57216.209,358,136.384,8692
8533,d0bfde2779f8b495cd5123141e54a7dd3e7d1d92,0,0,0,2011-06-10 13:47:43,411,15,2.647,426,2,5,2,22,10,81715.4324,319,710.5,4000
9243,54a31cb650b7ec508dd356eeefb911bf66931cb7,0,0,0,2011-06-10 17:59:20,31,17,1.9994,48,1,3,1,120,1,1225.9471,962,594.9913,3823
8567,a4c9876ef72888f99de798314f64cfd2450e43b4,0,0,0,2011-06-13 16:59:24,33,6,0.1579,39,24,1,1,871,2,6608.8956,383,548.5732,4267
8566,ed9258caa8ccc693d11eee21afc8200901362231,0,0,0,2011-06-14 13:13:18,202,35,0.0711,237,4,3,1,21,14,24477.5212,29,52.9729,59
8547,43e514800881fd66bc946fae829e2b05b171bc10,0,0,0,2011-06-14 16:39:22,287,4441,0.9765,4728,71,2,2,40,18,32568.1176,1,535.7347,600
8577,62e4d4649854439040a1c4ad552897b9daeb16a1,0,0,0,2011-06-14 16:59:35,146,89,1.8024,235,7,32,7,827,127,25542.9122,929,616.6438,4290
8552,1e17928631239d0f546e37069929170cab8363ff,0,0,0,2011-06-15 16:39:10,799,2952,1.6389,3751,87,53,2,99,8,48874.2,943,529.1271,3639
8871,21c7e3486d690c61dbbf3634e3f55d3b1bd76618,0,0,0,2011-06-15 16:46:15,27,30,1.9994,57,1,1,2,120,5,759.6249,260,618.9494,4404
8595,a00c038795758129c29a7891e1b64abec4e2f571,0,0,0,2011-06-16 17:06:49,2670,529,3.992,3199,39,11,2,10,102,52293.5876,408,137.9389,9611
8576,fcc291c865425b0e554d3eed47ee682d6cb9117f,0,0,0,2011-06-18 17:35:15,1278,57,1.0503,1335,90,2,4,45,2,78491.1404,980,553.9871,4259
8981,3e4d4d1fc91a1edfb9e3b51a11d95611d0571922,0,0,0,2011-06-20 11:01:53,38,901,5.555,939,4,2,1,1130,120,76292.0112,260,613.6173,4403
8558,61fdb82c4f8b95b940c6a35e33e28ea735b6b5e2,0,0,0,2011-06-20 11:03:39,266,2952,1.5713,3218,87,6,16,1049,144,51455.7848,260,627.8205,3659
8580,6b0563f3c07a3cd00c803d52ba1a9c8aecddefe1,0,0,0,2011-06-20 15:46:02,270,901,1.2095,1171,90,11,1,1130,120,73819.1399,976,543.0429,4317
8579,202c8a75ed1611eaada09916ae6f7ba6839f9656,0,0,0,2011-06-21 14:16:17,161,2388,2.6764,2549,1,2,1,1068,5,58471.0401,1,552.1229,495
8555,673d9e121d3d9849f879148d53e3f1b2b2dca528,0,0,0,2011-06-21 15:02:49,156,1162,1.8166,1318,6,2,2,818,15,66803.3609,959,608.4239,3872
8583,3289d2d0afbffd4dbb4122e45c4a8b11b0f432a4,0,0,0,2011-06-21 17:48:18,289,238,3.7481,527,2,1,3,871,6,7163.2501,972,550.9763,10918
8586,9cd90d0791c4e205ac5a4ac208d8ba0e1dd14f82,0,0,0,2011-06-22 16:05:34,106,84,0.9773,190,75,5,8,937,134,57379.3786,260,616.4799,3788
8578,7f8531686da80bc07103e2cad3ff40cc8738a3d1,0,0,0,2011-06-22 17:37:08,26,8,0.8527,34,3,1,1,871,12,5308.2095,984,601.157,4412
8593,61dc0cdb6a8b6aa27490620129a58ec34a7f6371,0,0,0,2011-06-24 16:51:56,104,20,0.9641,124,56,2,2,1082,4,34426.7453,260,557.3424,3714
8596,37cde198b82eecf2f73b696d079cae1a215f36af,0,0,0,2011-06-25 16:27:13,151,77,1.7432,228,7,4,13,56,141,37590.9444,260,543.9387,3771
8584,81e6f5569f72e453d0a285de287d7e7874607613,0,0,0,2011-06-25 17:29:46,116,35,1.8591,151,10,5,1,211,11,13684.3977,945,628.4834,4532
8597,29aff5d8ec3bef675dc76a3a8a499e95c180390b,0,0,0,2011-06-26 13:54:19,1,121,3.2651,122,11,5,8,937,7,58570.89,974,596.6851,4275
8601,ca007626cf6cabd35beb7404eed0caefbc8440f8,0,0,0,2011-06-26 15:19:43,638,45,3.4237,683,6,6,1,47,3,62583.1884,976,543.4138,4217
8599,a74e9417fc2bed6e8c1d7f24f6397afaf114cc93,0,0,0,2011-06-27 18:20:22,17,12,3.7481,29,2,1,3,49,108,10630.0423,383,606.6959,4366
8602,2b979fd2fc51985a7ef1d966ec8da30d209fc07e,0,0,0,2011-06-30 10:58:59,2784,1162,3.1154,3946,5,4,2,818,11,65968.8812,1000,125.0274,6353
8982,e7bb3e87da921ec55c0ad6f4ea7931e5866ce98f,0,0,0,2011-06-30 11:47:58,231,150,0.076,381,4,3,16,28,6,64062.6787,53,29.9968,176
8575,0e7e77fa0663bb675ff7ddefe0457d112f873161,0,0,0,2011-07-01 09:41:39,166,8089,0.0095,8255,1,2,1,33,10,60512.0019,54,32.844,49
8603,cd8b6ce78359110ca5b5e669ddf5a34f734707c3,0,0,0,2011-07-01 19:49:49,258,347,2.5002,605,15,6,4,123,6,29947.3038,1000,129.6523,6967
8630,41744a63680484430b972f04bb677e37868d7cc3,0,0,0,2011-07-02 11:36:19,2282,745,2.3312,3027,84,26,3,29,119,62628.2048,833,65.3672,7528
8617,f454715d2e971a614eb5da5146a2d41173fcbf2f,0,0,0,2011-07-04 17:22:26,289,52,1.9324,341,6,5,1,17,98,6622.6949,383,629.3212,3885
8581,7f4efec55dac35d9845fdb752f56c3b0b421a4eb,0,0,0,2011-07-05 14:47:42,684,1275,0.0632,1959,1,1,2,21,5,84817.0465,1,1.0,322
8609,0cae1dd2419de0832f496dad480d8a11a9d6074f,0,0,0,2011-07-05 16:00:44,32,152,0.149,184,3,15,5,989,110,7336.777,1,1.0,220
8574,30cac4b8e51feeb56682f4e7f47c925d700538f8,0,0,0,2011-07-06 08:14:28,249,135,0.4818,384,2,3,1,12,8,49147.2949,50,44.8601,137
8607,4d67d3495916e4d80afa5535e308afcecf675a46,0,0,0,2011-07-06 08:22:34,28,2388,5.4776,2416,87,1,10,1068,4,58942.7521,47,32.4892,74
8600,a3a7c544a0e80bd655c4e95d315665870e905c87,0,0,0,2011-07-06 08:52:25,684,1275,0.7563,1959,2,2,1,59,9,83447.0978,7,54.34,34
8608,609a6b276f227e0994694033974f9222bb11b5bb,0,0,0,2011-07-06 11:42:13,2467,160,4.9358,2627,3,2,6,916,9,69393.3483,944,1.0,487
8614,97416ffd7665d87fa6a5b58ebbef7c844600133f,0,0,0,2011-07-06 18:39:29,121,2012,1.2823,2133,2,2,1,986,115,74469.0754,30,28.3762,142
8582,e075253bcdda22e7ad52a8c4995f9b98ad2255ce,0,0,0,2011-07-06 20:01:58,32,28,0.4887,60,24,1,3,871,7,8726.2252,1000,109.0241,8690
8589,0e9fd5d55b254c9103bab90b38e3f550082111d5,0,0,0,2011-07-06 20:51:57,1361,78,0.193,1439,5,2,8,55,1,20772.9043,426,133.1566,9598
8616,de4a3f49fbe51d1728e18f78b7ee71ab868759f2,0,0,0,2011-07-07 06:53:09,138,42,1.2,180,2,4,10,37,11,58553.5995,27,34.0645,139
8615,99cc1858645e187cfc0f3fdeed4541447b3d4c1a,0,0,0,2011-07-07 08:57:33,1361,2240,1.6005,3601,5,4,2,1050,18,21741.1644,345,184.7438,9480
8588,6bf5915917a14c8fb9c916a2aa1753a848b21cb2,0,0,0,2011-07-07 09:10:09,40,292,3.9069,332,20,9,0,1022,3,54.9325,1,546.0501,3033
8610,6dfb786b3d502d1f2a5185c104de04bf0693cb7d,0,0,0,2011-07-07 09:10:38,46,62,0.7733,108,6,2,2,1130,2,75189.8718,260,555.7223,4101
8612,0d00e777f3d656eca6d889690db99ce37a35da84,0,0,0,2011-07-07 09:14:57,3017,102,4.5011,3119,7,37,8,56,21,58526.9121,260,606.7504,4266
8611,7b70bd9b690427c60a1232e4dd5fb2a2cc73121c,0,0,0,2011-07-07 09:37:16,224,7115,0.5486,7339,84,26,1,665,13,64344.6115,342,125.659,8519
8641,894795a933b26a32cdaca465a33f79e78dff606d,0,0,0,2011-07-07 10:21:49,332,3962,0.4796,4294,7,4,3,1020,100,54728.021,350,126.89,10547
8618,a84731958526c9122af68296c1a6085980f2548b,0,0,0,2011-07-07 15:58:52,199,8778,0.6009,8977,5,44,13,1377,9,49538.3633,957,559.9546,451
8594,a87720732906c6bc344b7a022a0ff46728b8847f,0,0,0,2011-07-08 08:51:37,2753,782,0.5853,3535,99,3,2,1130,134,60526.8152,931,1.0,571
8623,739a57833e0a15ca3a468478bbd487c706f0ee1e,0,0,0,2011-07-08 11:26:47,286,1529,5.8031,1815,84,37,9,1128,7,48659.4153,260,594.9286,4285
8622,f6a7e5fad87286e122d33f68aaa74ef61edf5e53,0,0,0,2011-07-08 11:27:06,746,12,0.4151,758,79,41,1,83,6,55368.9383,1,1.0,511
8621,636e93ee8b37991f2ac047c844d6d5f4a3ee5066,0,0,0,2011-07-08 11:35:49,3248,6953,0.3633,10201,62,35,12,1026,136,26261.0412,1000,575.0,6796
8628,80b4d711276701deaba0838d2a52e6176965d1de,0,0,0,2011-07-08 16:19:01,880,5083,3.9069,5963,20,9,3,44,4,65.1076,1,594.093,3033
8619,38daa8dccb153ed936ce0181f3ec378cddea5fa9,0,0,0,2011-07-09 18:19:42,22,25,0.1655,47,4,3,1,9,4,2422.0524,327,190.8737,8760
8635,1189ca8d163fbb73bcf5e9a5705fa4cb8f731c35,0,0,0,2011-07-13 11:49:07,1278,901,5.555,2179,90,11,1,58,5,76078.8466,971,543.2905,3823
8639,5765bcdaba2b162ec2c0b456b94c47905df0e86a,0,0,0,2011-07-15 13:16:34,2049,691,3.4206,2740,30,8,1,41,10,63993.534,413,170.4329,8640
8633,cff417cb0cd4165f317990e5a12fb33635b4a03b,0,0,0,2011-07-15 18:28:24,501,7115,2.763,7616,14,4,1,665,0,66215.3972,410,129.3212,9182
8626,b49beb48c841690ed2f4390e3fb63b1b3c58f139,0,0,0,2011-07-15 20:19:14,146,8613,2.4669,8759,12,7,26,1183,9,30415.6266,406,125.909,8838
8629,e748458d66a0611473d64f0b074117d4b62d491b,0,0,0,2011-07-17 15:17:11,30,72,0.1692,102,11,1,2,251,4,83778.9572,260,606.5611,4241
8637,8df4a398b95d4f3ab9e2aecccfb7716f50441b2f,0,0,0,2011-07-18 15:08:01,362,3829,1.6584,4191,2,5,12,1033,4,46619.8064,958,526.1941,525
8632,bd50637af9bc7c8a88bcd589d362fbd963594687,0,0,0,2011-07-18 15:16:04,880,5083,3.9069,5963,20,0,3,1022,107,2172.0,378,158.7102,3033
8627,8381b189521b80666f006e56d106cde98d7c88af,0,0,0,2011-07-18 15:50:13,32,90,0.8437,122,3,3,1,53,107,2504.2033,14,9.1084,29
8644,9f7550a425b23e9243b37887e56094fb311cc65a,0,0,0,2011-07-18 16:36:16,3439,1299,0.2726,4738,6,58,11,1022,14,43469.0446,260,537.7434,3804
8624,d43e66b09ecfb5ddbd900d54e57550192aeb763a,0,0,0,2011-07-19 08:51:26,165,7,2.8269,172,7,4,13,12,10,52664.4634,47,49.4625,87
8646,bcf9fd3ece5181b97b80e0110189b5f5f4a20dff,0,0,0,2011-07-19 12:50:50,193,97,1.7578,290,97,4,11,69,1,41573.5323,260,553.1618,4220
8652,e5414d09384cdbcb5e60094d6b45d3dfa5e9a029,0,0,0,2011-07-20 12:00:08,63,8089,1.3455,8152,5,3,16,34,5,60542.2263,35,20.0401,167
8649,a74a1949b0b51a54fcfac14fe598fa8dd9a6b03c,0,0,0,2011-07-20 14:12:51,94,2240,1.2375,2334,2,5,8,91,16,21693.3211,965,608.955,10918
8643,490d89a9d14af2437356f320e9658c9a37595569,0,0,0,2011-07-20 14:48:30,2814,7302,1.5384,10116,7,1,1,1020,1,66738.7109,26,30.7809,205
8655,88f953242e082544fbb753de5a1a20995dc3d07a,0,0,0,2011-07-20 14:52:44,257,1200,1.3591,1457,4,3,2,7,1,36031.8226,958,551.5886,3813
8634,cafb1056f33cae4341f18feafaebf1f8a6f2d78e,0,0,0,2011-07-20 15:50:03,108,19,0.5798,127,24,2,1,871,108,5361.3988,383,606.3443,10918
8659,95e25a706185770456998b86542965cf381b442e,0,0,0,2011-07-20 16:18:47,203,8613,1.1462,8816,75,3,2,1183,11,29641.2169,260,607.2405,4344
8640,ac05a7117c54683606f19a0b21ca0148de15e03e,0,0,0,2011-07-21 13:40:46,40,1275,3.0268,1315,11,5,1,868,1,82435.9367,50,12.2016,184
8648,483ada70de874f33c2461c68d865f32e510b774d,0,0,0,2011-07-22 11:40:38,2467,20,0.0161,2487,62,19,6,916,2,69420.5988,35,22.1893,132
8689,13b9f3b858beaed11ef0be04c3221562ae0d862d,0,0,0,2011-07-22 16:54:39,6757,95,0.9092,6852,84,5,2,57,103,46601.2144,947,616.6471,13371
8660,eb02d5ba49d92da509e7f629d59537a3b8c7f6b7,0,0,0,2011-07-23 15:03:19,343,1618,0.2446,1961,75,3,8,937,134,60944.832,969,548.9677,4331
8661,fff3a938302d2ccc5e55e8df3f70619b93669089,0,0,0,2011-07-23 16:22:04,5613,3829,0.2097,9442,8,38,2,96,6,47335.6481,1,534.4813,243
8665,cd96f2538e0b1a30d7dbac4a824faf7343660d6d,0,0,0,2011-07-23 17:57:43,5298,2952,0.3098,8250,87,53,2,1049,11,53928.0682,956,614.2978,3766
8663,0d5f5436bfc50279f8e162fb85539e25ddaa55ff,0,0,0,2011-07-23 17:58:24,21,238,0.2068,259,24,11,3,871,4,7177.803,971,558.1302,4206
8651,ae0e46fa228bca17a9de637d89aa72372d9a6bf2,0,0,0,2011-07-23 18:07:25,281,21,2.6142,302,14,5,2,100,24,21578.1324,964,599.2549,4106
8677,791303f744f1e579c5307b92fdadf16ff9ba92bb,0,0,0,2011-07-24 12:16:05,188,111,2.9112,299,9,7,16,81,9,69286.7534,260,604.2772,13522
8664,ab0f9b8e3fb2b8eede8e689ed5ecb686f3ee7148,0,0,0,2011-07-24 12:25:14,125,73,1.6639,198,7,22,1,52,9,65077.4537,956,535.3121,3756
8666,e065b6b968eb96568ee983f214df2f08f68e261d,0,0,0,2011-07-24 12:50:12,410,386,1.9994,796,4,1,1,13,5,1631.9121,260,537.1999,4290
8658,d3d09ddb19404598eae8bcd616d597b885401202,0,0,0,2011-07-24 14:22:48,6757,381,2.4702,7138,12,6,9,1128,3,45756.5257,978,595.7235,13371
8671,745bf2dc6eb3f4e9398fd92a3a65a7dfea2e3ea6,0,0,0,2011-07-24 14:28:17,289,238,1.2162,527,24,1,3,871,8,10912.3333,975,596.6591,4372
8657,17db9adbecb9602d55e6d37337a8704f183ac0de,0,0,0,2011-07-24 14:50:47,82,83,1.7504,165,3,4,8,19,10,20718.4108,967,592.5066,10918
8675,12fd863618045a94d6cfbdb8a35ea857eb1c578c,0,0,0,2011-07-24 15:25:05,410,386,1.9994,796,4,1,1,120,1,363.2213,966,542.5598,3801
8681,070f93f9270245946701ebcaab49eaf3dde78c36,0,0,0,2011-07-24 16:37:31,15,386,1.9994,401,4,1,2,16,11,2445.5683,260,601.425,3604
8676,35f08163b43171a20e2164ac9b56872cf62f7093,0,0,0,2011-07-25 12:14:26,58,901,5.555,959,4,11,4,88,14,74879.7061,977,601.0904,3641
8654,2abe0e5fca1ac48b1cda7179d410beb36cd06c27,0,0,0,2011-07-25 12:19:40,137,57,1.0812,194,74,2,2,820,6,72551.7338,260,606.6658,13522
8678,146fa82e9cb1e14fdf444bd0150a025d976c8677,0,0,0,2011-07-25 12:22:29,1278,901,5.555,2179,3,1,4,1130,19,77722.3987,959,557.9122,4163
8679,8a825b7a8b9701ea63fe3e8d8c16d88c24ac7c57,0,0,0,2011-07-25 13:33:02,2303,573,4.3702,2876,36,9,2,60,6,56803.0263,416,125.7387,9639
8686,c5c49e5145c878e52b965f6bb23ca30206a506dd,0,0,0,2011-07-25 14:31:39,5298,50,3.2471,5348,20,11,2,1049,0,53268.6871,260,599.8652,3636
8690,986f45707a05747c51a06eda56291a0897a2e2f2,0,0,0,2011-07-25 16:01:39,28,37,2.0703,65,3,2,3,871,11,5731.4018,972,541.4706,10918
8693,93718436099f24582f334a4364a11f2ce6103fd1,0,0,0,2011-07-26 08:16:29,169,87,4.5011,256,5,37,1,937,134,58744.9969,942,522.5763,4356
8697,f361b058b3ed35a009949557d70a50555a7b6f94,0,0,0,2011-07-26 08:19:05,3017,75,4.5011,3092,6,2,8,937,10,58378.9176,965,548.1443,3721
8570,31ead70760f1adf225a695b8cad4c0a8d451c03f,0,0,0,2011-07-26 08:29:38,5298,2952,0.2683,8250,5,53,2,1049,16,51747.8023,966,616.4254,3777
8642,67044d06329fc446cdd4c596a1f7b02ec8da17cb,0,0,0,2011-07-26 10:43:41,66,10,0.0152,76,1,19,1,17,3,73239.9474,37,22.9011,156
8684,f2da12f707b1c229b33ad8542e4c233a572b5c4f,0,0,0,2011-07-26 11:18:12,128,8613,2.1821,8741,7,5,26,102,6,30473.5041,260,606.8681,11765
8691,12a65fe72d4b6ed72e716243630bd0a614ff730f,0,0,0,2011-07-26 11:19:04,3439,69,0.6319,3508,5,4,1,71,12,39879.7292,260,596.0807,4221
8696,1ed028755835f3bc730094616905b7ef158797d5,0,0,0,2011-07-26 14:00:40,880,275,0.1135,1155,1,9,3,1022,107,70.7095,1,541.0906,139
8688,66c6f5c78b772b8e3b25a800c49a721cd333642a,0,0,0,2011-07-26 14:58:58,201,564,5.8031,765,7,1,9,61,16,45819.5505,348,187.5957,8500
8703,0db457b134681821d0c692efd9232bdef9c2b63d,0,0,0,2011-07-27 11:31:15,3439,60,0.7267,3499,97,3,2,60,11,41664.8844,960,555.9237,4259
8695,77d59fafe5a5d9e1f02c70ee05ebdfd0b054decf,0,0,0,2011-07-27 13:06:13,2467,3382,0.1311,5849,2,19,6,30,6,69905.9463,395,192.1341,1903
8692,f8154f7cff5f90a5a6b100974714db9de3158aff,0,0,0,2011-07-27 14:05:29,1759,27,1.6313,1786,4,32,7,23,7,25290.6112,19,710.5,4335
8687,d451da79dca8496191435d0dc5557090eb5029a9,0,0,0,2011-07-27 15:56:54,89,142,3.0646,231,12,2,6,32,4,16329.773,260,637.914,4418
8705,43f27ace99b76c5062c85f38c06b8d8a8d22b823,0,0,0,2011-07-28 09:09:55,3017,1618,0.8615,4635,5,37,8,104,14,59743.1455,260,541.2033,3691
8694,68307c1ac357124b5893a2aa509b9bcf193cba3b,0,0,0,2011-07-28 11:18:53,260,37,2.1485,297,4,2,4,26,14,64231.9987,974,551.3764,4174
8702,04d17cda8e3bdafa7ed78ca7e58f33f962315cb6,0,0,0,2011-07-28 11:41:50,19,33,2.1141,52,10,53,16,820,128,72128.0987,963,551.0755,4444
8717,2c4964983f72ec8ac83ad0896727791204304223,0,0,0,2011-07-28 12:15:43,24,386,0.0969,410,1,3,2,11,2,1746.4367,966,616.4015,4272
8704,2392cd62e9c5cc1aded99ffa503e28eb5c4a9a46,0,0,0,2011-07-28 14:14:37,289,238,3.7481,527,2,1,3,871,108,7448.3167,967,544.1516,10918
8706,7d2f90393579c5d77b4942b65c890546d847a43a,0,0,0,2011-07-28 16:04:35,454,1299,4.2789,1753,10,5,11,74,132,39493.8965,973,608.5777,3694
8708,1c47a638af99f88d89781c131240f4e962223407,0,0,0,2011-07-28 16:14:35,2062,109,1.5939,2171,56,5,13,232,120,35223.9176,965,604.2994,3915
8719,29115a2475824dfceaa221fc804e576baefa3ffb,0,0,0,2011-07-28 16:21:39,110,2388,1.3905,2498,8,4,1,1,8,60044.004,375,202.2651,1899
8727,2f28b2fc708c7037dcc569acf8de9acddec21ecd,0,0,0,2011-07-28 16:41:31,289,207,0.5238,496,4,11,2,149,1,10372.4858,955,518.0467,5225
8715,2c20a9f2236364e818ca5bae6ae173f1214f3b02,0,0,0,2011-07-28 16:52:56,15,19,0.1942,34,3,2,3,871,9,6218.1527,383,551.5241,4249
8722,167d096c6a2e125424e4b9e467d4698127945e9f,0,0,0,2011-07-28 17:00:14,1759,1815,2.1928,3574,2,3,1,39,12,22968.1293,1,598.5058,3864
8710,a48c862b17891c8bdde5211332b1f81f361797da,0,0,0,2011-07-28 17:57:24,127,100,0.3669,227,4,3,7,827,10,24657.7437,929,610.2154,3804
8701,05cc97803e8c75bda13f2ebe5640608d56f7a165,0,0,0,2011-07-28 18:00:47,13,10,0.2122,23,24,11,1,871,12,6623.6882,974,552.0244,4326
8720,baa340cc9f42d02767bcc10f3957882bd08a60bd,0,0,0,2011-07-29 09:03:04,152,1162,4.8422,1314,5,2,1,57,14,63090.2137,945,605.2915,3631
8707,c34a8d869b8fc606827afc2c8a1eed9e5a5e620c,0,0,0,2011-07-29 09:09:47,187,7302,2.962,7489,9,31,1,17,3,67072.4938,1,543.0,217
8714,3df30f63a97134000756449995dd06b2c0a7fa02,0,0,0,2011-07-29 10:47:27,23,20,0.1551,43,24,11,1,37,10,6041.8448,383,593.7825,10918
8709,5975c13f250b1e1d91db7c10a1816504911e2248,0,0,0,2011-07-29 11:44:06,504,85,0.1889,589,87,3,10,48,134,60008.0921,385,206.7195,32
8711,a17f89acb18183a20a12dba382519b4b3873b6fd,0,0,0,2011-07-29 13:18:48,1278,53,0.2339,1331,5,1,1,64,9,78836.0,260,607.671,3660
8712,9dff0fa025e9596a23df89f6122ca079091cbeda,0,0,0,2011-07-30 13:42:25,296,1200,1.8765,1496,1,7,2,1082,141,34107.3719,320,148.3603,6208
8725,dc7559d09a70d19a5bfbf0b79c72c910cbcd994b,0,0,0,2011-07-31 13:26:29,1278,52,0.6995,1330,7,2,1,71,120,73714.2669,260,601.3163,3798
8728,729dee0c70e16b6aa6379ee65dd759d366b29e82,0,0,0,2011-08-01 16:03:57,220,1299,1.7762,1519,97,2,2,109,10,42984.6381,260,602.1337,3774
8729,4f891076e30ddd96eff8e7d2d683a61f654b07df,0,0,0,2011-08-01 16:10:26,198,8613,1.6341,8811,8,4,3,1183,3,30448.6047,260,542.3638,11765
8723,5f9157f3029474152e8b2c2e7707eae8d47a7159,0,0,0,2011-08-01 17:15:32,63,63,1.9093,126,5,2,2,110,6,10236.1994,973,543.0886,3818
8730,d316f38b7525cb984f55ca65ae14b7a3dc0c613c,0,0,0,2011-08-01 17:52:16,8,11,3.7481,19,24,11,1,36,108,6720.7871,980,549.8212,3796
8733,f7e30e255d3e992b45190e375e64b3b48ac8b4a1,0,0,0,2011-08-02 09:28:47,346,492,2.0859,838,7,4,2,73,7,69635.2954,958,538.3045,4335
8743,b08350a3e8234b6abbd80618617c7bbc08d41190,0,0,0,2011-08-02 13:13:24,246,1448,0.9875,1694,1,8,3,26,101,56257.7413,338,189.8493,9505
8726,a434627398830498c4e42a25b069bacb4c94c406,0,0,0,2011-08-03 08:33:47,5613,152,0.3474,5765,4,1,2,47,3,48069.6271,371,203.1505,1982
8735,116c07dcfd2ea9d121ede821215aa47c71fcd52e,0,0,0,2011-08-03 09:13:00,2573,1794,0.2833,4367,74,53,2,820,18,71666.579,260,607.1813,13522
8736,e195b1b7d0461eaf8d8d5e7b49fb08eba2992671,0,0,0,2011-08-03 09:14:48,2814,7302,0.149,10116,50,31,1,27,3,65055.5312,1,1.0,524
8732,a7f09858c4f67f5e202a095d2c07a16f85093236,0,0,0,2011-08-03 10:16:58,2780,534,3.8754,3314,21,11,2,110,151,41059.1046,833,131.2749,8775
8721,48f1f6fe4ecdbd84a27002fdda3ca289537b50ee,0,0,0,2011-08-03 10:48:06,2421,80,3.0392,2501,16,37,9,52,155,46279.8534,260,595.3674,13371
8748,eb31f42111b4588d4fa6e59a38b706f020d3d8d0,0,0,0,2011-08-03 12:02:12,45,50,1.481,95,4,3,1,9,0,15689.2283,972,555.3371,4320
8740,b1e5e8181450a1cbfc6ce987b68efb82f815c4a4,0,0,0,2011-08-03 13:08:47,106,1618,2.2313,1724,75,5,8,69,13,58971.9862,260,595.9293,4140
8747,c6b9e6c23606ff2e8fa3b30cebe91aeb3dc8674b,0,0,0,2011-08-03 13:50:53,410,15,1.9994,425,1,3,1,7,3,2689.3442,260,616.4907,3829
8753,f6f81817a6124181c197556573b9095845458903,0,0,0,2011-08-03 13:51:03,214,2012,0.2596,2226,70,19,1,101,18,72760.4117,936,640.857,537
8742,a3b6714cca573d0307e83a12e8e133be402956d9,0,0,0,2011-08-03 14:24:45,19,7,3.7481,26,2,11,3,49,108,8889.5921,972,598.7131,3731
8746,28b1cf95fba974d83549bc8a2802a42a31b32bc6,0,0,0,2011-08-03 14:27:47,46,37,0.1081,83,1,3,2,10,5,2037.3707,959,557.1126,4271
8754,f36048bc853f54d2fe3419bce3815abaee861e09,0,0,0,2011-08-03 14:46:41,1361,106,5.0588,1467,51,2,8,59,17,19821.262,978,596.9657,10918
8757,3806fb71de65db0cd7f49e95f2b8352c40ef499e,0,0,0,2011-08-03 14:49:44,16,18,0.1246,34,4,3,1,120,3,1144.7602,972,553.9107,3775
8744,ea1a308961b113bd989454c7ec92a96c13ee57f6,0,0,0,2011-08-03 15:32:08,410,26,1.9994,436,4,1,2,13,5,2382.9342,952,609.0779,4326
8750,fd644c78ad70b28bb153014631cd99c7305cb276,0,0,0,2011-08-03 15:34:45,410,24,1.9994,434,1,3,2,120,3,4809.0,260,553.76,4435
8756,3270aef333e6d81209b23a29050a566669c7952a,0,0,0,2011-08-03 15:53:46,5,13,0.0703,18,4,3,1,12,3,843.8382,966,601.5742,4172
8759,a27be63d4d7e4242d433d1a8eaa02a07aa1c22ca,0,0,0,2011-08-03 17:03:25,33,25,1.9994,58,1,1,1,13,5,3918.1579,959,608.933,4255
8745,9a60689fa5ac90ffae60c1eaf6e31bc1cde03a2e,0,0,0,2011-08-03 17:05:36,3581,13,0.2373,3594,2,14,1,37,5,11487.1095,960,559.868,312
8751,c1ec22c9d31cee59480a6ce11d1e1d80528a5770,0,0,0,2011-08-03 20:06:16,324,20,3.0646,344,12,1,6,25,2,17226.0,952,601.3119,3724
8758,f1c04ae966b1f7ff1b35ef7bb6650223832f7ce6,0,0,0,2011-08-04 08:42:50,98,7115,4.2833,7213,15,11,9,31,3,60630.3047,408,137.8903,8680
8764,32ad8e5ede160e641201ed4804b820e89a711806,0,0,0,2011-08-04 12:26:10,50,2240,1.5005,2290,3,1,1,52,126,19328.9512,974,556.9074,10918
8731,04fcf6563945dfc9bae02051b9702963932c7a84,0,0,0,2011-08-04 15:01:49,66,12,2.038,78,7,2,6,0,1,11797.7431,260,623.6421,4427
8755,433009487f59f7a43bd8e46ccf20f168208c3087,0,0,0,2011-08-04 17:33:43,158,1299,0.3745,1457,97,58,11,1022,17,38651.7476,976,598.2171,3791
8680,8234b0a0d4a2da7fef42c96f6e2e4b6266223e50,0,0,0,2011-08-09 12:28:52,4511,129,1.238,4640,8,46,15,1020,22,56494.0248,409,190.641,8755
8762,d25fab5f2dd2cb5583ef9a04e614dd73a684409e,0,0,0,2011-08-10 14:06:42,3581,149,5.1282,3730,38,14,1,37,0,11243.317,346,128.717,612
8760,9d8c096f36b20fe9159f7f3209293e73daa55e13,0,0,0,2011-08-10 22:38:37,118,135,0.1952,253,83,3,2,77,43,39942.886,278,103.4618,407
8766,4ec28e3739c99420a409d6cef77007d872684f0d,0,0,0,2011-08-13 17:30:54,151,1299,1.1229,1450,97,58,1,1022,14,44521.0,260,552.9524,4235
8770,e0de1e2b68ae6a052950e564c66c4aec815492d7,0,0,0,2011-08-13 17:32:21,120,43,1.6542,163,2,3,2,820,128,70524.1043,978,550.9553,4320
8683,570da8226af3a07fa614af5cc2a7d6e9201a9931,0,0,0,2011-08-15 15:17:45,880,206,0.2189,1086,20,9,3,1022,3,2172.0,1,593.4793,145
8763,8abb5f2b9e2fa3976e169d9d712a575b9fc55ba5,0,0,0,2011-08-15 15:30:48,145,1815,0.3691,1960,59,3,1,827,127,23128.9967,1,604.7125,3833
8765,ac8b18f44fe0530bff79a9b6c989c2d03cc758bc,0,0,0,2011-08-16 12:32:11,482,77,1.1695,559,4,4,1,1377,2,52278.087,86,36.2219,484
8682,e59e9f9bb2e53e4dd5c0f12c7971382587f69998,0,0,0,2011-08-16 14:33:31,174,1815,4.6287,1989,5,3,1,827,127,23700.1883,949,605.3386,4276
8685,e033238e5a5e51a2daff47e976aa655452db81e0,0,0,0,2011-08-17 10:58:34,177,1162,0.1277,1339,6,22,1,818,112,64397.2934,953,547.8813,4223
8773,7e1bb09ac6844fb1784af67b1997956132d34894,0,0,0,2011-08-17 10:59:43,34,26,0.1358,60,2,5,2,251,0,82026.2853,966,539.113,4189
8771,fdb16ef55cdbd18012af2fa3b4fa8d6e4c425959,0,0,0,2011-08-17 12:06:32,202,144,2.6195,346,6,1,1,937,1,58859.323,260,609.7027,4174
8772,c2a21ba17d452e861fc0b1b93f7c88139e6e45db,0,0,0,2011-08-17 12:10:02,1278,901,5.555,2179,4,1,1,1130,2,78244.0455,260,552.2243,3734
8738,c1aae150c8dded9c0d25eade191641422e120fc3,0,0,0,2011-08-17 12:46:35,3017,206,3.7336,3223,29,12,2,937,3,61031.1541,260,544.5782,4581
8785,9dced6c8a7db7d81fa044142bbb18cb127233cc0,0,0,0,2011-08-17 13:12:05,197,2003,2.145,2200,12,5,2,76,145,28281.8176,950,533.502,4208
8783,a309755a2bbbe06d2e83492991fe4b9f4b4f523d,0,0,0,2011-08-17 13:41:57,287,383,3.5083,670,20,7,26,1183,5,32555.6629,260,536.5847,4286
8782,d6f4f52bfe259ab1ec6cd8d267fcffd78ccfa712,0,0,0,2011-08-17 14:08:13,78,143,5.0588,221,4,24,1,1050,10,17574.18,959,548.095,4276
8788,d0c21f4c470812d699ec141210ad5119b3450de3,0,0,0,2011-08-17 14:26:39,135,78,0.5264,213,74,4,1,820,9,68398.5904,962,610.9067,4509
8791,4742c2c1c11f8b64a1697a0b3a026677943c5535,0,0,0,2011-08-17 14:53:57,0,0,0.0,0,0,0,0,0,0,0.0,411,182.0,0
8789,2c4c346716ac92919b9878bc8303beba0bb5ce9a,0,0,0,2011-08-17 15:37:07,84,1815,0.5104,1899,10,8,7,827,1,24260.7273,957,549.3827,4300
8794,4f3d134d7d8c8057b801f49885d4fee3c96cb2dc,0,0,0,2011-08-18 09:25:30,136,88,1.235,224,4,22,4,818,112,63754.7354,964,529.5386,4241
8786,e34a141e6c1940942875c9e9baee25d2999503d7,0,0,0,2011-08-18 09:42:48,5298,231,0.7361,5529,87,6,2,1049,144,50852.5919,260,532.9651,4334
8792,d30aabc0a7f9b85aee8ad0e39f48234b22c82dcd,0,0,0,2011-08-18 11:14:41,59,5083,3.9069,5142,1,1,1,9,5,1850.6402,1000,710.5,24
8795,3d14d8b059660ee8e935c4dfc599d415df2d0c07,0,0,0,2011-08-18 11:21:30,3581,694,0.2584,4275,1,2,1,23,10,11306.4334,1000,575.0,3033
8784,5103eedb36483f14eb72b40615eeb0b8eeb1044e,0,0,0,2011-08-18 12:18:53,2467,3382,4.9358,5849,62,2,6,50,13,71679.6697,384,170.3372,1908
8793,ca2bb244e477bbc03253de6292ec04f0f989fc7d,0,0,0,2011-08-18 12:20:18,2467,98,2.0323,2565,6,3,1,2,14,71134.296,386,165.1326,1797
8799,695996222a5df625893f4159d2040810071528bb,0,0,0,2011-08-18 12:49:52,31,39,1.2442,70,2,1,6,1021,9,21988.68,109,61.864,669
8801,c07e88f4c544342454dd16f7388283e1af532a4a,0,0,0,2011-08-18 14:08:43,38,17,0.0647,55,4,1,1,8,4,3677.0556,260,612.8119,4298
8808,58e53f70929d724f029e0e70b0d392c8b6eed0bd,0,0,0,2011-08-18 14:12:01,218,107,1.5763,325,7,2,1,118,2,58755.8303,260,616.392,3678
8790,1593726c03e3929ef41c26ba0a505fded367df3f,0,0,0,2011-08-18 15:03:42,410,40,1.9994,450,2,3,1,22,2,2751.6424,260,525.2368,4227
8803,e7f0e3c8a987f757884b8bc653db02347fdc93e5,0,0,0,2011-08-18 15:41:51,22,14,0.0258,36,1,14,6,13,4,10353.3887,88,56.8562,712
8796,f9502b2a7365d9c58fd3e59cf667884016d5c408,0,0,0,2011-08-18 16:41:19,2,5083,3.9069,5085,0,0,0,4,0,2172.0,87,15.3023,13
8804,06501f4e5a46b51ea7e834e860474ab0ab16fa73,0,0,0,2011-08-19 07:24:35,2784,1162,0.9871,3946,76,3,4,818,3,63408.4163,1000,155.1537,5852
8807,c2a9cbad8b634f4eea34ef3b9848b51e51109b2f,0,0,0,2011-08-19 08:30:11,171,3382,0.474,3553,62,1,6,916,5,69325.5979,96,41.6741,664
8800,7e5edacb4dace944b3a0e25f3adc328a55d18c17,0,0,0,2011-08-19 09:30:22,149,2012,1.2655,2161,1,2,6,986,9,72186.9578,97,31.1073,458
8778,498e2e099a24c70e1ac4bd64a55b7cca46e7cace,0,0,0,2011-08-19 09:53:19,147,38,0.0581,185,2,2,1,24,133,42845.6265,99,59.7174,804
8737,b62c92d7da32665a2b8fb90727a09f45a4dde86d,0,0,0,2011-08-19 11:25:51,172,140,1.815,312,75,3,2,937,1,57036.1413,958,608.0659,4659
8561,7a4d3565400173a79fe84493066eca2217f8611d,0,0,0,2011-08-19 12:38:06,32,4441,1.2996,4473,5,5,1,33,8,29824.5165,95,5.3883,581
8564,5cf7e44018f1d9de1eb82f46da5d636c2a3726b9,0,0,0,2011-08-19 13:52:46,933,278,2.5996,1211,20,13,16,1049,8,53423.6021,962,549.4714,4688
8816,8edac82fd62dd5e993f11fbca5ecb61be8888845,0,0,0,2011-08-20 12:14:58,107,33,5.555,140,4,11,1,1130,7,78471.7208,960,540.4654,3751
8818,a3bae58270724b7d27bf9c42529fe1b2b4e33b10,0,0,0,2011-08-20 14:53:30,22,10,3.7481,32,24,2,3,871,6,9230.5561,979,602.0378,4207
8819,b0dabfb495a1b527bbb8466b881db8dc46f8b747,0,0,0,2011-08-22 09:02:28,2784,56,1.8278,2840,7,3,1,818,112,67145.6447,969,537.9846,4236
8797,88c05b8f8dc599cbcef074262c3977b86f02da0d,0,0,0,2011-08-22 12:39:00,880,224,3.9069,1104,1,0,0,1022,6,58.5631,1,549.5044,94
8553,bb2f254446a298aa48995a79ecfac436dda433a6,0,0,0,2011-08-22 12:42:13,146,60,5.5611,206,74,3,2,820,13,68615.7346,260,539.7319,4299
8820,95cc225b0d845f476e7e4b363e811aa8c5fc8c0b,0,0,0,2011-08-22 14:00:56,51,2240,5.0588,2291,51,2,8,50,126,17202.5761,959,600.4403,4376
8823,e592eb8e1d90f628eaf08aa193ca74766142f12d,0,0,0,2011-08-22 14:21:09,679,85,1.4476,764,9,4,8,937,134,58459.4368,964,609.5404,3852
8825,9a23ec0013ddf6e08af8c660574b3b38bf13c056,0,0,0,2011-08-22 16:57:27,2573,1794,0.2863,4367,74,53,2,820,128,68476.6673,260,540.935,13522
8821,4d178b49a9802e74615a8544a53326f54244e01c,0,0,0,2011-08-23 09:37:56,6757,111,1.6448,6868,35,11,2,1128,155,48426.0157,1000,710.5,6886
8831,f9848192bb58d80ffc54b733de984392a95e102d,0,0,0,2011-08-23 15:19:03,16,193,0.1742,209,2,8,6,38,4,11797.0936,260,613.3461,3700
8828,a5772a4ac019a08404d06238f2a7c1381ec7118d,0,0,0,2011-08-23 16:03:06,333,4441,2.3674,4774,6,4,16,4,4,31309.0022,98,8.3281,462
8826,1e551417be38df841d6b092e10969c1712140145,0,0,0,2011-08-24 10:43:00,410,26,1.9994,436,1,3,1,53,14,4047.1473,260,637.751,4583
8827,48981addab6d522b54c5d4b4349bce8ea6664876,0,0,0,2011-08-24 10:51:05,1278,71,5.555,1349,6,11,4,1130,9,74106.6263,260,614.8955,4353
8069,7b1cec0c313b7516b81ca4e03f1bb3de60348ee9,0,0,0,2011-08-24 13:20:19,250,1299,2.0941,1549,8,6,11,60,3,40717.9035,260,537.9022,4227
8070,2afa138503966afcbb72bee760b1b327e1600577,0,0,0,2011-08-24 13:32:15,20,13,0.1616,33,12,8,6,19,9,13542.9101,951,606.3414,3651
8829,b2f194c4e781aab6f63b1a87a2125a021f9d8774,0,0,0,2011-08-24 13:43:51,150,1162,4.8422,1312,76,2,4,35,10,66638.8925,260,613.2473,4274
8073,dd1a6898cf8c856bb5def4afc258d59b22c8a447,0,0,0,2011-08-24 15:13:20,269,95,1.5487,364,11,6,8,18,8,22103.6961,967,591.98,10918
8089,cca74c4f4551ea541a53029f42d5f3c02505b9c8,0,0,0,2011-08-24 15:44:18,5665,4441,1.6586,10106,71,3,1,47,101,29679.8036,144,710.5,314
8071,840258674fd13e13fcd15586bf48e3c1bd075d2a,0,0,0,2011-08-24 16:07:25,13,358,2.757,371,10,4,1,141,26,31175.0161,260,598.8329,4069
8074,fc8753a04b91c79c552bbd91b17018bd02ecf1ba,0,0,0,2011-08-24 18:18:16,4,2012,5.2754,2016,2,19,6,986,3,73181.1108,381,197.0757,26
8079,47af572604b780839de6e38105f58f9bede317b2,0,0,0,2011-08-24 19:21:34,2,618,2.5,620,1,1,1,1000,107,4406.3973,386,204.8907,1758
8085,6bea6a0c7dd220b1f6e9bf2fc352984a41bbd5cb,0,0,0,2011-08-25 08:30:41,1005,104,2.3483,1109,5,3,1,39,132,37929.5356,436,196.8181,1800
8076,fb914cdc5d1400d30d2fe5c18e391397c83804ee,0,0,0,2011-08-25 12:20:09,6970,187,0.7331,7157,1,3,13,1377,138,51543.2048,108,64.659,826
8075,691429abb62f1ea665c49974112a70893b76944b,0,0,0,2011-08-25 15:20:14,421,690,2.1846,1111,9,6,2,69,22,60687.5725,302,54.1814,6716
8084,014042f863043bd24d977d8f479bb94bdca4ea88,0,0,0,2011-08-25 15:25:26,8325,190,1.7935,8515,6,3,1,107,20,35777.3356,175,14.019,950
8068,3d8b3fa0c8d2b9228855e647d0f4abc7d872bdc4,0,0,0,2011-08-25 15:39:24,1361,130,5.0588,1491,4,2,1,1050,126,23368.5385,260,618.0523,10918
8088,978ee947514d094bebd289516afc00b72fb559cc,0,0,0,2011-08-25 15:54:05,364,2952,2.5505,3316,14,3,3,103,144,51052.7891,260,598.6365,3961
8083,0fb945429400603b62069f57b12c1ed5463a7a12,0,0,0,2011-08-25 16:05:20,6,37,1.0606,43,2,2,4,32,4,2276.8931,54,80.0756,659
8090,3f9e923b55b5d8942fa9273f7e7328b7f4cd6bf2,0,0,0,2011-08-25 16:51:36,19,618,1.0057,637,2,2,4,1000,4,2868.1032,63,27.4046,830
8809,f212dbeb2d47c19f46b02d82ec54692e5609ab26,0,0,0,2011-08-25 16:59:56,29,112,0.1037,141,1,1,1,31,2,534.8773,96,34.3213,782
8814,04ad622a00313a04b4336d9b2c834b4410a2a855,0,0,0,2011-08-26 09:09:44,442,195,1.6719,637,3,3,4,102,4,63922.9032,260,615.4738,4155
8081,5d58890c35a0a00618fa3dc29cc49ae5fceb284b,0,0,0,2011-08-26 09:29:52,117,1162,0.2774,1279,76,22,4,52,112,67804.0,260,536.5058,3680
8672,9f622aadc71fe7174f2f5ec25379beeeb00d0d64,0,0,0,2011-08-26 09:33:33,880,5083,0.1122,5963,1,9,0,40,6,70.274,943,536.5569,3033
8097,73e4e36624d9add582ea0ecffb2923638cab1eff,0,0,0,2011-08-26 09:39:26,153,1794,0.6858,1947,4,53,16,50,128,71134.0527,974,546.0455,13522
8096,ea7a4f6c29de6a25a914fd6a6b2037b5c90e6108,0,0,0,2011-08-26 12:15:50,129,30,5.1282,159,3,1,1,71,7,12950.7725,366,206.7085,1916
8776,b87142ed803429856cdbbaa7eb6b54b90c748d08,0,0,0,2011-08-27 14:12:50,3017,1618,0.3747,4635,8,2,1,10,6,55967.7807,966,544.6556,3685
8810,9f43ae7a3cae06587c35ad694a112fec0f8da8ab,0,0,0,2011-08-28 07:56:08,9,5083,3.9069,5092,20,0,0,1022,1,2172.0,248,104.6172,3033
8106,3730b06eb3053c03fec0d9444f5bd281033e5e07,0,0,0,2011-08-29 14:37:48,5298,248,2.5031,5546,4,53,2,121,14,54969.0,944,601.3763,3680
8112,59fc904f6170818fffff3eae624ed180d79a6c52,0,0,0,2011-08-29 15:20:49,23,386,1.9994,409,4,3,1,44,6,88.8301,960,619.7585,3513
8108,7a4298ceecfceea4dd07e8832c1b312ee95d51ef,0,0,0,2011-08-29 16:03:19,2182,105,5.1646,2287,68,34,1,1106,145,26909.388,1,601.7004,172
8670,10d45701119dce632cbac150ada0f64ee4d876b1,0,0,0,2011-08-30 09:58:10,70,245,0.1701,315,11,1,1,1,6,85460.1362,315,191.4314,8662
8780,d4e71b81308f46a0152e59747f37ee09c30aa172,0,0,0,2011-08-30 10:25:14,31,83,3.0268,114,2,2,1,868,10,84240.6086,114,11.3213,502
8111,bd0b8389d5d066295f4d571ba1ff64a736f91d53,0,0,0,2011-08-30 13:00:25,35,2926,1.8943,2961,3,2,5,20,7,6203.6279,76,11.4013,374
8086,9ac7a4a1fc0ebf49ec7d79cac7585b8783b1cf0d,0,0,0,2011-08-30 13:46:28,1961,10,1.0837,1971,1,1,1,30,8,79110.3314,125,45.3082,505
8104,b88c4d541112f421b952e9a57c7f7b4836bb2853,0,0,0,2011-08-30 17:51:07,122,570,0.1727,692,6,3,26,59,1,29331.2508,260,617.5143,4499
8077,66f7baca3d86dc6cb9bac887bf989e77344b6c2c,0,0,0,2011-08-30 18:24:29,324,193,3.0646,517,2,8,1,22,7,12136.5881,260,544.4659,3746
8781,03b67fc43ad909c82d198949f9c47aa85c472981,0,0,0,2011-08-30 18:43:48,16,238,0.1608,254,2,11,3,871,15,9607.4463,964,598.2085,4248
8119,5b5d75f0bafa6c99d0bdc7ea288e2eaf0b4ecb50,0,0,0,2011-08-30 18:46:41,324,0,0.1717,324,1,8,1,10,6,12477.4565,976,539.9623,3804
8107,726b61a5862c5c93f243522b3e93c1fe300748d0,0,0,0,2011-08-30 19:09:16,25,8,0.7328,33,24,3,1,96,13,9661.3766,975,533.9169,10918
8099,bd1587e1e7c89e082432a46dcf59605a15c333b6,0,0,0,2011-08-30 20:09:26,37,282,3.9069,319,1,9,0,1022,107,104.8543,959,534.6047,3033
8116,3796968d8a758f848865cf5754d7ad5e7f79b6ad,0,0,0,2011-09-01 12:29:33,64,901,0.874,965,4,11,4,92,7,73009.0,260,548.9594,4266
8668,7c61d0ee57152c8a1c2215fa81473bb991dfe6cb,0,0,0,2011-09-01 12:51:07,3439,54,0.7893,3493,7,3,11,1022,132,39826.6416,260,539.303,3860
8768,966283f66477527346b5df66f9385be9f9e32308,0,0,0,2011-09-01 15:00:15,830,37,3.1016,867,11,6,9,39,0,48351.2004,260,550.1047,4525
8091,d3dcd9d38e6bbdea6f4a8017191b38889c8647fe,0,0,0,2011-09-01 19:05:00,97,152,2.2126,249,12,3,2,22,2,33834.6732,260,606.2283,4646
8101,5f346a9f83bf893c77bcd10b24e0d7653861fcb9,0,0,0,2011-09-02 11:50:00,131,86,0.9031,217,7,4,2,818,2,65458.4129,260,595.9842,4167
8125,00c19b7f66856c9d17c40e7b3c503289be5a3608,0,0,0,2011-09-02 12:02:29,2784,86,4.8422,2870,76,22,4,8,2,65184.4557,260,618.0151,3662
8135,22896f9e66fbc8722716261e674c6a99397361db,0,0,0,2011-09-02 12:22:33,48,129,2.3937,177,10,37,8,83,134,57611.5244,260,594.8734,3751
8140,617df957c7b4a1cea554eebcb3b849a7d0d517e4,0,0,0,2011-09-02 12:55:02,200,2003,2.0914,2203,10,4,11,104,145,27042.0329,935,519.0145,4309
8100,267fca03be6a024aa23950271f27677667a18586,0,0,0,2011-09-02 14:32:18,20,34,0.044,54,2,19,1,20,6,69991.3894,43,17.2583,3
8105,f3d580df6e49ee9361c96fb3bdcd2a7e79f84a83,0,0,0,2011-09-02 14:51:45,4779,24,0.6262,4803,1,36,17,16,0,44009.4301,44,13.7766,195
8813,db4ec18034f1c9d63fcc152b3ddef047859e6648,0,0,0,2011-09-02 16:22:30,216,203,1.69,419,97,8,1,30,104,44083.2584,938,623.3691,4659
8120,cf43da88e745ca49d617ad4ebb5c5d8036dc4ed3,0,0,0,2011-09-05 06:14:01,340,2952,0.5813,3292,6,5,2,51,144,52358.8048,1000,141.9555,6621
8098,8d6e355f2a13f53f5194636b33d7425183baa50e,0,0,0,2011-09-05 10:05:37,2784,1162,2.2831,3946,76,5,4,818,15,64155.8239,313,58.2337,6592
8150,9b1af5184b1ca5f0861cc1b6679221f628832c7d,0,0,0,2011-09-05 10:47:29,2814,7302,4.9874,10116,50,31,6,29,114,66539.5308,190,75.1456,626
8775,c367c1b121ee441a94b3fc884c1b4db660c7366f,0,0,0,2011-09-05 15:13:05,167,86,1.8734,253,7,3,2,818,4,67236.617,260,604.3825,4071
8132,b0cbaf269abc6f7ff22a37f344cfe00348c67093,0,0,0,2011-09-05 16:04:56,266,2952,1.3322,3218,6,53,2,1049,144,49840.5736,260,535.0068,3765
8117,1f89d7d11e57b1c8765f3b4b4aedc1ceb18b4fd9,0,0,0,2011-09-05 16:56:39,226,68,1.74,294,5,4,2,1082,1,36265.0076,978,542.0329,4278
8137,f3a073ea5decdfe710fbc7381f9dfd5a50e5739d,0,0,0,2011-09-06 11:38:45,264,69,2.5741,333,15,8,1,1243,9,39426.6066,66,57.0127,706
8126,898313c533e9f6176c6dcf050c8c3c7ac8c4dd4d,0,0,0,2011-09-06 13:52:13,8898,27,0.1994,8925,3,2,6,22,2,34291.0424,99,62.4593,700
8121,964aede783bee8e9a8b97de78ac1ecec99265876,0,0,0,2011-09-06 16:05:51,735,56,2.5363,791,3,4,4,818,7,64942.931,260,596.6582,4284
8164,5707a5179c7cca4cb451ba9d05ed1ae5fcd58380,0,0,0,2011-09-06 16:09:08,55,5083,3.9069,5138,20,1,1,1022,0,25.969,934,537.2361,166
8133,7da09a94533fa5e6c2b150abcbc8caeb3cdb3999,0,0,0,2011-09-06 16:47:58,289,238,0.2131,527,2,11,3,871,108,6671.0481,383,602.4604,4327
8149,f19fddc90836c4402cfded3cb5034baba5fc8978,0,0,0,2011-09-06 18:16:35,22,238,0.7294,260,3,2,1,871,15,8118.2301,966,536.4945,10918
8130,8b22919c44b8d0461816c204f234a0bbfc525c4d,0,0,0,2011-09-06 18:51:42,11,12,3.7481,23,24,11,1,871,108,8088.9232,979,546.5751,10918
8155,bf3504c2175407bde62346e6398488b5a4c3310c,0,0,0,2011-09-07 13:02:22,193,204,1.8905,397,3,8,2,57,103,64170.0619,952,532.3263,3952
8139,86ccb3d50d22912081c36c859108880dd7d18be3,0,0,0,2011-09-07 13:50:52,3017,1618,1.0849,4635,9,1,2,87,120,56901.9546,959,609.2731,4632
8118,bf2170d62aa850246f06d5b5cf2edc6dcc792c29,0,0,0,2011-09-07 15:47:44,1095,786,2.1848,1881,6,5,9,51,31,47214.2009,966,603.754,4569
8092,011fec333805daa3100603f3639ac0af64bc9443,0,0,0,2011-09-07 17:08:11,3248,298,1.6332,3546,7,9,2,137,13,26537.8909,260,552.7266,12425
8151,233ae24cf5e255e0e1a66446aea04f051f0c09de,0,0,0,2011-09-07 17:13:07,410,386,1.9994,796,1,1,2,27,6,2691.5237,951,531.2833,4282
8148,54730fc49e55e0bfb92fd37d171c8880168a321e,0,0,0,2011-09-07 17:21:34,31,31,0.0978,62,4,1,1,4,8,2.0,260,530.9454,4281
8146,395101367b9e2314282e3f9ba1d53436a49588e3,0,0,0,2011-09-07 18:08:45,78,245,0.1762,323,1,5,1,251,8,85424.0789,962,531.6648,9112
8812,27ddfd08d0493789cd6ddbf2e0efdab1a1ba9741,0,0,0,2011-09-07 18:19:20,410,386,1.9994,796,1,3,2,23,7,843.4927,970,607.016,4335
8110,f4a880979a6670f48eca95701c8778c9866e312e,0,0,0,2011-09-07 18:40:46,410,14,1.9994,424,1,3,2,25,7,1058.5051,955,545.0877,3646
8163,df64dc3c406f98f22e7a1e5a812a0cc9f3819910,0,0,0,2011-09-08 09:58:27,2985,465,5.2754,3450,5,19,1,41,114,76674.0,7,6.2913,3033
8127,27405a8738993f54e11a3daf4bfd487549ac4f61,0,0,0,2011-09-08 10:39:04,236,48,5.4776,284,87,1,10,28,1,56871.7354,101,61.4266,795
8143,14f69252f83abca7cdac86f69a441031b650d75c,0,0,0,2011-09-08 13:07:54,32,12,3.0646,44,1,8,1,13,9,13474.1935,962,538.3543,3822
8136,6858c0b918d8edc5425f8faa638ec5215df40e45,0,0,0,2011-09-08 13:55:50,531,3962,5.4528,4493,5,46,15,85,152,56846.4439,355,125.6647,9700
8144,bbcb83a097cdd01642b29bb59a2748d90a230fcc,0,0,0,2011-09-08 14:40:58,521,1143,2.2735,1664,7,41,1,14,7,54888.7102,75,23.4259,487
8153,89dc1333cb80ef2e515923219876d85ed8b9cd65,0,0,0,2011-09-08 16:22:04,21,494,1.6701,515,4,3,26,36,21,30620.2646,260,543.0577,11765
8152,7bae93f813e7f96e765fefcca258a524f387148b,0,0,0,2011-09-08 18:28:16,474,1299,2.1789,1773,11,8,1,62,28,43259.7101,260,547.8733,3738
8122,cb3f757a122404800930e31d6d536c07174f9ab3,0,0,0,2011-09-08 19:24:00,18,17,0.6904,35,3,11,3,54,10,6575.2703,383,607.344,3724
8817,3ac190b3407008e9646d276d16f861a6f3057fc3,0,0,0,2011-09-08 23:34:47,1580,961,3.2867,2541,11,6,2,89,8,26385.3093,423,130.9374,9574
8779,16feb0359e0d0f567356977db2c23baeab43bde4,0,0,0,2011-09-09 10:15:58,6970,8778,1.9447,15748,7,7,2,95,17,51290.7954,28,17.4445,2844
8815,effaff43fa5472a66eef633bbc8900f6cf29c25f,0,0,0,2011-09-09 15:16:52,1278,901,5.555,2179,3,1,4,80,0,78703.9204,260,594.4378,4246
8141,743d358741675c8c8bd46ef2e24389deaaff299d,0,0,0,2011-09-09 16:05:01,64,1200,3.344,1264,8,7,2,191,12,38022.6945,955,596.3366,4719
8156,5c0719ea92f46c7363acd91232529727b5b9599f,0,0,0,2011-09-09 16:17:45,1961,465,3.6595,2426,3,18,4,64,10,81175.1181,950,542.3175,531
8093,f0413e3266ae78b5937b7deb07daa4b205de28cf,0,0,0,2011-09-09 17:12:52,1278,55,0.7695,1333,90,2,1,67,120,73989.3245,260,612.4946,3732
8129,24cace05dc7c12b49231c401d9b29ada5c9c1d52,0,0,0,2011-09-12 11:25:16,68,2465,1.706,2533,6,1,17,29,9,41626.6549,104,6.4319,567
8157,8b4fa3ee42b3e3fb492ca615a06aa3a0de8ea644,0,0,0,2011-09-12 14:36:25,254,54,2.9891,308,7,38,12,1033,7,48825.1353,75,25.0551,538
8113,35e2349b1701b9e3636c7be10c5409492cd9ad7a,0,0,0,2011-09-12 15:11:12,2753,8089,0.8817,10842,99,38,16,11,3,61918.6392,65,8.9839,558
8128,d937f4bee802b8d09ca897e89d7147d352aeb6a6,0,0,0,2011-09-12 16:35:00,43,32,2.1197,75,6,34,1,21,8,29219.2616,62,58.1183,814
8147,28a67d86063b6b2de475edef89e3455882cff1e4,0,0,0,2011-09-12 16:40:02,289,78,1.7282,367,11,2,1,987,4,14628.9289,106,710.5,430
8138,a8fad47260f0c27d5715dec3ca1ffe68ba4baa84,0,0,0,2011-09-13 19:03:48,654,589,2.5135,1243,12,24,8,1050,3,17494.9092,425,116.1088,8800
8168,f6213087927bd1236d3ccb536866dcdbf4c06376,0,0,0,2011-09-14 14:29:11,210,88,2.3619,298,14,2,1,25,6,47589.3095,72,38.3735,688
8188,21bc2bf03254b1b9a876899f8111442728640e95,0,0,0,2011-09-14 15:55:15,321,316,2.0482,637,8,2,3,162,102,29590.8969,39,7.6521,924
8207,33d4b3e4df56437f1700cbd7b08c816650e612f4,0,0,0,2011-09-18 18:30:30,576,5931,5.182,6507,10,6,3,209,98,38796.0386,833,190.5659,9377
8196,e8d41edb5f72893f359337ab13094c34847c303f,0,0,0,2011-09-19 08:10:03,2282,612,2.6721,2894,84,6,9,665,16,62248.7553,833,127.0375,6711
8158,b9d50755f2074af1276d429747d667c02890a505,0,0,0,2011-09-19 10:44:00,141,447,3.7671,588,19,9,9,1128,19,47205.2516,1000,144.7871,6703
8191,69e1d78cb56a7918bc723a637e51549f00a4932f,0,0,0,2011-09-19 12:03:20,108,1815,3.8396,1923,16,4,1,53,4,24900.3698,65,38.8706,842
8186,2435b11fd34026aad80cc6329599ef67b1307a3f,0,0,0,2011-09-19 12:34:12,16,88,1.4258,104,7,3,10,11,9,57594.3743,105,41.7852,795
8200,a069d07222b18716db30c31c36f370d72135bf66,0,0,0,2011-09-19 12:47:15,39,2648,2.6315,2687,7,18,5,987,4,16463.939,105,710.5,434
8192,ef10e09ea3de243e2ecd61b26afa9e82fd63e127,0,0,0,2011-09-19 13:06:46,98,210,0.1471,308,3,44,1,44,2,52313.0105,71,45.0735,230
8197,f1db126ca150d65b66e5146263e488c1243a9c63,0,0,0,2011-09-19 13:18:01,469,618,1.0905,1087,3,3,1,1000,8,3950.5983,123,70.0419,629
8123,0ff496937b17cf8713f397bcdefda1daa23d4250,0,0,0,2011-09-19 16:10:55,11,549,2.5452,560,6,3,2,87,23,57791.1276,354,188.9325,8541
8201,54e33fd194065daadc8cdd99fc77fac630f89b95,0,0,0,2011-09-20 11:52:34,38,4441,2.0127,4479,10,3,1,29,10,31204.4209,96,63.1898,796
8194,58dfc6ad0156edb00046bb8a27cc6936b04c5dff,0,0,0,2011-09-20 14:35:48,5298,165,2.2034,5463,12,8,2,1049,18,50759.0352,1000,70.7986,5971
8203,2b89806b0cf29ce8f2700a408f0a8a8fa8c7b13d,0,0,0,2011-09-20 20:38:50,324,9,0.1868,333,2,8,1,14,53,15080.9976,446,187.4904,8680
8199,a534bf0f398b65fad5d30e0629b20948406f2d30,0,0,0,2011-09-20 20:42:11,3248,378,0.5052,3626,62,35,2,81,19,24079.1464,417,132.771,9593
8219,8568950d10a05313721ce2664fddc80d16ef2f85,0,0,0,2011-09-20 20:43:06,78,2544,0.3587,2622,4,2,5,989,99,7561.644,458,195.0197,1040
8202,e5bec6e7370671a00a2b1bc4c0395ff26edbc863,0,0,0,2011-09-20 20:44:00,289,11,0.2766,300,2,1,3,57,18,8412.1343,412,118.7583,8607
8175,aaa7b812c735328695d9f17c3101ca7541e183c5,0,0,0,2011-09-20 21:30:34,324,8613,1.4429,8937,3,6,2,1183,14,30846.1693,343,134.7133,8888
8171,593bb4585a645960a4e6d95f7c453346c72bd349,0,0,0,2011-09-20 21:31:43,6757,1529,0.9209,8286,84,2,9,85,14,48164.2134,338,135.2773,9554
8161,3914e68d3abe9799539ec9adb8dc154f572d7939,0,0,0,2011-09-20 22:05:31,56,31,1.9994,87,1,3,2,120,5,1737.0704,431,182.8349,8732
8173,bc972d3d4e056cdaeaed77deb69cacafde5272a1,0,0,0,2011-09-21 11:51:08,199,7302,1.9523,7501,9,5,6,4,9,65596.2371,104,61.5816,796
8170,eda2d7df2a00788ba692bc2a880aaea4b8f4be63,0,0,0,2011-09-21 13:41:59,4511,357,0.1241,4868,8,46,2,90,152,54978.9277,352,175.7586,9470
8214,0c5c6ee064eb55621d525471c3e3d1934e15819a,0,0,0,2011-09-21 13:42:34,28,19,0.1435,47,11,5,1,18,7,78912.0,443,196.6311,4000
8185,91485e10b975d1d36a811a799849dd18b6982366,0,0,0,2011-09-21 14:04:43,90,3829,1.3378,3919,4,2,1,41,6,48348.723,102,35.4746,826
8165,b8ea9c482722c1e5d7ab994898f617835139cdf7,0,0,0,2011-09-21 17:43:48,3248,6953,1.7261,10201,62,1,2,162,5,24405.8686,333,115.7557,11510
8210,2211646f672ee18708ee613ac606df7097f61090,0,0,0,2011-09-22 12:07:59,111,164,0.5819,275,3,6,12,1033,1,47237.2988,97,69.7983,671
8206,45ec1258e10dc88dd7650e10b175009526e93f1a,0,0,0,2011-09-24 20:26:18,880,5083,0.0126,5963,0,9,0,1022,0,2172.0,387,154.9398,3033
8244,ede3e7248091fd816b2be928ff27cbc25212ccea,0,0,0,2011-09-25 10:27:10,186,7115,0.5925,7301,84,2,2,193,117,60689.8487,405,142.0874,9328
8221,b937843c0690f76d3b84e9999a0aa13d494c88c3,0,0,0,2011-09-25 10:27:52,6757,97,0.39,6854,84,3,9,77,11,44577.1595,427,110.6986,8515
8211,3986243cb42578fb4487aaf8020577a28253b63d,0,0,0,2011-09-26 09:32:03,6757,111,1.099,6868,8,5,1,99,18,49139.4736,423,186.8651,8617
8226,8ecf7d4d955191175876e2209ac1dc66e9b58502,0,0,0,2011-09-27 13:55:10,39,96,1.7337,135,8,5,2,827,9,24908.4484,66,35.6046,659
8172,ddd2e49965c7f5fae7f15e2734059b53833e1fe7,0,0,0,2011-09-29 13:43:24,47,53,1.2772,100,5,4,1,11,4,36380.8007,57,37.198,692
8223,f3173e823f7934be7dab58c6f3bc02a41ef67707,0,0,0,2011-09-29 17:50:26,2573,99,0.1419,2672,3,4,16,820,10,68994.604,964,556.9846,4553
8212,d7f8281ff1150f0ca7de3dc4217a2a4e4b2e2df1,0,0,0,2011-09-30 12:48:03,93,7302,0.5397,7395,4,2,1,18,3,65185.6883,48,16.2984,169
8204,afdaeb88bed388f9f8b298fd3ae13fed12c65f47,0,0,0,2011-10-04 09:43:57,202,182,2.1934,384,14,37,2,937,3,58603.5183,1000,710.5,6840
8225,40076bbdfbf31d6d4f633cbe75518e95aeac9705,0,0,0,2011-10-05 08:19:59,58,8089,0.9992,8147,1,2,1,36,8,63152.6771,44,15.7429,117
8227,acfa5dbd4f7e09c9d34ae7a4c49757ca0dc84fb3,0,0,0,2011-10-05 18:07:33,185,188,1.4936,373,6,24,8,1050,10,22358.5637,260,553.268,10918
8213,9b08d7099bf735e092154a3cf396cc9ebf43dcd7,0,0,0,2011-10-06 13:43:11,2573,1794,0.8445,4367,74,53,16,820,1,70824.9702,260,591.4347,4469
8269,d9b6c13e8eb0c5daa1e20f9be6b4c12b5d4ce5df,0,0,0,2011-10-07 15:02:57,141,825,5.0588,966,51,4,1,60,118,20850.9516,424,189.3145,9298
8237,927699e1ca60b65838da7ff021ce0f4156b646d1,0,0,0,2011-10-07 15:08:22,82,2240,5.0588,2322,51,2,8,85,126,20517.5312,332,126.3722,8719
8249,babe6b5a7a19f2b8d40bf483c719858bd366885d,0,0,0,2011-10-07 15:09:12,196,7115,0.3086,7311,7,26,2,60,4,65468.9887,442,175.6213,9829
8198,ab2dd07ec69d6525e5cc44e2def2449678724f02,0,0,0,2011-10-07 15:10:25,2062,69,0.8108,2131,7,2,13,1,23,34802.0614,418,123.073,9392
8183,f629365816f7f8c95daf88210c6c342e11675631,0,0,0,2011-10-08 11:51:11,411,30,0.2087,441,2,1,2,19,2,80289.1432,941,613.3802,4357
8243,3dfc560b1c9b7be3e51b0a9fb4f3a99aa631b559,0,0,0,2011-10-08 20:18:13,3248,6953,1.0564,10201,62,7,3,1026,15,28240.2833,1000,130.8752,5969
8222,cfc9579fe7d9872e3bd4e0875ecfb39487f08d9d,0,0,0,2011-10-09 14:11:21,95,19,1.2945,114,7,4,2,76,19,69156.1278,260,560.0466,4236
8193,dcd9d29a434343b8e5456f74bf72344b7a0141bc,0,0,0,2011-10-09 15:34:39,243,238,3.7481,481,24,11,3,67,108,5556.2454,383,524.3347,4468
8176,cf35afa2ac56e2d7e9f95a95edf00de89d3ba7da,0,0,0,2011-10-09 16:04:17,880,216,3.9069,1096,20,9,3,32,3,2172.0,975,553.6576,3033
8245,b703fe3ab7dacc264841b48fa4c26d263382c3ac,0,0,0,2011-10-09 16:09:13,38,5083,0.1996,5121,20,9,3,1022,107,86.6821,945,553.0144,143
8179,35eba7b7bdfac8ae3a8835e8f56653bff4f13d72,0,0,0,2011-10-09 16:15:09,26,30,0.1587,56,4,1,1,35,8,4405.8133,951,622.8361,4381
8234,9490b71dd0fd4b75686bce42a578e1492f326bfb,0,0,0,2011-10-10 11:07:38,481,353,1.3884,834,1,6,3,77,98,44486.706,260,624.2118,13371
8159,121fe0f6b2e0940a0e5cb7cacaa363d7541be08c,0,0,0,2011-10-10 12:01:41,6757,1529,1.2772,8286,8,5,1,64,14,46516.6569,260,600.356,4228
8261,f93f058aa1d77b46ee8cb63701a442aa92952834,0,0,0,2011-10-10 13:45:20,137,2240,3.6331,2377,17,11,2,96,126,21584.9874,297,132.7345,7266
8260,ef6105ee89dcbd20171c0ca618e52549699b1113,0,0,0,2011-10-10 19:15:09,484,41,0.241,525,8,11,1,80,120,76150.3164,260,540.9996,4332
8263,d49db9c781fb93ec7b36cf3efc623c0895665512,0,0,0,2011-10-11 09:48:30,40,465,0.0739,505,2,18,1,50,12,78353.5877,58,9.8653,212
8247,a7a85e66ffb30154cf1b0c602b4b43f030425aad,0,0,0,2011-10-11 10:16:31,66,2012,1.3797,2078,2,3,1,64,13,73799.5197,23,15.1462,124
8228,7ebff7724b5b774bcf7b22f747b01bbb509d5b82,0,0,0,2011-10-11 10:30:14,6363,41,5.45,6404,3,2,1,36,9,40890.0936,31,17.8617,188
8250,8dd6660e4b45d38c698ba661c07c0f7f1dc70eac,0,0,0,2011-10-11 11:14:23,39,5,0.8843,44,3,3,1,29,15,3312.276,1000,31.1321,3033
8248,9c620393b3c4ffe80d6c8c8fa52ef52d5b44b844,0,0,0,2011-10-11 14:12:28,351,59,2.3875,410,10,6,12,1,9,46898.9944,62,59.5345,677
8267,3f85151596eb76cb193cd9f93342afbf7cc16a9e,0,0,0,2011-10-11 21:47:32,148,73,0.7089,221,3,3,6,91,14,34834.1765,27,30.1258,149
8236,3d6fa957bf4db4061af4316e207f7287ffe25b32,0,0,0,2011-10-12 09:09:33,842,777,1.9816,1619,13,6,16,1048,14,40856.4524,833,132.5966,8661
8268,fd9a589ba7d6debfc594422b5d3d78d8290901a6,0,0,0,2011-10-12 09:36:43,131,1794,5.5611,1925,74,53,16,52,13,68144.0129,973,607.7854,13522
8297,5b61ab68226e62a8c3517de1d608d3ff88f0b25d,0,0,0,2011-10-12 09:44:33,139,603,0.3244,742,3,31,1,46,115,67583.7622,309,196.7006,720
8262,31fe060a1e771b995d7acfb97f0286467a98d019,0,0,0,2011-10-12 09:44:50,1361,145,0.4227,1506,51,4,8,86,13,22608.643,327,111.0238,8692
8270,16655543147d000f83378625b51d7bfba58cc68f,0,0,0,2011-10-12 10:16:49,208,5931,1.1727,6139,8,59,2,1048,23,38947.3554,833,188.221,8713
8275,3208230a47b4ec75840b5bdb63f36b42b3f8792c,0,0,0,2011-10-12 13:13:38,89,69,0.222,158,4,3,16,36,128,71360.4642,260,549.4366,4309
8252,c115479a69fe0316aafd01807ff63f5d7d3d6a7c,0,0,0,2011-10-13 12:36:26,9,96,1.8316,105,4,5,6,71,14,33487.3444,57,3.1233,210
8230,fa95c3d5ac5cd03c51f040544b3ed4c335dea59c,0,0,0,2011-10-13 12:37:44,2651,2388,0.0715,5039,2,1,10,7,8,58727.358,26,26.4724,59
8266,2b7e30cb70cb3a1c1c9c2e9182ec521c03a02bdb,0,0,0,2011-10-13 13:58:23,6970,165,0.1791,7135,80,44,1,93,5,51159.4731,29,18.8891,2844
8229,c08b74f1fb8aafb5f275f1a600f4eac0b1372a2c,0,0,0,2011-10-13 14:56:39,5298,168,0.603,5466,87,53,2,1049,144,52036.3623,260,518.0826,3630
8274,cf9b370a6100386ef7c9535c85419f6ede808f23,0,0,0,2011-10-13 19:18:30,18,193,0.137,211,12,1,6,22,5,15044.5991,971,551.732,3740
8231,6e1533181ab381fe4cb3eea538ac3ef1e86358b4,0,0,0,2011-10-14 09:56:36,9591,147,1.7991,9738,7,4,1,966,4,55688.9891,108,32.7055,391
8257,0a4a043263427020078d1d5a765bbf5664518358,0,0,0,2011-10-14 11:58:53,2985,2012,1.6303,4997,4,3,6,986,1,72194.8696,60,7.506,106
8277,74939e9846e397d5ae320334200ab968be8ad42b,0,0,0,2011-10-14 15:54:55,252,67,0.1653,319,76,2,1,818,112,66811.0475,260,541.1391,4252
8278,c1bb8d73429c16c36166e4de9b47c219c8bead89,0,0,0,2011-10-14 16:11:55,138,5,1.9994,143,4,3,2,7,5,1256.6513,260,548.9063,4346
8283,12480629df3ea6af97c1f8e77f4b75b31997393b,0,0,0,2011-10-15 15:33:24,118,67,2.0489,185,4,10,3,156,24,39663.839,260,592.8023,4513
8235,d753f4f977f974728651e34d570cd310be08c8e3,0,0,0,2011-10-15 15:51:58,18,16,1.3665,34,6,8,1,12,7,14615.5738,964,554.603,4197
8254,fccd0e1a5141bda89cc8ce03467ccaefd81747db,0,0,0,2011-10-15 16:15:33,27,5083,3.9069,5110,20,0,3,1022,107,75.3593,1,611.7184,3033
8255,f55a4883d166d0d4863a8a3bc4dc6936e2a54db9,0,0,0,2011-10-17 09:01:53,2985,2012,0.9712,4997,1,2,6,986,6,74743.2157,20,23.1301,62
8284,eba6516c46b7940f7f48bbcce2ad352310f75944,0,0,0,2011-10-17 16:29:36,61,40,0.7806,101,2,2,1,35,10,25440.6052,15,15.0387,7
8287,f5d9b35a029364160551780c8453eeaa247ddfec,0,0,0,2011-10-17 22:00:08,4779,2465,0.0984,7244,2,36,17,16,5,42741.1095,97,26.5279,444
8224,1800afe33eb9cf6b033ea42aee456b404fbc977e,0,0,0,2011-10-18 09:55:26,51,2388,1.2166,2439,2,4,2,43,15,59127.8946,26,50.399,154
8280,3966ab1ac88055f4625d3287666a8194e458294c,0,0,0,2011-10-18 10:47:32,342,193,0.785,535,62,19,1,31,3,71102.6183,40,31.3732,131
8239,6480ebebcf509b1ad129b3da656eebff47c78ee6,0,0,0,2011-10-18 14:44:42,4307,2648,0.1219,6955,2,18,5,3,12,15555.8488,69,49.4584,45
8290,afaa9a49bd07c58dfe0ed772787a924caf0f8321,0,0,0,2011-10-18 14:49:53,141,102,3.6595,243,2,1,4,28,10,76733.0,27,31.0665,37
8241,da1a116221566093f0567bee3fb16dc8279f6cad,0,0,0,2011-10-18 15:44:37,681,44,1.7099,725,5,2,12,18,2,48605.7564,67,15.8931,197
8253,b768a4d2a200c102e3f03eb577a59d1451feb892,0,0,0,2011-10-18 18:41:14,3248,6953,1.3307,10201,1,4,12,1026,5,26758.2832,420,175.4335,9607
8272,37fda176c4b4f89ab3137141411f071fc482f6ad,0,0,0,2011-10-18 18:42:34,244,661,5.3776,905,75,40,2,1183,19,31980.2076,342,107.4707,8653
8295,eaa88632484d06c26f967b37e095b8dc1089d7dc,0,0,0,2011-10-18 18:43:12,3248,6953,0.751,10201,62,5,12,80,2,27714.3696,331,178.2789,9634
8289,9d0d7bc6fe596a212a8f7f898b784c4272dc0c45,0,0,0,2011-10-19 06:37:13,133,3829,0.0899,3962,2,1,12,13,4,47115.0536,45,12.7535,3475
8259,31dfe401055319d19262ab1aaa2678712c9111d6,0,0,0,2011-10-19 06:45:56,551,38,2.5247,589,9,2,12,25,8,47691.0114,44,13.9202,1
8303,b599bbfb4e61a93e99418085b67af35b9ba7d2ae,0,0,0,2011-10-19 06:47:40,2985,32,0.2026,3017,70,19,6,169,103,75966.8005,4,84.2641,3033
8281,a8175c01774b8115371388f59fe2186df4b0c03d,0,0,0,2011-10-19 07:41:54,67,3829,0.8966,3896,3,1,1,1033,2,48704.6832,50,45.7997,139
8293,14b853719b500a1d0d4bf71c6477a4c93bca934c,0,0,0,2011-10-19 07:42:35,18,161,1.6333,179,4,44,1,1377,9,51511.3182,49,35.9208,84
8298,2aa88e68319facc1915a1b580bb8d60f52e16dd3,0,0,0,2011-10-19 08:43:21,162,1143,0.6624,1305,3,2,2,42,5,56004.5027,29,48.2689,83
8301,5d24bf18be8e46aed96fdc62a01b93265923d579,0,0,0,2011-10-19 09:11:34,97,206,0.2345,303,99,3,2,37,9,61029.087,1000,16.3586,3558
8302,d90ff31eeb2b1616fdf322b4c8011ed0c229df3b,0,0,0,2011-10-19 09:56:43,100,212,1.0823,312,3,19,1,916,5,68232.21,25,25.7908,36
8279,5434df86247febc3f504612d645d3fb9b41e5e88,0,0,0,2011-10-19 09:57:02,2651,39,5.4776,2690,2,30,1,13,5,56895.5881,31,33.801,77
8292,e980cab5ff1d9508a9061acedab12c38401a14ff,0,0,0,2011-10-19 09:57:15,85,106,4.9358,191,62,1,1,15,6,68227.537,49,34.8542,70
8296,6ffabda3493557e926bbe9f5426f0e267677d685,0,0,0,2011-10-19 13:49:03,52,39,3.0268,91,11,1,2,868,2,81966.405,109,38.1304,514
8300,7f1e4d0fe54112d093d94b6805270fff5a45995d,0,0,0,2011-10-19 15:26:56,6757,1529,1.277,8286,7,3,9,1128,155,48979.2481,356,132.7808,8549
8310,a2484711e55ac20fe9ea23197fc134597c95d859,0,0,0,2011-10-19 18:30:14,143,8613,0.2498,8756,6,3,2,1183,138,31169.6252,436,107.4053,9558
8305,de792376c493a42715570a0333147a2462dd6f93,0,0,0,2011-10-19 18:31:13,894,651,2.8049,1545,7,4,2,154,117,63775.2673,414,168.0872,10427
8304,bdd688e74669108b17f7f099ccaa14c3a9b5d333,0,0,0,2011-10-19 18:39:07,880,5083,0.0459,5963,1,1,1,28,8,459.7039,54,48.0286,128
8291,9f507d841985a435af7e254cae8e576d491c6ce1,0,0,0,2011-10-19 19:38:29,128,77,2.0392,205,4,1,1,987,8,15626.8089,23,52.3798,69
8351,09fd9b332fda823f3a3122f1746abe94b7dab004,0,0,0,2011-10-19 19:44:55,469,54,0.0972,523,1,1,1,173,100,4272.548,1000,98.7172,232
8323,d84f71e4559315384440f24ed7c4b6d7ada0e2be,0,0,0,2011-10-19 20:02:41,241,746,0.2078,987,3,3,2,179,0,9811.8328,1000,10.776,307
8324,e3f45c2b041306ea57994147abe3afea116ec0a1,0,0,0,2011-10-20 16:01:21,4779,2465,2.4835,7244,15,10,17,76,10,43449.5836,78,13.9863,367
8320,85fcf616a91ea7838fc1bd0e51cfdafa4531020d,0,0,0,2011-10-20 19:31:36,6363,3319,0.0841,9682,2,32,8,1243,11,40964.25,23,18.3501,70
8317,c1518d99bf992c9c8d5c5e070aace84013ee0dc1,0,0,0,2011-10-22 12:02:38,50,36,2.4759,86,10,6,6,24,11,71332.7233,102,31.0176,462
8309,eb7047434bc27261e5a7b33ff3b51f118298ec22,0,0,0,2011-10-22 12:19:26,46,172,0.13,218,99,1,1,1130,7,60526.254,108,18.8471,505
8312,d7b0efcae1a2c9ddb324f03e7214412ba0236b20,0,0,0,2011-10-22 17:42:03,13,25,3.182,38,1,1,5,5,5,6833.5803,107,19.2518,408
8315,1e9eb92dc929b2e0f41f68c0596861ad2466a6d8,0,0,0,2011-10-22 19:41:12,3581,9,5.1282,3590,1,14,1,7,7,13149.8196,88,32.5867,471
8311,a05419efc08064c7c353dd4529a1cbbcb56c34ba,0,0,0,2011-10-23 22:08:20,49,5083,0.7814,5132,3,2,1,1022,107,1610.8492,239,75.3622,501
8316,8492b29eb11096c1c48bc168fd5c602d12b8cb2d,0,0,0,2011-10-23 22:08:58,880,83,0.0652,963,1,1,1,1022,4,13.79,244,104.4999,540
8318,74e1aad1ddbcb2575a424854d823d6b81f6be1a0,0,0,0,2011-10-24 07:55:31,2467,3382,4.9358,5849,62,19,6,916,4,68364.3255,27,27.3356,207
8319,079b3d61729ef04a573b33ad195dc83136e0c788,0,0,0,2011-10-24 09:32:27,1,618,0.0505,619,1,1,1,1000,6,3076.2847,24,1.3718,3033
8330,7e9135b18d72420482d1c6f70ad28f55fa2c5bea,0,0,0,2011-10-24 11:56:57,23,61,1.1512,84,4,3,6,4,3,70443.5906,99,8.1409,571
8341,36bc6512d043b70565c12030b54f6cddbe83322a,0,0,0,2011-10-25 11:44:46,2869,398,0.6591,3267,75,40,2,1183,13,30480.949,962,601.8497,11765
8334,1b3f9b7fb281e5c4cae77d57c487a973087c91eb,0,0,0,2011-10-25 13:28:42,299,52,1.7387,351,6,30,13,1082,5,36649.2087,260,606.281,4328
8338,c2713ae22dd99283be1b3e3c657c284de385afd0,0,0,0,2011-10-25 14:18:28,3439,1299,1.132,4738,7,58,11,57,132,39183.309,958,614.5794,4257
8321,e28da64ee711fcef898320b41de72ca972bcc05d,0,0,0,2011-10-25 16:17:58,3439,100,1.2809,3539,7,4,11,65,132,40764.6896,260,534.8601,3718
8307,3aad78e57e450782d04470aa3400e47a4515cd0f,0,0,0,2011-10-25 16:28:22,410,38,1.9994,448,1,1,1,23,7,436.9711,964,608.0162,3648
8340,99b26b0cb7db777a3ec2685b5b5a791fc4e1eb32,0,0,0,2011-10-25 16:54:32,2182,176,0.3313,2358,4,34,11,115,20,27430.6521,1,541.5044,4284
8326,7277d07c843e1081211e95dee518b14b85f65128,0,0,0,2011-10-25 17:10:11,2182,2003,2.502,4185,1,34,2,1106,20,26747.7738,1,523.0065,4044
8331,1c80b69949acf4ec71bde8e71ab19e15ac9e9aa6,0,0,0,2011-10-25 17:13:40,289,18,0.1316,307,24,1,1,871,108,10204.3204,383,557.0506,4333
8339,b6d14c9c234333956196539c6fbb72066c7a13b0,0,0,0,2011-10-25 17:16:08,24,18,2.647,42,11,5,1,22,1,85971.9321,260,613.0875,9112
8347,3ebd051500c2bda3eb69192ac86ebcbd0003ca7a,0,0,0,2011-10-25 17:43:04,151,113,1.5476,264,10,4,1,98,20,59652.9902,972,617.0155,3741
8335,fd7087a4cd8e1cf6cdb2f30bc1be03c57f630e10,0,0,0,2011-10-25 17:43:31,10,8613,5.3776,8623,4,40,26,123,24,32155.0935,260,609.9088,11765
8299,cd385484da152b250dddb36ed74b0cdc5639c722,0,0,0,2011-10-25 17:49:44,33,25,0.5896,58,24,2,1,105,17,10830.1625,383,554.65,3737
8344,d40e337e929b885f4bf744235747abf410ac2dc9,0,0,0,2011-10-25 17:50:36,2062,65,0.2599,2127,4,3,2,89,141,33332.6311,957,545.9824,4235
8349,2becebdb721bf27780a1930fa0b318cda338d79a,0,0,0,2011-10-25 18:02:46,144,162,0.714,306,2,2,3,10,4,6156.5066,979,603.7011,10918
8314,ec751da43f709105fa5a61c539eaec7a9944aab1,0,0,0,2011-10-25 18:03:54,410,47,0.1153,457,1,3,2,30,5,254.6726,260,612.175,3743
8345,977c974d5ad98b6d747346cfe046de9cb0d8a039,0,0,0,2011-10-25 18:09:20,135,174,0.2211,309,2,8,6,211,7,13525.1258,260,521.7961,3375
8350,90ada70170b9ee41c324a216bca235907d2c9d0d,0,0,0,2011-10-25 18:46:41,478,250,1.7856,728,8,3,2,67,14,34242.8518,68,32.8688,150
8343,0a0fc1707da0bf1128908c2ceb2402fcc99f5e3b,0,0,0,2011-10-26 11:45:06,40,2926,0.0685,2966,24,1,5,989,6,8038.6522,13,29.4852,114
8348,c7a4aba88f8858f676ef8dad2d12d9998f51dd76,0,0,0,2011-10-26 13:49:40,132,51,1.1963,183,5,2,7,22,3,24655.8365,93,63.9191,783
8336,f14254adbd2679cdebfccdb419253aff46bc79ee,0,0,0,2011-10-26 14:46:54,28,133,0.1088,161,1,9,3,32,107,2172.0,944,553.1564,3033
8342,91a9c3547ed9b592f7281297a02c269489a94160,0,0,0,2011-10-26 15:09:26,1000,956,3.0604,1956,14,2,1,64,14,45291.7441,71,2.9173,286
8325,1ce7d2210b8fe9da3b69e057a4747da9b04984bb,0,0,0,2011-10-26 16:00:06,153,89,2.012,242,6,5,6,67,4,19635.6226,108,27.4828,671
8354,046d17e8cc2cdba79b16d0321a9603d6a984737b,0,0,0,2011-10-26 16:18:40,257,1618,0.3555,1875,75,5,8,90,16,61307.9252,260,536.4462,3648
8332,04de7023d24794ed622fbc2df78c08bdfbaa242d,0,0,0,2011-10-26 16:35:16,35,4,2.815,39,6,3,8,25,6,54733.927,56,16.84,122
8356,cb3b50fd69fcb8567755b37940154e81369ac3bc,0,0,0,2011-10-27 12:04:26,2784,143,0.621,2927,7,22,4,33,9,66378.9874,260,546.6123,3812
8359,d65a81bf40cc6227449e75a56b51c85661bbdd2e,0,0,0,2011-10-27 12:12:26,110,1200,0.5145,1310,5,3,13,103,141,34459.576,976,593.1678,4202
8352,d6a42db4021b69a9878ae2a1cc246942e09b21b6,0,0,0,2011-10-27 12:18:34,410,386,1.9994,796,1,3,2,6,7,657.5917,260,602.0649,3687
8355,d2d3a4ec42f8425bc36c856842c597d414eac414,0,0,0,2011-10-27 13:31:05,1759,1815,0.3583,3574,59,32,1,39,12,23371.7171,929,529.5402,3721
8358,25b1032de91e913448cdb843a3ee08feb2579779,0,1,0,2011-10-27 14:15:57,168,818,3.3299,986,17,3,8,109,16,55231.4095,10,54.3294,298
8346,24a4ae2d274a7b3af61da83058d42012fd42634d,0,0,0,2011-10-27 17:19:25,26,2926,0.0902,2952,1,1,5,36,10,7883.3485,68,14.8677,137
8288,20afeef7e968a953b841d4403bb41a675dbaebe1,0,0,0,2011-10-28 13:40:59,469,0,0.1844,469,2,1,1,28,101,4495.7544,123,110.2326,3033
8364,db0bc68c325530408ffad61660e9f2ccb9ad2a27,0,0,0,2011-10-28 14:15:18,143,124,0.1891,267,4,4,16,66,18,70646.8731,429,195.9384,8714
8251,f75f607d3bfee1e0d1c4ad03fe3138b6da33b1be,0,0,0,2011-10-28 14:19:10,754,455,1.0252,1209,5,3,2,1128,1,47595.0724,357,203.3469,11540
8233,36994e38ac493f87afe04c75fbbef9bf82424896,0,0,0,2011-10-28 14:19:28,470,277,0.4315,747,84,5,2,63,152,52224.6783,408,137.1558,8624
8361,af6006f27c88dfda7b3901262054d28a3709f293,0,0,0,2011-10-28 15:00:29,33,15,0.0241,48,40,18,1,19,7,14225.0338,51,19.3508,154
8357,7721800db747d5a8b6b020e4e6b4906ad8e21d1d,0,0,0,2011-10-28 15:24:54,469,618,0.0424,1087,6,6,4,7,12,4210.5201,114,33.1413,482
8232,69ee4d7904cbaeff963b228226a98f35e05baf8e,0,0,0,2011-10-28 15:47:19,5613,29,1.1595,5642,2,3,1,13,7,48381.5235,46,46.3523,92
8360,a61c668774134f67448c8d28a0fcebb9e235d82c,0,0,0,2011-10-28 15:58:04,4307,34,4.808,4341,40,18,5,25,9,17629.3211,103,34.4349,409
8367,92a10ef438485c839b959e08dfaf38ccc42fcf3d,0,0,0,2011-10-28 15:59:32,142,150,4.808,292,40,1,5,987,5,17677.8377,88,33.1979,396
8377,42c818686134e2b70769ff03531151b672b455bc,0,0,0,2011-10-28 16:14:39,600,778,5.2833,1378,8,5,1,49,112,43939.9108,155,710.5,605
8368,74751be8f5492f2f6c9c89320e027b04f22d1178,0,0,0,2011-10-28 17:57:16,216,212,0.0924,428,11,1,1,29,107,83558.2992,113,42.6183,358
8392,6d73037bc58cc9dda65d42d58de0f76578042576,0,0,0,2011-10-29 13:34:05,746,390,1.1729,1136,9,53,1,182,116,70903.4927,260,548.9869,4768
8264,d58a9316ac81173113304f9e040afa9351e3410f,0,0,0,2011-10-29 13:43:53,880,5083,0.1767,5963,1,0,0,1022,107,56.4204,1,555.8814,173
8366,e50e6b86671329df55fc1d265c2f7036bd844aa0,0,0,0,2011-10-29 14:43:16,35,386,1.9994,421,1,1,1,120,3,3933.1157,260,537.9853,4308
8362,fbddde3ce88b50403bc2b78b70b914d90919cefc,0,0,0,2011-10-29 16:29:36,411,12,0.1031,423,11,5,2,17,1,83299.7303,260,620.021,9112
8363,0eebf25cdf37c2c05793ccb238521638c56bd840,0,0,0,2011-10-30 21:34:10,4,23,0.0181,27,0,0,3,3,0,2172.0,381,159.1305,3033
8371,a467e5618d069dedee1e645d017ddaf1da588ca4,0,0,0,2011-10-31 11:03:44,184,3382,2.618,3566,8,2,6,11,11,70364.9936,41,30.3976,136
8329,f2148f2055eb9775cf2512a89acdfa713663e7e5,0,0,0,2011-10-31 14:04:41,105,5931,1.2254,6036,82,6,16,1048,1,37421.4587,833,124.39,9516
8372,975524783b90eb045123ce0898fee06cc43bf744,0,0,0,2011-11-01 09:24:08,2753,46,0.0223,2799,99,38,1,11,5,62742.308,15,7.8626,9
8353,ed220333af16bc6c426189a224dafcd5f7cc2020,0,0,0,2011-11-02 10:28:49,2784,1162,0.4666,3946,76,22,4,24,13,62171.5518,260,616.6294,4271
8373,2d2a66c306a3e7723444d97240f534ecf9a2215d,0,0,0,2011-11-02 10:38:14,37,22,1.9994,59,1,3,2,65,6,790.1448,958,609.5463,3686
8375,fb677807457f9f92fc2bc8aec33a009908a33fdc,0,0,0,2011-11-02 12:30:22,156,620,0.3824,776,6,26,3,665,5,63851.5104,353,128.0759,8818
8370,90464c012c762c6a08fd586be355db5c2122e716,0,0,0,2011-11-02 12:31:04,209,2465,0.2643,2674,5,1,1,41,12,44095.8804,359,176.0316,1716
8369,4eb1ce4a399ac58f3afba5e84063bd9849fc0750,0,0,0,2011-11-02 12:54:37,156,1200,0.7921,1356,4,2,13,153,0,33635.1387,260,544.5219,4328
8378,7441a9a2a718f36e9f5b9cd8f4d967f306de4708,0,0,0,2011-11-03 16:06:56,76,901,5.555,977,8,2,4,102,12,73037.4114,336,114.8382,8708
8384,9e159f737f8a42fef886062a3fd5850531281306,0,0,0,2011-11-03 16:09:58,20,193,3.0646,213,2,1,1,13,14,13687.9898,348,131.2189,8835
8394,fd172432f0b7fcb65b990ece77a85fe10ea42c21,0,0,0,2011-11-04 15:04:58,410,386,1.9994,796,1,1,1,16,4,3990.3322,332,202.1207,8668
8381,1b8c57abb8ee9bb8f664532e5183a137c2620595,0,0,0,2011-11-05 19:27:36,1361,2240,0.3469,3601,3,2,1,1050,126,21439.3155,343,204.4803,9581
8389,4330fb26d2fd3d38872b0f27276bf3e78a61fddf,0,0,0,2011-11-05 19:28:56,225,324,4.7643,549,6,35,12,90,19,27017.9244,434,188.015,9520
8393,078a6b407f9667f1582a9d8ce1fb3ad5b08b970b,0,0,0,2011-11-05 19:30:53,51,41,5.555,92,90,11,4,1130,5,74295.7687,419,201.8857,8615
8398,cd9a85e9af55ede8f62b4376bb2a795ffda44cad,0,0,0,2011-11-05 23:25:30,129,2240,1.5737,2369,7,4,1,1050,22,22486.9923,352,111.2614,8757
8386,8ea11c18ddc3b74bc2908dd6980a7ad7397e111a,0,0,0,2011-11-05 23:26:14,189,5931,0.4719,6120,11,6,16,1048,17,41911.5131,434,119.459,9645
8395,f8087020e442834f6458c92fef60d8e07287f2a1,0,0,0,2011-11-06 00:24:10,184,8613,0.2426,8797,75,4,2,1183,18,29877.5793,425,112.9121,9689
8400,03a4b9bed2108b6d1d7c4dfba8993ad5b75e8c21,0,0,0,2011-11-07 09:56:43,880,86,3.9069,966,0,9,0,18,107,36.1954,272,107.65,58
8383,924498f281a904389d2e6b9aba7a38c3a2cf8d19,0,0,0,2011-11-07 09:59:26,67,3962,3.4154,4029,38,12,4,158,1,54364.7662,287,118.0122,14110
8402,5cc7da59dc9eb1d424162cb222e33eae361f2a2c,0,0,0,2011-11-07 10:20:56,57,5,1.0885,62,4,2,1,1,6,77814.2384,80,12.8013,219
8265,b3538aef214fff2940f8f05ef5b0562c02728e90,0,0,0,2011-11-08 16:03:27,102,465,0.226,567,1,18,1,22,0,79034.5977,62,61.8308,791
8391,a6798a0080853cc5b6910f19ac0e32aafbcdff97,0,0,0,2011-11-08 19:25:08,5665,4441,4.7242,10106,2,40,1,21,3,30051.0119,60,30.6053,199
8403,0570cfdecd1b6b89bd8f01eb6d44b7fbd03c5897,0,0,0,2011-11-10 12:42:02,197,1162,0.2143,1359,4,2,1,34,8,65336.55,947,547.7024,4310
8406,c0338bc1a991b73e2f605e2a2793864466223595,0,0,0,2011-11-10 13:19:29,146,45,0.523,191,2,5,1,17,5,84606.0089,56,32.1241,226
8388,4ecfeaf59ba278a1f1ccc1bc106be24182f67a61,0,0,0,2011-11-10 16:48:08,33,193,3.0646,226,1,8,6,63,10,13616.4004,260,533.1559,4278
8401,9acd0a39a48efe2679afdfd17acfc7e136d8b00a,0,0,0,2011-11-11 10:44:32,24,7302,0.0429,7326,50,31,1,1020,6,67421.7059,47,27.5093,148
8408,8214eb7b6a2eebdc98c091901413788d65c7a7d8,0,0,0,2011-11-11 12:38:13,141,38,2.0946,179,5,2,1,61,6,17862.0876,78,1.1391,228
8399,1a7bbd8183e0e4d2dd700aba7fc892168b696552,0,0,0,2011-11-11 17:59:45,69,22,1.0631,91,3,3,2,6,2,15852.197,968,595.4307,4565
8410,81326ba990a38ad68b28d8124927c3680511794d,0,0,0,2011-11-12 14:10:24,563,2952,2.2299,3515,11,53,2,16,1,50822.2306,958,615.2132,4237
8380,b83fe8c2561188265445f64abe612d99a90e227c,0,0,0,2011-11-12 17:10:09,289,18,3.7481,307,24,11,1,871,108,10501.6776,979,597.3707,10918
8407,7231d2a41ba7e4195dba141508674c2e7f2923cb,0,0,0,2011-11-12 19:12:45,13,2240,2.2137,2253,3,2,8,37,11,20623.4966,260,606.4274,10918
8412,e391da35c2b2d48d041b165f5badf5be4fbcd5f8,0,0,0,2011-11-12 19:13:37,2,2240,0.8029,2242,5,3,2,66,12,19067.2083,260,592.4622,4731
8416,e2bff18ace9a916e9714b1ee855e73e60175b867,0,0,0,2011-11-12 19:16:14,289,15,3.7481,304,24,1,1,49,6,7293.9649,383,548.1047,10918
8387,c3eae10fe5f0c2c433c7ca0310302f95e1b6948e,0,0,0,2011-11-12 19:17:43,85,193,3.0646,278,12,1,1,211,53,14430.9455,260,546.8778,4330
8409,d33b025d0c3d7ecb39757daa75c0c0ca8ee8400a,0,0,0,2011-11-12 19:19:16,627,2952,1.6487,3579,7,53,2,1049,144,50638.5845,260,550.2312,4311
8415,80cd9199876c8d46649cb67e0a585861b9464949,0,0,0,2011-11-12 20:09:17,32,28,0.0803,60,1,3,1,9,2,3305.9777,260,549.6068,4422
8418,20f96faa24db487818d913135fab1295b2dfbea1,0,0,0,2011-11-13 13:28:43,2784,1162,0.1752,3946,76,2,1,53,7,64949.3766,260,533.4126,3780
8421,e39efae8051ea860a8f13af6fb121849ee7bbe3e,0,0,0,2011-11-13 13:43:57,2784,59,0.2044,2843,4,22,1,818,7,66687.5247,260,530.3939,3776
8426,4932dace62490653fd91f5a35a556111d61d9fa3,0,0,0,2011-11-13 16:21:01,317,1200,0.505,1517,56,30,13,70,141,38324.0,946,621.6867,4433
8411,0ddd20165c20cc368370c29adba7a9957048fe89,0,0,0,2011-11-13 16:22:52,17,12,3.0646,29,2,8,1,2,6,15200.269,959,613.6213,4275
8417,70816f5e8a485dd18fa050fd8da1ff52a23cbf37,0,0,0,2011-11-13 16:26:34,20,24,0.0853,44,1,1,2,13,6,78.5767,971,545.6907,4408
8420,d89f1eca9054e04bcf511a25d0e92d8aff0d4acc,0,0,0,2011-11-14 09:05:56,78,59,1.8703,137,3,4,16,16,6,62091.1917,6,13.817,51
8413,266a63ed9ebef60254ae154e9bb79850dc23c821,0,0,0,2011-11-14 18:02:31,48,59,0.0483,107,1,8,6,38,6,15616.4717,966,624.8318,4218
8423,364862766a39cee71ed099ea3d6717a7fde58df9,0,0,0,2011-11-14 18:55:54,1361,106,0.2771,1467,51,2,8,1050,9,19401.2264,260,540.4621,10918
8425,64e2e9b28a080a9b44c81afa9644a98c77fb8cc9,0,0,0,2011-11-14 18:56:17,56,2240,2.5915,2296,6,1,2,1050,14,18638.0677,260,558.4518,4620
8424,5c735d9db6983fbe04450f3a2893a4b60f3153d6,0,0,0,2011-11-15 13:13:34,576,1618,4.5011,2194,6,37,8,937,7,56027.5698,260,622.0152,4248
8449,7363193cdf7236db250d5358806bfeb23d9d1a3c,0,0,0,2011-11-15 19:10:46,3439,83,5.9636,3522,97,58,3,210,96,42068.5464,966,629.4647,4633
8390,d88e2242a3694afbbdae7a2ad3e3473d124cce4a,0,0,0,2011-11-15 19:39:49,177,1794,0.1948,1971,74,53,2,22,6,71036.4569,964,614.9245,4412
8419,87f0551ffe1ba59087fa909c79a29f0f695ea2d2,0,0,0,2011-11-16 21:52:31,96,128,3.2821,224,10,4,1,51,8,28528.3033,72,46.4093,321
8414,3af6a31c5075a93ac8fead47e0053d99ea3cba04,0,0,0,2011-11-16 22:53:36,5,16,2.5,21,6,1,4,38,10,3721.6261,81,38.8206,421
8427,31e83d7d9c89b6cf33f047397f58ac36d72948b8,0,0,0,2011-11-17 10:38:23,456,294,2.2127,750,3,8,2,1128,155,50322.3333,1000,65.2348,7296
8430,39a0943994baa21d57df03724e10b50ec55f5f68,0,0,0,2011-11-17 13:56:39,3439,67,1.3662,3506,97,58,11,126,20,42539.6593,260,596.664,3826
8428,8d485bab5c5e1abe201e660c76564dc11476334c,0,0,0,2011-11-17 14:54:01,416,2952,0.4489,3368,87,53,16,72,144,54050.1879,938,618.0752,4265
8429,fc67fa6c39729a8f88fde6e18e4e1a3d71c6977b,0,0,0,2011-11-17 16:16:52,5298,190,3.1809,5488,4,53,16,90,17,48874.2,260,520.2615,3638
8435,26ebd70e6cbc07baf39ff7dfb111d317f794727d,0,0,0,2011-11-18 13:39:29,563,144,3.1905,707,20,5,2,166,23,65918.5987,260,624.0822,3631
8432,9167028b6e1ba45d933d9401c8fdd8278fdb53d8,0,0,0,2011-11-18 15:08:14,7,443,1.3808,450,7,40,2,72,7,29715.527,972,547.5488,11765
8438,a734ce695e3a48862818d2f3aef3a3902939e9d6,0,0,0,2011-11-18 15:13:53,36,227,3.9069,263,1,9,3,34,5,2172.0,947,600.4646,114
8439,a8934f8c51ec5b04444dc8b7050bd10ed493948c,0,0,0,2011-11-18 16:15:33,100,493,2.3108,593,4,40,26,62,138,32239.4055,260,546.3247,4308
8437,a2651e062a82c539ee15d869f6a2f8c4fbc17074,0,0,0,2011-11-18 16:38:00,69,25,0.5925,94,4,2,3,127,9,9911.5436,383,536.8867,10918
8442,2485e7de8990a87c91263adc81342e1d65a30adf,0,0,0,2011-11-18 17:35:12,46,386,1.9994,432,4,1,1,120,19,4494.0734,944,625.9899,4520
8444,114712208d75132cbe5c5c2e3fb5bf80fc246372,0,0,0,2011-11-18 17:36:37,93,40,1.3555,133,4,11,1,871,108,7720.2598,968,541.5011,4261
8433,ba452fb1a52ba72a98a07241d00522c4b12d3c87,0,0,0,2011-11-18 19:29:37,62,96,1.6909,158,1,24,1,48,14,20451.3111,260,608.8449,10918
8446,a169e82c9029f9d7763224902ceec1a57a9ce8a5,0,0,0,2011-11-18 19:53:01,103,25,1.5254,128,5,5,2,91,15,15486.7904,947,616.5279,4310
8452,15b8a0c2e63b458bd1f00b40e553140ac3838d23,0,0,0,2011-11-18 22:21:17,262,4441,2.9431,4703,7,5,1,3,5,32789.1488,33,8.6127,176
8451,42adabe2841483ad2465839bf47e58a7447fcca8,0,0,0,2011-11-18 22:57:52,1,9,0.0061,10,0,9,0,2,0,2172.0,18,19.9866,4
8447,22f54d332e2071ea62ebf2a1e151d627c751b05c,0,0,0,2011-11-19 18:01:13,1569,0,1.4219,1569,24,13,13,209,5,33979.369,260,511.9708,4349
8450,a525864411bc578940ed9f0bb258001787e6c708,0,0,0,2011-11-19 18:10:10,410,18,1.9994,428,4,1,1,120,3,2173.6587,973,534.9304,3617
8487,d85b8f06a7fc66bf8e319c930f568c455a78255d,0,0,0,2011-11-19 19:42:51,8898,125,2.5549,9023,9,4,2,81,102,33679.844,70,710.5,15
8458,bcdd97dfbb8df67f7a4e5a69d0a3a096075ba0ba,0,0,0,2011-11-19 21:59:39,85,1526,2.711,1611,6,4,1,29,2,20780.3094,1000,7.3873,191
8454,49d2f9c12c777b30c10fb0a1b8cd7c111128b347,0,0,0,2011-11-19 23:41:29,50,2926,1.8964,2976,6,3,1,989,3,8241.8276,1000,7.3564,191
8460,cc4ef2510afc2ea5337bc5e001f88f166206a7aa,0,0,0,2011-11-19 23:42:32,174,40,2.4821,214,7,2,1,33,0,10750.9092,36,29.0568,47
8440,d0b38e4d55fc71b3f795bf15c31997ebc6feeda9,0,0,0,2011-11-20 15:24:08,525,323,1.4426,848,13,53,2,96,144,53092.4085,963,615.2496,4265
8461,0d50ae23e8302729f544af8a53b0937c3d7f196c,0,0,0,2011-11-20 16:32:22,455,1618,1.3485,2073,75,2,1,72,134,59322.5498,966,544.2072,3669
8462,70e705c1267800e8e63f59846fb461be873f6c04,0,0,0,2011-11-20 16:53:05,55,112,4.5011,167,7,4,1,937,9,61150.2877,260,533.7987,4348
8448,3a2aaf10d8da7eadae0a9cfb9dd297c74266394d,0,0,0,2011-11-20 17:18:38,18,63,3.7481,81,5,3,1,871,108,5380.7652,383,534.796,4397
8465,9e3c1033a8f82f89648fff7b95353f505a516528,0,0,0,2011-11-20 17:19:30,32,26,0.8503,58,2,3,1,120,19,2522.5231,943,633.1911,3440
8468,8b96769abfee79cd3c241867cd5f51e6b489966c,0,0,0,2011-11-20 17:27:57,1361,13,1.4227,1374,4,3,2,75,10,19194.1416,260,593.57,4622
8376,53a61c26dcc66ba3e376798b5b81f8b7c42d872c,0,0,0,2011-11-20 18:10:20,2784,58,1.7085,2842,6,22,4,51,4,65242.8983,959,598.4867,4162
8385,c42372b06b267c266bda1a94b3bf9143c4e2cca5,0,0,0,2011-11-20 18:12:38,99,762,1.0182,861,59,6,2,97,97,25039.1172,901,505.4926,4003
8472,341b8a28818482c129689dd382aa148fb6ec9b4b,0,0,0,2011-11-20 19:44:49,42,85,0.2673,127,4,24,8,69,126,18773.8049,956,602.4679,4283
8455,336b3345d441f2b435c28d008558dbba7d68e7e7,0,0,0,2011-11-20 20:03:13,262,128,2.7752,390,6,3,4,818,112,65988.8525,964,597.1804,3828
8457,11a76db19b729d2a9abc167d245133ec5b6e4b35,0,0,0,2011-11-22 10:43:37,498,1529,0.3539,2027,7,4,1,1128,7,46159.4003,260,555.1501,13371
8475,dd76c68b14e6191967a3ece98462e19ab9878d04,0,0,0,2011-11-22 11:27:54,2282,7115,5.807,9397,84,26,1,52,150,62292.0258,357,140.0361,9688
8478,1a6e5d77c5be16815767f571bf9d1c562ef03e51,0,0,0,2011-11-22 14:13:47,144,11,1.0433,155,5,3,13,54,141,37604.2349,972,606.8368,3787
8453,e95dfcb5007fa3d0130182133424a44ec5cf0aab,0,0,0,2011-11-22 15:10:16,24,38,0.1429,62,1,1,1,120,3,3092.2431,260,551.6883,3744
8477,4c79e7a27aa9caf1b4fae04cd177b5378041a5d2,0,0,0,2011-11-22 17:47:07,34,2926,3.182,2960,24,15,5,33,7,8094.4333,403,171.4528,1847
8483,ab9c50afef842e4c4f88863d60b6a3d60268629a,0,0,0,2011-11-22 17:58:30,410,386,0.0733,796,1,3,2,14,3,425.8595,973,555.5145,3765
8473,f20ce37851de3979ba803d2f54abb50259326413,0,0,0,2011-11-22 19:05:22,411,245,2.647,656,2,5,2,251,5,85178.4411,413,710.5,4000
8485,e790e48fb41eb47a18208214f6c330e7940c4fad,0,0,0,2011-11-22 21:59:53,261,122,2.9055,383,14,5,8,54,2,53311.9242,2,10.3038,189
8482,2693043dca539ac369159f8ea761ef87693973ac,0,0,0,2011-11-22 22:00:45,9,62,0.0317,71,1,1,1,20,3,35.2008,28,23.1655,141
8486,0ab7e9b754c8ee16f3ba78372c7bcaba84c937a8,0,0,0,2011-11-23 10:19:15,172,1299,0.4037,1471,97,58,1,48,132,40970.3919,978,597.6486,4238
8488,67b3c6ab1ea90ef7dda04518a57008522dcb0f14,0,0,0,2011-11-23 14:52:15,203,12,2.2609,215,9,4,1,74,9,54590.7452,4,13.3746,87
8484,a99608388d1c3a758b96df9dd672c5e69c9b06d8,0,0,0,2011-11-23 15:03:08,3581,28,0.7972,3609,3,14,6,1002,0,10709.398,27,12.0287,89
8490,13173414dd3d91177f4fac176517a8c164596785,0,0,0,2011-11-23 19:06:39,504,1529,2.1966,2033,12,6,9,114,3,47009.8844,260,557.8096,13371
8489,0a7a2aa5e21354d45386e160209dee3c72baf230,0,0,0,2011-11-23 20:48:25,339,1299,1.1735,1638,7,3,11,1022,132,40689.7248,965,537.1696,3814
8469,bbf35d6a380ce67ae6311f675050cf5a7fe330ae,0,0,0,2011-11-23 20:51:14,226,2003,0.5083,2229,7,3,2,84,145,29419.9808,1,530.6885,4273
8471,8b2accdaffcb16b3ba27ff8d3405e71ae9a3fa8d,0,0,0,2011-11-23 21:37:41,84,13,2.3002,97,2,4,2,871,15,10402.6769,383,620.1997,10918
8480,50892e3f40bc0e1d943b1c5789f8985981a64cf1,0,0,0,2011-11-24 12:12:45,3017,1618,0.2918,4635,5,3,1,937,11,55731.6878,260,528.5348,4328
8466,d5c490c5c89e3999fe5a3b6d343b194479764b0f,0,0,0,2011-11-24 13:00:26,2869,341,5.3776,3210,7,4,26,1183,138,29021.5921,970,597.2347,4265
8479,cce6834859e70d5eaa964916c9bbe9294a2c01cc,0,0,0,2011-11-24 18:20:09,123,1794,2.014,1917,8,3,16,13,5,69265.5568,260,600.5594,13522
8470,fcad7e0f62183601752b3283672f3be86fa7c5b0,0,0,0,2011-11-24 18:46:04,33,38,0.6112,71,90,11,4,44,120,73839.5213,260,532.0436,4287
8497,affd2e1cf4868b42b4741ccd393099727a4ea671,0,0,0,2011-11-24 19:02:52,26,238,0.9681,264,2,3,3,47,108,8738.5212,960,542.9078,3717
8499,7b1bc203ba8111f04291cdafe0e66a3fd8ee301e,0,0,0,2011-11-24 22:19:10,157,2012,3.8118,2169,15,3,1,56,115,74418.5977,58,46.7288,246
8498,74de0c39acedf3f699c5388c6dee5ee032c0af5e,0,0,0,2011-11-24 22:38:56,880,5083,0.831,5963,1,1,1,39,107,1268.9478,44,710.5,210
8463,ba39af7b4c15f57a6fd33560828cca1f158303cf,0,0,0,2011-11-27 00:39:29,46,2926,0.9193,2972,2,15,1,989,0,8452.1447,32,8.8885,164
8491,010a0383f21a1a8f6c1d25c382b92c3101246300,0,0,0,2011-11-27 16:27:44,2573,97,5.5611,2670,74,4,2,46,5,71091.31,973,548.4281,4437
8505,ae9914b1918ca0ed04734fdc6a26f44950454a09,0,0,0,2011-11-27 16:31:57,172,182,1.7372,354,5,2,6,1020,118,64713.9065,6,10.9685,177
8516,ba7d6fefaa862de7827fb3cc07f93b0ed3179876,0,0,0,2011-11-27 16:33:47,112,10,3.0646,122,12,8,1,14,5,12435.9515,260,608.6492,3547
8492,ace61a514839d70aa156e1eb8b07c8405daf4483,0,0,0,2011-11-27 18:47:13,60,5,0.1276,65,4,1,1,11,2,2342.2988,965,537.0009,3745
8500,d9f472d9ad3466d4cedbf4a11ce981f03c10217b,0,0,0,2011-11-28 15:17:45,40,25,0.1523,65,2,5,2,13,27,81457.5665,260,540.2407,9112
8508,c6daabd9c456158fe9653673e94acae88ff09750,0,0,0,2011-11-28 19:31:46,235,243,2.1824,478,9,1,1,20,0,51339.7099,6,11.0164,142
8521,f8c28b8dee309a19c78e7f7433da6396be46268c,0,0,0,2011-11-29 13:27:02,23,15,2.647,38,11,5,2,23,5,81027.2251,260,543.8468,4407
8502,9a0ffc4caf5f682a73632fe76f6e65946b0b7633,0,0,0,2011-11-29 13:27:30,331,170,5.0395,501,87,3,2,1049,144,51564.5991,260,624.4811,4252
8496,47dc219a0d41e95e9dea693bdd890dfce83af107,0,0,0,2011-11-29 16:05:56,419,124,3.2795,543,9,8,4,28,18,66945.9527,260,602.7989,4277
8509,5d998896a57cd2555d1368e644ffb6c7fb3ac71d,0,0,0,2011-11-29 16:32:29,498,505,1.1667,1003,4,1,16,32,1,33157.1619,281,102.0147,521
8517,9890b1b17df42138e40bbc91e5a21ef7eb99ffbd,0,0,0,2011-11-29 16:40:55,60,23,3.6595,83,3,18,1,53,10,81043.7962,434,134.3179,1958
8518,8a55215739adcb17c95b371fd7cd193f5c075dac,0,0,0,2011-11-29 18:16:37,136,151,2.8123,287,11,4,8,104,14,22664.5747,260,597.746,10918
8515,b17995dbeddc8f6556ae2a1eb736c03f71751a76,0,0,0,2011-11-29 19:05:26,289,238,0.1057,527,2,11,3,52,8,5318.1248,383,599.0004,4231
8519,f5527cf77556cd7d814107ad593c4694442baa0d,0,0,0,2011-11-29 19:47:25,44,4,2.2968,48,7,2,3,871,9,7299.577,383,621.0874,10918
8526,f5ca67039f2dfc768319b582d37118c6575dfb24,0,0,0,2011-11-29 19:48:27,72,13,0.1817,85,2,1,6,4,5,13749.4818,260,549.0614,3779
8510,7fca4474bb1052bfb3372c1b5ff85d220a9c1188,0,0,0,2011-11-29 20:28:29,586,158,2.6602,744,12,2,8,1243,132,37376.6537,29,26.6475,178
8529,3aeafb570983c98edc1d3bf8f99c83d26bcb588a,0,0,0,2011-11-29 20:59:27,21,5083,3.9069,5104,1,1,1,1022,1,1871.7498,22,15.1944,136
8511,cbf9d56cc0a2ffac29a2a523aace299bfc72e112,0,0,0,2011-11-30 10:05:50,1302,1084,0.685,2386,2,35,2,116,11,23730.5048,1000,63.087,6136
8501,3079401372804d37f0957ab97f9e46c20bd8e667,0,0,0,2011-11-30 12:38:29,266,93,4.5011,359,5,3,2,12,4,59908.1522,260,619.5378,4243
8530,e8a9c9c3a4af38346d5b67360311610659b64dab,0,0,0,2011-11-30 17:23:56,61,2003,0.6026,2064,4,3,11,1106,6,27155.516,295,77.6305,714
8523,011c21efbca80fd7c6f9ddb4417b8dbffec6c314,0,0,0,2011-12-05 17:18:36,401,162,0.9011,563,3,2,5,989,12,9819.2787,369,211.8087,1733
8494,ce82bd417d32b53d3a35489afd1095deb8e7b08d,0,0,0,2011-12-06 10:45:02,170,150,0.2459,320,3,32,8,2,6,40964.25,443,169.8194,1773
7548,5fa1549208ad20ea7977bb81f5cb1e4fc29fe9b5,0,0,0,2011-12-06 10:47:14,5613,3829,1.6076,9442,6,2,1,77,16,45042.675,392,167.8971,1962
7546,b6846afd369f5a3fbbb55fd4608c909319cb7eec,0,0,0,2011-12-06 12:23:05,241,191,0.2504,432,3,38,1,44,134,48039.9711,451,159.1528,1939
7550,ae24d240a37212f8c14dfa9b8a6a4095a1ba0e93,0,0,0,2011-12-06 12:25:46,4779,2465,0.2571,7244,76,36,17,1177,7,44386.1556,361,157.2672,1966
8524,b272261a75438cccb1cecfc81a1d7a555f2b38c1,0,0,0,2011-12-06 12:54:32,250,121,1.6236,371,1,5,2,820,128,71611.3829,260,595.7493,4367
8493,c64a1256f323a094606ee49ab5f7f279a15ce0f6,0,0,0,2011-12-06 15:24:13,137,2465,0.2667,2602,76,1,1,39,0,43841.1435,379,199.5025,1755
7562,f1a05b8f498444ef5cca676d955dbc09a3e79002,0,0,0,2011-12-07 10:54:03,50,60,3.182,110,1,15,1,989,3,6451.0382,52,32.2066,217
7553,0c9fbb9e4b3b5048247cf6386caa34d111e2d635,0,0,0,2011-12-07 11:44:15,154,2012,5.2754,2166,70,19,1,986,11,74110.4221,455,201.4778,1772
8528,7282e13f3d28e418b7a2db6d41ed63f7e0e7b39a,0,0,0,2011-12-07 11:47:38,155,126,0.2307,281,3,19,6,59,14,73468.8478,448,151.8368,1770
8520,44793e11b4051e4bf3a963ea5e9a3769041e569c,0,0,0,2011-12-07 14:11:53,157,25,1.6181,182,56,3,2,1082,18,33315.7842,951,524.1172,4315
7556,b9ee037c73cf2c183b99afc7ae539af142a73886,0,0,0,2011-12-07 14:35:53,239,102,0.1823,341,75,3,1,937,134,55792.3973,260,517.4061,4312
8532,439bd6c127248f312e90722fc4a713d5ac78e32e,0,0,0,2011-12-07 14:47:19,18,386,0.1085,404,1,1,1,19,7,2282.6095,978,553.8802,4334
8522,22e0284e5d6cf9a53aa38b4142dd4b8543b8f798,0,0,0,2011-12-07 15:07:48,0,0,0.0,0,0,0,0,0,0,0.0,411,182.0,0
8513,f1525eca0ce7ca9343636240afdf025e5b9f57b4,0,0,0,2011-12-08 13:38:55,103,189,0.4411,292,3,1,1,1022,4,1100.6845,69,2.1619,216
7554,20274e2ce0130df957d9e5f729a172adc40a1938,0,0,0,2011-12-09 18:00:27,411,245,0.1265,656,11,1,1,2,7,85714.7739,260,614.5201,4187
7561,73fac1a037d91a1ee73711e52f7a3829979326e0,0,0,0,2011-12-09 18:29:55,410,33,0.3886,443,2,2,2,35,8,4572.305,950,530.1768,4459
7560,641e4509dfb5e9aa7576f8225f37ed035a15894a,0,0,0,2011-12-10 22:08:02,684,40,0.0878,724,1,1,2,3,12,81934.4982,1000,575.0,75
7549,594c6ff5541529755a3bef8ca9530d0ac3d5b690,0,0,0,2011-12-11 19:57:54,225,43,0.7671,268,3,3,8,5,10,56489.4914,447,199.3028,1919
7555,fbe55505d44514d17b70b41884ed66dce992d9ac,0,0,0,2011-12-12 15:24:30,8898,126,2.0578,9024,8,3,6,43,7,33954.2397,29,21.1061,48
7566,42c13bd355d18108ce59e4a3e5f4d4c27d63a69f,0,0,0,2011-12-13 21:40:48,0,245,0.0,245,7,5,2,51,9,81991.7042,260,500.5491,4406
7543,4e0e1f195a6c079f12c12b6d0a11ffd9f7af453d,0,0,0,2011-12-14 09:55:11,880,130,0.7017,1010,1,2,2,45,10,1122.0775,19,45.5313,117
7558,2f2d7fbb043080d47f16c5ccd2bcc143adf75fbe,0,0,0,2011-12-14 11:01:11,21,7302,4.9874,7323,50,1,6,1020,8,64597.3322,61,31.1808,197
7568,9fae000a4ec241064bfbca406c4601444904c28f,0,0,0,2011-12-14 13:00:16,460,2952,1.5202,3412,9,53,16,91,144,54521.8551,260,528.9845,3694
7563,dea556c5a4729d461faf4e352d34dfea4c6dff9c,0,0,0,2011-12-22 11:37:05,34,2012,1.5015,2046,7,2,1,986,1,76507.1522,103,60.7094,662
7567,5f56a7895a7b9da5e45778dc8f015701d68b9022,0,0,0,2011-12-22 14:51:01,125,2926,1.107,3051,5,3,5,989,1,6723.7043,54,65.5063,819
7569,41c50cc9df1257e5c9c3af200d26285466c3e54a,0,0,0,2011-12-22 15:51:19,6970,346,1.7548,7316,5,44,13,1377,3,50807.9932,449,197.8161,1938
7570,fc093c006ea427142629bd0616843b0c0b9c06ae,0,0,0,2011-12-23 21:20:21,4779,23,0.0541,4802,76,1,1,1177,3,42091.807,405,174.4593,1883
7574,973c6274ff75d3463ac079333918909bc432b074,0,0,0,2011-12-23 22:34:07,212,2465,1.3976,2677,76,1,17,38,6,44677.7176,365,154.7341,1966
7545,88cc5511633b7d0b62b5795e61632109cc1317e0,0,0,0,2011-12-23 22:59:18,201,2388,1.2169,2589,5,3,10,1068,7,57949.5661,448,199.3662,1743
7579,8c752f9f71d3d95d022ec2f9e98de4e731c00bcb,0,0,0,2011-12-28 13:22:27,131,2388,0.358,2519,6,3,1,38,134,57711.8847,373,210.5449,1780
7585,3b22e558d97ce2998e918a171803b88452b65cbf,0,0,0,2012-01-04 13:30:12,210,4,0.8744,214,2,38,16,37,5,62042.2716,67,47.8496,815
7557,896111ed5905d211b8113bf328bbf4479fc30abd,0,0,0,2012-01-05 11:59:20,386,1162,2.1217,1548,13,5,4,102,19,64628.6581,959,681.274,4181
7575,ebb085bd6bec1ee1ba793238159d59bc735ffa4c,0,0,0,2012-01-05 12:47:54,260,1794,1.081,2054,6,2,2,54,16,70688.4073,260,53.0,13522
7593,e4f65f0a484ed86de3c585794d0c0a000e5f408d,0,0,0,2012-01-05 16:22:02,880,30,3.9069,910,1,1,1,0,8,1862.502,16,710.5,1
7565,b3b677c2d91b72766567de839ebe6a9fed2bc94d,0,0,0,2012-01-09 16:06:35,313,1162,0.3407,1475,5,22,4,818,8,61935.5857,260,665.3579,3671
7580,3b5be468f6af72dc148d86e008337d5bfb93539d,0,0,0,2012-01-09 16:14:19,48,27,0.1018,75,1,1,2,120,2,97.2218,949,53.0,4508
7582,b5a0004c43b140465b3bf30162308b8385e7503e,0,0,0,2012-01-09 17:06:40,43,386,1.9994,429,4,3,2,120,2,3324.0425,937,53.0,3596
7576,0d01c4606ce5472a7fb417c254fb102ece8ea71a,0,0,0,2012-01-09 17:07:33,98,2240,5.0588,2338,3,2,8,1050,126,18058.2182,948,53.0,4354
7572,ad9a59307913f5eb1d2cc8d15e5653475b40a9f8,0,0,0,2012-01-09 19:27:23,258,169,0.9031,427,59,32,2,43,127,25271.5962,1,1.0,3672
7588,9225e9ea9acc4d925451b88ab1f20f284ffd9ceb,0,0,0,2012-01-10 15:28:29,94,2240,0.2625,2334,4,2,8,1050,19,21403.0593,408,291.3594,9461
7590,f10cba2e3adc70a34cc89c5cd96ab85685db89ff,0,0,0,2012-01-11 10:56:11,259,583,0.7404,842,84,26,2,55,10,61793.8228,351,224.4197,9523
7602,ce2191d1a76d53f27cfd58b5a4a0b4b3d36fd122,0,0,0,2012-01-11 11:22:46,2780,710,1.0959,3490,82,7,16,117,151,42934.1353,833,273.811,8705
7605,b4a283797363870f0560f0f9bddc367ed740e5ef,0,0,0,2012-01-11 11:34:43,880,8,0.0095,888,20,9,3,3,107,6.252,409,157.6252,3033
7597,be306c6e69d53a3d4f9d23265c68fa50286b663c,0,0,0,2012-01-11 13:50:07,94,166,3.0902,260,10,4,8,37,0,55310.3477,56,47.5768,795
7599,dd4f8f9fd7040528d8663808d8e17d998517bbe9,0,0,0,2012-01-11 17:04:03,502,901,1.3322,1403,9,11,4,1130,9,73128.0976,260,67.5,3725
7608,0b24ebb32389dc35caa9e8856a9d2b38c4bd36de,0,0,0,2012-01-11 18:11:53,300,229,2.2002,529,2,58,11,52,132,38552.9436,961,53.0,4267
7617,8012a61610323515a7729faa8a31cd06020ec833,0,0,0,2012-01-11 19:18:56,3439,1299,5.9636,4738,97,5,3,1022,132,44521.0,260,53.0,4501
7601,8df9557bf8fa9b159a0166d7918a00c1c1d00b70,0,0,0,2012-01-11 19:51:00,497,571,4.8556,1068,6,30,13,1082,141,34156.4963,954,53.0,9731
7598,f8b70146bcf75f20c80507b365f2a31e7d75a3e3,0,0,0,2012-01-11 20:42:31,119,38,1.5154,157,7,11,3,871,108,6453.0875,383,67.5,4547
7613,d2a671fe39a722e1bca51bbdadd31044d18f8022,0,0,0,2012-01-11 21:29:56,98,15,0.0817,113,1,3,2,7,2,2628.6532,951,53.0,3760
7616,94dfd463545891161c0793548f73861475942d6d,0,0,0,2012-01-12 10:06:16,6970,501,2.3544,7471,8,6,13,106,5,52187.215,370,126.2716,1754
7620,b8ba47810576bd9888ae5ae06495e3ff80a03e76,0,0,0,2012-01-12 18:23:56,37,92,0.9624,129,2,15,1,63,12,7340.7173,363,133.7217,1953
7611,bab2df1fd579f77deeff82485559f93494f5c161,0,0,0,2012-01-13 11:52:43,955,546,0.6573,1501,87,4,16,1049,144,49601.7584,937,674.9349,4585
7623,5d454e4102d6893ec252d88d0a27450c94190f3f,0,0,0,2012-01-13 16:33:15,422,1529,5.8031,1951,6,37,1,1128,155,48016.6389,260,671.4651,4385
7600,29e2e7a63995ebedf7ed96da6dc048441e055811,0,0,0,2012-01-13 18:49:40,521,170,1.3716,691,97,5,3,69,132,40002.455,949,53.0,3863
7586,23c732905b0edb85619b031b19a32f1a44df243b,0,0,0,2012-01-13 19:02:18,182,48,2.012,230,97,58,11,42,132,40216.6831,260,679.3095,3707
7594,c9aee78e0eaf9b3c9fbdfb785fc2cef853cddc4f,0,0,0,2012-01-13 19:28:51,3439,1299,0.1229,4738,7,3,1,1022,132,41842.353,260,684.988,4242
7619,f3ff1f8a0cb379a8b981bd53e41381a8e86e989b,0,0,0,2012-01-13 20:45:20,85,26,0.8617,111,24,2,1,871,14,10363.2873,957,669.9614,4558
7603,f91e1f6e5ce43cd15cc6b41c4a3ba40201550eb5,0,0,0,2012-01-14 18:24:42,387,86,3.2358,473,13,3,13,208,15,34494.5561,965,53.0,9731
7634,6b61a24ba01c12c8642e023d77b12875f7d5749e,0,0,0,2012-01-14 20:52:44,19,48,0.8395,67,6,4,2,77,7,38241.6823,260,687.0137,4204
7589,10af8394244bdd3e8d0fc75cd76a8d26b84f2cd3,0,0,0,2012-01-15 10:45:45,5298,239,0.5145,5537,10,53,16,1049,17,50406.04,260,53.0,4596
7610,d81ad1f2223ab5b10b165ba22c3da614f27e1499,0,0,0,2012-01-15 17:27:36,79,121,5.0588,200,5,3,8,20,11,20060.8405,260,53.0,4352
7631,265280f0f17f3235138036c68b7655c06ab18b81,0,0,0,2012-01-15 21:00:59,296,1299,2.0554,1595,11,58,1,72,132,39142.514,260,53.0,3746
7618,43bef07b0b188e6546be6dfb5feeb6f6862d0fbe,0,0,0,2012-01-15 21:15:22,410,386,0.1392,796,4,3,1,120,3,1065.8774,260,682.2843,3725
7628,4eb771fe04e291c088cf003ca32780640a32361a,0,0,0,2012-01-17 09:38:17,5613,73,0.9527,5686,4,3,1,15,9,48727.029,1000,710.5,3475
7612,81d91f6894d21e44ef785086c60f70a9ddf96fb9,0,0,0,2012-01-17 10:01:30,18,5083,3.9069,5101,1,1,1,1022,8,1437.9738,18,710.5,3033
7624,0db9086c724037e9b88dc5d50c2fb619a56a3e1d,0,0,0,2012-01-17 10:43:33,880,23,0.014,903,0,9,0,1022,107,2172.0,2,7.8662,3033
7627,21af8674441145d619bc65a80c92a95d75d304a1,0,0,0,2012-01-17 11:35:39,192,32,5.6438,224,2,38,12,1033,1,45298.7865,1000,710.5,39
7639,512380568739ce3089848ef0f286c7973cdb96ae,0,0,0,2012-01-17 21:22:57,5613,3829,2.1073,9442,2,3,1,32,134,47148.2209,429,142.4961,1782
7629,80200e18a74ff6ed6d17e4d64f12014fe44fecf0,0,0,0,2012-01-17 22:21:42,436,2648,1.4638,3084,5,2,1,73,1,14469.5412,346,186.1372,1661
7635,cbe9d34b327200e5c3c0c7b8e9d22dc2d3dda055,0,0,0,2012-01-17 23:27:27,170,125,1.1157,295,71,4,2,53,20,32237.745,433,179.2925,1834
7638,cab0d7775eff208aff7045d89f088b666c1307f9,0,0,0,2012-01-18 11:04:35,30,51,0.0527,81,1,1,1,1000,10,3682.6083,433,181.1845,1779
7641,7a87a3a135d6b5d604797a5bb77266496fa186fc,0,0,0,2012-01-18 11:05:22,99,3382,1.7701,3481,4,1,1,916,5,68540.7254,391,147.8841,1938
7615,a4f5e35187d4a7b04ce51554dc07698634926416,0,0,0,2012-01-18 12:26:35,111,2388,0.9371,2499,6,5,3,29,8,59806.048,70,86.2504,521
7636,b9e3665b3f6516c04c74dc015f7eb58f01100e01,0,0,0,2012-01-18 15:56:59,113,1526,0.2404,1639,43,26,6,1021,3,21296.7211,446,189.395,2025
7643,eac66fe5abb64f1f88bb13ae80d2325a99ec2f62,0,0,0,2012-01-18 16:21:49,5665,143,0.6029,5808,71,40,2,1051,19,32161.0436,391,178.6278,1999
7632,3beba6b77cad114768bc880a2c6da57b82204443,0,0,0,2012-01-18 16:42:54,880,23,0.034,903,20,9,3,6,107,2172.0,76,71.2261,23
7644,8d84c8f4bd1d600b7fd8dd131f3b13bac10642bd,0,0,0,2012-01-18 17:09:43,469,618,2.5,1087,1,1,4,1000,13,4475.6019,436,133.9,1944
7609,98e0941874f3f125c6771fe0cb06c1c8ebf8059a,0,0,0,2012-01-18 17:10:47,469,22,0.0479,491,6,6,4,1000,10,2817.7982,432,176.9181,1796
7581,a625c3194a691dcb906a0d794a5b3065a7742a90,0,0,0,2012-01-18 18:27:12,582,111,0.4833,693,5,3,1,41,115,76211.0126,434,143.0023,1956
7642,6e5a00e08fc26277b70f1ac19157653ca8604a3e,0,0,0,2012-01-18 19:25:34,28,18,0.0436,46,1,1,4,21,5,3394.1744,440,181.1698,1788
7621,805995671be070d3ea8da7860ef05a8625a09ee1,0,0,0,2012-01-18 19:28:27,2985,63,0.1547,3048,70,2,6,48,115,73920.0428,378,131.2573,1732
7647,d671f7d37c8e61535cf2516ff77ff0e811bcf60d,0,0,0,2012-01-19 09:25:22,136,3382,0.1241,3518,2,1,1,916,119,71132.1507,19,42.4069,71
7640,e65ca60285f62aedc548c24ba7c8c5c0fa39a3a3,0,0,0,2012-01-19 17:52:50,869,15,1.4724,884,2,15,5,83,2,8996.6878,450,138.198,1702
7649,6ecef8b79099bdffcda934ec9ca4c87fb28b9384,0,0,0,2012-01-20 12:49:32,9591,29,1.5644,9620,5,2,1,42,10,55942.848,78,90.8428,492
7657,419e3243dd5e2aac7f345e896dcac2e14f0572cd,0,0,0,2012-01-20 14:19:24,32,7302,0.1607,7334,1,1,6,11,4,64190.0,267,193.4435,480
7646,dc1954428c82c85bb6a731edc7c68c248ce1fc98,0,0,0,2012-01-20 14:57:38,47,7302,3.3252,7349,15,2,1,18,8,67280.0916,110,99.9495,395
7645,596918b51ae0e614c4ec270167e0b86c0944ea0d,0,0,0,2012-01-20 17:10:13,880,138,0.1021,1018,1,1,1,13,12,1923.5984,278,219.2751,399
7652,6a545443a4dfbcdf53779e4c9f488ee2889fd05a,0,0,0,2012-01-21 09:27:09,115,3382,2.5385,3497,5,3,6,7,6,68083.2868,126,66.6799,351
7578,f641d8824d9af80c2480830d78c4c921d52642a2,0,0,0,2012-01-24 10:37:39,135,71,0.8737,206,3,32,1,10,8,37593.976,81,86.8899,409
7653,ba61b9ae3be616011e9acebe02c7f134a41061c6,0,0,0,2012-01-24 10:56:29,93,80,2.4025,173,7,38,12,20,9,48380.8012,113,69.4654,502
7661,5a97f9067c0764905cdd987f246689fa14f88335,0,0,0,2012-01-24 11:05:19,8,618,0.0386,626,1,1,4,23,3,5917.099,110,90.2344,488
7633,55d69e56750249d4e4a1e76a6bec55f534f13841,0,0,0,2012-01-24 11:47:10,2573,1794,0.3903,4367,5,53,2,65,6,73061.0,422,291.4136,8556
7655,46fa1e553a55d035f5107e07828faa4fab05d6d6,0,0,0,2012-01-24 11:48:29,184,626,0.4728,810,84,3,9,39,25,67114.7548,354,225.1241,8486
7663,127d15f6fa68dadd67ca7cb31f957f61a41aba66,0,0,0,2012-01-24 16:51:06,89,54,1.8551,143,90,3,1,1130,9,75779.985,260,67.5,4322
7654,a9971c7c27e408b44c8d4314f1573a3d9b8fd2b6,0,0,0,2012-01-24 17:15:53,49,5931,5.182,5980,7,7,2,143,2,42085.6029,833,226.6575,8664
7660,ff8fe520cd1a86b51c725baca06a15e41a59bbcb,0,0,0,2012-01-24 17:18:58,22,238,0.1898,260,24,2,1,5,4,5414.1076,412,286.0845,8560
7666,b643f04329847e9bb61bbeed8b97d77542d40d79,0,0,0,2012-01-24 17:24:52,1361,2240,5.0588,3601,51,24,8,72,10,19448.0631,976,53.0,10918
7672,9658b7070314c0d1ee840955749f8fa46e335dd3,0,0,0,2012-01-24 17:26:34,1361,2240,5.0588,3601,4,2,8,63,6,20113.6303,434,216.879,9442
7659,81b4754c9ab4936115684eddceaf141c2aa7e741,0,0,0,2012-01-24 20:40:19,101,694,0.1461,795,38,1,1,56,16,11747.2063,440,182.1036,1975
7662,a3e12d5e037ce3ce55c986d4cce6ec72ed9f1eb1,0,0,0,2012-01-24 21:49:17,295,133,2.7177,428,8,2,1,65,12,31218.7347,429,141.0321,1986
7626,fce75a11fa0f8be6b306296338bb6c960adede84,0,0,0,2012-01-25 14:18:03,2784,1162,3.0196,3946,12,7,1,135,18,63785.7242,260,53.0,4270
7675,6f345525c84428d272e7330df89b08115f64fcab,0,0,0,2012-01-25 15:06:15,152,87,0.9578,239,97,58,11,78,132,40817.3856,260,53.0,3848
7674,8af9877beb7c05f62e099b9173bfa18a9af4a5a5,0,0,0,2012-01-25 15:18:15,880,5083,3.9069,5963,20,0,3,1022,107,2172.0,375,239.6614,23
7658,1e7b7db17dc2a6dd809ef93694d5bf860b69a7c3,0,0,0,2012-01-25 15:19:25,2282,382,0.5856,2664,10,2,9,665,20,63198.4409,354,271.3859,8504
7673,70fea7d3e9236f64770571eeb68c1e0244ee874a,0,0,0,2012-01-25 17:14:29,17,7302,0.0577,7319,2,31,1,20,2,65728.3876,64,63.5395,472
7677,409d1a084577755d73850c98b0265607f6290634,0,0,0,2012-01-25 17:15:00,5298,2952,1.82,8250,9,53,16,1049,144,49421.4738,260,53.0,3560
7668,f2a508a04acac91b3450327b054cc607e7ea415d,0,0,0,2012-01-25 18:13:31,45,2003,0.6214,2048,8,5,11,1106,23,26868.2325,1,1.0,3773
7678,a27de6721b1dd735f41f3234075791f11bddb76f,0,0,0,2012-01-25 20:41:19,36,30,4.7077,66,43,26,6,5,6,19184.6064,435,147.5636,1764
7682,c873fbc65d5c4e42bc4db6b95abb04c2a4cd8c4f,0,0,0,2012-01-25 21:03:06,20,53,0.4253,73,3,2,6,41,3,12213.9715,956,670.2019,3673
7664,ca39de3c17c6540f988bfc450770302bb3dee529,0,0,0,2012-01-25 21:12:49,1278,30,5.555,1308,6,1,4,130,12,78100.1632,973,680.754,4407
7671,57490442b114154af65516c46d747c04ad3a2279,0,0,0,2012-01-25 21:19:49,119,1815,0.423,1934,59,3,7,9,18,25602.8801,1,1.0,1
7680,177478af4061b82e111664198f500ad274526063,0,0,0,2012-01-25 21:24:46,289,238,3.7481,527,2,11,1,60,108,10387.7568,957,665.268,4249
7686,be11aa20d7956d854008d2e07615e13c97b14f82,0,0,0,2012-01-25 22:11:30,37,193,0.7027,230,2,8,6,211,6,14726.7384,260,685.856,3610
7667,c0a4f756df3d81a2069e39cb7e87131556a396cc,0,0,0,2012-01-26 09:57:06,5613,45,0.0625,5658,98,38,12,6,5,46622.5211,22,20.7359,218
7676,9cf89ddf4c09559156252ae2ba510945bc8df4f3,0,0,0,2012-01-26 13:01:34,869,2926,3.182,3795,1,1,5,32,7,7442.646,50,36.7285,3033
7685,340c305e46103fa33d212de2960b82a79980e91c,0,0,0,2012-01-26 13:45:23,138,2648,2.0638,2786,7,2,5,44,8,17609.5544,110,62.5074,514
7670,eca73764ff1a92069939fe95f0c3babf6d02805f,0,0,0,2012-01-26 15:18:19,182,38,1.7334,220,8,2,1,17,5,11300.5033,118,76.0125,419
7690,66d27b7811ea616a0dc7b2d28063930f1e397c8d,0,0,0,2012-01-26 18:09:30,32,23,0.2333,55,24,2,3,8,2,5020.2297,383,676.9949,10918
7692,4cb840f61baebf394faa6cf5a57a5eb7d50145ab,0,0,0,2012-01-26 19:10:43,75,68,0.189,143,4,32,7,827,2,22286.7654,370,134.3748,1749
7669,a06950d7f8c559e56e4b6ba2141cfcd41c1d9372,0,0,0,2012-01-26 19:29:29,105,2240,0.2857,2345,51,2,8,93,126,18950.4454,967,689.4292,10918
7687,01676eb0a13642eda134e79e990eae80e561a909,0,0,0,2012-01-26 20:00:08,5,238,3.7481,243,24,11,3,47,8,5670.5511,383,67.5,10918
7691,d30864576ab08c68b42927e3ef6ce378331d5e0a,0,0,0,2012-01-26 21:15:16,1361,2240,0.9662,3601,1,24,1,76,5,18275.8767,260,53.0,10918
7696,f0727148f3def3e5972e742e1aae77777951ebca,0,0,0,2012-01-26 23:03:06,53,5083,3.9069,5136,2,1,1,1022,2,131.2937,433,140.3633,1717
7694,e7831894778a629fb0ea9669897f6ac34da91f4b,0,0,0,2012-01-27 13:45:58,1961,465,3.6595,2426,2,18,1,20,3,80845.7925,109,74.8316,507
7700,aa2fabcfbdb12cfcabdf651f647ec5d18af6696a,0,0,0,2012-01-27 14:07:33,47,53,1.0287,100,2,2,5,22,3,9099.4568,105,74.7084,488
7688,e68b9038b64e1b3ad8068541216baf17da23ddde,0,0,0,2012-01-27 14:39:44,869,2926,1.0484,3795,2,2,5,13,6,7821.9177,81,90.525,394
7699,c5e1404f422eccc9bff012a55f15804b4b262e50,0,0,0,2012-01-27 16:10:36,20,57,0.6977,77,3,8,1,9,1,15487.6267,260,673.2326,3669
7737,5cc68c612a5eea82d5d345bb5eb0e18eed0cc586,0,0,0,2012-01-27 16:55:25,400,60,1.8849,460,11,6,1,157,124,53454.8709,260,53.0,3849
7693,8422d8888012e0fc44b7597a13159ed2424ee324,0,0,0,2012-01-27 17:28:36,6757,1529,0.7238,8286,84,3,9,54,17,46586.2095,260,684.4257,13371
7703,ccda7445d7ca6c363885ba6bb2eaa8114e39d1fd,0,0,0,2012-01-27 19:18:50,289,238,1.0149,527,3,11,3,68,12,6855.1038,383,67.5,10918
7656,a4a84ac353e53fbc342e721019b6642088e1890f,0,0,0,2012-01-27 21:01:48,149,127,4.5011,276,75,5,2,24,24,60759.4141,260,53.0,4468
7704,be4886233a76cc531537d7840da74f737ac64257,0,0,0,2012-01-28 13:56:21,257,1618,4.5011,1875,75,4,8,81,134,56121.882,947,647.5999,4455
7684,182fa7db76661e22803f1cf065f07fbd463cfd97,0,0,0,2012-01-28 14:28:50,98,193,1.6023,291,3,3,1,82,14,62261.0987,85,90.0426,516
7698,0ca8e653b7f3435016e80bf59b5bd2ceb313393c,0,0,0,2012-01-28 14:38:53,13,40,0.0533,53,1,15,5,10,7,6412.5762,85,74.6538,492
7705,63bb42dcd205507ad10bb8586b204c8b74b1f841,0,0,0,2012-01-28 15:15:37,44,245,0.1587,289,11,5,1,251,3,80195.3778,260,130.1667,4325
7707,6a39c855cf27d36c18ee7ce2f672b1abfa639fa0,0,0,0,2012-01-28 20:01:50,22,238,3.7481,260,24,1,3,871,108,7434.5227,960,683.8243,10918
7695,c28df98fb80969c507fc1eeb0495e5ee545ee5b5,0,0,0,2012-01-28 21:28:16,3439,73,0.7682,3512,97,5,1,1022,132,38397.6667,946,53.0,3725
7706,6c1c231547329558e92d9a9000ca938767732d07,0,0,0,2012-01-29 14:34:21,270,1299,0.4063,1569,97,7,1,56,16,42964.7356,974,682.2108,4310
7709,d498b59e9171fbdd6c916d392f03d5e56b17b19a,0,0,0,2012-01-29 16:00:08,298,61,1.0748,359,6,2,13,170,21,38324.0,260,654.0736,4302
7701,a41aa99109014d6b24d23fdd7e42dbd6eb9edf37,0,0,0,2012-01-29 16:13:01,289,20,0.1587,309,24,11,3,871,108,7818.8426,383,675.0372,4390
7714,4241b22e30149871125d49962c16362ca0ff4ca0,0,0,0,2012-01-31 09:35:19,9591,28,2.4574,9619,4,41,1,19,7,56066.8341,395,173.7914,1798
7708,3e355199a99b6af8ccec4ecff8db7bab61b4c551,0,0,0,2012-01-31 11:49:45,869,210,1.8935,1079,7,15,5,989,6,7878.4034,355,177.4915,1989
7718,ee77191a6aa55d6afb442c06eeec1b96970f575d,0,0,0,2012-01-31 14:21:25,225,152,1.7122,377,98,3,2,104,13,45042.675,383,146.6403,2063
7724,5b832f7c5bf4a32e5d55b471fb8313396d0738df,0,0,0,2012-01-31 16:22:27,243,262,0.8625,505,3,1,1,21,3,16623.2431,49,33.1433,182
7715,32344b62cb969b3ee9fc6d2cb7c08ed4849366f4,0,0,0,2012-01-31 16:53:27,188,92,1.7794,280,7,18,1,94,5,16819.8761,385,134.1491,1745
7723,aa7c09958f4c9888b1216b9e5cd07314a080239d,0,0,0,2012-01-31 18:18:25,33,35,2.5,68,1,1,1,6,2,5254.3434,366,181.3137,1699
7717,57f579a879fb2cd4cf1e7f17e415939df582eea1,0,0,0,2012-02-01 09:34:29,6363,57,5.45,6420,2,32,8,22,132,38113.4122,98,83.3642,574
7722,556572f1a601d9ed1e2a421067c78d5938b30009,0,0,0,2012-02-01 10:16:10,90,64,1.0476,154,71,1,16,1051,4,31820.8993,64,70.12,812
7726,9a8342af7ea6d481f76c3e045ec5d3f82a16186c,0,0,0,2012-02-01 11:52:11,9591,1143,0.2132,10734,79,41,1,966,9,54844.2153,385,138.7855,1941
7713,1cc8e19b36cf71419c7bb008ce10da9f80b92058,0,0,0,2012-02-01 12:10:17,30,2926,0.6788,2956,1,2,1,28,4,6949.483,104,70.9731,824
7720,548a05be978f89f76266b66f07de5f7ca24b355e,0,0,0,2012-02-01 12:37:45,880,134,0.0734,1014,0,1,1,1022,1,1596.0988,105,45.7825,822
7719,f3ee1a69034a93335eb695023021305a545ab4b8,0,0,0,2012-02-01 16:28:13,162,196,0.801,358,4,6,3,116,4,22059.8091,1000,167.5439,7153
7730,31b65cb09b6b0f58bde9c7c0351fbb2a8b1130e9,0,0,0,2012-02-01 18:25:23,280,201,1.9383,481,10,4,12,90,16,45637.2015,432,140.8623,1754
7741,3adda890b398d85d817f531842ffed1fc4ba6530,0,0,0,2012-02-01 21:10:34,4307,172,2.6893,4479,11,5,1,37,18,15026.9809,353,136.5887,1953
7736,f82178b35791c4f06afd9a4dd7e606bc5f359c8d,0,0,0,2012-02-01 22:09:30,1512,1526,0.2379,3038,4,3,1,86,7,20837.2813,379,200.0061,2012
7738,7a9e71f1047276c7898968825ecd16c15a5bbfc6,0,0,0,2012-02-02 09:37:45,9591,189,1.2934,9780,4,7,1,31,13,52978.3568,375,174.4394,1938
7735,9034a54e63c66a9e79f457b926931af88f99999e,0,0,0,2012-02-02 11:15:28,141,48,5.2754,189,70,19,6,2,3,74987.9572,463,135.9298,1723
7744,245daf16e1591b27abd619d93992979a866e7c4a,0,0,0,2012-02-02 12:40:06,235,1618,2.7697,1853,17,8,8,54,21,59790.4205,260,683.2941,4213
7742,249358b91a058dbc54afe464aa8057016a4e24f4,0,0,0,2012-02-02 12:43:02,410,386,1.9994,796,4,3,2,120,2,388.3392,940,53.0,3608
7746,dac63173672da25884dec32cec655b824a8e887a,0,0,0,2012-02-02 15:18:16,64,2003,1.4055,2067,2,2,11,67,11,27868.5218,49,13.4381,265
7749,e6a1cccee4f8cb5e885d853c54680a66e496a6bf,0,0,0,2012-02-02 17:46:32,2784,64,2.8341,2848,17,3,4,818,9,63155.2752,969,53.0,4285
7748,ca0c7c62fc87df08fcaefd0a8e093c6bc2d31fd7,0,0,0,2012-02-02 18:12:29,35,17,1.9994,52,4,1,2,9,19,1231.3627,260,53.0,4450
7732,1103ec2000a3cd8f0a0c450e5f2ae52ad76a1d10,0,0,0,2012-02-02 20:44:53,82,40,0.2114,122,90,2,4,52,120,77937.7315,260,67.5,3608
7747,805a014a45e4951143e8377a690a7b394706ef7c,0,0,0,2012-02-02 20:51:43,9,238,0.1556,247,4,11,3,871,6,6211.0347,980,67.5,4280
7753,86be814637ab676cf49f35ffe39b8bfb702ab312,0,0,0,2012-02-02 21:43:08,59,51,0.1997,110,24,1,1,105,16,10266.903,383,67.5,3736
7731,eb999a571e12a58c5163fe4867987e630ecf9589,0,0,0,2012-02-03 13:42:25,104,37,0.4284,141,90,1,1,50,120,74375.2332,968,67.5,4265
7745,31e66590fdbbec663478b4e0e63a3c67f941e36d,0,0,0,2012-02-03 13:56:47,116,56,5.555,172,7,2,1,1130,120,74044.3283,260,67.5,4435
7756,3912a967439a7e4a31a4563811c2e3a4d2ed47a6,0,0,0,2012-02-03 17:15:10,3439,1299,2.4328,4738,5,6,2,34,3,41805.8994,260,673.762,3822
7751,09c443fdc5e478160e556b7d253a7b952762c535,0,0,0,2012-02-03 17:45:34,880,13,3.9069,893,20,0,3,1022,107,3.8593,8,7.4735,9
7740,b84f04bd4421177d4eb2c20eae6d3f9370e6b6b3,0,0,0,2012-02-03 18:00:41,1278,901,0.3535,2179,6,11,4,36,8,78106.0251,971,670.0485,4351
7752,dc1cdb41f9ee89bc807b2a4d49b56d6d3e336d22,0,0,0,2012-02-03 18:43:15,411,22,0.1101,433,11,5,1,251,1,84222.7695,260,663.5499,9112
7757,e1f8f60d8b6743cf1718ae626abf81a554e8354b,0,0,0,2012-02-03 19:51:36,22,17,2.647,39,2,1,2,15,27,83358.2933,962,130.1667,9112
7762,52adce0356d88e834ae3c80c3f8db618b98ddf2e,0,0,0,2012-02-03 20:08:36,403,54,0.6749,457,7,3,9,121,19,45075.5083,260,684.3891,4282
7750,3824e64f354ad726faaa6cd1925690bf6243f14b,0,0,0,2012-02-03 20:33:37,2,22,1.8269,24,5,4,1,99,14,16322.2816,948,678.9198,3661
7760,b3af7c55f75a5ff666f43fc54fcb679805475056,0,0,0,2012-02-04 16:07:05,1278,901,0.7603,2179,8,11,4,1130,120,74409.1617,260,67.5,3543
7764,10ba38274feb9756c22541aa2ecb4cb0dde5d305,0,0,0,2012-02-04 16:13:22,59,52,0.1792,111,2,1,1,251,27,81134.6208,948,668.9641,4344
7651,73bd45ec956199f675bfbb571ce858b93d0d0ba5,0,0,0,2012-02-04 16:23:09,2784,71,4.8422,2855,76,2,1,25,0,66812.8909,260,680.6687,3646
7650,1936afc6d65b5eb8219215a83ad9b72040f5a33c,0,0,0,2012-02-04 18:28:54,421,252,1.2772,673,12,8,2,211,31,49369.9615,948,53.0,4457
7773,330142690e5d3f50150ea5d9e139c15e7efd5ba4,0,0,0,2012-02-05 13:09:16,60,342,0.205,402,20,0,3,58,6,103.9864,1,678.0482,3033
7776,754881bef52bbfea782a8a4177231df00e5ec593,0,0,0,2012-02-05 15:01:00,95,901,5.555,996,8,2,4,102,14,73680.4052,260,67.5,4490
7648,ea1201731535dd0a5f1d6d7610c1134af50a30d3,0,0,0,2012-02-05 15:15:05,31,37,1.9994,68,4,1,1,15,5,4419.4976,260,53.0,4553
7772,506f305390e90eebc9fe900bb3c7e53abcb76a07,0,0,0,2012-02-05 20:47:17,57,26,1.4845,83,4,1,3,199,8,4961.5,966,67.5,10918
7778,1216d33b6c9789032363e0aa9f95894ad4ae88ee,0,0,0,2012-02-05 20:56:33,204,97,2.6432,301,12,6,2,5,7,36475.139,260,672.0558,4739
7784,5a805a89a095d74791e253842648419f8a1d8ee3,0,0,0,2012-02-05 21:01:38,43,245,0.1525,288,11,1,1,33,4,84769.6111,260,130.1667,9112
7770,0611b19b9572c6cba52b46607d64731192609ff1,0,0,0,2012-02-05 21:02:57,21,193,3.0646,214,12,2,6,13,4,11233.4901,952,676.6621,3703
7774,2f16e490baf4cc48373923c59ec0c88b393a856d,0,0,0,2012-02-06 10:23:31,3017,1618,0.23,4635,6,37,8,33,18,56812.6353,260,654.3278,4347
7769,44e14f6abb22ea8c5969ef2b38bb3d5f68e5963c,0,0,0,2012-02-06 16:27:41,65,49,0.4424,114,90,11,4,64,11,73279.4478,955,67.5,3640
7777,ef78fc49b58cf0e684704f2a262028b98045f4e3,0,0,0,2012-02-06 17:11:41,2784,142,1.323,2926,11,5,4,157,14,65574.6966,947,53.0,3830
7786,c6ece443307a4ed4eb065dce34f02ee3fa95f2e7,0,0,0,2012-02-06 18:06:52,76,47,0.9046,123,90,1,4,1130,120,73470.5083,946,682.2183,3722
7771,b0f17dde8560da5989a34b979b8a2b5f9ad9e74e,0,0,0,2012-02-06 19:54:18,324,8,3.0646,332,3,2,1,118,10,12281.8414,260,669.8661,3655
7781,90949b3350ed872d273234e92d2cea49235d36e6,0,0,0,2012-02-06 22:09:49,28,238,0.6098,266,3,1,3,105,15,9313.5254,383,683.5514,4320
7739,48b66dd9c673f091754fcfb3c2eab4a9a8e54174,0,0,0,2012-02-07 10:03:35,2784,12,1.106,2796,9,3,2,818,112,64607.1604,972,53.0,4565
7775,f0b7ee3adcebe4d911e383de4e55783f9dde208a,0,0,0,2012-02-07 12:21:36,244,28,1.7947,272,13,3,1,143,4,62990.661,260,673.576,4266
7763,50af9f7f5c8c284942d04d72e4e41676827f825f,0,0,0,2012-02-07 13:16:28,410,386,0.0988,796,1,1,1,14,3,2983.8427,947,53.0,3579
7766,2ec24808ef09ddf5108dc9cc8e88764e8e83acc3,0,0,0,2012-02-07 13:46:49,4307,41,4.808,4348,2,18,1,64,11,15044.5055,81,73.9484,536
7768,21b9d7485fe3df950479157067bbd1da306592e0,0,0,0,2012-02-07 14:29:47,14,618,0.0646,632,1,1,1,12,5,2672.827,120,103.5668,358
7755,c0cc062cc11ab3fad136cc8354f6e8c27c46585f,0,0,0,2012-02-07 14:52:53,3017,1618,1.1434,4635,75,37,1,143,15,56802.7509,971,53.0,4277
7792,2f67b4a4688a1bea53b251b875ee5946a5554e33,0,0,0,2012-02-07 17:12:38,411,24,0.7398,435,1,5,2,28,2,80764.115,260,130.1667,4432
7791,7feff8927afa6a993e0aa020558e8abbf3b89612,0,0,0,2012-02-08 10:37:27,2,47,1.0185,49,4,3,17,49,14,41411.4875,80,74.1838,403
7782,11285c179683de818c7abf33b62e1cecbe39e89b,0,0,0,2012-02-08 15:33:40,80,5,0.7059,85,7,1,1,32,6,39108.1124,106,63.5712,658
7793,b423a8c716a2e126bd2850737ffa22a63f67e69d,0,0,0,2012-02-08 17:28:50,72,1526,1.1593,1598,5,1,6,20,5,21728.4701,114,34.8291,678
7789,cb51fd9d3c8da4ee7d68545b6c6d960fd8309a9c,0,0,0,2012-02-10 09:56:07,5613,82,1.2621,5695,1,1,1,64,5,47466.711,375,143.4422,1750
7592,c64131efc4a3e3d196d2713f6d0008f05e682b33,0,0,0,2012-02-10 12:06:18,54,28,1.0624,82,2,1,4,57,10,5972.0046,62,58.0229,339
7805,22e7291955f490a61a2edf53824c5140e7aad1cf,0,0,0,2012-02-10 12:42:46,173,1162,0.2737,1335,6,4,4,64,112,63544.2198,942,660.5627,4271
7800,3680e27791b95e315dc404642337feb7c796961e,0,0,0,2012-02-10 15:19:23,289,18,3.7481,307,24,11,1,871,108,4961.5,973,667.6044,10918
7808,83d2dfef47001c4f8dca354675303e9cb5cbe823,0,0,0,2012-02-10 15:21:11,2784,1162,0.1967,3946,6,22,1,818,12,65603.5594,965,678.6636,4181
7816,f7ea8e628d98198c41da655fb13165f96f62aa22,0,0,0,2012-02-11 21:35:49,314,77,0.9585,391,1,2,11,109,4,41442.2328,975,53.0,4172
7821,a5267d517d958a40ef298fe032a9a7d76915ddae,0,0,0,2012-02-11 21:52:42,27,49,0.6622,76,1,3,3,95,11,9220.2732,965,683.2789,4299
7809,07aafd17e6fd7a46d08b992b52e1ae23f812bcbf,0,0,0,2012-02-12 22:35:06,63,0,2.4208,63,3,2,3,93,13,9618.1409,383,67.5,4689
7820,80098e11cc55753e4721102e520887ffd22d5e22,0,0,0,2012-02-12 22:35:28,2062,81,0.2489,2143,56,3,1,1082,141,33776.0341,963,53.0,4290
7803,858666deddb0eee9bf9d1c675b66b656a65cdac7,0,0,0,2012-02-14 17:26:22,42,24,0.2372,66,24,2,3,137,3,9575.4673,383,667.6333,4369
7765,28551bf1db31af90bcf9d8df936da57e7935d2ea,0,0,0,2012-02-16 13:07:33,7,17,2.647,24,2,5,2,17,4,81769.4233,260,656.8254,9112
7596,4a2abd4495c1e88d1a71fac1e470b408ea25ef07,0,0,0,2012-02-16 13:14:51,2784,50,4.8422,2834,76,2,1,41,112,64487.461,941,53.0,4340
7802,dc05b6fbef3d75707c1e3039ccc80d9ba3b82dfe,0,0,0,2012-02-16 19:14:08,22,193,2.0631,215,5,3,6,33,8,11991.7844,260,67.5,4238
7810,7576c86469d33129d39a47f4b9b4f5aed4532ba5,0,0,0,2012-02-16 19:35:37,33,618,0.0359,651,6,6,1,1000,2,4977.2995,24,15.2285,128
7825,c2b45d7d661d4a2694e7cb15999eba4aa399c5da,0,0,0,2012-02-19 15:44:07,1278,12,1.075,1290,8,3,1,76,12,75201.7578,260,67.5,3778
7813,fb8b77d4f39eccec8d06d366b4d95a6b931560c2,0,0,0,2012-02-19 17:43:02,30,245,0.245,275,11,5,2,251,27,80512.1959,940,130.1667,4373
7818,f9a690483636a5137e2b38a77ca59ad56d8c474c,0,0,0,2012-02-19 17:46:31,1759,178,4.6287,1937,6,32,7,53,13,24668.1539,1,659.3833,3610
7822,d90d06e851f9fb6882b05d830b47d699f4d8d077,0,0,0,2012-02-19 18:56:33,230,128,5.1646,358,68,34,11,206,24,28767.1194,1,656.8354,4266
7799,3641a09a275a31f3caee6e2a65e2717249e2738a,0,0,0,2012-02-20 10:39:49,3017,94,1.1013,3111,2,1,8,152,6,61399.0,260,53.0,4231
7807,88833e4131a3fa7dc12e414d5313ba24713a5fda,0,0,0,2012-02-20 11:14:26,119,57,0.9648,176,3,2,8,22,5,53449.2416,45,22.1817,192
7595,bc1256b4cbe9636db91ed4579d09ecde7767fe5d,0,0,0,2012-02-20 13:07:07,237,16,0.2047,253,7,4,4,75,3,62794.2135,260,662.009,4390
7826,cf7ad57a4b45492155b0e997d040890facb67a05,0,0,0,2012-02-20 14:59:11,162,59,0.1932,221,3,2,6,92,13,71110.0487,61,33.5183,236
7812,b98b0d1f8c24ded40877ea671fac6f384494978a,0,0,0,2012-02-20 17:57:03,869,2926,0.1005,3795,24,1,1,37,8,9220.3493,378,148.5944,1756
7824,9f5a8a63f6ae1baa7b6ece839112364e2e5d2455,0,0,0,2012-02-21 14:39:42,9591,1143,3.5827,10734,14,7,2,165,24,55581.9825,51,15.8658,258
7817,6a5056de351cb027fccbbd62595000c0d6023520,0,0,0,2012-02-21 16:16:15,24,6,0.017,30,6,6,4,88,11,5748.3969,48,19.7894,200
7830,c8de5b9ad11c54e5918d74dfe797e09600c81274,0,0,0,2012-02-21 16:27:35,469,12,2.5,481,2,2,1,95,9,3625.2604,26,34.3448,219
7806,11359905e84ee48fda9541af1ae0101a1d747c32,0,0,0,2012-02-21 20:30:53,4307,2648,4.808,6955,40,1,5,86,8,14559.6926,44,35.5625,213
7823,b7daec08868f0cdf58cd6d7f07eb783029884c9f,0,0,0,2012-02-21 21:07:00,5613,259,2.0683,5872,98,2,2,1033,4,47981.0926,928,1.0,554
7827,7956ed21a29a08d0fd8c0129880316508760e700,0,0,0,2012-02-21 21:54:14,6,618,0.0269,624,1,1,1,91,11,4936.9197,21,35.548,204
7787,f5417d735cd7589e6848c268407495b685050a7c,0,0,0,2012-02-22 09:29:21,66,2465,5.2833,2531,76,1,17,72,11,41752.9797,27,18.3106,151
7573,64ed7d5184fa8c3cf121ee14b78ed719d3356170,0,0,0,2012-02-22 10:37:15,522,10,2.4265,532,11,4,2,19,16,55178.8845,72,63.2564,714
7832,383a832b272ae2cc01f6c68cd5054c20cd9eba70,0,0,0,2012-02-22 10:52:50,4779,2465,5.2833,7244,2,36,17,11,2,42707.0554,65,44.2171,794
7836,bd41a87c7167b5c75ead62217ed74d1c99d57367,0,0,0,2012-02-22 14:29:40,1759,165,1.4193,1924,59,1,1,94,11,25454.7768,1,1.0,3592
7811,ab80d8b9e1208bff0fc8d5aa81f41dafecf4856c,0,0,0,2012-02-22 15:35:20,91,1526,0.2001,1617,3,26,1,1021,8,21681.8614,362,130.8297,1659
7833,9c4b0cba84ae091538cd079d26c246b5fe844bc8,0,0,0,2012-02-22 16:22:47,63,694,0.0534,757,1,1,1,1002,2,13553.4271,28,31.19,122
7795,aa0379a754ca347cde8d260bbec6791bfba3a37e,0,0,0,2012-02-22 17:01:42,64,21,1.1113,85,4,2,6,1002,8,13774.5293,111,64.722,658
7839,b7c2ca90eeff1274ccc95ed8f40386e85061715c,0,0,0,2012-02-22 17:41:33,410,82,0.1059,492,4,3,2,120,2,4258.9942,260,676.85,3713
7845,dffd3c98325600d123be4aa86604cd4b3e0b9e2e,0,0,0,2012-02-22 19:04:55,218,1200,1.3158,1418,56,30,13,1082,13,33099.5784,948,53.0,4357
7814,6eea6e4ae0ed77cba7c2043248308756b2fff83b,0,0,0,2012-02-22 20:42:33,59,238,0.785,297,24,1,2,66,17,9265.5556,970,660.2646,4500
7835,9cc2318d100337952cf080380e52b4ce3a619595,0,0,0,2012-02-22 20:43:58,1361,2240,5.0588,3601,51,2,1,82,11,22203.6782,260,53.0,10918
7844,2d820e4a9a609d9fd323c0f5683397b528108ff2,0,0,0,2012-02-23 10:41:09,110,8089,0.1438,8199,3,2,1,18,0,63639.0289,52,44.2163,683
7849,9335efdfcc891e79172bcc7cc6fd65bbed86aadc,0,0,0,2012-02-23 13:13:34,8898,2113,1.056,11011,2,2,6,1041,2,36384.3876,97,42.1292,707
7834,401f2f519329d9b50a5fd4cde1a0347a367fb3f9,0,0,0,2012-02-23 13:15:43,146,2388,0.4628,2534,5,4,2,39,9,58833.5686,64,41.6694,666
7846,6ede56c78f07af437a38eccbd7153c030ad87486,0,0,0,2012-02-23 13:16:24,161,303,0.217,464,3,44,13,33,5,51247.9672,104,43.3138,674
7853,8fb9db26693f271429039fd46b54aa3765c93ae8,0,0,0,2012-02-23 21:02:46,1759,122,4.6287,1881,59,32,1,59,1,23265.992,1,657.3976,35
7829,6e5da519a757a58669af76e386c9784063f37ec6,0,0,0,2012-02-24 11:24:15,43,166,3.182,209,2,2,1,48,2,6280.7674,379,185.5989,1969
7864,59a53fc37ee684a7066ce750b7fb26fb8974b1f3,0,0,0,2012-02-24 14:24:27,1055,115,2.879,1170,7,1,2,38,12,47725.9557,289,157.6905,7359
7867,c7d4cfa7173eca0825cdd138965bcc9cd4344527,0,0,0,2012-02-24 18:53:38,96,368,2.2673,464,10,6,26,53,7,31215.6115,260,53.0,11765
7860,e083ce8fa478fcb100154674aca7b32b8161e146,0,0,0,2012-02-24 20:13:04,90,15,1.9524,105,6,2,3,72,108,8923.0295,383,659.6735,10918
7869,52a19f84ab83c2523210101ef97e724879d17ffa,0,0,0,2012-02-24 22:06:46,490,209,1.7554,699,2,4,2,84,13,18797.3666,950,53.0,4077
7872,f0beced8a1642c3dc958b5f7c09d81e4f6b91b3e,0,0,0,2012-02-25 15:35:19,93,1143,0.7932,1236,2,4,8,21,5,56018.0807,93,68.2189,485
7865,1d6f64dbe4f834bf04b8b680604f1e902f901604,0,0,0,2012-02-25 15:50:43,63,8613,2.4516,8676,16,3,26,117,138,30805.6755,968,681.4896,11765
7875,a1b669f59542bb2b7be9b9fc221f3ee97871d189,0,0,0,2012-02-25 16:17:35,122,110,0.3669,232,3,38,1,12,2,62190.51,72,85.0958,481
7863,382858cfc279897390df353d5e9a87b1a150c4a5,0,0,0,2012-02-25 16:42:14,39,18,0.67,57,3,2,1,35,0,4996.1747,64,98.6069,599
7870,31ee3034e6b3e9edb067964c89286180230ccd45,0,0,0,2012-02-25 16:56:55,159,41,0.8783,200,4,3,2,1021,1,21992.5134,58,60.2567,589
7877,032d5afb588a661bd217cc10a891b0ab2daf7c00,0,0,0,2012-02-25 18:23:22,18,39,3.7481,57,3,2,2,871,1,8868.6854,969,655.0636,5002
7866,7612fc74577a09110e65e15924c3e9f56c99ecdc,0,0,0,2012-02-25 20:12:01,324,193,0.1227,517,1,1,6,9,6,14312.6497,959,67.5,3534
7873,f0e92f17dc667e514fa14bf11ad0461e536d8717,0,0,0,2012-02-25 20:53:20,319,48,1.7891,367,7,18,1,1041,6,34668.0045,65,91.7535,544
7885,1cc94d23533a020bf91118ef21ffef54143744a4,0,0,0,2012-02-25 21:13:36,103,108,5.0588,211,51,24,1,1050,126,19638.9569,260,53.0,4371
7868,c1241753eb74b0fbb2b84ce76b6ae5be30477118,0,0,0,2012-02-26 15:56:37,39,12,1.1052,51,3,2,2,24,7,81319.8598,962,130.1667,4378
7876,7e029eb52a4eda0ae20bd73a81e61959297b181e,0,0,0,2012-02-26 17:36:46,546,2952,0.8851,3498,9,53,2,114,144,48874.2,945,670.5549,4462
7884,ca08872d28ccf266b89ce0e228cb5260927a1121,0,0,0,2012-02-27 20:04:53,2182,2003,0.2729,4185,7,34,2,1106,145,26532.2447,1,669.3246,3708
7861,078e87f3a705c896d5196adc9460fdb3af427edc,0,0,0,2012-02-27 20:42:48,260,8613,1.5399,8873,12,5,26,1183,138,29567.746,977,53.0,11765
7886,6e14c1fd8fcacd04517f1b11060f9c77e94bfa6c,0,0,0,2012-02-28 16:21:44,220,1162,1.0505,1382,2,4,4,70,8,63353.261,260,53.0,3848
7874,b3114e26bd9ba5f9493c296a735d3585f371c2a5,0,0,0,2012-02-28 17:30:45,57,32,0.2438,89,2,2,6,13,53,13720.462,260,67.5,3734
7881,280f16f017e3a5192dad8f470cb7f08d0445c197,0,0,0,2012-02-28 17:54:54,684,1275,3.0268,1959,1,5,2,47,3,81657.4166,359,146.3288,1737
7890,8556577d2193add5f78b1dafa71538dcb0602419,0,0,0,2012-02-29 09:49:14,5298,348,0.7395,5646,10,53,16,90,11,49610.2815,260,53.0,4571
7891,440a46e12154b430b32f90791baa5ba990a304b0,0,0,0,2012-02-29 09:53:07,39,8089,1.1191,8128,5,2,16,23,1,62532.4823,105,47.8206,801
7880,a00eba6b64cc3e86415a4cbb93293b0c3048b3ed,0,0,0,2012-02-29 12:08:25,39,10,2.0367,49,8,2,1,36,6,41453.3586,107,90.4581,549
7894,ea84ab28962cef3fd842c5049f75ee3c72d16be1,0,0,0,2012-02-29 13:04:23,2573,1794,1.7942,4367,3,53,16,820,9,70876.3138,260,53.0,13522
7888,fc045f3384f2e0bedc91e7c6057754d470ef189a,0,0,0,2012-02-29 13:08:28,7,10,1.1626,17,1,3,3,871,9,7136.9929,961,680.4138,10918
7895,fbe5d5b67f6e22b28b549f42d661dbc0f1335019,0,0,0,2012-02-29 14:19:05,344,63,0.703,407,5,2,7,2,1,24909.2244,74,82.9887,455
7878,a1cb0293788e396aeb27fafccdf655cd57e7394b,0,0,0,2012-02-29 14:38:37,415,2952,0.9935,3367,87,7,2,3,16,52831.1765,968,678.5774,4459
7889,b592333de0007a459fe217edf881bb93333e17be,0,0,0,2012-02-29 15:51:30,8898,112,2.382,9010,9,4,1,1041,2,34995.908,64,95.9176,442
7897,50e4594c9dc254913d1acd5337f64fb517e8410e,0,0,0,2012-02-29 20:51:19,410,386,0.1055,796,4,1,2,7,1,1140.9597,260,53.0,3777
7901,69ca2d0add5535bdf528464b14f1b3bff874d282,0,0,0,2012-03-01 13:28:10,41,50,3.0268,91,2,5,1,868,107,82962.032,281,191.8794,381
7903,7735018a949db3cb262ecaeee21039a11eba6265,0,0,0,2012-03-01 13:29:22,3581,694,0.1287,4275,38,14,6,33,6,14053.4,279,216.1078,406
7893,fbcd4a41af838e1d63964bb3dcfc676cc6e2e503,0,0,0,2012-03-01 13:40:55,2784,1162,3.1345,3946,19,22,4,818,112,66406.0492,304,152.5625,6526
7887,bc4da6052c60f95bb7560a3bc6d573a95169a876,0,0,0,2012-03-01 13:42:36,292,641,1.4615,933,84,5,1,7,23,61888.6496,294,161.7795,14714
7907,9681b84ef29f54b6d528c5649be0b6aa4f3434d5,0,0,0,2012-03-01 14:45:21,26,5083,1.1111,5109,3,1,1,1022,6,1531.9366,105,90.2512,590
7871,5b4e8f7fb1074dfd54e7103ca6c5e2c59823532f,0,0,0,2012-03-01 15:28:40,5298,277,1.8043,5575,2,7,2,252,26,52340.293,260,650.6284,4430
7902,97040bcb25b521e7628ae08340f5858403b7c2c9,0,0,0,2012-03-01 15:44:48,211,76,2.4494,287,4,2,1,23,133,41489.3692,101,56.1067,432
7883,9fc032f37c73dd486016f4677498ab02a555c446,0,1,0,2012-03-02 09:26:08,1025,117,2.3372,1142,8,2,1,916,1,69760.8538,299,190.2423,560
7906,0bf3ccda984f7f3c8c1de390d0d61f2ef8fbf088,0,0,0,2012-03-02 09:39:24,108,75,0.0987,183,62,19,1,916,3,69405.888,243,212.4601,409
7905,1756f353f60bbc7224ef9e329f91aa586b75d813,0,0,0,2012-03-02 12:24:14,3581,11,5.1282,3592,38,1,1,1002,1,10609.7038,236,187.9561,389
7911,e5e7cdd8b50e7bd86352e4883294ce68b43ed5a7,0,0,0,2012-03-02 13:01:45,52,63,0.0971,115,2,19,1,916,2,71282.0671,277,191.2029,15
7915,f9a42e7ce7975116f7db0d9a914c4c6be47283db,0,0,0,2012-03-02 16:19:59,869,2926,1.0428,3795,1,1,5,8,11,6850.0401,237,184.4715,539
7896,b0040bcd331f138e3cc2660bfc7f621b12aa1b8e,0,0,0,2012-03-02 16:21:45,133,694,1.0048,827,4,3,2,28,2,13050.7963,235,191.0746,553
7930,4bac7a54370f7dff313388e0369058402a44d180,0,0,0,2012-03-05 18:51:17,632,2648,0.5333,3280,6,2,5,42,97,15557.8998,930,1.0,3360
7917,2aa93503a2d954d06f9c2efa4f0d7498843fb564,0,0,0,2012-03-06 12:43:46,615,2952,4.2407,3567,24,53,16,80,144,49471.4924,936,659.5872,4307
7921,6534ac6c0128340a53656fc23f73f96fc5c5c184,0,0,0,2012-03-06 12:53:17,101,46,0.0,147,1,2,2,120,3,1116.4212,260,667.0411,3503
7899,685423972ec4d00b584afbff6c4a92c63d7e05e1,0,0,0,2012-03-06 13:27:44,1278,901,0.3157,2179,90,2,4,1130,8,73538.618,260,67.5,3603
7913,06d9299d82ecb31bd20dac4107425aa5f53124fa,0,0,0,2012-03-06 16:35:40,134,107,2.1784,241,13,4,8,123,6,18644.4457,959,53.0,10918
7892,83009e73ee1ee3689fbb05b5bdd56394ca8cbbbc,0,0,0,2012-03-06 18:57:10,333,51,1.7372,384,1,5,1,68,7,48153.5198,970,53.0,13371
7920,8bb492850e66bfad147b60561c60b1e56216fdad,0,0,0,2012-03-07 13:34:59,74,84,1.0627,158,1,2,5,24,110,7994.9676,109,47.1674,702
7910,2c0132ed81940a7bcdad256070803e2f86b4a95d,0,0,0,2012-03-07 14:14:33,34,45,0.8069,79,2,2,1,29,107,2478.6369,99,80.0894,857
7919,8427b4477adce1cdadb5fa1a881248340bfb174f,0,0,0,2012-03-07 15:15:24,2869,477,0.9414,3346,6,4,2,74,138,31264.2269,260,53.0,4264
7922,b449b60b165c6cb54df122a2a9dbed4f3c8c2215,0,0,0,2012-03-07 15:37:18,47,6,0.424,53,2,1,1,3,2,9295.5162,91,50.5849,769
7908,dd15ef00c9161a7ad5c2305429ee8c86cbdf59a6,0,0,0,2012-03-07 17:08:09,412,1529,0.8849,1941,84,4,1,44,9,45610.8936,969,53.0,4466
7918,c965c9a56f3922006b4cd46dcce6a3ca6aee6b3c,0,0,0,2012-03-07 17:12:49,520,7302,1.4306,7822,8,3,6,24,118,65514.1931,107,39.6403,826
7904,82b46008df83ef1397ee97f5cc60c1b3836f2e23,0,0,0,2012-03-07 17:13:19,309,94,2.7079,403,11,2,1,51,131,33517.8233,115,94.5,448
7928,b8fdb354f9ab059192c8030d45d8638507feaad5,0,0,0,2012-03-07 18:37:48,311,125,2.4156,436,18,11,2,278,30,38940.4334,965,664.5829,4311
7926,c1ca650d848545575947342d7196bc173024132e,0,0,0,2012-03-07 18:45:20,11,53,0.751,64,3,5,1,124,12,6270.6201,978,67.5,4528
7932,67816468e793b0295281d85bbc6b2bd39f43a8d0,0,0,0,2012-03-07 19:46:38,44,23,0.1576,67,12,8,6,4,3,15793.7316,942,67.5,3717
7914,46c992b19db470c04b1ea61220d66435f6bf9a53,0,0,0,2012-03-08 10:10:55,269,171,0.5842,440,7,37,2,47,24,57297.8092,260,53.0,3565
7927,bdeab0f61cdeec05fb7cb6fcd1743b27a915d6d2,0,0,0,2012-03-08 10:33:22,381,2952,5.0395,3333,87,53,2,84,15,53736.0163,925,670.0597,4339
7934,abb1f240cb294e88e5930fe640089da9f0260fff,0,0,0,2012-03-08 14:31:20,206,209,0.7077,415,4,4,2,42,9,29976.427,56,17.1763,194
7923,75f4c657df41d6a45692af4b6176ed096439b8b5,0,0,0,2012-03-08 15:05:06,376,335,5.2754,711,70,19,1,80,21,73668.6313,926,644.67,91
7936,b8f487b7f116963f4e8e82bfc1215fb709207163,0,0,0,2012-03-08 15:53:54,144,66,1.3905,210,2,3,6,42,8,21662.8017,56,44.3899,187
7931,e11ecb5fb4b54d169a7d4b27a46617ae0deab1aa,0,0,0,2012-03-08 16:22:40,375,2648,4.808,3023,40,18,2,42,91,16190.3597,1,661.3053,1139
7933,cb70ce978fc74d7f33695364fbedcc7aa1cf28b6,0,0,0,2012-03-08 16:26:18,880,5083,0.5406,5963,2,2,1,38,6,1940.4909,52,35.2932,109
7939,4a1af10b60d4afa169ea700f2c4d387131643fc6,0,0,0,2012-03-08 16:54:57,126,71,0.9922,197,6,30,2,1082,141,32901.0,965,675.2451,3789
7941,5976885f0f2f19ff58c48115cd68d6d0f0443cfe,0,0,0,2012-03-08 17:10:13,18,17,2.5,35,1,1,1,28,3,2566.4416,68,16.467,225
7937,ad143f9b8ea57584cfe23c184ac840ef02fd6f55,0,0,0,2012-03-08 18:26:03,25,238,1.1114,263,5,3,1,100,108,5300.8575,969,672.2232,4376
7938,8e119738dac7a59a5f8811a2cd8e92c02c34270b,0,0,0,2012-03-08 20:35:25,27,193,0.1411,220,2,1,1,26,53,10807.0656,965,673.7914,3540
7948,1b31895fcd3d1cbd4b38f331b33acee2486ef1a3,0,0,0,2012-03-09 16:24:30,3581,16,0.935,3597,1,14,1,1002,0,12740.0809,65,88.3949,452
7935,ae392a4e46d78be0afd0973961727394c991947d,0,0,0,2012-03-11 14:15:12,151,65,1.0476,216,83,1,8,1243,5,39940.4638,94,84.4419,450
7942,3439d9531c706c1681105e03450095aa83929a9c,0,0,0,2012-03-12 15:29:05,19,1275,0.0534,1294,1,5,1,868,4,83122.5853,100,65.5223,463
7950,6fc400e3ce6cf4028fa9443f3d3354ff40ec4137,0,0,0,2012-03-12 15:44:18,46,618,0.9545,664,2,2,4,14,4,5428.1344,99,82.9479,566
7940,25b43faed83b9ef38481bfac0f33019c5ddb2712,0,0,0,2012-03-12 17:40:51,35,2926,3.182,2961,1,15,1,989,4,7061.2253,74,67.4549,564
7951,17bd3a92542d3abd4de2f5119926b2fb38690279,0,0,0,2012-03-12 17:50:15,0,5083,0.0488,5083,1,1,1,1022,107,609.3055,106,64.0633,547
7955,f6ee1d010e5d68309986b33b9d0baacc00b247ec,0,0,0,2012-03-15 11:21:39,4779,2465,1.7423,7244,2,36,2,37,3,44330.5388,340,228.6734,1900
7944,3634e593ad69fa59665dc899a944b467dcb0d413,0,0,0,2012-03-15 12:51:09,72,34,1.5435,106,2,3,1,38,11,61531.2864,48,23.9472,175
7954,d03c4bfaf1693c8178879ff2b54740e67af15114,0,0,0,2012-03-15 15:05:03,82,8778,1.6759,8860,4,3,1,25,6,51501.6478,48,31.9815,171
7946,49ff39a68becf99e0d2b1f66af9f7526d4b68c77,0,0,0,2012-03-15 15:13:46,880,57,0.0673,937,1,1,1,2,3,560.0973,57,36.0937,96
7961,6fc1fabd3f2ac9bb23ea18dd838f5f8e81c5e624,0,0,0,2012-03-15 15:48:28,1130,180,1.2031,1310,99,2,16,29,134,60624.4857,366,234.1791,1742
7925,fe81c0ad6c32d95d41dc08a61b66ee1fbaa69d39,0,0,0,2012-03-15 16:55:26,6970,442,2.1924,7412,7,44,2,59,8,52437.933,432,285.0265,1663
7959,33e6f9dcfa10cb10949b1ed88e434f3efe04e815,0,0,0,2012-03-15 17:16:03,35,1244,2.5054,1279,12,1,1,76,12,52607.1705,347,210.3675,11565
7962,a593ae59e958df58af825bbf7a8e9548a78c1b4f,0,0,0,2012-03-15 17:44:13,82,193,0.1908,275,3,2,6,22,10,11348.3227,340,276.6595,3033
7953,4d5575d6c0c37d692e9ead41144d11028c16c175,0,0,0,2012-03-18 14:42:37,2282,292,0.2271,2574,5,26,9,44,150,62864.5555,354,214.9618,8796
7958,1e5a0ce4a8bbb9804765f3ab9b58ac2526e16e30,0,0,0,2012-03-18 14:43:29,8898,2113,1.5305,11011,2,1,1,21,7,35497.5805,413,226.5927,1739
7965,9e1d287f99045264fe08a489cc24d6ca01c0fce3,0,0,0,2012-03-18 14:44:28,4511,255,1.2783,4766,84,4,1,1020,6,57119.3392,359,211.4479,10399
7952,9d5caf44112a6fe64c000f14269c90e3e5ba662b,0,0,0,2012-03-18 15:39:31,302,7115,0.7068,7417,9,3,2,24,8,59498.3561,355,276.3119,9501
7964,907688c6e0035057ce370ad51b51f17484e621e6,0,0,0,2012-03-19 14:54:48,80,57,2.6422,137,8,3,16,51,5,31885.2794,66,86.7176,461
7967,615a1d1a21df9fd7f66de850fda9a78833e3968a,0,0,0,2012-03-19 16:30:58,402,7115,0.9827,7517,84,2,9,44,9,62524.6154,341,264.1664,8487
7968,f40bd6380f2fb0f4363e9149d0a055be1ddf9ff0,0,0,0,2012-03-19 16:31:50,55,1794,0.9432,1849,74,3,16,820,11,69036.5313,408,288.5068,8711
7956,a568f26ccbc6e90e6ee7a89eeffba76fede7a65d,0,0,0,2012-03-19 16:32:48,2282,7115,5.807,9397,84,26,9,665,11,62690.5979,406,228.9175,9739
7970,81858ebacab9386223f7d0875141f5dbab464234,0,0,0,2012-03-19 16:33:52,2573,1794,1.1114,4367,4,5,2,30,0,71047.7174,414,199.4543,8566
7973,59c623852d56cc29746bff9ab0d7130760ac3ec2,0,0,0,2012-03-19 16:35:52,235,580,2.7334,815,16,1,2,88,2,26490.577,425,228.3595,8785
7971,98fdb5b9e64552fb88a42509543af1ae9dcaf9aa,0,0,0,2012-03-20 18:22:09,529,2952,5.0395,3481,87,53,2,104,10,48965.8563,959,53.0,4568
7975,929857c4fcb88e656d2d2183380b01b7a615f4fa,0,0,0,2012-03-21 15:40:10,28,193,0.2172,221,12,8,1,18,7,12173.5669,322,298.2102,3033
7978,c468e5b6178065944800f0b405973c8fc5c7c647,0,0,0,2012-03-21 15:43:44,34,245,0.6752,279,3,1,1,24,0,81448.6173,415,216.5541,4000
7850,0b9691818fa6616d3c67ad37bc8e6b56e265f281,0,0,0,2012-03-22 14:50:15,3017,1618,1.5486,4635,9,3,1,64,5,57137.3587,260,666.3759,3991
7857,f813451dc4bbd66b29c83fcdb3c15e6f3032da44,0,0,0,2012-03-22 15:57:52,3439,1299,0.6715,4738,97,58,11,88,10,39803.7303,260,681.1344,4292
7963,f7e59dd1ada68ec27801965ad90e48fcda5b3e96,0,0,0,2012-03-22 16:35:46,411,13,0.2502,424,11,5,2,24,3,80518.9496,260,130.1667,4294
7974,fd1430cbba7f6920d0b3b66b6878f894469b3777,0,0,0,2012-03-22 18:16:26,33,12,3.7481,45,2,11,1,871,8,5848.2946,965,668.1196,4391
7979,053b38fc7b18af8a762e8227de16522ac2f97bfa,0,0,0,2012-03-22 18:20:15,2784,137,2.1262,2921,3,6,4,232,12,63184.103,260,53.0,4237
7851,3cc7944c4c5aea228fa702b08c6f2a7ad12c2923,0,0,0,2012-03-23 12:47:16,2573,82,0.6545,2655,7,3,2,58,9,70748.568,260,668.5757,4613
7831,74671451f17e7179ed7a4158f533396a5d495cce,0,0,0,2012-03-23 14:28:58,354,530,1.3381,884,80,44,13,94,1,50871.1372,945,686.1886,230
7854,bd2ec5b8aa58afc1631cdb8f226627684ccca341,0,0,0,2012-03-23 16:22:06,5298,247,0.6605,5545,87,3,2,1049,16,48935.2489,260,667.77,4428
7966,c12df907fdb88ac85f4e59c01c22463ed94c299d,0,0,0,2012-03-23 16:45:55,20,193,0.1378,213,12,8,6,211,5,15400.4705,260,67.5,3508
7977,1788f44546ec0169da6bcdedc40227f8f82231c9,0,0,0,2012-03-23 19:08:31,2869,373,2.16,3242,11,8,26,52,21,31839.1975,955,53.0,4495
7858,dd8af6449cbf593fc50cdaa085db10a3941786ce,0,0,0,2012-03-23 19:43:35,43,5083,3.9069,5126,20,0,3,1022,5,90.1065,1,669.224,188
7843,7c10f5d55d4ef4c6ce6cccf1bc82dc0f8d6216bf,0,0,0,2012-03-23 21:11:50,74,44,0.2481,118,12,1,1,15,3,14229.293,971,683.1671,3567
7983,a75f00d854474b24377e9e064ebd07fd17b3868d,0,0,0,2012-03-24 16:30:34,95,25,3.6595,120,4,18,4,871,1,80572.253,1,653.4996,221
8109,576ebdbe5c085e184b78f7ffba16db7a3ebae853,0,0,0,2012-03-24 17:47:19,101,96,0.3193,197,4,53,2,820,11,68850.2976,962,53.0,13522
7852,63621f050b0eed06104cf91fee0b6d7c4695330c,0,0,0,2012-03-24 17:48:38,6757,1529,0.8894,8286,84,37,9,174,25,47330.3938,953,53.0,13371
7856,0e33d78a9c730a8caed6237c686cb9c916afc002,0,0,0,2012-03-25 14:37:08,26,1794,1.6057,1820,74,5,1,6,0,71436.5187,952,53.0,4307
7972,e96a418aab73665a2f0e9508950aa1a6d4208cb7,0,0,0,2012-03-26 11:25:51,133,53,0.9068,186,1,3,1,42,4,41681.0487,68,66.3563,478
7848,ad7376566b2f76cee941cc9661880b873d8baac8,0,0,0,2012-03-26 12:44:03,8898,51,1.9441,8949,6,3,6,15,8,36464.2269,66,85.4958,573
7985,4ac19c60363f804be21ad88a79fa60e1f280bf67,0,0,0,2012-03-26 13:15:26,9591,1143,1.1933,10734,2,3,1,45,7,54954.7433,76,66.8722,567
8134,d4371eaefe9a0c07e576c0611b5351babd130912,0,0,0,2012-03-26 14:38:44,4307,40,1.5303,4347,11,2,1,64,9,16477.9063,107,65.0488,564
7984,bb6c3f408263861e92b404b17fc7a084b2d56b32,0,0,0,2012-03-26 15:24:09,6970,177,2.6608,7147,8,3,1,1377,138,49223.7365,100,92.508,461
7982,a40822d21d64c4bd9a56877c0ba5d37c918a72ec,0,0,0,2012-03-27 15:52:23,134,36,2.5627,170,7,2,1,66,3,10440.1263,100,89.4585,425
7969,8b7357a9d4d54a22a73ddcd320998eef24a07ea6,0,0,0,2012-03-27 16:13:27,16,5,1.1172,21,6,6,1,0,2,4823.3615,53,115.0524,329
7993,18c7fad44274745ff974549bf8c0d9b5f9354cae,0,0,0,2012-04-04 12:03:47,42,9,3.6595,51,2,1,1,37,1,78525.3413,57,17.7515,95
7994,aec779939586e596355671506a16e748f32070f7,0,0,0,2012-04-04 14:53:10,14,2926,0.0643,2940,24,1,1,989,3,7821.7931,70,83.0865,589
8124,d39f580eded8ec05fca4da107385a4d4c8502a7d,0,0,0,2012-04-04 15:51:40,183,694,3.1085,877,13,14,1,35,10,11531.301,35,103.0133,605
7990,fb106e071093837020c95bd6bf31da4728003a72,0,0,0,2012-04-04 21:03:12,62,73,0.1934,135,3,2,1,37,7,20287.737,368,179.5513,1973
7855,d6de38989e986573a885ef501a15a85d388b6eda,0,0,0,2012-04-05 09:35:59,2985,51,5.2754,3036,3,19,6,986,10,72510.1366,374,137.5879,1900
7995,6e82eb476d34f5a502c3e7ee76a517d49c88eea2,0,0,0,2012-04-05 12:43:36,18,90,0.08,108,6,6,1,1000,107,2307.8433,6,10.6671,222
7992,178705b08ac7beba64c4e59fc920ea4ed85b289f,0,0,0,2012-04-05 13:17:31,179,694,0.2224,873,2,14,6,1002,107,12932.9716,438,179.2126,1757
7997,1631c5bdc63b3365633ca76a2476c1e35c5839db,0,0,0,2012-04-05 13:32:38,2062,1200,0.4641,3262,5,30,13,71,141,36115.3389,260,53.0,3712
8000,6e56ba304b60e1bd5a478e5c41eeb3b311a75333,0,0,0,2012-04-05 15:45:32,100,8089,6.2875,8189,3,2,16,1130,2,63885.221,18,21.1884,73
7991,2cff72317a59c59d0e7a8d865a8a14e24c6d8d2b,0,0,0,2012-04-05 16:09:20,8,386,1.0813,394,2,2,2,8,3,1999.2684,260,53.0,4279
7996,865338928c587ffb1be169c31874f46e374f82e8,0,0,0,2012-04-10 15:38:39,284,1815,0.824,2099,59,32,1,827,11,24727.5664,1,641.8235,1
8006,466be0795853ca89b89f5df6796d92e3574764ec,0,0,0,2012-04-10 17:02:24,324,97,2.1057,421,84,6,9,127,21,45281.6029,260,53.0,13371
7986,cf17d4ef004e8e0a0831bddb2cbb9a9276461f0d,0,0,0,2012-04-10 23:41:36,9591,1143,1.4533,10734,4,2,8,42,7,53831.7284,70,69.0104,548
7999,580254fee9c21ed450d494ec853b7312df5e2263,0,0,0,2012-04-11 11:18:52,13,465,0.8442,478,3,2,4,49,2,77885.8116,115,60.6153,447
8002,ad7e826b3c3446443187cb542448a722d194dae5,0,0,0,2012-04-19 18:46:05,520,57,2.216,577,10,2,4,1130,4,75109.5036,260,683.6436,3524
7847,ec5ff80e551688a982817a8f1a104e912a7057c4,0,0,0,2012-04-19 22:52:46,287,56,3.1086,343,9,18,6,80,5,36657.4949,61,62.0168,550
8013,a994d4625850ba53e88ccd106f431352516d521f,0,0,0,2012-04-20 09:57:34,1005,39,3.2083,1044,13,6,1,12,133,43001.9945,43,42.0109,379
8012,777127b2f6414f1d7cc141c1802b3ed09a662210,0,0,0,2012-04-20 10:02:39,1512,39,0.1636,1551,3,1,6,1021,114,21908.3841,43,46.5501,384
8009,77ffc2f49fb953b8b4b4b31ffdf6a4c9194b3913,0,0,0,2012-04-20 10:55:55,164,3829,0.9555,3993,3,38,1,1033,134,46589.0979,67,62.4419,26
8005,5712177128350b805593cea853e6de477d97c478,0,0,0,2012-04-20 12:27:00,419,3829,1.6369,4248,3,4,2,53,18,47805.1162,47,40.7265,399
8008,239339baa73c1ccad8fa6475aadbcaedd4f9f9b1,0,0,0,2012-04-20 14:01:17,45,45,0.1217,90,6,1,1,117,20,2280.4015,1,658.6058,602
8016,ed37570cf487bd34dad0f4bdbe64bef835e33bf6,0,0,0,2012-04-20 14:10:27,119,58,2.1997,177,8,5,1,827,127,24887.5903,76,37.4321,374
8029,d521e3c2276d79557293b03e9f37b57550211e4d,0,0,0,2012-04-20 14:12:46,66,209,3.0268,275,2,1,2,239,98,81876.0119,127,1.9768,3033
8023,f15c9a0a70581b9178152d50576ceba1fe40fc3e,0,0,0,2012-04-20 14:24:41,165,4441,1.0786,4606,3,1,1,1051,1,31133.5593,91,49.3938,800
8007,1450ac05202dd62c5ec35127743612ea0d192880,0,0,0,2012-04-20 14:29:14,29,59,1.0607,88,2,2,5,989,0,6684.4121,104,66.6663,695
8024,b25b9ffb013ec07855ec99eb4cb232786d539b08,0,0,0,2012-04-20 14:52:45,931,62,2.602,993,13,5,1,31,133,41291.3993,80,48.5513,385
8022,2c4c3f5b6c008fe83b7f6e6970c65842719059b8,0,0,0,2012-04-20 15:12:55,44,29,0.179,73,11,1,1,105,17,80248.2348,964,661.5805,9112
8018,2d489ba47624c972a0243490f69fbde2e7bfd42a,0,0,0,2012-04-20 15:41:25,2182,169,1.7023,2351,7,4,2,174,6,26391.057,1,1.0,4282
8017,ab40ee4b2be05a47c1784c6b33f4a5ed6bde4df0,0,0,0,2012-04-20 16:27:03,449,4441,2.6087,4890,10,3,1,15,3,32600.0593,45,69.7627,478
8026,1e50f3278d72aacbd6f05e01e93a4c9f45e4c294,0,0,0,2012-04-22 14:29:07,145,82,2.5469,227,10,1,1,37,4,38526.1258,63,67.0632,566
8028,c6b9a6987a933f500a5e9f16b58f01d353b1062d,0,0,0,2012-04-22 18:23:39,392,363,1.1847,755,7,35,12,1026,2,27032.5791,333,281.8225,9604
8033,dbc307bc0dc13449cf13085e45db3f4572fd6649,0,0,0,2012-04-22 19:58:57,278,2648,0.2468,2926,4,18,5,62,109,15727.9824,423,225.854,1724
7743,40fa231124b187fc05ef60e0235aae181529c8a8,0,0,0,2012-04-23 13:59:38,507,348,0.3282,855,84,46,2,1020,12,57865.7394,421,273.6444,9415
8032,d4aed45bfd813c7fdd7885a095fdf8c685b4fbd5,0,0,0,2012-04-23 15:04:38,72,65,0.1463,137,3,2,11,41,6,26680.045,282,214.3151,539
8036,071eff22e0a1c511c53e37ae3b1a58bc60fb96d2,0,0,0,2012-04-23 17:42:40,212,2465,0.3423,2677,5,3,2,57,9,42380.0851,1,1.0,504
8020,c7b7934f1707810960103db6f6a81704dbfca25f,0,0,0,2012-04-24 09:21:42,121,84,5.5611,205,74,53,16,820,128,70719.6224,973,673.4244,13522
7758,6126c9b0770da13d14d92f37cabe86e0f9dd9be2,0,0,0,2012-04-24 13:49:54,314,0,2.0527,314,97,5,2,1022,132,41650.9826,260,689.0644,3785
8025,c64c8079fa4ec088d202b6e5ffd4e9c36ede34b7,0,0,0,2012-04-24 18:36:30,160,4441,1.9526,4601,13,3,16,101,5,30624.5727,99,63.4193,448
8044,1d4c6e79847ef1112dfc2042797d01f6aa7250b5,0,0,0,2012-04-25 09:17:52,749,519,3.9146,1268,15,5,9,88,14,50322.3333,1000,241.2518,5733
8039,67e5b9f7ee36eab3ce0c45bd7258fb0d9c2b6276,0,0,0,2012-04-25 09:22:54,130,127,2.647,257,11,5,1,29,5,79546.025,1000,265.7774,6677
8027,14d21711267ba23734042e43bf38b428382b92a7,0,0,0,2012-04-25 10:49:38,6363,99,2.1539,6462,7,4,8,27,132,40287.2853,50,61.0216,377
7759,172e63b75b7941756808e226e8e1b2cbfb2c15f4,0,0,0,2012-04-25 11:11:42,211,2113,0.5609,2324,2,2,6,15,7,37153.4,105,59.9495,474
8019,d144cd6715b8b9d04ce894f417b23d77c7922b4e,0,0,0,2012-04-25 12:12:43,281,1618,1.3429,1899,7,5,1,83,14,56252.869,1000,156.6531,6997
8043,ee9531ffe4a40eaa4a65eeae842f7c6c1e398bfd,0,0,0,2012-04-26 08:31:54,6757,1529,5.8031,8286,84,3,9,80,155,50210.915,432,290.8489,9616
7779,ebeb03caa06bae8f022e3db8edb2ed65f5e2ba51,0,0,0,2012-04-27 12:09:06,82,38,1.0641,120,2,2,1,29,7,48918.4823,71,68.3725,396
8042,01b43532f2b2d8c4a353bcdce8bba3fffda0a93f,0,0,0,2012-04-27 14:02:17,204,96,2.8301,300,10,5,13,32,138,49139.1907,78,69.6889,376
7798,4c5c973a1477d121745d99792b5b81bab87c7cae,0,0,0,2012-04-27 14:08:07,0,2388,4.965,2388,34,12,10,1068,7,60387.0,27,78.9204,368
8057,32fc54925bd7afdabc7a4d45fe0ecb01e4bfbd11,0,0,0,2012-04-27 14:09:18,379,2476,0.2937,2855,4,3,5,264,0,17835.7867,1000,13.4945,3360
8034,1bbbc744fefa32e0129d55ab638e08d0deccd20f,0,0,0,2012-04-30 13:04:06,214,2465,1.173,2679,4,4,1,117,8,43729.5437,360,230.8993,1741
7754,be7c418abd102abbf6c3ec000697c425c4066e96,0,0,0,2012-04-30 13:10:39,2467,3382,0.1014,5849,2,2,1,49,9,68413.5707,352,235.6973,1898
7796,42955f6f163ec878f0bc415c758fc7173d4606e0,0,0,0,2012-04-30 17:09:34,114,70,0.5802,184,56,30,13,12,2,36202.5832,260,691.7599,4261
8056,8365d123e32156ff699d3fa8c255a1d9830d57e0,0,1,0,2012-05-01 01:20:32,1814,740,3.8981,2554,27,16,2,161,118,43356.5,416,267.2319,12019
8053,1288fac1cf7c806ad7424a158f2e4dfb3772bb43,0,0,0,2012-05-02 15:04:51,3581,694,1.0778,4275,2,2,6,36,1,12531.2908,99,63.1455,558
8052,884f589d2edaf74eadd97d578e10e2c9dc1766e8,0,0,0,2012-05-02 15:05:25,104,5931,3.5529,6035,23,7,3,177,118,36960.2325,422,260.4025,9719
7794,b14ec400e4f9d1286d4508cf28ca2ef7e432a7fc,0,0,0,2012-05-02 15:42:40,46,15,0.7468,61,8,15,5,49,5,8760.5291,117,66.3753,416
8054,6fcc0f47966e75585be63e755201aad25b9b8cf6,0,0,0,2012-05-03 09:21:56,2780,5931,0.2253,8711,10,7,2,1048,151,39950.4056,833,222.2033,8783
8048,441087cd74c2cd8de03293bf6d686a6378dce523,0,0,0,2012-05-03 13:11:21,2282,529,4.3214,2811,28,3,9,70,4,61542.6897,349,211.2438,8342
8060,e35e3421cb4ce23163ffc9a332c207e7faae4180,0,0,0,2012-05-03 15:26:35,317,345,2.9599,662,16,7,13,1082,20,35008.1014,350,195.1312,9597
8059,299ee85dea5594e3c032aea0684f1e7c3d68a6e2,0,0,0,2012-05-04 15:04:52,157,8089,1.0883,8246,99,3,16,9,134,61446.6078,44,61.0123,413
8061,08d4c21b86b171169c480b35a0d81162463ec507,0,0,0,2012-05-04 15:20:24,925,1016,2.7291,1941,14,8,1,119,18,55566.879,413,273.8718,10604
8031,60cabcd111f0eedb071d2ff692f84b8c85a7c472,0,0,0,2012-05-05 02:10:51,2780,448,0.596,3228,8,59,3,1048,12,39172.475,833,220.7065,8759
8087,5cffebc26d87ac06e690b7049d33e2b35a362008,0,0,0,2012-05-05 02:13:00,4779,262,0.2168,5041,76,36,17,228,112,41619.2499,421,290.48,718
8062,76d2231a1dbef861afbbaf5ff69af9121410a924,0,1,0,2012-05-05 22:38:38,547,453,2.9025,1000,24,15,3,128,9,32017.3883,360,270.1694,11199
7980,ddc8c8de9f4f9710a9b659c5d827078db4515690,0,0,0,2012-05-06 01:32:34,3248,6953,1.4541,10201,7,5,12,85,2,28600.8449,361,279.8901,8675
8082,b8892cab92bc330a8bdeb6b4feecb293bd5fbaa1,0,1,0,2012-05-06 16:49:40,75,5540,2.473,5615,28,20,2,168,133,41982.0441,833,224.7377,11324
7179,ffbcf3f2c08292a70bbc85d63e063403b7659edb,0,1,0,2012-05-07 13:16:39,433,533,2.2354,966,23,11,3,309,103,63116.7518,401,266.2472,11329
8063,280db9ec3998c86740abf62aac1fb8160be39733,0,0,0,2012-05-08 19:18:36,187,409,5.0135,596,42,16,2,176,21,32809.5692,413,284.5652,8696
8067,427fae35851d5ed89a6a4c97a230cfe47a49d4fd,0,0,0,2012-05-10 13:17:12,321,1529,2.5538,1850,19,8,9,154,24,45114.0087,416,284.2089,8535
7147,f07e0fbc1f89d67ef39955f689e8c1b81d57ef6f,0,0,0,2012-05-11 08:11:40,2814,123,4.9874,2937,2,31,6,1020,1,66000.3002,101,48.0187,671
7157,2a09d133dbf69749489b35e9a37d58ea98aabb4e,0,0,0,2012-05-11 08:43:08,24,5083,0.0537,5107,1,1,1,1022,5,1863.0108,95,42.3932,786
7151,68ef86ad5eecfdf69686b976598f235ea897b07b,0,0,0,2012-05-11 10:07:37,6363,95,0.9835,6458,4,2,8,1243,132,39076.5178,105,48.7775,817
7159,6591263c8871898f602d122aac336f2ad63bbb1c,0,0,0,2012-05-11 11:20:31,1961,8,3.6595,1969,2,18,1,871,1,77535.2268,366,226.5259,1883
7148,d6965cc20d10c519638d36dc888427d77551666f,0,0,0,2012-05-11 11:51:29,190,85,1.0771,275,4,2,1,1051,1,30594.732,96,50.1475,799
7152,dcde786f143dc382e3991f3816e896c04b7b6737,0,0,0,2012-05-11 12:27:35,41,108,0.0496,149,3,2,1,1022,0,2123.7409,56,38.4832,679
7161,a12b62833fe7144390bbc052efbe43d524c683c7,0,0,0,2012-05-11 16:37:30,869,2926,2.3834,3795,6,15,1,47,5,9735.0881,91,34.5935,336
7155,a33b0759f6d271e4aa254a22b0dd60b4e9c6cb0e,0,0,0,2012-05-11 17:02:08,4307,94,0.0796,4401,40,1,1,32,1,16415.6729,104,65.1251,655
7146,3b8ae64d613c346c7e0d04419c169e46ad331010,0,0,0,2012-05-12 09:14:22,6363,3319,2.9919,9682,11,2,2,128,16,37434.7212,82,64.5475,761
8154,bbcab8a8328b8d62d24a0ca58a4f425141241266,0,0,0,2012-05-13 17:44:26,4,1299,1.7466,1303,2,58,11,120,7,44521.0,960,684.0745,4159
8049,df23a0c1dc6b41ccd661f518b3aa2fa01e399f8b,0,0,0,2012-05-14 09:35:37,2780,5931,5.182,8711,11,4,3,1048,16,42492.7242,833,209.9598,8698
7144,564f26e992e5657f697f396394af56596e409b4a,0,0,0,2012-05-14 12:16:34,2753,8089,1.1186,10842,5,3,2,39,12,62954.1758,96,84.5295,642
7158,a5746a76521118bb0f502fc1c1694f9caf2014ec,0,0,0,2012-05-14 14:57:35,73,2240,0.1777,2313,4,2,8,101,18,18882.9019,328,268.8723,9551
7150,ceaeb05c4d25204db6bf3f57ad49a48ab3cd0c7d,0,0,0,2012-05-14 14:58:19,3248,6953,0.2325,10201,62,35,2,107,136,28942.4452,407,221.9627,9365
8066,dbb28dbb64cd52bc634a6914b56521a053c67219,0,0,0,2012-05-15 12:52:23,9591,100,3.3341,9691,20,8,2,966,116,53475.9663,93,62.344,640
7182,b7359286a90167c5eda121957ef02fe68de327cf,0,0,0,2012-05-15 13:49:56,880,5083,3.9069,5963,0,2,2,276,0,669.9971,1000,37.7622,1155
7163,8861997cff6c6d944d1a95570a44403c3d562f07,0,0,0,2012-05-15 14:25:22,356,349,1.9994,705,2,1,2,12,19,2093.9062,485,311.5689,8669
8046,8ed38dfbed4a58c909bc9ae33c2fc933c126b389,0,0,0,2012-05-15 16:00:47,212,530,5.807,742,84,26,9,54,11,64354.3448,359,269.5029,8577
7165,ddaf77a94eac01adc40a281213ee22698bfa9d49,0,0,0,2012-05-16 11:03:11,398,3962,0.7495,4360,84,5,15,40,10,54464.6209,336,279.0201,9736
7180,e6c037d9a6e63ff24857b4dcd71b05c6de7d6610,0,0,0,2012-05-16 14:45:23,1278,901,0.3723,2179,5,11,1,1130,120,75439.7843,260,688.05,4342
7187,5357b24ea9330cc7f84279147b15df89758cac86,0,0,0,2012-05-16 15:06:26,6363,70,1.4803,6433,9,5,8,13,5,40459.7779,106,68.6483,569
7185,7f06e42be54056cd00d7f32f7294470ee50f7db7,0,0,0,2012-05-16 15:19:57,880,123,0.0528,1003,1,1,1,20,3,851.7509,96,63.48,583
7202,a85e7f26463dfd54999028571b26142d43eb1366,0,0,0,2012-05-18 15:17:24,40,193,3.0646,233,2,8,6,211,53,11813.3528,960,67.5,3485
7188,e324a2dd9930ff81853812c11828e028b067a7f4,0,0,0,2012-05-18 20:52:11,111,20,2.1191,131,5,2,6,121,21,10799.6667,954,67.5,3585
7195,f040561796d63838f1a04ddc3803f91752ee87e3,0,0,0,2012-05-18 20:56:02,324,16,0.6123,340,3,2,6,0,1,12920.9935,260,682.8097,3725
7205,5d5da2508f24b8dc72d7ddfffc41ec5fa188979b,0,0,0,2012-05-19 19:12:01,289,23,1.2253,312,2,2,1,104,108,9805.0701,954,661.7521,10918
7213,76e58e6011294603d0323018003c2f0abb4e9a91,0,0,0,2012-05-19 20:10:30,142,1200,3.6753,1342,13,3,13,136,12,37570.5367,260,664.1591,9731
7198,354968eaa8e842f228d3ac79b8dbdb14e9367990,0,0,0,2012-05-21 16:00:06,130,98,0.21,228,74,4,2,46,12,71584.3693,951,679.7536,13522
7184,dc44b3f8fca1b6e07872c7985a54f9dd4401d35e,0,0,0,2012-05-23 15:52:13,264,2113,3.2427,2377,17,4,6,44,6,33339.5,98,61.8188,474
7191,69c1fc12079616a75ac51f90aed6dbfbefd586a2,0,0,0,2012-05-25 06:01:21,57,3382,1.0836,3439,1,2,2,69,13,71169.3635,79,68.4434,407
7204,ef701d596f5baa4b86ed05efb402c10bfb217c49,0,0,0,2012-05-25 08:46:24,2753,8089,0.8794,10842,3,1,1,1130,2,60932.6499,75,64.2693,478
7206,9a1590a43c5bba4da95b30f5f8eff550c0621044,0,0,0,2012-05-30 13:22:05,95,3319,1.4407,3414,6,32,1,30,3,38603.4269,99,84.5119,548
7200,bcedcc0cfb34df78879cf40440c2293ffa4a93be,0,0,0,2012-05-30 15:47:44,96,34,1.764,130,6,14,1,6,5,13228.7002,109,67.4594,573
7197,416fc7134cd143e6f5ffd16f973da1691b034a4b,0,0,0,2012-06-01 09:09:53,2814,7302,0.3358,10116,50,2,1,237,102,65057.9616,97,87.4744,279
7217,f920633669da665ed81bf4bdbb1817d6814792dd,0,0,0,2012-06-01 09:33:16,159,77,0.0673,236,1,1,1,1022,2,284.3415,48,66.9827,509
7207,11703ed8c0fdc0f37fc9c8590a0cfdc4ba5a657e,0,0,0,2012-06-01 14:37:04,68,145,4.7077,213,4,2,1,111,100,19446.1962,112,102.8461,3393
7211,e8345eaf4a6f7bfa88dc65fa799271a410dd3d99,0,0,0,2012-06-01 14:39:32,31,70,2.7425,101,10,6,1,1051,122,31941.9008,50,69.4073,494
7192,afd426997a08ce2e038ee5373625b188ace9e003,0,0,0,2012-06-01 14:41:53,51,5083,2.201,5134,4,3,1,36,6,222.8122,16,33.321,533
7194,ec22cf97ce8ce8d4de9aa362b80cb4a62da5b3ec,0,0,0,2012-06-04 14:01:10,1278,901,5.555,2179,4,1,4,45,120,78537.7576,260,67.5,4195
7222,337804ee4aa64767114edce25af9e0d4a42a29e1,0,0,0,2012-06-05 13:33:50,89,55,1.1654,144,5,11,1,73,8,73784.6665,965,67.5,3804
7214,70e9096e3a97baf7519cb04eedb865c0770586bb,0,0,0,2012-06-07 13:13:09,856,2388,3.02,3244,11,9,10,1068,134,56925.0455,74,72.1304,494
7215,197be3724cac942bfbc01f3007ff9b518d531a4c,0,0,0,2012-06-07 16:16:48,35,4441,1.5355,4476,8,5,1,28,3,32174.3626,74,38.1519,376
7232,07eb00f2cbe248ca4e5c7c82d243bea3f792ed73,0,0,0,2012-06-08 14:15:40,39,2003,0.0527,2042,68,34,1,24,5,26004.7971,87,95.7373,369
7218,1b9f6eed48bce677abe87ccd6e6040dd568fbb3c,0,1,0,2012-06-09 13:16:50,0,0,2.3424,0,1,4,2,0,24,83883.2102,862,600.8412,9112
7228,86c4f3ce83808fbb4334f831f065cc7841f2b96c,0,0,0,2012-06-09 15:23:09,25,16,3.7481,41,24,2,3,9,6,7797.216,383,670.2388,10918
7237,41d37497e0d02e6300c8a50a32ddf8a2316ec6e8,0,0,0,2012-06-11 14:35:17,186,1618,1.7094,1804,75,4,2,33,19,55324.3588,956,53.0,3703
7226,e13446ae4d8c34a3eea7d7aaf3c4b3d78b3e584e,0,0,0,2012-06-11 15:34:38,410,386,0.1234,796,1,1,1,27,6,3885.8775,972,53.0,4367
7240,22d8dd5f43a90b9b6db1135567fe1678f57c6a57,0,0,0,2012-06-12 13:57:01,173,1794,0.3966,1967,6,53,16,66,1,69314.7547,425,281.3253,8471
7216,78292c0393a0690564d802557257e1938b81e449,0,0,0,2012-06-12 16:37:53,469,60,2.5,529,6,1,1,87,15,2748.369,1,1.0,147
7224,b5bbbb40f82d837b17864cd0fc4a6d6e5e413af7,0,0,0,2012-06-13 13:01:45,147,268,5.1646,415,7,5,2,176,98,28253.0945,124,43.4894,753
7249,042019d89baac85d4297a444a7966a91e9dd9eaf,0,0,0,2012-06-13 13:24:43,26,19,1.0029,45,2,1,4,50,10,4168.2752,292,213.4871,395
7243,3d75297d07c9ba6ce970018bce1b5674fae570d9,0,0,0,2012-06-13 14:06:52,16,15,2.5,31,6,1,4,35,8,3828.022,101,86.7085,565
7236,94d9d3faf68091bfcabd47b3ce3173abb0d1f115,0,0,0,2012-06-13 16:15:10,31,59,0.8208,90,2,2,5,48,5,9685.2864,68,65.9475,462
7233,ae903768f7b4853524ddbbf93839c1da2897c146,0,0,0,2012-06-13 17:39:17,115,7115,1.8909,7230,8,2,2,68,14,58926.1872,357,223.0947,8771
7190,630edd7dd2c1e2179dbba4b3c9cc8218db865bda,0,0,0,2012-06-13 18:56:17,60,2,0.1062,62,1,3,1,12,3,4220.3344,331,194.8905,8767
7250,bf24a9865d697ed1edeef0c5102aca8aee2d8f1e,0,0,0,2012-06-13 20:47:18,371,8613,2.3045,8984,17,3,26,178,20,28820.4893,290,223.2718,6137
7229,13b545ad9fb2b26808526293783ec84e5e36ccfd,0,0,0,2012-06-14 11:10:37,967,91,2.6604,1058,13,37,9,1128,5,47136.1022,298,175.7119,6814
7241,abf881f5d05edc871a5231be28f42480133b0917,0,0,0,2012-06-14 17:39:04,43,4,1.1028,47,4,3,1,2,5,11403.9856,337,192.3808,3033
7245,41752c8bab23a4c4daf42e085d40d85903e6d09f,0,0,0,2012-06-15 09:03:53,2985,2012,3.4706,4997,11,5,6,986,5,73293.5001,87,69.5177,507
7246,63b525366ee64e91b07465e18414b160b6208fa1,0,0,0,2012-06-15 16:41:51,135,4441,0.5943,4576,4,1,1,19,122,31748.2408,50,47.8284,465
7254,f06a3f5c3ff9983405ef04ce16475f95051f94ca,0,0,0,2012-06-15 17:07:08,149,109,0.5495,258,3,2,6,131,10,14906.9774,968,676.1753,4410
7255,93256b2c77214413f025f55e3ef48cc9be3bd82b,0,0,0,2012-06-15 17:12:53,78,901,0.3289,979,90,11,1,1130,9,76071.7081,957,67.5,4209
7251,52543e64bee3e4d141ae0c2aaf6c404575f90881,0,0,0,2012-06-18 14:25:47,509,262,2.9908,771,19,8,2,1026,7,25406.2649,419,209.1514,11207
7259,cac6e60b18497ee93b7cdc1841fa752c88afa93f,0,0,0,2012-06-18 17:09:45,142,229,5.1282,371,2,1,6,100,9,10782.3972,47,52.0154,69
7262,afca565bf4c566403ff32f7169caa5fec896e6bf,0,0,0,2012-06-18 17:22:34,880,143,1.2797,1023,4,2,1,29,107,1451.5809,34,44.2161,560
7291,05fda3d987796d8b2cb7f194d09ffc03a1d46fcc,0,0,0,2012-06-18 19:49:39,2182,1595,4.2215,3777,38,9,3,309,116,53030.6127,371,236.1036,10251
7263,fd6347d8fa34de17c3476a70bf09b42f59fc86e3,0,0,0,2012-06-19 10:15:15,466,481,1.2608,947,15,59,2,196,37,42757.6402,833,264.8972,9618
7309,6b28d317b2a4c282b570d3222d4220234902215a,0,0,0,2012-06-19 12:21:27,2869,2291,0.2848,5160,6,40,26,83,100,31658.4133,346,278.408,9527
7279,89d6f4abdd2b9f6b8f11a6c9a1d97eacd6144893,0,0,0,2012-06-19 15:31:27,6757,345,2.4609,7102,5,6,3,152,120,47683.2157,948,53.0,4841
7269,4ace7629fa7927cca4f1977e127c5f09ffbe56ed,0,0,0,2012-06-19 16:32:39,135,548,3.1948,683,6,2,26,139,14,29717.9332,260,683.9639,11765
7284,78c392abc7b4687d11a430ed5a9411d4413d5249,0,0,0,2012-06-19 18:50:34,324,11,0.2009,335,12,2,6,78,8,12554.3074,937,654.7534,3592
7272,795111563d9ffc2c0b0087655f4b978c508c151a,0,0,0,2012-06-20 10:30:31,26,477,5.4528,503,84,46,15,89,12,54828.9917,432,262.4847,8559
7238,f9c3125acc22b713f7f108e056eaac65c637a450,0,0,0,2012-06-20 18:36:50,8898,1622,0.5811,10520,6,4,2,305,96,36722.4264,356,95.0135,2282
7283,278efa7dd01f3b2aea42cedd6e9598c8675ec812,0,0,0,2012-06-21 09:36:40,22,2012,5.2754,2034,2,1,6,10,3,73169.8342,109,90.7859,429
7286,915c07a97a0953b9aae92a3209d04d44bbbebcb9,0,0,0,2012-06-21 09:50:28,2282,471,5.807,2753,6,3,2,665,15,61421.691,344,231.1922,9808
7288,f21ebf0c9859291a84f017d449f27a8c99b65414,0,0,0,2012-06-21 09:57:01,34,465,0.1035,499,2,1,1,41,1,77313.2216,357,265.3669,1864
7270,d118ae461086641da6bd0947ddc53eceabdb45dd,0,0,0,2012-06-21 09:58:26,109,49,0.5384,158,56,3,2,87,5,36033.8941,341,291.9881,8902
7271,979a58dfa3cb9bc38023a219ac0b25ab918de1f8,0,0,0,2012-06-21 10:33:43,115,41,0.987,156,2,2,1,49,6,24955.3738,109,92.4556,405
7293,002aa7437e0e45468b93c199022ff8be8684fcb0,0,0,0,2012-06-21 12:22:34,42,465,0.0325,507,2,1,1,23,8,78784.3102,108,92.5464,418
7256,68d49ca5957ee76ddf30e7a48d0514b81c476af0,0,0,0,2012-06-21 12:23:00,869,2926,0.03,3795,1,1,5,60,9,6501.5501,109,77.2311,476
7285,ff4b9e25dd59c1d09d5f6ba41c8a2d7ad3ef6814,0,0,0,2012-06-21 13:41:23,2780,439,0.4376,3219,7,59,2,1048,19,42634.9035,833,270.2458,9569
7290,aeddbd0ee61211ff49dea80e4bca00d90db5ae8b,0,0,0,2012-06-21 14:31:17,134,144,2.3556,278,7,2,5,8,1,7426.8338,69,59.5229,425
7267,be57e7df0c2d8d28fedf40a1fc461a2f86d77fb5,0,0,0,2012-06-21 15:14:56,29,61,0.3978,90,2,15,5,67,7,6611.9462,86,88.7386,409
7264,e1e89653768d4ce07b225a03df45505865c63b73,0,0,0,2012-06-21 15:43:26,410,386,0.182,796,4,3,2,38,9,4072.0171,449,191.7809,8784
7252,7dafea9aaa958caf74e8bedf46911c6b0e636c41,0,0,0,2012-06-21 15:49:03,92,2240,0.1957,2332,51,3,1,45,8,19486.3587,410,288.4268,8881
7300,58c582dbeab18f22c302e1024a225e22176436ba,0,0,0,2012-06-21 16:16:59,150,83,1.225,233,2,3,16,64,12,31971.1069,247,186.7175,521
7303,58a3cdaed1b3709e9630a4effb78b287efe6b84d,0,0,0,2012-06-21 16:18:38,275,6,2.5777,281,11,6,1,104,126,20336.9479,291,258.4933,5660
7282,2f1dcce4ab4822503a848bf832f91f5bdbb9b894,0,0,0,2012-06-21 17:16:01,392,164,1.3213,556,7,37,9,108,18,46157.7219,429,276.4434,8648
7304,45fe071dafede612309ce38ff82fc8e8bd29b82d,0,0,0,2012-06-21 17:21:43,76,2012,0.2093,2088,70,19,6,986,1,75007.9471,355,227.2243,1734
7295,309f8881ce0a35bf1e69098f01b7d73604580964,0,0,0,2012-06-21 18:00:53,2282,7115,1.0048,9397,6,26,9,66,2,63045.1715,424,268.6664,9790
7308,c59a0d5007f0b20063b9fdbc68830a705bb73c9e,0,0,0,2012-06-21 19:18:43,20,1275,3.0268,1295,1,1,2,868,5,83536.3423,344,221.82,1655
7289,887eec75ec25605b5b65f7794268b4670a2f49db,0,0,0,2012-06-21 19:58:29,211,2648,4.808,2859,40,2,5,49,7,14359.1545,446,204.9643,2017
7301,c15b7d4b658f068c628259f5c507e5ab640c83c6,0,0,0,2012-06-22 13:17:43,17,38,3.6595,55,2,18,4,35,11,80027.1151,124,93.4871,363
7315,302f7c05f125d1eca108a670d45ed247bbdbc21b,0,0,0,2012-06-22 14:00:50,188,7115,2.7433,7303,22,6,9,124,150,61005.4918,833,236.8079,7124
7302,0326922ed614804d21326461a160ec7575255d92,0,0,0,2012-06-22 14:21:36,97,2648,4.808,2745,40,1,1,59,4,15064.2238,119,102.1713,534
7314,1dc0beba6586343e6e66018014281097afc87f56,0,0,0,2012-06-22 14:42:37,469,12,0.5064,481,2,2,1,1000,107,3002.1172,42,69.0849,482
7307,a3f9ad09cfc44a0eeb86df0ca115a0363e1ec2bc,0,0,0,2012-06-22 14:43:18,270,40,1.4005,310,2,3,1,1068,2,60154.3886,45,64.6099,410
7310,3abad86f1319c868c21333780b85bc90d16c0d8b,0,0,0,2012-06-22 14:43:56,32,128,0.8364,160,2,1,1,24,107,25.2931,85,37.1327,495
7305,1ca5d6a90ea34c6b476e0a2e196ce64f8eace405,0,0,0,2012-06-22 15:12:53,8,4,3.0268,12,11,5,1,42,5,86228.4677,85,88.9904,488
7298,46a7f55c32434893ea1a9408a0ac856dcb65f1f6,0,0,0,2012-06-22 15:24:48,228,8089,0.9153,8317,99,2,16,1130,1,62713.5735,73,61.9058,477
7313,ca31f52954d0ed327c23118289c6474e871e53ae,0,0,0,2012-06-22 16:19:39,14,51,3.182,65,24,15,5,19,5,7311.4484,272,205.2931,3
7306,5744fc00d525610affab6905a2e9f13c14548811,0,0,0,2012-06-22 16:21:06,1512,39,0.485,1551,1,1,1,61,9,20006.3068,285,182.6649,370
7297,f8ef6f4217533a5355b0751b27b4146475fb18a3,0,0,0,2012-06-22 16:38:45,876,1162,2.3087,2038,17,4,4,72,112,67555.3535,309,162.5437,5883
7330,0970212cf0ee49c6031afedb89dff8d75e68a347,0,0,0,2012-06-22 16:54:00,3017,179,1.7269,3196,75,37,3,280,114,56212.4593,322,254.1728,7015
7296,081b928a1629d25e1f613d473f0ff36787cfa20a,0,0,0,2012-06-22 17:26:16,317,4441,1.5508,4758,7,3,16,19,2,30097.5985,46,47.1852,406
7319,f4bcc18da990002e675b6cc8520ba7e397fbf52e,0,0,0,2012-06-22 17:43:23,27,130,0.4118,157,2,2,1,21,107,1083.9021,74,68.4068,385
7322,6e165ada1a15cf950469cbe363111a9a74f48e2d,0,0,0,2012-06-23 14:30:52,684,18,3.0268,702,11,1,1,45,6,81919.8927,76,93.3055,500
7292,2353a3706747055e76f30b5b560d6ad2694f4024,0,0,0,2012-06-23 15:27:54,31,2926,3.182,2957,24,1,5,989,7,7743.6872,76,75.0998,515
7320,c491d8304f7ddfe44ff8e0b6f7a8bced48e40ea9,0,0,0,2012-06-24 16:02:32,122,159,2.1391,281,5,3,2,73,9,49556.6507,235,180.6408,561
7287,d30a13b7f8352a1c47f20a65d862c4a1bf9fd81d,0,0,0,2012-06-25 05:45:18,6757,110,5.8031,6867,84,4,1,1128,16,49466.973,1000,173.0521,7357
7329,c9110b7549c86dcedc8dcaa102c1b3d5bd3a11af,0,0,0,2012-06-25 16:26:40,410,27,1.9994,437,1,3,2,7,3,2540.1952,422,294.7817,3033
7332,dcb44f017173d6225f4e12ac3a827da76b9ce596,0,0,0,2012-06-25 18:05:07,1361,2240,5.0588,3601,4,24,1,62,126,17571.0515,346,221.0051,9615
7338,415e2017fb6b0d999d2a7c94fa0b52c223e38705,0,0,0,2012-06-26 09:22:05,355,1529,2.2713,1884,10,4,9,27,6,49615.7426,406,218.046,8515
7325,9d929d2d28faa064e21f1b2951de66fa2f334029,0,0,0,2012-06-26 12:51:57,2780,5931,1.5868,8711,82,10,2,30,27,39191.9486,833,264.7661,9435
7317,a44cc54d9c9422dd1846fb4bd6d746965427e03d,0,0,0,2012-06-26 13:42:13,79,3,0.1538,82,1,1,1,15,4,276.185,260,53.0,3763
7321,e1ae38f9f6a064dc29a35d6ce0df644c8a15d945,0,0,0,2012-06-26 16:45:51,5,193,0.2067,198,12,2,1,40,3,12223.2644,260,67.5,4263
7337,fd95d9743b929d246f61e9bd7aa769dd9469ed00,0,0,0,2012-06-27 08:53:46,136,106,0.9263,242,4,3,16,1051,1,31621.5476,278,217.7603,529
7333,acca0ef8e4feedd150c67c9f7b45d24ec318ea74,0,0,0,2012-06-27 09:01:53,284,193,4.5011,477,75,4,1,137,17,58292.2087,260,647.0395,4457
7334,c2cc8e1ba84365ed9eb6d4aa04fe2ec8ab0e58a8,0,0,0,2012-06-27 09:56:25,4511,187,4.4771,4698,29,10,15,189,11,53723.6275,364,230.7105,9501
7331,77e78a97d8ca2f011ded10d4567a59905fdcede0,0,0,0,2012-06-27 11:00:24,880,5083,0.088,5963,2,1,1,66,5,553.1228,347,277.6078,1891
7340,78dc3b332ab145c4035af52710e1c1bbfc487927,0,0,0,2012-06-27 12:28:08,126,1794,1.1683,1920,7,53,2,820,128,69906.1289,348,277.3298,8794
7336,80d6c586c495f742da6e06874e1f3b2f678d7231,0,0,0,2012-06-27 13:32:11,305,63,3.0904,368,14,8,11,99,11,43543.3571,260,53.0,4200
7327,fcfa8958ec77fb2ed36bc3cbb01265a50aacf1ed,0,0,0,2012-06-27 13:49:49,3581,694,0.1879,4275,38,14,1,1002,6,13882.1276,278,221.6105,392
7328,1e5b1c7d09bfcd3b57e09d13fe2858048e7c7578,0,0,0,2012-06-27 14:19:13,96,1794,5.5611,1890,4,3,2,1,20,70440.6595,331,218.5087,8780
7335,4d81c3aaecee62d97e6cdea9b267d7b9f49c6ffc,0,0,0,2012-06-28 11:26:05,52,67,1.3431,119,1,3,4,1000,107,5703.6772,8,94.7983,512
7348,4a4a2288370e9dc0a4a7dd0d6a478e3049a53a0d,0,0,0,2012-06-28 11:48:42,5298,2952,0.5525,8250,5,53,16,1049,5,49429.3054,1000,249.8278,6567
7351,7e7b1d601bd2e7f5c020c2d58c8f21c48dacd7f7,0,0,0,2012-06-28 12:14:14,243,8613,2.8227,8856,18,7,26,42,14,33133.4686,287,248.6131,5710
7350,48aec24c0be02f7b986239109cdfbc277ed11da9,0,0,0,2012-06-28 13:48:42,8898,79,2.8218,8977,8,3,1,1041,1,33591.9612,108,57.0848,609
7349,c6b56e18f3a323fba56cd8ee10846290780612ab,0,0,0,2012-06-29 12:17:50,59,96,2.7748,155,13,7,1,93,8,34090.5576,420,40.7514,898
7344,b06d663bac6c37b33d0834de9fbd6732f6043fc2,0,0,0,2012-06-29 12:22:08,301,8089,0.702,8390,99,1,16,1130,5,62058.2809,371,34.0244,702
7357,ad57c21ab76a8898f16b09391d157668d9454a64,0,0,0,2012-07-01 13:32:24,410,33,0.1477,443,4,3,1,14,4,417.4968,958,662.4715,3553
7352,673a2b023af981278c4ad38d4e0660e7b86f9176,0,0,0,2012-07-01 13:46:50,3017,1618,1.7839,4635,10,37,8,257,22,58286.8277,943,680.4247,3804
7343,b5c3ec1ec23b4b479b22dca1b4a33474b7bdd0fc,0,0,0,2012-07-02 11:58:21,452,110,2.7038,562,10,6,16,1051,6,30569.3437,50,80.1749,626
7361,8f14b185a6592e8b661bccfa30accca76b653ae8,0,0,0,2012-07-02 12:23:51,112,87,5.5611,199,6,53,16,59,11,67877.417,334,218.8454,9704
7339,c80ecc0c46baa44b3f102722abdf1f894f188ccd,0,0,0,2012-07-02 12:29:04,40,1275,0.0741,1315,11,5,2,54,7,82773.9943,331,231.4019,1892
7360,f6d147d91252cc175737dd52feb168204f84fc1e,0,0,0,2012-07-03 09:51:54,219,98,0.3187,317,4,4,8,937,134,57113.424,1000,173.8164,6006
7366,95fd235aa566fb4f005da764461b3b8c1f34acec,0,0,0,2012-07-03 14:17:37,2282,438,2.419,2720,2,6,1,125,150,67465.7595,423,224.4645,9850
7354,df467c50bf01b1a4243e09fbca92e61c7af26f7d,0,0,0,2012-07-03 18:18:43,141,155,0.3467,296,7,5,11,1106,17,26010.7245,1,1.0,4295
7364,80f0329fa1e5eb4c57544214079862cb101f59d0,0,0,0,2012-07-04 11:52:35,400,8778,1.1104,9178,3,2,13,21,0,52634.2551,109,74.2913,420
7346,6c82a7e5db3e6b4e77c57dc7ed21cd56488649a7,0,0,0,2012-07-04 12:51:13,228,71,1.5801,299,7,2,1,81,10,28270.3192,85,90.9183,517
7365,9e82d88d28db746cac8769d976a2250bf199de78,0,0,0,2012-07-04 14:51:56,598,1815,2.5393,2413,9,1,1,827,4,23769.259,367,710.5,655
7355,0abfce758e95e34e0b291c0dfc096b0fe154c02f,0,0,0,2012-07-04 19:01:36,72,69,1.1636,141,6,3,1,120,11,25408.9776,86,90.248,418
7359,8d4c01a0108d62e8aecce324d5e72a764d29e09e,0,0,0,2012-07-05 12:42:42,87,207,0.0897,294,2,38,1,24,12,63569.3267,124,72.3922,349
7376,5db54d487b25f3e88d3f1276097353fb64db3d83,0,0,0,2012-07-05 12:45:36,25,8089,0.1528,8114,99,38,16,21,4,63747.9855,75,71.2004,379
7353,517270fa46c685fb2c82c907f0460bf0438ea409,0,0,0,2012-07-05 12:48:08,12,5083,0.0713,5095,2,2,1,41,11,280.7443,116,99.1342,493
7370,d5a00eba48def39460a5da78f3c1044e125d18d7,0,0,0,2012-07-05 13:21:08,410,29,1.9994,439,4,1,1,37,13,1495.4518,348,197.9988,3033
7374,227e5f4a21cf719226a56d3e4f09b70aee73d30f,0,0,0,2012-07-07 11:14:44,38,7302,0.1138,7340,6,31,6,102,8,65126.6065,76,69.0556,489
7362,4fac2fa5613eab52effa3610de6b7aeaf4960ad7,0,0,0,2012-07-07 13:08:23,117,2926,0.0393,3043,2,15,5,69,10,6855.1902,106,76.1815,476
7375,1693319c11077da7025b04b233f85d1ab4e12725,0,0,0,2012-07-07 13:26:01,2182,2003,0.3999,4185,68,34,11,45,9,27094.1714,72,102.8524,308
7382,d2556ddc2c00649163ea0b760a0a9797b84e8d71,0,0,0,2012-07-07 14:49:37,34,13,0.031,47,6,6,4,19,1,5049.3384,84,91.8631,420
7384,0c051616a15722cda4b811bf249eb99446b1e8cb,0,0,0,2012-07-07 15:04:49,2182,2003,0.706,4185,68,34,11,1106,8,28831.4083,74,100.8681,524
7373,84da181d291bf7362ef601b2b585a4aa608a2189,0,0,0,2012-07-07 18:02:52,27,38,5.1282,65,1,14,6,18,3,11636.1132,82,90.0234,487
7363,181ebbb0982b29bfd931383a474eea9dbf5a2026,0,0,0,2012-07-07 18:15:39,880,5083,3.9069,5963,1,1,1,1022,0,744.5591,74,67.7081,403
7276,d8b6a4bfa6266fb2f67ed67da08f46ea69303892,0,0,0,2012-07-09 09:55:38,3017,1618,0.3528,4635,8,3,2,937,11,57488.3559,297,159.2717,6553
7358,8d795e79ef1e7b0717874e56845ea3ecb6dc8793,0,0,0,2012-07-09 11:26:05,828,1006,0.5526,1834,11,37,3,112,13,59938.2991,303,148.629,6765
7367,42c99fd645e64e0408bcdabe6ddab4a573b24dd9,0,0,0,2012-07-09 12:27:46,1759,1815,1.8175,3574,5,32,7,86,12,24213.3004,75,70.5132,364
7277,976a2fb2747197fee27c6dde407f4d85916dafe0,0,0,0,2012-07-09 12:41:32,684,1275,3.0268,1959,11,5,1,41,8,86096.1981,83,77.3626,498
7387,4c8f7e4b8812011179a31be26cfbdffd5761dc88,0,0,0,2012-07-09 14:31:59,264,19,0.8248,283,5,2,8,966,11,54154.5739,380,6.0521,862
7274,d8a8bd0d17fe127b24d8ec0d525d5a5b5f0e8b1c,0,0,0,2012-07-09 14:33:09,40,2012,0.0557,2052,2,19,1,23,3,72993.8674,86,89.8526,487
7275,7972cb1ed49488b4bc076c0b7f27b0d4a61adb0f,0,0,0,2012-07-09 14:34:54,17,16,2.5,33,6,6,1,1000,7,3688.8835,79,70.0929,395
7388,6d367f4654fa54158dd8acd38ffaf62bf5dee576,0,0,0,2012-07-09 14:44:21,756,59,0.9113,815,3,3,16,1051,6,32255.6628,114,71.3304,520
7391,b349f9968c4c6166619cf3269494e2f1b00d9ad4,0,0,0,2012-07-09 15:47:34,87,9,2.5,96,6,6,1,1000,4,4523.7389,114,92.5295,394
7397,3a38cecfe82c2e7d2c45d7d6189ce95416560041,0,0,0,2012-07-09 17:30:47,279,135,1.4426,414,59,2,7,58,8,24032.3443,1,1.0,4154
7392,a2868dd6d07ffcd2cdafb2b99821d0951d471ccc,0,1,0,2012-07-09 19:44:01,0,1077,4.5712,1077,49,12,1,219,27,65738.9534,364,228.265,8789
7396,8909a0b97723d0b36a99869a15dbde59475f59e9,0,0,0,2012-07-10 09:07:02,5298,237,0.1602,5535,7,53,16,1049,144,50548.9875,260,53.0,4429
7385,6a6f5af4253d7df75fc958eedd711eec4ad19427,0,0,0,2012-07-10 10:01:01,4511,3962,0.3334,8473,84,46,2,1020,152,51769.4116,336,212.4018,8711
7383,8137fbc40aa9f8d8c913a473b2acbe9cc9e21ef2,0,0,0,2012-07-10 10:01:18,2573,1794,0.3699,4367,74,3,16,52,128,70272.4456,345,272.277,9621
7403,1c53791b5deb73bbc228b0295513a4786eef4e41,0,0,0,2012-07-10 10:21:54,3248,381,1.0669,3629,4,35,12,1026,2,26546.0931,424,211.3932,9538
7278,0c5620d81f9d0b8afdaee6128039cd498a847be8,0,0,0,2012-07-10 10:40:28,13,15,3.7481,28,24,2,1,47,108,5242.8111,978,67.5,4407
7390,a5270b45f920a11ce7f093c6e1486c21070e0062,0,0,0,2012-07-10 12:29:47,45,15,2.647,60,2,2,2,37,3,82011.288,309,233.6028,6513
7378,c5dd1f11f71471ba42e3a075651649e2ca258551,0,0,0,2012-07-11 14:14:44,9,618,2.5,627,6,1,1,1000,3,4932.7069,89,74.9292,482
7395,806ba020a4f4ba89399f5de47ebdf4c6e2520bbf,0,0,0,2012-07-11 14:41:27,126,18,0.1854,144,2,26,6,1021,114,18177.3678,114,58.0286,513
7381,02a17261a156a224c246508c8027ed741734eea9,0,0,0,2012-07-11 18:33:43,483,41,1.2503,524,7,2,1,73,8,73786.5322,940,663.8286,4287
7368,bc43f27de5e6fc07c0b4227d888bb9e92f1d1e45,0,0,0,2012-07-12 09:24:01,75,2465,0.0955,2540,76,36,1,1177,2,41099.558,12,13.3346,3064
7406,640f8aba33cc357bc6a10551e614965d4b14d41c,0,0,0,2012-07-12 09:54:53,2282,7115,5.807,9397,8,3,9,43,150,62900.8318,409,267.4675,8455
7377,297079253ce3fa0a40836ab6d48972a824081837,0,0,0,2012-07-12 10:02:49,163,3382,0.2171,3545,3,2,6,17,2,71088.6986,71,68.6685,498
7369,7380a044b890d1d864ea79e08f6522a5d4f48521,0,0,0,2012-07-13 09:15:24,41,7302,4.9874,7343,2,31,6,6,1,66882.001,115,76.472,486
7389,ae2c74debd7f52b229d3ed1f97315d9e94c21212,0,0,0,2012-07-13 10:55:34,84,8089,1.6809,8173,8,2,1,79,8,62930.0374,84,70.8591,509
7411,daa08cf05a45327a380023a351d5d9176ca74cdf,0,0,0,2012-07-13 11:27:15,23,5,0.0274,28,1,6,1,1000,2,5113.4012,105,76.1083,409
7416,e98069864da4266db1ee01724580baa191e17c77,0,0,0,2012-07-13 16:20:45,63,128,0.1459,191,24,2,3,106,5,6820.7978,1000,299.7594,8575
7407,d1ee396bd74842dd912a579d2a9191d3451f7399,0,0,0,2012-07-13 16:46:49,1512,1526,1.2445,3038,5,3,6,57,9,21172.6755,1,1.0,560
7408,5f149f7d71fb928461ea265873d4090bcc74b02a,0,0,0,2012-07-13 16:57:00,209,2648,1.5256,2857,6,3,1,111,7,17794.4574,77,67.0812,513
7273,9431f829ae1658670f7b6f2b7dbcf0eb877dc819,0,0,0,2012-07-13 17:11:06,111,694,5.1282,805,2,14,1,16,2,13154.4477,105,89.3436,425
7412,26768ad2c0ac4796eed47d45732ab6fe12691152,0,0,0,2012-07-13 17:53:38,199,115,3.2304,314,14,5,1,1022,9,41556.351,944,53.0,3753
7394,651768dc9d309c6e1f33a0e35232d40981c42c80,0,0,0,2012-07-14 18:31:40,14,154,1.441,168,9,7,2,85,12,71583.8663,955,53.0,13522
7415,6c8bdc025c5f79abd709f96b7bb7a006a4404912,0,0,0,2012-07-15 23:31:20,4307,2648,1.6765,6955,6,5,5,58,12,14661.4286,105,57.3029,621
7423,a93789525aba71e079820ab785ce8402da569a4a,0,0,0,2012-07-16 12:56:59,38,3382,0.1317,3420,62,1,1,916,5,67948.6667,112,90.5088,409
7428,ea36291e4b5990138f05d6410e40d94943ae8041,0,0,0,2012-07-16 13:16:26,2784,1162,4.8422,3946,6,2,1,53,112,66631.635,260,669.3679,4220
7414,074b354cbbe563b493a24fd3f7f82bcb151a8ba1,0,0,0,2012-07-16 14:25:39,128,238,1.3153,366,4,1,2,89,4,6857.0202,1000,207.0326,3676
7429,b6df6dfc33988c17c33d6910ed3101d2d972b88f,0,0,0,2012-07-16 16:17:10,2573,1794,0.2814,4367,5,53,2,35,128,72852.9181,962,660.9236,13522
7413,552aae5954a59ec265a966144355c7e6ed06de85,0,0,0,2012-07-16 16:30:11,297,8778,2.1164,9075,8,2,13,1377,3,50753.3067,86,66.322,682
7426,51157116981fc3ab0a0cc27c76c99a0d52199d94,0,0,0,2012-07-16 16:45:37,32,33,0.1729,65,4,1,2,68,4,1966.6245,260,53.0,3473
7438,144794ec6cbefe37f4e10a94691885643d86a2aa,0,0,0,2012-07-16 16:52:10,23,37,1.9994,60,1,1,2,70,5,829.1327,260,660.2903,3630
7434,025fb99224beb68153dbafbc3b0325998e607cc8,0,0,0,2012-07-17 12:26:42,96,2465,1.1749,2561,4,36,1,1177,5,42202.3087,74,83.1394,573
7440,753d19916666fb49d773e265660668037c074214,0,0,0,2012-07-17 13:50:02,385,2003,0.895,2388,3,2,1,1106,2,28961.4005,72,100.8809,559
7417,c6cdfcb8426cc56aca79094f063996e21f794376,0,0,0,2012-07-17 14:14:17,217,17,0.0571,234,6,1,4,1000,2,2412.5344,114,61.2261,536
7433,ea9dd3b4de43437f1fde6e4fbed6e69079288289,0,0,0,2012-07-17 15:06:43,324,193,0.1491,517,2,2,1,121,18,13022.0179,260,671.3549,4441
7419,e152e68ca00b9867b0b6b403bc11d298a7e0f905,0,0,0,2012-07-17 15:37:15,110,465,1.0571,575,2,3,1,42,4,77322.9645,121,54.5687,441
7435,17ff56c24b8aa06130729ce142f253a386b6dbd2,0,0,0,2012-07-17 15:44:00,410,386,1.9994,796,4,1,1,15,19,2430.2957,961,677.961,3754
7439,254d7900f071b321cf9815317d2140e994d05d7d,0,0,0,2012-07-17 16:24:18,1361,2240,2.0872,3601,3,7,1,204,24,18780.5992,260,691.1231,10918
7437,f441803ea6e2b495bfc1cd8b1a3b02d13cbcbde0,0,0,0,2012-07-18 10:29:44,684,27,0.0425,711,11,1,2,30,1,82630.8409,94,86.9229,452
7421,95bb200988aa9d108e50f32de7b86dd5412fb4ce,0,0,0,2012-07-18 10:37:26,141,18,0.0913,159,1,1,1,1022,5,436.5882,106,90.1305,461
7431,836cfa80aeb50b953ca7c41b1cb02354a2e9aad7,0,0,0,2012-07-18 11:49:07,191,8089,2.7057,8280,10,6,2,28,5,60554.3896,88,59.511,662
7424,70102431c553fcf7cad5863d847cb6401ce46beb,0,0,0,2012-07-18 11:58:30,2467,3382,1.0672,5849,3,19,6,13,0,71802.7767,51,32.8274,101
7444,f0cff6f1605877827a18d57a12c32e24aa0d6f1b,0,0,0,2012-07-18 12:10:40,43,31,0.0162,74,1,1,1,14,4,64915.9825,35,24.6236,130
7405,bdcbb5e5a8db3615cad224e19f783615313fb140,0,0,0,2012-07-18 12:32:27,73,8089,0.2487,8162,99,3,16,23,3,63431.8472,354,236.7831,1700
7427,7e10e2b7ba967332740e1058efa7310fe2834123,0,0,0,2012-07-18 12:33:34,6757,1529,0.9601,8286,4,3,1,75,155,45919.4822,419,287.44,8696
7441,122bdd6dcc1d10592b1cd99f0c0cf21031399057,0,0,0,2012-07-18 12:38:23,63,94,0.0479,157,1,1,1,32,3,1677.8961,54,36.283,192
7443,833ead4223a27b7c7526198865650fdacf37e792,0,0,0,2012-07-18 14:30:02,173,42,1.9518,215,6,1,6,54,6,34168.1177,101,82.5095,477
7436,feb669dbd884ce800d6d1561cdcd843895f0e499,0,0,0,2012-07-18 15:00:56,4307,113,2.0732,4420,5,5,1,15,13,16993.6008,59,87.4563,799
7448,385905f65c159cd920b673bd8a3b5e2f3ee459a5,0,0,0,2012-07-18 15:04:22,142,60,1.1193,202,3,2,1,34,10,7812.4771,56,66.836,575
7447,e267c8f1aa4ece4c70c5eedcc9da0a32bf8deee8,0,0,0,2012-07-18 15:51:54,324,12,3.0646,336,1,1,1,45,2,11526.348,260,676.1653,4413
7449,34b74936291c345c0b7262cf7e38552565ff9267,0,0,0,2012-07-18 17:11:02,185,2240,0.4827,2425,51,2,1,75,126,18949.0139,260,668.5305,4281
7420,2a452d3f51730dcf24c03a88c0b63c4adfe6fa8b,0,0,0,2012-07-18 17:45:43,2573,1794,0.1972,4367,74,4,16,54,4,71376.0694,956,53.0,13522
7442,3f79a885d097f1165801108e606f4a1752d64d80,0,0,0,2012-07-19 05:32:30,20,107,2.3781,127,8,7,13,50,9,51011.4667,59,81.9045,746
7452,bfd753fa0030bd9c59ad5185aa9cd8d57d2035b2,0,0,0,2012-07-19 16:11:42,833,7115,2.748,7948,18,26,2,37,14,61735.3204,833,158.6569,14714
7450,0caf470678fc26d5213a143dade1abe8558881c3,0,0,0,2012-07-19 16:22:33,1361,224,4.1553,1585,36,5,8,127,16,20662.1757,298,149.4592,6591
7484,063ad52d0b24c720a56f13b47e598e12205180e5,0,0,0,2012-07-19 16:24:08,880,4530,0.49,5410,20,0,1,300,0,1900.7761,330,300.1847,152
7404,3d52529ba82c65d17ad1ac10b3b9a497df337ad6,0,0,0,2012-07-19 16:45:10,5298,2952,1.9738,8250,87,5,16,1049,20,53966.4493,260,53.0,4483
7456,bee443ee4dd734d0475f9f1c9bfb2ef85dcb1e5a,0,0,0,2012-07-19 17:27:12,1759,208,1.9068,1967,2,2,1,83,8,22149.0,949,1.0,3801
7459,61ef8f8eeac27d17c7b15493f0e5bbf551cb43be,0,0,0,2012-07-19 17:40:30,410,386,1.9994,796,1,1,2,120,19,1632.3508,952,53.0,3647
7401,8f8644f3fa532e4767726d51531da20ae4f2bc6d,0,0,0,2012-07-23 09:45:56,2467,69,0.1086,2536,62,1,6,916,4,68697.3997,412,1.4409,926
7461,f155fcefe88612e71ea5af666c672be22e7f1151,0,0,0,2012-07-23 10:33:50,5613,100,1.3661,5713,7,2,1,1033,3,48635.4217,427,38.3971,692
7466,954a184e66f37927c51f0e554701595d59bb58ef,0,0,0,2012-07-23 14:11:35,34,22,1.1189,56,1,3,1,871,108,6818.071,434,287.8342,9616
7453,9bee983aa97bddf7d41f64ab03404443b55511cf,0,0,0,2012-07-23 14:24:10,277,5931,1.3218,6208,82,7,4,1048,23,34718.3477,406,279.3586,10569
7399,9b697632b26c95d54a4393d62ae25e906cf6cad7,0,0,0,2012-07-23 14:37:02,64,2388,0.0715,2452,2,1,1,1068,2,59741.3462,46,82.2494,661
7462,80a145f7cfb5b9e4e4143108a98fc6dc404c6ab6,0,0,0,2012-07-23 15:47:38,411,12,2.647,423,2,5,1,61,13,84070.854,429,192.367,8713
7451,3e8a9225cf7a78ae27e6f5b461784b70c2a423a7,0,0,0,2012-07-23 16:01:42,2573,85,0.3831,2658,74,53,16,5,18,66983.0,332,225.0596,9647
7398,fdcfa74444c4f2c5196e4342a6edf524e57dc902,0,0,0,2012-07-23 16:57:37,18,193,0.1227,211,2,8,1,211,53,11296.9711,425,291.5762,8843
7485,c06897bcbb19f7b8fa13248a4af38ae6c7c07d32,0,0,0,2012-07-23 20:59:43,659,3458,0.3329,4117,8,38,1,148,116,48295.8475,485,72.8675,1674
7472,5eb48c3d8f8eb08d9121617a41698582d86be9ae,0,0,0,2012-07-23 21:01:53,224,138,0.5706,362,83,32,8,46,4,37618.6801,425,173.0532,1906
7474,5e53a8b4c3a5817375469536c6f4aa60dbbdd8ce,0,0,0,2012-07-24 07:28:11,49,2388,2.6717,2437,8,4,1,46,6,58387.9225,45,61.2522,641
7473,9834088b7ac9639253d2285616ae906f1a89a8c7,0,0,0,2012-07-24 07:51:15,4779,2465,2.5054,7244,7,4,1,1177,6,43301.7965,396,143.1086,1891
7475,af8d81b0f4fae63e46021524344fbc2bfb3f9699,0,0,0,2012-07-24 10:15:21,2985,86,1.2469,3071,2,1,6,110,12,73281.5347,447,181.8414,1753
7400,2d0fd67f0ca2ddbd497288c387d21f581b4ed028,0,0,0,2012-07-24 10:20:35,2814,152,2.4298,2966,6,2,6,44,5,66321.0337,360,32.7413,709
7445,0e7b6dfb6e8df9258ca40a9580fa1a999859e22b,0,0,0,2012-07-24 14:40:31,165,3829,0.5194,3994,8,5,12,50,6,48505.4598,99,82.0438,470
7471,d32a7a079c9487a75892e105f6b74e7f723b7108,0,0,0,2012-07-24 15:40:08,3581,9,1.3718,3590,4,1,1,50,2,12284.9403,61,82.7685,554
7479,6f689def047fec84bd7cac281c2b39aab7ece6a9,0,0,0,2012-07-24 15:41:23,1512,1526,0.9444,3038,3,1,1,31,9,18298.0425,402,167.3178,1795
7446,78643cde61531a6f4731ebb7238146bc41e289bf,0,0,0,2012-07-24 15:42:21,22,120,3.182,142,2,15,5,42,110,10017.0784,432,181.3429,1763
7480,abedf187244c4f12cd9876101665b98317f62134,0,0,0,2012-07-24 21:32:28,8898,2113,2.0026,11011,5,18,1,86,11,33933.7122,389,184.5212,1739
7478,bcb3e3b7e0846121c56726e6789f2640099f14ba,0,0,0,2012-07-24 21:32:56,157,2,0.5422,159,4,2,1,1002,2,11135.6067,389,183.0406,1989
7476,f814a5f9ac39c4bc20823a2e6d4929ea1970b3e3,0,0,0,2012-07-25 10:24:43,5613,155,0.2738,5768,4,38,2,42,3,46104.7831,448,142.013,1999
7482,e1bf6f6ff4869bf432830365e8c4208efe86db94,0,0,0,2012-07-25 19:21:11,55,58,0.0529,113,40,18,1,1,2,15972.5481,105,61.0368,553
7483,9c7c4684217761ba90639a3236af456d263e3013,0,0,0,2012-07-25 22:49:25,260,233,4.6287,493,2,2,7,30,5,24503.1597,427,181.8362,1775
7488,0c9993e252da1fcd9810d2051d9660dd6473b68e,0,0,0,2012-07-26 14:23:30,1031,559,1.8839,1590,21,5,3,1082,141,35527.7843,1000,149.5309,6725
7486,e5407f1e16be6a17336445688ebdd9bccd2229f1,0,1,0,2012-07-26 19:01:39,446,115,3.4882,561,19,8,1,34,2,45746.6875,57,85.5569,738
7495,71a8a76c7d819ab1aafb76c986625c45f5ffe3a5,0,0,0,2012-07-27 07:18:08,127,1794,1.1384,1921,74,4,16,820,11,68917.9584,1000,248.7474,5877
7497,ff4638277a5fd267939ec5e30a875310290cd11a,0,0,0,2012-07-27 15:27:43,57,694,0.086,751,2,1,1,55,8,10293.9082,41,47.1309,374
7496,25f3474f793fe71af9488624c67b23fddcfd00b3,0,0,0,2012-07-31 10:41:35,1961,465,0.0494,2426,2,18,4,20,4,79553.9469,36,42.4546,370
7487,e6d7fd627f94d5fc1ba70189bd3ab4b86bf0a6ea,0,0,0,2012-08-01 14:25:15,227,268,1.2988,495,7,40,2,1183,138,30643.5695,950,53.0,11765
7490,f852b667633fa18b61b02bb4a6b62a4ac137551b,0,0,0,2012-08-02 06:35:37,255,209,3.335,464,12,10,2,13,7,51128.1511,87,59.5547,780
7500,3b2a56a1772c8e2a6b7f306ef515a9cf6753b198,0,0,0,2012-08-02 08:44:03,6970,8778,5.8891,15748,80,2,13,1377,2,49263.849,96,82.1731,764
7508,c4660f94cfdd105f541a3d5cc1289ca6ec321a76,0,0,0,2012-08-03 07:16:11,2182,2003,1.1823,4185,4,2,11,37,1,28596.6515,50,56.6729,646
7509,727253190e5b2124a603e583b43de4a8360610e8,0,0,0,2012-08-03 07:39:25,129,63,1.606,192,5,2,1,33,6,36030.4686,85,84.4444,771
7504,4c96c8c66903682db1f5cc995d280090b95ca71f,0,0,0,2012-08-03 12:06:56,318,1162,1.946,1480,76,3,1,63,112,63372.0702,1000,227.6764,5992
7507,8c3a05d35d1db1b4158fd87eb1da61e32e255022,0,0,0,2012-08-04 20:11:27,18,81,0.0758,99,1,1,1,1022,107,117.7403,45,63.6977,401
7494,33e57b6dfc219f0744338333a1ea8e791aa09636,0,0,0,2012-08-05 15:40:43,36,2012,5.2754,2048,2,19,6,20,7,72100.0,51,47.8142,402
7510,0d3ff6467257fb8a45b7cec9dc091598285cf89b,0,0,0,2012-08-05 18:50:27,20,1275,3.0268,1295,11,5,1,868,5,81431.465,31,43.5105,386
7514,1aef68ebc52eedb94fe189d95002d3021791c27e,0,0,0,2012-08-06 08:54:02,2784,1162,1.2162,3946,76,2,2,818,14,66286.7015,1000,142.8903,5891
7512,4189b702c958c63d8e0525c87fd1c8cd2385c193,0,0,0,2012-08-07 07:09:52,648,191,2.9058,839,14,4,13,24,13,50149.1239,95,83.36,636
7469,1fa6eae57b8029deb3e0690982aa07a0b258089c,0,0,0,2012-08-07 12:43:23,114,81,0.4364,195,90,11,1,199,7,73222.2567,260,67.5,3685
7524,807fbc1f364321fba33673aa0d06af40301cd994,0,0,0,2012-08-07 13:17:23,258,101,1.3542,359,6,58,11,244,8,38967.651,260,53.0,4285
7526,cada27ecff3139fa734b4408f86dbaee29cce736,0,0,0,2012-08-07 13:38:18,18,131,1.431,149,51,24,8,41,11,20554.3657,344,293.3647,8853
7468,5bb24b8cff9accce417f282f1c359b86190ad53a,0,0,0,2012-08-07 14:49:11,4511,3962,5.4528,8473,84,46,15,72,14,57267.5916,410,264.2452,8644
7551,346a0fd34a03da27a1d6836ad5e31dad10eb9c87,0,0,0,2012-08-07 17:59:15,4307,337,4.808,4644,4,3,5,363,92,16434.408,884,627.7837,582
7498,ff13bd6cda7a79994b00a5826d75f111381e4baf,0,0,0,2012-08-08 13:16:36,2573,88,5.5611,2661,6,53,2,56,0,71644.1368,435,292.8245,9630
7527,25165978fb64a95e2a3bbbfa0acabd5c25861c17,0,0,0,2012-08-08 13:50:43,2780,5931,1.3283,8711,82,59,16,141,2,41235.3432,435,268.6019,9724
7538,2c2d96acc43d4c5731791c13f9860f690fcebccd,0,0,0,2012-08-08 14:43:48,2985,257,5.2754,3242,70,2,6,158,112,74451.162,91,78.4039,201
7516,7d66099e1e704b2d7052e3f3187bfb9bf14ac285,0,0,0,2012-08-09 12:30:22,341,403,1.6388,744,84,4,2,78,18,59732.9059,337,268.0688,11594
7515,f190992324ada5327d5d51a2341ebd4b9dd3e63f,0,0,0,2012-08-09 16:00:55,22,20,0.1592,42,4,1,1,14,3,1570.1348,439,279.7817,8789
7539,f0117f7d0c062116d59a406a6f304e03703e62d7,0,0,0,2012-08-10 10:08:05,85,600,3.552,685,33,18,2,191,29,65207.0978,360,225.1665,9492
6807,20fcb493eb6dc2c0f6a3e170be07d50136bc5f59,0,0,0,2012-08-10 10:18:08,2985,2012,5.2754,4997,70,2,6,986,8,74512.7582,344,206.1768,1901
7470,2aa485c1dd7b0ae91effc7d3cec9b79a75f0b49e,0,0,0,2012-08-10 10:39:35,221,790,0.2851,1011,7,4,3,66,7,31399.6876,970,53.0,11765
7503,da3ab6eb094919ada3689a16e14a0f57054e999b,0,0,0,2012-08-10 13:33:18,411,245,0.251,656,2,5,2,251,2,86267.0,331,286.649,4000
7511,644437a534914f97c2ec498690efdbd83c73001b,0,0,0,2012-08-10 13:33:50,70,44,1.2311,114,7,1,1,1130,120,77955.4887,419,285.9012,8856
7537,15d4cdcaf4959f70d41560b0807794f6f8cb3672,0,0,0,2012-08-10 13:34:10,139,506,1.0618,645,10,3,2,53,18,63678.8711,416,213.4081,8697
7460,adf0aa03123276d282702c83155f25825f1474a0,0,0,0,2012-08-10 15:47:33,4,489,1.8104,493,5,2,1,138,21,28526.3677,332,225.4596,8786
7523,4e34954c946316f8e855215b4b1c4c933ac01c90,0,0,0,2012-08-10 15:47:33,67,6953,2.3899,7020,11,2,2,41,7,29455.0704,358,271.3152,9676
7542,7467afe81a5c1b180c898583404123661b901702,0,0,0,2012-08-10 16:03:15,42,386,0.3886,428,2,1,2,24,2,502.5592,422,272.8621,8547
7535,81e622e61c5c9d8b794f05d637547a4dd2a105ef,0,0,0,2012-08-10 16:03:15,410,386,0.3576,796,2,1,1,23,6,1166.6261,314,306.0476,8814
6806,122bf3cfe650f5b2ed46254cba39225b9a6aaf63,0,0,0,2012-08-10 16:05:06,135,4441,1.5312,4576,5,3,1,87,6,31486.4959,367,262.322,771
6805,8806498d9c458511f0a0da52ace12f656b13cd4c,0,0,0,2012-08-10 16:05:06,181,82,1.6743,263,6,4,1,29,6,31465.1297,399,234.5498,575
7540,a17486dc120aac05547c0a08b7e3d9bee1e3bd6c,0,0,0,2012-08-10 20:25:37,289,238,0.1104,527,24,2,1,71,108,5295.7732,383,691.3712,10918
6799,f79b81e43bfccfd5131fcca28bdb474903895f3f,0,0,0,2012-08-10 20:30:23,12,1299,1.4313,1311,97,58,2,179,132,44521.0,954,659.8021,4165
7541,15f6d3abcf36b0cb824367d8fc3b2fea0fd1f56c,0,0,0,2012-08-12 14:45:31,489,252,1.9122,741,75,6,1,274,31,55257.8,260,663.6858,4215
7517,aadf6ce292eb6910cbce21852650ef5536577624,0,0,0,2012-08-12 15:18:21,32,386,1.9994,418,1,3,1,51,5,2319.0182,954,53.0,3602
7520,54c09d1040860c478267f5e386e97d371f410b71,0,0,0,2012-08-12 15:41:02,2985,2012,5.2754,4997,3,19,6,43,115,73540.0822,242,217.3528,118
6796,5515b029b37140acee62108f980cf04381ce9e8d,0,0,0,2012-08-12 19:02:09,3439,123,2.1746,3562,16,8,1,190,7,40158.7405,969,681.145,4286
7522,fa233cca874f693c71fef9153ef7fe7df79cf33b,0,0,0,2012-08-12 19:32:37,324,193,0.314,517,12,8,1,91,10,10799.6667,933,67.5,4548
6802,be71d3e19adf0fc6dfc9ea078424a79685f52b24,0,0,0,2012-08-12 20:01:09,8898,2113,0.2318,11011,35,18,1,68,12,34996.5382,1,678.1352,589
6809,e2162432a501f03eca69ddf16672a3273b48d647,0,0,0,2012-08-12 21:37:09,193,281,0.7477,474,62,35,2,1026,136,26142.2441,295,174.901,6670
6811,5433cb343585dfaf4bc30fe65b1f805da443f830,0,0,0,2012-08-13 09:39:29,51,901,5.555,952,5,11,4,82,120,73754.5598,308,235.202,5827
7532,c899efae58cb98f19975891ed985c818757be245,0,0,0,2012-08-13 10:31:14,347,3319,0.1728,3666,4,3,1,74,11,39619.1319,383,144.2525,1944
6818,10e9d9d4f4aa68ca674ded14214a25c2de655174,0,0,0,2012-08-13 12:15:14,28,1275,0.4303,1303,2,5,2,64,7,82744.1874,289,218.0947,496
6804,02cf55df3ffedacbf51c0a91c5f271a914da83a4,0,0,0,2012-08-13 14:29:47,816,3962,2.9222,4778,17,6,2,30,25,50792.3636,419,274.9965,9536
6803,d6e87cbc17af7e3b955f2b001853178eac449fde,0,0,0,2012-08-13 14:29:47,220,3962,2.8501,4182,17,2,2,191,152,57355.98,339,219.2004,9439
7521,57dd84da40b39d7f713adcdfc0110e00e0911b5f,0,0,0,2012-08-13 16:27:13,167,5931,2.7259,6098,19,59,3,142,18,39223.5047,428,216.2121,8516
7530,ad3e6f3806a4f12b51841daee8992d0f470bb126,0,0,0,2012-08-14 17:47:13,6757,1529,0.5401,8286,8,5,2,1128,155,46671.361,416,274.4811,9284
7463,1221ddb10d67834de714ed9b587e1f390ceb4d7e,0,0,0,2012-08-14 21:15:41,28,16,0.2735,44,12,8,6,211,53,11969.4564,1000,229.3448,6517
7467,2aae64d5c768b9af96faff3d7cf1f0b5d2b69f04,0,0,0,2012-08-15 11:29:16,2282,7115,2.3101,9397,9,26,1,102,2,60879.0166,428,229.2858,9445
6810,9805f397cdcd8b53f21de8bc34ac4296037499f5,0,0,0,2012-08-15 13:39:08,2282,744,2.9585,3026,13,2,9,144,150,66828.002,437,269.3946,8386
7518,1d94736e40f006ce3e92e8bacdcea2ff780f4b4c,0,0,0,2012-08-15 14:07:12,411,15,0.1478,426,11,1,1,17,3,85573.9812,1000,236.3567,5858
6800,24d1a2938d879d0b7f692b0e2f476625fc004e67,0,1,0,2012-08-16 00:08:36,710,2648,3.306,3358,20,7,1,98,14,18116.3567,32,92.5638,613
6824,f16e37d08a192094bfbea6acc33cdfea13586e3a,0,0,0,2012-08-16 12:07:36,63,7,0.0846,70,11,5,2,868,4,81655.5869,282,220.9692,156
6821,313541d8b2d94aa58b230b1f790cc4a49cae4330,0,0,0,2012-08-16 12:08:11,411,245,2.647,656,2,5,1,251,3,79633.4778,324,225.324,6413
6817,62bd67c1114ac104d65feeb5fe8107af7ec7010f,0,0,0,2012-08-16 15:04:11,410,20,1.9994,430,4,3,2,120,3,755.7351,356,277.3662,8743
6831,c0d3fbdff02c8069817e1814d55f2e09e7012d65,0,0,0,2012-08-22 12:27:57,114,93,1.6433,207,2,2,1,37,2,38573.8096,63,63.7496,732
6819,904819e3389953c638d469d08e26d25a5d9c41c9,0,0,0,2012-08-22 12:36:07,44,114,0.8706,158,3,2,1,30,6,428.151,55,82.5194,789
6827,b81dc69a0942dbbed3ecb1d12b72f8631448b4ca,0,0,0,2012-09-02 21:16:43,185,570,1.2391,755,8,2,26,1183,138,32832.3145,1000,157.6257,7163
6832,30cd0314cd37a85090c87f031b25853cb148730d,0,0,0,2012-09-04 11:39:45,107,7302,0.1534,7409,3,31,1,45,118,67217.1986,448,137.1962,1770
6838,614f1726292865318b74a7c22653c7cd72c38e2c,0,0,0,2012-09-04 11:42:11,28,117,3.9069,145,0,1,1,77,6,585.9116,383,142.19,1772
6841,554041b05dc7e1d3b50fce09321b2ae0ad4fbe26,0,0,0,2012-09-04 12:44:28,2814,117,0.165,2931,3,3,1,1020,2,65123.7171,426,171.6578,1906
6829,d23c350d1d5b30d30d983777ad24adab9a707608,0,0,0,2012-09-04 16:07:29,223,107,0.8884,330,3,1,1,1243,5,38808.3395,62,79.0191,632
6836,ecb9f4aedb72eff1a424eeae9ed5872bf49d3e07,0,0,0,2012-09-07 12:15:07,1278,901,1.0311,2179,9,11,4,1130,120,74628.4082,1000,162.0816,5886
6828,b82f6adaf4c12d390d52272dde78f8ae52fe4b00,0,0,0,2012-09-07 12:19:27,684,1275,3.0268,1959,11,5,1,868,9,82871.8348,246,188.1158,379
6826,a5c02d8f36e6b261300ceda1253e9cbb344b1dce,0,0,0,2012-09-09 20:04:55,164,8613,0.7195,8777,75,40,26,115,11,28177.0071,294,249.029,6538
6835,9d157c08f08fed04f2281ee1bf5bf7dd329ce71e,0,0,0,2012-09-09 20:06:08,3248,6953,0.5541,10201,6,5,12,88,14,24359.8526,1000,170.8582,6822
7513,631cf83baa970fe14816a2133fc06c3d59d37812,0,0,0,2012-09-09 20:08:34,45,245,2.647,290,2,5,2,20,1,80182.1054,299,170.9905,5916
6822,04d235f8cbbefb7843f4417d9952079d669716dc,0,0,0,2012-09-11 08:37:20,2784,1162,0.223,3946,8,22,1,818,10,63427.568,324,167.3565,5761
6823,bd5e2fc402bdc6591c407efba9682086529bcfd7,0,0,0,2012-09-11 08:38:44,2062,66,4.8556,2128,56,30,13,1082,141,32901.0,309,166.6903,6618
6845,247d73a02078cea341e92607761882697327d6df,0,0,0,2012-09-11 20:33:51,148,6953,4.7643,7101,5,3,12,62,14,25979.9553,289,174.4781,6535
7533,27bc01745474059c812fc6d0af5817d0bd5c41a6,0,0,0,2012-09-11 20:36:50,1361,2240,0.1578,3601,4,24,8,1050,7,20977.4331,289,243.6655,6444
6839,8862c789a05699458b8821d2ffd363430c2c1d22,0,0,0,2012-09-14 08:29:29,360,190,1.1644,550,87,4,16,1049,10,53042.7158,1000,169.7085,6416
6848,09be0a8493a41d40e77366fc0648744b882bc7d7,0,0,0,2012-09-16 18:01:27,33,37,1.9994,70,1,3,2,120,3,2684.7191,260,53.0,4465
6851,d2c7625d10621e1278a77ea568e53545d1284cc2,0,0,0,2012-09-16 19:33:11,1278,51,0.3797,1329,90,11,1,70,10,75423.9275,974,67.5,3660
6837,6cba057dd8d51d5692a2a718369dd2b43db72350,0,0,0,2012-09-16 20:05:48,220,6953,1.1197,7173,62,35,2,73,10,26776.5194,1000,177.4843,6770
6850,7b7088d85ff11f0cd0fe6398985fbfd908c702c2,0,0,0,2012-09-16 20:07:05,4,16,1.1332,20,1,1,6,54,2,11573.9287,328,261.9685,6575
6852,e36fcb24006d8e8333380f06812659508368d770,0,0,0,2012-09-16 21:01:12,2869,8613,1.7237,11482,7,2,3,77,17,31175.6079,260,53.0,4903
6825,b024fdb15274b030c327eeccac742a8812183513,0,0,0,2012-09-16 21:01:30,241,198,4.5011,439,6,37,2,173,134,60596.3228,927,679.004,3687
6846,3752d6e369a3bb1051a630f8c1bb30be1ce6ff5c,0,0,0,2012-09-16 21:44:32,289,17,0.2904,306,3,1,2,871,108,10912.3333,969,671.5143,3865
6853,1629f74d877a7c61fbd2ea9a98c54b206e3ad801,0,0,0,2012-09-19 15:57:14,9,57,0.7924,66,3,15,5,27,110,7224.7252,287,208.2819,24
6856,c2a63724377236e4bcb19b76fdd88f8a66e1a677,0,0,0,2012-09-21 13:43:06,691,273,3.4351,964,25,7,9,62,155,45191.1734,1000,175.3845,6720
6866,f8e0c4905ef6fc5d5eb2050cf89b26746d65fb93,0,0,0,2012-09-21 13:46:23,359,1618,2.025,1977,9,5,1,53,134,56407.831,294,237.0357,6542
6855,08a81a909d5d2733a31269980242ecb9dff12aa6,0,0,0,2012-09-21 13:47:12,684,26,0.0735,710,1,5,1,95,10,82995.5026,283,191.5327,3033
6860,edb10223ee64284cb185c6bd751f230848ebb6e3,0,0,0,2012-09-21 13:47:39,146,694,5.1282,840,2,2,1,1002,3,10086.5,227,223.9682,384
6868,65db94fc04e291c5dfabf9c29f7f8af11c6ef984,0,0,0,2012-09-21 13:48:30,2651,2388,0.1461,5039,87,30,10,64,9,59372.751,240,177.5574,532
6871,14238ca2f4b43f4f61f6fc13d6d2c2abeb04c487,0,0,0,2012-09-21 13:50:07,3017,92,1.0859,3109,75,37,1,74,134,60214.8206,301,229.0115,6579
6878,84249fa9bae86591d3753584271c5dd8df759375,0,0,0,2012-09-21 21:47:13,36,125,1.7527,161,1,37,2,937,8,56798.9751,260,676.8479,4308
6874,48ff7034910f407196774aa1c3c5eb82821bd9a7,0,0,0,2012-09-21 22:11:10,2573,1794,0.1265,4367,74,53,16,820,128,70002.6611,260,53.0,13522
6880,39dcf1b015de82cedffbfcf5d6acb6bdea947475,0,0,0,2012-09-22 01:03:27,3439,121,2.0227,3560,6,2,11,129,8,44491.8774,953,675.3038,4209
6881,55b46700d7b6a1497abc823416546c64fe21ca18,0,0,0,2012-09-22 01:57:30,2062,1200,1.6873,3262,1,30,2,135,10,35219.0626,260,53.0,4306
6875,f76fda82183cd1ec7d8cee244dc94410e8f8f4d8,0,0,0,2012-09-22 08:31:03,165,7302,2.408,7467,6,4,1,1020,5,67401.8365,39,87.8406,779
6888,b8e8a6043465d3a9e965ac5a0b83f5f40af694b1,0,0,0,2012-09-23 20:54:57,234,123,2.1252,357,9,2,16,16,7,30482.4924,96,60.3456,787
6906,38ac27da6c76037ef3dbf993e00dc36c5fbd7e81,0,0,0,2012-09-23 22:25:10,504,573,1.2151,1077,17,1,3,254,100,37166.285,260,53.0,3796
6877,d5c648c329f339b4c56792bcae9217728b8ad0c6,0,0,0,2012-09-24 02:14:10,6,193,3.0646,199,12,8,6,211,4,13298.0399,948,67.5,4488
6884,de367bbeb2f6f2655202db80444d669aafb2ae95,0,0,0,2012-09-24 15:37:24,42,1526,0.1463,1568,2,2,6,101,7,21899.9914,233,186.6345,118
6891,73a0c1eb9792579e44ca1005e4dee8872a7d5a39,0,0,0,2012-09-24 15:37:53,880,135,3.9069,1015,1,1,1,98,8,2172.0,233,213.8634,3033
6859,47a7e8328581b30c782372a4b3418466eb9e1367,0,0,0,2012-09-24 15:39:05,11,2926,3.182,2937,2,15,1,3,7,6619.236,275,206.7263,495
6879,63a8f46f98e1b8ff239210f56da01f5f0fa40227,0,0,0,2012-09-24 15:40:40,85,84,0.1722,169,2,1,6,74,11,68694.496,289,182.1314,541
6892,26ad5959ff76505af07cfae46a7c03eaf32b9d28,0,0,0,2012-09-24 15:46:15,398,48,0.2945,446,76,3,4,53,112,64313.4308,307,259.2957,5787
6898,6b7ad2c46a3a4a836c82a16ed6f97e2f4710cba8,0,0,0,2012-09-24 15:47:06,307,199,4.4139,506,33,2,1,818,14,64757.6663,305,255.9604,5930
6887,48f8643d6696a34725aff75a611225d18646ab4a,0,0,0,2012-09-24 18:33:55,191,212,1.9198,403,12,22,4,126,16,65427.5951,260,53.0,3785
6863,59ef7d59497c61e19622f4998d90bb95a1af260d,0,0,0,2012-09-24 21:39:10,1278,132,1.4013,1410,8,3,1,112,13,74720.4467,260,67.5,3729
6890,83eb6dbc4ee31bbc4843fce5fefc43fa3d1e0141,0,0,0,2012-09-24 21:56:28,2062,71,0.7703,2133,56,3,13,1082,11,35011.4108,965,684.7594,4329
6897,ee125934612fc2c02c00a51af1047070272e7185,0,0,0,2012-09-27 09:28:00,4307,2648,1.5862,6955,3,1,5,0,4,17401.651,98,48.9784,648
6876,94eeb83c4c4cb8c332f0920fe8f8eda8eb6ac21e,0,0,0,2012-09-27 12:56:31,16,62,0.5189,78,90,3,4,1130,120,75882.1093,311,234.9423,6570
6900,121308f477d03a957021ef519779bb073cdf2873,0,0,0,2012-09-27 13:21:01,282,1299,1.5861,1581,97,7,1,1022,132,41788.8993,301,161.066,5936
6882,31ddc61436d28f41225d329b2888172c8e06caee,0,0,0,2012-09-27 13:28:16,19,18,2.647,37,11,1,2,251,2,85204.3422,1000,239.9245,5845
6895,e69530dee290194293843487918783b188187d93,0,0,0,2012-09-27 13:29:47,25,14,2.647,39,11,1,1,16,1,83638.253,298,157.6032,6506
6901,9d6b0f32ca52017eeb80a930711f34e0e2e222f7,0,0,0,2012-09-27 14:27:39,3017,1618,1.188,4635,8,3,1,66,10,61399.0,1000,253.3814,6613
6869,419a31a0533922ddcad7e9fc6752d1cddf56bc4b,0,0,0,2012-09-28 11:08:19,326,8778,0.3401,9104,4,44,1,49,138,52355.1537,350,187.7802,2022
6896,294cc842269a570751e8df7af55e45707884e622,0,0,0,2012-09-28 11:09:19,64,38,5.2754,102,2,1,6,28,2,72657.465,426,143.8552,169
6903,050930350278b27ab84cb6a79ed78f27adaf7b0d,0,0,0,2012-09-28 11:30:11,483,168,1.2993,651,8,53,16,1049,144,53299.2788,1000,240.9947,6438
6904,8ecdba689c2abb953f01d9eb441f9f0a3087f312,0,0,0,2012-09-28 11:31:16,62,65,1.1856,127,90,11,1,1130,5,74907.6626,309,163.7953,5831
6894,7cf8a82d431f48fe96b0068524f7ef9fd6b91107,0,0,0,2012-09-28 11:31:52,2784,1162,0.3549,3946,5,2,1,818,9,63920.3412,324,158.8583,5806
6902,54b954ca4d198445986919d13c7906c8771a5802,0,0,0,2012-09-28 11:32:14,64,901,5.555,965,90,2,4,1130,11,78140.4029,299,168.2596,6556
6905,0b0f224d683915ce15e15389a1a1ccc33686e4ac,0,0,0,2012-09-28 13:38:33,16,8089,1.4108,8105,7,4,1,1130,3,63561.8437,61,62.978,756
6899,3cd0ed7590f74ff0d681383fdd9bf9b0d1c461d0,0,0,0,2012-09-29 15:17:41,328,17,2.158,345,13,5,17,29,4,42677.8729,66,80.3195,720
6907,e0810891d65d719f08b69ca58821169ed93c2e5b,0,0,0,2012-10-07 02:22:53,484,2952,0.9451,3436,87,7,2,1049,144,50069.4855,923,678.8924,4388
6909,ca869a3ef68dd57b270386d948645399cbb1bb68,0,0,0,2012-10-08 02:14:20,438,1200,2.3434,1638,7,9,2,233,25,37163.6719,953,53.0,3774
6908,2cd6cef2f7397eda7c089f428b44765f201ec109,0,0,0,2012-10-08 03:44:10,3,37,1.7548,40,3,3,6,211,53,13200.8907,260,685.8259,3701
6920,3c5d1f678f190ed10050548354aab55438134460,0,0,0,2012-10-08 04:19:09,2062,51,0.8059,2113,56,30,1,1082,13,37826.4229,967,672.5375,9731
6910,326ebec3a0e8b424cd550b342603f00f18893a89,0,0,0,2012-10-08 04:39:14,18,13,1.8588,31,2,2,1,59,10,8238.8189,975,666.222,4269
6913,5d5bb5a79dc91cc429cd8b7f953ab802b1a96ca4,0,0,0,2012-10-08 05:23:28,106,50,0.5019,156,76,2,17,12,10,42207.0052,86,63.5168,756
6919,1e5b9cdd4cd2a2276fe897ea0a30b680a692b9fe,0,0,0,2012-10-08 16:53:04,8,1526,1.9803,1534,7,4,1,60,114,18633.3092,47,55.9611,615
6916,6ec57e864b11aa55daccb36ffc646320dbdec667,0,0,0,2012-10-09 01:00:26,309,1529,0.0734,1838,5,37,1,1128,155,44901.7125,970,690.591,4372
6921,7153e4ee7e3db663c30b38571c4fd906e5f522a4,0,0,0,2012-10-09 03:40:45,189,109,1.8545,298,9,5,13,59,11,34035.4401,972,53.0,4336
6912,38f335daee2f2bbd1b7e69a3994c9bac21dc5c6d,0,0,0,2012-10-10 08:46:32,364,210,5.4528,574,84,3,15,109,22,56858.1061,421,218.7483,9659
6915,1fae50db236e80cfc289c339706ccc34f7c4ff37,0,0,0,2012-10-10 08:47:01,169,6953,1.2644,7122,5,4,2,76,136,26547.6275,349,266.4049,11365
6815,358697a54dd0ac6743f84084a8138f1c8d7f2a21,0,0,0,2012-10-10 18:28:46,118,373,1.0092,491,75,40,26,70,138,30190.4296,356,206.3547,8566
6918,e9fbd7f493863da1e68776473d8b5d03861daa6f,0,0,0,2012-10-10 18:28:46,2869,570,1.1269,3439,75,4,26,1183,138,30106.9636,431,282.1493,9586
6925,d2f2157d99e8d34d4e9de78341741cd5f3a29288,0,0,0,2012-10-10 23:59:12,2780,5931,0.5355,8711,6,59,2,87,16,39901.4855,833,281.3328,9618
6922,171b78a892ddb4c971825fce99004a06141493d8,0,0,0,2012-10-11 07:17:18,718,43,3.0442,761,24,7,1,209,21,26475.3666,334,214.7231,9568
6924,2340eb3b4f1cf7c0dbd3d9996d337f7ce7223cbb,0,0,0,2012-10-12 14:08:01,390,7302,1.8382,7692,7,4,1,42,6,65644.2749,47,63.8692,741
6926,74e2c4d25dc25883a5cf1479f55dce9870c195a0,0,0,0,2012-10-15 04:44:43,385,74,0.7635,459,9,58,2,41,132,40460.2305,965,53.0,3827
6929,1fb7854d8dae4de0e072bc55e2c307df929a0152,0,0,0,2012-10-15 19:10:08,3017,139,0.3202,3156,75,3,2,937,9,56857.0058,260,53.0,3587
6927,0894ca6daab0c74c6fccf4c66377702580a5fbf0,0,0,0,2012-10-15 19:17:28,26,24,1.9994,50,4,1,1,120,3,2314.0053,260,53.0,3528
6937,8c7f19265f5d6795542f111d07575cb98f680976,0,0,0,2012-10-15 22:50:40,480,102,2.6481,582,10,4,9,89,21,44820.3246,970,53.0,4457
6933,4763e837574495fbc04355d1bed88cb56235703b,0,0,0,2012-10-16 00:07:58,223,247,3.0852,470,30,9,11,63,4,40845.0341,260,53.0,4331
6930,63a9cb19a733fa3d932f4e18f3782f49b1c2409a,0,0,0,2012-10-16 18:42:13,347,116,2.4866,463,3,2,1,937,134,55257.8,260,650.8028,4428
6934,7ce0010205d7c09d2bda9387223114801a1fb8cf,0,0,0,2012-10-17 02:07:17,2062,36,1.2678,2098,56,5,1,90,15,38158.4795,973,53.0,4100
6945,082a0ab7611ec2bc3d1cd263dc3e738048feda29,0,0,0,2012-10-17 02:13:56,177,164,0.4333,341,4,4,11,81,145,27444.0843,938,1.0,3712
6949,c7d8721a130c2b87d2600ca0183ce9ae73c721a8,0,0,0,2012-10-17 02:27:09,50,245,2.647,295,2,5,2,14,5,80082.6521,960,130.1667,4255
6952,dee672492dc037b354a432b90d2951eeab8f6e82,0,0,0,2012-10-17 03:03:41,324,193,0.1561,517,12,2,6,211,3,11972.4779,933,67.5,4445
6944,fcdb05f933949d9edde73c66d552628aa976dc62,0,0,0,2012-10-17 03:15:46,324,14,0.2014,338,12,1,1,211,53,12004.0408,962,67.5,3596
6948,e37feb0d9a3e4d20eb8688b81075f9e9f6d854db,0,0,0,2012-10-17 03:50:29,22,193,1.7098,215,4,4,6,111,18,11364.9213,260,67.5,3522
6957,0693c8dd307be34eeb9f09291ae6ceb4c217dd42,0,0,0,2012-10-17 03:55:07,73,72,5.0588,145,3,2,8,90,13,19652.8564,260,667.1187,10918
6935,f77e2f7aca4fa9b2a30477cd9b71204a93110443,0,0,0,2012-10-17 04:04:21,410,386,1.9994,796,4,1,1,120,2,1751.4268,966,666.0739,3685
6943,e3d3b14391b2bd7742962835ea52b556137d421f,0,0,0,2012-10-17 21:00:53,1278,901,5.555,2179,90,1,4,48,120,76587.5033,966,67.5,4396
6950,92e7da30dab93cf23bcf64084f660426a0d9da85,0,0,0,2012-10-17 23:20:34,411,245,2.647,656,11,5,1,28,27,81327.7636,260,667.3552,9112
6955,ba3d4ddd5feda4c2141fb34f6dcfd5543fcf812d,0,0,0,2012-10-17 23:34:22,228,115,1.7707,343,75,4,8,937,12,59252.5266,949,53.0,3620
6964,ae8b0553c2e750b6f2be962bdc0ccb1a2b376715,0,0,0,2012-10-17 23:37:57,3017,173,0.3123,3190,75,3,8,937,134,59210.0083,260,53.0,4440
6967,6d6a225dd777fa4fa3363fb3814691b7b91ef1e3,0,0,0,2012-10-18 00:14:37,4779,2465,2.0228,7244,10,5,17,1177,133,41786.026,962,1.0,361
6960,c577f245575f830b6997585bd10162aa63aa98e0,0,0,0,2012-10-18 01:02:49,5298,2952,1.8723,8250,3,5,16,71,10,49903.4467,963,679.2182,4415
6962,040f74b2ee0b2f77702ccc42cb4ca88558d64002,0,0,0,2012-10-18 02:49:35,1278,901,0.3111,2179,6,11,4,1130,120,73118.7624,260,67.5,3599
6968,35b2f5d224137f0b3f19c6d06a9f1af95bd96079,0,0,0,2012-10-18 19:28:08,5298,2952,0.891,8250,87,4,2,46,24,48874.2,260,53.0,3514
6951,c771352193cd0ac1744635e5b18c3e51e11223ea,0,0,0,2012-10-19 04:08:40,72,97,0.7956,169,3,8,6,211,53,15769.8995,940,684.3357,3478
6966,36a7fb3ea9279c9ef9e8b8b2adbaed8ebb64fde0,0,0,0,2012-10-19 18:58:45,371,193,5.0395,564,87,53,16,1049,13,53929.4115,260,53.0,4327
6959,87c43e535290b79640d9ca74903c40dfd1b2e28e,0,0,0,2012-10-19 21:30:49,100,69,0.4504,169,90,11,1,1130,15,73250.3969,968,67.5,4314
6969,4b7cb93f6fa29e15ae60392fd7e18bfee1aee17f,0,0,0,2012-10-20 18:02:06,1961,35,3.6595,1996,3,18,4,871,4,78966.5941,1,1.0,582
6974,7cadf9fab148f8239ab0ddd23617f84a2b483a30,0,0,0,2012-10-20 19:11:15,262,1794,2.2414,2056,9,6,16,820,7,68091.5065,956,691.2153,13522
6963,55247b1bd43fc8a20cb9a1b58bd3fa90c71fa5df,0,0,0,2012-10-20 21:25:16,3017,1618,0.9689,4635,10,6,1,54,9,56283.1316,260,53.0,3797
6975,42d79fa649008ca48a817dde28f9e1988ce9565d,0,0,0,2012-10-20 22:48:55,411,245,0.2488,656,2,5,1,251,6,80162.4601,951,130.1667,9112
6978,e29bc5cf12181124119aafeac3dbe9210d2d812c,0,0,0,2012-10-20 23:38:59,204,2003,1.8444,2207,8,34,11,192,21,27814.7028,937,1.0,3795
6970,99ab99eeba4ea6a5b347735f735befd3b76e3c07,0,0,0,2012-10-20 23:50:27,289,2,0.1575,291,5,11,1,38,7,6084.4618,981,67.5,3772
6979,350e89c2d9f71f73b768025885497fe773e92e8a,0,0,0,2012-10-21 04:34:13,324,11,1.4521,335,2,8,1,211,0,13652.6161,260,67.5,3752
6961,3790c42129d51fe7501ec3993abaf4b4775603a8,0,0,0,2012-10-21 04:43:52,142,2240,0.3229,2382,5,2,1,88,11,21352.4287,260,53.0,4345
6976,45faeed85d93df5fed734cfe9000bbd1fbb2bb5d,0,0,0,2012-10-21 20:46:17,9,75,2.029,84,10,4,1,1130,15,76519.4161,943,671.5078,4223
6972,cd0e5b3dd400c81ec9eba5461c1e78f80695c513,0,0,0,2012-10-21 20:58:03,6757,98,0.6851,6855,7,5,9,1128,15,46243.2603,260,687.0067,4341
6983,835188a8632fdc3eafffd03a00fa5f6c2ada8641,0,0,0,2012-10-21 21:22:57,145,1162,1.4218,1307,6,4,4,63,18,65600.6174,260,53.0,3649
6985,ae69f41f5020d92b6c9143b91d2927a793b75d39,0,0,0,2012-10-21 22:06:07,3439,77,1.2224,3516,3,1,2,22,132,42448.6337,260,665.1484,3823
6847,d8adb4161e0debb2fb4588c97612a219880f2f3e,0,0,0,2012-10-22 05:59:33,2062,79,2.6349,2141,11,2,2,135,141,33371.906,260,653.2121,4324
6981,1bae2230912942fb0e411d151ab5fde2ae3d0bec,0,0,0,2012-10-22 14:39:22,307,92,3.3475,399,14,7,1,38,2,34085.8762,86,54.0305,649
6842,69b1a2df6b9b84952624d4cf4365142e24177aaa,0,0,0,2012-10-23 03:40:06,91,11,0.1449,102,2,8,1,211,3,14149.3743,260,67.5,4502
6987,fd9cfb316a16939011fdabf39effc18303d1b021,0,0,0,2012-10-23 18:45:52,5298,2952,1.2239,8250,6,53,16,1049,144,53567.4278,260,654.3183,4246
6989,53585f324c7b2a47a9a5e4030992e4e9919f2618,0,0,0,2012-10-23 19:06:36,11,386,1.9994,397,4,3,1,120,2,1599.3939,959,53.0,3571
6980,6d8214ff315e1c8544652397c6582c9c9a0e9bb6,0,0,0,2012-10-23 23:55:39,1278,901,5.555,2179,90,1,4,76,9,78258.2578,260,67.5,3673
6986,bd312686a08f3201a51eb0d79922f0bf2331a01a,0,0,0,2012-10-24 01:06:58,1361,99,1.163,1460,4,24,8,1050,9,22544.1129,976,53.0,10918
6991,9feceee6e0a5e1c839dd9899517d2a046fc6da43,0,0,0,2012-10-24 15:24:48,162,2388,1.1875,2550,8,5,10,27,15,58306.5559,406,32.4815,896
6984,dd6b85ae877fdb7ea4bf5caaa24c8053fb45fdeb,0,0,0,2012-10-25 00:08:05,258,245,0.5237,503,1,5,2,251,3,82172.5631,932,658.1371,9112
6990,4ffbb30c6cab7a6b0db0ad98a3e42e0ed522e8ec,0,0,0,2012-10-25 02:43:16,1,6,1.2488,7,4,3,1,871,108,5398.6016,383,670.4654,3693
6995,fa8c8921fd3af6c50c69272c56d63a2c944461bd,0,0,0,2012-10-25 05:22:12,123,245,0.2289,368,2,1,2,251,2,81264.5994,260,655.4123,4282
6993,c8a64a1450ad0423beff768131470950785a08d4,0,0,0,2012-10-25 14:32:10,3,33,0.0462,36,11,5,2,868,8,82291.3455,247,188.6512,413
6997,29423cbcca647d0a1362a01ee70a2e8aa921e7ac,0,0,0,2012-10-25 14:35:14,3017,1618,4.5011,4635,7,37,1,36,134,59963.029,306,252.7717,5852
6982,e8b016b68218a4fd14ea4d8b7050ca6514567852,0,0,0,2012-10-25 14:37:33,126,45,0.5908,171,8,58,11,70,132,43139.7337,1000,158.0638,5883
6971,dcf920511b504798ea8665af49017444c26d2898,0,0,0,2012-10-25 14:42:09,274,83,0.687,357,11,22,4,818,112,62870.1955,320,171.9243,5976
6998,7ba07dcf2e8b90b9c9c4194859419c1b9fd8bab8,0,0,0,2012-10-25 14:52:38,410,30,1.9994,440,2,1,2,22,4,1386.3891,1000,235.5974,6550
6999,7e3de5fd460c423b0bcef19632fec4448aecc3f5,0,0,0,2012-10-25 15:53:35,75,2926,2.4784,3001,7,4,1,989,8,6150.9209,112,90.5914,774
6996,9de90fcbaa8d1d6912de65eb2d6a597d9a7755e4,0,0,0,2012-10-25 22:36:16,2784,96,0.3308,2880,76,3,1,88,112,61755.3532,260,684.7189,3750
7005,1f84ad427758e3ae3968f48fcfc538116a6112cc,0,0,0,2012-10-25 23:09:42,2062,1200,0.2839,3262,56,3,2,1082,11,38324.0,260,660.7745,9731
7006,0df34948c45f50694e70379b7e0c4af77d34f5df,0,0,0,2012-10-26 00:54:33,319,6,3.1039,325,17,11,2,176,11,49183.1478,980,53.0,4730
7007,909ad2fcf2d3cc316e214aba2c813144c6d9f21e,0,0,0,2012-10-26 01:09:48,65,193,1.7298,258,6,5,1,48,1,15675.5191,260,673.4424,4391
7009,0f9096e4ae8f9aed78ca694f41a14ec731488f56,0,0,0,2012-10-26 02:33:35,2062,1200,2.1733,3262,1,6,13,64,0,34969.9306,956,53.0,3733
7000,db927db3a1a9c9641c51f7585c9affc8bc610a3f,0,0,0,2012-10-26 02:36:57,1361,2240,0.9455,3601,4,2,8,1050,126,21327.1594,260,53.0,10918
7028,1e7c2a216f140d5cb54b3c2ae6f20c77835cba23,0,0,0,2012-10-26 17:12:17,2,3962,1.7352,3964,16,5,3,301,97,51321.0059,417,222.2065,9645
7013,412a8b447b0d9f8b3450fc0392a7cc084a6c22c7,0,0,0,2012-10-29 14:22:45,27,5083,3.9069,5110,1,1,1,1022,107,2172.0,93,86.9403,649
7018,d750ff01f694165f7a60125f40f1af99694e8c73,0,0,0,2012-10-29 17:23:39,196,1162,0.2511,1358,76,22,4,56,112,64810.5898,260,53.0,3658
7001,20ce93dd169f5f3f9a5ed58f986471bbd9b6b2db,0,0,0,2012-10-29 21:37:03,148,1618,4.5011,1766,75,37,8,54,8,60733.6453,260,53.0,4277
7015,f5e70f31b802e062e25f988c8e022e2e63d6b4c6,0,0,0,2012-10-30 11:21:56,295,1162,2.1873,1457,3,3,4,84,11,65409.4425,1000,147.9612,5798
7020,ac1cb44e5e57afc8f40e7fa78d9c30a7ae909422,0,0,0,2012-10-30 11:23:24,85,901,1.7191,986,9,1,4,69,120,73576.8794,1000,222.4511,6584
7022,2e7c738cd17220d5e72e6002eda686f9be7f9bfb,0,0,0,2012-10-31 03:45:33,3,41,0.4256,44,3,2,1,871,9,10172.1956,976,67.5,4543
7008,39aa03261a00c409f29341c286febaec99468d65,0,0,0,2012-10-31 03:47:45,289,238,0.1311,527,2,2,3,871,108,5924.5345,383,679.5002,3715
7017,c341a9afac64cdccfae04ac11ecf2d62cda41655,0,0,0,2012-10-31 11:44:04,6970,8778,0.8112,15748,5,2,13,44,1,52682.8729,45,53.4236,743
7023,5b13fe70c25812157a1e4432135eb9639e72bc6a,0,0,0,2012-10-31 20:23:13,329,1143,3.1783,1472,8,3,1,37,3,54501.3509,288,187.3843,157
7019,a3915d098df78280c9a0177dd81ee5ef107c0457,0,0,0,2012-11-01 17:34:25,324,514,1.8636,838,75,2,2,1183,138,30433.0783,1000,227.167,6528
7011,cef230061af178b554b0e44aded9f5f2d82e08ba,0,1,0,2012-11-04 23:13:10,1156,0,4.1109,1156,41,19,4,572,100,18328.6599,448,308.5498,4000
7024,c5e33e5cff1bc19ad4303a4e3c62f15ac94f5e22,0,0,0,2012-11-06 00:18:29,112,31,0.7588,143,2,2,2,31,8,86267.0,260,130.1667,9112
7030,04b4adf0ae40fa986bd790429ba47da6f34cbc6e,0,0,0,2012-11-06 07:33:41,1059,104,3.7984,1163,31,8,17,80,133,44417.5861,93,87.2862,653
7027,2997a763b89e89317231e7b6ffc48d287d558df8,0,0,0,2012-11-06 11:39:40,120,88,0.3542,208,4,5,16,820,128,71628.4521,302,228.3045,5652
7026,0a253f716a081627d7e8760863bdf4246c36d09f,0,0,0,2012-11-06 11:40:15,2573,87,5.5611,2660,5,53,16,820,128,71453.5876,1000,251.5159,6903
7021,9d49009ec1512efaf5a884fa304c3979496c4e33,0,0,0,2012-11-06 11:40:51,22,23,0.133,45,1,1,2,36,6,1549.1435,1000,244.4355,5777
7031,04e71a69c9cec341e36ea9d66f71ab74dc7ac092,0,0,0,2012-11-06 11:41:21,1278,901,5.555,2179,90,11,4,1130,120,75912.2,309,168.7874,5936
7034,72b5748ca9cbb1448111a2eba3d09e59f2710e15,0,0,0,2012-11-06 23:01:51,77,146,1.5781,223,6,1,1,26,107,16.7642,103,47.7504,782
7025,e5d2438c0456e528fa4570987681ce079b3bde55,0,0,0,2012-11-07 08:33:31,8898,130,1.6367,9028,5,2,1,1041,3,34261.5428,86,79.1407,756
7037,037c991956765d2f14e9263f8d596ddc2b9b2c6f,0,0,0,2012-11-08 19:36:18,2784,98,0.3025,2882,6,3,4,68,11,63397.8742,260,53.0,4269
7033,7d7dcbd4b850bfbb5353d618498aee13915c3c46,0,0,0,2012-11-08 19:43:01,3017,1618,0.263,4635,75,37,8,937,9,58011.6461,944,53.0,3772
7040,2ef259c7be321f1723fa1d514653ca2f5a63c443,0,0,0,2012-11-08 22:50:34,2062,83,0.7846,2145,6,30,13,246,7,37000.2272,260,53.0,3704
7036,c74c6c4c4c870a518329ba2fb8803e97179b8226,0,0,0,2012-11-09 19:09:16,2784,1162,4.8422,3946,76,22,1,89,11,66174.4132,260,660.8817,4382
7029,79101ff67fb70e89a6094b33df9079449203393e,0,0,0,2012-11-12 20:05:18,3017,129,0.2332,3146,75,3,8,937,12,59443.5877,955,670.8237,4364
7035,b85709c880c1894ff4532e280da42a3b7c08cd6e,0,0,0,2012-11-12 20:22:01,0,79,4.5088,79,32,7,2,1022,132,38397.6667,936,53.0,4471
7047,01146e4f825ea3ceae02f2fcb537540556969045,0,0,0,2012-11-12 20:35:48,104,139,0.7001,243,6,32,1,827,9,22916.1533,1,1.0,4171
7049,91f0792137fb207218b259ec6ff746b314916958,0,0,0,2012-11-12 21:15:51,1030,1529,0.3895,2559,5,2,9,40,155,47543.5311,967,678.0417,4650
7043,c4a44d21c9a4f7b0a3553507cbad6f162b9f638d,0,0,0,2012-11-13 17:17:42,43,55,1.1162,98,68,3,11,1106,145,27601.4831,86,54.6349,776
7048,8bd989c847aa81a4ede32bd8355105700a08414f,0,0,0,2012-11-15 00:29:28,58,245,0.1456,303,11,5,1,251,3,84539.3234,260,130.1667,9112
7054,587c11688fda81f3187ef3232188f3dce959c945,0,0,0,2012-11-15 23:04:01,136,146,0.4102,282,5,53,2,820,128,67748.4174,260,670.2285,4452
7058,8e6b19fb1db332e31ce4dd5e959a1017c636bb48,0,0,0,2012-11-16 00:10:29,11,167,0.5191,178,6,11,1,65,12,75575.0197,260,67.5,4270
7046,4273631337d2837ab58632989b08e29bd4be0603,0,0,0,2012-11-16 00:23:44,249,103,4.8422,352,5,3,4,56,112,67421.3288,938,53.0,4334
7050,b7517b26968d5affb665b2541ca746a39da3ed45,0,0,0,2012-11-16 06:23:52,1361,155,2.4008,1516,3,3,8,117,18,20540.798,971,53.0,10918
7061,f91ba5843c53f78d324bff0a59e23adb30a0a80e,0,0,0,2012-11-16 19:10:06,288,1529,0.2676,1817,6,37,1,1128,155,46271.3343,956,668.3975,13371
7067,cb556f117ee30b94698d150ab7592b78e7284b71,0,0,0,2012-11-16 19:50:05,239,70,3.6595,309,51,2,4,346,100,80722.7071,872,634.3246,559
7060,822859590215b6d88637a47f81298b8a9d412cef,0,0,0,2012-11-16 23:07:39,3017,1618,1.5315,4635,75,6,2,97,24,60960.813,260,678.12,4683
7045,02591ccc19886b84c30c222fd2abb75021c57190,0,0,0,2012-11-17 01:04:30,2062,124,1.8509,2186,7,30,2,36,16,33473.0281,957,53.0,3725
7059,eaac55d611a02a90f875fcc7d08d0b5bdca1e45f,0,0,0,2012-11-17 02:22:59,165,97,0.5843,262,5,58,2,69,4,42118.91,955,688.1968,3801
7064,24142a3e6c6a404b2998d0404adaf4c7b8ae0e4c,0,0,0,2012-11-17 02:27:39,15,13,0.9673,28,3,2,1,66,4,14268.5661,957,674.0807,3555
7042,0e6d8e29dc72c19d38f05882fc794a65ff9dbd12,0,0,0,2012-11-17 03:07:50,13,193,3.0646,206,12,8,6,13,53,14401.6868,260,67.5,3641
7055,44c4730c9ae30c67e4363dbfbb32865f40260b95,0,0,0,2012-11-17 19:48:58,3017,85,0.2399,3102,4,3,8,937,134,58848.3831,260,53.0,4296
7063,2c96be3b894b3f76b8b9a73888b2ac6faccc3924,0,0,0,2012-11-17 21:08:54,124,66,0.6001,190,5,58,2,81,10,39119.3338,952,674.3519,3789
7070,f4ad676bd5debcf1dd2093b58afc084967c8e880,0,0,0,2012-11-18 00:23:38,327,268,1.2183,595,5,3,16,1051,122,31798.228,1,675.6658,145
7056,7e706bc007418f2621e23e3e08d4247d8d84a437,0,0,0,2012-11-18 02:20:15,450,186,2.3289,636,4,3,1,987,109,16606.0906,1,1.0,476
7057,bda10f80b6559e642fcebf3113fc9f8b307f1c4b,0,0,0,2012-11-20 18:39:11,351,215,5.0395,566,8,7,2,1049,144,49401.3525,260,53.0,4522
7041,b73b840fe2f4e35a0b57fd5d2d9e51210b4a970b,0,0,0,2012-11-20 21:50:33,1361,2240,2.4617,3601,3,3,8,1050,126,18857.5506,260,672.9392,4379
7065,b4aad8963824b26ab87e2b09cb4f05d126c0b19c,0,0,0,2012-11-23 00:26:13,116,2240,1.3771,2356,2,3,8,80,7,20676.0517,961,53.0,4329
7038,a00414b2981401237716f09f552145d849875987,0,0,0,2012-11-27 13:57:33,2282,440,5.807,2722,9,26,2,20,24,65180.5739,353,280.4585,9604
7069,b46e7fd7d5648ffa5c70319ffd44f9c262201758,0,0,0,2012-11-27 14:12:27,271,539,5.807,810,84,26,2,665,18,67221.0121,423,223.6708,8407
7072,6211bc3b45a0c81fb27f3813f8adc7761734efc4,0,1,0,2012-12-07 02:16:31,1665,818,4.4283,2483,44,13,3,424,118,32160.9874,451,196.7636,9424
7071,fd4f836b5b7825e53ba9d73fe576e22c97628713,0,0,0,2012-12-12 13:31:52,948,40,3.3427,988,17,6,1,35,5,55512.4639,96,62.9015,613
7074,f21a3ce431651d58546cdeb4c54f77cecb64d6a0,0,0,0,2012-12-28 08:34:15,2753,227,2.4249,2980,7,6,16,34,7,62597.4583,87,65.2006,765
7078,0380935ad2799e4d8c3888143ae6a4cd4bc202e6,0,1,0,2013-01-06 17:32:50,1322,1170,5.1593,2492,62,19,1,282,11,60661.1844,411,218.8981,9503
7082,5f283d3b00151cf7d839c37daa9e3fbc80ca3e59,0,0,0,2013-01-11 21:49:04,289,238,0.246,527,24,1,3,77,19,6328.3858,1000,226.4475,9486
7084,3156bf103a7c3c3d162965f28cb09ff0dc31d276,0,0,0,2013-01-11 21:49:21,1361,112,2.3428,1473,9,3,1,1050,20,18934.5578,352,171.3142,8586
7090,3663b92cab18db3094c7bc362ab28e7329d50b46,0,0,0,2013-01-24 16:06:43,469,25,2.5,494,1,6,4,72,2,2474.8235,402,222.7227,1683
7083,77bb87dd139d6f52b374bf3fb1145096e708bd8c,0,0,0,2013-01-24 16:41:59,4511,3962,2.2064,8473,11,7,2,89,23,52417.1215,415,219.1186,8659
7087,a4fb4116393eb77af0ff191dd79f368aa894f40e,0,0,0,2013-01-24 16:48:51,457,587,1.9065,1044,27,14,9,73,25,61088.0871,336,174.1488,9697
7085,74c5bd1ef08bcecd6090d88847c7075190e9e746,0,0,0,2013-01-24 16:55:00,0,1794,4.4329,1794,14,2,2,93,128,71632.9828,474,155.3934,10126
7092,e2f2aa0cd3ff0ecde7f4c017317055488cd656f6,0,1,0,2013-01-27 20:53:49,710,540,4.7595,1250,42,7,2,361,113,53186.9311,364,176.7264,10141
7105,d1ecc77cbcd2b3779af472402cfa7c65994d5c02,0,0,0,2013-01-29 11:20:14,483,3574,1.4803,4057,9,46,4,398,99,55601.8444,342,151.5246,10914
7094,f28c28643df43633439b2c99c383e1ed01319ea3,0,0,0,2013-01-29 11:45:47,226,692,5.182,918,10,7,3,1048,19,37716.186,428,222.9639,9527
7118,237d8f4a3f1c4a40703797f695ba8ab4dcc2a9df,0,0,0,2013-01-29 11:46:34,880,809,0.2538,1689,20,2,1,197,100,1388.9013,449,123.2188,520
7100,94d4803ef2a5af1c7769697c319506e87a858566,0,0,0,2013-01-30 02:05:26,168,12,0.9279,180,1,2,6,211,53,11598.3898,414,227.9183,8568
7098,4d688fca80bfa4309af8dff216628bd191938f86,0,0,0,2013-01-30 22:59:31,163,6953,0.281,7116,62,3,12,1026,11,26550.2107,330,156.4048,8849
7099,8b59af4d9ef3f7f5492c6785e08173dd519de38a,0,0,0,2013-01-30 23:02:08,35,11,0.1371,46,2,2,1,871,108,8013.3758,423,242.8348,8545
7102,7576c77203a9a66da1edcc9f408d1490232c8349,0,0,0,2013-01-30 23:03:07,758,59,0.2124,817,8,3,9,1128,9,50093.756,415,240.3207,9801
7106,73137c2c621a8e56fe76f8f4f70c812392e1964e,0,1,0,2013-02-10 17:50:01,2502,172,4.5219,2674,48,12,1,148,7,50322.3333,426,213.7507,9411
7104,faf1456eabbf89e8e824921549599f2dec31df32,0,0,0,2013-02-10 18:52:35,324,193,1.1345,517,2,2,1,211,8,13603.8791,337,248.2391,8689
7112,eb2c6df68991dea72229dc8231017f709e5a089d,0,0,0,2013-02-11 16:19:34,410,386,0.0805,796,4,3,2,120,19,497.0334,326,221.6696,8695
7115,2c97f5ef57b94bb51a940662981d1d3df2ea1861,0,0,0,2013-02-11 20:04:36,956,1529,1.9271,2485,11,4,9,81,3,44738.0123,432,230.781,9727
7111,11629af6e51c517932e32b6387d9072b48d5729a,0,0,0,2013-02-11 22:00:19,2780,5931,1.8686,8711,3,59,16,1048,151,38718.4944,407,168.5113,10594
7116,0a4ef24df305a0c2a61fae19d912e7d725d4858d,0,0,0,2013-02-11 22:14:00,211,112,4.808,323,4,3,1,68,10,14718.3032,439,220.4576,1675
7127,8a98a0b6d48a400272bb071bb2c6aa5c8d895feb,0,0,0,2013-02-19 12:32:09,326,385,0.2163,711,84,6,1,198,120,55482.6059,340,172.6402,10377
7114,e068e321cc9dc548a85959c10f658670cbe69860,0,0,0,2013-02-19 15:25:59,237,664,5.807,901,8,3,2,665,150,65812.7348,428,215.9658,9943
7119,b4135dca7a977c67cc8742c360f1a372b40263a9,0,0,0,2013-02-21 13:49:09,2282,7115,0.7015,9397,6,3,9,40,150,60443.1444,414,219.4273,9637
7122,8fdd403b6c8331d56890de3165b7a0e77a0eaa42,0,0,0,2013-03-28 19:07:21,6757,126,3.4085,6883,19,4,9,1128,16,47319.615,432,236.8186,8523
7124,f0ff10902d25f12d56d22ea2c00464ce7ef67281,0,0,0,2013-04-08 14:52:53,502,16,3.4907,518,15,7,1,104,1,46609.7333,343,229.2359,8737
7128,bbb00dd0713a97645f7fd70e830b690dc5dad411,0,0,0,2013-04-13 14:52:53,437,7115,1.5432,7552,12,3,2,48,12,65237.9909,425,163.9926,8452
7126,21db751647abc0d65fb428be361e28a69bbcda54,0,1,0,2013-04-13 21:08:13,293,405,2.2293,698,16,19,3,633,123,28651.4812,419,215.5234,4582
7145,37d4afea5380803e14a30f5d1272b5a6f39fc159,0,1,0,2013-04-14 01:49:40,247,0,4.3518,247,59,26,5,467,1,22522.0,444,131.4574,4582
7131,ff5901804b8389d74352a93fed98b91a6df713c7,0,0,0,2013-04-19 09:29:14,227,438,1.3239,665,6,4,2,1026,13,27848.5447,334,157.1407,8725
7133,11f44c44f1bfcfda65fc77706982d93daf60d24e,0,0,0,2013-04-28 14:51:31,54,7115,0.8783,7169,5,26,1,665,150,60375.4606,417,220.8688,8718
7160,ce0d78953dff92b8bcdaaafc4b1b2e8f9630b7eb,0,1,0,2013-04-29 23:59:21,4307,285,2.8801,4592,28,15,2,406,0,16681.6284,259,53.6212,2987
7139,5de45a3141dc8de275368407b0b7c37e4b8e35b1,0,0,0,2013-05-06 00:45:37,86,161,3.182,247,24,15,1,57,7,6087.1111,278,147.3172,2846
7134,3e1c771e2a9dd9d25a99db20a2d7eb9b0c05ff5d,0,0,0,2013-05-07 11:35:36,164,1618,0.5818,1782,75,5,8,937,134,56636.1661,299,67.0698,7690
7142,e0d4ca4626bb11f2daf4ceedbe35169eb9cb753d,0,0,0,2013-05-07 20:52:51,90,8089,2.2392,8179,99,2,16,42,8,61896.5563,362,143.8612,3153
7140,7671b33b1b4a21b05d6ce5cbb878cc1000fe2cc3,0,0,0,2013-05-09 21:19:28,156,190,0.8624,346,5,4,1,1106,145,28188.2511,284,99.238,2802
6557,e62e40230e7569420ca654106bdbe7d39e6920b1,0,1,0,2013-05-13 13:08:26,738,40,2.5947,778,14,5,3,73,13,58902.2478,212,33.4606,2
6555,68de91d518d2c5d674ba2840743cfda6bc923fb6,0,0,0,2013-05-13 13:10:27,2651,2388,0.1295,5039,4,2,1,58,8,57864.4679,310,100.7154,462
6558,88827e27c8a897d0f2281ecd80de66aef9099518,0,0,0,2013-05-13 13:40:01,9591,36,0.1018,9627,79,1,1,12,2,54318.0212,1000,575.0,3033
6554,eb23527a2bb691f612018a4242457f3f22e009ce,0,0,0,2013-05-13 14:33:25,28,31,0.0287,59,1,1,1,1000,5,3276.2674,1000,15.116,58
6576,07aba3c71f88ffcaf0d73168c70a3f40a5b104e8,0,1,0,2013-05-20 21:31:41,2216,903,4.5286,3119,66,1,2,331,0,64790.3651,443,189.5261,2834
6561,fff017138afe5b4ca5955db6c3f53603e58014bf,0,0,0,2013-05-21 16:06:16,282,1618,1.8372,1900,9,37,1,937,0,57127.2832,268,80.902,2846
6563,71d6f25c3e3f0fbb9f1cc3fed13c3ce22ecf70e0,0,0,0,2013-05-26 14:24:16,250,1618,0.5315,1868,75,7,2,937,5,59690.2068,368,146.331,3391
6575,509a717a8b5f2a0ee4f39d5e8e3f63c3ec9082f8,0,0,0,2013-05-30 16:14:35,117,56,1.0969,173,2,2,1,868,107,83030.3416,293,137.5189,3033
6570,51974d5eec73132ad8f7d6dff8bc3565c34b9781,0,0,0,2013-05-30 16:15:00,38,42,0.0976,80,2,19,6,44,4,73715.9675,231,131.2648,532
6560,6c39b50113dacc87b1750e63c68f8e85b53075a5,0,0,0,2013-06-12 17:24:09,8,1275,3.0268,1283,1,5,2,16,2,83733.3555,1000,575.0,3033
6567,217286b44a2598d7cbe6b87723fa679aed6f8951,0,0,0,2013-06-13 05:12:22,2182,2003,1.9628,4185,12,7,2,112,15,27185.1253,362,143.4568,3361
6569,b900a97162ad69dbc58ae05559657a40029bcc89,0,0,0,2013-06-18 22:16:06,6363,69,5.45,6432,83,2,8,20,5,40546.4799,243,131.34,3033
6572,f0d6dfa9058495549d2509250fe3792174d2410b,0,0,0,2013-06-18 22:24:50,108,694,5.1282,802,1,1,6,1002,1,10613.8646,278,130.8643,528
6581,8a509ba8389088792cbeba18dc62852608b58444,0,0,0,2013-06-18 22:25:17,7,618,0.0641,625,1,1,4,61,10,5849.8198,283,127.7162,503
6577,d7205928283fbe2ec7c251781423e005d9216cf3,0,0,0,2013-06-22 00:57:22,1759,1815,4.6287,3574,59,32,7,38,6,24699.1883,374,99.8669,2934
6574,8ac958e46505461b32c897de33b9c6c76f591d30,0,0,0,2013-06-22 05:00:44,1759,71,0.1231,1830,3,2,1,827,4,25375.6925,370,146.78,3136
6579,a5762729cf5fcd7e846dedbcfe056bee51a0b024,0,0,0,2013-06-22 05:04:15,224,1815,0.212,2039,59,2,1,827,3,25373.5751,294,99.0532,3151
6586,8a3eb95236dc1bc82be43a8e80ecf69c35fe5f44,0,0,0,2013-06-25 14:03:28,3017,1618,1.9344,4635,10,5,2,151,11,55960.0031,373,92.5202,3196
6580,a452fd48e971fa17423785398015aac887dbb6c0,0,0,0,2013-06-29 09:29:34,187,8778,2.4762,8965,9,2,2,34,13,50914.0837,399,17.5973,891
6591,ea720e0b8ee48715e8360a82d463041163006386,0,1,0,2013-06-30 07:43:11,3549,35,2.6817,3584,5,3,1,75,3,40597.0448,372,131.5245,707
6578,e6f881781679d2c9961c2599194e83df9eb16664,0,0,0,2013-07-03 01:38:13,1512,1526,4.7077,3038,4,2,1,41,8,21996.1332,385,173.5058,3227
6604,4542555ea4cd4e1d7253eb7ce96e140fd0375e83,0,0,0,2013-07-14 11:31:13,58,46,0.8335,104,1,38,1,106,12,45906.8913,50,18.0401,3475
6584,05401481550685bcaa3ba22c63590988dde7eaf1,0,0,0,2013-07-14 11:36:51,2467,3382,1.3581,5849,2,2,6,916,5,69021.5066,29,24.0888,108
6598,5ee626691aa35a0d522089ea3f34dd1f2de1f866,0,0,0,2013-07-14 23:49:10,321,1162,1.7227,1483,7,22,1,110,17,65949.3564,403,172.6478,3433
6601,29eeb33d95ae1231b787f8959d2b81dffa2b7fc6,0,0,0,2013-07-15 05:13:17,1512,1526,0.1077,3038,43,2,1,1021,8,19601.2827,381,87.2242,3180
6592,fae50fc7a51bcd2716dd4c5f415a1f7384f984e1,0,0,0,2013-07-15 15:34:08,2814,129,4.9874,2943,2,31,1,44,4,66411.7335,275,134.9664,3033
6597,f3be324351c7a1086bdde7f6653d57a3956a296e,0,0,0,2013-07-15 15:34:51,2814,103,0.9206,2917,50,3,1,1020,9,64827.8464,286,132.8718,401
6568,b1a5c409cacdb9ae63c5643e5cb5bafea09311e4,0,0,0,2013-07-17 15:53:53,2467,3382,0.656,5849,3,19,1,916,1,70406.7995,238,109.8637,499
6573,b1528725f0d5fe2417a90ae1ee550dac8572edb7,0,0,0,2013-07-18 05:28:31,2182,111,5.1646,2293,4,3,11,45,12,28381.0464,377,89.87,2855
6596,624cb64a462765419bb0f81e2a50b3cec1c877f6,0,0,0,2013-07-21 06:12:31,7,618,0.9976,625,2,2,1,1000,5,3851.7583,366,141.9784,1
6585,c310f4c7fe2f93a3a3e4cedcb298b69070a040c7,0,0,0,2013-07-21 06:41:58,86,44,2.5,130,1,6,4,1000,1,5532.4319,308,131.3174,480
6582,e892cbb210a9fbdde0b1f37380e55be42b9a50b4,0,0,0,2013-07-21 07:03:12,60,5083,0.0787,5143,1,1,1,30,1,1300.0772,340,126.2336,627
6590,84209975a2a8b645c3708e3f8c9594972ca97f18,0,0,0,2013-08-02 14:29:13,4307,119,2.9293,4426,7,2,2,987,14,17841.3202,418,13.1395,1005
6594,242c704251dc15a0314255c64d5a9c00ac8582b1,0,0,0,2013-08-07 14:25:49,399,2388,1.1431,2787,87,1,1,1068,5,59066.0777,286,103.5464,520
6603,88d7305a5267aac598949519275123208195daf7,0,0,0,2013-08-10 15:04:34,98,48,0.5216,146,2,2,2,52,4,28174.1219,210,35.3342,139
6605,5bf8efc13e4e6fd6449e46e0abe146c7983001ce,0,0,0,2013-08-12 14:16:49,115,22,0.0775,137,2,19,1,986,6,73700.0073,178,30.5051,3033
6589,0f28095f9f79b49d45905e61709ff4fab6fedd54,0,0,0,2013-08-15 05:12:14,46,233,3.9069,279,20,1,1,1022,107,153.18,284,170.61,2813
6602,b8d213da44259b8ed55cb10e01204fac4db8dbe0,0,0,0,2013-08-16 04:31:31,246,2003,1.7144,2249,1,2,11,81,12,29258.2125,359,92.8015,3157
6607,bc09753aa844123a15691fe3a5815f869f034a00,0,0,0,2013-08-16 04:32:09,143,129,0.9099,272,4,3,1,35,1,32476.1141,297,101.3422,3096
6599,8f7484000ae40ae1b5c68e2d21b9e5a44d984234,0,1,0,2013-08-21 06:26:39,1346,4441,3.1658,5787,19,14,5,114,31,32246.5485,375,172.1977,3501
6595,f09a60914260569e81fd261173aea1b477eece4a,0,0,0,2013-08-23 06:13:16,36,193,0.4661,229,3,2,6,43,11,13741.9092,268,710.5,9126
6639,921278e322eaae008dae75e20a505f53aaeed1ca,0,0,0,2013-08-26 12:10:08,910,0,0.4925,910,7,6,2,394,119,36406.7911,154,710.5,316
6614,238f2ed13ba1739820a08e9f9e1211a9c3f0c328,0,0,0,2013-08-28 14:23:47,2753,91,6.2875,2844,3,1,16,16,9,60821.3813,1000,13.2502,67
6613,aca4323c1c0f05d29afcdfce5e4564663adc41e0,0,0,0,2013-08-28 22:58:00,2753,176,0.1041,2929,99,2,16,34,6,64015.4886,230,131.7432,550
6615,431bfe7a3cd25a531d68d20104b71fe87666b600,0,0,0,2013-09-05 18:16:21,684,25,0.093,709,1,1,1,20,4,82119.1087,26,575.0,61
6606,d2dfc953f80fc9450d9072ad9c1908e983a2d2bf,0,1,0,2013-09-05 18:25:10,59,2012,5.2754,2071,1,19,1,3,115,73537.7801,10,710.5,3033
6611,4950f1e8a700d9c545b59dd2b5389338ec76f293,0,0,0,2013-09-05 18:25:50,15,5083,0.0552,5098,1,1,1,1022,1,590.9299,1000,12.5973,50
6616,8a0a35184ddfbef70f9add0cea8e630bc999b571,0,0,0,2013-09-10 12:13:52,15,3829,0.4467,3844,3,5,1,119,10,46243.1434,212,14.1621,3475
6612,acb0416b51d7a1a8c61e6e8aac6fabc9614eefa8,0,0,0,2013-09-10 13:12:28,28,89,0.7457,117,1,2,16,22,4,61022.4499,204,25.4103,48
6619,bf937035a23cc875f2cbc518e1f40b07f62cf259,0,0,0,2013-09-13 18:43:58,211,2648,0.2372,2859,3,2,5,59,14,16924.6505,383,135.5834,1956
6621,82ef9337e27b626933585a0ef00f1acedb877fde,0,0,0,2013-09-18 12:10:22,9591,13,0.9705,9604,1,2,1,27,7,52855.869,52,6.1928,12
6610,fc4c4e6f407970a2488535a5473cce0aa846a390,0,0,0,2013-09-19 16:47:56,469,14,0.0624,483,1,6,4,1000,6,6059.0,31,18.8124,3033
6618,a8f66c5a2fb0b5b59f2f858e6791fd45e978daf4,0,0,0,2013-09-21 11:28:34,32,62,0.056,94,99,38,16,9,3,62059.3132,202,17.6982,61
6620,3b4960735552da3e25e7f1a6233d728005edcb25,0,0,0,2013-09-23 11:59:03,2651,2388,5.4776,5039,87,2,1,32,10,58142.5122,413,47.6224,739
6624,1b9fa7f2377d0ce2fa009b5d2c6d998e0a4e21a5,0,0,0,2013-09-26 08:21:28,5665,61,4.7242,5726,3,2,1,1051,2,30203.7796,410,12.7428,886
6617,395f7b6ae48c1e73c671b3cbd1568f4fc3eb878d,0,0,0,2013-10-01 16:16:57,6970,8778,1.7177,15748,4,44,1,94,14,52673.1781,362,50.242,753
6623,8dca8598b391be90b0cec6453e17bedabf036eaf,0,0,0,2013-10-04 16:28:47,30,4,0.0327,34,1,1,4,871,8,77841.2332,49,15.2804,3033
6627,a890498f764c03a33592b7fda97e39f15e540c5a,0,0,0,2013-10-10 12:46:55,290,1143,1.8733,1433,2,2,8,46,3,54604.7605,394,102.1131,1764
6608,a33e1a39a15f5360a2ae671e682108ff61dc024a,0,1,0,2013-10-10 19:22:42,56,2465,5.2833,2521,3,2,17,40,5,41925.7851,342,133.1874,616
6625,0ddbd095c1c87905eb971c3591690fe3d5897c8a,0,0,0,2013-10-11 10:04:28,146,28,0.0974,174,2,1,1,19,7,54856.908,316,127.7128,593
6630,95beea4c2205786b78339b672dfdd41bf3eb2372,0,1,0,2013-10-11 14:31:56,186,3319,1.1884,3505,2,4,8,87,19,40757.4358,402,13.1767,750
6609,8508ed1de815d48cf501bcaa6322850c82814c3b,0,0,0,2013-10-14 15:22:48,177,142,0.9551,319,6,2,16,29,134,62478.1381,381,132.5188,1761
6626,c583dc0527a179764032558692888376202c007d,0,0,0,2013-10-14 16:17:41,39,3382,1.5574,3421,4,2,6,8,10,69784.0668,386,131.2674,1775
6654,7e0cebf36f0051ac1adf62abcbc1e171df2ea06d,0,1,0,2013-10-15 11:55:12,448,676,3.1407,1124,14,6,4,432,107,60008.5173,1000,575.0,294
6631,f03fa9b206ed766aacb576a8fa1c78bf9f3fea61,0,0,0,2013-10-15 15:11:41,34,1275,3.0268,1309,3,2,2,62,13,82629.7689,374,138.3406,1719
6629,e51d6a3a3dc3a026e276c1df9d386ab411861b46,0,1,0,2013-10-15 21:57:32,256,23,0.7614,279,3,2,6,28,11,18528.8137,396,121.8367,1911
6632,38ad7329e297a6fa969b7c3c6dca8e182b3f83e1,0,1,0,2013-10-16 14:11:30,2651,16,1.5901,2667,2,30,1,6,2,58249.8751,15,9.673,29
6637,1eb4f7dec0b693c6a6b66ce8e202fc650a75a8e2,0,1,0,2013-10-17 17:46:11,1031,99,3.0014,1130,23,12,3,200,19,48705.0961,1000,26.669,3475
6633,56bce6ef6257db0697475aafc3f2c727f227b803,0,0,0,2013-10-17 22:36:48,341,694,1.276,1035,3,14,6,1002,107,14053.4,290,158.9905,1
7076,21bcc0acd0ffe413f3df60fd6683debe19da2f93,0,0,0,2013-10-17 23:41:57,296,4441,0.5924,4737,7,3,16,140,6,32967.1472,289,146.1295,3172
7075,0d82ed2985dc51149629e387a1de861d631bce82,0,0,0,2013-10-18 17:14:37,9591,25,1.7015,9616,5,3,1,119,11,53777.9484,311,125.3966,2975
6645,6dcf74f022f4a127260b0e8d52b772fb28fa2249,0,0,0,2013-10-18 19:11:05,304,55,1.1024,359,6,2,1,1002,11,12835.6123,406,77.124,1
6640,acb9c6bce7651865262bed3754656dc9ad5dc1b1,0,0,0,2013-10-20 20:20:50,4307,2648,0.7614,6955,40,2,1,987,9,18131.25,301,92.1991,425
7079,eec2840d831637e05a55a16bdd5a3e039a7d1ce0,0,0,0,2013-10-20 20:21:38,5613,37,0.7188,5650,98,5,12,56,13,46652.5341,362,139.4484,3247
6673,1228a5ec60452200e12cb77a9bb0623d340e87d2,0,1,0,2013-10-21 00:08:20,788,1259,4.7267,2047,62,23,1,266,43,25766.6667,397,36.1846,3297
6641,ebba4fd74adf7caa5ea5f9f46351ff90ee6c4cb0,0,0,0,2013-10-21 12:53:16,37,39,5.2754,76,1,19,6,26,4,74641.0399,1000,6.9247,3033
6643,83e209b037dcf1f2c53d3a006c765bf5d77df133,0,0,0,2013-10-22 13:06:19,2753,8089,0.2331,10842,99,3,2,1130,134,62706.8826,388,88.9006,3256
6646,08a9e76b9fb3272fb228746a8106040c84e9047c,0,0,0,2013-10-22 14:11:32,27,7302,0.075,7329,2,31,6,28,13,66252.1608,15,9.1869,44
6636,fba6e15cce765124e6e97ec26870b024b764269f,0,0,0,2013-10-22 21:16:19,185,50,6.2622,235,79,41,8,5,8,55908.8221,405,40.721,742
6647,119a023137b1d9e22a32e35973241e49b859ce30,0,0,0,2013-10-23 09:15:57,5298,2952,0.3959,8250,87,53,16,56,144,50405.8566,373,135.475,8364
6650,6dd6ec56a5051d5b565d5ca95231725321e68680,0,0,0,2013-10-23 10:22:53,5613,148,5.6438,5761,98,38,1,1033,6,47298.8784,421,41.6932,938
6644,f941a6d3b6fcf547f7ca9b02a6f802dd48ead8b3,0,0,0,2013-10-23 15:26:47,198,47,6.2875,245,2,1,16,1130,134,62845.0807,55,14.5083,62
6642,361e469bb9ac742bd3c2ddaf930cdebe160300f1,0,0,0,2013-10-23 22:03:15,35,4441,0.6143,4476,3,2,2,24,7,32043.6423,50,6.7675,3632
6653,633e3e6a7ed8bc903a749b7f21902c5b4ec5099b,0,1,0,2013-10-25 14:15:26,494,289,3.8208,783,35,10,8,96,4,55517.196,293,105.7122,2910
6798,b08240d13a4208eda702539d0c47a068c67515b2,0,0,0,2013-10-25 14:43:57,206,8778,0.2983,8984,80,2,1,47,138,52654.5376,353,48.0166,960
6812,31dbfe65e46d8419d0da8d670b5958407adbdbf2,0,0,0,2013-10-25 15:13:38,410,35,1.9994,445,1,1,1,20,4,1483.1372,387,70.3523,9112
6655,d1498502482d4e5045880c21a8e5b4fab2caa1b4,0,0,0,2013-10-25 17:05:37,163,76,5.1646,239,5,34,11,69,15,27984.9506,368,157.5302,2861
6808,2a00bc3ff46fb70fc8561ed12b88ca16a979bbd4,0,0,0,2013-10-26 15:37:48,47,8089,6.2875,8136,99,38,16,58,7,62532.8631,383,150.3574,3152
7167,bb5d7708d8ddd7791d61b7a3f145cdbfbefa6fc3,0,0,0,2013-10-29 09:28:14,2814,184,1.3671,2998,2,3,2,27,5,64631.7688,1000,15.0029,3033
7170,253a7359d3f55d4496dcfd818e3fc06a7e764c64,0,0,0,2013-10-29 14:20:44,684,1275,3.0268,1959,1,5,1,43,1,83342.8126,384,130.9182,1944
6665,385c0be988eef4fe93602e0d13e526c22179c37e,0,0,0,2013-10-29 17:59:25,641,2113,4.1948,2754,26,17,2,41,20,34832.9534,1000,710.5,129
6658,24d97ca93349dbf4506c5d3ba917c8c2bd986d3e,0,0,0,2013-10-29 22:00:58,139,112,5.4776,251,87,2,1,1068,10,56839.0658,460,148.5394,1711
6635,4285102eb5cd9024c07a841c66240f8ade310d50,0,1,0,2013-10-30 13:36:22,474,3382,2.5526,3856,15,4,1,71,3,68130.5171,303,145.6888,1
6649,8b8ae7f40c4ae533ca10136aa554207e926470ac,0,1,0,2013-11-01 23:07:58,6363,3319,1.6858,9682,5,5,2,119,21,37718.0082,207,13.2803,3033
6657,1096d71e8ffa348bc825e924476f6dfc256d810b,0,0,0,2013-11-02 11:02:09,47,8089,0.12,8136,99,38,16,1130,5,63137.66,181,28.3906,76
6664,f3db2bc02121d668b64faaf759d4d62e4d984ebb,0,0,0,2013-11-03 15:04:06,71,51,0.6472,122,2,19,6,11,4,73028.4008,347,124.1118,592
6666,225dce0f7edef36a8f089a33175e8e8c45d98b6f,0,0,0,2013-11-03 17:30:10,3439,1299,0.3306,4738,6,58,11,1022,11,41340.725,278,65.188,3388
6661,34d20cc2a848599b8978c31e4a47a9a44e51b5e1,0,0,0,2013-11-03 21:53:12,31,33,4.7077,64,43,2,6,1021,3,18569.96,360,145.2146,3109
6651,a544e44f628bfec7a8301f3fd8300b68f1445b3f,0,0,0,2013-11-03 21:59:49,42,1275,0.2169,1317,2,5,2,868,14,85854.5574,408,71.0041,2855
7169,99602f9a4a5bf7b84cb96b13a77bf76eff103242,0,0,0,2013-11-03 22:44:38,2182,132,0.1671,2314,68,34,2,1106,20,27413.1446,370,86.2665,3192
6663,d7cb6b76c0969fc5e46a5d7bd8b940dae6a2b88b,0,0,0,2013-11-04 16:39:14,190,1618,0.2561,1808,75,37,1,70,19,57326.9973,276,155.1093,3315
7173,a91802d9317d02eb5963eba57fca19148874ebe9,0,0,0,2013-11-04 19:08:24,364,258,1.5563,622,10,3,2,1033,13,46223.4152,369,157.71,2935
6670,c12719440244b3940799cb7856c3dc02be223149,0,1,0,2013-11-04 19:08:56,2814,77,1.1198,2891,5,1,1,1020,118,67881.7605,356,94.4824,1
7176,0c1dee095a213aabbba36f5ef5342edffca1cf3c,0,1,0,2013-11-05 16:28:41,33,8089,0.1154,8122,2,38,1,144,17,62378.2459,188,30.9343,3558
7177,77e20872d38e7bc1084459ed849c723f072cc87a,0,0,0,2013-11-06 11:34:47,13,3382,0.5942,3395,4,2,1,118,18,71250.4796,302,129.2667,606
8040,36aabd4e9472659ed3320817e6f2ced4404397b8,0,0,0,2013-11-06 13:32:54,160,123,0.4607,283,75,4,8,102,134,57217.7199,402,168.7553,3475
7174,710b12ab97ddf8f8f996959afedb1663da3c1252,0,0,0,2013-11-06 19:47:11,211,98,1.2988,309,7,34,1,1106,9,28733.2557,287,95.9588,3178
7166,dff76e185ed39cd1123ae094ac73b1530d56ed52,0,0,0,2013-11-06 20:24:48,469,33,2.5,502,1,1,4,1000,107,4747.9731,371,153.4451,1
6660,80660c6e9dbc65802c6c53ba2f6275d20d98dbe4,0,1,0,2013-11-08 14:28:50,461,220,0.9582,681,2,1,1,53,12,54840.8472,314,123.6433,2985
7178,4501f806bc2c9a7d2538e8c8500aaf70359a4d7f,0,0,0,2013-11-11 15:08:02,65,3382,4.9358,3447,4,19,6,55,7,71866.4821,355,143.5221,2907
6667,91f7d1604f5c76edb1e05ac4b8eba19cf9d5b702,0,0,0,2013-11-11 17:28:43,84,52,1.0832,136,1,18,1,987,9,14309.838,1000,710.5,50
6668,eeae68775fae702bd7f435f82bc56b92a553a1bb,0,0,0,2013-11-12 10:47:33,4779,2465,0.1816,7244,76,2,17,43,133,42387.9376,358,135.9434,2977
7175,a8d6368267b62e620157dd0322831ff447502804,0,0,0,2013-11-12 14:25:57,79,2388,0.7636,2467,3,3,1,25,5,57052.8271,14,8.2866,2713
6672,3fff141844347ebea413d4223f4e42d4d46924a2,0,0,0,2013-11-12 18:17:03,41,3382,0.0435,3423,62,1,6,28,13,69503.0048,209,31.6315,80
6676,945a3c6e0a9533f2f3f0f115c2ac52f4e8c0d9c0,0,0,0,2013-11-19 11:20:09,323,284,1.717,607,6,4,10,46,6,60020.9534,312,133.4639,496
6671,7330dc702d40e4c348f6a8f2a67d0bd63eff0fc7,0,0,0,2013-11-19 16:11:34,24,64,0.8243,88,2,2,4,44,0,5832.9903,365,47.0552,901
6689,9dd4635ad69bf107ab9f81c8e7ffd495475471e0,0,1,0,2013-11-20 17:04:36,2197,1439,3.5298,3636,52,31,2,47,13,52284.42,288,177.8066,3137
6680,a4b1dbdb17c1df3348db362cafd185c326652158,0,0,0,2013-11-21 10:33:16,174,21,0.0388,195,76,36,1,1177,1,41567.4962,1000,710.5,3064
6683,175df978d13a62a7d6c71c93e91b75bff39e0cdc,0,1,0,2013-11-26 15:16:42,30,10,1.0894,40,51,2,1,871,0,79782.7323,359,46.0751,875
6681,b44349e8de1363077d4be2b96f558eccb26169e1,0,0,0,2013-11-27 14:39:35,9591,1143,6.2622,10734,1,1,1,4,0,56394.4657,8,6.6826,14
6684,a7b305c978a90cb4633cbbee847b06dcb7fc8fbe,0,0,0,2013-11-28 11:13:55,106,171,4.9874,277,2,31,6,1020,118,67006.3064,428,132.4019,1926
6674,1a527afaf3bcda8099f96285884452f87186b1ca,0,0,0,2013-11-28 11:16:35,106,8778,1.2771,8884,6,3,1,107,11,51095.4101,453,94.0602,1905
6679,5a3fe6c948e7be13e7ed66eb932c93a415458fba,0,0,0,2013-11-28 14:23:17,48,2388,2.6394,2436,6,3,1,1068,4,59239.6925,210,12.0171,45
6686,38725c715924a38432b3c16d0e781d630b7b0500,0,0,0,2013-11-28 18:00:07,4779,2465,5.2833,7244,76,2,17,1177,9,42354.7663,292,104.8079,1
6682,c61bc993f9dd4825199c922086c5ed6c63e4c791,0,0,0,2013-11-28 19:01:33,9591,12,1.5973,9603,3,3,8,116,12,54695.6561,347,125.4381,1
6687,2dd2cb7aaed4394cf1749d7992e46b2a94617e13,0,1,0,2013-11-30 21:21:37,1382,315,2.5662,1697,21,14,5,218,42,58201.758,134,52.9676,346
6705,3ec7cae5561f12096fb23e1d6f54c41af5cfdaff,0,1,0,2013-12-01 02:10:25,2943,1173,3.5857,4116,24,10,2,449,0,17290.7616,1000,75.9443,3360
6702,aa5c8c521cf1987ef176ac28c5c8373c25de3683,0,1,0,2013-12-02 09:25:59,1597,3829,4.4853,5426,32,25,4,472,19,46246.9789,1000,52.9378,246
6727,a6cbd9408ee7c5859d7ba0599c2554551bceca80,0,1,0,2013-12-02 20:13:17,595,1000,1.1798,1595,12,4,3,402,117,37236.0494,137,44.694,360
6703,25aa028596c3de1619e3321021edeac95f878e62,0,0,0,2013-12-04 14:24:30,271,413,0.3808,684,1,2,1,16,131,36789.2288,305,137.3616,283
6698,84e2941bd31a97e806f3cbacbc4c5dfef7f249e0,0,0,0,2013-12-04 15:18:19,64,42,2.5,106,1,6,4,1000,4,3325.8275,305,94.0009,292
6700,6ee987f770bfd57c365c5c564d11a8cd379d3187,0,0,0,2013-12-04 15:19:31,31,100,0.107,131,1,1,1,1022,7,93.99,312,133.4726,625
6697,c10ab7fc2a7f506261cd986221bd7798cc79633b,0,0,0,2013-12-04 15:22:26,7,618,0.0588,625,6,1,1,14,107,3405.8799,352,98.5926,148
6675,162652326ef0d75f68ff35bc966676eedd91a89d,0,0,0,2013-12-04 18:30:42,276,694,0.1914,970,38,14,6,1002,107,11138.9056,285,147.3495,1
6706,9a1ce54c28a93ae28ed432ed39b7a8685d9d1d02,0,0,0,2013-12-05 12:04:40,9591,1143,1.0959,10734,4,3,8,46,8,54850.5951,346,129.4933,2974
6710,f2657cca2b981c1ab1f685d45186896c51fb7676,0,0,0,2013-12-05 12:06:07,915,65,2.8837,980,13,5,1,1033,7,47675.111,314,102.8299,296
6707,aacb734af0150a564427ca99e422d73365adc988,0,0,0,2013-12-05 13:19:47,102,3382,0.3382,3484,62,19,6,916,119,68273.4405,354,98.2605,1
6713,696c8fe49dd644476014e9f1eea7c8832104efbb,0,0,0,2013-12-05 16:50:29,63,59,2.3814,122,9,5,1,1068,2,59482.7697,60,2.9805,2713
6714,6a1869292b4ac99419fb8e54438d2b099cd3bcaf,0,0,0,2013-12-05 17:28:01,2467,3382,0.4846,5849,1,2,2,916,5,69334.9523,173,8.6304,13
6715,28780d44f89665b7baa32ba09cf256c0dd097be8,0,0,0,2013-12-05 20:47:25,109,84,0.4336,193,1,4,3,1068,6,58302.3733,171,30.3605,73
6717,8114f64842c1a057b416e78e1ccc620c6b26a449,0,1,0,2013-12-06 10:23:44,264,256,1.2684,520,6,5,3,9,35,50681.5585,174,8.6841,68
6739,53bb5bda61b55b1a38806f0a60dd3ce0590c3fd7,0,1,0,2013-12-06 14:43:43,14,760,4.2179,774,25,11,4,514,124,49487.9526,262,55.5327,4386
6711,06168008ad8d2523d9a951ef499eb1c22bcf2939,0,0,0,2013-12-09 10:58:45,1512,88,0.1609,1600,4,1,2,1021,5,18790.0286,210,41.532,69
6718,b7053ed2fa29f28c23b038067caeb3e56728ff84,0,1,0,2013-12-09 14:55:37,773,109,2.574,882,19,10,1,189,16,54572.5537,359,129.3709,1
6720,136620391ca65e7744f9c9c94aee436eb88713b1,0,1,0,2013-12-09 14:57:57,9591,28,4.0756,9619,30,6,2,86,15,54781.6533,366,96.2878,2076
6691,5facf2f733ff7913438d65ba6153672d7dc194ff,0,0,0,2013-12-10 10:49:32,256,2012,5.2754,2268,4,19,1,47,115,74797.8714,406,154.4474,2841
6712,dbd97b8ac0a9f4a6a6320c9257faf18a114f6c74,0,0,0,2013-12-10 15:02:19,166,66,1.7834,232,7,3,1,19,6,38508.2994,347,127.3209,1
6722,da46afa997db2a6239be881fff799b31c39e8fb2,0,0,0,2013-12-10 15:48:52,88,1815,0.7753,1903,5,1,7,827,8,23817.5872,374,85.3957,2897
6685,962a8b51531b2350036d20fc4685ffb95946f683,0,0,0,2013-12-10 15:59:09,1759,106,0.251,1865,4,32,1,53,13,23400.3606,364,95.6143,3259
6716,9a36178c7eb3caa9c7d6808cef6ef042af8813aa,0,0,0,2013-12-11 14:41:56,45,2012,1.0291,2057,3,2,6,2,8,73658.3117,17,710.5,55
6695,cfad3eb34595ee7efaf8f818f4bd8561a50838fd,0,0,0,2013-12-12 00:07:48,576,384,3.6595,960,51,18,4,871,108,78733.2106,382,56.594,2834
6719,1541ac3b4c2221e157c41fa1c87c104057c9b304,0,0,0,2013-12-14 03:03:44,173,105,0.8552,278,5,6,2,27,109,14517.4075,355,140.2048,723
6693,f3d14f02cd81fce1a02a0ef57c9ec98e19c282f2,0,0,0,2013-12-14 13:04:25,6970,235,5.8891,7205,5,3,1,48,138,50571.8781,308,103.0345,564
6724,8cc2052f9b124ffc8c9955359b5a7fcdac1c53fa,0,0,0,2013-12-16 13:05:12,348,176,2.0482,524,5,3,2,16,3,50629.7607,344,135.3235,656
6723,a9b9ae1fa9d8f737f162af5ddf2304d1c05edc34,0,0,0,2013-12-16 14:10:57,138,14,6.2622,152,79,41,8,966,116,54592.2048,341,123.5151,531
6726,eecdb833ac67d7721241894f969ae5b6c771e539,0,0,0,2013-12-16 14:50:52,95,92,0.9684,187,1,3,2,25,3,31760.2826,312,133.1699,558
6748,c95583988db192ae1aefdcb1401b59673a718dd6,0,1,0,2013-12-18 21:02:00,599,380,3.307,979,43,1,1,192,89,77425.3977,219,47.5968,1029
6731,51563c3d14c2841a3bf1cc83269f35387fbeb453,0,0,0,2013-12-19 16:21:48,78,8089,2.2358,8167,4,2,2,10,134,62559.2237,314,107.0731,315
6729,781711d789980b8b3540bc38d596c86812b5f6ae,0,0,0,2013-12-19 17:10:30,2467,74,2.5368,2541,7,3,2,21,1,69375.092,183,9.2923,219
6734,cf4fb9561ee3570bbdb1b813ece661ffcac6b6c3,0,0,0,2013-12-19 23:01:38,1,5083,3.9069,5084,0,1,1,1022,2,49.3526,305,138.9403,568
6755,2d2853c455ca7bfbda3f40e7651799ed48a2bb05,0,0,0,2013-12-19 23:03:21,177,1106,0.1762,1283,5,44,2,220,102,49977.3938,301,137.9102,919
6733,727c9c06867f18aa8f94cd2e2278cda4fc2cd3d6,0,0,0,2013-12-20 08:55:43,4779,43,0.978,4822,6,4,3,38,38,41686.6324,215,37.5728,86
6742,e6911e75f183bf7352ab3e09396365bdc1231230,0,1,0,2013-12-20 13:09:33,536,548,1.9699,1084,17,18,6,1377,10,51728.4469,464,141.7573,289
6758,ffcb8d57e9e62e6d28b5fce78730c96670f8f8af,0,0,0,2013-12-20 13:23:37,6970,309,0.5951,7279,5,1,2,342,110,51889.1892,435,92.3164,357
6735,5d3e6869f4a0d7048ae018e4c330c2c5aa1633cb,0,0,0,2013-12-20 13:26:14,24,72,0.065,96,2,1,1,15,7,558.6949,348,99.2849,63
6738,9c781ec2210804387de936f18568edfb18d583fa,0,0,0,2013-12-20 14:24:18,129,2465,1.3171,2594,3,3,2,22,1,42511.196,308,130.1371,577
6741,1d69354bc356f1e21c6fe348f03a0272b4abd50d,0,0,0,2013-12-20 18:10:59,43,55,4.9358,98,2,1,1,21,3,69163.264,342,127.8961,211
6736,eebfac87bd770ed1f2dd7ac647bc6a9b4e88d842,0,0,0,2013-12-20 18:15:59,38,49,0.124,87,3,26,1,32,6,18248.639,357,102.6969,617
6740,30fab79b0d52402e885c67f5796263d47a4173f4,0,1,0,2013-12-21 22:43:07,69,60,4.7242,129,1,2,16,11,5,29876.4471,422,106.7836,3632
6743,092a86875ce6c45b2dfa92674d606f3bcbf0f31f,0,0,0,2014-01-07 09:31:18,6363,3319,5.45,9682,83,32,8,1243,132,37817.6508,43,12.6422,58
6746,412bcc36df01236f38ba02e5123f4240b189f2cc,0,1,0,2014-01-07 11:05:48,404,119,1.0269,523,3,3,8,3,6,53131.9124,23,21.4586,10
6744,b0840299c3fcf2dd7d7ccacde4b6f33aa7b1c738,0,0,0,2014-01-07 11:05:48,398,119,1.0293,517,3,3,8,3,6,53131.3455,23,21.4778,10
6752,c38c68e1bc0d6abf79c0d4f9ceea5bb2a8b8a1d0,0,1,0,2014-01-07 15:41:27,379,8089,4.5625,8468,65,29,9,1130,12,64089.0,406,220.4961,2442
6749,4c9353033673ca69e0e4ea42e6974af53a7151bc,0,1,0,2014-01-07 19:00:53,304,106,2.9736,410,13,5,3,20,6,68320.5512,1000,24.001,3033
6754,d0aaaa83cd1ec81cfd8d355d157cdf9b05d839fe,0,0,0,2014-01-08 09:30:12,863,3319,4.6497,4182,26,32,8,1243,132,37688.8383,22,15.8275,3033
6751,84d613f771c150f9da03c5cf50e2c05515f98df9,0,0,0,2014-01-08 12:06:11,11,465,0.0362,476,2,1,1,8,2,78092.0133,335,266.5039,463
6756,3b682a98e949a052a907e501be067190d4f0a1dd,0,0,0,2014-01-09 20:33:01,83,32,1.6478,115,2,4,3,871,6,77386.2617,243,115.8153,184
6753,066e454376da18fffdc24bc51744afb78848d45f,0,1,0,2014-01-09 21:00:41,2814,378,4.0163,3192,20,11,1,1020,5,65931.4201,352,290.6358,391
6760,bcb6459381e7378769ea41c4e3cceeff2c3acc6a,0,0,0,2014-01-10 08:49:28,663,2113,2.404,2776,5,6,3,1041,3,35267.1609,43,2.3583,105
6762,080ed98b3a1c2b695addf3e37f2c21bed77fc81c,0,0,0,2014-01-10 14:28:41,39,24,1.0342,63,4,3,1,1068,3,58351.496,1000,575.0,2713
6763,3992fc6996178a618a8800934e4637e00af1acc4,0,1,0,2014-01-13 19:16:54,157,2012,0.9579,2169,2,2,6,986,6,76569.4996,18,14.2687,3033
6764,a96bf0d4357cc51032e142b1462e981f192ef257,0,1,0,2014-01-17 10:43:37,160,62,0.6977,222,4,2,2,10,133,42252.3316,209,90.6195,174
6765,a7fbbc95517eb0a2c7c3557aa1a3fc87cae1b12d,0,1,0,2014-01-17 14:22:36,60,23,1.9755,83,7,9,4,28,8,54005.8357,357,58.957,581
6766,cb30f7a0e87105da581cfb9a280580f475e0e6a2,0,0,0,2014-01-18 15:29:27,4779,2465,2.119,7244,5,2,1,1177,3,42319.9758,208,87.061,157
6747,18f9bd75378cf6a93b03e08cf8b39158122fca64,0,0,0,2014-01-18 22:34:21,45,54,1.5247,99,3,2,7,14,1,25439.5101,180,91.3002,184
6767,6c7c8b47752d22d7a5464de3c079b15bb068179b,0,0,0,2014-01-21 02:58:09,3581,694,0.0868,4275,38,14,6,27,4,11453.8347,303,254.6829,431
6770,332a2fa9151fbcf8a843fffa2b8299b6d4a6aca9,0,0,0,2014-01-21 05:11:09,149,1815,1.1108,1964,59,3,2,827,5,22159.7663,369,286.072,792
6771,2f1050f7e0505dc9bd23e417be9d6d208065eb2a,0,1,0,2014-01-21 12:01:19,638,160,3.046,798,11,12,5,1033,14,48126.9823,43,32.3651,131
6773,849ddf89469616fdf973820f718ade84ddd10c79,0,1,0,2014-01-21 18:26:14,360,51,0.1011,411,2,1,6,916,1,70014.5702,430,155.8894,3033
6776,d7ed899d1cb6af5b90b65fdf125ee16e477bcc37,0,0,0,2014-01-21 18:58:09,2467,74,0.0772,2541,62,1,1,18,119,71794.3603,391,157.199,46
6778,5a242f7aee640a8bb123804777d9306fbafe0d5e,0,1,0,2014-01-22 05:33:43,9591,1143,6.2622,10734,79,1,8,15,1,54616.8742,321,266.0892,98
6780,601fdd2ed7ffbae2ae516dc062538b018a7d584f,0,0,0,2014-01-22 09:05:14,2467,82,4.9358,2549,62,19,1,916,2,71676.5936,431,139.6627,58
6775,31bae021b7639e2cba52c50df650cdd8f8677c08,0,1,0,2014-01-22 13:08:30,255,8089,1.2015,8344,5,4,2,1130,10,63595.2453,402,140.9417,63
6781,bf7663797c751fa0a290a92a649535b1133d613a,0,0,0,2014-01-22 14:48:17,81,3382,0.0778,3463,2,19,1,916,7,71162.7527,25,575.0,90
6797,187d83320449a76541e300ba27d10dc64efeb065,0,0,0,2014-01-22 15:32:54,5665,106,1.6096,5771,2,1,2,332,102,32803.3622,40,710.5,172
6779,0d43d8f8934be9fb6796d24c4029e5d89b4c3ff8,0,0,0,2014-01-23 16:26:04,77,49,0.5669,126,2,2,11,32,3,27174.1577,10,62.6659,215
6785,2d561772e83d4d9e2d2a34ee823500dcff6d0ad8,0,0,0,2014-01-23 17:02:54,880,5083,1.2034,5963,3,3,1,25,6,697.8889,75,52.4731,98
6782,6eb306aa98ff546c71bbe8c1eacf961fca440ddf,0,0,0,2014-01-23 17:24:55,42,76,4.9874,118,1,31,1,8,118,66255.4205,36,33.1911,3033
6783,f6b353f4ee9459ee2c2501a3c02fc7c013bebc7a,0,0,0,2014-01-25 00:28:35,165,3,1.029,168,2,3,2,17,5,10603.9991,29,32.4708,3033
6786,d74d4bf7e360de4c230314285725a54472e095d5,0,0,0,2014-01-25 12:49:31,257,1143,0.4821,1400,7,3,3,24,7,54453.7358,21,19.9234,78
6777,9b1c4ff6686cac7d95734ecf56dd8eb90f7121fc,0,0,0,2014-01-26 12:13:48,4779,21,0.0491,4800,2,1,17,9,3,42289.712,36,45.5073,3064
6787,24df2011ee183fc1f997a79e569c20b1c19f840d,0,0,0,2014-01-28 11:13:24,4779,2465,5.2833,7244,2,36,1,24,3,43923.8356,215,92.7968,166
6788,9690abb2c382fbf6309676456cb867f8e76e63d8,0,0,0,2014-01-28 12:44:04,5613,3829,5.6438,9442,98,1,12,1033,3,46608.784,81,21.4,60
6792,e5eb3c85181bcd85f070be18166527673a039dfb,0,0,0,2014-01-28 13:37:55,2651,56,1.476,2707,7,3,2,1068,134,58775.488,384,160.1705,2713
6789,939708223ba3d7ce050f75ca96d39a9a183087a2,0,0,0,2014-01-28 17:25:01,95,33,0.8924,128,76,3,17,21,4,43933.1488,185,70.2456,3064
6791,0212c00b2b0e75c6859efc7c99a004254445d0c2,0,1,0,2014-01-28 17:49:29,16,93,4.9874,109,50,31,1,7,118,67810.3634,337,275.2488,327
6801,690ba565f0fbd8754a9f21d6595002ebcb825e12,0,0,0,2014-01-29 09:30:49,1096,1143,0.3567,2239,7,1,2,341,111,55800.5456,283,245.2605,623
6793,91ab01679b252c260455dd9e9856e3f253dc737a,0,0,0,2014-01-30 10:47:41,157,3829,2.5713,3986,6,4,2,22,3,48467.4486,186,70.5646,107
6285,5e40545ca23c06d9d1e8700e50ac6b881b4fb549,0,0,0,2014-02-05 09:38:06,110,197,1.2973,307,4,31,1,1020,9,64740.8565,300,260.8878,423
6790,f17ccfb52eac786497dd2a7d150f5e361cfca5b1,0,0,0,2014-02-05 14:28:16,2753,142,0.8487,2895,5,38,16,1130,5,62829.8477,403,55.2532,467
6290,4cdf70f0e7d303954a84c684d035e4fa04e70beb,0,1,0,2014-02-05 22:19:57,78,53,4.3392,131,32,10,4,986,15,74827.8095,265,236.6601,1664
6294,533bcc62e669069c00ee690a6942f1dbc387b4dd,0,1,0,2014-02-06 20:13:32,264,93,2.4441,357,7,2,1,1243,8,40374.5991,833,3.1334,3033
6293,619430adecdf0ad0a31e7b7631e64b1863e07ec7,0,0,0,2014-02-06 21:34:09,2651,2388,0.9256,5039,87,2,1,25,5,58968.336,23,2.9741,2713
6759,f45357c765e9b575bdfa439f34879bb5ccb94980,0,0,0,2014-02-06 23:44:02,431,32,2.0901,463,5,2,1,68,6,2838.2917,68,710.5,254
6288,196c2f1dbabcf3593a25cb8c60e6ff4c6e0da502,0,0,0,2014-02-06 23:49:08,222,618,2.5,840,6,6,1,30,2,2869.5926,1000,710.5,3033
6295,3c43e586a73db546c55c1bdc4961ba22c6aa4964,0,0,0,2014-02-07 00:15:39,304,30,2.5,334,1,1,4,1000,6,4420.9358,1000,38.9897,3033
6769,71a721cabcb7df38054668aca97255e7b545b6ef,0,0,0,2014-02-07 15:57:59,684,1275,0.9146,1959,2,2,1,868,107,82685.7679,156,69.1474,199
6761,97147a39ec17096b2c5dbfcd70a32c7bc5fce3a6,0,0,0,2014-02-07 16:18:38,16,3,3.0268,19,11,1,1,868,4,86222.2457,185,76.1502,48
6292,b4ed23e3ccb037a5bcf12abc8de3b2b4b220b0e4,0,0,0,2014-02-07 17:26:51,146,2648,1.0383,2794,4,4,2,987,2,15559.1888,182,66.2492,138
6794,db40aa164112b2c4de5867dcb4adb8baca9561a8,0,0,0,2014-02-08 09:47:33,53,3382,0.8568,3435,62,1,6,31,6,68494.6629,215,67.9465,3033
6296,f050b708268b781fd86cadd96aeaf6469ebec7e2,0,0,0,2014-02-11 14:11:27,24,2465,0.9826,2489,2,2,17,11,7,43377.3097,26,13.6925,15
6298,90846d7fef5df651bb5fdba27c8bce29fcae4c4e,0,1,0,2014-02-12 01:52:51,677,538,3.1229,1215,30,14,4,827,3,24287.3049,379,307.1653,1420
6313,8504c51202ab6b52af1606c15cf5ad117a94af48,0,1,0,2014-02-12 12:38:25,72,1515,2.7199,1587,38,14,3,231,103,52278.5128,240,310.7649,1462
6289,5faa4191325ec831630f08aeebfc066943ac8a5d,0,0,0,2014-02-12 12:51:39,2985,65,2.1277,3050,4,19,6,986,115,76122.9628,353,294.6875,361
6314,f2a019e8e83808c5094fc17fe5703a0a96f20acf,0,0,0,2014-02-13 10:10:26,119,3382,4.9358,3501,5,3,2,373,102,67994.7337,391,318.3711,758
6300,d06b2c5fca5d34556005c56c1bc8e1b12a7faf9d,0,0,0,2014-02-13 23:15:35,6363,3319,5.45,9682,4,2,8,1243,132,38106.7158,348,285.5875,574
6304,70b35d9278f527b919ff53516a40f8205f14d447,0,0,0,2014-02-14 13:33:51,2467,3382,1.5638,5849,5,1,6,22,5,68511.6929,166,67.3775,5
6310,eaaaeea66ef5cf7591911ead9f344b8de704c259,0,0,0,2014-02-16 21:12:41,77,2926,1.0925,3003,4,2,2,42,3,7081.2517,365,291.7862,858
6312,20fcb24ececd77a1017598d162e79861277149f9,0,0,0,2014-02-18 10:18:53,36,618,0.87,654,3,3,3,1000,8,5804.4204,225,61.6313,252
6307,18014e8612c80d764842c4c0ba5c55adb23b1441,0,0,0,2014-02-18 12:17:06,99,77,0.8732,176,98,2,1,21,134,47752.2111,298,282.7599,436
6309,908cba56bbfddc933c80be053eed45bfefc1a58f,0,0,0,2014-02-20 23:35:45,3581,694,2.6508,4275,11,9,1,69,17,10086.5,458,115.9669,366
6320,ddc1dc9da5b2cf6b0b54b943510d6ddb35fa4657,0,1,0,2014-02-23 10:04:11,186,3829,2.5445,4015,16,9,5,1033,15,47663.4107,225,91.5531,292
6316,77b88ac13faa2aac19b8d0c5a9d9273b14276214,0,0,0,2014-02-23 22:43:45,34,26,0.0608,60,11,1,2,868,107,85508.0809,176,68.0863,3033
6318,62c28d6b0fba9e12224faa14be14c89706e4cffd,0,0,0,2014-02-24 10:22:15,22,29,5.2754,51,70,19,1,11,5,72672.0689,26,15.2506,12
6336,f51f1b4c280372c709db00380885418e961e61ec,0,1,0,2014-02-24 10:48:43,1304,393,5.035,1697,1,31,7,1033,28,46162.847,492,132.2475,1201
6319,93ecfc6406298b0e91e5298907e165fe391b3f6f,0,0,0,2014-02-24 13:04:29,6970,323,1.1806,7293,5,44,13,1377,138,51051.3273,362,284.8924,243
6322,7aacbf3994cca859d4097ebea117934899a7b684,0,0,0,2014-02-24 14:33:30,75,15,1.0528,90,2,2,1,15,5,13810.8268,34,25.8312,3033
6324,91b5a2b51a570f4e61edf301c04f18cc929accbb,0,0,0,2014-02-26 00:27:23,18,17,0.0564,35,6,6,1,1000,3,5123.7259,354,292.7947,550
6326,7d8c5c06eda9d1f49b6c55191d550c3d51cceb8b,0,0,0,2014-02-26 02:16:02,869,106,0.9162,975,3,2,2,34,4,6472.4069,362,248.5196,437
6323,6cd4299723f13368cf23cff5831bf9404ef55b03,0,0,0,2014-02-26 13:54:21,99,8089,0.8427,8188,5,2,2,1130,2,63343.8734,371,51.7253,736
6330,1c086cedce5cfa6fefb4f1abc507fcc74526371b,0,0,0,2014-02-27 15:27:38,2651,70,0.2431,2721,87,2,10,52,3,59108.0365,287,293.1726,389
6331,2a5b25df299ef535099718ac764462535d3b40ae,0,0,0,2014-02-27 16:52:53,2985,2012,0.1428,4997,3,3,2,23,4,72373.8641,312,257.8371,547
6325,762d50670a8e97d976184f528907814b75b299a5,0,0,0,2014-02-27 17:26:56,125,107,2.2734,232,5,19,6,30,6,68588.909,365,255.7148,370
6332,41809940bb7ec8c5e1c116256fef61efd3cf219c,0,0,0,2014-02-27 18:04:00,258,306,2.0011,564,4,3,2,42,8,51508.0228,311,258.0783,565
6327,cc03f84450169bbcb36630569f4e70258e60bb51,0,0,0,2014-02-28 12:27:53,771,33,2.881,804,10,5,1,10,2,48424.6797,30,9.8949,3475
6333,9b2aeb3ecfc53d695ddeebb6b1fed945380f6691,0,0,0,2014-02-28 19:15:00,42,187,2.189,229,3,4,16,1051,122,33313.5,308,288.1423,552
6334,cd07ed6fd9128655e8ad5b13bc1fe496f538e3ed,0,0,0,2014-03-01 00:40:12,43,48,2.5,91,1,6,4,19,3,2264.0,350,252.6166,413
6335,bf6061ed990ad86814d1703f8f82f70f55aba298,0,0,0,2014-03-01 01:50:26,3,618,0.5393,621,3,3,2,25,7,4035.9978,363,247.5152,1018
6340,dc825e304b8680a8809fcf0de0f6a34b19384d3d,0,0,0,2014-03-01 14:02:53,83,14,6.2622,97,79,1,1,966,116,54204.967,339,278.4397,345
6339,6344e57367110a654c3de7b571700ac566e7755a,0,0,0,2014-03-01 16:17:48,83,8089,0.7778,8172,6,2,16,23,3,62387.2824,347,253.1565,363
6344,2afb4941b3419805aaccf1d841639d54ad8c3f33,0,0,0,2014-03-03 09:27:15,356,69,1.8927,425,18,6,2,22,7,48135.0133,105,21.8212,3475
6342,8311ebc44c77eb67bfc3d08d47c405bab44caed1,0,0,0,2014-03-03 13:49:20,55,56,0.9026,111,1,2,2,827,127,23484.8345,346,287.5445,666
6345,410821e7984852fa6016844efb50eda8d803c6a0,0,0,0,2014-03-03 17:00:38,210,94,5.2833,304,76,1,2,38,8,44793.5501,361,286.2656,807
6341,d9c222daa93c856c7c116133a7613525056b0804,0,0,0,2014-03-03 17:11:07,2182,2003,0.1652,4185,68,2,1,37,6,27712.7917,368,284.8514,478
6349,badff63869e31281fde08b769f37ad2869627264,0,0,0,2014-03-03 22:13:58,138,4441,1.7992,4579,6,5,1,1051,10,31966.059,347,243.7234,1056
6338,719d27b21c332b56fce73f945e08075f65c0ec1d,0,0,0,2014-03-03 23:38:36,1759,120,1.8588,1879,3,6,4,827,0,23205.8401,373,305.2885,1718
6346,b3087b40c70aa597bc75f0546a4366d0c44fc0cc,0,0,0,2014-03-04 10:53:38,523,68,1.6581,591,6,1,17,42,133,42735.883,377,162.9507,138
6347,2c00032ffe8472dbe6d42da3b546424978751b6e,0,0,0,2014-03-04 23:46:08,48,618,2.5,666,6,6,1,1000,107,2853.3739,388,130.5122,201
6351,33e2c08c522f4412d692a65346308729adaaccd2,0,0,0,2014-03-05 00:53:38,1512,45,0.0981,1557,2,26,1,1021,2,20285.7182,353,298.1893,213
6343,2242e76a0e2c3dc1921289033359f11db0ce8c9b,0,0,0,2014-03-05 01:07:07,294,63,2.7811,357,9,7,4,1041,6,34136.0945,290,291.0253,1721
6384,f73c5666a5fdb8f1fbddf6d5e8223ca2519c7bfb,0,1,0,2014-03-05 09:40:08,6970,2315,4.3149,9285,59,16,6,426,100,49143.4752,319,3.8004,2081
6355,e9f9abb296ec926259955a171aa3fcb593991ef1,0,0,0,2014-03-05 18:37:23,212,8778,1.0968,8990,4,2,13,1377,9,51505.5915,392,132.6097,186
6353,ce56c947a82b18471be57bf3dee4a84e797d0a58,0,1,0,2014-03-07 09:10:44,205,77,2.4799,282,9,5,16,1051,9,32169.3081,784,42.17,81
6356,18a95e627d1ee6d57b3bc235c0b54845f26e4cca,0,0,0,2014-03-07 14:10:00,6970,8778,0.1888,15748,5,2,1,1377,8,52304.5678,453,181.5172,98
6352,3acd7558fdf3db42f1c2b94cde52388d97c5e747,0,0,0,2014-03-07 16:57:34,31,7302,1.3216,7333,2,31,6,18,3,64521.6108,430,165.7072,48
6357,3205c527bb5c971a3f949d6f5ee7d2fb052883ef,0,1,0,2014-03-08 08:53:29,318,2465,4.8595,2783,36,22,10,1177,29,44966.1585,41,710.5,3064
6359,9dc354bbbfac0ad908660ef9bf67fe64c5bfcdd0,0,0,0,2014-03-10 16:09:56,94,303,6.2875,397,99,38,16,1130,134,61664.1855,353,255.624,391
6315,021ad2b58385c64e2015810bba325f32d0925fca,0,0,0,2014-03-10 16:10:23,77,8089,0.1236,8166,5,38,2,26,134,61893.5638,309,285.7499,819
6362,4aab95da5de2449a86ae4279e91441784af87c21,0,0,0,2014-03-10 18:20:47,1759,121,1.7097,1880,59,3,4,34,8,24195.3777,279,228.3589,1574
6378,4bbc6a4c980eee767e6d98c3427ee690e676a88a,0,0,0,2014-03-10 18:22:51,57,1594,3.182,1651,24,4,2,231,99,8584.4924,421,332.5753,894
6363,f05d24ad61dcda29affe67bacd61926a657bb77c,0,0,0,2014-03-11 10:53:55,139,2926,3.182,3065,24,1,1,989,8,6345.8735,781,30.5488,157
6364,898f6fc628f6632c1c8636a92589b71af36efeb3,0,0,0,2014-03-11 11:25:04,869,50,3.182,919,24,1,1,989,3,6239.323,102,43.1527,26
6367,29c322d4f4a35afeecdbb10099f1c4232065872c,0,1,0,2014-03-11 20:39:59,580,1143,2.4786,1723,14,13,4,34,15,54664.6574,43,7.0039,94
6365,0826225374b6f3b7489d890efadf8f243a87b79e,0,0,0,2014-03-12 10:26:55,4779,2465,0.9494,7244,1,2,2,1177,4,43974.6562,101,28.2649,6
6368,90e0337c920cd4460a5d8c77deda2e123bd0dab7,0,0,0,2014-03-12 14:14:50,1154,3829,3.8715,4983,20,2,2,1033,5,48415.9147,71,48.8708,11
6358,cafaa22765cdabd3a7eb4cfa0b59088ca2f78103,0,0,0,2014-03-12 15:07:12,118,2648,1.1712,2766,40,3,2,33,7,15406.0753,372,178.0492,40
6369,525cb03668b6f6a6bdb4c5c91d350d2e1670c319,0,1,0,2014-03-13 21:57:19,201,2465,1.5631,2666,1,4,1,1177,14,43218.8925,780,25.7055,3064
6372,f1024ba0e7d5f1276a285a4218f26c70252719b5,0,0,0,2014-03-13 23:09:10,2985,2012,1.0288,4997,3,2,1,10,9,76216.1958,9,8.4045,29
6360,e29e46b57f7ece73f847de63420e22488574698d,0,0,0,2014-03-14 11:44:12,3581,31,0.933,3612,7,2,1,28,8,12366.5172,425,167.0226,41
6375,7244d04e68940a4fad4d3cf7203857ec084685e5,0,1,0,2014-03-14 18:39:24,416,2113,2.5876,2529,8,5,3,41,5,36749.2337,226,101.5948,261
6371,4b6af0b11831b68aba4b50c69563ca2264ddd85e,0,0,0,2014-03-14 22:40:16,267,30,1.6586,297,3,4,12,1033,0,47535.133,16,710.5,3475
6374,bc613c8b31ff56ef61fdaffd5016ed7aa9395f3e,0,0,0,2014-03-15 17:18:17,2814,258,4.368,3072,27,2,6,1020,11,64490.946,445,102.0623,242
6376,707fe0c9fb3b2e59aa3c3e59f986112460928aac,0,0,0,2014-03-15 17:19:28,684,32,3.0268,716,1,1,2,868,1,81590.4154,359,84.0504,318
6380,a55185e4878e20d2594bbff871790a1450358a8e,0,0,0,2014-03-15 19:02:28,2985,2012,0.857,4997,3,2,6,986,2,76674.0,349,255.573,543
6311,429a9404da2296227598ee0082e4a51e9b188fa4,0,0,0,2014-03-15 19:02:53,869,33,3.182,902,24,1,1,14,6,7368.6191,342,278.282,101
6370,a65ee8f600d16596f6193af444265de515ec80c4,0,1,0,2014-03-15 19:13:07,76,65,1.924,141,2,3,2,1106,3,28718.4114,310,252.2599,345
6381,76ba303b642d130221be0092425b282d28f8b60a,0,0,0,2014-03-15 23:02:47,78,53,0.9097,131,59,1,1,827,9,23906.5283,306,254.7428,238
6383,a60c8d518e6ad45d8ff633f2792fe161ae2e2a78,0,0,0,2014-03-16 00:12:07,469,16,2.5,485,6,6,1,1000,4,4403.6232,298,292.114,568
6385,ea04de021394e6b19b797a8923fa4011328f36aa,0,1,0,2014-03-16 00:14:29,543,417,1.3839,960,2,1,5,34,7,9126.4541,304,247.7077,703
6386,a5fbb39f9cb86d3f2192e4089189534af799558d,0,0,0,2014-03-16 16:54:08,2814,124,4.9874,2938,2,31,1,29,2,64520.0056,371,60.4768,504
6377,bdafcd8a8d0d0cc2a18ceb93b02fb89086dcc65f,0,1,0,2014-03-16 18:00:28,150,314,2.5966,464,7,4,2,1020,10,64477.4643,359,82.2893,374
6390,7ac796859879d5d2d7c85bacd9a5fdd5a702aead,0,0,0,2014-03-16 19:29:35,486,45,2.1679,531,4,1,6,986,115,73620.1279,353,241.7592,594
6412,98ea0a08888a05fe2fdb2addf9e332b34451c525,0,0,0,2014-03-16 19:30:19,869,2926,0.2583,3795,2,15,5,385,0,7848.8225,257,327.6429,162
6392,4f22ebb515fc76da732f73349e5eca864d067fb8,0,0,0,2014-03-16 19:32:14,58,101,0.6833,159,2,2,1,1177,5,41311.6535,311,287.7014,387
6391,42de41bf2f3881079438795a8c77f4e697a5617b,0,0,0,2014-03-16 19:39:37,2467,86,0.9165,2553,3,19,1,13,9,69947.3832,355,261.1604,215
6395,0abe9ea0b757d9300566185b8908fffcf7d0772a,0,0,0,2014-03-16 21:25:07,25,89,0.9379,114,1,1,5,18,5,6816.0351,356,259.5394,374
6387,4d4dd5054da5d0ca5c1bde9a4c1c758494dc2a74,0,0,0,2014-03-16 21:26:07,869,40,3.182,909,2,15,1,15,5,6331.418,355,281.6384,353
6393,3d5ae6118f5d942485a6aee5c312063d65ab789f,0,1,0,2014-03-16 23:40:23,54,131,1.8539,185,7,3,2,22,8,19081.7981,345,278.4514,557
6354,a4efe573090eb28c4bdffe1c6d730ca6445deb88,0,1,0,2014-03-16 23:48:59,62,618,0.062,680,2,2,1,1000,3,3042.4756,310,289.1337,45
6382,893880d812b83d3976e13989f8b0d473399c745f,0,0,0,2014-03-17 11:14:06,182,2465,0.0852,2647,2,2,1,10,133,44005.3187,81,25.3493,3064
6396,799c9f2e3b579129b40a5302b52f0cc919507cc6,0,0,0,2014-03-17 15:36:59,7971,61,1.734,8032,14,41,8,966,116,55101.7088,154,55.4887,3033
6348,096d289b2aae23dea98235a04846b2e7696f6c5a,0,0,0,2014-03-18 09:29:24,114,2465,0.1183,2579,2,36,17,1177,4,43459.0754,341,257.0716,212
6397,66704bb3e0d937bcdd81b8426e8704a54f9c2832,0,1,0,2014-03-18 12:04:34,632,22,1.2243,654,5,4,1,23,5,53152.474,434,142.4849,165
6399,a947361c5b5e2ec3b023b923a5f9c72e6ef14334,0,0,0,2014-03-18 13:14:18,75,111,0.9532,186,2,2,6,13,6,65931.8969,105,40.5793,3033
6403,c7c94f2d3bca2bb923fd67690a5e5c6d345e3fc4,0,0,0,2014-03-19 10:21:38,6363,3319,1.6646,9682,83,3,1,39,2,40824.3116,429,141.042,3033
6398,b0fbce71030c7bd171f5ebd464b1a0d94961c270,0,1,0,2014-03-19 20:18:12,119,119,1.8569,238,4,5,4,24,9,48405.21,1000,3.8548,15
6404,84c2bcb0d8cb4c2ce91f93686cf646a786a3fc60,0,0,0,2014-03-19 23:54:17,6363,227,1.1738,6590,3,5,1,1243,14,40964.25,722,36.5133,3033
6400,b032ff3afb10f9e0158e133a8f5c447ad89a90b6,0,0,0,2014-03-20 10:37:12,183,3319,0.9848,3502,3,2,2,14,0,39604.8338,26,23.58,3033
6405,a7d10395058f21f1c66375857c92544ef2a78ce9,0,0,0,2014-03-20 16:51:55,429,142,0.961,571,5,4,1,1130,5,62764.3313,434,157.9042,95
6409,5442bf6027912da8a15050b34da01780dab598c0,0,0,0,2014-03-20 23:15:55,381,181,5.45,562,83,3,1,1243,5,40360.0702,425,132.3325,16
6379,7a33284ba2b3317178b8f1b27ccb3d09a30d2f55,0,0,0,2014-03-21 14:26:11,704,3382,1.3033,4086,1,2,1,14,6,70202.0664,394,139.1333,3033
6329,280a2caaf6f22d414f9e0653d0c3d2862c6b6746,0,0,0,2014-03-23 14:15:19,459,1143,0.3899,1602,79,41,2,19,116,54815.708,309,256.3406,699
6411,9fb786da0ce2316a01363fb891afe6f386107797,0,0,0,2014-03-23 20:12:03,176,5083,1.7476,5259,5,1,1,30,4,811.3374,1000,34.6009,3033
6402,adab877fd2a9f4f7eb0a5232174d217b412160ff,0,0,0,2014-03-23 22:02:04,2651,83,1.7524,2734,2,4,2,1068,3,58750.5518,353,247.0207,1038
6408,879afd70bbbed1e31fdf89be31a301b9c1eddc5d,0,0,0,2014-03-24 11:42:37,295,272,1.331,567,4,3,13,1377,12,51294.1171,297,251.7634,526
6407,4b1ebf5fba2c116d38b4b5500a5312f7bed4dd3d,0,0,0,2014-03-24 11:55:14,8898,71,1.7038,8969,3,2,1,1041,9,36057.8342,303,248.8052,543
6414,3679f19d1492a7de52ce136a474fba72b0414ba0,0,0,0,2014-03-24 12:38:34,6363,3319,1.5964,9682,83,2,2,24,5,40836.7095,345,278.6613,629
6415,18b654fa2f6d495a6ad0c8050dd3abe870a1ed2a,0,0,0,2014-03-24 18:07:06,391,3382,1.2484,3773,4,3,2,19,119,68885.1172,1000,25.5848,3033
6413,2e775ff6cb86845251b0768d9d40801095710261,0,0,0,2014-03-25 23:47:15,4307,86,4.808,4393,2,18,5,987,5,17207.6898,307,256.7356,391
6420,5cc81cdd1f71c740669c7c4284524499d6e8617a,0,0,0,2014-03-26 10:56:23,18,18,0.038,36,1,5,2,13,9,82805.5218,10,15.6012,54
6418,9595fad0ca029c29f9650fcc84b362a44188cbbf,0,0,0,2014-03-28 15:00:40,338,1,2.3951,339,10,4,17,1177,4,41939.7662,362,295.0247,298
6429,d7ef67073c6c2d8e669feabcec461b004eee3fb6,0,0,0,2014-03-28 15:49:42,29,21,0.0712,50,1,6,1,1000,107,3058.6041,350,245.2661,277
6434,b8b9b03806f70a975a7fb2ca6ce1c62ec0727bd3,0,0,0,2014-03-28 15:51:40,70,228,6.2875,298,2,1,1,1130,134,60616.6138,346,284.3982,322
6423,a13a44d17d806378fee4b36b1e84cf98cdbe0079,0,0,0,2014-03-31 07:34:44,422,2113,4.8507,2535,1,18,1,1041,131,34436.0031,24,18.0835,2713
6428,d61d87f3df85eefe4848c3fd97ba9fb2495d748e,0,0,0,2014-03-31 12:26:01,219,3319,2.6206,3538,5,6,4,1243,14,38162.2073,182,72.4349,168
6750,6278a6c3478d333231cd0a5adc688cbbc3a7dd94,0,1,0,2014-04-01 16:15:00,1271,7302,2.396,8573,7,4,1,19,3,65854.1775,504,25.6182,110
6435,1c1be8cb051f3b97e43a4b6d36f0bc35b459d63b,0,0,0,2014-04-01 16:22:40,85,3319,0.1453,3404,83,2,1,1243,1,40409.5364,37,42.4959,3033
6442,7ff83012c0510ab100f283d299bd6c9674b5fabe,0,1,0,2014-04-01 17:56:15,2282,3382,2.3834,5664,17,5,1,916,119,72017.2325,54,38.9606,232
6438,3def816a432e48bd0ea2b9fbd2cc85a855a44cd2,0,0,0,2014-04-02 11:04:43,132,67,0.1037,199,98,38,12,16,134,47142.94,56,47.7261,54
6431,b01641bcc13631b0db82c54143670613babb7c0c,0,0,0,2014-04-02 20:02:51,76,21,1.0384,97,3,2,4,34,0,79120.2543,295,293.9995,197
6444,7345107a4c7486f9dced49e7478217ad61f7aea5,0,0,0,2014-04-02 20:03:35,4779,2465,5.2833,7244,3,2,17,35,5,41493.0112,351,286.4384,408
6406,253b4cdadacd71247aedf2d647aef34f5d4e0c13,0,0,0,2014-04-02 20:14:02,31,1815,0.1279,1846,59,1,1,23,127,22493.5778,349,251.1744,284
6421,fc36cf56bcf39dbbc759872c61b3346a0ecafd93,0,0,0,2014-04-02 22:46:14,335,2926,3.182,3261,24,1,1,42,11,9640.7346,449,134.3211,169
6439,7aec7bcd8d37b21fe1ebe308a12d06c4c5a7f2cc,0,0,0,2014-04-03 14:42:17,355,21,0.0436,376,87,30,10,1068,2,60089.8365,1000,12.3376,2713
6443,a146eac36d0275dc9b41940f51dad570efa85076,0,1,0,2014-04-05 13:14:13,277,60,2.1635,337,9,6,1,24,5,36143.8537,1000,16.4758,16
6437,243b408085f6cc514c40628f618b3d8741767bb7,0,0,0,2014-04-05 20:50:30,292,17,1.0692,309,3,2,17,1,10,43940.5442,394,142.4283,56
6446,101287a37d138a6af01ee90e835721ead4917984,0,1,0,2014-04-05 22:49:02,1955,350,0.9876,2305,3,2,6,22,9,35733.8733,397,167.9325,149
6449,e140e97070a63595abd4967103578dae80637aa5,0,0,0,2014-04-05 23:54:22,6363,3319,5.45,9682,83,2,1,26,4,38327.8905,833,452.5167,109
6453,7ad677b2d8392b8e83da2f898586a33d47939097,0,0,0,2014-04-08 10:35:38,69,60,1.3127,129,2,2,1,1021,5,21581.4518,420,89.9422,310
6445,0321e8e2cab7ad09747af302c8a9fd5ccee28700,0,0,0,2014-04-08 17:32:04,25,1275,0.0734,1300,1,1,1,868,11,82320.7394,352,251.6983,424
6450,81f58a092abfcbd9b6eae693187390fd4a51fff2,0,0,0,2014-04-08 17:33:08,2985,57,5.2754,3042,70,2,1,986,115,74303.4459,311,288.0982,206
6454,557e2ad88a1264b724889fb8ff2ec9f3ddbe9714,0,0,0,2014-04-08 17:34:57,354,86,0.5968,440,6,4,2,1068,8,57814.6401,298,240.8578,646
6447,bf96cec8c3a94e8d123caf7c353587f4970e0b57,0,0,0,2014-04-08 17:51:20,582,62,1.3651,644,62,2,6,916,2,71599.2328,353,283.1496,560
6452,fba44a94b9e3dd7f87c391278f17ae55393dd51b,0,0,0,2014-04-09 12:32:55,6970,510,0.3097,7480,5,2,1,1377,6,52558.4567,803,87.8385,2844
6456,e52fcf90c37f921f50cd75dfcb7960d2f37c5e74,0,0,0,2014-04-09 14:18:44,17,160,0.0963,177,24,2,5,989,5,6212.8056,787,37.3444,3033
6455,96568a4534040e41708f20d0c4491e12bf9632b0,0,0,0,2014-04-09 17:11:44,60,41,1.0534,101,4,4,11,34,10,29054.5364,27,17.8706,4393
6457,26926433cbb82ee1789622b6f9baf0638907a69e,0,0,0,2014-04-09 17:35:57,2651,2388,5.4776,5039,5,2,10,60,134,59718.834,796,71.4558,176
6458,5e487064a28bb83391f1b421aab3b98fb927e3bf,0,0,0,2014-04-09 20:32:48,1512,42,4.7077,1554,3,2,6,35,7,19099.3494,1000,710.5,3393
6441,44fdc64cc1100559c04d20e4896aa9803f2a0ce3,0,0,0,2014-04-10 06:24:39,51,79,1.025,130,3,1,6,23,1,68998.2414,342,262.4484,390
6460,8d2be3399d2ded71a26896e2e162bf942f3f156f,0,0,0,2014-04-10 11:54:13,569,8778,0.0701,9347,80,2,1,25,138,50115.4079,34,30.1421,55
6459,8f4b8e4c989d1dab6acdd6700d1c945c489a4b3f,0,0,0,2014-04-11 10:57:31,57,2012,1.5248,2069,5,2,1,12,5,76129.5985,109,27.0958,29
6461,e11a040b6c4502c7dc50529143554e9be6f7daad,0,0,0,2014-04-11 11:50:50,250,132,0.0652,382,3,44,1,16,2,49898.1585,96,56.2721,57
6470,1cb1e0f1119ae9bd77644bce675d098c315cde42,0,0,0,2014-04-13 17:57:06,52,76,4.6287,128,59,2,1,26,127,25289.1123,305,285.4531,577
6469,f359042ccc026e5fc257b99847b074d087a68092,0,0,0,2014-04-13 18:32:03,52,618,0.0646,670,6,6,1,19,5,3512.4416,295,292.3932,394
6472,a2650c5749d1c3eba40364123d397fdafbcf30e4,0,0,0,2014-04-13 20:44:01,6363,37,1.8788,6400,4,4,1,1,8,38369.0441,31,23.7756,6
6471,29ae10a22364e7d80fa8a920d9e14056a4985597,0,0,0,2014-04-13 23:24:33,34,2465,0.2664,2499,4,3,17,1177,3,41837.153,345,256.4092,507
6473,b6c3a79f968110fbb9bbe0fe555e3e59688984ef,0,0,0,2014-04-14 08:46:58,217,61,2.0438,278,6,4,2,13,8,54876.8838,9,11.3617,15
6466,32440227eceb122008906878136156ffa839efa6,0,0,0,2014-04-14 11:41:42,204,40,0.6284,244,2,2,2,28,11,36873.9741,778,40.8254,37
6474,c9aa4fd453ef48e62fdf66d7e8ed519f282152a0,0,0,0,2014-04-14 13:51:50,484,2388,0.5225,2872,3,2,1,1068,2,58889.4725,32,16.6106,2713
6480,d4d427f95c7e19405baf0f1eb9aae0b56f386754,0,0,0,2014-04-14 21:09:32,44,214,4.9358,258,6,3,2,916,7,69923.5504,393,135.58,191
6468,f863fa345a08ee908e936a02995767fdf1405ebb,0,0,0,2014-04-14 21:32:56,93,2388,0.9365,2481,3,2,10,1068,3,57402.4861,20,11.8114,21
6477,e2818097c8f704f79fa85c5e07b34da86f081857,0,0,0,2014-04-14 22:39:56,1512,46,1.0423,1558,4,1,2,44,2,21382.3833,439,171.7879,264
6479,f4153c46b403497c24de959a3d1a8cad5cfb99be,0,0,0,2014-04-14 22:56:07,290,101,3.8714,391,12,4,1,987,109,16162.0461,1000,710.5,3360
6484,c9fdac03f848d9c231cf0460eb34d832831ef11e,0,0,0,2014-04-15 08:21:25,9591,1143,3.1339,10734,8,41,8,966,3,54736.0397,71,43.9635,3033
6478,9e5e73a0ae26f0471ede62025f2751fdb3685dea,0,0,0,2014-04-15 08:39:34,555,2388,0.112,2943,3,2,2,1068,7,59282.5611,6,31.8088,2713
6481,45bed7af76a9adfa27624979ad498ed8dfc41743,0,0,0,2014-04-15 10:25:09,188,8089,0.6499,8277,99,2,2,21,2,63399.4844,18,575.0,3558
6482,4fe742635f3a6dced7b9bf66f9c34ef7c1e053dc,0,0,0,2014-04-16 08:54:39,128,46,1.313,174,7,5,2,1177,4,44331.4682,431,163.5605,169
6483,7c24b0f7c69b817d5127bcd6e566cba038769142,0,0,0,2014-04-16 11:22:14,142,42,0.093,184,76,2,17,20,1,42985.3622,75,40.7349,102
6492,6ccb67fc1bfcdd795b8dcf0dd9b0bc8bee60244e,0,0,0,2014-04-16 11:56:17,6970,168,0.7731,7138,80,3,13,39,4,50083.6548,356,285.6233,226
6476,6bd0ef94117a2d0997580fc767d464bf2db51b01,0,0,0,2014-04-16 15:15:42,14,1815,4.6287,1829,3,32,7,30,127,23683.2899,389,167.4238,104
6465,34e6f2df53917878bde66379ebfe9a10be076ccc,0,0,0,2014-04-16 15:43:56,213,69,0.0883,282,1,2,6,20,6,35338.6546,441,134.0313,2713
6493,7e4c8c7e3547a5731714b314d901fb46daddc16b,0,0,0,2014-04-16 16:03:27,8,7302,0.6826,7310,6,2,1,1020,118,65070.5224,305,254.1322,224
6485,208f48279063c6452bbad7948df2efa2ba59561e,0,0,0,2014-04-16 19:28:00,6363,168,0.0908,6531,83,2,2,50,3,38323.7373,397,133.0776,223
6490,9050111bd30f61c7fed6e545b285c0e945673a82,0,0,0,2014-04-17 06:56:34,157,21,0.7219,178,1,32,1,1243,1,39416.7954,12,7.0354,30
6494,96b62f0eb556dd720cc4e642046749af4b015454,0,0,0,2014-04-17 14:11:04,156,694,0.2324,850,3,2,1,43,0,13425.299,309,250.5091,354
6498,acb38da3a524020f03eac0213f6eec6f062c2950,0,0,0,2014-04-17 14:12:01,9591,83,0.2894,9674,5,41,2,357,110,54647.6044,294,246.8673,936
6495,a0bfe4d0346949cbb206c7df70809cde160cedf0,0,0,0,2014-04-17 14:53:49,146,4441,1.2735,4587,4,3,2,1051,7,32064.4224,353,287.7106,712
6488,5ab1b666ed851733dc4640a9fa7b6666f1bbeb11,0,0,0,2014-04-17 15:44:54,48,97,2.488,145,7,2,1,827,127,23534.0094,294,243.8362,749
6503,34996a1aafd1b7ee8887478f9f1c52ff543f6c05,0,1,0,2014-04-17 16:10:07,863,1163,2.6306,2026,18,7,3,285,104,49759.2413,355,236.9434,1037
6500,09632ed2372784806e5602f298ae5b7e7cb16259,0,0,0,2014-04-17 20:07:38,2651,2388,0.096,5039,3,2,1,1068,134,57948.8529,18,12.8501,71
6504,64c6ddcfc1cbfc88d2eaba2f774a1888ee965714,0,0,0,2014-04-17 20:17:36,2651,204,1.4195,2855,11,4,3,57,11,57224.9178,369,250.3854,1512
6497,4f496b83d17435e55056135ee1daeeda618681f2,0,0,0,2014-04-21 18:31:43,156,67,5.2754,223,70,19,6,26,115,73718.1748,373,167.1125,214
6501,63b0d8c8b147dfbb9277f6277aba2d8f959729ef,0,0,0,2014-04-22 07:14:20,4,8089,6.2875,8093,99,2,1,1130,0,60410.6154,45,29.2401,3558
6505,440e73fda7374fe064bcb23dfb343637f21b18b3,0,0,0,2014-04-22 15:50:40,375,4441,1.7629,4816,5,2,3,23,10,31218.1223,13,14.4631,5
6506,d124e8bb59fd9a95e6af9b40baf3438c02138290,0,1,0,2014-04-22 18:55:43,1412,113,1.3633,1525,2,5,2,1033,12,48944.3333,36,36.7572,125
6512,e5a33c3508d77bfa748ff84cf88873f91e5f7dd9,0,1,0,2014-04-22 22:11:46,78,107,3.2523,185,13,1,1,58,12,15076.0069,441,165.6199,3360
6462,e29efbbcc1b6eedd4a145c11eab8eecba69a37fb,0,0,0,2014-04-23 11:15:25,86,7302,1.6332,7388,5,2,2,1020,3,65039.9164,350,292.6717,845
6516,aabb30e0f8fa265f0b748f73dd3d2a36f16945b1,0,0,0,2014-04-23 13:56:38,527,78,1.5215,605,1,1,2,57,5,54870.9052,306,250.3327,829
6518,41a0069318dc4dfdc67ebb1b9ea6587933d4afd1,0,1,0,2014-04-24 07:19:32,195,8778,2.2813,8973,5,5,3,47,12,48979.5833,208,69.2359,134
6520,5c85e450720045836be752da75a57f0f750f7e1f,0,0,0,2014-04-24 13:10:13,12,1275,3.0268,1287,1,5,1,868,6,83536.7224,344,288.6605,393
6521,e2bf9c5cc2ef397696521c24e32fe217e1ee4ef8,0,0,0,2014-04-24 13:34:31,76,87,5.4776,163,87,2,10,40,134,56944.1479,376,292.0489,191
6522,fdaadf41c4c6c14f56557aa601fbdd4e0944386c,0,1,0,2014-04-24 18:19:16,195,21,1.7018,216,7,4,2,1106,14,29419.9808,358,283.4865,1127
6514,80ab5309d5d6fcf505d555e5b66f1a75cec3e47f,0,0,0,2014-04-24 18:24:05,1961,9,3.6595,1970,2,1,4,871,108,79667.1488,360,245.9646,434
6373,1aab122b8a467cc53c52df91dd28514ff304076b,0,1,0,2014-04-24 21:17:36,646,830,2.4606,1476,15,12,4,67,6,45959.2906,356,292.217,1427
6523,c8dbe684b229cb463359b819e898de6e7d248f32,0,0,0,2014-04-24 22:59:33,246,28,2.5,274,6,6,1,39,4,3696.144,71,28.9753,102
6531,2cbb93a436eaa78591677ca5ac3886f94471f485,0,1,0,2014-04-25 11:17:14,6970,327,1.3747,7297,2,4,3,379,112,51962.6744,306,255.5374,1041
6528,dbde1dce516815b42cf42523b9c1281631980e54,0,0,0,2014-04-25 12:03:59,2651,103,3.1346,2754,13,8,10,1068,10,58164.0118,351,291.7243,195
6517,385b42d9fd284c23c48987dae294449740a70853,0,0,0,2014-04-25 17:32:13,1961,465,3.6595,2426,51,1,1,871,4,79240.2998,316,281.6368,568
6526,c0e5d2751437a56b896684d2e2c14f70976cfb4e,0,0,0,2014-04-25 17:32:52,119,3829,0.2732,3948,98,3,2,1033,8,47569.8273,303,294.4449,632
6524,b49ce585d15a0708fdfcd868429085a561766733,0,0,0,2014-04-25 17:50:01,79,2003,0.8043,2082,3,1,2,1106,12,29368.9792,303,281.2037,834
6533,06baf89844af2cb07f08a1a55e6c6367afec28d1,0,0,0,2014-04-27 16:31:47,213,2648,0.7517,2861,2,18,1,987,9,14633.0029,423,710.5,166
6507,ae12bd7c46bf1438fe113af0561db71e017b0980,0,0,0,2014-04-28 08:48:35,44,60,1.5582,104,5,3,2,40,8,59160.6414,34,28.2937,2
6537,8bc853ac71c5abe6476693360043f518e8c4c44e,0,0,0,2014-04-28 10:24:06,9591,1143,0.7014,10734,1,2,2,966,7,54431.1748,484,1.52,56
6539,ea530c32ef84a4536f0a99dab4c208d6eebd0d33,0,0,0,2014-04-28 14:32:29,4307,2648,0.12,6955,40,1,1,987,5,16811.6097,495,710.5,3360
6527,dd6694e5660ff6317661fb4250c8f871cf02aa2c,0,0,0,2014-04-28 16:21:59,1512,250,0.3599,1762,43,26,6,393,1,18417.1317,380,234.6886,548
6535,968458b7c95aa887b4abc62ea7dd37a573937a96,0,0,0,2014-04-28 17:17:13,6363,3319,2.3165,9682,4,32,1,1243,11,40077.0472,309,259.1475,577
6513,a17ec901b7d6426ca4ed61e949eea9347682d562,0,0,0,2014-04-28 21:13:11,4307,2648,0.1026,6955,2,1,5,25,2,16521.6015,304,253.5084,307
6530,37273f50af4a7b3c327e86810abbf98965994d8e,0,0,0,2014-04-29 16:20:08,62,2388,0.951,2450,4,1,2,42,11,56802.5846,214,94.7118,2713
6448,68100e5c9414da6826ab04fc1d40f2ea6e8744c2,0,0,0,2014-04-29 21:05:05,8898,49,1.2639,8947,4,3,3,47,6,36539.8364,219,68.5395,101
6542,2e01c80e400fc58712ca244e81b9d5cfa8b1822b,0,0,0,2014-04-30 12:58:38,272,296,0.8833,568,5,44,1,1377,3,50216.7294,390,136.2242,187
6534,2e5e9fd782776fab6480330e9b920bb584213f8e,0,0,0,2014-04-30 13:45:02,53,2388,5.4776,2441,87,30,1,1068,5,60387.0,433,167.2764,43
6536,382bf304f042b762dc4b456da7605174de67d741,0,0,0,2014-04-30 14:50:46,1512,68,4.7077,1580,43,26,1,1021,4,21820.0787,295,286.074,589
6509,5196362eb7e7555f06c730e0b9fa8c885d3fe03e,0,0,0,2014-04-30 16:03:16,95,152,6.2875,247,6,4,16,29,2,62291.6741,300,287.1673,68
6546,b94487d6049bde41d908e8ffdd97431b074dd152,0,1,0,2014-05-02 09:40:14,840,1497,4.9897,2337,51,10,3,441,99,48131.6977,326,710.5,549
6424,6990ab89c23a50ae288edbc49c1b2f59abb57df0,0,0,0,2014-05-02 11:38:37,6970,8778,5.8891,15748,80,2,1,26,2,49193.5851,82,41.9345,94
6545,1c1f02282e795fbbe5a80c3f57506f5d21c97876,0,0,0,2014-05-02 12:39:42,194,8778,1.7938,8972,5,5,2,25,1,50230.4098,414,79.2811,118
6550,dcda680f89dd055800dda89c6bd3b16567d4f35c,0,0,0,2014-05-02 15:10:05,4307,818,4.808,5125,40,1,2,245,0,16552.0111,303,110.8457,740
6544,2071f781b5777ee45d4f639bd2ad8a5cbd68dc56,0,0,0,2014-05-02 16:16:09,2182,63,0.1056,2245,68,2,1,30,145,27480.58,357,290.6891,328
6551,ec4bcb381b4d4d1d48f26d4cf4dfc9d1da5b2d3f,0,0,0,2014-05-02 17:58:03,43,715,0.1667,758,24,2,5,255,0,9862.846,248,214.7289,15
6065,18f95d2c6212c3306619663571ad3b73b8f7dd5d,0,0,0,2014-05-02 19:01:28,52,21,0.7474,73,1,2,6,1002,8,11434.6337,1000,575.0,37
6069,340ebde779d5028dfdf38b2bed40566d57985335,0,0,0,2014-05-05 07:50:43,22,2113,3.8109,2135,17,4,3,50,16,36975.0438,233,100.2212,7
6070,d2a5178014470591c155989158d3d8629a6ee0ef,0,0,0,2014-05-05 10:46:12,3581,23,5.1282,3604,38,14,1,1002,107,12194.9555,15,575.0,3033
6071,808ae18f66614ba4bc81c2f3007f913e04ce7b80,0,0,0,2014-05-05 12:53:40,99,21,0.9518,120,1,2,2,1033,3,48357.8069,29,27.4558,54
6548,f65c65b32c36ed687a5e8beffee74b13772bea01,0,0,0,2014-05-05 13:10:29,9,25,3.9069,34,1,1,1,1022,2,1853.0189,18,23.6141,9
6491,229fb8a376e39582e2e6727d816e447e0b323746,0,0,0,2014-05-05 15:40:07,84,2012,0.1229,2096,3,19,6,36,6,73181.3171,353,245.0506,360
6067,ef040d46347d7d9cdd7c11526200d74bbe100fe4,0,1,0,2014-05-06 13:36:23,26,84,2.8926,110,19,10,4,1033,4,47666.9428,219,89.4934,98
6072,5b34bef7dba5c3842059a934e1c00d7c32e40979,0,1,0,2014-05-06 15:32:06,127,179,2.2718,306,7,5,2,7,13,30723.3265,83,22.8031,133
6078,c6dc3a476f9673d60f32dd276b72970e4d8a3c08,0,0,0,2014-05-06 15:40:50,1759,27,0.1061,1786,3,32,7,18,127,22545.8601,300,283.5391,4335
6080,c89cd0ca610f600c7fff0ccee9d870eab1f517a4,0,0,0,2014-05-06 15:41:06,137,443,6.2875,580,9,38,3,293,103,63630.1246,282,247.2705,566
6077,ef7ac906862c4f693a0475992efc1e4692f5b1f5,0,0,0,2014-05-06 16:09:42,2814,225,0.1922,3039,3,31,1,19,3,65454.3128,351,253.6999,3033
6076,982e1e0905dcdce71977cf408b6fac97b6f8f45c,0,0,0,2014-05-06 16:46:36,109,7302,4.9874,7411,50,1,1,14,2,67641.9238,80,25.4996,3033
6401,2684fa92322de8489f519ea59fac3a0803b207b1,0,1,0,2014-05-06 17:24:58,5613,428,4.8869,6041,38,15,6,1033,2,48323.957,257,218.7048,1980
6086,a86eec175ea888a0ac91b3bb5c43177420c6aa16,0,0,0,2014-05-06 18:00:57,72,30,0.6785,102,4,1,1,1021,9,20696.8076,368,243.2441,364
6426,78a4283e64b339e936916ecdb35c694d369568b5,0,0,0,2014-05-06 18:01:28,78,255,0.2213,333,24,2,1,425,0,8055.279,252,211.541,141
6419,578d613aca0fbdc332ebe77ed7da06c470e42682,0,0,0,2014-05-06 18:21:12,151,99,5.2754,250,70,2,1,40,3,73452.7247,306,242.0243,215
6084,5308efd5b925bbbc1d20a1e2dfcf364ac91c1b0a,0,0,0,2014-05-06 22:00:26,40,262,0.5038,302,2,2,13,11,6,50002.1319,12,2.8524,13
6085,526a1ed3d168ffdf4dee8183cdc95869b91ee679,0,0,0,2014-05-06 22:14:09,42,5083,3.9069,5125,1,1,1,22,3,895.4681,31,710.5,3033
6089,c3d3f94a824f4c2c1ca2f888804a5dfafe63a64e,0,0,0,2014-05-07 00:14:28,184,121,4.7242,305,71,2,16,1051,122,30736.9492,344,251.1312,3632
6082,df31a017b5bad98ca933413ca402320a4bc32123,0,0,0,2014-05-07 00:15:22,2182,2003,1.0779,4185,4,3,2,1106,10,26764.0485,304,291.3536,660
6532,aa289b793a00ea9a653d16197beca5ed7e335aa2,0,0,0,2014-05-07 00:24:50,238,43,1.0873,281,3,41,8,22,7,55753.192,104,24.1803,3033
6090,a65b7591e43072742b9c8d36880f46a27d9822c9,0,1,0,2014-05-07 00:54:29,1212,694,3.0699,1906,25,1,2,1002,8,14053.4,29,79.4792,323
6095,a07dba6f1d8929ddf21e55d1bc1471045ea2a087,0,1,0,2014-05-07 01:04:44,552,4441,3.1661,4993,14,7,16,50,6,31487.6628,103,17.9162,125
6091,38f84496ba90957ff462ec704215ee72b23367f2,0,0,0,2014-05-07 01:09:22,500,308,2.4024,808,10,3,2,20,6,35521.9496,24,17.4941,2713
6093,10d288688cce8aa435f60109279b88e096c420ef,0,0,0,2014-05-07 09:51:53,189,232,0.0991,421,5,3,1,1377,5,49112.248,372,300.9969,405
6543,f4c02ad1a060ee000b22be506e5b968cdffc1eac,0,0,0,2014-05-07 16:36:07,4307,64,4.808,4371,3,2,5,987,5,17385.8334,303,255.5496,405
6094,f92071355d4afca336fd2fc5f537fb5eeaeee8c2,0,0,0,2014-05-07 21:49:55,4779,2465,5.2833,7244,3,36,17,1177,8,43277.7042,315,259.4347,505
6099,d56565c31e3cf4af8888e77a4de9e0b0dfa08dea,0,1,0,2014-05-07 21:50:35,34,14,0.3748,48,2,2,1,1000,3,4788.4305,294,250.5703,574
6110,01583434ea14d1a73b538d72940cc5c77e009153,0,1,0,2014-05-07 23:32:31,394,90,2.3521,484,6,6,3,371,104,24270.4986,297,299.4015,970
6111,f857cff02c9114b9b4553b755eb7552ba70c6372,0,0,0,2014-05-07 23:33:07,880,5083,3.9069,5963,3,0,1,236,101,2172.0,408,195.9687,127
6074,93c4b9ae8d633efd49d02dc1702185f670f9c6e7,0,1,0,2014-05-08 06:58:54,4779,26,1.6086,4805,4,5,3,1177,11,42991.6906,722,79.9724,191
6100,d555ff55ad38ab9648212c28853643eb0a53fc31,0,0,0,2014-05-09 11:33:33,89,107,1.4831,196,4,4,2,1106,6,26970.9746,347,254.3177,687
6112,4cd4a13415d609a2979c8fa3cf4b797c990ee8c2,0,1,0,2014-05-09 11:39:15,2557,2826,4.2824,5383,54,35,3,243,94,48423.6692,1000,710.5,420
6104,8d92304e6a6a26e6108cbef75a6eabe9755fa9e8,0,0,0,2014-05-10 19:07:53,58,5083,0.0604,5141,1,1,1,1022,5,884.5189,345,256.6464,426
6106,f8798e23619769760f22d669ff268162fe889d16,0,0,0,2014-05-10 20:56:16,47,81,0.0978,128,62,19,1,27,3,71412.5863,345,257.4329,409
6108,269ed2f1985e77a57bd01253656ead0bb8888c2d,0,0,0,2014-05-10 21:40:30,5665,86,1.0341,5751,5,40,16,31,5,30978.9701,307,282.4697,533
6103,de2070e835fed185c97ed81d3949498c75fd0051,0,0,0,2014-05-10 21:45:34,15,136,0.356,151,6,3,1,1033,8,46262.4184,351,286.5393,536
6107,c96dcf4595c5347a9e3495fcba89512bcd886fc4,0,1,0,2014-05-11 01:31:21,1199,129,3.1857,1328,13,7,2,54,127,22957.5666,396,301.558,1289
6102,cbed2a13b8417c5f78f4f0ac1cea2f9b6e4f5526,0,0,0,2014-05-11 07:58:08,4779,29,0.8828,4808,1,2,1,21,7,41447.3444,30,13.805,3064
6105,5dacdb32106be948647878547b62a0532d4d54e9,0,0,0,2014-05-11 11:58:26,9591,860,0.7576,10451,24,1,2,66,2,55969.9345,281,302.601,815
6113,e33e904765b7a5f1bd2ba400e355cb5d4edc47cb,0,0,0,2014-05-11 12:20:03,42,95,0.6374,137,2,1,1,27,3,1341.5501,342,283.0198,537
6116,d4e94d131b4fc3a687da83f125082956c442bd7f,0,0,0,2014-05-11 13:04:07,177,2465,0.7443,2642,4,3,17,1177,133,41493.8527,313,251.7251,443
6109,3496bdeff7b3c64100df8e38c4a440a35e4253b7,0,1,0,2014-05-11 16:05:03,1204,3829,3.5287,5033,45,24,5,134,26,45251.3052,382,218.5618,2116
6118,7183f4d44c6ec537486ac5df31e9f35c673fad84,0,0,0,2014-05-12 00:07:19,43,205,3.9069,248,1,1,1,1022,107,2127.8241,356,254.3289,561
6114,2ffeccff5bcd67443b58e1fb1f7f138eea57a30c,0,1,0,2014-05-12 00:08:34,541,38,1.4395,579,9,2,11,1106,6,27283.1669,315,284.6796,414
6121,f3c06bd2803cead07a7f62ba977f47e073ef0f86,0,0,0,2014-05-12 01:00:17,5665,4441,4.7242,10106,2,40,1,11,4,32063.1513,318,260.7857,417
6115,698bcc6f3e1dda5deba3eff4b46fe1c6b6391b7e,0,1,0,2014-05-12 07:52:42,106,27,0.67,133,3,1,1,14,6,41877.8579,28,17.997,11
6117,5c8641e8b39f6daf6c8beb678c783274702ac1f4,0,0,0,2014-05-12 11:18:41,6363,53,1.8355,6416,3,4,2,1243,5,37435.9949,36,15.0628,7
6101,1c142484a3716712920867dd6faf8cd933696408,0,1,0,2014-05-12 12:46:45,37,30,0.787,67,2,2,12,1033,3,47714.5503,188,83.0736,11
6128,966b189ca779eac7751fe4d8ae616e43840ead0f,0,0,0,2014-05-12 20:54:59,91,1275,0.2153,1366,2,2,1,25,107,82318.5903,295,285.7352,186
6125,c2f2a5b20c2728ffbbee59ec90930fa58cba36f1,0,1,0,2014-05-13 00:00:45,115,51,3.182,166,24,1,5,9,1,7305.941,340,280.0731,432
6127,4b8c3e899bb2f2b9ab801a455f7f4b052537af34,0,1,0,2014-05-13 08:22:02,29,46,1.4186,75,2,2,2,6,6,62184.4362,17,17.4402,3558
6097,885b5e7a6adcd28f2e9e6dd1853cfd07c22f0a06,0,0,0,2014-05-13 13:52:44,177,4,0.3135,181,4,2,1,1033,6,45788.5789,10,2.135,3475
6119,5b7ac5dc2457437e9deeba170f166e8a496d7808,0,0,0,2014-05-13 18:32:16,30,465,0.1095,495,2,18,4,20,4,79096.7407,299,259.4429,528
6132,35415f2a4c8830337f33aacb1064687c3c775dbf,0,1,0,2014-05-13 19:31:13,717,88,2.8742,805,12,6,1,45,108,77202.0168,63,48.5488,3033
6120,9e86b64149355c9be5c8595b4a3858aba7984181,0,1,0,2014-05-13 19:38:49,161,4,0.0343,165,51,18,4,4,1,77975.5394,322,276.2441,448
6131,00442b4822bf5f11d9bae4a397aa7839ebcf37d2,0,0,0,2014-05-13 21:18:02,3581,694,0.1161,4275,38,14,6,1002,9,10086.5,290,291.4129,260
6126,efbdceaf722807630cb76e4c80c67d2290f07071,0,0,0,2014-05-13 22:41:45,367,1815,1.0192,2182,3,2,7,827,5,24254.0421,302,245.7329,627
6133,1e1101781ef2662a185c3b53befe0a3bb64f550a,0,0,0,2014-05-13 22:48:23,433,264,2.8163,697,10,2,2,47,10,29419.9808,23,18.2122,89
6140,95fd0fa4ba5d8f5633279a64c0d1c3a0851fb1ba,0,0,0,2014-05-13 23:36:59,214,2648,1.5471,2862,5,4,3,42,8,16114.8027,284,226.1508,1424
6130,36d5bf5fc6f0b69d6e1d05cdb199196071fee52d,0,0,0,2014-05-13 23:39:48,424,618,0.1731,1042,6,1,1,1000,10,2264.0,376,305.0568,684
6139,79af0aee1d45694084058b62af4c975b8df495e9,0,0,0,2014-05-13 23:46:16,41,69,3.0268,110,11,5,1,21,6,85713.5814,299,253.8874,574
6141,da2c46705bf9a8cc1e90837bee1739e8cc6c0bc4,0,0,0,2014-05-14 00:01:59,3581,53,0.8792,3634,3,2,6,32,7,11494.6817,306,279.1367,394
6129,cb9d679704f10b71e49cbd9b0fbab55f4284ae1b,0,0,0,2014-05-14 00:41:22,183,50,1.5249,233,11,2,2,25,2,19332.1341,341,262.9328,836
6122,667be331ece87d56f695e4a3c944876fa51d3e91,0,0,0,2014-05-14 01:35:12,270,410,0.1967,680,59,32,7,827,14,23461.8747,370,248.0328,311
6134,58a95ec462056273df261741ed19618e1e07bcaf,0,0,0,2014-05-14 01:38:38,168,303,0.2181,471,76,36,17,1177,133,44078.4923,349,255.2708,674
6124,f468356e4c87c73471dfb024977bf36e3578769b,0,0,0,2014-05-14 02:19:18,17,76,3.182,93,1,15,5,27,5,8159.4117,350,285.907,518
6142,dc72904849873f817f0ecf3eb16871b21d4c7ec6,0,0,0,2014-05-14 10:51:10,23,3829,1.0968,3852,98,1,1,1033,134,46394.8344,485,32.5991,3475
6143,ff8bceec7fca1394fb3a223018c6c0380d7eab2a,0,1,0,2014-05-14 13:03:08,7,3382,0.546,3389,1,2,6,916,3,70143.7274,431,144.5463,34
6135,6728ec52ccf8d77225282438056fa46c364709c8,0,1,0,2014-05-14 15:16:16,507,2113,1.1834,2620,5,3,2,54,11,34581.4359,305,287.0137,657
6144,f90f172cfca0314bb820769bc3c54c5b88317743,0,1,0,2014-05-14 16:23:40,58,114,1.4212,172,4,3,2,989,4,8925.4532,362,281.682,523
6136,ad144f1e4e2fe3f661b75857bd34dc56bbdf2e9b,0,0,0,2014-05-14 16:52:53,8898,67,1.1293,8965,4,2,6,1041,5,37029.0328,312,286.6399,425
6151,b0557d08865d31762fb2ddb913b4aa7a2f3ed3b3,0,1,0,2014-05-14 17:27:43,108,1143,1.7013,1251,3,5,1,966,3,55455.8968,1000,9.9599,3033
6145,4cdc6335910fcf0612585e8d787b7980641285c0,0,0,0,2014-05-14 17:54:27,172,3382,1.576,3554,5,2,6,16,119,68259.7707,446,575.0,80
6123,1b6a3acfb7d1991ad8e76425e31792d38403b136,0,1,0,2014-05-14 18:27:58,532,128,1.7164,660,10,4,2,986,0,73008.0069,77,53.1447,127
6149,1fff513721895f8cf8fe4f2ddad5fa2af64898f7,0,0,0,2014-05-14 19:51:01,344,2003,0.6103,2347,5,1,11,73,9,28297.1334,344,255.2057,342
6146,73c138377bed9d15f4edf219d67cdf0d02f2226e,0,0,0,2014-05-15 10:22:56,4779,49,2.8769,4828,9,4,1,1177,5,44587.5138,117,38.8572,39
6157,7f7c972079498cf4925a5cc4e9d82325d339f273,0,0,0,2014-05-15 11:51:08,126,1143,1.8296,1269,5,3,3,35,14,54117.7414,183,86.4613,14
6147,c3a38aec42e50c1277ad5b75f63c149e1ab637b3,0,0,0,2014-05-15 12:06:20,124,2648,0.6388,2772,3,1,1,22,3,15091.0465,448,135.1895,3360
6155,38ce861ff20935a18c9f29f9bba3195a7c404a7d,0,0,0,2014-05-15 12:55:21,12,618,2.5,630,1,1,1,1000,2,4860.6354,424,137.1096,180
6092,cf18cde4e9fb8ede72b88ffaebbed43d5a9355d2,0,0,0,2014-05-15 12:56:16,69,7302,1.7136,7371,2,31,1,25,7,64190.0,384,130.0524,190
6137,443c5d677ff54775dbfbb592005a1405645159a5,0,0,0,2014-05-15 15:52:14,9591,20,0.081,9611,3,41,1,966,1,53169.4465,389,158.558,147
6152,0860c40c8c8fae7b7ff9aef9a336084a11c60101,0,0,0,2014-05-15 16:08:05,684,59,0.1221,743,1,5,1,868,6,84493.3743,289,251.4733,263
6159,ebbc3a998afbea4b8cd23614daac001821ac4d7e,0,0,0,2014-05-15 16:13:57,22,5083,3.9069,5105,1,1,1,1022,4,585.8445,298,285.5947,271
6201,9e1db4032d94827f9e66a91f6a9603079f347384,0,1,0,2014-05-15 19:11:48,963,1160,2.8666,2123,22,6,6,336,104,51868.9893,263,217.0231,1596
6150,d3df8dca8d3d09b8f17cb2598d93cd5a12481733,0,0,0,2014-05-15 21:25:11,95,94,2.2785,189,6,4,1,1051,7,31776.8467,424,135.574,110
6161,b31ae3ac3533441d2aa687ef11d3e637a32846ce,0,1,0,2014-05-16 11:03:33,2753,8089,6.2875,10842,2,1,1,1130,1,62033.513,202,85.0287,80
6162,6c4afe1f3e98a1365322d1391fbda153e5e65f61,0,0,0,2014-05-16 13:17:18,299,264,2.2535,563,7,2,1,52,7,64671.7524,438,161.6138,21
6153,39fd71ae04faa2761579afdf4f13f97340b34c34,0,0,0,2014-05-16 17:47:05,57,31,4.7077,88,2,26,1,1021,1,22125.5456,128,26.5521,86
6156,093f24b58afdc00fcd89c5f49f1451940c8cf4d4,0,0,0,2014-05-18 23:42:31,4307,2648,4.808,6955,2,1,5,24,1,16157.1678,353,288.9862,546
6158,96eead003ad5aef49946b9256fac2fe56d271fe8,0,0,0,2014-05-19 00:03:22,100,1815,0.4565,1915,3,3,1,827,4,25192.9791,347,288.3117,472
6160,2bb3e982a71420caf81fbc9b2459a21ae690f446,0,1,0,2014-05-19 00:57:19,354,1526,1.255,1880,13,6,3,54,14,18318.5603,368,296.129,1212
6164,656022012916b604a3bf955f0a8514ebe3b8d449,0,1,0,2014-05-19 10:14:08,1295,8778,3.6148,10073,20,17,5,83,43,50988.8117,159,110.8969,21
6166,468bcb0fc1e6d9b58fd0a272ba44cf19c285d71e,0,0,0,2014-05-19 14:39:56,2651,79,3.5564,2730,18,7,1,54,7,59049.2722,382,127.7184,2713
6098,f0d39267aa00a80bb4e73c8fb4cfc1ea9d9c74cd,0,0,0,2014-05-20 07:45:53,1961,91,0.8219,2052,1,1,1,871,108,77599.0274,176,94.5653,3033
6168,505119b68db9050eabb80516e35fb1f0bba29eb0,0,0,0,2014-05-20 13:43:02,71,65,0.964,136,3,2,1,20,2,58610.5311,1000,575.0,38
7171,7e4888dfe6ded643c3a21d7e64d5eda47ebf4526,0,1,0,2014-05-21 01:21:56,1045,67,2.8947,1112,17,8,2,987,2,16131.9825,288,299.0413,457
6659,d97c45c6d1d33d69d6182e76a52d60334784e233,0,0,0,2014-05-21 08:56:07,294,1143,0.008,1437,1,1,8,13,3,54730.7988,425,142.7411,10
6170,8dc3ac4f1cb6a4f53b2fd0be0d7ff35a20cb574d,0,0,0,2014-05-21 13:50:31,2753,8089,3.4809,10842,13,5,16,46,12,64089.0,434,163.0905,172
6174,9c06e8cc25062bdf4dcb035bfeee6e594fcf7642,0,0,0,2014-05-21 15:46:59,96,90,4.808,186,1,1,5,987,9,14130.6894,83,38.5813,43
6648,c561a51c132cb1b528a81ea3a71835fcb1c6c768,0,1,0,2014-05-24 15:43:57,7,482,2.081,489,6,10,5,17,18,67827.4532,516,575.0,3033
6182,7ad6c8baee710254608c6f4a929cdcc0ba34c7d1,0,0,0,2014-05-24 18:28:00,18,1815,0.0264,1833,59,32,7,10,3,22728.8416,190,84.8026,59
6184,8677ad9ad03cfaa37e654ebd8bd868928fbddff2,0,0,0,2014-05-24 20:26:21,5613,87,0.5773,5700,4,3,1,22,6,45066.2571,173,66.727,3475
6176,e5f617d1557414456db1f00e7d5adeaded749870,0,0,0,2014-05-25 17:55:00,100,96,5.4776,196,5,30,10,1068,9,59496.7706,288,252.6688,2713
6180,01a17b7071590563f124e822856d7bb66c265a8b,0,0,0,2014-05-26 08:55:48,2182,2003,0.6556,4185,68,1,11,29,1,28905.7731,77,47.699,167
6183,e3984986226b10796f0169b47f2480dd55ed3f74,0,0,0,2014-05-26 11:18:27,113,57,0.9711,170,2,3,1,3,6,29247.2461,69,42.8508,160
6186,363ea248a756c10e03544dd4664b7bb2ddde531f,0,0,0,2014-05-26 19:03:14,56,1815,0.0854,1871,59,2,1,18,5,25436.5885,1000,18.7058,4335
6181,5f0a3d4d3424392aef87291b2840b86e30eb0ace,0,1,0,2014-05-27 13:36:50,63,2926,3.182,2989,1,1,1,21,2,8219.2493,409,78.2425,461
6173,1c6d6045514263685232e841d9f96ef5f9d92a12,0,0,0,2014-05-27 13:54:00,31,5083,3.9069,5114,1,1,1,50,7,248.1371,308,251.7617,349
6154,3c299973f46414c0358bdc6b72bc7e4f90c563ee,0,0,0,2014-05-27 13:54:43,47,7302,4.9874,7349,1,31,6,1020,4,67423.9041,319,262.1891,496
6177,84bfba4fa7674da25cf70a734fe1644c66a2d1d8,0,0,0,2014-05-27 14:06:47,2753,8089,0.1742,10842,99,2,16,43,134,63747.4954,354,290.9934,396
6211,d80b929f57e3a52a4ce688acd19159236a697c7e,0,1,0,2014-05-28 21:27:02,734,8778,3.4015,9512,17,20,4,302,113,50997.1351,130,43.5737,96
6138,60c1afc2a56818e631697ad71f466f7f0aa82397,0,0,0,2014-05-31 13:36:16,95,74,1.2191,169,87,1,1,1068,7,59990.7849,361,255.6904,406
6178,1ce11d3a38f0e310bb8287a51208ac2e42b13d63,0,0,0,2014-06-01 09:55:06,1961,465,3.6595,2426,51,1,1,871,4,78134.2239,176,69.9475,155
6185,28a3dfd723bf370d86c4a4127228058e0218ce51,0,1,0,2014-06-02 01:24:17,744,241,4.4994,985,24,10,3,1021,18,21814.995,408,206.6979,1047
6187,2b0baea9b8a6dd99052c2dfa98cae719a39d6bbc,0,0,0,2014-06-02 12:39:36,2651,67,2.3082,2718,12,2,1,33,8,58415.0006,109,37.9281,96
6191,6d8fea9602c7cd248ac29d9d5c2c2f1ade42c73f,0,1,0,2014-06-02 13:46:07,52,2926,1.5021,2978,4,2,2,30,3,7541.6257,26,28.827,190
6195,3beca629b8f11073415e8107784b2ffe4368f613,0,0,0,2014-06-02 14:23:40,21,32,0.038,53,24,1,1,989,3,9948.3549,66,47.7442,52
6200,6a40d41ac213772b11267203797ed8c83a937392,0,0,0,2014-06-03 12:59:16,516,3,0.5287,519,6,5,1,1041,3,33945.2863,68,24.5271,64
6188,b0f8ba06953f978516044db220a89cacbcbb2d5c,0,1,0,2014-06-03 13:14:22,28,10,0.0253,38,1,1,1,1000,3,5754.6191,37,47.4867,83
6169,b746f452e7187dad08340b9cfdc2fa18a516a6c7,0,0,0,2014-06-05 09:25:59,4779,2465,5.2833,7244,3,2,1,1177,3,43191.0995,61,51.8851,34
6198,24d00598ab85186dd75f263563273cb3402304c7,0,0,0,2014-06-05 13:45:49,5613,94,5.6438,5707,98,1,2,32,5,46824.9191,360,291.8687,947
6204,f3930e3dba63d98f2b0fc7986fb507f9afa8283a,0,1,0,2014-06-06 15:22:30,186,7302,1.6379,7488,5,4,3,1020,6,66234.1166,1000,575.0,74
6189,f391957f3e226e302288dc177b538ce7672b3d91,0,1,0,2014-06-06 18:14:43,227,22,0.8713,249,2,2,6,986,1,72854.23,27,25.6893,31
6196,f82c61fdcf9cc8a77eb2aed0a38abc615e18ff03,0,1,0,2014-06-07 13:21:05,2467,3382,4.9358,5849,1,19,6,4,0,68798.5305,15,16.2327,3
6206,4b9c71d35fb4a630a4f5024e37c8c1396721ba4e,0,1,1,2014-06-09 11:47:52,271,8778,1.8172,9049,7,3,1,1377,3,49899.3006,11,1.4906,10
6207,c81d7b02e0affb875af2851fc7c611a1976d69a1,0,1,1,2014-06-10 22:22:11,5665,4441,0.9428,10106,2,2,2,16,9,31195.7022,53,44.1434,92
6210,22949fce59dedc24004e0f66e499eaed11274eec,0,0,0,2014-06-12 08:54:59,447,138,1.3688,585,2,2,1,1130,1,60955.6356,18,8.5708,3558
6193,a83683a00f8d27988653e6eb0966a682ddefe498,0,1,0,2014-06-12 12:06:24,74,17,0.6803,91,2,2,1,9,4,46683.0408,12,1.4335,33
6199,81b032a44a1cec1b241a889fddad79573509854c,0,0,0,2014-06-12 12:25:46,6363,3319,0.133,9682,83,2,8,38,7,39824.2623,365,259.2643,156
6208,856d5569c62c9a74be24750444c589ee11c4ceb0,0,1,0,2014-06-12 15:45:57,139,27,1.6329,166,4,3,6,25,5,11426.9433,84,38.5379,93
6215,95b0cadc896a8837a417e8eca47ba092166b7c47,0,1,0,2014-06-12 15:50:30,2814,7302,0.0784,10116,2,2,1,27,3,64307.7526,346,253.0701,689
6212,09c4c05f065102d79f7b88f2ecb2c6ae7c093d4a,0,0,0,2014-06-12 17:04:21,684,20,3.0268,704,11,5,2,868,3,82749.434,353,261.2468,384
6213,5a6e2e7b4e0897578c78c83b704e0943ed5c8687,0,0,0,2014-06-12 17:39:00,35,3319,0.8298,3354,1,2,1,1243,8,37979.899,188,72.0677,88
6209,8a5579342a1042781b1f44ae3db0406e6adc5533,0,0,0,2014-06-12 20:58:06,37,43,0.7209,80,3,1,1,1021,5,21653.5929,429,166.7728,3393
6218,3bc977591bf6248c158791b6519e9506a2d04229,0,1,0,2014-06-12 22:48:17,317,2465,0.4096,2782,8,3,2,56,14,42863.6028,348,255.5528,855
6192,6c6fc897a284c27dc904de98039814ec786e9fa0,0,0,0,2014-06-12 23:41:04,203,4441,0.8351,4644,5,4,2,1051,10,31919.6249,313,259.6056,416
6217,a70de7e3faef8afea0134c8fed1240d742cccb3d,0,1,1,2014-06-13 08:41:32,252,157,2.8308,409,14,11,2,55,8,47173.3301,58,28.092,33
6221,08f189ad37a64b094ba86def8544687419c131ce,0,1,0,2014-06-13 11:14:42,1216,8089,2.0062,9305,35,14,8,13,19,61545.4101,799,204.6208,2090
6223,229754d20076fd24f97c3c0b87cbf18828de8e08,0,0,0,2014-06-13 14:54:42,5613,3829,0.3272,9442,98,38,12,71,13,48508.1912,780,199.1143,189
6219,96e76a58417a820267dae1b134f28e988e903fcf,0,0,0,2014-06-13 15:40:24,1829,111,0.0,1940,24,2,5,63,12,14975.0088,1000,37.1356,137
6224,a84f8a1ccfc867499dfaf688b2f658f8a0f87ae4,0,1,0,2014-06-13 17:46:46,97,8,0.2807,105,3,2,2,18,6,53473.7499,186,74.9068,93
6194,708426ba6783bc600e1b818c78d90d567a3734a4,0,0,0,2014-06-14 10:14:05,5613,61,0.0827,5674,2,1,1,1033,134,47388.2587,185,72.8198,142
6220,ca2b287a7a78328ebf43766b9fdf39b56fb5fd4f,0,1,1,2014-06-16 13:05:10,1492,264,1.0645,1756,25,12,5,8,4,45560.7413,861,187.2984,1382
6225,b692b0496d86db352607a489f8a018fcb32ff4de,0,0,0,2014-06-17 12:08:27,67,43,4.808,110,2,1,5,22,5,17707.4773,1000,10.3593,3360
6230,6c827fb932efff77c8abcdbb407385898f9d8d40,0,1,0,2014-06-17 14:18:02,73,2648,1.1638,2721,3,18,1,987,2,16607.2353,55,47.8776,79
6228,5fa5e50205afb41ebc39f197da07e87c0fdd0334,0,1,0,2014-06-17 17:21:02,277,81,2.0672,358,9,5,2,1033,11,46712.7082,796,80.9188,3475
6233,7c4c4a9d2fbc7b2ffdbd4668a36c21d503c672b2,0,0,1,2014-06-17 23:28:34,347,76,0.2667,423,40,3,2,987,109,16021.5513,862,130.1498,3360
6227,5484d58e56a7fdb5ff7a9e9edff8ef73e27e7c71,0,0,0,2014-06-18 10:16:11,6363,81,0.9075,6444,2,3,2,44,3,40381.0018,186,84.768,3033
6232,6ee874aa05e0eeda133bcc6100cb2330e1d27154,0,0,0,2014-06-18 12:06:12,2651,2388,0.594,5039,4,3,1,29,8,57422.4367,444,24.7581,78
6235,73a94ffe480c7054afce3b5b16ae84e40feb05b2,0,0,0,2014-06-18 13:44:21,12,0,0.8128,12,1,2,2,14,6,36832.9369,63,30.8096,169
6238,3a452e5bbabe1967ffc04aa34f2959d1efece282,0,0,1,2014-06-18 15:07:25,8898,75,1.1281,8973,35,1,1,1041,8,34665.2574,785,137.462,277
6234,1a1a13e06511b5877f909c43f4d4320855490fc8,0,0,0,2014-06-18 16:25:11,80,17,0.0854,97,2,14,6,1002,107,12069.9564,67,25.5809,37
6236,5c23b8fc332f8f92fda36233b45dfa88fb86ede6,0,1,1,2014-06-18 16:46:21,49,16,0.0273,65,51,18,4,15,2,81141.1319,819,156.1545,107
6216,cd665b9e8abec2bbfecf384fe7273bd50f22ce67,0,1,0,2014-06-19 17:54:23,243,106,1.5585,349,7,3,2,62,14,33269.4351,815,178.646,602
6229,7b6b5a2e019866bf8fdd993775eab410e22f0f5d,0,0,0,2014-06-20 13:19:43,43,44,0.9059,87,1,2,2,15,4,47224.0845,103,42.1182,30
6087,191dd1d2ec1759a9065ba76a700dfd32f0eb8137,0,1,0,2014-06-20 18:36:32,43,6,1.618,49,5,3,1,10,10,43640.8557,13,8.8984,4
6263,8c1d82a8ec674de6525319501c6be2674e3143f1,0,1,0,2014-06-20 19:13:23,1869,1099,4.0018,2968,68,31,6,296,93,57590.5378,955,63.9516,7690
6231,ff69b1bb2fd049d89f4fbd8c6946240a150043f6,0,1,0,2014-06-21 09:43:13,5665,4441,2.9186,10106,8,8,1,15,3,31776.993,212,68.103,162
6214,b4b633eab9a70e14d2e0dd5252f4b092a3689093,0,1,0,2014-06-22 16:19:57,2467,3382,1.6291,5849,15,12,4,87,23,68920.3522,918,199.8329,1093
5144,c527a2b8f42aa0d57cdda4b0b5fb35dcba1a2538,0,1,0,2014-06-22 19:20:55,872,465,2.676,1337,13,4,4,47,108,77003.1025,1000,710.5,146
6241,1357ea3a40f747e4e51b5b52612323fe55747da7,0,0,0,2014-06-24 11:43:13,8898,2113,0.4433,11011,1,2,2,14,5,35076.8131,31,30.137,151
6242,f3c54284b0dd20e360941d072b5cbd736acfec76,0,0,0,2014-06-24 12:41:11,7,618,0.037,625,1,1,4,1000,2,3520.5232,37,50.0599,50
6246,fe91d4bea4b1b68477ae52ed0746d5be3f7c709f,0,0,0,2014-06-24 14:06:35,40,2926,0.079,2966,24,2,1,989,11,8446.5821,871,145.8138,342
6244,f13ad5b415a57e7d1c97319935a04f076cc1776b,0,0,1,2014-06-25 08:30:32,2985,2012,0.0695,4997,70,19,1,986,2,75021.6106,55,30.7167,65
6251,843139562ad14c4a5980a3477b67bc1b53676b18,0,0,0,2014-06-25 12:47:01,128,96,5.2754,224,70,1,6,34,8,75400.1741,798,136.1963,134
6254,35438ec2f3b0d3babb4f9348a32df89a7376ae25,0,0,0,2014-06-25 14:52:55,106,218,1.2863,324,62,4,2,30,119,70971.9821,871,181.2878,754
6252,9c5183495f71ad834285fd0778a4f8e350948699,0,0,0,2014-06-25 15:53:11,5,14,0.0326,19,11,5,1,20,7,84098.7585,53,33.1546,144
6256,f4d522b7b3a097a8da261afb71adebbb737db788,0,0,0,2014-06-27 11:15:26,2467,153,0.1591,2620,3,19,1,50,2,68039.1039,793,140.6035,221
6260,9ce6293075d1a2326df8a2e99c032445a555b28b,0,0,0,2014-06-27 15:38:53,98,2113,0.6973,2211,2,2,2,29,2,33885.7488,61,50.5364,76
6250,0d0803f57ad05999047b0a5eeddb59bda7a48182,0,0,0,2014-06-27 16:00:32,880,5083,0.8445,5963,3,2,2,1022,12,792.6039,853,188.4572,431
6259,3c5feae7da1a52cb928bccf7bee43d4f98faf2c5,0,0,0,2014-06-27 18:37:09,4779,2465,1.6766,7244,8,8,3,26,8,44629.7034,813,149.3007,1048
6249,d76d1b0dcd60bbfea168368621a4a46a4f077c4a,0,0,0,2014-06-28 23:21:42,92,2003,5.1646,2095,68,3,11,1106,145,26590.0212,785,198.3071,4393
6255,5cec8e8a7702e3a1515f406489087b55b9e9f902,0,1,0,2014-06-30 10:02:37,389,228,0.555,617,3,2,6,21,5,65762.8255,84,24.6582,23
6264,504228011f9e7cf339bffa64f0e18b7bd537787b,0,0,0,2014-06-30 10:19:27,89,18,5.2833,107,76,1,17,1177,2,44415.7548,424,155.5186,90
6265,c16f6d816899d8db7ff7c809d0c26be611b4d561,0,0,0,2014-06-30 15:12:10,144,56,1.2084,200,2,3,2,820,20,70672.5884,843,151.2945,7049
6258,5d4590ae38f3120c66e80fe354bbf4f29ed6fb5b,0,0,1,2014-07-01 13:22:18,340,1143,0.0522,1483,2,2,8,8,116,55306.4801,52,29.0646,37
6266,32a003d5c0f507f4634851434e8ffb8ce6b880b2,0,1,1,2014-07-02 14:00:55,127,223,0.691,350,4,3,6,43,12,65151.7004,796,35.2434,3033
6284,7a4c209a80d7b1389f2e843d5aacd98dee997496,0,1,0,2014-07-03 10:07:25,311,225,3.2665,536,24,9,2,307,98,57392.7264,1000,39.5484,132
6268,cf29798b20572db29051c0c67658e18ac92e998e,0,0,0,2014-07-03 11:33:53,2467,3382,1.3488,5849,6,19,6,40,3,70250.1204,798,181.5637,277
6267,da60630455c55cd9b238313999f3ad3e2ac0009d,0,1,0,2014-07-03 14:35:48,104,50,1.0246,154,2,3,2,1068,2,59701.681,28,44.0427,2713
6270,fb3bdeac0b0c73e905945a1ecdbf29bf83ba3a6e,0,0,0,2014-07-06 15:47:00,525,33,1.7006,558,5,5,10,28,24,57778.3102,21,575.0,2713
6283,76d4a75e823c31a899f2143fb6be185b90e55532,0,1,0,2014-07-07 17:39:24,1097,155,0.0,1252,54,8,5,246,117,70636.8054,738,77.4198,4000
6272,1d00cff8b913e2256c7ec2ce204b01c82d7214d1,0,0,0,2014-07-08 09:32:09,648,1299,0.7619,1947,97,1,2,1022,4,41653.8544,817,182.7113,7005
6274,e7c4c8586e80a768b4a89990bf29b9cb7dd11888,0,0,0,2014-07-08 10:19:43,111,7,1.8556,118,6,4,1,1022,10,39066.8214,815,152.4804,6786
6261,8ea6536050ac750f934157728445fac376ecaae3,0,0,0,2014-07-08 14:46:47,1961,18,0.0298,1979,51,18,4,2,2,80857.6964,844,160.8396,433
6277,03c6160e47bc2ab613a2734388aa22f83323e6a5,0,0,0,2014-07-09 01:03:21,898,3319,1.2978,4217,9,7,8,85,0,37286.991,1,187.7863,519
6280,a9b1daa125f109280027f9df3029bb4c49a0f326,0,0,0,2014-07-09 01:07:21,5613,130,5.6438,5743,98,3,1,46,11,46635.5764,854,196.4737,190
6275,52f9cf63e66a53592ea952c154e9e28ab4bce3b7,0,0,0,2014-07-09 01:10:45,76,122,1.992,198,5,2,1,47,110,9837.3392,873,195.9886,253
6279,26bc321c31c6625f782a1adfbc97a91e1cc0d288,0,0,0,2014-07-09 09:23:18,100,2388,1.3732,2488,6,3,2,59,9,57732.4352,815,148.1444,636
6282,6c9aa29082396f3b16557cf087df08b75a7943d3,0,0,0,2014-07-10 18:58:36,2985,2012,5.2754,4997,4,19,1,986,5,75692.8756,880,191.3661,819
6286,a82248617fa560a97a9f097346ef0104a463b1c1,0,0,0,2014-07-11 15:45:45,1512,1526,4.7077,3038,3,26,1,34,9,20986.7697,888,184.518,1118
5662,f6ff8a5635e93408d286f71ecbb365e5609c5406,0,0,0,2014-07-14 14:28:52,74,85,0.9217,159,87,30,10,35,3,59445.1714,159,98.7049,882
5674,5bb1cb1c78cd1ea5ac117c8fdd92f1ed44ec9de4,0,0,0,2014-07-14 14:28:52,12,2388,0.9215,2400,87,2,1,26,134,59219.0036,74,33.7024,751
5670,7d82dd1ffd582cd6290bbb0ec623d13fa48d55f7,0,0,0,2014-07-14 14:28:52,94,25,2.6291,119,8,2,10,24,3,59267.0233,74,62.0275,648
5664,91d27473a2213b7c561ba1e69acdf5da27ac687d,0,0,0,2014-07-14 14:28:52,96,2388,1.6679,2484,7,1,1,1068,3,59263.8977,113,82.7912,793
5665,a0d9ef514ec848470a56df1c1ea509dc28c30b3e,0,0,0,2014-07-14 14:28:52,87,12,2.0873,99,7,30,10,13,2,59433.4857,192,92.3394,845
5666,6bf3d1ef428e1fc2f14047f150ccb36f6057f965,0,1,0,2014-07-14 14:28:52,1418,58,2.6453,1476,16,8,1,1068,4,59442.4216,195,96.8019,701
5671,c643e641cba506ea15cf1042a6bc985a08d55ca9,0,0,0,2014-07-14 14:28:52,30,270,2.4366,300,9,30,10,29,4,59242.6836,192,96.9283,859
5667,290ba9f0a7e9655748fe578c287f58db63b2c87b,0,0,0,2014-07-14 14:28:52,24,2388,1.4886,2412,6,30,1,18,3,59233.3616,120,88.699,781
5669,19ac4c6fd04524ad9f9a45fdbef789dba784b374,0,0,0,2014-07-14 14:28:52,2651,61,1.5263,2712,7,1,10,18,2,59232.4508,81,85.089,891
5672,0e2b44fc590feeaca38e2a86ba8b771d3bd4ea0b,0,0,0,2014-07-14 14:28:52,172,315,2.3941,487,9,30,1,27,3,59401.0027,76,58.1824,751
5673,d3d90dc2ba13b2abe29361106b17064bbadbf36e,0,0,0,2014-07-14 14:28:53,880,5083,0.0894,5963,2,1,1,26,4,55.4986,28,36.1222,764
5684,937412cba7b5ac3b25017b0191b406489138d28a,0,0,0,2014-07-14 14:28:53,122,2388,3.7784,2510,13,2,10,22,4,59444.4058,119,86.2817,911
5683,3ccdaf09a417e1fbeca9c5d3affd3d6d85eea5eb,0,0,0,2014-07-14 14:28:53,34,69,0.8298,103,5,3,10,30,134,59249.4668,163,93.5972,712
5681,93354e92aa2e652f83181831f93821f33956f52c,0,0,0,2014-07-14 14:28:53,343,157,3.3793,500,13,2,10,22,134,59406.2571,23,34.0495,752
5680,9dfd75ff196009f734ad795eeb5fa53089ed093d,0,0,0,2014-07-14 14:28:53,302,253,3.1569,555,12,4,1,33,3,59448.8051,146,71.8084,722
5679,010c00c86d845367e41f9c476f270179e36b9b55,0,0,0,2014-07-14 14:28:53,157,186,1.1309,343,5,30,10,22,134,59252.7955,77,89.0642,794
5678,d38c5739bbf6db7ed04f67710493daa6a9ceb516,0,0,0,2014-07-14 14:28:53,256,3829,1.7647,4085,3,38,12,1033,9,47394.6002,113,86.9582,776
5676,8c2193354d56003c8ee9485427effe06e6faad28,0,0,0,2014-07-14 14:28:53,24,68,0.5582,92,2,1,1,21,4,2172.0,187,86.7863,774
5675,48d80bd683e737898c2e7deff963f909c78c8942,0,0,0,2014-07-14 14:28:53,880,5083,0.0686,5963,1,1,1,1022,2,2172.0,28,63.0578,610
5682,c1f7a09d356954ab97dd41a68782a99db6715b48,0,0,0,2014-07-14 14:28:53,2651,51,2.3882,2702,8,2,1,1068,134,59398.6821,80,109.8547,872
5695,d5f2d7fa6e93a256d9daefa1cb941699e314dcc8,0,0,0,2014-07-14 14:28:54,1759,1815,1.1399,3574,8,3,2,399,114,23630.2044,4,7.617,933
5700,038f4f9679801c46da322fa05b2c049040c4a17f,0,0,0,2014-07-14 14:28:54,134,63,0.9286,197,3,1,1,1051,4,29708.2667,61,57.4796,633
5699,cf867f51bf22e86922690abc4ce56b17b77f4e8e,0,0,0,2014-07-14 14:28:54,107,46,0.8715,153,1,3,1,20,6,29716.3023,68,37.9229,747
5696,4f1e52957716342a4b15e239b5dae8df32bfe195,0,0,0,2014-07-14 14:28:54,143,31,1.8401,174,2,30,10,1068,134,59273.5255,163,69.5233,726
5694,241f4dba8607be1cbd44b60b552d5a8f0337e1f0,0,0,0,2014-07-14 14:28:54,267,5083,3.1148,5350,9,4,1,65,3,118.5246,210,104.0947,944
5688,820b58dd82d8cccec588409fd170a0cb3f8f052f,0,0,0,2014-07-14 14:28:54,123,75,0.797,198,2,30,1,1068,2,59397.2343,155,90.4082,743
5692,f4551a83c5abb7e8cb936b37a2a8a210309d4a23,0,0,0,2014-07-14 14:28:54,2651,71,0.7554,2722,3,30,1,24,134,59225.9041,127,116.7475,908
5690,63a2dfdc7de091344be1179719d7528943043f5a,0,0,0,2014-07-14 14:28:54,880,5083,0.914,5963,3,1,1,1022,3,38.0239,81,87.0228,811
5687,5d40e871cb2b1f2dd4628c8b42e79cab99f907e7,0,0,0,2014-07-14 14:28:54,86,70,2.2513,156,7,4,16,18,7,29742.3702,70,56.8448,723
5686,cc0b496fb6e5ab0c49a4e80c48eee8d93ae4a2c3,0,0,0,2014-07-14 14:28:54,487,339,2.4144,826,11,2,16,33,5,29730.9924,154,92.3918,698
5685,87865c1b50a7831bb837ca8c4a5b17a15de17d08,0,0,0,2014-07-14 14:28:54,5665,97,1.6283,5762,5,3,1,20,3,29710.1093,115,109.4207,879
5720,1cb9016d21096d815eb080161f9ed80f4f356425,0,0,0,2014-07-14 14:28:55,193,287,1.2478,480,8,3,2,309,111,44708.8136,132,127.4121,1042
5717,960cecc9683534476d55cbf3b646c8225181d13a,0,0,0,2014-07-14 14:28:55,110,2388,0.8338,2498,87,1,1,1068,2,59240.4785,196,62.4354,737
5715,cd21bce6ce72a9361ba8d7acfd4ce02026900695,0,0,0,2014-07-14 14:28:55,227,68,5.4776,295,87,30,1,1068,5,59482.7534,73,79.648,742
5714,fecbe358ef838a06875a89c4e1ac991a4b9d3704,0,0,0,2014-07-14 14:28:55,276,15,2.0823,291,7,4,16,1051,6,33039.0861,191,96.4773,871
5721,26443e680f61c744d52531021b236a9a945d7ebb,0,0,0,2014-07-14 14:28:55,87,4441,0.4586,4528,1,40,1,25,6,29716.2612,111,92.6123,897
5713,41130d5a12a95e1dc7315f6b44c247d8a1a1e2d1,0,0,0,2014-07-14 14:28:55,154,92,1.5787,246,7,2,1,1021,3,19908.1504,197,98.1767,713
5708,04a717e08c0c13165bbdf52bca41a4d864463db5,0,0,0,2014-07-14 14:28:55,24,4441,0.9774,4465,2,2,1,15,6,29640.0201,173,75.4937,814
5707,e34bcd2c71810772b44090a34fdabadd8350ee94,0,0,0,2014-07-14 14:28:55,41,72,0.5257,113,2,1,6,30,8,19686.7736,67,33.0416,618
5706,87c11cfdbe6a5cba64d54178b690ec46c7ea3415,0,0,0,2014-07-14 14:28:55,880,5083,1.8549,5963,3,3,1,46,0,2172.0,82,81.0608,810
5704,98063ff6fbcb106e8df0febc6fa20d73bbd741db,0,0,0,2014-07-14 14:28:55,76,2648,1.9171,2724,3,18,5,987,8,14770.9746,1000,3.8522,431
5701,37c46f832f24a444a1fdf6073ce581bf1fd258f1,0,0,0,2014-07-14 14:28:55,0,135,2.1784,135,6,2,6,1002,10,11720.0447,146,93.2697,867
5697,28ba7390322c7070b7b163442519ee2a6e372d12,0,0,0,2014-07-14 14:28:55,3,20,1.357,23,5,18,5,42,8,14758.0954,76,112.9616,775
5718,258023d8030d03584017543cd502dda3d7c87b6f,0,0,0,2014-07-14 14:28:56,880,81,0.8848,961,2,1,1,1022,4,2172.0,194,91.0999,767
5725,a6fecec2c0a49660c94d39c0f31804ff24a2b42c,0,0,0,2014-07-14 14:28:56,114,24,1.0171,138,2,2,1,8,4,29651.7517,181,75.2654,809
5755,6ec360311a74554afa703e374793b701d546e26f,0,0,0,2014-07-14 14:28:57,79,1526,1.2781,1605,7,6,2,323,103,19993.2478,1000,88.8566,557
5729,d1fc3385fcfaa0dc142be05a506a9c83dd03dcf6,0,0,0,2014-07-14 14:28:57,16,59,3.9069,75,1,1,1,26,6,2172.0,187,66.1374,764
5728,55f880bdbe4b61003646c0f7d37f241f458c1e87,0,0,0,2014-07-14 14:28:57,40,91,3.9069,131,1,1,1,20,1,22.1077,194,66.5339,736
5705,bca5dfd581970a383b782fadc9e5299b3ae692eb,0,0,0,2014-07-14 14:28:57,130,2388,1.1363,2518,87,30,10,1068,3,59248.2364,77,63.3461,612
5710,c147c355eb9f74305ad18f81bf28888f2d6092fc,0,0,0,2014-07-14 14:28:57,164,2388,5.4776,2552,3,30,1,1068,134,59430.9178,78,115.1997,887
5724,b933fcbf24b992e96487641d7eb132bb9cdb537b,0,0,0,2014-07-14 14:28:57,2651,2388,1.9769,5039,4,30,1,26,3,59266.5807,84,84.0014,807
5722,ff431e5afe3f0879dc276e6ffbadea0760d14676,0,0,0,2014-07-14 14:28:57,81,58,1.499,139,87,1,10,1068,3,59422.1966,122,105.1707,768
5727,dcc0e2e961b07e0fcab1b944b29916e11cc455e1,0,0,0,2014-07-14 14:28:57,3581,27,1.0539,3608,4,3,1,43,10,11766.1894,73,41.4959,611
5744,ab00ad6bc566a7fa446000294969239a23c9d6fe,0,0,0,2014-07-14 14:28:58,5665,4441,2.0208,10106,7,4,16,1051,7,29583.6656,120,109.5672,786
5741,38d108aaf8ba197c93b5f52d76a9d9eec2a4e85d,0,0,0,2014-07-14 14:28:58,546,57,0.8595,603,3,1,10,1068,134,59402.4484,71,113.61,757
5740,34b9f7db5f0194eab22156c95c4445eca3152b53,0,0,0,2014-07-14 14:28:58,128,5083,1.7454,5211,6,1,1,1022,107,2172.0,71,67.9569,714
5723,f42bfb22e5587b32db694e47ee1c40f4241b243d,0,0,0,2014-07-14 14:28:58,557,75,1.4194,632,7,3,5,34,2,14947.6067,156,92.6882,750
5733,cef2a4d04c36081ac787f2b9cdd392b50f87b94c,0,0,0,2014-07-14 14:28:58,149,3,1.389,152,3,2,17,1177,6,44559.6436,61,59.2617,639
5731,7ca4718e09d5abf87582ab85c795ac8bc7fe684a,0,0,0,2014-07-14 14:28:58,808,376,2.3781,1184,0,5,1,1022,19,2172.0,91,150.5004,533
5730,306ef32fe0998b50d117a865eff9be52bd48b96c,0,0,0,2014-07-14 14:28:58,5665,92,3.2617,5757,11,4,16,31,7,29574.4262,83,84.3953,925
5751,65831b771b835a9989ec970fcbc8a7ce8bb9400f,0,0,0,2014-07-14 14:28:59,107,29,1.0671,136,5,2,1,14,4,44545.4749,40,54.3897,719
5754,f350b9da8450dcdd765cab3a99031154f68af597,0,0,0,2014-07-14 14:28:59,68,5083,1.7557,5151,6,3,1,47,2,2172.0,72,71.6697,762
5753,abf758de69b694236ce3d71a883de33fa1cefb58,0,0,0,2014-07-14 14:28:59,19,47,0.6182,66,2,2,1,1022,2,2172.0,185,75.5819,825
5748,3d6462b528e9a3208f336c69919a913199ed508f,0,0,0,2014-07-14 14:28:59,2651,89,0.12,2740,3,2,10,1068,134,59202.1264,69,116.8883,744
5738,f9cbd54d2a514cd6bd65b1a126ae45663807cfff,0,0,0,2014-07-14 14:28:59,82,26,3.0791,108,10,4,1,1106,5,26466.0629,32,33.2368,563
5745,33e480328cd4107660d4b6b9bbcb00602113d2b8,0,0,0,2014-07-14 14:28:59,5665,33,0.643,5698,2,40,16,10,5,29647.6253,171,76.0745,826
5747,9b34c8d2b42a9b33cea80d0f26e8efba63a542ff,0,0,0,2014-07-14 14:28:59,102,47,0.9018,149,2,40,16,1051,5,29690.7783,172,82.2563,816
5756,48ae7ca6cf4c8158e5a2daa95b5c9cad4271b91d,0,0,0,2014-07-14 14:29:00,69,21,1.8021,90,6,2,6,38,10,11966.0498,74,114.8007,925
5742,13e9f38db72ab032017900d746c1f01998fd27da,0,0,0,2014-07-14 14:29:00,5,5083,2.926,5088,10,3,1,1022,4,2172.0,1000,710.5,889
5764,cd47b2b4185d4c64479c4ff84f9251c06f13604c,0,0,0,2014-07-14 14:29:00,112,4441,0.2536,4553,3,2,16,1051,9,29713.7826,87,109.3504,896
5735,ef76b59c69e5bfc4cfe52c853a7042b4a1a3068a,0,0,0,2014-07-14 14:29:00,20,111,1.043,131,2,1,1,1022,3,24.5011,190,87.0735,744
5750,98e087fd091b9c3519d6f241a0525a756c486b87,0,0,0,2014-07-14 14:29:00,301,68,2.3531,369,7,3,1,33,9,32914.3044,121,107.1105,787
5782,e1c059d300ea49a73f4bf767cd6c9ba14503bb8c,0,0,0,2014-07-14 14:29:01,2,118,1.4769,120,7,2,1,15,12,2172.0,32,22.2777,769
5776,2fd380e6ecf8d69f66462f1ccfd1bf7df1a37f30,0,0,0,2014-07-14 14:29:01,131,8778,1.5307,8909,7,5,13,1377,3,49413.9347,61,43.909,718
5762,6e3809fba763561e4b967017b9e6e07bd4846f14,0,0,0,2014-07-14 14:29:01,152,5083,0.0857,5235,1,1,1,1022,11,37.5949,116,105.2568,784
5769,77b7dccd3a30719a8d0bac82fa0ae49f2e9ac889,0,0,0,2014-07-14 14:29:01,1512,24,0.6207,1536,4,3,1,28,9,19708.1578,63,62.52,733
5768,0eba9a866bb143d1601cdd072fea74c264b91991,0,0,0,2014-07-14 14:29:01,75,2388,5.4776,2463,3,30,10,1068,4,59442.6141,66,66.4134,728
5771,a3809ee29c89d59b5ca31bca480bbc0702ab7993,0,0,0,2014-07-14 14:29:01,1512,79,0.3765,1591,2,3,1,1021,6,19848.9421,72,77.2545,736
5760,8951d92177e4fa541742364063cc90ea141e84a4,0,0,0,2014-07-14 14:29:01,245,4441,4.7242,4686,4,1,16,1051,7,29630.8119,71,61.9047,722
5793,9edb62746ec8a8e335ce31f12783274599ae71a5,0,0,0,2014-07-14 14:29:02,47,5083,0.6116,5130,3,2,1,14,10,17.545,172,86.6215,814
5786,9840f820629d473c7d4e86ba3aa2dfa57b5220d6,0,0,0,2014-07-14 14:29:02,20,5083,3.9069,5103,1,1,1,35,1,35.3475,187,87.3967,848
5785,b76232b745cf96ef90c4ac3f57a2f54964b07d40,0,0,0,2014-07-14 14:29:02,60,395,2.6177,455,7,6,1,1022,18,165.9486,134,45.2955,640
5784,ea4b082a8d7012eef75a91ee21765c0be279a1d9,0,0,0,2014-07-14 14:29:02,9,5083,0.0814,5092,1,1,1,28,5,27.205,194,69.3959,754
5781,fcaf6ab26b4960799eef9cd7e6bd72b9647c465f,0,0,0,2014-07-14 14:29:02,33,5083,0.8557,5116,3,3,1,9,5,32.3417,88,111.4015,814
5789,5ebe51616756967ef00046affec34ab6cd8bafcf,0,0,0,2014-07-14 14:29:03,782,3319,3.1532,4101,19,6,1,62,12,38485.3887,164,150.3935,1497
5791,84f7a45998578cb66a0b7ea52b3f2872eeb47cc7,0,0,0,2014-07-14 14:29:03,8898,179,1.8917,9077,9,6,6,50,9,33339.5,64,62.7137,755
5783,7f91c57d548f2c8ac0910fc8f8d91ba6b37a6450,0,0,0,2014-07-14 14:29:03,204,90,1.0223,294,5,1,1,15,134,59413.6664,78,64.7239,722
5794,e267208bed1f2c4f995c043e5936a2fee53282c6,0,0,0,2014-07-14 14:29:03,6970,289,1.7904,7259,5,3,13,41,7,50953.4849,126,153.1396,1387
5796,393cf18c1359fd9de6035c45c8234bfc25de1980,0,0,0,2014-07-14 14:29:03,393,203,1.5329,596,7,5,1,46,10,37017.5337,111,127.0144,1526
5797,38638c8c8f82092e8b261501f017d14eb13592c8,0,0,0,2014-07-14 14:29:03,194,8,1.5335,202,4,2,16,25,11,29730.1633,155,128.1569,1395
5804,83a2911abbf19d3a25578fccc4263a7902e8b3e3,0,0,0,2014-07-14 14:29:03,144,2465,2.1465,2609,5,2,17,1177,9,42330.4054,122,153.106,1502
5806,ebb18f211d3164ddc5671c69847dca8879faf834,0,0,0,2014-07-14 14:29:04,880,61,0.888,941,2,2,1,9,6,17.3181,89,87.4243,870
5805,a5e1f0aec1b10e33142133d08aa946b36fbd9058,0,0,0,2014-07-14 14:29:04,232,147,0.7198,379,2,2,1,1022,4,2172.0,163,155.1347,1514
5803,05c5b48ae983e12773fa984198b880cd1f6002bf,0,0,0,2014-07-14 14:29:04,117,2388,0.1577,2505,87,30,10,1068,134,59446.5884,118,116.0739,755
5802,adeee2b971cc553feb546591b5ed06f2c8baa17a,0,0,0,2014-07-14 14:29:04,20,5083,0.2521,5103,2,2,1,1022,8,2172.0,105,105.4344,876
5809,3c07d6897721b9934cf833a62310d67134fa3eb7,0,0,0,2014-07-14 14:29:04,880,5083,1.692,5963,6,1,1,1022,3,45.1546,126,122.1919,956
5800,98850048959f847e7c585aad91c0312e18ea7a38,0,0,0,2014-07-14 14:29:04,156,154,2.4927,310,8,3,13,1377,10,50922.3796,160,156.368,1387
5795,f30581c70b851ffa5d9d72a785d11f97798491c4,0,0,0,2014-07-14 14:29:04,172,112,0.8834,284,2,4,1,1021,4,19714.7865,29,61.5061,730
5801,34d53c2a564fabe4ebd9374a9423eab95df84647,0,0,0,2014-07-14 14:29:04,64,89,1.776,153,3,3,1,35,9,14736.024,125,113.3561,774
5842,5030bec4de6b00cdd3cfdf4d10804ec8a8f6a130,0,0,0,2014-07-14 14:29:05,880,565,0.2635,1445,4,1,2,283,0,174.3342,189,30.7575,773
5818,bb01ea01568afb2903e32c4934b110368151b625,0,0,0,2014-07-14 14:29:05,101,90,0.0899,191,2,2,1,27,8,15.8565,113,89.8635,804
5817,ad67279e555f674a2816b5cb321086de26c5a36e,0,0,0,2014-07-14 14:29:05,151,2388,2.6674,2539,5,30,1,1068,134,59184.5947,176,156.321,1390
5816,cc7d7ef26b70cd1ba3280b52b9a13ec09993eb95,0,0,0,2014-07-14 14:29:05,45,127,0.9527,172,2,2,1,1022,6,2172.0,158,156.8393,1380
5815,b22a9e92021e295c9e34aa0a1e5c5dc8f9aeb49a,0,0,0,2014-07-14 14:29:05,90,29,3.9069,119,1,1,1,1022,9,24.214,88,105.6182,807
5824,a6d09db3859f370f851357efd21bfb50655f9b39,0,0,0,2014-07-14 14:29:05,71,5083,0.9751,5154,2,2,1,5,8,2172.0,88,90.3241,864
5799,e2a2a49f10890d01f2c8816804721ee0e64381b8,0,0,0,2014-07-14 14:29:05,45,5083,0.8179,5128,2,2,1,29,5,34.8875,161,129.7375,1501
5810,152541085db1aba33ef8e98b1a088dd08bd2e8bb,0,0,0,2014-07-14 14:29:05,97,141,3.9069,238,1,1,1,28,8,48.0039,117,110.9042,808
5807,7941e5cd06aa5a8e7013eaf540c9fe8ae6ac047c,0,0,0,2014-07-14 14:29:05,54,2388,0.8716,2442,87,2,10,23,4,59283.4978,117,113.219,888
5790,63346f7ef23d6b67b10f2bf89883758cb621fa00,0,0,0,2014-07-14 14:29:05,4779,128,2.0843,4907,6,4,17,19,8,42356.562,108,86.1879,871
5813,aa63c8236e1c7a63f0731bd95efe86b15376a190,0,0,0,2014-07-14 14:29:05,22,2648,0.8964,2670,5,4,1,45,10,14942.1864,83,113.9941,753
5814,a59e2b6d6e2f30feddf75032e54eebf55661788a,0,0,0,2014-07-14 14:29:06,52,114,0.9479,166,2,2,1,46,9,25.3929,128,155.899,1508
5836,84e67e7caa0dcbb2818972e98179d0120ebd84a4,0,0,0,2014-07-14 14:29:06,27,102,1.0465,129,3,2,1,43,5,2172.0,60,36.9532,742
5834,9b31a87b1cd6bb231677cd8dec059b7ade080481,0,0,0,2014-07-14 14:29:06,22,109,0.0844,131,1,1,1,36,8,2172.0,79,82.1598,806
5833,e3f0f4bc3369136f525d19a82182bb9d78a786e4,0,0,0,2014-07-14 14:29:06,184,38,0.094,222,1,1,1,53,9,45.7075,36,39.1462,623
5832,f8d671b57a8e518c198465c6d2ac0f7cd61f5e0a,0,0,0,2014-07-14 14:29:06,7,152,0.5968,159,2,1,1,10,6,36.7897,34,65.3776,644
5829,edd8968601f80db0baa32fb23b5ae553b3f53f38,0,0,0,2014-07-14 14:29:06,880,5083,3.9069,5963,0,1,1,4,7,49.1065,170,154.6438,1526
5830,bd87f043c4e0cd27ac88689bfc1f12fc540c3fb2,0,0,0,2014-07-14 14:29:06,77,148,0.3946,225,2,2,1,43,5,45.8728,159,152.6814,1401
5827,0a260cbd3464af155ff087060786ff7eb281d880,0,0,0,2014-07-14 14:29:06,11,5083,3.9069,5094,0,1,1,1022,9,2172.0,157,123.9935,1390
5826,9a5801cac6fd95a199d057d50076794e8e0d4bdd,0,0,0,2014-07-14 14:29:06,415,247,0.7959,662,2,2,1,2,4,2172.0,137,73.5234,769
5822,3ac92935a2dd3ab1fed6bb8a510d05efde69026d,0,0,0,2014-07-14 14:29:06,52,162,0.5004,214,2,2,1,13,9,2172.0,152,129.7955,1499
5821,54c6a0d97b54645ebe486bc11f22f6e88bfb8eb8,0,0,0,2014-07-14 14:29:06,238,230,0.9987,468,2,2,1,3,5,2172.0,72,60.5394,614
5819,7ed317993d3565f0351c3c86dada4d36f1369225,0,0,0,2014-07-14 14:29:06,59,157,0.161,216,2,2,1,16,9,46.2502,152,125.5941,1503
5847,6f8f384b846881faa9fe24abf67e92405de60926,0,0,0,2014-07-14 14:29:07,168,2388,2.1699,2556,4,2,1,1068,2,59263.4581,44,13.6508,584
5849,98967ea777193a554ca1c39739cd1e87c761e8b8,0,0,0,2014-07-14 14:29:07,410,184,1.365,594,71,5,3,342,100,29527.073,62,63.6595,445
5843,9b46f38035b0f7c7697a132912e91330328e3f4d,0,0,0,2014-07-14 14:29:07,2651,61,0.9489,2712,6,4,10,49,134,59173.4207,104,121.0741,1531
5828,fc1490665e8f9b2f53b954e981eac094fcba8e9e,0,0,0,2014-07-14 14:29:07,30,198,1.9553,228,8,2,1,36,7,47373.5778,175,128.0049,1322
5837,fe142630fe64d42df1cb882102d9e4dc9ad27231,0,0,0,2014-07-14 14:29:07,324,128,1.2875,452,2,2,8,1243,2,39478.2524,122,149.9588,1480
5823,fdb55b54da6528131a2d3059aa00d3ae7e65a4c1,0,0,0,2014-07-14 14:29:07,274,240,2.5597,514,10,4,16,30,10,29560.4655,160,161.0483,1552
5854,687ff8055bd21934fb5c5ee76ae7d638d02643e5,0,0,0,2014-07-14 14:29:07,151,5083,0.5627,5234,4,3,1,1022,5,2172.0,115,127.4707,1405
5846,81fd2cfe5fa93fa53d2235362ca97dc8a19d1069,0,0,0,2014-07-14 14:29:07,229,46,3.1956,275,10,4,1,22,2,54441.247,37,17.2556,508
5845,76dd218d4601c36b56adefdac328d3a95414b40f,0,0,0,2014-07-14 14:29:08,331,52,1.1432,383,6,36,1,1177,133,44377.6697,168,129.6934,1508
5825,e841da52efd9e43c05093103bc31e7fe53e5e6b4,0,0,0,2014-07-14 14:29:08,1512,72,1.6611,1584,2,26,1,1021,4,19590.38,96,111.7466,1293
5855,413227c924d14a9c1468d85b1de6961138cb137e,0,0,0,2014-07-14 14:29:08,93,1526,0.5196,1619,2,4,1,1021,10,19903.5451,185,162.7309,1594
5856,7f20110bbe4ea0e22a02c9bf836f44e025c0cde0,0,0,0,2014-07-14 14:29:08,4992,0,4.7242,4992,8,40,2,1051,19,33313.5,250,215.455,1823
5866,53e54a60172d4e93a94d45e97185c66b3cb1c136,0,0,0,2014-07-14 14:29:09,41,366,1.0135,407,5,4,1,54,8,29610.6806,121,151.6252,1499
5868,3c4d5b1f11f09b8b76e3c5e6430b0c7312d563da,0,0,0,2014-07-14 14:29:09,880,86,0.0632,966,1,1,1,32,3,2172.0,124,155.5234,1494
5867,900c8d8ee7da0108509a925f7dce51c681c2e35a,0,0,0,2014-07-14 14:29:09,245,4441,0.3357,4686,3,2,1,18,4,29738.8001,152,156.1081,1370
5864,4f5b68d6647453422dd94647f81c2f952db7deb4,0,0,0,2014-07-14 14:29:09,8898,149,2.2619,9047,11,5,6,15,11,34545.8186,53,710.5,441
5859,bf3353598d698d7dec2848870c8cd19bf3d90b7b,0,0,0,2014-07-14 14:29:09,64,2388,0.8689,2452,87,30,10,21,134,59292.6368,1000,40.6706,477
5850,16d90f0dd5ee3e75a0a3b0b4c5df6f004e08a608,0,0,0,2014-07-14 14:29:09,217,159,1.0009,376,3,2,1,23,4,39.6573,125,119.9464,1525
5863,2d17a6cda14199e0efdbce8b22dcc5249a14ac57,0,0,0,2014-07-14 14:29:09,65,180,1.0667,245,2,2,1,63,9,38.0095,159,126.7685,1407
5838,a68d78fae67135ffdf17e7f2ac18040b68cde3f2,0,0,0,2014-07-14 14:29:09,125,206,1.5729,331,6,4,16,28,6,29633.3555,29,60.8904,758
5874,7d87160ec603507e808862516eeb3c2d0d1c21a0,0,0,0,2014-07-14 14:29:10,53,43,0.6509,96,2,2,1,84,8,20.2078,106,94.237,872
5877,45e3871051566fb4f5b1f3435d165c4274df2028,0,0,0,2014-07-14 14:29:10,65,241,1.5702,306,6,5,1,51,7,63.9913,101,156.3884,1318
5851,c9d95f1da86504fb165cf8d4c19dfa1dcaa9eeaa,0,0,0,2014-07-14 14:29:11,258,94,0.661,352,3,2,1,7,10,50.3278,164,150.9215,1376
5891,ce2d67fdd4bbade702b82ac97cc5be7a61f792c5,0,0,0,2014-07-14 14:29:11,121,1526,0.3596,1647,4,2,6,35,13,19702.1381,34,36.9466,594
5831,8fd500ec1c9ea48507d4833823ba3fe4bcd82d09,0,0,0,2014-07-14 14:29:11,30,87,1.179,117,3,3,1,107,10,2172.0,119,155.0048,1499
5885,683277fc5c9297c5b478631945e41ace311502d8,0,0,0,2014-07-14 14:29:11,114,4441,0.7251,4555,71,1,16,1051,6,29600.1382,43,38.1707,617
5886,98107e18c2147bad3c381ab4c446298a30be1210,0,0,0,2014-07-14 14:29:11,28,96,0.8184,124,3,3,1,78,13,2172.0,88,107.8559,896
5870,ac168772c7ffb6f971dbfa0fa67f3125f9a05464,0,0,0,2014-07-14 14:29:12,184,200,3.0569,384,11,8,13,1377,4,50153.2252,13,43.1983,483
5894,2a79bb25bdd451fbd9cd299fae1d156c643a1e5a,0,0,0,2014-07-14 14:29:13,67,105,0.8954,172,4,2,1,82,5,2172.0,30,40.5279,346
5898,4c9b89fb05fac1c9c026b142867db3731e65533f,0,0,0,2014-07-14 14:29:13,6363,70,1.4187,6433,1,4,8,51,8,39524.4243,152,134.708,1497
5903,11abb7ab2d1d87e30f3ec729f0179204c248cbb6,0,0,0,2014-07-14 14:29:13,75,146,1.5217,221,3,2,17,36,7,44415.6936,162,157.42,1392
5897,a1116c3f16c0ed89ce19c2ab4336a6aed1097058,0,0,0,2014-07-14 14:29:13,40,29,1.8057,69,2,30,1,25,134,59289.3025,30,40.3804,457
5899,3dc8b2647923d9912444283fea2615c4b4375cf0,0,0,0,2014-07-14 14:29:13,110,1379,0.8619,1489,7,1,6,4,114,19510.6144,75,172.2994,1146
5913,1971b67b2b071c798e225ddf63731aaee45fa003,0,0,0,2014-07-14 14:29:14,5665,4441,0.6522,10106,3,2,16,12,1,29638.0244,68,42.8182,461
5911,51dbe6e901d7cc173f5e7b63d424e73d60d793fe,0,0,0,2014-07-14 14:29:14,880,5083,3.9069,5963,1,1,1,12,7,46.3056,66,39.1868,372
5910,fb819588c025492004bfa2808cf97b7a29cc895a,0,0,0,2014-07-14 14:29:14,2651,2388,0.2359,5039,3,30,10,1068,134,59241.9252,165,118.45,1299
5901,0721d185582cd68a8d70b7ffa36d7c62e35768f0,0,0,0,2014-07-14 14:29:14,1512,55,1.443,1567,2,1,1,9,11,19659.3122,162,163.5154,1283
5908,5f6cdb60a717effa520319b15f25df4b6232090a,0,0,0,2014-07-14 14:29:14,19,49,0.5344,68,2,2,1,47,13,28.2489,106,94.0671,805
5937,ba25a0b066d7e6ac5fcaa0be8b9f17705427ade3,0,0,0,2014-07-14 14:29:15,80,5083,0.2756,5163,20,2,1,474,101,163.0507,205,135.8519,355
5921,0d46177f41bf63e393bf9c5055981b0e4282d45b,0,0,0,2014-07-14 14:29:15,53,5083,3.9069,5136,20,0,1,319,0,194.7631,1000,170.8844,3033
5929,7904f10a8f8af772b27521793deaa4ecff7322b6,0,0,0,2014-07-14 14:29:15,2651,2388,0.0764,5039,87,30,1,13,3,59413.536,41,63.0918,441
5933,48512386d17352d551234f5004066262e3f665c3,0,0,0,2014-07-14 14:29:16,106,16,1.8666,122,7,5,6,61,10,19872.2077,28,68.2346,469
5931,ce7a8996a5b1140a8a6b731b7ed86a233227d009,0,1,0,2014-07-14 14:29:16,94,50,2.3445,144,7,3,1,79,10,22227.8203,151,130.48,1388
5939,a39148af9a0e3632121de89b21a3d9ecd0f09f20,0,0,0,2014-07-14 14:29:16,20,5083,0.7998,5103,3,2,1,1022,8,2172.0,118,150.4196,1508
5925,4f4e975c171f72e7ffd1e31ce8e3cd501700ca27,0,0,0,2014-07-14 14:29:16,84,58,2.317,142,9,3,1,23,9,22230.8215,85,92.4272,786
5923,a9ffdfddeaa63be0d5527f6121ac8e222c9777aa,0,0,0,2014-07-14 14:29:16,19,100,1.0434,119,3,2,1,30,4,2172.0,162,153.2326,1501
5949,25484701aaf11ed1fb913cf3cc60d9ad7b1c4ffd,0,0,0,2014-07-14 14:29:17,66,52,0.6359,118,3,3,16,14,6,29606.4175,125,149.7609,1488
5948,2a31b8a3667f32f0c1d728ea69008d07586964d5,0,0,0,2014-07-14 14:29:17,880,102,3.9069,982,1,1,1,1022,5,52.7809,118,108.6676,903
5940,926403e95ec8dfbde6dbd571ea81371c6f22147b,0,0,0,2014-07-14 14:29:17,63,5083,1.8164,5146,5,2,1,1022,5,2172.0,74,35.7467,499
5922,26a5266bb21dbbb683013e35938584c341649e79,0,0,0,2014-07-14 14:29:17,27,2465,1.2255,2492,3,2,1,73,8,44540.8543,64,61.7982,421
5934,f8425f1d1e9c6846a684bd2745623b14b11ddd51,0,0,0,2014-07-14 14:29:17,227,72,2.3526,299,7,3,6,61,10,33848.4965,36,65.7859,359
5942,44c378aedf445d718782ba3e5003bd76ef3ad092,0,0,0,2014-07-14 14:29:17,29,254,2.0752,283,6,1,1,41,3,103.8076,188,165.652,1525
5915,a7702c096548a65220cbaf9cd895a7a3b84fd4bc,0,0,0,2014-07-14 14:29:17,32,157,3.9069,189,1,1,1,47,9,34.2373,66,62.6398,450
5936,d3ba0b3ccd77f96e6942463e74b785e05901f3df,0,0,0,2014-07-14 14:29:18,56,16,3.9069,72,1,1,1,30,4,33.1935,79,89.537,801
5958,c145afe89247281b37a0cbba6121f5610e49c7fd,0,0,0,2014-07-14 14:29:18,880,732,0.209,1612,20,1,1,509,98,2172.0,227,214.2847,427
5977,c804ab5fb255121cf1f1a31983cd57adc7fc1743,0,0,0,2014-07-14 14:29:20,102,85,1.2128,187,4,2,1,1022,3,2172.0,1000,710.5,127
5975,082779ca33fd332b8817dbfb6545d40300f8873e,0,0,0,2014-07-14 14:29:20,880,5083,0.0551,5963,1,1,1,1022,4,2172.0,64,47.1617,345
5974,96434ab57c9229e535a8317d7128932006b9f3c3,0,0,0,2014-07-14 14:29:20,43,205,0.7521,248,4,4,1,56,10,47.2129,1000,22.8406,134
5969,8fb273ad25aca1c6f453e0ba9ea32ba6f467aabf,0,0,0,2014-07-14 14:29:20,33,72,0.8822,105,2,2,1,1022,5,31.0198,30,38.1548,451
5964,6452ca067bd40ea746aabde2f74fa0ebf2b935a7,0,0,0,2014-07-14 14:29:20,880,74,0.0566,954,1,1,1,1022,5,38.1942,69,67.28,454
5963,cb205d3a1f8d8fa9cc71f197d35b92d25e0a5623,0,0,0,2014-07-14 14:29:20,73,5083,1.7292,5156,6,3,1,106,4,60.4298,118,167.0638,1349
5947,6c2a1b3e93c8230ff90cf754a33d01769fdcf54d,0,0,0,2014-07-14 14:29:20,79,252,2.8811,331,9,3,1,63,14,97.4526,203,177.649,1310
5968,386a33289dcaec76224845ceb2db0f410568fa23,0,0,0,2014-07-14 14:29:20,73,385,3.4481,458,12,9,1,1022,107,119.9341,173,54.5143,614
5955,4f94e2fcc3226b578f7b70ee35329c8cd239aabe,0,0,0,2014-07-14 14:29:21,37,82,0.8501,119,2,1,1,1022,8,2172.0,75,40.0374,445
5973,7322ac24d6823a02ff0e49bdea7d21fe4e651d39,0,0,0,2014-07-14 14:29:21,50,149,1.6285,199,2,2,1,1022,10,65.1567,38,33.2404,189
5979,03aaf820d0ffec628540ef946f5cc7ca46251d00,0,0,0,2014-07-14 14:29:21,51,32,0.0952,83,87,2,10,1068,134,59408.6808,37,46.6821,435
5950,9f4d7b69479b579736b015f417ae343235b44964,0,0,0,2014-07-14 14:29:21,103,84,5.4776,187,4,2,10,1068,134,59430.6654,118,76.9789,948
5982,e31a9813f43a24e145f54fc073ff01f5342f6815,0,0,0,2014-07-14 14:29:21,49,5083,1.289,5132,3,3,1,54,4,45.5745,85,41.9197,509
5989,b9a48d3c8455b28d86d4fec07b02ad31b4685100,0,0,0,2014-07-14 14:29:22,35,19,5.4776,54,87,30,1,7,1,59332.9384,3,3.0461,45
5991,07586af4ce74bf3c2d59d288dcef27d3f2dfb4e7,0,0,0,2014-07-14 14:29:22,11,68,0.2383,79,2,2,1,14,5,2172.0,87,91.0115,865
5988,08f578c73a7972a4f9f1e84fdea7fcb903801faf,0,0,0,2014-07-14 14:29:22,33,4441,4.7242,4474,2,2,16,2,5,29657.0405,1,12.4192,35
5994,5875dacbc28ebe5b2fc9caff8173d756f8b5896b,0,0,0,2014-07-14 14:29:22,299,58,2.8326,357,10,6,1,15,5,26459.6559,36,5.1025,231
5985,615dd87a7bf55ed010961cac2a167523a5b86ffb,0,0,0,2014-07-14 14:29:22,29,43,3.9069,72,1,1,1,1022,5,18.5348,14,13.3563,24
5981,0dea5d1dc7a49f6bafc678242a2cf23870e3c0b2,0,0,0,2014-07-14 14:29:22,880,89,3.9069,969,1,1,1,21,6,2172.0,112,88.1288,807
5976,f9d032360ac9e5b9f3c94f60d26e5d23fe32ca3e,0,0,0,2014-07-14 14:29:22,73,88,3.9069,161,1,1,1,24,8,2172.0,114,86.4735,899
5987,f60f28678e619eaf0448357f3177eae59be9d7bc,0,0,0,2014-07-14 14:29:23,132,5083,0.0511,5215,1,1,1,30,7,21.1542,35,10.4173,316
6007,ccc1f5f246e690465099ce7a808ecfa7811ef49b,0,0,0,2014-07-14 14:29:23,880,5083,0.8741,5963,2,2,1,19,6,2172.0,160,125.9953,1407
6004,8a2ad26f7f083a531d4d78cfb5736142b7707e11,0,0,0,2014-07-14 14:29:23,5,5083,0.0835,5088,1,1,1,15,5,2172.0,79,85.681,905
6001,b6b3187f988496209e294e7e42c536e593d80d09,0,0,0,2014-07-14 14:29:24,53,118,0.2083,171,2,2,1,45,6,2172.0,119,156.6328,1489
5997,7b7ac3d09b7769c4c13961abb4f51c58895e8e3d,0,0,0,2014-07-14 14:29:24,38,108,0.8934,146,2,2,1,4,3,40.2007,31,43.5252,338
5993,bc977eb933c47136285781b186250e25559be0e8,0,0,0,2014-07-14 14:29:24,90,200,0.9118,290,3,2,1,74,9,2172.0,42,35.0691,196
6000,46dab75a5a3fe2abe0b749449b01a38fc7ba4fc2,0,0,0,2014-07-14 14:29:25,127,191,0.0803,318,3,3,1,95,14,37.1315,118,90.8969,901
6010,63751058f8a0643b8e9e6c18dcd44a734f93be68,0,0,0,2014-07-14 14:29:25,177,1526,1.8429,1703,5,3,6,13,3,19856.2579,31,10.4207,231
6017,ebae500f5abec7992cd1e4d21a6072e900c78d5d,0,0,0,2014-07-14 14:29:25,65,9,0.1405,74,3,3,1,93,15,2172.0,74,41.853,495
6013,7efb84fa9353cde75e912434e21d28e9f57b1201,0,0,0,2014-07-14 14:29:28,76,138,0.0393,214,1,1,1,17,5,33.3882,10,26.537,309
6018,5db9601d81d583cb7edc943786ef81ef8e32fe77,0,0,0,2014-07-14 14:29:29,29,38,0.0842,67,87,30,10,1068,134,59327.8083,68,59.8488,436
6023,a3164ab8294acb707f5d6682b5ad841d5ac59a34,0,0,0,2014-07-14 14:29:29,149,179,1.7102,328,6,3,10,15,2,59417.1447,77,45.2473,467
6020,5f8fa5ed1f2e1eb8275259ee7fa3439b5e8da699,0,0,0,2014-07-14 14:29:30,83,8778,1.4706,8861,8,2,1,1377,5,50932.2874,157,151.0695,1401
6028,1ef06ef247a8a02f2522c565a7c6beceb0cc26f1,0,0,0,2014-07-14 14:29:30,2651,2388,0.2778,5039,3,30,1,27,7,59549.2853,190,113.3827,1374
6037,6225f15bdb7c5812f09031454ef8257079c57373,0,0,0,2014-07-14 14:29:31,442,290,0.1965,732,5,40,3,497,100,29523.7466,19,81.8456,583
6033,33884df84a9ec461b5c27233bc4859c0bb039ec8,0,0,0,2014-07-14 14:29:32,880,175,1.1186,1055,3,1,1,33,6,57.804,57,52.083,197
6034,cff52b4a86011f7cafd1c6f6c00ac5a45cc185c5,0,0,0,2014-07-14 14:29:32,6970,168,1.4424,7138,17,7,13,76,13,52005.9324,97,43.9178,201
6038,e6652de3350c24521aba3bd45cc16e29ea5c967e,0,0,0,2014-07-14 14:29:33,199,8778,2.4227,8977,8,4,1,18,5,50934.1717,124,149.1028,1479
6039,4111693bf1bbea1a2dab2ef73afb5d467810d4bc,0,0,0,2014-07-14 14:29:33,63,405,3.9069,468,20,1,1,505,102,2172.0,25,710.5,211
6042,298a7f74bf84c8bfb4541e32e9934bf6d3c68136,0,0,0,2014-07-14 14:29:34,384,136,2.2869,520,7,2,1,28,1,19881.0851,65,20.1677,353
6043,d571088a97242182063e07f802343a9b678e8328,0,1,0,2014-07-14 14:29:34,609,133,2.4548,742,9,4,7,34,0,23672.4915,114,156.9945,1365
6045,8ad640029b5a7ea4252738083f7c021e0fec0843,0,0,0,2014-07-14 14:29:35,880,5083,1.741,5963,3,1,1,1022,0,78.7566,127,5.8558,334
6046,4e25b07868669c3e89c1f6c82e2abdba04f98102,0,0,0,2014-07-14 14:29:35,22,5083,1.1136,5105,3,2,1,1022,7,2172.0,98,56.5542,186
6051,d2607b1e78474206e04b1977f1f13dc65fe4eaf4,0,0,0,2014-07-14 14:29:35,65,122,1.737,187,3,3,1,45,5,51.5972,60,21.6835,148
6048,7dc7b5c9b2369ac91dda96281982d6a1470fa947,0,0,0,2014-07-14 14:29:35,880,5083,0.0923,5963,4,2,1,28,2,29.3397,98,51.7818,193
6049,59edac8080111977340d77e004e6413727abea1f,0,0,0,2014-07-14 14:29:36,880,5083,0.4217,5963,2,1,1,32,6,31.7656,35,69.1284,365
6053,b89fa9a2437a24ba311efaa8c3dac9bbf62e7a73,0,0,0,2014-07-14 14:29:37,30,5083,0.7366,5113,3,2,1,7,5,46.1202,162,150.8058,1391
6656,3b94765e42618bbd3bc09b44e7fb9980b92d65d5,0,0,0,2014-07-14 14:29:37,115,141,4.5844,256,31,13,1,1068,134,59448.1557,115,19.2092,317
6055,1653ed5b9a2f8fba850c5306ae7425971d8a3c82,0,0,0,2014-07-14 14:29:38,274,285,0.3012,559,6,5,7,827,12,22412.004,175,155.762,1600
6057,df925b9a8c3adadd34d29ad80b2f7330b9717950,0,0,0,2014-07-14 14:29:38,3581,11,2.1133,3592,4,3,1,1002,4,11933.7656,97,43.0953,227
6062,cf2414364e755957e9da86d4aaa415aba0e74d8b,0,0,0,2014-07-14 14:29:38,86,72,2.3811,158,7,3,8,10,132,39542.0411,95,39.9765,230
5529,2bb9aa78ce5544c89318352a01a3ae7214e8222d,0,1,0,2014-07-14 14:29:39,344,221,0.9818,565,10,4,1,18,7,16072.0743,120,126.147,1500
5528,852f9e135b934a303fde5d2fe5b12f0eb59a7d4e,0,0,0,2014-07-14 14:29:39,26,5083,1.7509,5109,5,2,1,40,9,102.0234,117,108.1972,1538
5527,509de41cf00262de5b4cf5cccf21f41455c198ed,0,0,0,2014-07-14 14:29:39,880,5083,3.9069,5963,1,1,1,19,9,2172.0,166,121.261,1375
6061,2166db7225f5c146b545b30c0e6653253a9f6900,0,0,0,2014-07-14 14:29:40,136,2388,1.7123,2524,9,4,10,1068,4,59231.8165,175,125.4004,1385
5530,a5e882d8ae496e0a0f256da0b52823afca357a64,0,0,0,2014-07-14 14:29:40,25,117,0.8762,142,2,1,1,1022,9,2172.0,107,19.1048,204
5531,20f5dcebda5e50f11e4cdb9ef93cded3e4f0399d,0,0,0,2014-07-14 14:29:40,101,5083,0.1425,5184,2,2,1,42,15,2172.0,73,27.674,311
5532,6cfc9a9d1c8bd2d342c1b87ed505069e9ef90e1f,0,0,0,2014-07-14 14:29:40,131,73,0.8952,204,3,3,16,1051,4,29628.5137,155,129.0061,1399
5526,f742963ad559c20bfc3a357e4b3472662d040c6c,0,0,0,2014-07-14 14:29:40,13,147,2.4624,160,7,2,1,989,0,10051.6348,169,108.7937,1305
6058,7238010e0864f20b5474268cb8e04cf5ec4720de,0,0,0,2014-07-15 07:38:04,9591,24,1.2914,9615,4,3,1,27,4,56381.072,41,45.1946,373
5541,5b33f5e9ddc1722edc0d4d35ea819e657e2e9c80,0,0,0,2014-07-15 07:40:35,2753,538,6.2875,3291,99,38,16,407,110,61990.9688,45,24.5562,3558
5536,9d5bd601fad323e655122dfa8f1cca7f8274a20f,0,0,0,2014-07-15 09:29:49,5665,684,4.7242,6349,9,1,3,376,99,31564.8186,123,10.6688,522
5551,028fcf55c41f4b2a7677eb31d0ead3973e457efc,0,1,0,2014-07-16 14:09:14,1803,1731,4.4046,3534,46,18,7,361,141,62216.7867,758,202.5899,11467
5542,d228164d9aa113e25b2b9e6002fd71bdf969b1df,0,0,0,2014-07-16 16:55:58,8898,193,1.3624,9091,5,4,2,475,101,35528.8033,121,17.647,450
5538,761952c04084e3819d763bbcfb564ec69933dd92,0,0,0,2014-07-16 17:09:04,183,8089,2.3783,8272,8,6,2,1130,8,61861.7477,124,132.1489,47
5543,1ff04d51253d3548b564678f37d0ed072e0a3e8e,0,1,0,2014-07-16 23:56:31,74,375,3.1025,449,20,8,3,408,123,27565.7079,1000,15.8397,110
5537,66c1263dee5fdaa6436cc2d590f34d63747d6ca1,0,1,0,2014-07-17 07:49:53,63,104,3.1164,167,13,6,2,21,15,48261.2482,94,43.8159,3475
5560,e8f2e9d0efa2fb27106658de38032d8adbb76dba,0,1,0,2014-07-17 08:55:30,637,3829,2.8062,4466,20,11,5,476,112,47864.1552,236,51.1711,520
5539,152dcde0bb0d8a56bf878dde6f4aae2d2db6c8ba,0,1,1,2014-07-17 11:38:56,102,8089,2.0132,8191,5,6,4,1130,11,62606.9887,357,84.3576,1458
5544,859983cc2652b544b9830eb07e18d3a1e78be00a,0,0,0,2014-07-17 13:30:58,4779,72,1.8824,4851,3,1,1,1177,4,43604.2568,161,124.2399,1506
5540,52512636444902497e47ccbfb1cabaffb3e23343,0,1,0,2014-07-17 14:32:06,1114,299,1.6188,1413,11,4,2,20,36,46688.711,21,24.6205,3475
5545,22203e75f8a0d193ce0187396d0b267e05e9b58e,0,1,1,2014-07-17 15:21:59,690,374,2.9327,1064,11,2,1,1130,9,63694.4299,780,77.0134,3558
5550,251ee671df3cca1b49d565a23f18a6ef7d19309f,0,1,0,2014-07-18 13:02:42,8898,5,0.2057,8903,2,2,6,2,9,36715.8203,72,60.8314,431
5553,4e07bb2b1fad1f6c3a5cbe4c5773658785b59548,0,0,0,2014-07-18 13:13:14,96,1815,2.0905,1911,3,1,1,5,4,23265.7102,118,125.2111,1561
5552,aa8ad75c7f71730af92d873d8ab8aba5408661d1,0,1,0,2014-07-19 15:46:56,640,521,1.396,1161,7,6,2,21,134,63969.5092,17,13.9891,3558
5554,653216ba83910ead811cfddf525b0448325882a3,0,1,0,2014-07-21 10:11:16,37,3829,0.9785,3866,1,2,12,7,2,48367.7271,84,29.5987,15
5548,5dbf81521d6c8b5b7937e041a9f9e8b0327dc345,0,0,0,2014-07-21 10:49:56,4779,2465,1.2535,7244,3,5,17,1177,4,44510.1357,158,121.0351,1395
5556,aa7550aa2d05940eed695cfa7a1790197255e47d,0,1,0,2014-07-21 17:09:26,326,594,3.0879,920,14,9,1,1020,11,53195.7684,260,181.1936,9344
5555,6e521955d8477946d780f36ea9a11180f08a86e1,0,0,0,2014-07-22 15:38:50,167,59,0.8618,226,4,3,11,30,8,28386.822,116,130.5098,1550
5558,f186f3d5144cc52f11562a069ee275df96fbf0e0,0,0,0,2014-07-22 17:46:55,4,75,1.5837,79,5,4,11,1106,11,27870.8683,116,155.4438,1545
5549,1edd0317d3b77f1ddebf3b91c89cbd12455eeca0,0,0,0,2014-07-22 20:32:56,869,98,3.182,967,24,1,1,29,0,10055.0041,166,115.2819,1524
5557,126a1cb7f02856feb11e653c74fd0b92880baa8f,0,0,0,2014-07-23 10:44:29,6970,8778,1.2738,15748,3,4,13,51,7,51682.6866,112,159.0221,1493
5561,be459aece580ea0f4ea9e028cf29b15d7d7f33f4,0,0,0,2014-07-23 12:53:27,169,137,2.7701,306,6,4,10,43,8,60187.8014,163,157.792,1531
5559,1fccb10ffe79afaaff4a6e810b7572c7a952676a,0,0,0,2014-07-24 08:57:44,70,120,0.9899,190,4,38,16,39,5,60479.3549,68,49.4545,440
5562,01ff302ef6cac731de26c231ba28e88f6b8a0ead,0,0,0,2014-07-24 12:32:01,6970,8778,0.1602,15748,3,44,1,28,2,52222.7303,22,12.2536,46
6239,e6aadfccdaf02b9df65d10ac835cab7fd26e274e,0,1,0,2014-07-25 01:09:49,0,531,3.6419,531,34,13,2,581,122,30091.3182,743,232.9482,9372
5564,6eefedc69ec2966d69821034d0963abb12b9e195,0,0,0,2014-07-28 10:27:17,227,8778,1.551,9005,5,3,2,30,29,50344.2422,455,23.0479,256
5563,6702a2e317bee74930999ba26d50e75f555d75c5,0,0,0,2014-07-28 12:13:19,264,3319,1.3981,3583,2,3,1,1243,23,40051.4705,449,25.288,59
5567,7c5bc3c5f5323de4a73aaa8f6864a441e64a00ef,0,0,0,2014-07-29 14:20:12,3,51,2.4956,54,9,3,8,966,6,56155.1239,12,24.8816,245
5565,799424d1a3237a8d1b32451f4b3ad23b342cf59e,0,1,0,2014-07-29 18:00:11,727,685,3.2639,1412,26,9,17,1177,9,41343.6022,73,35.291,326
5568,ecb829ed47544242953db8c1806338445c40713d,0,1,0,2014-07-30 17:57:21,501,145,3.1438,646,8,11,9,89,53,45111.0433,231,44.6321,601
5569,ccd4950689924115657ed5a764866dc63c615470,0,1,0,2014-07-31 09:47:41,13,17,0.0193,30,1,19,6,916,1,69353.8704,40,36.482,24
5570,32d168f439bdb5dfab02a3ab2d12e87d0622a67e,0,0,0,2014-07-31 12:16:10,8,15,0.0367,23,11,1,2,868,1,85627.8507,57,47.1508,41
5592,bc89e911b2cd433bb841beab9e8e513ca0c3525d,0,1,0,2014-07-31 17:46:14,466,7115,0.0,7581,1,1,8,383,137,58916.2857,774,229.0962,13779
5572,934e4e00df012b4aab128294c05153d0c46f9887,0,1,0,2014-07-31 18:31:54,207,60,1.8422,267,8,6,3,1068,13,59786.8399,805,183.9025,2054
5573,b3cd5fd0262dec5277743d1e3f80548bc104dd8e,0,1,0,2014-08-01 09:54:05,415,28,1.5233,443,2,1,1,1177,1,42879.5325,18,3.448,95
5574,776bd3f6dbfd85db978ff4d5785935a19f43d77b,0,1,0,2014-08-03 13:51:46,42,314,4.3904,356,44,20,1,1,4,47838.8178,187,164.852,1588
5575,910f74d7bbef96e2a258601666daca326cfcad62,0,0,0,2014-08-03 17:20:09,220,2465,1.8389,2685,5,1,1,1177,7,41141.9739,163,153.6637,1383
5591,0465d300cbc6cf6c69dc4da2b64cecefaa2d77db,0,0,0,2014-08-04 09:36:00,355,3829,2.085,4184,2,4,2,437,112,46685.1821,117,170.2432,1756
5579,1b31f4d19df1fabc7aaee5837f4d2c3439819495,0,1,0,2014-08-06 13:41:07,399,2113,3.0534,2512,10,4,6,5,12,35898.4109,182,113.9377,1526
5578,74d3742b6e39c174111d3b0a6177c25b93f9c926,0,0,0,2014-08-06 15:22:06,42,40,0.0761,82,1,6,1,1000,18,2264.0,189,124.2262,1319
5581,309727ef94cb0bdca7e82ea31f020abf2c7075e4,0,1,0,2014-08-06 20:36:53,403,30,3.3468,433,25,8,1,58,17,30903.4728,164,160.7569,1512
5584,1637cb12500cacfd4fdd9b0112c7af1683768e84,0,0,0,2014-08-08 09:18:52,134,129,3.446,263,15,11,4,38,24,58759.2406,63,25.0734,83
5585,b63beba56fc995dba87d6fc4766af2900c0438d5,0,0,0,2014-08-08 14:40:57,3,15,2.2977,18,8,5,2,1177,24,43257.5966,30,27.1312,3064
5588,d5f8a6933c350b63f5f4f7369771976c9de0272d,0,0,0,2014-08-11 09:40:50,544,165,3.3266,709,8,2,1,31,3,61217.22,12,12.2467,587
5587,35cf874c36fc522e9fae6af4625901ee3c3bc9a3,0,1,0,2014-08-11 17:56:35,315,142,3.7267,457,25,11,1,45,12,45528.4896,72,69.3212,331
5595,7e396969f6020e8e73d5bf57d29a6ed80bbbdbd2,0,0,0,2014-08-13 10:49:37,20,78,0.9059,98,3,1,6,7,14,72496.4787,395,71.4014,832
5589,e45534cf2275f6918294c81de5377146c243904c,0,0,0,2014-08-13 18:08:04,44,2240,0.8453,2284,1,2,1,1050,14,19886.4793,843,157.0753,6869
5590,4ce973f61688cb9bd10611caa5c4aa3469ee11e8,0,1,0,2014-08-13 19:21:14,1759,32,2.6908,1791,7,9,7,827,47,24791.4729,262,105.2194,554
5599,c693f04f4ab3d64b7c8af4b8fc7a8527c23b1cdd,0,1,1,2014-08-14 00:19:26,258,318,2.2465,576,14,13,4,42,20,25366.816,849,185.6977,9327
5598,e696ff77de190ad8e5d69ceaa513951bf810a939,0,0,0,2014-08-14 12:20:23,520,8778,1.057,9298,9,2,2,1377,6,51822.8433,435,37.5973,1660
5596,b77cdc413870b7de28a5180f9971a589acba17cb,0,0,0,2014-08-17 11:53:37,2651,42,0.8944,2693,1,2,10,1068,8,58503.4342,204,74.9295,193
5600,f97f9ba968d5df3dd647d35492466d9c35485b06,0,1,0,2014-08-19 23:03:56,0,294,2.4073,294,21,1,4,989,46,8808.4978,515,48.2263,784
5547,d60a3169fec671f9176f29c5a9a5c66142d1425f,0,0,0,2014-08-22 10:10:37,699,42,2.645,741,8,5,1,1041,32,35414.6193,17,710.5,2713
5603,c3ec1e1feee6719c7ae609215320bb619fc135e1,0,1,0,2014-08-22 10:12:31,817,280,2.3113,1097,14,7,2,55,15,55347.2233,108,119.788,1360
5617,57b8e66ae9a34534efac194d794b11d44914f711,0,1,0,2014-08-22 10:24:11,454,877,4.0978,1331,46,16,6,384,101,46835.2691,478,6.4922,3293
5615,0b7211250b120a2d96abd10daead4c0c55eba3c4,0,0,0,2014-08-22 15:11:28,8898,104,1.2787,9002,4,18,6,1041,3,34748.5247,15,710.5,2713
5605,6bbe2a05ab4937a5a989aa2ed7451c1126d9faaa,0,1,0,2014-08-22 16:17:48,6970,265,2.9359,7235,9,44,1,1377,25,49898.0752,408,51.4493,778
5612,cad38edef98f26f16f68592c0a5b4b654b446f57,0,0,0,2014-08-25 14:15:43,101,36,2.0394,137,5,4,1,17,8,24232.8479,33,29.041,316
5608,90ad6b0468724926be1d6e5d90f2987785a24778,0,1,0,2014-08-25 14:54:19,527,367,2.5885,894,11,4,17,1177,10,43357.0067,158,125.656,1507
5613,82aa005641ba37c50d9c08fd80783cba24e55a88,0,0,0,2014-08-26 12:08:15,44,2926,0.0292,2970,1,1,5,23,7,6879.1139,36,30.4539,325
5606,785f2c4f8f3053a376083f66a2a2033edb9a8a8a,0,0,0,2014-08-26 15:22:18,140,2388,0.3623,2528,5,3,1,1068,14,59723.4789,422,92.3124,776
5614,185021112f180419aa7e1704ec60b2c515770876,0,1,0,2014-08-27 14:38:10,482,150,1.8002,632,7,5,8,6,20,52967.718,73,42.6802,369
5618,f149197f952c85d5eeb643b91aeac4f26fd573a4,0,0,0,2014-08-28 11:07:59,204,111,2.5984,315,10,4,1,1,6,48684.4451,11,3.875,140
5631,cbbcf7820885a8a9734ffeba637b0182a6637939,0,1,1,2014-08-28 16:28:20,444,705,0.2728,1149,6,37,2,495,115,49664.8698,807,710.5,6072
5621,d97efdee43f3cad28a20280870f1abeee0dd1bd5,0,0,0,2014-08-29 15:18:12,29,8,2.2132,37,4,4,1,4,3,46839.2658,68,42.1936,357
5146,78f41e9cae597deeafdec934d6052ad72db6946f,0,1,0,2014-08-31 17:22:56,1346,658,2.5816,2004,23,8,4,1020,118,67208.1756,64,575.0,3033
5622,0a6e53ddc05ba901e4b04c9208c2893e686bdb42,0,0,0,2014-09-01 17:03:04,2467,3382,0.15,5849,62,1,1,22,6,68697.0454,796,190.9732,1103
5609,4d4151d537423caa428df0c89e60ccafd74fa8fe,0,0,0,2014-09-01 18:56:26,417,24,5.2833,441,8,36,3,531,116,42369.9621,775,103.4042,1244
5624,47dca692e2db320cfde14f4c6905b31972442224,0,0,0,2014-09-02 11:58:40,61,87,1.5912,148,3,2,1,42,3,27780.8158,164,160.229,1569
5623,fbfcc9eb4d835df1a646b6f963527e86ef380ec9,0,1,0,2014-09-02 12:47:48,324,430,2.246,754,10,4,1,26,12,47337.0992,46,42.8554,344
5566,e5731e0ed7f7294e6f73970fed8315cb572c9cfd,0,1,0,2014-09-02 13:51:44,25,489,4.415,514,49,16,4,79,29,47517.3312,450,191.8045,369
5625,16dad15fb26ee6dd9f5300f2138c22cb767d5351,0,0,0,2014-09-02 16:40:17,2814,7302,0.0539,10116,2,31,6,1020,1,67140.1304,405,62.7338,802
5630,568dff123d7ede05185be60842530076e234b3fa,0,1,0,2014-09-03 12:50:42,2753,8089,0.0,10842,1,35,11,169,61,61348.5233,281,15.0014,1
5627,7006fead2983d2c28f2ca12060034458dc8eaacb,0,0,0,2014-09-03 12:53:21,215,7302,1.1714,7517,50,3,2,1020,26,66914.0517,796,25.1814,987
5629,3aa5511ddd474659b7592969dc923301e87820b5,0,1,0,2014-09-04 15:49:22,6363,145,2.4494,6508,11,4,1,1243,132,38636.1924,366,80.355,1115
5640,4f841fc2675d9fcf3727164d23fe089fe4d76817,0,1,0,2014-09-05 09:17:16,3888,1141,2.5787,5029,84,46,1,421,108,49625.3214,694,710.5,7744
5635,122c9b023cc5f9fcd5cb4914bd90afde0b3c6fc0,0,1,0,2014-09-08 11:34:15,201,3382,2.5224,3583,12,6,2,916,26,71008.5673,455,128.0877,45
5641,2ac08a6c88930d04dbc6287490e8e3df999a32e6,0,1,0,2014-09-08 21:29:42,1428,6229,5.7054,7657,59,19,3,579,134,64751.0826,784,118.0746,11825
5636,84b04bebacfc064b5cd0715328cdcd43cf4e5d0a,0,0,0,2014-09-09 09:16:59,270,79,0.7058,349,83,2,8,1243,132,40584.3382,97,39.4518,3033
5638,a8dd9587fd649f368497f00b2b729a4b3ea9f504,0,0,0,2014-09-09 14:45:01,515,555,1.0184,1070,4,1,10,18,134,60233.3294,42,575.0,53
5639,d0dd5138fd0bddf2bf942bffee1681c298043b3e,0,1,0,2014-09-10 09:58:36,173,8089,3.2305,8262,28,16,16,75,19,60918.1367,72,42.3944,490
5633,e0f2440d674dc6548c49ae92a8f1fcf42cd242f0,0,1,0,2014-09-10 14:20:46,58,32,1.588,90,4,4,2,22,3,34002.5145,21,20.5308,50
5604,7f946cee6735be076ec9b07ac0b67f183df95a40,0,1,0,2014-09-11 12:16:24,474,8778,1.9745,9252,4,2,2,1377,2,51361.4167,9,710.5,23
5642,4a8a6e550950a7126876f84ab38922f122118ed1,0,1,0,2014-09-11 15:47:28,2272,1442,2.4635,3714,34,19,1,1128,20,48583.2351,829,710.5,5209
5643,ad983377dcc297a137f74a5895b8336e446ef864,0,0,0,2014-09-12 09:26:18,375,11,1.1263,386,4,2,1,22,6,55026.2989,9,18.0491,71
5663,24da11b19f9a20556ea75f4ddcf015be00781bfa,0,1,0,2014-09-12 12:48:56,190,451,2.941,641,24,12,6,600,122,56143.1087,801,90.2091,7638
5651,b3c30ca3486080e6e4d97f2d0757fe03a969fbe6,0,1,0,2014-09-14 19:23:28,231,62,2.0198,293,6,4,16,820,2,70261.1371,841,174.9823,6505
5653,1fdd7e6060351f4684ca665206c48c4410208225,0,0,0,2014-09-15 01:15:33,58,2240,1.4004,2298,2,5,8,1050,126,17366.5525,858,144.1562,6548
5656,d5d3a08031b1eae806c371f5b3fee95991c87f57,0,0,0,2014-09-15 01:45:01,68,32,0.2087,100,3,2,1,38,108,8746.7454,858,152.7082,7052
5668,b313eeb76cb5a9ec60923f3c4ab5b47569bc21e6,0,1,0,2014-09-15 12:07:42,379,3937,3.3397,4316,28,23,5,575,137,61502.4731,260,452.5167,7845
5657,8998a30ea036e6770c9a6b6442ffe01e64720c66,0,0,0,2014-09-15 14:51:12,258,108,5.0395,366,87,4,1,1049,10,50656.8594,869,141.4702,6900
5327,ef7957f008f98491c3c525a224fec9107dca9179,0,0,0,2014-09-15 14:52:48,250,92,0.2436,342,5,2,16,1049,10,50737.0559,807,199.1771,6983
5328,e56d883faa6b94b9b2895643f818679fd242d7fe,0,0,0,2014-09-15 14:54:14,6757,1529,0.1765,8286,84,2,9,27,7,49301.5598,860,149.4271,6965
5655,8231b62ff42aae53ca3a7b552980838ccab824ab,0,1,0,2014-09-15 19:15:07,779,106,3.1028,885,14,6,2,39,33,58227.0014,851,182.5167,2822
5659,48d8ed703e9d8a25f2143514e8f9cad66dc2593d,0,1,0,2014-09-16 11:06:49,69,98,3.1455,167,11,12,1,47,19,60387.0,33,39.1022,452
5329,f229d5bcb9d877cbac5eec4120bd4d9ed4548c8d,0,0,0,2014-09-16 17:48:02,30,193,0.5068,223,2,2,1,8,18,12861.3572,802,151.0532,6480
5330,2876455503b64177279ecfdd7e00a22aab53e17e,0,0,0,2014-09-16 22:03:00,34,30,0.1231,64,90,1,1,34,4,75357.1903,857,150.2615,6605
5333,8e7216a070f2de6923342154e4c53816dc058fcf,0,1,0,2014-09-16 22:04:28,1361,2240,1.1314,3601,51,2,1,37,30,22871.6917,822,178.9481,6901
5337,cdee87501762c092c216adf35fceeea339e0c4c4,0,1,0,2014-09-17 03:22:24,577,537,2.5255,1114,17,8,3,1026,9,24952.3284,809,151.998,8223
5336,73ebd3e0b1039d9509499f9953424e07286ea50d,0,0,0,2014-09-17 11:04:04,99,6953,0.6996,7052,4,1,2,1026,136,27540.3158,851,183.7602,6749
5339,cd699c562ec26d3909af08afb04de6080e4ad18f,0,0,0,2014-09-17 13:18:12,101,1618,0.1478,1719,75,37,8,937,9,56736.4697,810,134.4282,6982
5658,a00ef7a7cb0b4ee63046e0897c7988d673c4701c,0,0,0,2014-09-17 13:57:07,3017,1618,0.8726,4635,75,3,8,937,5,57272.2674,848,147.758,6519
5334,2f6a9559cf475e72f15fb0845bb2d471cfe38c92,0,0,0,2014-09-17 15:22:26,8898,10,0.0426,8908,2,2,1,1041,1,36406.1963,1000,6.3303,18
5340,9803657a93f3a32618796b8a5204749e459fb5e9,0,0,0,2014-09-17 17:23:26,99,1618,2.8056,1717,7,6,1,937,39,56827.992,815,154.1484,6852
5341,3e6440008c5e310f0026a92182eb0b3557a13504,0,0,0,2014-09-18 13:20:36,5298,95,0.7672,5393,87,2,2,1049,0,50763.0167,808,186.0301,6857
5338,8411195b08bac461bc76073de71c425c219638de,0,0,0,2014-09-18 15:07:09,3439,39,0.1392,3478,4,58,11,31,2,42421.6379,821,176.3014,6615
5364,04f8ef7c7dc2087d44add4bd57285e699835cdc2,0,1,0,2014-09-18 15:09:31,1364,433,3.5021,1797,27,16,6,376,0,36101.2337,854,710.5,8272
5375,a9cc0a8406833cf1ff96491cc2bc7bf14cbed13b,0,1,0,2014-09-19 12:48:04,1073,518,4.4889,1591,58,1,14,388,137,39192.1274,829,85.1019,7417
5331,91cfbc5aa4c6d625528f203ca6e0922d9131aafb,0,0,0,2014-09-20 20:00:03,3439,42,0.8825,3481,5,4,2,50,12,42798.367,850,155.9588,7206
5652,73371101e9edd16f2823ce8af0b27283e3ed3264,0,1,0,2014-09-21 20:58:18,25,226,2.6978,251,37,15,1,428,122,49641.3939,253,117.0001,1108
5342,d10d59eb0ddcb5b3712f0646b0efe91cbb8b991f,0,1,0,2014-09-22 13:12:58,893,445,3.2638,1338,55,30,5,1020,24,52792.3949,780,124.2827,10977
5372,f15ff9b02bf3806423c4179c11b42c5af3211dc0,0,1,0,2014-09-22 14:14:03,1292,0,3.3126,1292,57,18,7,646,118,40915.1537,658,710.5,2931
5346,24a9b1e5801bb7c00997520329b2ef507f48764a,0,0,0,2014-09-22 14:34:27,56,89,2.2083,145,6,5,4,1000,19,5576.4263,126,70.3472,290
5349,471f340d11b4e4bf71f798084568703d67ded39f,0,1,0,2014-09-22 15:30:14,526,3829,1.7186,4355,11,6,3,25,134,47505.8557,782,28.8148,569
5348,fd3f5c279c2b91072d63c0fcf8a0ea935693b1a2,0,1,0,2014-09-22 15:47:19,592,2388,2.6547,2980,13,6,3,1068,5,58244.8218,363,47.619,1695
5350,114af5a3af83868f28d983f3e0cea23e7c766f86,0,1,0,2014-09-22 15:54:34,86,7302,0.6929,7388,1,2,1,18,118,64441.0176,208,20.327,13
5351,bb71b2398ec4ac7e0d75b70f3eba7186281f272f,0,0,0,2014-09-22 16:12:58,561,195,5.45,756,83,32,8,1243,7,38062.6003,1,148.3671,2595
5354,84bc21e36e85fab147118959009c379735703351,0,1,0,2014-09-22 17:18:33,2467,110,4.9358,2577,3,2,6,916,2,69369.5591,855,183.4317,2323
5352,fdad5bf8dc713f41c72745d4dad8911c8e819632,0,0,0,2014-09-22 17:18:54,241,1815,0.772,2056,7,3,2,827,5,25017.6926,804,127.8465,3265
5353,4b64a065fa9e3bb7af6fc6d7497d3b47599fe1db,0,0,0,2014-09-22 22:18:14,2062,1200,0.1862,3262,3,2,13,1082,7,34080.3215,806,141.0069,6463
5345,77ac6c0073053787b2acedc6808489eb1a6178cb,0,0,0,2014-09-22 23:50:05,249,1526,1.8717,1775,4,5,2,1021,15,21244.7479,784,200.2182,3210
5355,312d12730f5077b003f93af1f4a43ff0dd431040,0,1,0,2014-09-23 09:31:52,897,834,4.8608,1731,26,29,11,183,30,51468.8356,97,28.5922,321
5356,217b03e6f55280e07dbb5819cdcdff0bb50105f5,0,1,0,2014-09-23 12:48:07,463,141,1.1935,604,5,5,2,21,9,64777.7518,209,15.7729,95
5358,4175dca89ea89522ff474b0c6c861516d03ee064,0,1,0,2014-09-23 12:50:35,1652,2388,0.983,4040,22,9,1,22,20,57034.9,137,101.2913,856
5359,1ddec930a29c1d870d5b5bbde0098d10ff9b45ce,0,1,1,2014-09-23 17:36:27,79,3382,4.9358,3461,3,2,6,916,119,70730.8729,855,141.2588,2313
5365,ab0b3a314c6b306300748826289944c028dbedc1,0,0,0,2014-09-23 18:49:39,10,5,3.7481,15,24,11,3,871,25,5326.419,851,151.8828,6579
5360,d3ef531e4dfe5c90fcaa19633570fcb91d6ea376,0,0,0,2014-09-23 21:51:17,289,238,0.0577,527,2,11,1,27,8,7429.0557,815,151.0469,6566
5363,1bca326f7b66d5ba826bf0783610f25ec3dc7ddd,0,0,0,2014-09-24 08:46:35,1961,7,0.3251,1968,1,2,1,871,5,78813.2922,165,65.4336,862
5362,70464bb0a44f682c155fdfdd2a6b0a6cc1203663,0,0,0,2014-09-24 14:57:36,387,8778,2.3393,9165,6,5,2,33,17,51955.2589,202,63.4322,788
5394,30ac9fe650b833bea2a9ee61b7b2f34f6181eb6d,0,0,0,2014-09-24 16:08:49,102,166,0.0637,268,68,2,2,509,112,28234.9027,132,11.5127,439
5370,9cf24670d8f88fb34b782d67b711d219909e90fd,0,0,0,2014-09-24 16:37:01,118,400,6.2875,518,99,2,2,1130,134,63048.5923,861,194.4271,1047
5371,73b5b3dd81e2a146592d9623f44ceff3d8c035fa,0,0,0,2014-09-24 16:38:01,9591,1143,0.837,10734,4,41,1,966,13,56368.9579,874,195.2477,874
5376,ec2a646a1f62afeeea05ee414ca0437a96be6d19,0,1,0,2014-09-24 17:40:19,388,84,3.5798,472,12,11,5,66,33,53485.7865,1000,20.7448,178
5379,076223cb9540c973eaba7d24e50c0e1f3eb80308,0,1,0,2014-09-24 19:05:58,50,8,1.9881,58,4,3,1,22,9,23387.9627,69,46.2487,183
5377,3fd3110c756bf6fbeeaf28d3158813548cd9a402,0,0,0,2014-09-26 14:37:00,237,8089,1.1155,8326,99,4,2,23,6,63161.6718,368,78.3621,1430
5374,02314adca221982accb762f3bbe6c5a727e663a4,0,1,0,2014-09-26 15:05:50,211,981,2.4021,1192,32,22,6,124,27,52731.6762,260,134.3084,14040
5381,66f236d25003094911dcbf21b68f3ddc8a77f707,0,0,0,2014-09-29 13:09:28,441,24,0.7923,465,7,5,2,20,18,55666.1242,372,62.183,911
5387,758de7dbcd5148e17d94a45c5f6b74016b013a70,0,1,0,2014-09-29 18:39:09,374,8613,2.4395,8987,11,10,5,157,65,30989.4951,873,191.0352,10028
5382,6492af0409152dc8feda8f6394c77073789e14db,0,0,0,2014-09-29 20:18:36,613,184,3.22,797,12,2,12,1033,3,47552.0013,156,68.6938,842
5401,626d6b785db649e06951e2f336f5ca411b30dce5,0,1,1,2014-09-30 12:15:22,223,0,1.6086,223,5,10,1,552,99,63571.5865,751,205.7673,2939
5389,719e2889395d7565bab4e7b0d994e2db32e592ba,0,1,0,2014-09-30 12:16:16,197,3962,3.6668,4159,12,15,11,135,43,56856.9802,792,192.8583,6601
5391,aea6a6d428a4a202557a0fce0c3c73916c34a0dd,0,0,0,2014-09-30 21:14:53,2062,1200,2.1689,3262,6,5,5,62,8,33357.8793,807,180.5708,5454
5383,cb19c749d2f312320b819c9b201f2eb6f692dafc,0,0,0,2014-10-01 09:26:40,103,8778,5.8891,8881,80,2,1,1377,6,50123.3536,174,710.5,93
5156,e868d59611126795d284d66b9c5674a1f61a90a1,0,1,0,2014-10-01 11:12:18,5955,223,5.2918,6178,1,23,6,1128,155,49087.4631,439,114.9652,13371
5396,97a7322f039c7613bb67a7d09b60c41835eddd17,0,1,0,2014-10-01 14:26:05,575,58,1.157,633,4,4,6,25,6,34478.2787,1000,11.6605,2713
5386,27e4020589ae3c6e3c60f573868eeeb800d5bcce,0,1,1,2014-10-01 14:40:42,47,2926,0.9632,2973,2,2,5,989,11,9066.8877,81,25.1506,119
5393,02c08456410689e10acb53bd7c33d6fdaeb671fb,0,0,0,2014-10-01 15:25:36,18,16,0.5118,34,2,2,4,24,14,2638.5608,83,23.9333,55
5398,54ede630ef2a73dd990b2908626a947cbafc2160,0,1,0,2014-10-01 15:43:38,9591,79,1.6516,9670,2,4,3,29,12,56459.5379,370,83.0084,1170
5405,15f2544c7677ccfff02f506ea7600d84ef40a171,0,1,0,2014-10-01 19:42:12,35,947,2.423,982,5,11,3,592,116,31108.8043,776,211.9411,6090
5378,da3e507d28a8fe533277cac413aeac060c6447f4,0,1,0,2014-10-01 20:17:05,487,511,3.2003,998,28,20,7,1048,61,40105.865,795,192.6013,6981
5399,ff5ddd50f31ca5cc8556ba012bf4aeb9b501baf4,0,0,0,2014-10-01 23:54:26,4307,123,4.808,4430,3,2,5,987,10,15667.7142,873,212.1493,502
5395,b689f3fcacf066c862330e955c11ecf5465ffc0a,0,0,0,2014-10-02 06:55:30,5,8089,1.3781,8094,4,2,2,34,14,63303.8568,367,55.7645,1337
5404,241c1ca4db1e5f4b3f81b3cdf694246062f032d1,0,1,0,2014-10-02 09:19:52,703,1797,3.5965,2500,67,37,8,436,129,53759.3994,725,452.5167,7573
5397,49812f3c8f65ff80c239f1af090738002094f35d,0,0,0,2014-10-03 09:10:28,194,8778,2.9345,8972,15,3,2,54,7,50160.0881,32,710.5,67
5343,8e21204dfdc9b670feb4dfe7ef6104bfbb0bbcf3,0,0,0,2014-10-03 12:57:38,36,98,3.9069,134,1,1,1,1022,4,378.5907,809,177.6562,416
5148,86ca692775b2e112276663468aeca5d201be3d9d,0,0,0,2014-10-03 16:25:15,71,3382,0.4476,3453,1,1,6,916,3,68308.6398,376,58.7796,898
5403,aca6fbcd6034cd3d700734f2c50a1084a9c22eb9,0,1,0,2014-10-05 17:30:18,656,559,1.8775,1215,10,7,2,1033,34,45524.5964,180,88.7233,302
5410,2557832af50e5d7bb479d568b370bfdd96b54fef,0,0,0,2014-10-05 19:02:33,9591,128,0.2631,9719,5,41,2,562,101,55534.9388,884,129.7088,1303
5408,6b493fb080d4a589396c1754f5d89ba802c828d1,0,1,0,2014-10-06 09:45:24,246,229,1.1426,475,8,9,3,1020,28,64452.0017,220,69.1503,182
5411,de88a10d6fd61e198b58c009fdd56657cdb5d02f,0,1,0,2014-10-06 12:45:37,435,1214,2.0477,1649,21,17,4,618,124,24118.6245,723,575.0,7733
5412,63eeafc87630d27589106a4d6d1131f8993cfb66,0,1,0,2014-10-06 14:27:25,119,311,2.0279,430,8,4,2,60,33,65663.0026,374,162.6259,207
5407,15f58bb23c657951e2de48e6436820a093b393e7,0,1,0,2014-10-06 14:28:00,81,1526,2.096,1607,9,6,3,45,12,21211.8368,383,174.8143,304
5414,fd0be2ff13494ee3739f77b1a4368b5644c55cb8,0,1,0,2014-10-06 15:11:37,299,2465,2.5281,2764,16,11,4,1177,22,42244.1168,221,93.1524,285
5416,f0fd8823ee8d157f9a5a00b2687827b94206d7b7,0,1,0,2014-10-06 20:01:36,81,193,2.8003,274,7,8,2,18,0,13426.0307,909,221.3804,3033
5427,6be85554332fb576abc16e39d866ed05a7c38b72,0,1,0,2014-10-07 10:00:15,1276,596,3.1317,1872,19,9,3,578,105,45042.675,426,29.9453,1976
5413,598ae3765cc45c2ede00fd4e32adf4a4a3327615,0,1,0,2014-10-07 13:44:38,527,216,1.6169,743,4,3,3,51,17,72678.5101,242,102.6619,377
5409,6b6dae026c7e05bc238af5e91787ade011bfbf9f,0,0,0,2014-10-07 14:02:54,6970,168,4.3124,7138,21,3,1,1377,8,49596.5664,220,95.5077,125
5441,fda5366501bb445dc0a83229bb09d3cad8c5cb67,0,1,0,2014-10-07 15:00:56,3248,636,3.9127,3884,25,17,7,415,122,26406.9538,818,93.1186,8331
5199,4a106b3630d8179225a43c56df168fcb01cca6ce,0,0,0,2014-10-08 10:18:04,277,1109,0.8202,1386,6,44,3,533,102,48979.5833,798,200.7295,1183
5152,98b9d3cdb4b724b102e219149837c63a2c5b5c84,0,0,0,2014-10-08 11:50:11,8898,2113,1.7018,11011,2,18,1,31,7,34966.2951,792,131.3879,103
5415,a813785039206bf83e632d229441138c62a316a9,0,0,0,2014-10-08 12:13:14,178,243,0.1783,421,80,44,13,37,138,51118.0059,1000,2.4915,40
5419,758db365683876f914af80187b1e890f98ec20a1,0,0,0,2014-10-08 12:45:12,5613,3829,2.4941,9442,32,6,3,45,3,45069.5971,391,121.0588,284
5428,031f988c9db15aece61d0127e6051c69dca4e079,0,1,0,2014-10-08 12:47:43,565,141,3.11,706,19,10,2,818,48,66643.0961,786,710.5,6536
5154,5846bac8543fb12e8c9ab82d7aaa05c6a26614ff,0,0,0,2014-10-08 13:27:40,9591,1143,1.057,10734,79,41,1,966,116,55626.6387,93,36.3107,359
5422,5e29f681eeaa8d8b6533bd7f6f0bd8800443543c,0,0,0,2014-10-08 13:36:16,110,2003,1.4469,2113,5,3,1,46,16,26262.0681,1000,710.5,4393
5426,f562d49dd432d7d540cd624db3f7d83c4b5628fa,0,0,0,2014-10-08 15:45:30,232,2113,0.8747,2345,2,2,2,1041,6,36060.855,358,82.2799,1308
5430,22c370d9b57798b2ad4ccb66526e64300fd73557,0,1,1,2014-10-09 09:45:52,46,9,0.3167,55,1,2,4,871,14,78756.6528,189,74.8539,141
5431,b8e8bd7a021d4388edaa1e9fc40d18fe1019c065,0,0,0,2014-10-09 09:50:01,377,144,1.4654,521,5,2,1,27,5,64089.0,34,575.0,161
5149,dea7a8c1e69545cebfc0ef704d5f8f4438e974a1,0,0,0,2014-10-09 11:22:24,35,98,1.544,133,4,1,6,23,8,68711.119,127,53.2843,316
5429,986f25f6b51e3672865439e9a6581aab121b45ee,0,0,1,2014-10-09 12:03:48,14,12,2.5,26,1,1,1,1000,3,4344.9844,397,138.7858,84
5153,294b7cc721fd969faba648abd05aab70a35d332d,0,0,0,2014-10-09 12:49:34,111,14,2.5,125,1,6,1,1000,8,5337.3417,131,26.8976,333
5420,3eebaa8119fa41d7c673dda6cdac787ca15881a5,0,0,1,2014-10-09 13:21:20,50,57,4.9358,107,62,1,6,916,5,71839.3084,390,160.6587,3033
5433,d749c24d9b6a1790f9572b72075e33b8ef6a83a8,0,1,0,2014-10-09 13:51:24,2523,281,3.2116,2804,21,7,3,1041,20,35718.7251,440,92.939,1686
5158,3788a1affc16e0547ed53c737b9b92ee92cad506,0,0,0,2014-10-09 14:11:03,205,223,1.595,428,5,2,6,1021,10,20770.4464,12,15.1606,3393
5454,5a192bd3fafc52e1abd6a084928c1c21a3ed95d4,0,1,0,2014-10-09 17:24:39,1321,450,3.783,1771,19,20,4,632,127,32174.8644,724,710.5,7838
5439,f6051277a9eb075b0ecc1ca9562265028326430e,0,0,0,2014-10-10 10:42:59,200,69,2.1501,269,7,4,2,4,3,34439.7858,219,64.6937,175
5449,0ae72041a7e5d7c7179b65c75fec558f941f8eac,0,1,0,2014-10-10 23:08:42,94,921,3.9681,1015,23,9,3,462,1,24269.2895,712,86.5903,6006
5421,480f4930ef3c4e3a0a18256d7f54003263c865d3,0,1,0,2014-10-12 08:32:48,2814,138,2.0437,2952,6,5,3,33,17,65683.2282,176,94.5457,314
5437,17e9b5b2a1923127afed20de46216f002b265e01,0,0,0,2014-10-13 13:53:11,108,2388,0.2015,2496,87,2,10,49,4,56997.2288,432,46.1882,1129
5440,578e406afdcc8fc28ddbe215be286becc11854fa,0,0,0,2014-10-13 14:36:26,23,21,1.9994,44,4,1,1,120,8,2430.384,735,71.5584,5834
5423,4343e08f3315e83e26bc5f2152c963a75509fd4d,0,1,1,2014-10-13 18:07:59,288,114,1.2471,402,5,4,9,58,21,47782.3449,861,149.0065,6954
5432,84663ad4b8d40dde9b76206989790e450feb8227,0,0,0,2014-10-13 19:36:10,45,70,3.182,115,24,15,1,5,24,7640.0866,809,178.61,914
5438,3f989943d6c450664fe3742d60e603bdd00a0c58,0,0,0,2014-10-14 13:52:34,125,359,5.3776,484,5,40,26,1183,138,30804.4443,814,186.6927,6392
5445,0af7b5233b17dac022035429a4d2906f2d540b42,0,0,0,2014-10-14 16:02:04,5298,2952,5.0395,8250,4,4,16,27,12,53255.0344,866,130.8149,6569
5435,b6f599f1ed27a28ee0f8be7176f06a5fa43fa310,0,1,0,2014-10-17 08:58:15,204,2388,2.4543,2592,15,9,2,18,8,58979.5038,210,61.4773,179
5444,ba44459f66f3a73b831da5ae807775faf4843b06,0,0,0,2014-10-17 23:37:36,1,10,0.0209,11,6,1,1,15,12,3711.197,13,710.5,30
5446,23e30f09d4b94e71164ba9fb71d934ebfaf124d5,0,1,1,2014-10-18 09:57:02,49,36,0.6601,85,3,3,2,47,8,3403.9819,158,51.1805,288
6240,0548a93dfc555a5403590f147d4850c730facaf6,0,1,0,2014-10-20 13:18:20,6970,856,4.082,7826,76,19,9,1377,20,49646.3225,464,90.3837,753
5451,8397253b7516c04e547d4bd5bf9f59b2230bbf15,0,0,0,2014-10-20 13:43:19,8898,2113,0.2437,11011,2,2,1,4,6,35270.5116,166,68.9353,765
5164,ebe235ca4ffbd38ba05b4426f491319ab8341a39,0,0,0,2014-10-21 06:11:02,148,3829,0.523,3977,2,2,12,14,12,48315.0839,2,1.3784,10
5450,d883c5fdbf066f8e355d326377221b9b103f1b93,0,0,0,2014-10-23 15:36:14,699,8089,3.0975,8788,12,2,16,28,134,63457.9188,154,66.9361,746
5163,edcb55abec1234495cf2240b6749de718ab40075,0,0,0,2014-10-25 14:14:42,113,274,5.1646,387,4,34,1,40,6,29124.5822,137,22.8212,253
5168,bc19f4ebcaa0df31c94eb368455a3724a586a631,0,0,0,2014-10-25 15:08:53,46,53,2.5,99,6,6,4,17,12,3321.3723,89,36.1965,362
5162,537f2a9c33cf25113ae872421a315ca57d2898e1,0,0,0,2014-10-25 16:27:15,107,3829,0.8449,3936,4,2,12,16,13,45819.9627,100,50.5852,437
5165,ceb4fed17a32594d20c3a71e915e67a870b2e530,0,0,0,2014-10-26 19:40:32,24,30,0.032,54,1,1,1,989,9,7941.4684,124,52.3088,357
5452,36f1ee88cbadc21b185782026e6a6fc77d41b42a,0,0,0,2014-10-27 12:08:23,487,70,2.1914,557,5,3,12,15,3,47260.381,8,9.637,152
5448,93178aebb804e2e96a4e6ae7e016247a4e2d82c7,0,1,0,2014-10-27 12:16:33,60,21,5.6438,81,98,1,1,1033,1,47807.3811,33,20.6222,75
5455,d731b3b06bfb7d61b0464715f22482c34ad88ff6,0,1,0,2014-10-27 12:22:26,522,3829,2.337,4351,6,3,1,4,134,48166.4739,34,19.5644,113
5462,cc766533e09c8b59cfb951c86c2e3989720fbeb9,0,1,0,2014-10-27 12:23:02,745,410,3.6328,1155,18,11,4,100,12,55256.3876,796,149.8562,11499
5456,40c3ae481f538cebe7ecb265a796474e07517eee,0,0,0,2014-10-27 12:29:38,5613,35,5.6438,5648,98,2,1,20,2,48499.3152,18,9.7061,56
5459,6f3bf576c68e1884393016ef46297236367522eb,0,1,0,2014-10-27 12:31:00,640,3829,2.2489,4469,6,3,12,1033,1,48693.2946,19,29.2073,121
5461,05c15198c6cb3edaed206c67727e7a4d08ad216b,0,0,0,2014-10-27 12:40:22,795,8778,3.6616,9573,10,3,1,1377,138,49284.3201,9,13.4366,139
5464,a6cc8afb89f61d6067f4ccf85b50a5899630346a,0,0,0,2014-10-27 12:44:02,185,8778,0.9458,8963,3,1,1,1377,138,49472.5515,38,14.247,125
5458,fb4a8396b113ee2e6b2543614f6210c44e0587d9,0,0,0,2014-10-27 12:49:16,153,8778,0.8917,8931,2,2,1,1377,138,49738.9541,32,18.7911,104
5460,997d3e1e9af38f2af0a6e7476ad7c868ceb404d6,0,1,0,2014-10-27 12:57:26,176,51,1.5529,227,3,3,13,14,1,50222.6922,34,18.3861,107
5465,b2636247616fe152f85b3afeb03da3fa15689b09,0,0,0,2014-10-27 13:02:21,6970,186,0.1508,7156,2,44,13,20,4,50606.668,15,34.3755,144
5466,4d586e7264194fc7fc8ca86df6e555b1e3205fac,0,1,0,2014-10-27 13:04:36,339,8778,2.6747,9117,7,4,1,20,2,50713.5188,14,14.3423,130
5457,73ee3857cd4811e4453c0aec1d6bee745e17795f,0,0,0,2014-10-27 17:08:59,8898,17,4.8507,8915,1,18,6,7,131,36510.3521,24,9.7313,2713
5418,58f7d303866fad6af4b23d2695d6273ef74b6a1d,0,0,0,2014-10-27 18:04:50,454,34,1.8188,488,5,2,1,44,11,55936.8604,36,42.5127,435
5469,542c66f7d31e05154140299a26751b8fcf0cee0c,0,0,0,2014-10-28 09:08:31,140,3829,0.5814,3969,98,38,12,35,12,45308.5078,19,17.7532,143
5470,3f506835b6d2fbe13a91e74d34de82b584cddcd1,0,0,0,2014-10-28 09:12:36,184,22,4.8507,206,1,18,6,7,131,36779.8015,40,27.3919,118
5473,3d11d5baea1513a819f189f199502fc3979336b8,0,0,0,2014-10-28 10:14:33,280,42,2.3599,322,5,2,2,1041,10,33687.7727,9,37.5254,49
5171,64607433d449214dbdee326c5a798fe36d1ed0ca,0,1,0,2014-10-28 13:52:56,543,150,3.3965,693,19,8,3,74,31,56753.3116,62,4.4341,2713
5169,f28aeff2fc173354ff88efe1f9b40be5576f2f68,0,0,0,2014-10-28 21:39:42,43,9,0.938,52,2,2,6,13,11,11157.7136,106,44.0288,404
5166,35d88bcccb8bd27629ceeddfe084d7e7dedc6d6b,0,0,0,2014-10-28 21:51:26,9,5083,0.0625,5092,1,1,1,22,13,670.2159,129,57.523,455
5172,830a47ffbfab7d9f9ef87394d65cd4320962494c,0,0,0,2014-10-28 22:47:55,68,35,0.8234,103,2,2,4,1000,13,3658.4032,97,62.4607,457
5476,3510bf90d3ce2509ce423a4758a404f8bba26011,0,0,0,2014-10-31 11:10:17,242,2113,0.3829,2355,1,2,1,35,13,34664.9602,369,55.8834,787
5463,5c3dceb9c87f8c53c88f489992da2c801288ad42,0,0,0,2014-10-31 16:05:02,1961,22,3.6595,1983,2,1,4,41,8,79759.8482,26,710.5,3033
5472,f5898a01e7877afa3df06223713db211708eaf9a,0,1,0,2014-10-31 20:15:54,331,307,4.5575,638,28,14,4,43,38,49526.1242,1000,19.3082,190
5480,d8052d488c999085375c78e31be70bf75e11c420,0,0,0,2014-11-03 14:47:13,3248,272,2.5922,3520,7,7,3,72,28,26893.9608,853,183.6623,6958
5482,3772d3041e4914cb8306ce6b73b79fc3a1afed21,0,1,0,2014-11-03 16:35:58,203,63,0.9288,266,2,2,6,26,11,10546.2593,76,24.6496,136
5487,e1fd6899e36a3ec32817658a18350a2cd801c3b8,0,1,0,2014-11-03 16:47:49,364,361,2.8517,725,10,10,3,1026,8,28803.1507,820,153.5134,11082
5486,5e48fc95e298c5328d42411906bbdc3e4f03fd86,0,0,0,2014-11-03 17:49:08,41,14,0.9169,55,2,2,1,13,18,12464.0272,849,149.7009,6854
5488,7d2db95ad3661663f9f33749717f81ec7f0fae7b,0,0,0,2014-11-04 10:30:21,2784,38,4.8422,2822,76,2,1,818,7,63487.859,857,182.2326,6474
5477,5e9a4549161c45c85434347d6a2f256953e9883b,0,1,0,2014-11-04 11:14:33,186,50,1.4926,236,3,3,1,1041,7,34083.3002,73,27.5956,302
5177,9562a1c8cf05969604c10656bcf72bc0674dab34,0,0,0,2014-11-05 00:03:42,209,28,1.3776,237,3,2,6,21,10,10996.1681,120,50.4965,428
5479,a586614aea9a639efcb096797dd7aa68306f8af4,0,0,0,2014-11-05 11:19:24,10,8,2.647,18,11,5,2,251,8,82882.1898,847,152.3327,6856
5484,6ecd0f8264ab5cfb6101046a415c996993b682e5,0,0,1,2014-11-05 14:23:20,24,304,0.7764,328,99,4,2,1130,134,60853.5068,810,178.5018,2542
5496,7ae58042787bf307304d59182ba1f0825a480917,0,1,0,2014-11-05 15:23:22,1056,582,3.041,1638,13,2,1,437,120,57357.8155,237,111.7941,796
5489,97d465b496dc3f502a989f6df5c3362084c41a12,0,0,0,2014-11-05 16:49:34,262,50,0.1635,312,71,3,2,16,1,33153.0525,191,72.9371,745
5493,c339c266f3c40987b1251a70b1c4a1d4a62001c1,0,1,1,2014-11-05 20:46:11,6970,8778,4.5564,15748,55,24,6,135,16,49968.2454,1000,39.1734,2844
5490,a959dd5034127161aafcf9c56222c7d08aa80e54,0,0,0,2014-11-06 13:00:14,6757,1529,1.3634,8286,84,2,2,37,35,44353.732,863,188.4518,8713
5492,ef406916dbeabaef79b4ffd38fe5916cdd34bd2f,0,0,0,2014-11-06 14:14:12,209,3962,5.4528,4171,84,46,15,1020,152,54486.5385,260,176.2488,6977
5468,ef9a37390dfbd325b3bf2422334f99d22fca2a1a,0,0,0,2014-11-06 18:14:13,82,13,5.1282,95,38,1,1,26,1,12348.7872,811,143.8669,400
5180,d8dbaeeb4df4524e136423425edc9d87d1f25897,0,1,0,2014-11-07 15:18:23,1337,568,3.6301,1905,38,12,6,21,45,47142.897,128,55.0942,105
5513,c9cfe3ba9a2009c3da2cb8a39090154c30ccd88c,0,1,0,2014-11-07 17:45:19,931,1463,4.4412,2394,63,21,3,390,124,45264.8215,784,250.2178,6948
5481,537d6f6da529d534f9c523c0b208861b381e3905,0,0,0,2014-11-10 13:15:05,131,65,4.9358,196,5,19,6,459,101,69977.3963,84,31.4075,3033
5498,a9ecaba73c9d134b37720330d89a9cf66ddd4f72,0,1,0,2014-11-10 15:11:07,1591,2040,2.7635,3631,17,10,4,1041,22,34938.1153,1000,36.1112,2713
5503,b3c290f6860ebbea0f2931ff8398e6877fc49943,0,0,0,2014-11-11 14:02:16,216,43,1.1128,259,2,2,2,1033,6,47763.5648,208,86.8853,201
5216,c018c9fc6bd319d6ed2dc82c8220e3491fa07f2b,0,0,0,2014-11-11 14:05:10,469,277,2.5,746,1,1,1,452,0,3306.656,216,112.2073,3033
5485,26c7794808e8d445f5fc9eb8729a152382766d55,0,1,0,2014-11-11 15:51:20,685,633,2.9455,1318,26,13,7,441,136,36286.8137,676,710.5,8663
5170,65d54c18208e71b8210e8d12e2495c6bace88779,0,0,0,2014-11-11 16:18:44,140,8778,0.2881,8918,4,2,1,35,9,49912.0554,119,57.9963,346
5499,818ebda0f4d0070499446d2958532af5addc3a17,0,1,0,2014-11-11 16:30:09,166,370,3.597,536,28,7,4,135,58,16513.5982,261,124.7721,688
5504,6867f9b93ec1ad9a627450c4fbd0b5ff98ef6148,0,1,0,2014-11-12 00:11:36,147,250,2.5463,397,13,6,2,6,14,21276.7102,203,109.9758,911
5179,f02262d3a109364b7796a94b44608712756359b0,0,0,0,2014-11-12 09:25:48,289,280,0.0947,569,3,2,1,1377,3,49634.6711,98,54.2276,438
5183,034854db3eef60bc6247fabdc0172d2bc8c4496a,0,0,0,2014-11-12 14:21:32,20,240,0.1655,260,4,2,1,43,14,79513.3155,1000,710.5,3033
5167,37a7b9ef5ed934ce599dfe7b3706cbb7bbaec9ed,0,0,0,2014-11-12 14:31:32,167,1143,0.0336,1310,79,41,8,966,116,55863.3494,12,9.8728,3033
5501,3ac4df81e388f38432390fe5761a0ca69918db67,0,1,0,2014-11-12 17:02:59,211,168,1.6996,379,4,7,4,56,40,17349.345,376,121.4326,248
5175,405be09271de4a194696f0818e736a859e8edaf3,0,0,0,2014-11-12 18:09:45,60,3,5.1282,63,2,1,6,31,10,13642.7349,14,575.0,53
5506,b8d0a0aadaed012ccb93176dcc21acbdbd005eea,0,1,0,2014-11-12 18:48:36,353,2240,3.9461,2593,30,16,4,132,68,21782.8292,683,106.4662,6934
5181,e1bbc95de3e2ca04652f43b2f7ef70a70d1d397a,0,0,0,2014-11-13 10:19:26,144,38,0.9748,182,1,26,1,21,2,21896.9992,124,33.0883,348
5185,9b000da2521636252d95ccd0e1d02253833b7145,0,0,0,2014-11-13 11:15:04,282,61,0.7609,343,2,2,1,11,12,44380.8816,114,38.0386,372
5524,2000b45ce3e71ed6eddecbb3f8658ebecec58230,0,1,0,2014-11-13 15:26:07,3817,3962,0.0,7779,1,28,8,717,107,56912.3151,772,220.7446,13310
5507,8f9d8ea9c0039e47bb4a82ce712c04d41e110fe6,0,0,0,2014-11-13 15:29:48,30,22,0.1195,52,3,1,1,31,6,74392.1929,843,152.3577,6842
5178,eaa0cd73d453cf58ff4dd77aeb015d0a3efce00f,0,0,0,2014-11-13 15:30:55,156,105,0.9223,261,2,2,5,31,10,15388.2483,115,49.4451,375
5184,62ad471ca24691340a9369be43c14889105889e9,0,0,0,2014-11-13 16:27:44,108,2465,0.8763,2573,2,2,1,12,9,41733.5708,120,52.7649,378
5187,b703e8f1eed70b27e4d75c9986978fb66c62fbf5,0,0,0,2014-11-13 20:11:27,111,254,0.1553,365,38,1,1,4,8,13361.8229,1000,26.0629,3033
5525,bd4ee47bb6b15c695e6c6946475c2d38099bad92,0,1,0,2014-11-14 10:35:45,1040,562,2.8159,1602,27,21,5,422,0,60005.6137,671,710.5,6795
5510,e47365bc0eed07a57682ea75f71991e35981cc82,0,1,0,2014-11-14 11:48:24,528,7302,2.5313,7830,6,6,3,38,27,66017.0929,26,575.0,3033
5509,80416acb89981b8c78e50ea3e6e374100214985e,0,1,0,2014-11-16 10:33:02,284,3382,1.9368,3666,6,5,6,5,11,70011.096,1000,575.0,74
5512,a296f404ee757f086596f12ea9762d7aaed457ff,0,0,0,2014-11-16 15:28:28,880,5083,3.9069,5963,1,1,1,1022,8,87.5487,499,710.5,199
5173,f83db149c28ab3472a3307429b9380eb3c903616,0,1,0,2014-11-16 20:29:47,998,3829,2.8696,4827,8,6,3,38,21,48042.27,39,11.2631,3475
5515,1dd8b8d7addce8305389f95c45d11f73fe621d01,0,0,0,2014-11-17 08:31:10,2814,7302,0.9409,10116,4,3,1,1020,7,65639.2718,411,48.9289,72
5517,c175ebe84f39c208d0f5ae6e09d45a76869ee86e,0,1,0,2014-11-17 12:02:16,1677,656,4.0576,2333,46,26,9,229,77,45161.1993,702,93.5438,7032
5533,8eadd3ec2e07aa5eec6daccc6849b1038bbeae5f,0,1,0,2014-11-17 16:06:13,2869,8613,2.8556,11482,25,17,8,589,121,33576.5256,703,95.6896,7000
5518,8d414d7eb534bf5defa4aadd9b4f0a12a0be7ca8,0,1,0,2014-11-17 17:33:45,325,323,2.4061,648,25,23,7,23,70,35221.4948,702,85.8541,7605
5505,83d02563ea4a1c7d05540849bf3bf033d968b021,0,1,1,2014-11-17 18:04:13,8898,2113,2.8353,11011,10,6,3,1041,33,35851.3795,863,131.0991,1305
5514,06c259f641ffcdb4e524370f85c4c9b12dcdfc28,0,0,0,2014-11-17 20:55:51,83,105,1.7411,188,6,3,2,1183,17,31590.9237,818,173.2156,6797
5519,591f16dd8f80cc2a5b2fdc6654c3c2d625119faa,0,1,0,2014-11-18 23:41:54,457,2648,3.3666,3105,10,6,3,50,23,15616.691,148,119.1935,128
6269,f84e4ecdfb3d981ae51370c33b98380cd0f75ba0,0,1,0,2014-11-19 04:12:16,158,8778,3.8664,8936,17,14,4,9,31,51597.5694,23,20.9033,132
5523,a77d75201eb14c9310ade12dd1cd2d6cad1f54b6,0,1,0,2014-11-19 16:22:48,432,215,2.0334,647,12,3,2,32,5,62436.6354,799,71.4345,498
5094,a1100af4247f77632f07ee9cea9fc7452104fac6,0,1,0,2014-11-19 23:08:02,660,1094,2.5916,1754,11,8,3,572,0,15827.4329,55,710.5,3360
5520,4203bf99ddd009b72681ba0dc554cabd47e1c85c,0,1,0,2014-11-19 23:22:09,8898,2113,3.4185,11011,11,8,5,1041,42,35128.0448,29,20.9249,2713
5189,633aed3a4611705a55fdf4c7ce987b943ab54915,0,0,0,2014-11-19 23:56:18,373,105,0.9878,478,3,3,6,44,9,21976.5249,1000,710.5,3393
5077,510a81130a8fbfee4a14abc262299a1611a5eda3,0,1,0,2014-11-20 10:49:08,260,2388,2.0867,2648,9,5,1,52,11,58559.3884,5,2.4481,92
5176,3e48cb45b912ef6c76dc120c5f8e5f7c79e3d8e9,0,0,0,2014-11-20 12:03:54,6,260,1.2508,266,4,3,13,1377,13,52578.0814,20,710.5,221
5516,cd7bfd31f7b09df4933c84b4131d0b220fadcb8d,0,0,0,2014-11-20 13:39:07,449,54,1.6054,503,3,2,8,1243,1,37202.0,19,18.0702,110
5522,751f1017c5c79be71cfef7a0bdc6272ea48881dc,0,0,0,2014-11-20 14:12:38,244,1143,0.1055,1387,79,41,1,12,116,54693.0903,10,28.7249,126
5071,8af047381f4158d6435d60857d2a4d9337a364bd,0,0,0,2014-11-20 14:28:04,9591,19,0.0585,9610,3,2,2,966,8,53139.2284,189,73.5357,275
5073,cf54a1c2af1e228f83609903ba288476c5f05fee,0,1,1,2014-11-20 15:09:40,899,1162,3.517,2061,25,7,3,42,15,65916.3534,785,134.43,5180
5497,98ff76b0ea61a342250e15411edd9f7974cbe96d,0,0,0,2014-11-20 15:43:18,5613,254,1.8318,5867,98,38,1,1033,134,46687.2053,774,124.2614,2819
5078,a69d60ae3576476f39be6eabf3e6bbfaa2c712c2,0,0,0,2014-11-21 10:52:09,162,2388,5.4776,2550,4,2,10,1068,134,58182.7049,716,23.7551,133
5079,c03237a860a4ee8f6461e1085b7e4c517b808ae5,0,0,0,2014-11-21 12:15:25,2467,3382,1.6015,5849,4,2,6,25,30,69306.9036,182,95.8081,256
5500,02e2857a94adc7e427f36180542196331e8ae871,0,0,0,2014-11-21 15:20:42,21,8,3.6595,29,51,1,4,10,5,77686.2344,49,34.0822,29
5190,bb5699b4555d32285017228aad712c52d9cfdf68,0,0,0,2014-11-22 11:26:39,340,7302,0.9619,7642,1,1,1,43,14,64518.8477,119,54.9541,466
5081,6dfb3fad9a415ba3ce57273cb97771735bf88e93,0,1,0,2014-11-23 17:13:53,9591,12,1.9956,9603,6,5,2,17,10,55400.858,73,42.5113,223
5494,55ee64f6c9824d51922fe4a8fb1435030925b110,0,0,0,2014-11-23 23:32:52,37,163,2.7427,200,12,7,1,1106,10,26359.2019,162,98.185,905
5194,16703c5e26cbdcef93eed21218b1f939b8805bf0,0,0,0,2014-11-24 15:26:41,598,173,0.9198,771,3,2,6,1002,14,13201.2398,1000,19.2995,3033
5495,bcdd167f4671976a92ad9300256874804598dd3e,0,1,1,2014-11-24 19:01:21,942,16,2.6517,958,10,10,5,1082,6,33717.4494,853,182.279,5927
5087,8724bf7c8ae2a99a1f3b5d835840abe4c5da9507,0,0,0,2014-11-25 10:51:10,62,8089,0.9928,8151,4,2,16,26,13,61278.7664,97,28.2979,102
5082,996f02cbb7a89fde3803a664c9977d7f83f50a40,0,0,0,2014-11-25 11:48:37,9591,17,1.7353,9608,5,2,8,9,3,54112.1123,32,27.5809,122
5091,606a6d468972cbc6b16c03e41735bfea883b1b00,0,0,0,2014-11-25 13:48:34,168,8089,3.2383,8257,4,1,3,1130,2,62958.8289,786,193.261,2850
5085,b082af06549f639d910173cac9589d23778cf350,0,0,0,2014-11-25 13:55:52,346,8089,1.0831,8435,2,3,1,1130,2,63953.3302,34,17.2563,140
5090,392683f3767170c33e3fe2be59825bec5002a4ca,0,1,0,2014-11-25 15:34:55,639,2,2.3351,641,10,7,4,72,20,59842.5732,807,140.1646,4940
5096,d6dc4349c3244f460bbc1227125bf80a3f4be4c7,0,0,0,2014-11-25 17:37:25,130,14,1.3095,144,6,1,1,45,4,57873.0308,162,90.1973,834
5080,65d85f10c502c1d9793c912a8e2f1969b77c5680,0,1,0,2014-11-25 18:41:44,1759,70,0.8135,1829,1,2,7,20,12,23217.5358,207,22.0893,4335
5174,eabf2bbd564eab8c29d5413c45860752144a27a7,0,0,0,2014-11-25 23:27:07,82,94,0.8874,176,3,2,1,48,9,28894.6224,1000,18.5836,60
5093,bbe54ac09154dd3e60870b0d26085e2e2ee564af,0,1,0,2014-11-26 12:16:18,9591,1143,1.2759,10734,4,3,8,966,11,54603.0436,456,22.1399,408
5191,7965755bdc1d2d1cf8baca9b792453d44020740b,0,0,0,2014-11-26 14:30:41,18,656,0.9816,674,5,3,1,966,8,54838.6529,17,575.0,75
5101,d85893036b9a3122900010ce975feba43b27531d,0,1,1,2014-11-26 16:06:51,325,342,3.0631,667,3,59,3,68,0,34983.2713,383,152.5569,10645
5084,17bc479c8a66dea9f693035772925151c746a832,0,1,1,2014-11-26 17:58:19,4779,5,0.058,4784,1,2,17,19,21,43991.0293,1000,10.9275,27
5195,16bdfab0c97002a79ad66bcec300a54315b2b0aa,0,0,0,2014-11-26 23:11:59,141,4,1.2325,145,3,2,1,21,12,10874.7194,115,42.1268,420
5182,fd7feadba563e90f733227a084b989f5459e245b,0,1,0,2014-11-26 23:54:29,283,170,2.5,453,1,6,1,1000,8,2624.2438,36,19.8372,60
5086,240e5f139f53f98ee15458c113c8688ff9b71099,0,0,0,2014-11-27 12:08:46,31,41,1.3747,72,2,2,1,916,4,70632.5131,17,19.6852,72
5095,45fb6d82386260fef5222cff498583036db20855,0,1,1,2014-11-27 16:14:30,335,2465,2.0562,2800,4,3,17,1177,0,44238.035,845,180.392,911
5097,3d242fd7aea6add18465d628a258be11def2d0af,0,0,0,2014-11-27 16:32:23,4307,110,0.1475,4417,40,2,1,987,1,17231.2632,737,30.3485,177
5192,95a7c5ec16897a156d50f7b88ea617b43ecf6b47,0,0,0,2014-11-27 18:17:23,517,3319,0.4369,3836,83,1,1,9,9,39954.1713,98,38.431,442
5196,024d744258697b28011836f78cd3a6a79d8281a8,0,1,0,2014-11-27 18:22:01,387,300,0.9443,687,2,40,1,24,6,33026.1909,101,53.7686,361
5201,1ed0e8eeafb3855a979e0c9426bba4f2fbedcea1,0,0,0,2014-11-27 18:34:51,71,79,0.8872,150,4,2,16,20,10,32697.3985,98,51.9481,452
5102,bc4119799c4179044f5480bf38314e7f33b82708,0,0,0,2014-11-27 19:27:26,94,6953,1.7546,7047,3,4,3,1026,8,28610.1786,806,153.4012,9567
5107,3f74e0597e62e0392dae337ca26d107538544513,0,0,0,2014-11-28 16:25:31,58,53,1.8208,111,3,3,17,24,5,44218.5268,160,90.6103,826
5098,858d1bccf957bf36c04ab011ec9a26933109086c,0,0,0,2014-11-28 16:49:13,69,21,0.0388,90,6,6,1,40,28,5056.9182,180,25.4929,3033
5193,61824422d8330448cd2d740515ad38f3e836eab4,0,0,0,2014-11-29 08:52:01,119,321,0.4216,440,3,3,1,15,9,51748.7123,14,3.7343,128
5198,1ff92656a849d15aaa339770960acaee1a94f01a,0,0,0,2014-11-29 11:35:24,54,70,0.9646,124,2,2,5,49,13,9744.6097,46,575.0,205
5202,ecb425d70a0a202ed3a0fea13a4e4aa7453ced1c,0,1,0,2014-11-29 14:41:30,28,2,1.0018,30,2,2,1,35,11,11173.2351,107,43.4575,395
5188,f4d2ddabe51dad7bee2d4731782b2bdd549ccd20,0,0,0,2014-11-29 19:17:50,45,37,0.9329,82,2,2,1,46,12,16533.2214,46,18.164,137
5104,1a6b404651622aad3e4595549c0c6bc538de091c,0,1,0,2014-11-29 20:30:59,184,195,2.1731,379,11,6,6,32,9,36338.6781,97,28.2325,220
5200,423e78df8bedbff1389d1e7dd9a1692621da43dd,0,0,0,2014-11-30 13:41:05,248,114,0.676,362,3,2,1,46,13,47716.1437,43,710.5,219
5203,c0ae3864f17cc030ab0c32a75495426aa72ddff2,0,0,0,2014-11-30 14:20:47,10,28,0.0644,38,6,6,1,14,9,2324.5148,9,710.5,215
5186,071c4684e4e53146bf00c16449020836df8b4fd1,0,1,0,2014-11-30 17:38:50,3581,11,5.1282,3592,2,2,6,35,12,13038.3883,116,48.928,414
5100,9d02f2a479c49122f947364efee9f9f433e5ade2,0,1,0,2014-12-01 15:47:44,73,71,3.182,144,2,1,1,25,5,6954.2373,809,156.625,1007
5209,3832d7b7a0216e5cf6e5100bb56b5a703d4fb79e,0,1,0,2014-12-02 16:34:46,1045,2388,4.7144,3433,45,16,5,76,37,58820.0458,314,120.671,2402
5206,482565608414fea8df7ed86d5d9a8d90fdfcd4f7,0,1,1,2014-12-02 21:20:26,0,145,2.3193,145,19,10,3,1082,14,36085.9412,910,103.1527,7434
5106,4e046a9bd43428820a409a0777ab281e3c366af5,0,1,0,2014-12-02 22:39:47,315,211,2.0883,526,9,5,2,60,13,19776.3899,163,90.2327,744
5118,f726e552aae7d13032072b240c16bbf16b78bd5c,0,1,0,2014-12-03 11:30:17,891,190,2.9555,1081,22,16,3,4,73,53725.1876,730,74.0056,6487
5108,783aa4a86b6815a8cf2929d79334bebbe4fc4eb6,0,0,0,2014-12-03 11:30:44,86,3382,0.9015,3468,3,19,1,916,1,68762.4742,44,31.8431,57
5211,f87d3b236ba6293648e9084425c393ee42775362,0,0,0,2014-12-04 18:46:20,469,618,0.9026,1087,2,6,1,68,15,2464.8282,144,24.0608,324
5205,e6cff870df6e5640164b75c04c53f2db3a1e3b10,0,0,0,2014-12-04 18:46:49,137,66,1.4158,203,2,2,1,916,119,71144.5195,93,36.8005,336
5207,383ae265c20b4f482f37a4d9b73ab2e54cf9c35e,0,0,1,2014-12-05 13:14:25,6970,312,0.1574,7282,3,3,1,1377,5,51164.266,414,85.41,950
5210,88c654bba5d81f1d8949b53b31492eb5c693698e,0,0,0,2014-12-05 14:52:42,131,19,0.0676,150,2,30,10,1068,134,57122.5681,2,16.7681,37
5215,5e6f40b9887e5aea17aa5bdd3b00f01920faeb63,0,0,0,2014-12-05 15:28:45,22,77,0.3054,99,2,1,16,1051,4,30706.3269,1000,15.9025,99
5511,e0a4ee07084bc6ab56a20fbc4a18863462da93eb,0,0,0,2014-12-07 21:28:22,389,57,1.1099,446,87,2,1,1068,6,56679.2514,395,135.0913,271
5123,51c1f67791307c2b9355171f7398d104befc8de5,0,1,0,2014-12-08 16:12:01,656,759,2.8049,1415,21,8,3,514,119,41883.6875,152,59.042,735
5111,4a7ba2dbb7744b41135994d7f947198b9c4e5065,0,0,0,2014-12-09 17:11:32,44,150,2.0981,194,5,4,2,34,11,45059.4594,188,87.9097,865
5212,cac0e1d22c801e26938965dc15989834e93af535,0,0,0,2014-12-09 19:09:21,69,3829,1.1464,3898,4,2,1,31,10,48312.0264,96,38.5993,370
5213,60363727ccf276e804defec4ddcc013085dfbd1b,0,0,0,2014-12-09 19:18:52,30,1815,1.5671,1845,4,3,1,33,12,24706.6491,91,32.5371,340
5214,1717ca64217a8757f45fc1f6ac78ed9e0ab37cfc,0,0,0,2014-12-09 22:25:40,38,35,1.6365,73,2,30,10,57,12,59997.8508,26,1.6125,133
5114,dd9a1ba43579f18bf536442ae3f5854c64a3791f,0,1,0,2014-12-10 09:50:45,2573,1794,2.093,4367,8,13,4,46,63,72303.737,713,710.5,6372
5235,1d90b523c2b25891807e7bde3609dc312a928cb7,0,1,0,2014-12-10 10:39:31,18,225,1.5891,243,4,3,2,521,113,49882.236,1000,24.9133,2844
6172,799ff8ae974d2f90d993cbcce947ed6dbdcfb078,0,1,0,2014-12-10 15:27:29,353,295,3.3098,648,22,10,7,1106,23,27745.1732,460,115.2537,59
5119,1cd44e0583c50414317087241a64dfa36f1918c9,0,1,0,2014-12-10 16:51:13,233,122,2.3462,355,27,22,7,224,65,34609.98,724,710.5,7210
5109,1b697496f9b27c9a6b0d91c287fd63460b67705a,0,1,0,2014-12-10 19:59:55,48,32,0.662,80,3,3,1,13,3,75256.603,201,74.0927,82
5115,1c1c83b7425d75c359bbbae32531b0c83b6f835c,0,1,0,2014-12-10 21:02:07,104,31,0.0532,135,35,18,1,27,11,36620.8827,101,39.666,108
5117,c56be665cf27c11cda65d707104507cbe5ccf1c1,0,1,0,2014-12-10 23:49:59,536,71,1.8317,607,4,4,2,987,18,15102.9368,132,34.1286,3360
6165,9e40366752ba958c562fca69f2afdf6a8ca54b2e,0,0,0,2014-12-11 12:07:06,41,136,0.0929,177,50,31,1,1020,8,67548.9082,377,77.2433,356
5220,d529749c8f45af693efffe1f69860dae0bfe70bf,0,0,0,2014-12-11 13:58:23,1103,94,1.9546,1197,8,7,10,1068,12,58811.9895,410,52.5544,1001
5217,34353f6658e9a4dd50ad860e17eee94804b76ccb,0,1,0,2014-12-11 14:22:03,502,197,2.5457,699,11,7,2,125,18,67962.0839,131,66.432,941
5219,bf5e39a8dea1e52de8f8eb92ded3d128ce66d572,0,1,0,2014-12-11 17:49:01,145,25,1.0513,170,3,2,6,28,7,20466.6841,1000,11.6517,37
5116,8fc04e4da8a36866e10564205c3f900894f4f6e0,0,1,0,2014-12-13 00:01:38,71,2926,1.1442,2997,2,3,1,30,19,8374.0039,399,136.4016,253
5222,2d26e27c3eab0e4ce5be1270159d4a7412ab68a1,0,0,0,2014-12-13 14:19:56,5613,3829,2.7259,9442,13,8,1,58,14,46309.6732,94,57.8034,342
5224,69426eba6f9b46fc4c746dff455b3693f72dcae7,0,0,0,2014-12-13 15:37:50,102,63,1.47,165,4,2,8,32,9,37744.5698,97,40.2447,355
5223,be8e1f181825f0f84a276dc9ec335c364a4b3e38,0,1,0,2014-12-14 14:39:28,904,177,1.3909,1081,11,8,3,1020,6,56030.5466,802,176.5543,9301
5105,de7f478fc6dc9933ce84e6018a14e457ba883db1,0,0,0,2014-12-14 15:22:32,280,681,5.1892,961,53,15,6,91,33,59761.1667,260,126.4787,10400
5227,a116fcafe203fdc7a89e11d4bc7b9f9f97e30101,0,1,0,2014-12-14 18:27:33,213,1815,1.3376,2028,5,2,1,54,9,25106.4669,97,39.2838,358
5221,3cef2105ae4a1c6f2c2780539ad9fc7d76747e9d,0,0,0,2014-12-14 21:44:24,140,1275,0.6441,1415,2,2,2,25,3,81978.3714,135,35.2375,441
5122,486cc908ad24c86efe1dfe341c3e8266fe9c988d,0,1,0,2014-12-15 18:50:14,299,73,1.7172,372,11,4,2,26,24,25470.6053,431,40.9014,1096
5131,a70aa67a0881afc5d66329d46fe536d7a0b89fa8,0,1,0,2014-12-16 10:30:52,371,348,2.5357,719,12,9,4,83,25,65054.907,245,58.204,453
5135,c93d9eaf363a535dff25cc4e7db400d879e73bb1,0,1,0,2014-12-16 10:33:43,466,1618,3.1377,2084,17,19,8,160,61,56858.8819,824,104.1435,6870
5121,0516d266d21bcd9d17199880a0d5ebe6d9760fda,0,1,0,2014-12-16 11:44:17,76,109,0.9409,185,6,3,3,1050,46,20449.559,780,710.5,6624
5128,b5ac6ec7d97edcd224ac990c1f0314bc8acdfa9e,0,0,0,2014-12-16 11:48:09,137,2388,0.7364,2525,4,4,1,14,16,59462.565,70,24.6959,314
5132,0297d60c87aa029c24b10f2be4044cebe4c3300d,0,0,0,2014-12-16 16:44:24,2814,7302,4.9874,10116,50,2,1,1020,118,65586.5858,223,17.3375,1038
5124,4820ebafb194d73805409c2fbb47665509d5cf89,0,0,0,2014-12-16 16:48:28,22,618,2.5,640,1,1,1,1000,3,5184.1181,169,710.5,910
5127,fb96f12aa6515e0abf7dbd658bb1068b8ac63a15,0,0,0,2014-12-16 19:24:06,6363,148,1.0225,6511,5,32,1,1243,132,40883.594,806,180.1435,905
5134,fbd006051aa5a72cfebda9d8dfc50dc494b4c4ac,0,0,0,2014-12-16 21:49:58,5613,139,2.7553,5752,10,6,2,91,13,46277.7695,159,66.7253,773
5129,f5618fa6608000befce8d4d7a14d1bc6737833e9,0,1,0,2014-12-17 13:49:26,2062,126,3.0735,2188,12,11,4,22,57,34864.3919,792,89.7291,6255
5230,1c2a8bad1aa509ad690b3cade383cfc97cbe2778,0,0,0,2014-12-17 21:59:43,158,50,0.8875,208,2,2,1,868,4,82976.1336,7,575.0,257
5140,c5e9a512242e050b71635cacaaca7890fadc6b67,0,1,0,2014-12-17 22:34:26,312,513,3.9419,825,48,8,2,124,21,29058.9971,117,121.1475,545
5120,04b97c942fcf81e397ebb43cb344ee4cbb657bf5,0,0,0,2014-12-17 23:46:39,5665,117,1.5913,5782,4,3,16,18,3,32403.5508,769,65.0754,157
5138,64b2602d7d8719f22880b5fa14d5cd74ee7f78ba,0,1,0,2014-12-18 00:23:22,251,69,1.5627,320,13,7,6,1022,49,40686.4843,729,74.4958,7154
5126,94cfe14879bf6d399d816d267b00c8a99eee8165,0,0,0,2014-12-18 10:37:23,145,59,0.1587,204,74,4,2,820,19,68448.6072,787,710.5,5705
5259,28a62d844e7a069a05383bb1e9e71f9daea41199,0,1,0,2014-12-18 10:42:57,263,680,1.4344,943,5,1,3,468,102,53101.4425,260,203.1704,8611
5139,88e64fc7837a3fb081e15b23a07d7764c91f3b6f,0,1,0,2014-12-18 12:42:41,324,37,2.4921,361,12,13,6,1082,55,36726.7495,731,84.995,6977
5137,6884a0ff59ce018f32169969b40116cbde3e27bc,0,0,0,2014-12-18 13:52:15,2753,76,1.3922,2829,5,1,16,9,4,61909.11,168,88.1977,841
5628,6e9b2848d5fabace5c6ef491c87c562eed9b5f43,0,1,1,2014-12-18 14:28:54,753,150,0.9356,903,7,7,3,1020,2,52946.5853,816,180.0992,9381
5136,227e40fe11d5794a41433fb48efa887ab8bb91d2,0,0,0,2014-12-18 15:11:16,15,2926,0.934,2941,2,2,1,4,3,7578.2363,32,25.8264,72
5231,76eaef0a6b7a089a6b1577492678cd5a259c743d,0,0,0,2014-12-18 15:28:34,2869,227,1.2788,3096,5,3,26,1183,6,31126.2842,849,150.8837,6536
5234,0190dd24622169a98be1a6ef518b0fdd018e2d44,0,1,1,2014-12-18 18:58:45,544,10,2.4721,554,7,5,2,66,9,55849.1597,817,181.4931,9703
5242,f165c353c6b41396eaecb11b6cda274d818cb553,0,1,0,2014-12-18 21:46:00,145,131,1.713,276,5,4,3,70,19,58708.624,206,91.3561,894
5142,33964003c7f85d0884edac8150628907a327edc1,0,1,0,2014-12-19 07:46:26,2985,2012,0.0752,4997,2,19,6,1,5,76305.6821,164,69.352,841
5240,b5b63d755fad964987af0914c8b9090b0f807d5b,0,0,0,2014-12-20 11:37:36,132,3319,0.779,3451,3,2,8,69,13,39056.7696,101,38.0242,363
5245,555837cd6da98b0311a7f752a3b2523f6efbf6a1,0,1,0,2014-12-20 17:12:19,313,8089,2.1184,8402,16,6,2,55,12,62109.3648,165,86.6334,897
5243,75dd021ad4f4e1a2b1171e852abd5576588b1629,0,0,0,2014-12-20 22:46:35,96,143,1.5208,239,8,5,2,33,1,29382.2469,162,69.7131,890
5236,a75198878979d16c8bcd394dcea71108c10b0593,0,0,0,2014-12-21 02:54:30,70,81,2.2456,151,8,2,2,26,11,23434.5872,155,92.0656,739
5246,4b2c96d9cc87237b60e92855848d822e411e4472,0,0,0,2014-12-21 14:46:40,422,3829,1.364,4251,4,1,1,58,13,47748.4185,127,56.9542,357
5238,9a9dfc7ca2f79957618821d7572c73710627c9f8,0,1,0,2014-12-21 15:12:09,41,44,1.3601,85,8,2,7,61,12,22486.0907,97,55.8027,468
5247,99544bd9000eebe468a721b0bcf06d3e387fdacf,0,0,0,2014-12-22 16:32:57,20,2926,0.7553,2946,2,2,5,61,13,6483.9837,127,38.1867,354
5265,8bf9416d37ae43d868ffaaf7b1fac0fe9fb43c03,0,1,0,2014-12-23 20:16:46,144,484,3.6463,628,23,9,3,656,120,57149.0081,225,44.2258,757
5250,2425885c0391da04ff600c538fe56081dc44ab1f,0,1,0,2014-12-23 21:13:22,438,508,4.084,946,25,11,2,46,21,46718.779,164,94.0134,882
5249,3f1af0e38836b83cc50ab3ad895841138ca7f5d5,0,1,0,2014-12-25 17:00:26,55,217,3.3436,272,14,7,1,9,14,68692.3887,147,63.1934,683
5278,972a7b01980b4b06d4893df6aa6aebd4e26e5990,0,1,0,2014-12-28 09:55:21,148,2201,2.2863,2349,24,22,8,519,128,60069.9392,792,132.485,11984
5252,d57a9d7ab59243e78836fb7bd4120106071a3d49,0,0,0,2014-12-30 11:48:53,869,54,0.0316,923,1,15,5,22,4,6341.7125,91,54.132,440
5241,a761cdcb7186a8eb565de2d6313cf2087b3ee087,0,0,0,2015-01-02 10:15:49,125,51,1.0914,176,83,2,2,20,132,40499.1316,833,452.5167,3033
5218,87d699d7025f6ceadeb64fe972b7185079b6ec22,0,0,0,2015-01-02 17:33:46,1512,1526,1.0945,3038,1,1,6,25,114,20636.6506,147,159.1505,860
5251,b0e17e39d8318bcd5d905098b2dce1cfd5c165f9,0,0,0,2015-01-04 18:07:38,1,13,2.5,14,6,1,4,63,12,5737.0975,119,85.8549,346
5254,935ad5a7a223c350b6d299ccee0a87cd1fa451de,0,0,0,2015-01-04 18:19:23,22,5083,3.9069,5105,1,1,1,68,9,739.2429,121,65.3534,346
5248,b0a2e4a14e0161e753ec3296d4ead8e46ac8e303,0,1,0,2015-01-05 14:24:59,184,8089,3.1877,8273,17,10,1,41,10,62898.2696,158,144.384,746
5269,11518b5834c39feac36c75df6eb0836dee924a25,0,0,0,2015-01-05 14:59:50,5613,1589,5.6438,7202,98,38,1,498,100,48090.6445,133,181.2082,676
5260,8ff94da2ef4b56733127781202393d4abbbe7d0f,0,0,0,2015-01-05 16:16:51,59,7302,0.1059,7361,1,1,6,1020,4,66824.7458,122,83.1077,442
5255,de2aa5784af3fae4217fdca478ff8b8824b8be50,0,0,0,2015-01-05 16:50:29,161,28,0.3751,189,3,1,17,22,1,43280.2206,94,84.7556,454
5257,0393bc1331863838694566928db10d5faebaf47a,0,0,0,2015-01-05 18:50:02,8,58,0.5323,66,83,1,8,25,4,39352.381,97,78.1523,341
5244,24c47362e716c1126b40f098d2326dc5c47cd699,0,0,0,2015-01-05 18:54:03,21,8089,0.0444,8110,99,38,1,1130,7,62606.068,15,12.7307,47
5253,32d9d2b1342df40051257dc64f534b0a7da340ee,0,1,0,2015-01-05 19:58:14,94,26,1.0548,120,1,2,1,1177,3,44430.7034,104,81.366,422
5256,2cbbd3287252fd33472ae52cfa6a6b38b3b1c39e,0,1,0,2015-01-06 14:01:03,0,8778,4.7979,8778,64,23,9,1377,27,48979.5833,138,89.0858,2844
5261,b751df28863af4a6216d967067dbb6f3729b66da,0,0,0,2015-01-06 19:54:25,31,5,2.5,36,1,6,1,45,10,5733.9294,125,63.5787,352
5262,b22406a6e27a9528452d62602fe25c416633467b,0,0,0,2015-01-06 21:50:18,184,74,1.1448,258,6,4,1,1068,3,57937.1794,100,59.6587,287
5272,d9cb5b71043d5fc863efed7610e87408ed00cb8f,0,0,0,2015-01-07 21:10:55,7,386,0.0304,393,1,3,2,2,5,1719.2023,817,326.0096,6569
5264,19066b520435528e104a69ccf372f56811123ee3,0,1,1,2015-01-08 11:38:51,476,204,0.8195,680,6,3,17,1177,3,44499.3778,822,329.6683,940
5263,0954c4e521fafb0f1ecb7ae409bfc9ffbdfae51d,0,1,1,2015-01-08 16:03:04,33,35,2.3626,68,14,7,1,94,41,77096.3057,903,272.0257,4184
5271,b0b12952cc9015a594c241d8ea57b2eb54de7a4e,0,1,0,2015-01-08 16:40:35,1074,1143,2.0002,2217,8,4,1,68,13,54926.6154,92,65.3594,450
5275,8af6ef49fd84c309aeba0a3c8963ac83e0243c59,0,1,1,2015-01-09 18:04:23,6363,118,1.1708,6481,83,2,3,37,5,37870.6932,357,101.569,1870
5267,753c71ae4a40d1414c65319e783150de9cd4177e,0,0,0,2015-01-10 17:32:01,21,13,0.857,34,4,3,10,66,9,57000.8399,99,67.0666,437
5274,d883c3ada8da6a3520071e1425b07fa836faf65b,0,0,0,2015-01-10 17:33:46,45,9,0.0778,54,2,14,1,1002,5,11664.9412,98,78.4711,427
5276,cd6da11955ce77db9e09105a7c3622afa5dc280d,0,0,0,2015-01-10 17:37:09,869,2926,0.9513,3795,2,15,1,989,5,6797.8474,846,320.9739,289
5322,db1b8b993c12f2e74b6cc9a48414265666dc0e69,0,1,1,2015-01-12 09:58:45,1667,1056,3.3623,2723,31,17,3,654,110,56814.1646,686,122.3604,6868
5285,268ff7a067bfa0e4985358afe7f7091a6abbd3c4,0,1,0,2015-01-12 15:40:34,187,1143,2.1158,1330,7,7,2,966,8,53978.7187,214,100.1059,196
5280,40457c29a20ab7f93542900d17e034774db20a12,0,0,0,2015-01-12 19:59:13,72,114,0.598,186,2,2,1,70,9,8711.1722,1000,16.2342,53
5321,7e39bc67d22766c72e040bcf35d48da817b7a2f2,0,1,0,2015-01-12 20:11:09,182,1393,2.1194,1575,10,15,9,495,127,52051.6245,253,57.9851,779
5287,dc0d81bb8bc056f9c8def5ce701c1aa121d2a13f,0,1,0,2015-01-13 13:54:01,357,7302,1.4812,7659,6,3,6,32,15,65737.9463,8,21.7154,138
5279,5015ab490f89d384ac93752c22caf201ceb43776,0,1,0,2015-01-13 14:23:46,6970,8778,3.0211,15748,10,4,3,1377,12,50260.731,405,100.7895,1355
5289,020b282bdc5468aa51b231e9ae8d4d3a1a76e696,0,1,0,2015-01-13 14:23:46,467,343,2.2055,810,6,4,5,56,12,50048.1357,354,126.4133,2033
5288,2d4ed15e8d2aa1a1fcd7001fccea2ee70cc8a8b0,0,1,0,2015-01-13 15:13:55,229,1143,1.5923,1372,4,2,2,1,29,55427.4703,366,106.2232,1165
5293,6067833fb6ad6c11a121d8654d7ca147cc909f05,0,1,0,2015-01-13 22:59:35,439,25,1.3396,464,4,2,6,37,15,34470.72,84,33.8485,63
5284,805ea69431d378de93bec8d067721f21370cde37,0,0,0,2015-01-14 15:48:07,13,11,0.0721,24,6,6,1,18,6,5644.7678,394,114.9192,149
5290,9fea951f8226c9c02e6fb17d09e4ffb06979ea93,0,0,0,2015-01-15 00:57:54,6970,8778,5.8891,15748,4,44,1,24,6,52642.6112,1000,31.0459,56
5295,d62ab475331cac9d870a563da4f5dc091005b2c1,0,1,0,2015-01-15 10:46:53,2985,10,0.8919,2995,1,1,1,17,12,72553.9091,395,109.0701,823
5297,1d6a2001abafa69d9acba3a6689b375402f851e1,0,0,0,2015-01-15 17:14:39,14,119,0.0862,133,70,19,6,40,13,76584.7138,93,62.5204,366
5294,0bb7b7fc64158523c959a822fb989b567561bc66,0,0,0,2015-01-15 20:38:43,1512,28,4.7077,1540,2,2,1,1021,4,19720.7262,135,63.1841,469
5298,26535c487753975556aafc19c2ce4f9c24cc677b,0,1,0,2015-01-15 21:32:13,473,203,2.8967,676,16,8,1,48,5,58083.639,210,122.4893,702
5302,fb9f5620e262faebababb77ce1c73b6e0cc0d852,0,0,0,2015-01-16 10:21:47,6363,3319,5.45,9682,83,2,8,1243,4,37202.0,177,98.1089,851
5286,ccf1b804d952f7dade298d7bf71c4fc7653b62e2,0,0,0,2015-01-16 11:56:16,2753,105,1.0692,2858,1,2,16,1130,5,61629.5928,98,64.5931,357
5296,3897b47bfe8224d185219e80c0bab92c5087c952,0,1,0,2015-01-16 13:14:46,3439,14,0.8525,3453,1,1,11,24,16,43186.2339,765,63.253,6006
5301,ac477e8bc9d9e3e861f0e12c22c470e07a8d7440,0,0,0,2015-01-16 14:53:26,2467,70,4.9358,2537,62,19,1,916,119,68012.9401,85,66.0108,345
5304,d1cc30da3e2a796590139da942015620c6035ddd,0,0,0,2015-01-16 16:32:04,9591,54,1.2806,9645,6,1,1,29,116,52992.0152,209,67.0223,894
5299,0498abc8501c58ba1b702721ed090146aff88d61,0,0,0,2015-01-16 23:56:22,122,217,0.0932,339,2,2,6,27,13,18314.7491,41,710.5,64
5303,878118a1996f4b62b2830b3d309206c8b383a393,0,0,0,2015-01-17 00:18:26,65,117,0.1269,182,1,1,1,80,8,1375.3307,1000,26.4764,3033
5305,3b58509465450e1bd80508f28e23c5a6c27972c0,0,0,0,2015-01-18 22:35:44,5613,3829,0.299,9442,98,3,2,50,2,47793.4051,782,350.2741,1781
5281,6cc35837f4513050a4f844769ca4dd55e2dd38ba,0,0,0,2015-01-19 02:25:58,6363,161,1.6703,6524,10,5,8,75,19,37434.5169,1,299.0519,1158
5309,36039b67f35c3ab743f78be19c5d2fcf555e1135,0,0,0,2015-01-19 10:45:24,8898,2113,1.6959,11011,5,4,3,1041,31,36972.0061,21,14.3331,76
5307,c9709a849837ea4c2f0de48fb855d9e7abd05ea1,0,0,0,2015-01-19 11:21:15,79,2388,1.9344,2467,4,3,10,21,134,58537.5678,206,72.2425,895
5312,4e197d5fac7bfc774a8e4e39ed40c831e5848428,0,1,0,2015-01-19 15:13:52,116,92,1.1078,208,6,5,2,18,49,13486.1117,716,710.5,5806
5229,2b98bebc28e13b9bd933884961ced757b653936f,0,0,0,2015-01-19 15:18:08,368,307,6.2622,675,2,41,8,35,14,53900.3867,126,88.6809,481
5308,f99691c02b1b260798e458e281cc56902f160204,0,0,0,2015-01-19 16:38:20,3581,694,0.8734,4275,1,14,6,1002,4,11639.1757,98,83.4526,436
5292,58e1e4437ab308534b51f0de3a0d5ba1cbe3d1cc,0,1,0,2015-01-19 20:22:25,2651,2388,4.7431,5039,28,18,9,32,54,57705.3313,86,575.0,283
5318,a5702b69ed7794abdd44035581077b09fc551450,0,1,1,2015-01-20 13:13:50,272,6953,3.6816,7225,16,4,2,100,55,27547.8365,741,575.0,6245
5300,e3b608ce20f2c06b6c9ce8f231b6f53ab73f1de5,0,1,0,2015-01-20 23:34:11,626,361,1.8193,987,18,7,11,50,21,26096.35,145,108.1843,659
5314,730e056a2a2ea028495637b633396392c31337e3,0,1,1,2015-01-21 11:45:12,173,93,2.2755,266,7,7,3,59,47,66397.2813,725,97.3673,6668
5315,2c1c91e2f31f49b27a5574c5338653f1a074b5dc,0,1,0,2015-01-21 12:56:41,8898,126,3.4603,9024,13,10,6,53,17,35406.5118,156,152.6788,475
5316,8f8efe2f5e3893fcdb8ff9cd170070a1f34639d9,0,1,1,2015-01-21 13:55:02,4307,2648,1.839,6955,9,5,4,987,33,17668.5597,151,129.2229,256
5319,9cdd2b3c56f4b9aba4fade43cc90f39e31742e33,0,0,0,2015-01-22 11:24:19,9591,105,0.2834,9696,1,2,8,15,7,54654.5935,205,74.4852,986
5270,ad31f611150b4b95147dca26932b7ad11bb4b920,0,1,0,2015-01-23 10:30:30,260,154,2.145,414,9,4,13,2,51,51044.0471,165,72.3879,996
5317,ad45bf1248ff4634490739d0ec7740e579ab9795,0,0,0,2015-01-23 16:23:46,57,8089,1.3099,8146,4,3,1,9,7,63288.6929,1000,8.5345,3558
5344,081de39b4053ea77b777864c966d34740ea36c1d,0,1,0,2015-01-24 22:22:57,0,1793,3.735,1793,41,7,3,460,131,29419.9808,218,188.1261,106
5145,82c420022ef3ffe3d7ad2172b4338ed12baf9e0e,0,1,1,2015-01-25 11:28:18,594,134,3.6781,728,21,11,3,129,39,53069.2393,206,158.3609,693
5323,7ac6447fd2c78ed00943ed0f4297cd7e943c7e10,0,0,0,2015-01-25 18:52:02,2467,3382,0.3222,5849,5,2,1,916,3,71598.5177,184,98.8936,13
5326,9b63f269e7ced1c9cb58bffe0091eb3d86ac6624,0,1,0,2015-01-25 19:20:40,148,86,1.2437,234,2,3,1,2,7,39981.4127,163,124.6496,763
4866,354efec0f9da0fa03ea9b337b02a1a2a03a9ac16,0,1,0,2015-01-26 16:54:25,1271,1032,4.2982,2303,45,20,12,506,119,50873.1814,79,169.3343,449
4854,5f475599264d3d388e81cbceb71b641e1bb7d83f,0,1,0,2015-01-26 17:44:11,994,2113,1.6308,3107,6,5,3,1041,14,34319.4044,393,115.1811,403
4865,9671c2f734bfa30ab8049ed4f26e90cfe7e195a7,0,1,0,2015-01-26 17:52:27,5665,282,3.556,5947,14,11,7,486,114,30124.4185,136,76.2608,811
4855,6296c394fb04d7e01f8a03a348b7a179c209256b,0,0,0,2015-01-26 17:58:33,117,104,3.9396,221,12,2,1,19,3,68438.407,140,52.7334,461
5277,9d181a86a0870204113271b6e45f611cba04fc7d,0,1,0,2015-01-26 18:31:47,43,58,1.2959,101,5,3,1,11,36,20523.7689,17,13.4674,3393
4857,c28d96cd625062943cc351b14e55c9eaaa1b1959,0,0,0,2015-01-28 13:29:42,6363,77,1.5833,6440,1,2,1,55,6,37202.0,155,128.0515,850
4858,8b3805ba5905c3d84f3e0631bc6090a618df8e90,0,1,1,2015-01-28 14:13:30,1561,214,3.9344,1775,35,28,4,165,29,57406.8135,455,710.5,5202
4861,a6acd2e47c5a8b31e580f66253cad2966e11d3cf,0,1,0,2015-01-29 09:34:29,1054,3319,1.7213,4373,7,4,8,1243,11,38577.1224,430,144.6614,106
5291,e3f6c9ba69a3e545fdd8f18b7b652fa111ade93e,0,0,0,2015-01-29 14:41:01,2,21,0.788,23,2,2,1,7,6,41698.9129,17,2.2263,3064
4863,2a7e40bb73542a76c42c0d0740f1a437d3a90fc8,0,1,0,2015-01-29 15:44:12,0,7,0.0358,7,1,1,1,1000,23,5380.3301,106,20.7613,60
4893,7bc78cbf97d341ebfed32fdfe20f21e4d146a869,0,1,1,2015-01-30 15:43:31,3017,737,0.0,3754,58,22,1,450,125,57843.327,310,710.5,6074
4862,3896831253100b1fa5935fc5bab4b7222aeabedf,0,0,0,2015-01-31 07:54:56,2985,64,0.1638,3049,3,19,6,22,115,73518.801,160,155.6096,868
4868,17ac128cb22cadcaa71ae58a3edc9cf43f34c2fc,0,1,0,2015-02-02 15:09:18,136,162,1.5192,298,6,7,3,47,18,17036.9288,36,710.5,3360
4870,80646b57a00d77b257332d746ed3478294c4495f,0,0,0,2015-02-03 11:45:52,93,233,1.5817,326,99,4,16,1130,14,63302.2383,801,332.543,1130
4875,7452802bc25c0915b7347d4faf2d60adcfc27644,0,0,0,2015-02-03 14:15:52,265,9,1.9134,274,8,5,2,13,29,52992.2894,393,116.5656,205
4871,a19b4a02bfa5237e0dcd2b264da36229546f23c0,0,1,0,2015-02-03 15:03:07,906,162,2.9087,1068,31,8,3,1068,3,56604.0,378,153.8875,433
4877,d033fa8fa834d288ec977ef7bda043dfdc397e59,0,1,1,2015-02-03 21:51:10,11,31,0.9644,42,1,2,1,37,10,24116.6554,104,14.7327,44
4873,8ae0dc2d768aecfa3129df553f43d827792b65d7,0,1,0,2015-02-04 12:40:13,334,89,3.7222,423,22,9,3,9,61,36767.2108,794,289.5638,8652
4879,48d8dd5a5b9dbaf69d30c51b97f60ca0f1ed7c91,0,1,0,2015-02-04 13:10:07,147,72,1.338,219,4,5,3,986,21,74440.8954,168,85.619,47
5324,d5393017bc8e36a3c5e1125764f1ef1024e07a67,0,0,0,2015-02-04 13:37:21,6970,8778,0.8258,15748,80,2,1,1377,4,52730.1814,151,154.6357,564
4872,667f819913ec59a433c51907132f5eca4000e002,0,1,0,2015-02-04 16:14:51,499,75,1.844,574,3,2,16,1130,1,62039.3652,167,125.6248,676
4878,1146f64c01c89f6790aef7375eb60e389e0071f4,0,1,0,2015-02-04 16:26:16,1252,8089,2.2906,9341,4,38,1,1130,4,62664.8321,154,144.6761,752
5159,5e1cc9e21ccd2afb1be0fc97ef13cb5b6da9c9e0,0,1,1,2015-02-05 10:03:17,2985,28,0.2564,3013,1,2,2,986,13,75361.4908,180,118.6593,14
4882,9fedfebaee4e2855ef8a6253fc076b3f0d6e70e8,0,1,0,2015-02-05 10:47:37,10,2465,0.4573,2475,76,2,17,14,1,42410.1822,207,75.255,901
4883,7c64000df1ec982bbe10487c39d76a24e8927aa6,0,1,0,2015-02-05 10:48:16,83,20,0.9869,103,79,41,1,13,14,54950.212,202,88.3078,986
4880,a9ac7aab9adf3997c9d1a618ea0deaa7388dd877,0,0,0,2015-02-05 11:03:42,127,1794,1.1742,1921,5,3,2,42,29,68060.6332,816,298.8326,8870
4884,63720634e2333a86eed0e9957bcc35122067dae6,0,0,1,2015-02-05 13:09:51,121,33,0.1297,154,75,2,1,45,1,59453.3854,855,283.8858,6571
4888,6fcef7dfbc9d70ff17a729106464d10d068c848b,0,0,0,2015-02-05 14:48:17,256,694,0.1473,950,38,14,1,47,15,13322.6147,382,154.2615,3033
4881,e766dba3653bb942ff66bd9edc999237a77c2ea2,0,0,1,2015-02-05 16:38:35,49,1526,1.0367,1575,2,26,6,1021,14,21102.7526,218,70.6397,862
4887,970b2b7af85f62f525e697dfa1520e88c8fc5e51,0,1,0,2015-02-05 17:28:12,676,215,1.3492,891,9,3,12,55,28,24992.7296,816,324.451,6832
4886,8803304f4c79f7ec9049d83d767189c9e91f1705,0,0,0,2015-02-05 17:42:22,26,27,1.0588,53,3,6,1,27,19,3947.4415,215,59.8703,849
4889,b5752a76c4b835931131b48c89734d44fdee5dee,0,0,0,2015-02-06 10:31:20,397,35,0.3686,432,3,2,1,7,1,41431.0118,97,57.8242,186
4894,aedbacfc553a7226bbf06410232fb2a2b315cf8b,0,1,1,2015-02-06 14:13:28,526,6953,2.7185,7479,10,7,12,19,46,27661.1778,788,575.0,6337
4892,a07d59d72fc059a600a3eb1f479b02964ca256f5,0,1,1,2015-02-06 15:24:01,253,8613,2.2242,8866,15,13,3,23,39,30004.8229,816,302.5425,8820
4891,6d49d1d6f45a78003d62df392c4682b86165ab46,0,0,0,2015-02-07 09:41:43,106,3319,0.56,3425,3,2,1,13,2,38556.4505,187,137.8216,664
4933,2d1f8b07cc45359e290160cbc076a86229bcd158,0,1,0,2015-02-07 10:33:31,1293,2502,3.5083,3795,26,18,7,748,0,50417.8426,140,39.4516,280
4896,4386620c06e94c9f4e3030ea7ae0f480845e2969,0,1,0,2015-02-08 18:17:44,744,326,1.3117,1070,2,4,1,1026,20,25321.4147,846,324.2784,6968
4898,870868828e7329c03547520bdb1762b4a1763514,0,0,0,2015-02-08 21:59:22,6363,121,1.9706,6484,8,5,1,1243,11,37202.0,195,145.7743,565
4901,b88f909ce44bbd25528afee03079d0437d5f9a5b,0,1,0,2015-02-09 10:44:47,86,8089,1.3864,8175,2,2,16,26,19,61394.3917,200,89.7598,1000
4897,46e05261968d073dd7faf1c0089aa39e8277959d,0,1,0,2015-02-09 13:45:56,9,2926,0.3345,2935,2,1,5,989,8,8189.115,188,110.3326,53
4900,c1e1aca218b0a35e105b8430acaa36bbe7f04b4a,0,0,0,2015-02-09 14:56:13,20,901,0.129,921,90,11,4,1130,20,74418.4793,816,326.8507,6797
4902,c699557c148614ec8c52611e53aafef75bdcd9eb,0,0,0,2015-02-09 17:05:29,58,7302,0.8108,7360,3,2,6,43,11,64463.6533,92,81.6829,442
4904,ef7b7cd968c13ce9df15e30e33300e0f26def303,0,1,0,2015-02-10 11:21:09,478,158,3.2376,636,18,8,8,24,6,53312.9374,191,147.9958,711
4905,1583dcfc7bdcd31ba5e951835fc1d4ca60a23948,0,1,1,2015-02-10 11:21:33,500,278,3.2416,778,23,17,4,111,62,50085.8029,734,105.464,6421
4906,82cda12ef2f508339b7f2c4a0f1d27b7e4054d4f,0,1,0,2015-02-10 12:54:04,299,109,2.6851,408,7,5,4,90,45,47947.8774,22,710.5,3475
4864,3d84970364ced41d1497269dc3c9d0b5835f9e1e,0,1,0,2015-02-10 17:35:13,1057,83,2.7314,1140,13,10,6,14,28,48247.7465,431,159.3063,596
4910,1e9b68164bce898bb5f8c816ee699d56b1c35a8e,0,0,0,2015-02-11 10:10:16,9591,1143,6.2622,10734,79,41,1,17,1,55136.8713,208,112.2837,38
4914,cba78669137436db2e35179504bf40b5ba1ac50f,0,1,0,2015-02-11 13:19:22,117,3382,2.6523,3499,8,5,2,23,3,68295.6595,215,122.4652,643
4908,a3a7350d55a3e9b20a6c53aedd8d1c24fb188122,0,1,0,2015-02-11 15:02:15,45,95,0.2232,140,50,3,1,1020,8,65039.0676,453,18.7115,1594
4912,57615aaa19e9933e43ed0431a78dd231bf98b103,0,0,0,2015-02-11 17:02:10,8,20,2.5,28,1,6,1,29,107,5962.7846,379,145.4828,134
4915,69b794561c151261d48f7fa5463c3b24894a8efa,0,0,0,2015-02-11 17:19:35,32,16,2.647,48,11,5,1,251,8,83551.65,814,297.4312,6830
4911,1dafd810b7fc185a85d2e8b7666a2b8ab28d7787,0,1,0,2015-02-11 18:01:41,485,444,1.4801,929,7,8,2,1048,25,38126.8372,813,301.2696,7244
4923,6151d707c6130a38d18501414447cfa88969d9b8,0,1,1,2015-02-11 18:08:21,2780,5931,2.7867,8711,9,8,2,1048,53,38822.9621,383,298.1466,8917
4919,18c9082cda7f19ae7556e9aaa8caab08a48e9596,0,1,0,2015-02-11 18:10:17,50,16,0.4675,66,1,2,1,1082,10,35955.6097,824,322.2534,6806
4918,081a7ddda2f6ce33260d2b59739010d763a8d12e,0,1,0,2015-02-11 19:10:21,21,11,4.6287,32,2,32,7,827,11,22462.846,203,97.553,76
4917,589b539c5acdd25f53ef6c9a453198a960ba93d5,0,1,0,2015-02-12 10:49:09,3439,1299,1.5138,4738,3,9,1,84,48,40899.7841,725,92.0209,5871
4921,21f47d9c69441c17b5f90ea2c7cb8f4d47f7fcb5,0,1,1,2015-02-12 15:50:46,182,51,1.9107,233,3,1,1,1,7,33232.361,771,60.5752,137
4920,df0d62a71e748f3d72daacfbfee872b696b56cfc,0,0,0,2015-02-12 16:12:41,8898,12,0.9277,8910,2,1,1,4,7,36630.5454,13,710.5,33
4909,6bec2287789f28c21316e67e1516a98d88aa786c,0,1,0,2015-02-12 21:20:14,313,1143,2.1317,1456,6,4,1,25,14,55146.3017,96,60.8719,55
4925,bb5dc7e3dd6825f8f78f42df6c4ca5ef00d520fe,0,1,0,2015-02-13 10:03:08,9591,286,4.1022,9877,39,18,2,966,15,54492.3228,132,108.4489,760
4913,21211856ea41b22f2f74a4596a6b19ceb23b4ba7,0,0,0,2015-02-13 11:02:04,14,7302,0.0079,7316,50,31,1,5,5,67757.9198,1000,3.007,3033
4874,26ae9793cf6dbccdfb525637ea6caffa0f1712e9,0,0,0,2015-02-13 14:57:39,28,8089,0.0962,8117,99,38,1,14,4,63507.1437,100,75.4339,75
4928,3d10a2352e41deb46b72fab5a07921a49464cf29,0,0,0,2015-02-14 19:36:45,364,66,2.4598,430,9,2,1,1130,3,62468.3957,189,126.8685,597
4922,118979031bc5e05981ee6da7a9fb26fe675293df,0,0,0,2015-02-15 17:07:52,70,2388,2.0551,2458,4,3,10,55,9,57229.5125,17,575.0,48
4931,b941cf2d091bb38b9a45e1f2412136acae2b0f3f,0,1,1,2015-02-16 12:37:22,1053,782,3.4843,1835,23,20,3,139,57,29000.5637,795,338.2787,9824
4934,722719f2a2a357962b13beffc8f52ca3031e9926,0,1,0,2015-02-16 14:06:05,1239,64,2.6964,1303,7,5,1,97,10,60387.0,30,17.3588,2713
4967,c1e326707a6c5b3cc550945f010eb4cabea24ad3,0,1,0,2015-02-16 15:34:13,311,5931,1.8485,6242,1,13,3,618,113,35140.8905,792,332.8283,10844
4930,6b082b556242b08d19dc619d5339aa862cd0d1c4,0,0,0,2015-02-16 15:40:49,8898,2113,0.6029,11011,3,2,2,1041,7,33558.5691,204,67.5232,1041
4937,2dcff4c122f37ca58a485e886fec9295fef0c832,0,1,1,2015-02-16 18:48:32,111,134,2.4216,245,10,9,3,90,40,19802.887,811,338.4705,8664
4944,7d80711d366c5a2127e50051e6c0d5b347b638c6,0,1,0,2015-02-16 20:40:06,565,5931,1.0233,6496,5,4,4,12,55,36971.3076,809,300.2362,10470
4942,5ac1911a831c310e9f6634099e9767a2f0bce306,0,1,1,2015-02-17 14:54:42,544,232,2.9037,776,6,5,2,11,32,47508.0606,716,710.5,6168
4940,665e60128e02cf1990d5a8b13e4704e180b5054f,0,1,1,2015-02-17 15:36:34,267,8613,2.2143,8880,12,9,3,100,42,29556.6235,778,710.5,7090
5325,cfce493feb70a49d2722dc2a0d79f845f7e0461a,0,1,1,2015-02-18 11:16:35,3204,828,3.7759,4032,28,9,2,659,134,44172.0312,869,375.0788,10999
4948,c1a334e1c76afebe0435010b6203c109d86f043e,0,1,1,2015-02-18 14:03:25,268,123,1.6777,391,2,2,1,818,9,65753.6642,821,327.0996,6891
4941,6049398d5ce7979b19b640124240855e4e8538ef,0,0,0,2015-02-18 15:19:13,305,3829,1.6856,4134,6,3,2,42,25,45306.6548,72,74.8339,289
4946,a673e7ba646254c6946a6cb660c4dd9dd71959f5,0,0,0,2015-02-18 15:19:58,269,7302,1.9413,7571,5,4,2,18,1,66263.1406,102,54.3596,256
4945,bed3da4a61a8637c0faa9632b8a05ccef8c5a6dc,0,0,0,2015-02-18 15:52:07,103,82,1.4621,185,59,4,1,827,4,22773.2636,431,146.3772,169
4949,42578b67a302b44978d1591c1b1b6572197d7391,0,0,0,2015-02-18 16:43:53,25,2240,5.0588,2265,2,1,1,1050,3,19722.7212,849,305.7673,6840
4950,7b1c19cfc234b26484ca8746b29f865b38b96147,0,1,0,2015-02-18 18:27:59,972,304,2.176,1276,8,6,4,38,27,36340.0829,39,28.3053,2713
4947,c11144470beb9275f144ac07c974d0e04649d68e,0,0,0,2015-02-18 21:01:25,46,46,0.3436,92,3,2,1,3,5,47740.0207,1000,710.5,3475
4953,e5528a2535bd3ced460d7b8a2080330a70cca7d0,0,1,0,2015-02-18 23:01:52,916,40,4.4471,956,23,8,1,1002,4,13150.4657,246,173.639,499
4943,4ff91cd7cd3e05637d70a56cfc6f5a4ba2f2501a,0,1,1,2015-02-19 11:44:32,237,446,2.4126,683,16,8,4,152,37,54784.0138,727,452.5167,7307
4955,ca7f36e1ee5791cdbda7efc5a01e329abfdcc5c2,0,1,0,2015-02-19 13:11:25,160,149,2.6807,309,14,6,1,1377,10,51366.1877,194,148.5558,684
4958,64f7bf7d2162dcec23e76f0d2f28367c75bd00a6,0,1,0,2015-02-19 13:48:43,383,1143,0.9589,1526,2,2,1,966,116,53314.8804,23,16.7952,18
4959,09490c4b95f04079b15c38c4b576f5beb861c038,0,0,0,2015-02-19 13:51:23,402,3,0.9688,405,2,2,8,966,0,53500.9818,30,18.2311,3033
4960,962db92afee9eb8e5efce46b5c3f9f57e017cb1d,0,0,0,2015-02-19 13:54:15,57,1143,1.0282,1200,3,41,1,966,1,53619.1789,17,20.7848,3033
4963,fd65a2411ddf8f80d69e8de425bd8805de300195,0,1,0,2015-02-19 15:53:32,29,4441,1.0098,4470,1,2,16,9,15,31416.5193,27,6.0043,3632
5155,7a6f296094b26b940f9f9f66f64e5e2a0f700cb1,0,1,0,2015-02-19 17:23:56,521,217,1.9754,738,3,3,2,40,19,35744.1834,31,710.5,2713
5161,1f49926be4fc2670e285d9159b5a4ef0227887ac,0,0,0,2015-02-20 09:42:27,426,194,0.2411,620,98,3,2,45,10,47071.6501,797,263.9394,1774
5160,e306c62968b94ed5124405c9ff8c02147cdba250,0,1,0,2015-02-20 10:30:57,293,48,1.394,341,4,3,1,966,4,52853.4681,14,8.705,3033
4962,7cf9586223e3344c574ef58b99fdace8a34de6c4,0,1,0,2015-02-20 11:40:41,54,60,1.7465,114,10,5,5,66,32,58665.6139,238,86.6509,342
4885,c56e3f10b27e1e5be38b8a731f330891b190a268,0,0,0,2015-02-20 12:57:17,92,3382,0.7278,3474,1,3,6,916,3,70612.6139,209,153.4971,572
4992,9ee8f42547f903b214d8262f81c4d62ee70a4525,0,1,1,2015-02-20 17:10:21,583,8089,3.3113,8672,23,10,1,579,113,62872.372,1000,44.321,309
4966,f329e4eda9482635a820093476803a73824d9019,0,1,0,2015-02-20 19:11:42,209,2012,1.525,2221,4,3,6,17,1,73387.9801,25,20.5021,148
4968,5061edb80df092a2f8719054b0d2bce8c670265c,0,1,0,2015-02-20 21:24:27,324,8778,2.8306,9102,18,12,2,1377,17,49269.9193,194,117.2038,796
4924,40ea8a4657b950788b67b21b10c92594631d6cb5,0,1,0,2015-02-23 16:34:43,11,238,1.6577,249,4,3,2,67,28,10434.1669,782,84.0774,6351
4974,9ddb565314a4efb744167eccbe6de0d3299ac4d0,0,1,0,2015-02-23 17:36:07,560,5931,2.1345,6491,9,10,2,25,55,37188.8215,383,297.6673,9768
4994,5725c72129fe9a75487204b470a30e850ad4091c,0,1,0,2015-02-23 22:35:10,239,862,2.0083,1101,3,4,3,470,129,41908.293,812,283.96,9497
4972,70df02824d8738f009c50ba15b7365f943e4ecca,0,0,0,2015-02-23 22:36:32,106,316,0.1334,422,75,40,2,1183,4,30760.7475,849,329.5132,6456
4965,2f1987a8aa609bb20f51cd37df3f7af398960d4a,0,1,1,2015-02-24 11:41:35,257,7302,0.3304,7559,6,3,2,55,40,66753.2662,159,102.0363,1038
5001,84e76f4d3274e07176f7377b7b739b6f180c6296,0,1,0,2015-02-24 15:30:02,646,1322,2.6292,1968,49,1,15,428,0,42668.4574,104,196.0871,1290
4979,bfbbbf90627945e249f05c610b7ba8790c069bee,0,0,0,2015-02-24 22:27:22,2985,2012,0.0314,4997,70,19,1,986,1,74021.6516,63,26.2841,68
4980,64c302f8f4d211a2cd10764e3090b4f9bdde436c,0,0,0,2015-02-24 23:59:35,25,41,4.6287,66,59,32,7,5,20,24689.4904,37,24.7232,96
4969,c0c4c9f1a065cb9e7f7c2c2ee399c8f8ae0d2c19,0,0,0,2015-02-25 12:40:57,53,465,0.1191,518,2,1,4,29,108,76733.0,160,105.4337,853
4957,c032725d356ddfc7c99a27560581a090e6a030ae,0,0,0,2015-02-25 12:50:29,30,238,0.9012,268,1,2,1,871,5,5098.8261,822,332.6336,6887
4973,861ebe753ff982b4cbf7c3c5b8c43fa306ac89f0,0,1,0,2015-02-25 12:51:03,331,64,1.0862,395,5,5,13,86,36,36509.797,842,323.1012,6859
4981,3dc2fe1dc300146e5209023274c0b0d04277f9ee,0,1,0,2015-02-25 18:20:09,140,2113,2.3438,2253,4,4,4,72,33,34366.8198,25,710.5,83
4975,b7b547d8e2fc2f47fc638dbcb5a7a02fc2bba943,0,0,0,2015-02-25 22:55:21,4,15,3.0268,19,1,1,1,16,6,85959.5722,21,575.0,3033
4985,29a661551539ad96d31b92999d088ede9186b9ba,0,0,1,2015-02-26 12:16:32,200,31,1.5023,231,5,2,1,1033,2,47838.2488,30,21.8078,80
4961,a8ba72b165dfd2b769783d5612b08559cbf24bf9,0,0,0,2015-02-26 15:15:17,144,140,1.5974,284,6,1,1,15,6,28907.0569,29,7.5481,62
4986,3158d1d46d92c166ffd3c7c8eafd899460315016,0,1,0,2015-02-27 10:40:01,75,90,1.5728,165,5,2,1,4,7,62435.6325,19,19.8544,127
4970,ce0c2901f9cb319e67993530ff2a8acc8d654880,0,1,0,2015-02-28 20:02:07,1512,1526,3.0302,3038,16,10,1,46,24,19506.431,200,159.1502,713
4995,a201b3011fdd63b3967e5ffe367fb3e32a470680,0,0,0,2015-03-01 21:09:55,3581,17,0.3244,3598,1,1,6,20,5,12588.5606,192,125.8503,676
4989,bbe6e8af7867b7c32d8769be31dad8c5d9235f49,0,1,1,2015-03-02 15:06:24,147,42,3.2281,189,13,2,6,57,20,65845.2355,418,127.3166,487
4984,2a528712ddf4739156775be1346b559e6cb97a2f,0,0,0,2015-03-02 15:28:19,4779,55,0.8935,4834,76,3,1,1177,2,41250.3932,194,142.2731,678
4996,256b2ee3e530eea80d73ae1dd013648de26af5b5,0,0,0,2015-03-02 17:41:15,56,28,0.1293,84,2,31,6,4,118,67260.3485,197,81.3289,963
4956,6da093a659180dadf6a2b6a56d10d88fbd19ed8c,0,0,0,2015-03-02 19:01:04,2467,3382,4.9358,5849,2,2,1,31,4,67948.6667,217,62.441,898
4988,a1162b70eb9720c4d829db0fcf6216ebe941909d,0,0,0,2015-03-02 20:10:03,191,167,0.1103,358,3,2,16,44,28,31871.6961,799,326.1861,2316
4938,9255594fb3b9b7c00d9088c3b630af9ecbdf22f4,0,0,0,2015-03-03 15:06:08,18,130,3.9069,148,0,1,1,33,1,750.0346,160,107.7441,1032
4990,e93e0cb868087a8ab707c7e96cfccf220b07a4aa,0,1,0,2015-03-03 16:27:13,1902,442,3.6177,2344,51,28,6,22,32,48421.5719,159,10.6234,689
4997,7abed950dba6afae30c906236fe8a88ff5b87964,0,1,0,2015-03-03 17:35:51,27,2648,0.9358,2675,3,1,5,12,16,17672.4688,204,97.956,102
4998,b529b62a4f2e4b7482564ad6c65996c8f5b0d824,0,0,0,2015-03-03 17:58:59,35,101,0.1876,136,3,2,11,22,145,26790.424,1000,17.5008,4393
5000,af9248c35a5a138d311073b54f6abd4260ab7fd9,0,1,0,2015-03-03 19:50:41,2476,7302,3.7699,9778,25,12,5,1020,20,66965.6274,319,76.2317,2727
4993,0ccb87cf76af1ea662c8209c9f083eb16c51d8e8,0,1,0,2015-03-03 20:14:58,434,8778,1.7959,9212,6,3,13,1377,6,51225.0637,90,59.108,189
4954,8961bd19a82e44eb8655232f37a5baadb59a964b,0,0,0,2015-03-03 23:13:08,2,1815,0.6571,1817,3,1,1,827,4,24772.8376,9,36.446,230
5008,8436e9ce31b52f1bd8c55b8e8c50cafb57cff84f,0,1,0,2015-03-04 09:24:00,940,544,4.7266,1484,55,24,2,1377,11,51956.9267,114,175.7627,563
5006,e7485c235eb3ed79b5427f4cb1225185fb3408ae,0,0,0,2015-03-04 11:03:14,81,3829,1.5018,3910,3,2,12,1033,4,48382.5257,7,24.2624,137
5010,0ae0cba319827e4e706d162a159dc4cc5bc2791e,0,1,0,2015-03-04 11:36:28,9591,1143,0.6969,10734,1,1,2,59,14,53328.5446,782,89.9285,537
5113,55f1508a553974f5d1af88e9fab10c3c915e27e5,0,1,0,2015-03-04 14:18:37,60,35,0.0346,95,24,1,5,989,3,9761.4105,845,318.6885,1680
5009,8f321c7299155990d4e4341f3831a843535219e8,0,1,1,2015-03-04 14:24:26,525,231,1.3859,756,3,3,1,1041,7,35301.7516,426,116.5813,113
5011,08ef02ebade3016b31fe4b401e93fa0a7080147c,0,0,0,2015-03-04 15:27:07,44,1526,1.952,1570,4,4,2,34,7,20332.027,103,77.4852,280
5013,70abc16df78d47c62b7cc7f1545542b330562113,0,1,0,2015-03-04 17:22:13,674,80,2.7721,754,18,5,6,1041,5,36655.9259,193,145.959,691
5003,452c39a965d93aab84d2fea84345badd2cc45975,0,1,0,2015-03-04 17:30:09,111,351,3.7227,462,25,16,2,52,47,50658.2672,30,27.9565,2844
5007,9c0d6347edfdf3b7460168c1394a4473eb690105,0,1,0,2015-03-04 17:38:21,17,32,0.0149,49,1,31,1,5,118,67088.3518,194,86.4349,967
5028,09aa841d6b0b7ee407c8011f35ec7c6a274480a3,0,0,0,2015-03-05 10:13:00,5613,3829,1.2176,9442,3,6,1,509,104,47091.4715,53,50.2347,189
5015,ed5ba95dee0c3aa4b8767313369778e7afce5155,0,0,0,2015-03-05 16:34:51,277,88,1.9394,365,8,3,1,18,7,44213.5925,75,56.3726,259
5031,5327d56dc6f6f49a07054d89efcf30c894c85eca,0,1,0,2015-03-05 21:04:49,228,201,1.5591,429,7,5,2,520,110,55403.0484,148,155.2959,813
5012,d7d9b639025a74b322b51e5a35f656c57fa28fc6,0,1,0,2015-03-06 10:53:48,2286,2952,3.6155,5238,37,16,4,78,15,50549.3886,361,134.8165,4430
5016,37390d6322ab984f17dd257f7a9939311c81edf5,0,1,0,2015-03-06 14:10:12,402,8089,3.9053,8491,22,13,3,61,63,63657.5983,40,24.4921,266
4982,92b1eb7a1d9113b4f85bb4106727049dfc84fc7a,0,0,0,2015-03-06 20:44:26,27,8089,6.2875,8116,99,38,1,1130,7,63409.513,28,8.9207,16
5014,2be00ac7aca75c2fb9b66a554873b59970bfa21c,0,0,0,2015-03-07 19:07:46,100,49,1.5717,149,4,4,1,2,10,28433.6654,187,141.3675,700
4977,2522f028bde9af57ba52904855265e6a8519e724,0,1,0,2015-03-09 12:43:32,1050,8089,2.588,9139,12,6,1,1130,5,61014.9519,147,124.1025,759
5026,9edc804e15d0155450ef2b7f710a125545f94062,0,0,0,2015-03-09 13:15:25,2814,488,0.6012,3302,50,2,6,1020,12,66891.4076,878,344.0213,1800
5029,f5824499e0dd6c518fe54ee37361f794a71d2b2f,0,1,1,2015-03-09 16:21:04,68,9,0.0142,77,35,1,6,1041,8,35136.508,17,12.049,41
5032,500ddff4e3b5b47c7244411e14d76b65eb68563c,0,0,0,2015-03-09 17:20:59,811,73,0.2386,884,3,3,1,1041,8,36471.7561,871,333.4764,1743
5051,b18c66b5f7c59ccd1c3fe0d87cec11df16594e43,0,1,0,2015-03-09 18:03:11,524,392,3.2643,916,12,6,2,620,104,45526.7432,71,710.5,324
5034,abbb0a93ca67da17197dc5372e6d95edd8149d44,0,1,0,2015-03-09 18:28:54,85,8613,1.7087,8698,10,6,2,43,45,30431.7503,822,326.5353,11009
5039,e795c437e27205273018bfc9a43da38bb1701116,0,1,0,2015-03-09 22:47:31,373,116,2.7009,489,10,5,11,47,9,29337.7956,129,84.0748,456
5027,f09c0af2f9a2f7844ccef0983699782c594588ca,0,0,0,2015-03-10 08:20:04,2814,7302,0.0471,10116,50,1,6,1020,2,66646.1993,12,9.4002,3033
5041,3b579adf08c1370fe393c0dcf6887f08369c36d8,0,0,0,2015-03-10 14:14:09,2985,83,0.1523,3068,70,2,1,986,9,73974.588,867,281.6838,1121
5036,361c90a847d8da3f5bcae4efb4fdc3b83a9cdcf1,0,0,0,2015-03-10 17:22:20,3017,1618,1.7069,4635,8,2,1,87,30,56539.642,803,295.9188,6615
5040,597d8b86276fd5b8c501658683758816365c3edb,0,0,0,2015-03-11 14:36:15,307,69,0.0474,376,79,1,1,966,1,56209.3506,29,18.9484,201
5043,81ebe980a9604173d25a194805d1d868687a1ba3,0,0,0,2015-03-11 16:30:47,111,26,0.1388,137,51,1,4,39,10,79480.9333,861,353.9955,1808
5035,1c50d87c190f4845161bb3e281a5904efb32a605,0,1,0,2015-03-11 22:35:11,2200,706,4.4396,2906,37,14,3,1128,16,50322.3333,882,334.6484,9797
5044,221e5e6aeed1210d11eb6c73c73b79ab0f10c8cc,0,1,0,2015-03-12 07:12:21,350,92,2.2115,442,16,7,1,1033,7,47247.3693,7,9.4205,78
5045,6c99cb69665564d9731a5087559c9874efc9af37,0,1,0,2015-03-12 17:49:31,281,2388,2.5217,2669,9,6,3,12,15,58149.4081,1000,12.3125,72
4987,6b4ee2a12174adde5ca2badea70f4ebc35aa5ae3,0,0,0,2015-03-13 08:59:09,376,93,2.4209,469,5,3,8,17,2,38712.8693,9,10.9312,82
5046,f785c73e81348c062578319588ce24194c0a2061,0,1,0,2015-03-13 20:52:38,265,2926,2.1525,3191,5,5,2,989,6,8984.0288,1000,575.0,126
5048,aaa231bc09dabd57828836ba50ab5e74b6975e5b,0,1,0,2015-03-14 21:54:19,2467,3382,3.4558,5849,12,9,3,89,22,69849.7214,141,107.8223,831
5047,a3bc785232d3071ac5cb76ab20db9c30a3d2a22a,0,0,0,2015-03-14 22:54:38,132,25,3.0268,157,1,5,2,868,1,86156.6647,1000,575.0,3033
5057,1377ca97dd0d8d1bbb7224f562dfc4f68226e02b,0,1,0,2015-03-16 08:52:41,1654,366,4.0866,2020,30,13,2,644,101,54851.4963,131,176.2597,503
5055,36b762e433e666bedfa06e06638b36dff8ec2d7a,0,1,0,2015-03-16 17:15:14,113,198,4.9874,311,2,31,6,1020,118,65777.7756,728,50.5504,264
5033,1950d056856f7b84ca3b5906c12a33fa655d05e6,0,1,0,2015-03-16 20:12:22,4307,39,4.808,4346,1,1,1,10,4,16975.7946,202,96.8115,20
5053,1930678fb534baeb427097520ef4b5170d3a24cd,0,1,0,2015-03-17 02:02:35,2651,18,0.0387,2669,1,30,10,1068,3,59895.9285,10,10.9778,36
5054,9c77f0785e43326521da5e535f9ab1f05a9c6280,0,1,0,2015-03-17 09:42:19,126,7302,1.4049,7428,3,4,2,12,24,66158.0023,202,90.4142,923
5072,9d222ca1bb77b48e0988d5d1a9c3cb7f8fc622be,0,0,0,2015-03-17 10:02:33,105,274,0.3515,379,68,34,3,608,96,26874.7402,758,275.3355,2452
5059,05e06995d7099cfb33bab71aea798dcfdcddc599,0,0,0,2015-03-17 10:46:22,4307,2648,4.808,6955,2,1,5,10,13,17496.9742,1000,710.5,3360
5061,cf6c63c897927d7c827fd7a22e657e2270ff82d0,0,0,0,2015-03-17 14:40:33,2467,3382,0.0121,5849,62,1,2,48,119,68272.4738,165,65.6625,1078
5058,c2db18120c53dc8712b08369f7ea5b93ace98c6b,0,0,0,2015-03-17 15:14:50,55,335,5.4776,390,87,2,1,25,5,58577.0851,857,339.0547,863
5063,5757850ce1df5684e4c391d77ce033fd54afd0af,0,1,0,2015-03-17 15:43:28,1233,908,2.5127,2141,18,2,10,1068,134,60085.6429,887,344.2727,814
5062,2f683af747606027b8aebddca82147baa6a416c6,0,0,0,2015-03-17 15:58:57,45,618,0.5498,663,2,2,4,32,9,5593.699,22,710.5,82
5064,650c528fc4452e6b11294062699001a5b4a21ac9,0,1,0,2015-03-17 16:39:27,487,67,2.509,554,8,5,2,1033,4,45423.3559,194,126.1533,788
5065,6071fb8c489874eaff96433930d3b7f67d35dc07,0,0,0,2015-03-17 23:14:44,17,2012,0.0162,2029,70,1,6,8,7,73598.7492,25,18.6145,23
5070,013ed82ff3eccc0946d20a955d98524a7ca0f7e4,0,0,0,2015-03-18 09:44:44,4779,56,1.8848,4835,6,3,3,14,34,42690.6677,73,23.1873,161
5099,c9519c8d6c869d2bfab186e449f0ad2b62484805,0,1,0,2015-03-18 13:44:42,549,1179,0.0,1728,75,29,6,717,129,50978.2672,312,710.5,3045
4616,7167218fee020bd8d426feb676a65b88412b560f,0,0,0,2015-03-18 20:22:43,36,42,1.0441,78,3,2,1,14,4,71676.9236,35,6.6791,34
5005,c284745ee4612054339842789b0d87eb4f9a821d,0,0,0,2015-03-19 11:07:05,254,289,1.5444,543,2,1,2,1106,22,26145.1416,792,285.359,2518
4624,1b6903216b320dd44110241779b90f56cf7fb91e,0,1,1,2015-03-19 17:31:06,5665,95,1.659,5760,5,40,1,1051,13,30309.6722,800,333.0971,3632
4626,ac888b239936d146b1109eca8b9a193458cdaf9f,0,0,0,2015-03-20 11:27:48,5613,105,0.1034,5718,5,2,12,1033,12,45046.6085,211,155.554,698
4622,79000c85be7dd5b40c988bdc490ad6ee22c6c6b7,0,0,0,2015-03-20 13:54:49,9,694,1.0975,703,3,2,6,35,18,12595.7678,64,80.5795,276
4627,e1f56e9d767347c5c69f943921cc0cac29708036,0,1,0,2015-03-20 14:35:53,102,49,1.0684,151,4,3,6,16,4,19996.9933,1000,21.9383,83
4625,55db268f0869fdbbc38454aea351c838515d4a55,0,0,0,2015-03-20 15:02:10,6,9,0.6367,15,2,2,1,12,5,80848.4215,853,292.8863,6945
4623,2842e2fd9893add426c42aa40436b898e40a1ffc,0,0,0,2015-03-20 15:06:56,5665,134,2.2361,5799,5,4,2,115,49,32552.9732,66,78.3672,272
4617,380ef878c850f83b5e12176e465d59c737066e20,0,0,0,2015-03-20 15:28:03,20,118,0.5243,138,5,1,10,26,3,59412.6155,224,69.6228,1016
4621,4e3ba4039d694e539dcdbca74fd628140f85d5e9,0,1,0,2015-03-20 15:43:59,575,1143,2.0208,1718,7,5,2,17,3,53383.5551,24,33.265,158
4619,f372358bee992c5f25c315f99226bf5a65b6bbd9,0,0,0,2015-03-20 16:12:11,83,50,1.9802,133,4,2,1,1106,6,27349.59,848,301.1767,1014
4628,3838dd19c5c59efe8d19ee177e0180edb2995a8b,0,1,0,2015-03-20 17:37:10,128,230,0.5728,358,4,3,3,38,15,64411.3345,46,4.6236,103
4631,0619c0526387f4cc7d81537d17ae42ee6196edbd,0,1,1,2015-03-20 19:00:54,9591,43,1.8378,9634,4,2,1,966,5,56363.218,166,144.5724,700
4620,ff60ecfb26e6542659c73ce6e2bd3ce911caaea6,0,1,0,2015-03-20 19:29:10,150,72,3.3798,222,19,3,6,38,10,33818.1497,200,154.1476,684
4629,e83d1ec102808cb9b3ef4208335f74e6f17bbe7a,0,1,0,2015-03-21 09:28:23,2651,64,2.8563,2715,6,3,1,6,19,59393.2655,1000,17.7438,2713
4633,11796495762893f2c8b1f744321d0c4b5db0b881,0,1,0,2015-03-22 09:27:30,154,108,3.1291,262,22,13,17,49,11,43212.944,110,76.9552,289
4630,4c71e90e41c514e10341909138a00585153e0a55,0,0,0,2015-03-22 16:18:06,4779,2465,5.2833,7244,76,36,1,1177,6,43332.2922,1000,710.5,34
4636,cb34e976d7c71e87a3fd8c4902f761c70cc453ec,0,1,0,2015-03-23 13:18:55,614,202,2.8626,816,8,7,2,3,11,46208.6641,3,710.5,165
4632,c89c657ae16bbe89da54669a234713a3811813ee,0,0,0,2015-03-23 16:23:57,880,5083,3.9069,5963,1,1,1,6,6,363.6544,11,1.6807,3033
4640,d72a3f7f99a7e242b191e993ced123d98a083d14,0,1,0,2015-03-24 09:25:52,52,96,1.4874,148,17,8,8,966,21,54646.4029,171,92.3063,997
4643,8b3cbb52527f77ed43f3035c88c5750abef2c5de,0,1,0,2015-03-24 10:13:26,36,3319,1.9044,3355,3,4,8,1243,6,38161.3349,204,89.4255,895
4635,fb3f3ee845a3aae295c9aae00f3d406d9f1d5813,0,0,0,2015-03-24 16:04:53,71,72,0.5048,143,1,2,1,1051,12,32748.0057,1000,710.5,51
4952,033c69f9477c6352865e7e0da01296dd778ffe59,0,1,0,2015-03-24 20:19:32,264,550,5.0168,814,27,19,7,54,44,63093.621,1000,575.0,227
4644,ae04025f16a46dda5dfb0b25e1ea9ab327dc70bc,0,0,0,2015-03-24 22:30:04,2182,2003,1.2017,4185,2,2,2,64,40,27663.4051,16,9.2508,4393
4642,ed1b30f3aa21088463e9b539bb956dc2525cd140,0,0,0,2015-03-24 22:32:03,75,96,3.4651,171,13,2,6,45,17,68735.4442,1000,6.2993,3033
4638,83db1db1c93b45943a788a8bd61f023b389d4af2,0,1,1,2015-03-24 23:14:21,155,145,2.9617,300,12,7,3,90,29,26264.3618,156,143.8489,806
4647,ed7d16534f55ca3ee43b2c5110c71bfa224e7144,0,1,0,2015-03-25 08:26:01,421,92,2.2625,513,9,8,10,1068,6,58673.5477,9,23.0584,255
4648,464e782868e1f697809d681ce7f8528bef4f2bdb,0,1,0,2015-03-25 08:35:39,973,4441,3.6057,5414,16,14,1,19,6,32367.1466,39,710.5,345
4674,0b86903dc88bae3c40b8b22a02ecb8faccd737a4,0,1,1,2015-03-25 10:20:28,576,466,1.6672,1042,15,10,2,593,100,40253.9629,169,110.8652,874
4645,1a3ae03baff7cc3a406e2e63e7d57b3f7c71ea26,0,0,1,2015-03-25 16:19:17,2182,2003,5.1646,4185,2,2,11,1106,145,26863.5626,48,37.0101,116
4641,7ed95d9de7a3f4e18bb515ee6658a746e0bd92ae,0,1,0,2015-03-26 12:59:36,211,180,1.921,391,6,6,2,8,9,63650.8923,155,146.9018,720
4660,2d55cf0dcbdf2fd182e690209bc86e898f9e01d8,0,1,0,2015-03-26 13:45:43,648,497,0.0,1145,1,19,3,55,145,26407.7199,447,72.4808,2578
4653,9eef3c86c8b34732178d0bce441c1e6145c5ea64,0,0,0,2015-03-26 21:53:55,60,1526,0.7178,1586,4,2,6,1021,4,22120.0862,139,95.025,350
4654,247cad1cda9cb06e95498ee2db6ae0095eac11bf,0,1,0,2015-03-27 10:53:23,204,8778,2.2731,8982,8,7,13,43,138,52118.5067,490,21.7519,139
4655,b8aa49ce7d806c52183ab79c17c6024b60d0eaaf,0,1,0,2015-03-27 18:40:42,63,15,1.959,78,5,6,3,1068,8,56808.6219,726,45.6704,691
4658,2667f0e0c2dab541599269bba21e6336955d942c,0,1,0,2015-03-29 17:27:17,115,13,0.4696,128,3,3,6,19,10,12097.0235,853,292.9089,6606
4652,01adab53a53ab79a95ab14b4f86e94fd78c0fa40,0,0,0,2015-03-29 17:52:44,51,2012,0.9218,2063,70,2,6,19,0,74994.125,124,64.4233,428
4662,e281e4d6fc22e498f56d88b0f661972345bf0e55,0,1,0,2015-03-30 12:50:09,257,1143,1.3974,1400,2,3,1,6,1,53439.9481,41,23.2512,183
4656,ee273dbe01e95d2b260fa690e21e2c244a2a5711,0,1,1,2015-03-30 16:32:55,515,230,2.1639,745,11,6,4,36,36,64045.1264,855,343.208,6602
4659,224fa94c620491b364c715b10d7f627bb5c739dc,0,1,1,2015-03-31 16:54:25,12,13,0.0088,25,50,31,6,5,4,67871.4743,8,4.8069,3033
4649,d8c74d20970e6cf379165ffafe8550a5b98d7c4d,0,0,0,2015-03-31 17:54:27,869,38,3.182,907,1,1,1,989,15,6222.4396,1000,575.0,57
4661,189001d8093c66b7d7e63f196aa71c9928021d50,0,0,0,2015-04-01 11:19:36,18,128,0.7359,146,7,2,12,25,14,45278.7472,161,122.0183,717
4664,359b39c383347b14c1a3e382d59717ac1be1b222,0,1,0,2015-04-01 12:51:04,426,81,0.3597,507,3,4,7,827,2,24395.064,28,23.9011,42
5157,79a92a6478a71c83d3f75e59bb7f9ca431b513d7,0,1,1,2015-04-01 13:16:17,32,618,1.6245,650,4,3,1,1000,0,2832.6105,144,137.2254,30
4666,1cf49e90cddea610b4cfa3623a53ced66aadfc2d,0,1,0,2015-04-03 18:03:58,163,8,1.7365,171,7,4,2,22,16,35365.3146,190,125.5768,691
4650,909cee281292be7408b1b9f0c25cfbd6cf185b4a,0,0,0,2015-04-04 02:28:59,6363,3319,5.45,9682,83,2,8,30,132,37650.5711,833,452.5167,88
4665,23fe00629e4b36e5c4d3849c2711743148369631,0,0,0,2015-04-04 19:35:38,4307,59,0.2635,4366,1,2,5,987,4,16659.9741,423,115.5542,136
4667,30a74c768b88043c173053f5d37bfb0fde85f149,0,1,0,2015-04-05 18:18:23,118,150,3.1283,268,12,5,4,22,24,35478.0374,41,28.4335,2713
4668,45e680c2b6c9c2f64ce55423b755a13d402ff8ba,0,1,0,2015-04-05 20:07:11,146,49,2.3412,195,10,3,3,4,21,37798.0743,22,13.0776,95
4683,e74521c1fe5f5842185be5c454d27adc3bd254d5,0,1,1,2015-04-06 12:49:09,2017,1219,2.8463,3236,37,28,8,724,153,46593.6533,915,266.2788,4000
4669,adc85301cfb25cedce996d91f5aae69a2c597879,0,0,0,2015-04-06 12:50:11,410,23,0.0911,433,4,3,1,22,17,1960.2771,886,284.0356,6278
4663,44ee1c1b64b18db199a7e77492dc890a1234fcb0,0,1,0,2015-04-06 16:27:26,3573,3962,0.0,7535,41,25,10,97,95,55010.5197,260,354.9731,11022
5066,5cd9e9d94bb3af4a5a868789f663af262672cac8,0,1,0,2015-04-06 18:00:21,0,1794,0.7301,1794,3,2,1,8,128,72118.8363,826,319.5376,6596
4673,4f4c6b90d5a0b452f8c6f8ad033ecc9e710fcd55,0,1,0,2015-04-06 19:02:11,221,8778,0.7407,8999,4,4,1,15,7,49485.4025,79,73.3558,195
4671,0ca1f0c7b76cc4b4199fb687be4592dbd1548757,0,0,0,2015-04-07 05:44:27,21,2003,1.7848,2024,2,2,11,24,4,27785.9683,165,93.3677,1052
4694,09bd1f89f4fc70318250463e653cf862d07c1b28,0,0,0,2015-04-07 09:01:58,241,2012,0.4674,2253,70,19,6,437,114,73140.6063,768,251.5596,1492
4670,52ebb295c6782e5cc9c7747656c278849ec9030a,0,0,0,2015-04-07 15:04:39,6970,8778,0.7334,15748,1,2,1,27,7,49810.7321,74,60.6201,186
4688,4b89855aaab50ec785a0c5e0e19124f8f9ea9440,0,0,0,2015-04-07 15:40:01,6,12,0.2693,18,1,2,1,80,36,10124.9883,820,291.8018,6832
4684,9de640af9cd23927bbd59a0b5794b93e85956551,0,1,0,2015-04-07 20:29:18,1027,66,1.9704,1093,15,5,2,104,18,59840.3931,51,41.3984,296
4676,f07aa014d40eea13363fd1d042ffcc0e27341a92,0,0,0,2015-04-08 13:34:03,2467,3382,1.0665,5849,1,2,6,916,4,70609.7284,75,75.1104,41
4691,0ee0c1f5573ad059dc6a8e4489094b7f78267306,0,1,0,2015-04-08 23:33:40,523,356,4.0778,879,43,19,6,227,85,26273.3141,182,60.2422,533
4685,71b2d664e0f98d9f5e9af8c84d2e749d4cece273,0,0,0,2015-04-09 10:35:52,144,3319,0.7345,3463,4,3,1,1243,5,37431.1941,96,59.7639,248
4695,3246255bcdc164a7c63f6a26134fff206e979b35,0,1,1,2015-04-09 16:20:36,92,42,2.0321,134,5,4,2,1021,14,20083.8681,211,95.0467,16
4651,48713a8a8f328d3880c823a754b9ff6abc618b2a,0,0,0,2015-04-09 20:04:55,6970,149,0.816,7119,80,2,2,51,13,52166.8059,94,85.8286,456
4710,922db7901d3f551a8ebf9eca99f6c2e9bf9daed5,0,1,1,2015-04-09 20:18:20,5298,120,0.8039,5418,13,7,1,496,116,50462.5553,864,350.7781,8364
4698,c518df944fd47ad0d0fda1fd6aaa7f8fac5b4b18,0,0,0,2015-04-10 08:25:59,5613,3829,5.6438,9442,98,38,1,86,10,48119.4503,94,63.6396,463
4686,211d0bdbf956f6bf17ea40f72d6aca9cd4fb2fad,0,1,1,2015-04-10 13:02:26,1278,129,2.2342,1407,1,4,4,114,38,73573.9221,894,362.8667,5662
4687,36fcdae581cdc9578a33d3d8bb7a058080b7bece,0,0,0,2015-04-10 13:30:10,2467,3382,0.2036,5849,4,2,1,29,6,71972.6366,884,330.0162,1769
4693,830dab256f1428d0e02fbc9ee55a17fdf8f0ec98,0,0,0,2015-04-10 13:46:09,1512,1526,0.1518,3038,2,26,6,39,10,19372.9411,163,66.8893,1050
4711,46573a6ae31d7fc7e794462f6428b4f8917cc4cb,0,0,0,2015-04-10 16:18:58,201,316,4.9358,517,4,19,1,485,99,67948.6667,95,96.0565,3033
4697,2d13c21f36f514194c05f63082618a600088fc21,0,0,0,2015-04-12 19:43:18,5665,29,1.0381,5694,3,3,16,16,6,31845.9984,75,57.1919,189
4672,f89e1365ffcabcde7cef81524ad54a0ca0e2e932,0,0,0,2015-04-13 07:24:55,9591,19,0.066,9610,79,41,1,966,7,56186.5131,204,100.8598,75
4696,54d5662f353c19d96a4241cf9b7d7703ac2d01f8,0,1,1,2015-04-13 09:21:37,3581,15,0.0276,3596,1,1,6,1002,4,11393.6455,173,140.4171,613
4712,ad6370772ff863003dc7247dc2123e10ea1c590b,0,1,0,2015-04-13 10:50:45,259,992,2.5555,1251,22,24,7,679,105,57664.4461,804,347.0584,11912
4690,0e6c9d4b53b4b87ec6940e62672baf73f97a8283,0,1,1,2015-04-13 10:52:58,1,7,2.647,8,1,5,1,6,2,83251.2742,842,303.594,6759
4713,f1b445b0eb481d2f66d1a8598dd10af16c101f18,0,1,0,2015-04-13 14:00:46,729,957,2.389,1686,14,9,1,653,108,44721.332,221,166.5192,844
4936,b2aafe585303e9eceb57ae1ac0b1d552206e3b3a,0,1,1,2015-04-13 14:16:51,94,99,2.3661,193,8,4,2,10,24,26007.895,359,130.6133,1737
4677,354922bed7ffe5482513ac53b5ef56bfbca8bd9a,0,1,0,2015-04-13 14:23:58,390,4441,2.2782,4831,14,10,4,29,11,31034.3089,166,126.9025,494
4701,f2e6fd34839e8435e0d607d75552ea7a2509b595,0,1,0,2015-04-13 17:53:43,416,155,2.0644,571,7,4,2,21,6,66888.8132,44,20.6917,136
4700,bc7f6d9e5b6d5d4788daf6f96a0e2f56055da06a,0,0,0,2015-04-14 12:15:19,2467,41,1.4065,2508,4,2,1,28,10,68828.5583,35,8.2903,188
4702,063b1092b2246ee4d959f1579fb43f3bfe14083d,0,0,0,2015-04-16 09:25:16,1395,2465,3.2821,3860,13,7,1,1177,133,41053.8788,1000,16.0766,82
4703,1c3b67edd007d6d3727f1786eb0a99a0ee3a64c9,0,1,0,2015-04-16 12:21:16,565,233,0.4005,798,7,4,1,31,18,56546.3722,1000,22.9877,164
4704,ea710204e4d1ac6ac6d3e6ce31215aa0b8ff50b1,0,1,0,2015-04-16 13:55:44,101,122,2.2553,223,11,5,1,986,7,72338.2221,222,126.7511,63
4717,10fc1d8d3374ef05c4c5430b1d7a5aaa63ee9185,0,0,1,2015-04-17 08:41:37,1759,1815,0.495,3574,1,2,2,30,7,22211.649,219,91.558,136
4718,6df1dd2cc848d0a691a98309a3bb760f9a998673,0,1,0,2015-04-18 16:31:21,200,24,2.3359,224,10,3,8,2,23,37882.7556,160,124.971,688
4707,837508df876c77cf22d7b289e76547df6a485bf0,0,0,0,2015-04-19 19:17:03,8898,110,2.4263,9008,6,4,1,58,12,34786.1674,1000,710.5,2713
4706,a0900e7324b7a2f85080d151ab5ed1f015c257df,0,0,0,2015-04-20 20:05:32,57,27,0.5293,84,3,1,1,1021,7,20922.6885,202,118.2066,700
4715,921414d6e3582cb42820475ef22444b3eea26c96,0,0,0,2015-04-20 23:06:13,152,124,1.0111,276,1,14,1,21,107,13855.3563,83,57.8489,481
4714,66d72acd23e3006b23348babc256bb6366290c61,0,0,0,2015-04-21 00:51:04,469,29,1.8793,498,4,2,1,1000,1,5228.5014,141,61.4424,324
4721,4786b56e588c9812c635e1b4d9c28af68041f754,0,1,0,2015-04-21 09:01:08,745,18,0.7191,763,6,3,8,14,1,53958.2686,13,20.2745,260
4708,56cb7937e0b03b16214a3b573754b6e6f082fa43,0,1,0,2015-04-21 11:33:14,454,165,2.9831,619,17,11,2,20,10,46131.7145,198,145.3472,730
4726,2b8db40ac40d70027ce331f3a04c6ca7aa562a84,0,1,1,2015-04-21 19:29:23,386,8089,2.0148,8475,10,4,4,50,11,60928.5867,801,336.9973,3097
4716,579f991eadb75597ce6d16c3d9efe6b2a902aa89,0,0,0,2015-04-22 12:09:42,6970,199,5.8891,7169,3,44,1,33,4,50877.1887,70,89.4109,169
4724,8fc847e5b632c5f311f7a4dfc55204c486283c58,0,0,0,2015-04-22 12:48:22,107,251,0.3389,358,6,3,16,1130,5,62130.7774,877,342.7015,408
4709,3f3830dd0a26b0b051e9e59e6fdaa0bac3be66f8,0,0,0,2015-04-22 16:05:16,29,84,4.808,113,1,1,1,987,5,14181.6615,72,75.9118,184
4749,54e957614c38fed69baf726fc86059e9b11384cb,0,1,0,2015-04-23 10:29:29,1105,2609,2.2493,3714,27,14,5,680,118,48979.5833,256,78.0892,372
4728,4cb5b725447dad55dfbe66efbfc4580c51d8087d,0,1,0,2015-04-23 14:13:22,286,213,2.1125,499,15,7,8,33,45,22596.6747,805,710.5,6305
4725,40f5f3a0160df708ecc78356853138e640b59da5,0,0,0,2015-04-23 19:56:56,2467,67,0.0773,2534,62,1,1,916,7,68828.4163,126,81.9526,344
4681,6e24879b96bcd5eee9f1b4af504eced11a901123,0,1,0,2015-04-23 22:16:37,4779,61,1.7662,4840,5,4,17,76,15,44390.7171,96,82.5742,440
4699,046f39ea448050ea52cb2389b0acad9d58ddafda,0,1,0,2015-04-24 09:04:32,5613,133,4.0867,5746,20,7,1,23,5,48146.6481,113,83.413,128
4723,0fceb11dfd9e77868efc4a9681eec22146d5a011,0,0,0,2015-04-24 11:23:52,78,44,5.8031,122,3,3,2,29,12,45494.8638,819,305.7416,7984
4729,421e4a1bf6599242829f24d25f4a464ee6438bc5,0,0,0,2015-04-24 11:25:18,869,95,3.182,964,2,1,1,34,9,8355.7487,873,299.6777,1137
4732,8f55abe5ee0679ca2fe1a23c9fcb2e887077f142,0,0,0,2015-04-24 12:18:22,5298,2952,5.0395,8250,87,2,2,47,144,52730.2262,848,338.2316,6839
4730,5a2ca81912193552e74cd6a33637b7254e5a7174,0,1,0,2015-04-24 14:33:34,434,263,3.2065,697,10,6,4,90,71,42475.1441,801,710.5,6183
4733,b950d5b499278b4213a540d1e41478aaffebe714,0,0,0,2015-04-26 06:41:13,2814,76,0.9675,2890,2,2,6,1020,5,67468.4191,76,62.5018,251
4735,8791d4f020f812593ceca1a047e8b0722c19d879,0,0,0,2015-04-26 11:02:59,102,93,1.9572,195,2,5,12,1033,9,48449.7384,199,152.7535,721
4736,af35ecc4f90b5916a69f78921e0341a2e03c5441,0,0,0,2015-04-26 11:19:20,90,54,1.6461,144,5,3,10,103,11,56871.7241,100,79.0397,357
5060,8f4039dcb326a1af276ac4b93ffe5ea4da3e19bc,0,1,0,2015-04-26 18:09:04,759,68,5.0334,827,34,3,2,494,102,53557.8159,112,70.1167,341
4731,7d2e5aa9d992e9cfaeaf3fdb9f3d2cc776e152b4,0,1,0,2015-04-26 22:26:41,328,58,1.2819,386,5,2,1,1051,7,30884.3595,45,34.6205,213
4737,a2c9cbbd8987b342be6149f5920e4bfc78d9782c,0,0,0,2015-04-27 08:35:25,55,203,4.9874,258,3,31,1,1020,118,65846.4633,353,123.9337,649
4727,ccd574a46e6fce44a9c1d0bf0ec72424c8252c98,0,1,1,2015-04-27 12:30:16,183,1794,0.7805,1977,1,2,16,61,21,72685.6599,776,710.5,5805
5143,de573cf5cef3bed6c489af85dba2cc61912db4c0,0,1,1,2015-04-27 14:38:51,15,11,1.0525,26,2,2,4,20,10,5202.3738,1000,18.1874,71
4738,3be621cfc270e7aee24b0a5438acbbe191606aea,0,1,0,2015-04-27 15:15:18,166,69,0.8629,235,3,2,1,1033,1,47229.1407,10,710.5,33
4739,11f1dd64518ba59f65b521e21d53e5a635d8d93e,0,0,0,2015-04-27 17:39:41,136,52,2.2763,188,7,2,2,19,132,38316.5208,833,8.3345,55
4744,b1af2df81f2685ada49eada19b342306306c5e3a,0,0,0,2015-04-27 20:14:05,58,1618,1.7079,1676,1,2,1,17,10,60193.8199,844,330.49,6801
4745,e9c1562034dabc34fa46d4fd8411321db0a6c637,0,1,0,2015-04-28 08:52:29,5613,102,2.0495,5715,4,6,3,34,25,47837.0324,370,98.2117,1336
4742,f2daa1082bfba5b0cdca00c7571b2723e8f86be1,0,1,0,2015-04-28 08:55:45,2651,2388,2.2689,5039,9,6,4,57,41,57933.3268,168,83.3972,388
4746,e17206737e3701838c74c89ff108f32b11c4656c,0,0,0,2015-04-28 18:08:35,49,7302,1.2986,7351,9,3,1,31,8,64887.293,53,21.648,237
4743,9a18e579021304f6ee0687cd1c9579740b11b98d,0,0,0,2015-04-28 20:30:20,222,55,2.1041,277,7,3,4,47,12,56324.8777,734,89.6141,745
4747,ca82b0cc36added997cc60aa246a53b76970a355,0,1,0,2015-04-28 21:39:32,221,204,2.9557,425,13,10,1,57,16,52348.0903,200,146.4736,706
4748,1722e8314cd959f86beb1585a5e280de4604cef2,0,0,0,2015-04-30 14:49:11,2753,8089,6.2875,10842,99,38,16,12,134,60470.9371,96,59.708,135
4751,0c538915b23d9ad4e410036c9ac18c3e928ce251,0,0,0,2015-04-30 15:28:29,2753,150,0.0716,2903,99,2,1,46,10,63645.1193,1000,9.8764,3558
4741,1c8d866a83065e3d1bc9707dab81117f24c9f678,0,1,1,2015-05-02 23:15:39,577,6953,2.1308,7530,12,9,3,57,35,26486.7343,806,295.5421,9861
4752,1d368a4b77f3ea53809e622564c87b657547c405,0,0,0,2015-05-02 23:57:37,2869,8613,5.3776,11482,4,40,2,30,8,31092.8559,853,332.6827,6546
4756,ededb6b74a2d388ff1c54ddf0f2733c65675c9a0,0,0,0,2015-05-04 22:26:05,21,12,4.8556,33,1,1,1,15,18,35716.9085,824,307.1718,6782
4764,78d954b858933f8f8ecc1ace01839b4e6080def1,0,1,0,2015-05-05 08:49:54,80,69,4.783,149,85,27,8,202,38,57996.2299,69,79.1676,297
4755,60ec683082124359162ac3c97b223b5cfe44cbbd,0,0,0,2015-05-05 15:04:31,130,122,0.482,252,2,2,2,1068,3,57589.1177,127,83.8407,376
4762,7e5a97062c8d5d322be81a9d8af35f942a929f57,0,1,0,2015-05-05 15:32:41,1759,1815,2.69,3574,8,10,5,6,35,24811.4745,1000,710.5,4335
4760,b3cb5e7e67f615f363424e84b623605bf128a3c9,0,1,0,2015-05-06 12:00:54,17,15,2.0931,32,4,4,8,13,10,53062.2266,107,61.0506,167
4766,faac20315b365e5d5dd800893bc5f04395aba2cf,0,1,0,2015-05-06 14:12:38,154,84,0.2128,238,3,2,6,1020,7,64706.3207,204,78.0539,932
4757,0078c44e59a368f5564ef6a151aea2f351a2e2c8,0,1,1,2015-05-06 15:47:59,34,618,0.9915,652,2,2,4,1000,9,4787.2587,388,111.5189,57
4759,68924031594e4793becb884436b0964540f5151c,0,0,0,2015-05-07 08:38:31,1961,465,0.0545,2426,51,18,4,11,6,77797.3582,75,59.6519,239
4765,7bd80689bca51d793660d1110480dbeb79484a0f,0,0,0,2015-05-07 11:34:12,81,90,1.3883,171,5,2,8,1243,18,37367.2063,74,21.8717,71
4768,48a2720055987fa67ca3cd16cdd57d34648cf59a,0,0,0,2015-05-07 12:29:23,208,8778,1.1523,8986,80,2,13,1377,3,52216.4619,151,118.23,38
4761,170366c9003424f3847d2658df6f29d2f63c3e2c,0,0,0,2015-05-08 10:15:12,2651,2388,5.4776,5039,3,1,1,1068,9,58367.9203,103,58.7606,276
4767,3b8f60e9b6f65485db280124e5368f111b558e27,0,0,0,2015-05-08 12:55:38,93,2926,0.3897,3019,1,1,5,77,11,6440.1303,433,150.8221,2544
4771,84dcb7c20f5d67dbb5a931ab56e68594e491034b,0,0,0,2015-05-08 13:10:50,469,25,0.719,494,3,3,4,48,8,5253.3929,432,137.1981,2536
4773,beb7f31227766cfa17691525ccc666d105d442da,0,0,0,2015-05-08 17:01:53,58,68,4.9874,126,50,31,6,93,12,65930.0731,46,19.0161,194
4763,a35c7201e010ee34629a7fbd9ffcd9b149fe5f93,0,0,0,2015-05-08 21:05:31,88,112,0.7922,200,4,2,1,79,12,67373.1047,27,23.3436,141
4774,f950def569f20e2009a9c216d5160374b583e177,0,1,0,2015-05-10 01:57:36,684,139,0.0,823,34,1,5,95,46,35641.1802,1000,45.7752,2713
4777,1aad5b759432f0b59a9dcc366a4b66c2681626f1,0,1,0,2015-05-11 14:34:55,1226,19,3.7694,1245,34,14,2,54,57,28135.7484,123,52.143,1281
4775,959d227837c3b0c919c467fa59f6d1ec305bc4ad,0,0,0,2015-05-12 13:03:34,4307,186,0.3707,4493,4,2,1,987,9,16409.7553,765,373.371,1850
4783,e79ff4ebfc896c827ee5cfde57570ff42fb04e10,0,0,0,2015-05-12 16:47:57,9591,125,0.2369,9716,6,41,8,966,1,55636.9059,786,346.2869,1557
4772,ff750e61a556a96f0cc55997706a0fac7f764dca,0,0,0,2015-05-12 18:08:53,132,2012,5.2754,2144,2,19,1,986,115,73691.7048,162,119.2131,550
4722,73493335f4dbecbb4f1f9f954b08534a5e35ca90,0,1,0,2015-05-12 21:00:29,128,6953,0.5579,7081,4,35,2,62,16,28990.5424,808,335.3212,9449
4781,bd7d867933843719650557054d04510d27c29dd4,0,1,0,2015-05-13 09:57:11,6363,3319,0.664,9682,3,32,1,22,7,39572.113,203,98.7099,76
4782,113b20b7f8717b12c5f0dfa691da582d426fbae0,0,0,0,2015-05-13 13:27:00,2784,1162,4.8422,3946,3,3,4,27,11,65696.6019,852,300.216,6606
4776,118469d49918c0a26f0ba5995e8fd80191bf045e,0,1,0,2015-05-13 15:56:12,1439,471,3.6563,1910,11,7,1,1130,16,62589.2795,15,57.5108,239
4780,59bee4ad825d7252c791e0376ea2504602134fe7,0,1,0,2015-05-14 09:49:30,29,8089,3.3761,8118,11,6,2,78,43,60946.7351,149,148.1413,616
4779,2bf76be1864b716ddcacca79ca01d28507fe8514,0,1,0,2015-05-14 10:13:20,1382,65,2.3849,1447,4,1,17,18,133,43926.1696,31,44.7553,23
4784,0a8b63aaece33419ccb569bfaa9b2ea5ada1573c,0,1,0,2015-05-14 10:26:43,542,25,2.3319,567,5,4,1,1177,2,44875.6768,39,22.3496,54
4785,56e013f031025a794cb327fdda52b46629dd085c,0,1,0,2015-05-14 10:55:44,948,63,3.3932,1011,11,5,1,21,3,41036.0,77,40.0608,34
4787,000b5d53d0d4fe33f3bf9f31edc35f8c3eaa26b1,0,1,0,2015-05-14 10:57:46,594,3829,2.4653,4423,7,1,12,1033,2,46714.6364,67,20.6514,118
4786,fa13e49bb3e56dacd0d84a0a47949d33abe91a37,0,0,0,2015-05-14 10:59:38,312,48,1.9473,360,3,2,1,11,1,46749.1755,43,21.8063,56
4789,edcfd8bb3a3da2205b6a3b272cd03718f16dd94c,0,1,0,2015-05-15 07:03:35,415,46,1.066,461,2,3,2,100,12,48531.6758,41,17.9384,147
4788,495a5c3c47af7f09d80b6e534cbfe339f004e26d,0,1,1,2015-05-15 16:29:48,110,31,0.4177,141,2,2,6,1020,7,67219.7904,50,27.8264,79
4791,197cd6cf0fb10efc6badd5fc8584f4b36b09e705,0,1,0,2015-05-16 20:38:16,555,114,2.9604,669,13,7,3,56,31,36895.1,142,116.9131,811
4678,6403dbdb479e278d7389c460e9972270554dda4f,0,0,0,2015-05-17 12:56:45,6970,370,0.104,7340,80,44,2,594,105,50658.7227,121,91.6817,230
4790,a7e24580a2178b27ea77e7327c39ad7e75cac0a3,0,1,0,2015-05-17 18:33:38,1347,8089,3.9419,9436,44,15,3,1130,12,61481.9978,131,96.3035,996
4794,7e75c7b3cc89d8b81341dea6911c39cbfaa6138d,0,1,0,2015-05-17 20:25:17,717,823,1.2844,1540,5,2,1,1377,6,51639.0741,38,40.0571,2844
4796,f253655c997a251087c8c281cec18c5ef2e84db5,0,1,0,2015-05-18 09:44:23,372,93,2.2485,465,6,3,2,17,7,49751.4322,104,42.8852,57
4793,6edf31a06f4e3462fa5d377d8ac844153d4171fd,0,0,0,2015-05-18 11:47:14,246,167,0.5019,413,2,2,2,27,138,51349.5488,190,126.0653,762
4800,3ef4e68bf8e7367c81b420d919e2172aebbcd507,0,1,1,2015-05-18 12:24:38,296,417,1.4653,713,12,10,6,3,22,50766.6523,158,125.344,218
4803,ea23f28c449a1a11e509ca62a36f770a6940d40a,0,1,1,2015-05-18 22:37:30,215,110,0.0,325,29,4,7,827,13,25454.7066,436,103.4518,61
4808,8aad7affb9c4de0ba6b23c9bac721eaf855be15c,0,1,1,2015-05-19 08:33:19,80,901,0.644,981,90,2,4,10,24,73136.6686,819,299.3334,6797
4769,f59d6a11881be3c6d2174a720a04ec9a55160cc8,0,0,0,2015-05-19 09:12:59,880,5083,0.2363,5963,2,0,1,43,10,808.3107,443,72.5957,2928
4734,147997388580e25ebbeabe86af706a4d6fa1de39,0,1,0,2015-05-19 10:17:28,6,81,1.3181,87,2,5,3,64,43,60155.626,157,118.4615,720
4807,89209a46d8329ebdb8c3bde7cda4061143eb0212,0,0,0,2015-05-19 13:43:40,10,5,0.0398,15,1,1,2,251,6,84792.7975,813,300.2096,6819
4798,e96f279055123a6dd04fd1af2258fb839e56bd98,0,0,0,2015-05-19 17:08:25,66,119,4.9358,185,2,2,6,916,119,68756.1486,813,329.3769,1708
4802,b2b0fe79d28ba8340028dad0b03409fcccc69a50,0,1,0,2015-05-19 17:38:02,0,44,0.3698,44,3,2,2,35,18,19771.3318,181,92.0162,162
4799,912f8d90efef2912bd9aac7c0b44d05fd90d6803,0,0,0,2015-05-19 20:06:11,91,8778,0.6934,8869,4,1,13,1377,138,52008.3565,87,56.3144,444
4810,8b904ae21d319c6cd26d160f7c5cc91b5f081577,0,1,0,2015-05-20 08:48:43,199,359,3.9937,558,33,7,2,1130,10,61482.6439,341,128.6847,3425
4844,017b4f0f90c3a40c0f5557916c6ad5c4612606a3,0,1,1,2015-05-20 09:37:56,2958,1207,2.7813,4165,19,9,3,637,98,50077.081,761,251.1937,7548
4811,1e574750da55613582aacab5fbdf1a6730d95b96,0,1,0,2015-05-20 11:49:52,0,1582,4.8869,1582,1,45,14,798,97,69073.9146,838,710.5,6913
4809,2a65b62216e8fb73fce65209bf646ca67e5f96b0,0,1,0,2015-05-20 13:16:05,1147,8089,3.0608,9236,18,3,16,1130,9,63850.5138,162,95.0531,902
4812,7bd7b056a2947440ad5acab6dbd45915c356f145,0,0,0,2015-05-20 17:57:27,3581,31,5.1282,3612,38,14,1,32,2,11734.2793,853,329.1503,1739
4817,e497a831fab3c01ff8dc5992940b09e6427fa472,0,1,0,2015-05-21 08:15:20,1607,1499,5.712,3106,44,10,16,1130,134,63058.419,93,575.0,70
4820,09e5be41b3bcbfe7aeb23a92b3ebf62f9a2f6968,0,1,0,2015-05-21 08:16:58,1053,120,4.2025,1173,24,8,1,35,5,29730.9152,4,34.008,335
4822,b92ff121218ba637ee6079f93ceaea21a3958645,0,0,0,2015-05-21 13:38:50,196,60,2.6927,256,7,5,1,46,15,13754.9748,859,297.7294,219
4815,11b021b0fb36503c06596323b39d531225057f1e,0,1,0,2015-05-22 11:51:02,63,204,2.2229,267,2,4,3,113,51,63534.0636,181,96.3278,335
4852,0437722449c59fdc21fc5d18a59e5e0b961208af,0,1,0,2015-05-22 15:24:19,736,5931,0.0,6667,62,16,5,733,147,40554.847,383,348.3091,11484
4826,3c037be7d2884ff0276952b30638852a01ba687b,0,1,0,2015-05-22 16:10:15,222,2113,1.5908,2335,5,3,3,28,30,34702.6017,177,131.8228,76
4829,120bd0f428fd4ca4051d052ee9a79728d55e72d7,0,1,0,2015-05-23 20:34:06,121,2388,1.3305,2509,9,7,10,41,14,57060.0504,99,72.37,246
4825,148395bcd81a93bcb1473e4e93f267edb3b71c7e,0,1,0,2015-05-24 05:30:09,88,3319,1.0028,3407,3,2,1,1243,2,38916.729,833,452.5167,3033
4806,3586ced3550ac036638a8dff011c01de99f9ed5e,0,0,0,2015-05-24 11:35:35,2467,41,0.0435,2508,2,19,6,916,5,69169.9108,9,575.0,15
4814,fdac963d5ccdb0397cc069d701bccd6bd04eae5e,0,0,0,2015-05-25 14:13:35,4307,65,4.808,4372,2,18,5,26,6,14228.8702,194,148.8364,575
4831,bc19aa3880bfcb7005f1900d2d00d35c53d777aa,0,1,0,2015-05-25 17:29:24,102,192,1.155,294,4,3,2,78,12,37588.2579,23,31.3093,163
4833,ae446388b91ecc0f08887da19400395b96b32f6c,0,1,0,2015-05-25 22:35:05,283,81,2.5485,364,14,12,3,1106,27,26264.2365,788,33.7277,377
4835,4de2353f312a559802b319a92b09492818f309d0,0,0,0,2015-05-26 06:49:02,6970,264,1.4624,7234,3,3,1,30,9,51780.1443,201,117.4293,701
4832,44c247bda9581c02e967841468e8f715df3cb6e6,0,0,0,2015-05-26 08:33:37,2814,7302,4.9874,10116,2,31,1,36,17,64768.2369,184,88.6751,917
4821,a1d2df6149491fe9a087882f88c87e09476bb429,0,0,0,2015-05-26 09:24:58,2985,2012,0.0953,4997,70,19,1,26,9,72428.8949,164,72.8794,907
4801,e0d1fd504d6313b1b02a06ef7935cf7fd7069a39,0,0,0,2015-05-26 09:49:32,2651,2388,0.8206,5039,87,2,1,32,2,58411.3551,165,98.323,866
4834,ceb890f1d54acbc62eeeb308be386dea3b2c457d,0,1,0,2015-05-26 13:37:35,476,244,2.64,720,10,3,6,44,22,64929.1293,217,98.4298,1039
4819,924830ffa01d1fa1ba73acde32aa65d4a8e4dbac,0,0,0,2015-05-26 13:38:21,142,78,4.808,220,40,2,5,987,11,15305.3316,158,70.5096,1008
4837,eba6f9a2f7bfd15a9adf15d356e699a0143bb5a1,0,0,0,2015-05-26 14:41:54,469,32,2.5,501,6,1,4,1000,107,5867.2066,899,270.1582,901
4792,b68049b7d75dcb52420d4d79728e68c94f838fc2,0,0,0,2015-05-26 14:45:22,880,5083,0.1061,5963,2,1,1,1022,4,262.6994,853,331.3256,1156
4841,baeedba5d1dbf43180dcec77f50dcf988edb105d,0,0,0,2015-05-26 15:07:11,2985,47,0.166,3032,70,19,6,30,20,72100.0,377,113.1322,98
4836,f2891ab857e00bc70eb025bb430f46f4f58355a5,0,0,0,2015-05-26 15:32:06,880,5083,0.0645,5963,1,1,1,1022,19,1543.1526,113,30.2421,104
4838,d1d7044cee85c97ddea232ef2a70b2d89f40ffac,0,1,0,2015-05-26 17:59:23,6363,103,0.634,6466,3,2,1,1243,20,38592.6987,84,41.5827,22
4840,c854d5260c20b0926c4347c7c9dd7d0f4f11d620,0,1,0,2015-05-26 18:22:03,5270,3319,2.9457,8589,38,8,4,228,71,40795.1821,22,58.6648,3033
4804,bf94a341f81ade0b386d729df5cd4c89b36b1168,0,0,0,2015-05-26 20:56:50,38,1275,0.1095,1313,11,5,2,41,107,82487.2281,784,344.1353,1144
4845,63edeca85b03b39b7c9535df446dadbe564ed1a6,0,0,0,2015-05-27 09:24:23,2467,3382,4.9358,5849,2,1,1,25,9,71180.3147,212,93.7087,69
4839,3061eb126a69319a4ad45995f66f98c58dc23fdc,0,0,0,2015-05-27 09:27:56,147,2465,1.651,2612,2,2,1,30,133,41181.675,851,304.5212,1623
4846,145b2ba7f8ba72ed56992e74711290d18d32caf2,0,1,0,2015-05-27 10:40:33,170,67,0.3846,237,2,4,2,19,30,58166.6789,63,53.0171,161
4849,96bbdbd70cfe55c4741ce7513cdb051883ef6f48,0,0,0,2015-05-27 10:44:56,4779,2465,0.1312,7244,2,2,1,26,8,43684.2471,868,287.0755,2327
4842,12cd15622afbbcbb40c9dd80151f4ca459a26922,0,1,1,2015-05-27 13:24:59,5,19,0.1337,24,3,2,2,19,14,41691.082,17,14.8614,54
4847,fad979532e8e31f36c390303be432cb969d7f3e7,0,0,0,2015-05-27 13:32:11,8,11,2.5,19,2,2,1,15,6,2754.0658,105,16.0922,60
4843,8e35febcc7fd5ce561e4a79c3f9f269d92c7d2d1,0,0,0,2015-05-27 14:05:23,267,48,5.1282,315,38,14,6,466,96,14053.4,441,165.8208,732
4851,087571bda5e8d44536867aa77d8a62ed9715c951,0,0,0,2015-05-27 16:26:46,28,8,0.0468,36,2,14,6,1002,4,11400.7475,176,91.9584,976
4848,6685b0bac54b95705426fd78bb819171271004e6,0,1,0,2015-05-28 08:24:37,1286,771,4.4958,2057,34,25,5,117,21,46081.2956,439,55.0182,4935
4381,a43e0d5c4c84f92a3b12e4f410e803f17fa40039,0,0,0,2015-05-28 08:40:56,10,17,3.6595,27,2,18,4,871,9,77339.2067,372,92.3849,2769
4859,ef11e636154c343c6ba557060fb0df3ddcb3c77a,0,1,0,2015-05-28 11:31:07,805,587,2.917,1392,18,12,4,668,118,45042.675,109,96.7048,1097
4384,f75c16b0540c839079188bb58b5acf2ede108767,0,0,0,2015-05-28 12:58:31,9591,38,3.5313,9629,16,7,1,966,11,55064.0838,159,74.4849,888
4385,61821801878ed7bcebbcc98405ba5b13be1cbc2a,0,0,0,2015-05-28 13:57:39,4,618,0.0378,622,1,1,4,21,9,3641.8999,172,96.9903,880
4391,d594d02426898c3bf3c1fd52417c75921e28b61c,0,1,1,2015-05-28 17:40:08,149,77,0.9905,226,1,3,16,39,24,32880.6694,210,95.5925,909
4389,e2e73ad3bafe5d26a1cf2f9a81e1a92d3acd9139,0,0,0,2015-05-29 09:47:44,1961,465,0.0663,2426,2,18,1,871,2,80106.549,209,114.8244,735
4392,1559701f451e76944ba016f942c22fa8a022bcde,0,1,1,2015-05-30 18:27:17,133,32,0.2868,165,3,2,1,20,10,30195.1388,2,4.3638,3632
4387,ac43a69c1a5b285d9519ce540a14dcbef946d63d,0,0,0,2015-06-01 11:01:04,1,694,0.2617,695,3,3,1,1002,7,13171.1847,165,141.9574,603
4397,16ab1fd97f5ffc2d77a288b5b561f9cbbbd1f63c,0,0,0,2015-06-02 16:58:35,414,1143,2.4841,1557,5,4,2,21,25,54430.666,47,11.2334,52
4395,23a364616f0cec1a7c58a9edb308d83652ea68ea,0,1,0,2015-06-02 17:12:02,330,126,3.2364,456,22,16,10,1068,134,58866.5766,54,79.8049,178
4393,8e793f94ae635b6dc930ebd32ec12f797a936c82,0,0,0,2015-06-03 04:10:06,80,2003,0.1051,2083,3,2,1,34,12,28746.5046,1000,36.4255,104
4399,f72e5c8cd781b2d32aa89fd62f3b0b8c78ded0f8,0,1,0,2015-06-04 09:04:46,639,3829,3.1702,4468,16,8,1,16,2,45341.6886,67,81.0892,253
4398,235b02cb56d24bb5db3c254fa34661ccc0e1a083,0,1,0,2015-06-04 09:29:17,67,213,4.0914,280,28,24,1,3,22,27261.9502,433,80.3593,3486
4406,59a2297c3ce25859e11c06fa4c5c2dd22b0cb2ea,0,1,0,2015-06-04 13:21:39,9591,23,2.1778,9614,4,2,8,11,116,55244.1206,30,8.8175,145
4404,a363308c0e6cc42e61667677dbe9ab661f570d22,0,1,0,2015-06-04 13:22:10,521,207,1.7039,728,11,6,13,24,14,50954.8688,32,27.7024,80
4401,e3402c0caccd6cc3bb85529909e23d85946efc17,0,0,0,2015-06-04 13:22:13,105,60,4.808,165,2,18,1,24,1,15346.0573,101,82.671,153
4410,868b62b76e31550b3023195658b6bb2c66b670cc,0,0,0,2015-06-05 08:37:26,164,1143,0.0739,1307,79,1,1,4,19,56361.139,1000,575.0,28
4400,4b9e34047095da2e6a9425f67462409033a3cf14,0,0,0,2015-06-05 09:30:30,106,402,0.2531,508,3,2,1,48,118,65045.0246,881,333.8377,1756
4407,9b88184518c6f23f1a0f18d68623e4909b3c4476,0,1,0,2015-06-05 09:37:39,179,270,3.1868,449,12,4,6,1020,1,67826.5658,392,120.9839,3033
4409,bd3c8d525203fddf1770b6eb7221f71049480ad8,0,1,0,2015-06-05 16:55:08,28,2388,1.5606,2416,6,4,3,46,24,60066.0458,78,38.687,77
4415,26304c20ab6aab33daba775736061102bd7a2409,0,1,1,2015-06-08 09:32:27,236,76,2.4248,312,10,5,2,46,8,38868.4899,399,104.9341,2924
4413,3d528442f6993c64600224483ee3048c40763c80,0,1,0,2015-06-08 12:01:39,98,8089,2.298,8187,5,6,2,18,4,60813.7339,1000,575.0,44
4419,2eb5cfeb2dad061aa8e84040bd648b5198d2d142,0,0,0,2015-06-09 12:56:17,2985,28,5.2754,3013,2,1,6,27,9,74851.5661,375,101.8809,58
4411,c04a575288fcafbe557663d06a1eb1ade2caf8d6,0,0,0,2015-06-09 13:10:35,140,2465,2.6145,2605,12,8,2,52,15,43033.2883,1000,710.5,3064
4403,e2304c4ec6539a09ffb433bd1736997d2b56a386,0,1,1,2015-06-09 14:17:48,64,168,3.2251,232,13,5,1,17,22,58537.6531,352,97.4252,1
4417,1481647d5a23bf4be9ecef9c435d3926f776c46a,0,0,0,2015-06-09 18:13:13,120,1526,1.8788,1646,6,5,2,47,14,20444.6225,199,144.6091,610
4457,e39699f3eb41517a7035a5e626c6bb20c6b70501,0,1,0,2015-06-09 22:11:45,549,377,4.2862,926,46,14,1,506,118,42913.5891,124,710.5,272
4422,1e7d0bbc07aa844dc31cefaf2f5b18d545aa192e,0,1,0,2015-06-10 08:42:42,3,23,0.0122,26,62,19,1,916,10,70142.6767,187,86.31,3033
4423,b5b71e1c46f0ea21b2a9902fa82c1ad87396bac6,0,0,0,2015-06-10 08:59:42,6363,3319,1.0759,9682,1,2,3,1243,19,39017.1781,368,100.3493,997
4418,a8e085078499319113a213575c9f057144395f98,0,0,0,2015-06-10 09:58:08,2753,8089,1.6196,10842,4,4,2,73,26,61401.8248,386,144.6725,227
4420,078e6ef3ef0d455d6f405c21c1ca209b80418a23,0,1,0,2015-06-10 12:46:11,1759,1815,0.8818,3574,4,2,2,23,30,24482.3094,57,49.7094,292
4412,4fe2e18b7df37ca25f71a274d94b7c14a540f698,0,1,0,2015-06-10 13:33:58,305,1143,2.3989,1448,11,7,2,25,19,52990.664,152,143.2849,738
4421,32ddc9e602327c0814a10626778796c1e3008078,0,0,0,2015-06-11 10:27:21,2467,3382,1.0164,5849,6,19,1,45,10,68804.1107,107,81.76,145
4416,df42160832ff65ae2a85b478d1dd0b398fa6ef3f,0,1,0,2015-06-12 18:37:27,256,109,2.6249,365,9,4,4,986,115,74413.0974,83,710.5,202
4454,1b9750588a1ef0c4767ebad8aafaf50e67f5e7ee,0,0,0,2015-06-14 13:26:53,859,724,0.5985,1583,7,3,1,663,100,55153.4441,894,260.5174,1546
4426,c0d3fed11474c6a22b09290261c6a64dd6d96535,0,0,1,2015-06-16 08:47:18,93,56,0.11,149,3,2,10,1068,134,58114.4254,87,30.3364,2713
4431,d38154129b8298d998b955e6450a05b79f7cd995,0,0,0,2015-06-16 20:11:21,869,60,0.9315,929,2,2,5,13,5,8052.4066,431,122.9453,3033
4430,20a464f5bd2a911d93262638d76015083ef49dd7,0,0,0,2015-06-17 09:42:15,58,465,3.6595,523,51,18,4,28,13,77526.6703,176,65.31,1041
4427,3406d96e92777f63b5a01485e863dad820e3c35e,0,0,0,2015-06-17 21:06:58,188,1143,3.1914,1331,7,2,8,28,8,53233.8317,21,575.0,61
4436,6d9eeb559a895d92bb0a71c6535c55dfb49a16cb,0,0,0,2015-06-19 08:22:04,173,29,1.6879,202,5,3,17,9,6,42551.2973,30,23.0439,3
4433,474f9c65cd4cd11423aac9261ed904378c31f12b,0,0,0,2015-06-19 08:39:27,2985,2012,1.4905,4997,2,19,1,986,1,75666.1913,106,50.2803,100
4435,dba2946f465a72f18b6452e7ab34f9198b71a908,0,1,0,2015-06-19 08:43:10,413,103,3.2555,516,21,4,2,17,3,41415.7533,39,27.5001,85
4438,0a4144e6662ece6b4c0ebec37b49d150aa37e4ce,0,1,0,2015-06-20 11:35:33,108,117,0.7919,225,4,2,3,1051,12,32915.3616,163,123.1331,765
4816,b2be80ddc162e8ed3418e2f7666a47f749bd4f2f,0,1,0,2015-06-20 14:28:59,42,62,0.0109,104,1,19,1,986,2,73205.2994,36,26.5229,161
4439,7271881163d240ad1106a77036dce981dafb82f3,0,1,0,2015-06-20 22:35:48,119,1275,1.2367,1394,2,3,1,91,20,81749.5465,72,575.0,275
4446,57459e95e57630621fcdd6247857edd9824b900d,0,0,0,2015-06-21 10:27:27,74,45,2.6299,119,7,4,2,37,9,56243.5912,22,33.0724,233
4443,474ff4dfd93a57730969ffdd221b7ecec06ed479,0,1,0,2015-06-21 14:22:21,174,255,3.2049,429,16,11,4,7,11,21440.1199,139,179.4118,516
4440,0ae1758a98aebf8098570fc1c11096f78747af44,0,1,0,2015-06-22 09:10:37,732,60,3.8076,792,16,12,4,80,12,56010.796,135,115.8722,836
4425,cad85103e8f742c2567a8d63893ddb439705b085,0,1,0,2015-06-22 15:14:33,104,4441,2.5147,4545,9,5,2,40,18,29489.9974,30,14.0365,114
4445,910e8c438477f27c6d20392d00dd0cfbe8496c8b,0,0,0,2015-06-22 15:47:11,76,2648,4.808,2724,2,18,5,21,7,14514.1083,101,45.6717,306
4449,bacf447d3862b8df4f1b999c5ad82751941e89a1,0,0,1,2015-06-22 16:13:44,73,15,5.1282,88,2,1,6,1002,3,11465.4673,169,90.7641,3033
4450,a137321acfce02d62ce48e03b5de37c388152d28,0,1,0,2015-06-24 23:49:23,520,1140,3.9273,1660,24,2,2,15,31,34773.5314,1000,66.5214,246
4447,128d3bcfe27ed3149be61f0481047f8f855e2c2d,0,1,0,2015-06-26 14:42:24,295,281,2.1981,576,8,6,3,31,20,61403.7521,154,146.7989,624
4453,97d10070c7ff5986b8e7ee08dcb6a7e74473cd25,0,1,0,2015-06-26 15:23:36,164,1526,2.1501,1690,5,6,2,86,31,22128.8767,1000,5.4055,23
4448,bc8d7c47e06a91c722906cc753924f1a89c1ed00,0,1,0,2015-06-26 15:56:16,104,96,1.0635,200,5,4,2,39,21,7985.6565,35,30.4019,179
4455,9d8a348815b4b49940b48aad09dacecbd7a9564e,0,0,0,2015-06-29 09:21:23,1759,1815,4.6287,3574,2,3,1,827,3,23628.0336,67,56.5167,278
4452,03320503e20c2038412c889d9d8b61821d4963af,0,1,0,2015-06-29 15:50:07,1536,213,3.8839,1749,31,9,2,41,12,57319.9971,26,13.7832,147
4456,fef9f115838b3ba3d3769f8669ee251c2cd403c6,0,1,1,2015-06-30 11:48:17,66,2012,0.1033,2078,70,2,6,986,10,75536.9363,187,123.463,592
4458,e19ed78c72a9c2b67cca2a349ce02bbaac0d0f43,0,0,0,2015-07-01 08:50:05,9591,1143,0.5152,10734,1,2,8,966,0,55295.5922,206,76.1549,917
4459,3f3aeb7e0a99f2f2af521fa880dc9d11743610f6,0,0,0,2015-07-01 12:26:33,229,7302,0.571,7531,4,2,2,34,20,66616.7508,37,7.1577,52
4461,ea4f339d76574c8499f3588524bb174ec3283a2d,0,0,0,2015-07-02 00:22:08,224,2003,1.0097,2227,7,4,2,1106,4,28216.0264,46,23.2485,139
4460,7c2bbb6a3b75dc5c2bf869eb119a2e23f25eac0d,0,1,0,2015-07-02 21:25:43,92,1526,2.022,1618,9,8,5,1021,4,20381.9313,68,60.528,3393
4462,61dcae391cb3b45ba3aff47d4d9163889d2958a4,0,1,0,2015-07-03 15:53:47,750,65,2.2455,815,4,4,2,70,40,75688.158,32,23.1482,113
4464,0d2c49005449d6e05bbf53446edac928bb7ecbb6,0,1,0,2015-07-07 09:07:05,150,92,2.8496,242,14,10,4,95,23,79778.7632,87,175.4872,947
4451,2ccb5fdb47aa0e3766fd7fbd17a41feaca29fcbc,0,1,0,2015-07-07 09:41:44,1105,826,5.3497,1931,44,28,5,41,81,40156.9531,838,710.5,7203
4466,6b2222762fc38d84b31170216d6b6ae0c272af9b,0,1,0,2015-07-07 19:40:04,392,465,1.0009,857,12,4,2,871,5,78151.0581,1000,710.5,130
4469,535475c2131b9bc352bc7268f022a1bdce206f2e,0,0,0,2015-07-08 13:02:33,145,79,2.0237,224,7,4,3,99,41,34464.6913,850,292.002,7044
4472,706c391b11ac6fc8c1487cbe43b20b5510c7a459,0,0,0,2015-07-08 13:47:45,2062,1200,0.9988,3262,4,4,13,47,24,37715.1901,822,322.3486,6852
4468,c98191c52ce8589352596305553b22218e2e383e,0,0,0,2015-07-09 10:11:11,2814,7302,4.9874,10116,50,31,1,1020,14,67732.0762,768,292.4474,1813
4470,cbde2c2a3d71e17990d76d603e1bb6d275c888be,0,1,0,2015-07-09 14:34:58,531,45,1.3181,576,3,2,9,1128,25,49492.3901,816,323.3436,6929
4475,72b5dc980b64fee10c886c37adcd0e878f889d91,0,1,0,2015-07-10 14:53:13,616,351,2.3247,967,16,10,2,52,27,54763.4692,83,18.5729,110
4476,0dc6849a594b61a6cad8ee582ca1758f0349a72b,0,0,0,2015-07-10 15:21:58,777,814,1.0204,1591,10,4,1,41,116,53772.0511,1000,575.0,3033
4474,db0b0087b02985f55bcc6e65571b11ca33b0886f,0,0,0,2015-07-10 15:26:05,245,45,0.0789,290,62,1,6,916,2,71037.6158,15,13.5565,3033
4477,ed30ff4de46deb524d9449768d7199d99e3cc0f0,0,0,0,2015-07-12 17:33:38,6970,8778,5.8891,15748,80,44,2,1377,138,49634.9392,877,268.0496,1498
4507,3d5d63f7f80f3dfb353a86b10cfbed653b24421f,0,0,0,2015-07-12 17:42:49,1759,7,4.6287,1766,7,4,1,516,93,22987.6395,943,247.071,4014
4471,efa62df879c608daa1750797e2a34ffa928592f9,0,1,0,2015-07-12 18:26:20,8898,2113,1.2681,11011,2,2,6,41,21,35472.5821,872,341.5534,2292
4480,d94dfde570632e6114dbca44c6464f204c198866,0,1,0,2015-07-12 19:34:32,259,74,0.4553,333,2,2,1,50,21,3928.7599,800,278.6379,2227
4483,08ca9ffa9a95610c073145a09e731311e728c4fd,0,1,0,2015-07-13 11:32:20,141,8089,2.7431,8230,5,7,3,36,26,60541.1187,1000,575.0,3558
4478,01c74338ff44ea7f3735a7eb94b2ce01ababc505,0,1,1,2015-07-13 13:12:04,1285,135,2.5611,1420,6,4,1,818,16,66367.4817,786,269.2556,6918
4473,84b39dcb50167368d45882a88842760237fa3560,0,0,0,2015-07-13 14:27:01,19,386,1.9994,405,1,1,2,10,7,2208.6833,821,334.8817,6890
4481,91675296e1d0fcc503ab3af9c5da7fdb83b78fc5,0,1,1,2015-07-13 22:59:20,8898,2113,1.6586,11011,4,2,1,1041,7,37153.4,432,155.4198,209
4485,2d191ab05fff3392697fbce8dd909003c86d34e1,0,0,0,2015-07-14 16:34:05,510,138,4.5964,648,33,4,16,55,22,29594.4936,1000,25.0338,102
4487,f798df8d4251e74096681b70b2784e11ae1e89b5,0,0,0,2015-07-15 14:08:43,6363,66,1.0701,6429,83,2,2,56,35,38726.8366,179,99.5161,196
4489,9be1de34cc64c339082d581b603127df28a04eb9,0,1,0,2015-07-16 09:54:42,17,2926,0.0197,2943,24,1,5,989,8,9075.0127,98,36.3248,9
4486,466f9bf9c98b05bf35ca29af1b04343b7c9ea5f6,0,0,0,2015-07-16 22:31:09,19,1275,0.1059,1294,1,5,1,868,107,84855.8304,374,143.3238,176
4828,50344d70deb6348923f42a1ddaaf0e570708bc71,0,0,1,2015-07-17 12:18:09,1759,37,2.3808,1796,6,2,1,31,11,24703.6319,27,25.8707,4335
4680,75d1639a5f82dc6b67cb6ab3f3824d1c9191fd23,0,0,0,2015-07-20 11:02:21,98,399,4.8556,497,56,4,3,500,95,34818.0869,788,252.7587,4235
4498,e86f451705315ea7d1ed4d3821e08dd2225d84c0,0,1,0,2015-07-20 20:38:15,678,2388,1.6991,3066,7,3,2,32,29,58347.0369,875,297.2625,524
4492,efafaee83c01afd9e072a1a182a392097902bad8,0,0,0,2015-07-21 15:13:36,139,78,0.0664,217,3,2,1,21,32,33022.4387,820,325.5658,2441
4493,1d373a7de39ac3fc14d69025122b04d27ec9d7ba,0,0,1,2015-07-21 15:37:21,37,30,0.0857,67,2,26,6,1021,6,21721.3255,105,26.1716,63
4490,13762149d404d51fd8d8106bba8bbe7bfdccbdf2,0,0,0,2015-07-21 19:54:08,5665,4441,0.3175,10106,71,4,16,666,114,31554.4966,1000,710.5,3632
4495,c9cfb17cb095def8b8ea0ed1b598fc78b890b874,0,1,0,2015-07-22 03:38:13,2174,3829,4.0739,6003,16,14,5,76,60,45873.1061,66,40.3256,185
4497,efca79cfb7b496b4bec70561cc94af069c644ef2,0,1,1,2015-07-23 13:19:57,8898,2113,0.2997,11011,3,2,1,14,8,34824.9121,180,76.0732,989
4502,fa78be6df45213406cb9b8a6299ca1f4bc085191,0,0,0,2015-07-23 14:45:58,2182,55,0.0998,2237,68,2,11,1106,12,26477.9409,211,64.3631,1014
4501,9b1343d7f7a06d8f1294effe53daa3b69b5efd2b,0,1,0,2015-07-24 11:42:07,94,25,0.9293,119,2,2,1,1051,1,29806.1539,197,78.8342,932
4519,100e8c5ff9f6d25b3d5db326a5f31b9c4432e334,0,0,0,2015-07-25 13:17:55,165,965,6.2875,1130,99,3,2,618,99,62857.5337,497,69.8547,662
4506,571084152f81f984fa4cdfc2122c3edcf5b62abd,0,0,1,2015-07-27 11:23:18,50,1275,1.6625,1325,3,5,2,868,6,83283.6979,65,37.8851,186
4510,042b2e81f626621193aabc2a5cd0a6a9ca0e293d,0,0,0,2015-07-27 15:29:57,160,29,2.4423,189,8,5,2,50,13,54108.7022,197,140.0819,608
4509,a0556efb233f15c6985d17886372a8b4b00392b2,0,0,1,2015-07-28 13:07:43,903,1143,0.2584,2046,5,3,8,44,6,54310.3328,792,284.463,1520
4482,2d237e18a2f7cf21721340933c505bb518c4fc66,0,0,1,2015-07-28 16:08:19,122,267,4.9874,389,50,2,1,1020,3,65402.8644,810,324.0582,1128
4488,73af891141f453d607104e28d3a0e0a3438a409b,0,0,1,2015-07-28 20:01:32,52,15,0.0783,67,6,1,4,26,2,2895.5827,150,152.3633,747
4512,e78b80c4e4a99385ae5ef5a9afc9f8a64533a9e3,0,1,1,2015-07-28 23:58:32,71,171,1.6336,242,6,6,6,73,35,48536.2576,1000,24.2668,123
4528,9311b9a9da57796e1eb91aa0ec5fa8948b732a47,0,1,0,2015-07-29 11:09:03,1983,638,3.0134,2621,10,3,2,520,103,51485.714,260,349.4449,8381
4515,833862a999326a8c1b236af0418c7bd3423c7097,0,0,0,2015-07-29 12:49:23,1961,3,0.8999,1964,4,2,4,871,15,80822.7179,877,289.8686,988
4517,b3dc3f050c125978f4fb14ccef230938e60a9198,0,1,0,2015-07-29 20:49:13,172,59,2.3148,231,8,8,6,986,23,73172.0449,1000,710.5,67
4508,83e14cb15a41c417fd7d024c383a4f4d50ec5a19,0,0,0,2015-07-30 05:26:40,81,7302,0.8958,7383,3,4,2,1020,2,67409.269,164,122.6011,716
4521,ce622aa99f6ec6b4325f11dbd6211a40d97c48ed,0,1,0,2015-07-30 09:13:03,110,7302,1.192,7412,5,5,2,5,27,64413.4895,32,31.1359,3033
4522,a56aad74eb35a19623d58b6dd0228ec5bc1bb422,0,1,1,2015-07-30 11:49:52,56,1275,0.7777,1331,3,2,1,16,5,86277.0,159,93.2756,905
4526,83102f0ea052e7f7c43c9ba6aaff0dc1c24791c9,0,0,0,2015-07-30 12:07:42,22,2648,1.1393,2670,2,2,2,987,5,17683.2239,197,114.3917,827
4505,1b3bdce5ccb24a485ebc6452d16f78c770486481,0,0,0,2015-07-30 13:03:23,1961,11,0.054,1972,51,1,1,17,10,80699.661,78,31.8175,8
4520,1919ae735ca557dad5f05bf787599b76fe80928f,0,0,0,2015-07-30 14:49:01,61,50,0.0957,111,2,26,1,70,30,18170.0,124,59.417,331
4523,a41bc8cc137096916e79f145387804fe94864307,0,1,1,2015-07-30 15:38:43,9591,25,1.0281,9616,2,3,2,48,20,53591.4988,7,3.6167,6
4527,aa0105aa309da0dc8570b47880bb0624114e8231,0,0,0,2015-07-30 16:26:32,125,1794,1.4746,1919,9,4,1,820,3,68824.2091,845,298.3523,7036
4529,af88aa09ec94d4d11f38a7134d36793420d7d19d,0,1,1,2015-07-30 17:02:14,98,8613,4.248,8711,72,24,2,1183,36,31457.7464,870,350.9019,9864
4537,6e1de9889fb4c6fdf0cd6f4892bdbbafab4c1e48,0,1,1,2015-07-30 19:47:01,8898,76,1.7441,8974,3,3,2,23,11,35244.1211,387,145.0718,74
4437,f1dd914de21313a90c3799438f1318349dd5d6df,0,0,0,2015-07-31 20:12:18,5613,3829,0.1285,9442,98,2,12,22,4,48353.318,126,80.616,365
4531,81f9b214a37aa81017eface6ba43f24f845a4ec8,0,1,1,2015-08-01 15:34:39,8898,8,1.4902,8906,6,6,3,641,104,33844.5243,1000,710.5,2713
4533,c58ba3da90884846a52b174098c782eb08308c25,0,0,0,2015-08-02 13:51:14,4307,123,0.1682,4430,40,18,5,42,109,16673.6187,877,269.6085,1262
4513,645d7cd9e437d3de301ca0ce5c9cdc87bcce494b,0,0,1,2015-08-02 13:54:44,2985,91,0.8178,3076,6,2,1,986,2,74281.637,872,341.3966,408
4536,7ee0275804232056b144fca8e9bb41bab37cef68,0,0,0,2015-08-02 18:44:50,869,101,0.0688,970,24,15,5,989,4,10078.0,802,322.566,1140
4532,fab9ce5d87976d22c2fec0cfb732fb6526d6ee15,0,1,0,2015-08-02 19:38:31,310,8089,3.7871,8399,41,9,1,34,18,62097.755,77,47.5666,43
4534,24dee42e0a68a38e87a5ec53e683c086a47698b3,0,0,0,2015-08-03 10:33:47,9591,1143,6.2622,10734,7,41,8,526,98,52793.7273,775,365.8095,1454
4538,941ac6dfd446d8e97e2fe2f589164978602adf94,0,1,0,2015-08-03 10:59:48,1057,93,2.3656,1150,12,3,1,1243,2,40845.1422,833,452.5167,25
4540,5bf2197b148f2b9857d9fcdb5859f37ee8997100,0,0,0,2015-08-03 11:52:12,6970,469,1.5198,7439,80,4,2,85,3,52065.5389,884,340.2391,2257
4546,c3ef61de934a9c447ec442449c527ce719ee46c6,0,0,0,2015-08-03 15:41:57,138,130,1.1109,268,4,5,1,668,125,70067.4972,816,294.382,8372
4545,d0cd1c7d428a2bde6b955599b247b209240f2a34,0,0,0,2015-08-03 17:23:57,684,59,3.0268,743,11,1,2,58,107,81877.6703,777,338.3672,1236
5017,d570d078ae8e566586bf82bd7d3adc7775e30e2f,0,0,0,2015-08-04 03:30:58,157,8778,5.8891,8935,80,44,13,35,6,51443.0407,25,22.0086,65
5018,4ca7df592538edb6fd69159c7b955673ed3af820,0,1,0,2015-08-04 08:11:10,808,521,2.1399,1329,5,3,2,1177,13,41036.0,112,82.7309,3064
5052,06b37bf550315bd1d5be7dc3ed6638fd21768e1a,0,0,0,2015-08-04 10:45:22,2651,1238,5.4776,3889,7,30,2,671,98,57012.7994,401,73.2778,409
5023,b19e5e3bb39fad27962415ae432d616aa98fc298,0,0,1,2015-08-04 12:12:46,56,694,0.1353,750,38,14,6,24,25,12165.6452,1000,575.0,57
4500,5546a1efabcc9c5f500abdb4e38a5cc05d35980a,0,1,1,2015-08-04 13:30:28,144,39,0.916,183,1,2,1,24,12,60141.4118,85,31.7253,126
4554,5226f0b4634da95f9cedfb092d6b736f0ad471b9,0,0,0,2015-08-04 13:35:00,59,575,3.182,634,24,2,5,689,0,7567.4754,934,248.8356,1582
5024,3e73496c59c6e468be265afd931370efa6ba2d8a,0,0,0,2015-08-05 15:16:34,46,93,3.6595,139,3,18,4,871,6,78887.5512,780,288.0428,937
5022,26c6447e92e0bb07de80ab0de0bfcc08e7d78405,0,1,0,2015-08-06 03:52:35,816,147,4.1009,963,36,12,6,1177,39,44693.95,67,710.5,3064
4465,685086a3dd9afcec2eec76485298bc7b3f031a3c,0,1,0,2015-08-06 13:18:14,2282,7115,2.5093,9397,17,7,3,665,29,63149.1639,260,329.3038,8824
4551,143ec4f3132974a2ed3ea8683964a65bfe288a59,0,0,0,2015-08-06 13:42:54,8898,2113,0.9504,11011,3,3,1,5,6,36401.3678,9,21.816,89
4549,a5b84b2b8284bcdaa649050b5090d79d8b58344c,0,1,0,2015-08-06 14:55:32,13,5083,3.9069,5096,1,1,1,1022,6,200.9599,847,305.6805,55
4539,441ebf1ff381a6b4d9b6b289766d814195e560cb,0,0,0,2015-08-06 17:31:14,314,2648,4.808,2962,4,2,1,36,8,16396.1257,781,365.9166,1298
4543,f3dee23be8e317948a7414aa52182f0b7e2fb13e,0,0,0,2015-08-06 21:13:16,2138,53,3.2196,2191,23,4,8,966,14,54306.5138,1000,16.0216,116
4574,8f35988fc3edfeda8044a6675d04f111596b8e31,0,1,0,2015-08-07 09:28:20,9591,337,3.1747,9928,15,8,2,538,102,53288.8262,37,103.3406,583
4553,b42fbf7a81c5b57dcf9760825edb175ffd944fb2,0,0,0,2015-08-08 06:46:46,2753,8089,6.2875,10842,1,1,16,35,13,63256.4906,1000,11.934,3558
4555,10ce2e2d033ddafb326c3b9b81e19e669c19df96,0,0,0,2015-08-08 20:02:58,133,102,0.0404,235,2,36,17,18,6,42746.1878,97,57.1186,11
4561,240e8895c6e1d5ea6f67370d276cb58fd0ecddb8,0,1,0,2015-08-10 12:06:52,2932,144,3.5676,3076,23,9,2,82,34,50388.4531,30,23.0748,2844
4558,2da82f9154f9563e3fe8454e153d372b4bf18996,0,0,0,2015-08-11 19:40:21,144,8778,2.4585,8922,11,9,3,1377,12,50126.928,1000,710.5,101
4547,7cc85c7d02698cf4b3e324e496fcee7aa43a4b2a,0,0,0,2015-08-12 20:46:44,3,138,1.3736,141,3,4,16,0,22,63961.4327,1000,575.0,95
4544,3a8302998d2fc7f38504c238916bc7d0dada2320,0,1,0,2015-08-13 06:56:47,2060,431,4.9244,2491,42,14,2,1243,10,40705.7095,34,19.2952,278
4535,852d19c6d24adb951a5f85e82324e300ae6f7dea,0,0,0,2015-08-13 14:44:24,411,245,0.1084,656,1,5,1,37,20,83353.9843,802,332.5873,6876
4559,4cc8d66fbf7d288581d1912527f54c3d0f1943d7,0,0,0,2015-08-13 15:00:18,410,386,1.9994,796,2,2,1,120,6,2693.2008,791,346.9313,7193
4516,c34af2068336f28021d27b878523c055ed5afecf,0,0,0,2015-08-14 16:06:29,2985,2012,1.1976,4997,1,4,6,63,5,73382.0663,892,279.3771,867
4579,92b1e471d4762545637817c74f9396765984b39a,0,1,1,2015-08-14 21:32:35,873,1521,4.3089,2394,39,11,1,766,102,32080.2437,892,349.62,9443
4565,0a7cc02354abc985b92704729a8c12a856056398,0,0,0,2015-08-15 09:25:25,20,74,0.0585,94,99,38,16,7,134,62703.9322,1000,575.0,3558
4566,8a59f87bd4b3ec15d9bafae8e7de6d8a55e070b1,0,0,0,2015-08-16 03:56:18,869,26,0.0315,895,1,15,1,38,15,9210.0765,21,575.0,30
4567,0ea0bc12b3f8a8a82b6fca563340af547c0a02ab,0,0,1,2015-08-16 19:40:49,1759,23,4.6287,1782,59,32,7,827,0,22662.9264,26,710.5,4335
4563,e4e44bedbfb68770fb2cbd89dedaed892b58274d,0,0,0,2015-08-16 21:17:26,1361,2240,0.1519,3601,2,2,8,1050,17,23259.4239,816,292.2644,6558
4564,63ee34c5b894e2795e74a3c2aa3d5dc9ac2d5b88,0,0,0,2015-08-17 03:31:02,6970,85,5.8891,7055,80,2,1,1377,9,49565.9907,1000,18.9998,2844
4568,ff28981f97cc434fb00ff7c931004888a84ad6c6,0,1,0,2015-08-18 09:04:48,1353,733,3.7086,2086,53,12,6,32,57,41814.5199,811,297.7468,11734
4570,09fdfda7f25cf95426bc43ca33ed7bb39c7d353a,0,0,0,2015-08-18 09:11:13,4779,131,3.4579,4910,7,6,17,1177,133,42134.0488,782,287.2313,1817
4571,6eae11f34943ea835eaae38651c64c98666e01d7,0,0,0,2015-08-18 13:00:42,1278,901,0.1382,2179,90,11,4,30,6,77605.295,746,710.5,6111
4573,bf8c8e54094151348caedd3120931516f76c3cf3,0,1,0,2015-08-18 16:15:40,856,353,3.3229,1209,36,26,5,107,69,44333.863,138,160.2277,699
4603,01b0fc8fc44d2454ef351928e73f5d49f9e41247,0,1,0,2015-08-19 14:32:30,327,496,2.9883,823,13,7,3,631,122,71879.5075,853,346.7287,8687
4595,628e5f716d0050674da5251f254b21b6012a1519,0,1,0,2015-08-20 12:48:13,866,639,4.1234,1505,11,13,4,0,117,63921.6562,260,351.0797,7520
4577,1984a3fbc22498b6e88b3c3144e59c2af098f1e2,0,1,0,2015-08-20 15:06:16,179,2240,1.1683,2419,6,4,2,1050,20,21786.4285,814,296.9496,6936
4578,b29a5d446b1b3b2cea5f0bd3230f854f3eecdd3c,0,1,0,2015-08-20 15:06:57,468,8778,3.5273,9246,21,12,13,1377,18,50905.1332,19,710.5,2844
4580,b264b010062575428f7301a31495df0171c9505e,0,1,1,2015-08-20 16:43:04,520,344,3.4359,864,25,11,10,185,59,30139.5677,157,69.6256,533
4581,d05d386aaa50fe88a18dbde8557d12eea874f592,0,0,0,2015-08-20 17:09:56,469,50,2.5,519,1,6,1,37,16,3056.8025,863,272.6547,2485
4575,c6391dbfd1eff0ba57da412485d89755e591a601,0,1,0,2015-08-21 12:06:04,1200,150,2.7179,1350,8,8,2,1377,14,50393.819,358,91.1967,2790
4583,99a351e4ef3048d8beac9f287d67c6f3ce3680b0,0,1,0,2015-08-21 16:19:24,484,5931,3.1522,6415,15,9,4,92,49,41813.4066,823,319.2341,10984
4588,166b3705c9079efafe9217d98e7edaf54e6a84cf,0,1,1,2015-08-24 16:21:52,43,18,0.9573,61,2,32,1,11,7,25653.0279,9,20.6891,4335
4593,d08733df2b995bc794ad4885b2fdb207578b647a,0,1,0,2015-08-25 12:12:46,135,8,5.2754,143,1,1,1,986,0,72778.0104,3,5.9721,3033
4589,948b6e0575bfa82815916cc15e4373faa539cf63,0,1,1,2015-08-25 14:52:04,154,46,2.1013,200,9,6,3,1033,22,46456.1624,1000,6.9951,43
4596,0cca527f769aeb3f89fa44cb8cdfe5410e552289,0,0,0,2015-08-26 08:56:27,386,291,0.3209,677,80,2,2,1377,24,52359.5979,708,101.3776,149
4585,ced6a1993815fc61fc0c4b68370d9af76de68c71,0,0,0,2015-08-26 10:29:58,261,2012,5.2754,2273,70,2,1,86,40,74142.186,877,264.2777,2167
4592,c438cff86d5ef65a753f439b8dbca6f897611a7c,0,1,1,2015-08-26 13:46:20,154,158,2.4074,312,5,3,1,1051,2,32164.9925,412,125.2482,2611
4597,4a5fe4e631d53c0c940c2899978ee72e23690c86,0,1,1,2015-08-26 15:14:09,380,168,1.8204,548,4,4,1,1128,13,46753.007,820,323.5193,6937
4586,366d937a4599e5546052c74c595cad417ae69588,0,1,1,2015-08-26 16:03:28,81,17,0.0508,98,6,1,1,22,15,4321.1902,204,91.0885,908
4591,08500f262234445113c6074d3ba29ffb68f1aa33,0,0,0,2015-08-27 06:11:57,52,2465,0.0429,2517,2,1,17,17,133,41368.0845,1000,710.5,3064
4604,38098cf2223f1779df06b1b7b79ab5261ba33d8b,0,0,0,2015-08-27 14:27:28,2651,89,0.1502,2740,3,2,1,34,3,59033.4389,796,341.5149,1569
4584,74ed714534c832de4376f7acbd4896c7a93273de,0,1,1,2015-08-27 17:33:00,136,108,0.6162,244,76,1,2,1177,4,41723.1167,849,323.5479,1137
4606,cf225f0f96bc3682d2886212eb5b7b4c8c64c0b7,0,0,0,2015-08-28 10:29:56,21,7302,0.0316,7323,50,1,1,1020,3,65459.1573,87,32.7693,52
4618,97ad55f1d89839dc9df0066540b5fbc260ea3f4a,0,1,0,2015-08-28 12:33:49,977,163,1.801,1140,15,8,2,550,100,56099.8937,162,131.3339,315
4572,554b77bcd9ed66d57d99d4990774a43f35f6a835,0,0,0,2015-08-28 14:41:21,8898,38,0.7519,8936,3,2,2,1041,12,34299.3512,224,123.5143,150
4600,a18994aabfba7c3775f6dc911bd9d59016216817,0,1,0,2015-08-28 15:01:41,295,188,2.4761,483,17,16,4,120,49,46345.9032,52,6.8481,301
4609,0ba53558f9b56b1e17c84ab8e4ee639ca09b9133,0,1,1,2015-08-28 19:05:20,815,242,3.8856,1057,33,22,3,207,44,33484.4155,877,352.9088,9235
4601,e45fdf71136cb37618fabd7b4bd6179c5c6f5a55,0,1,1,2015-08-30 11:54:15,47,2,0.6006,49,3,2,2,41,8,80201.6031,224,95.6505,3033
4599,5d98e77cd740dc991978dbb1d026954f733786a8,0,0,0,2015-08-31 11:50:29,50,10,0.9153,60,3,2,6,35,6,11549.8465,36,25.3865,47
4608,ac9a911723d0d81ee9c4d8231ee81bbbafff2575,0,0,0,2015-08-31 11:58:52,2651,2388,0.0944,5039,87,2,10,1068,13,56651.728,172,71.1292,864
4548,24f7fa9ef73c9f8b08d85296323a264b33a5b9ab,0,1,0,2015-09-02 09:47:56,60,41,3.6595,101,51,18,1,871,108,77680.7622,16,2.8352,3033
4613,b9148b667d24d4d30a0fd877848c1178e4be647a,0,0,0,2015-09-03 14:09:18,406,19,1.8753,425,3,1,1,1068,134,58130.1526,11,8.8515,24
4637,18004343ba28f83606432a70871c6264bb925544,0,1,1,2015-09-06 00:56:26,13,8778,0.4443,8791,5,5,2,568,104,52343.7969,1000,32.1813,90
4615,2f8bcf538e025a953ac70f4f6d13f277111ee2a1,0,1,0,2015-09-06 04:15:12,231,2465,0.9564,2696,3,2,1,1177,133,44073.6995,1000,16.5341,22
4612,601e8c607d974ef96e45d1dc3d2be367f5ddfb32,0,1,0,2015-09-06 20:18:13,1011,465,2.1598,1476,4,18,4,44,6,80559.7753,1000,710.5,3033
4186,c923fb3c1c1d61462e1079198ae9fb735bb0acf2,0,0,0,2015-09-07 06:55:11,36,8,1.2017,44,3,14,1,1002,6,11719.6852,1000,18.4436,3033
4614,9c2791b0a1b8bd3b0fb189220749d1c82f7a0d09,0,1,1,2015-09-07 09:34:48,856,4441,2.8889,5297,11,6,16,1051,7,32895.425,776,51.4365,291
4605,9292e5c4d5f10063853c687dfaac4ed84ecc0631,0,1,0,2015-09-07 12:53:07,16,48,0.8531,64,2,2,1,989,4,9398.6215,847,302.7233,2369
4189,c09d14a9d836d099c32639180dd58216ae6149a4,0,1,0,2015-09-08 13:21:23,284,187,2.6282,471,13,9,2,47,4,57894.7419,858,285.827,3590
4188,b18e410bc336eb46497aaa75633c16ebe6139554,0,0,0,2015-09-08 14:19:24,10,618,1.283,628,3,2,1,1000,9,4327.8508,877,341.8594,1237
4190,d0502e4fb9338c6ed44a2c0a925aa2f60ebeb7f2,0,0,0,2015-09-08 15:22:23,4779,39,0.9281,4818,76,1,2,74,31,43942.0978,812,322.322,2082
4198,8754352ff53cd1ab621d6c97f7e5baac369b5c28,0,1,1,2015-09-09 12:32:21,169,227,2.0684,396,2,3,1,916,15,71263.6406,381,111.5565,40
4195,361947d6c5490f0c6d04ffec709a353995aad373,0,0,0,2015-09-09 16:59:43,20,193,0.7354,213,2,2,1,17,13,13540.1453,812,335.3724,6576
4199,407d74fd004bbd11febfa553c381e828115d8bfb,0,1,1,2015-09-09 18:12:09,175,93,2.3646,268,7,5,2,24,6,27316.5232,821,302.4093,1283
4193,0a8df6d513fa59d650ff875bdf3a1613d0f14af5,0,1,0,2015-09-10 13:35:39,340,85,3.1025,425,19,8,3,27,25,56058.579,85,19.276,119
4211,b3f791727c0713251a4b02a766eb177eb9327113,0,1,0,2015-09-10 13:47:28,358,700,3.7437,1058,26,8,2,0,139,64105.2803,802,353.5453,9186
4197,b73fef24201048a6bec00d6083339534c59031df,0,0,0,2015-09-10 14:02:51,190,2648,0.0855,2838,40,1,5,21,11,17449.0265,12,12.7857,3360
4187,a75dd6270fd47720ae1c2ce9464ff6b8f7b43d39,0,0,0,2015-09-10 14:16:35,12,618,2.5,630,6,1,4,1000,1,2330.5096,77,710.5,113
4202,635456890fe4d43a1c365d84ae45b5f34af056ce,0,1,1,2015-09-10 16:47:45,160,42,1.1724,202,3,2,8,1,4,55914.7336,188,101.757,110
4207,a492ed922efd53c7f0545faf597ebf4cd291085f,0,0,0,2015-09-10 17:40:30,99,112,0.2583,211,4,32,1,827,8,23253.7066,781,343.2968,1172
4204,ce68cbd91621b1a58cb34b33ab27762c6525cfa0,0,1,1,2015-09-11 11:52:04,185,47,2.5269,232,5,3,1,1243,3,39232.5446,46,26.4038,159
4205,8acd15d82f4d29088d0ecda5b74479ede48b84e3,0,0,0,2015-09-14 12:02:38,22,2012,5.2754,2034,2,19,6,8,1,72117.073,16,13.5257,49
4212,b8f58fab56c727b8d44d2a90bbb389ab7544989e,0,1,0,2015-09-15 13:00:17,4068,1529,3.2879,5597,19,12,2,1128,9,47038.0425,775,363.1472,9619
4208,d58caa8ec88c348bef540cb5959d80bcf9bd894a,0,0,0,2015-09-15 13:21:20,2651,40,1.6074,2691,2,30,1,50,21,59209.3762,74,48.4871,2713
4240,7a67a60f934123863ca96a95e30471c99bb8088a,0,1,0,2015-09-15 21:59:31,558,351,3.787,909,25,12,3,665,118,59481.3328,97,575.0,437
4692,31f63178df2f81682527ba3debf9027bde78149b,0,0,1,2015-09-16 13:10:48,323,3962,0.2868,4285,4,2,1,45,152,54857.8327,813,326.1984,6986
4213,b5a3f55a3a5cf8317f5e655bff89a8adad658b9d,0,1,0,2015-09-16 14:01:13,64,11,2.2086,75,9,5,2,937,134,57589.7051,745,79.0868,6071
4210,2c9e2c8bbe1547709d820949d1739f7ea2ce89cf,0,0,0,2015-09-16 16:29:54,19,25,0.0547,44,2,1,10,1068,5,59403.3651,8,7.3108,20
4214,482d4373facbf2e24bc76eb04b2a5550434c91b8,0,0,0,2015-09-16 20:38:40,8,5083,0.0315,5091,1,1,1,7,6,2172.0,823,306.1501,403
4217,d15fd337f32c551f5e754592b138391586f3d47b,0,0,0,2015-09-17 11:07:18,56,2926,0.1451,2982,3,1,1,55,0,6437.8982,801,300.7646,1725
4219,782549087eadd5fa7117c13b8175a20d5ce1c270,0,0,0,2015-09-17 11:49:57,6,39,3.0268,45,11,5,2,868,6,83021.4609,799,295.4497,952
4203,a74fa8ce93472c6d022852e8a4c1827d71f1bee6,0,0,0,2015-09-18 10:01:01,176,2012,1.8475,2188,1,3,6,986,1,73401.2884,862,294.9124,280
4218,3e233a3894a2701cc16c6cb3bc8778fc84482e20,0,1,1,2015-09-18 15:54:30,8898,2113,0.3001,11011,2,2,6,6,4,34927.0854,164,140.5817,667
4220,930c08ecbeac7012ec476229baded5a163f6730a,0,0,0,2015-09-20 00:35:09,100,307,5.3776,407,4,40,26,36,7,28914.4586,810,297.6723,6884
4229,a76d9638e83947d491e6ae1edb82f020b6ba8f54,0,0,0,2015-09-20 20:27:11,152,1143,0.0685,1295,4,2,2,13,2,52979.8679,76,72.3012,209
4221,f5476f294d280eea73b977e21862fb1c7ad0a2f1,0,0,0,2015-09-21 09:27:24,16,81,0.1111,97,1,1,1,46,6,1319.1527,211,87.5655,3033
4224,6d1656a2148f63435a9b3dd38f4cbd196e88e3a4,0,1,0,2015-09-21 11:46:51,94,56,1.4801,150,2,30,10,12,11,58116.3798,188,112.5796,85
4228,435ee4ebb5ec2ac0086e1a5136125ecc1d7c89a8,0,1,1,2015-09-21 19:05:45,106,103,3.2277,209,11,5,12,1026,10,25365.5515,823,326.264,6513
4226,e727355e42bd0ad7d403aee703aaf33a68a839d2,0,0,0,2015-09-21 19:14:09,279,2648,2.6103,2927,14,3,5,24,14,17437.6753,79,22.7428,159
4225,7d78f36320e9e4b340ec930f2910ea3bbfe31424,0,0,0,2015-09-21 19:23:04,336,24,1.6102,360,5,18,4,871,108,77170.5484,224,53.8857,3033
4231,7825461ed517021a144d9afdeec0e96bdd65c63c,0,1,0,2015-09-21 21:07:43,897,261,3.0951,1158,14,11,6,43,18,66661.4995,27,19.764,122
4230,47afdfbf917130c1288b67260f6c6236eea148e1,0,0,0,2015-09-22 10:40:50,22,22,3.0268,44,11,1,1,868,4,82337.8661,180,118.1012,88
4232,6b26e236acaf1ace5ef62913a82aafa5ea0a1edd,0,0,0,2015-09-22 15:32:05,169,2648,0.3967,2817,3,2,1,15,11,14716.58,74,79.1462,83
4235,da248b15e1b1dbe09345d3bb186dc815a45e9a3c,0,1,0,2015-09-22 17:01:47,1176,205,1.6782,1381,7,4,2,1377,8,49997.0403,101,710.5,87
4234,5fb1c479f5e3f00917ebc2c623126b8966e46315,0,0,0,2015-09-23 10:08:06,52,3319,1.5714,3371,9,3,3,1243,17,40753.0421,2,11.9433,3033
4246,1f17ff5408ad0d8821b9b1a8a2d8ddf27be783cd,0,0,0,2015-09-23 11:28:16,9591,1143,1.5272,10734,2,41,1,20,1,53281.5495,813,302.6415,2477
4239,ea3b5efdddd6c5cf769dddcbcfef16b75574a59f,0,0,0,2015-09-23 11:31:13,2985,84,0.8282,3069,70,2,1,986,8,76192.1133,774,269.5748,867
4196,68912126d73b92a07d15ec3f21f9ac922744fb45,0,0,0,2015-09-24 03:20:10,6970,194,0.2612,7164,80,3,1,1377,6,51366.6809,27,17.2771,88
4241,a606c4a9e83e54397c88a70ea80a00e32ca61a93,0,0,0,2015-09-24 14:30:29,317,2648,3.1145,2965,7,6,1,73,21,16005.0663,426,153.6859,2933
4249,05d2138f081ff5fa274dab571b9327f96be693aa,0,0,0,2015-09-24 14:33:09,288,54,3.8601,342,14,4,1,17,116,55818.8184,403,125.1413,2805
4247,6610caeca4093fced35d478ffc596f935912b4c1,0,0,0,2015-09-24 15:39:19,4307,132,2.8496,4439,9,7,1,987,6,16349.2397,424,69.2466,2835
4248,bfaad37c0aa8ac43a282a8c9cb2e0d64fdf22f72,0,0,0,2015-09-24 15:42:15,2784,1162,1.4162,3946,7,22,1,71,12,64142.3855,349,56.6942,3097
4245,16afb8ec66a2a07733b9090bffe96af1e913bb63,0,1,0,2015-09-25 08:13:45,42,8,1.1798,50,3,3,1,871,7,81090.5561,10,13.7705,3033
4251,3be2dc1aaaeae4cbbfaecaf4998a64f1199260eb,0,0,0,2015-09-25 09:34:10,181,254,3.4335,435,10,9,1,56,10,49407.1506,353,134.9054,2829
4266,77fc0cc445e14eeef1952e0760f80912351574bd,0,1,0,2015-09-25 09:44:53,1971,602,2.295,2573,67,27,4,810,125,46198.4273,89,26.4693,1512
4257,dd51c97741b336d3a11e319183537eef864a84fd,0,1,0,2015-09-25 10:27:35,4227,3829,4.5786,8056,47,8,2,1033,17,48944.3333,330,181.3363,3028
4250,1243d7b9641f7504fd81d7ac3a2f57f3bb8bb257,0,1,0,2015-09-28 10:16:29,51,7302,1.7062,7353,7,6,5,88,22,66010.6585,158,123.6581,11
4253,0f17755766f2c4ada37bb196981c7dc01016f73c,0,0,0,2015-09-28 18:07:18,3581,12,0.0247,3593,1,14,6,40,17,12989.0531,97,43.4184,11
4256,a3c0b446383262a6643b0c0888d14b52ac732835,0,1,0,2015-09-29 14:36:04,270,716,4.0754,986,18,20,6,22,52,22522.0,869,349.2642,11937
4258,bfde1b7379f0a0aef21c836e5ac0842474c7f98f,0,1,1,2015-09-29 15:45:06,258,357,2.3791,615,13,18,4,65,52,35373.6459,799,340.4281,12367
4259,41717d12372680b9cd55df936c558a255ac25163,0,1,0,2015-09-29 18:29:09,1825,1143,3.0347,2968,14,6,8,52,14,55274.2196,415,102.0915,2620
4270,136347da8b555475d2ee3e33ab763a73ec827b3b,0,1,0,2015-09-29 22:02:00,846,517,4.3556,1363,44,22,9,543,0,47938.9221,64,710.5,3475
4274,82d6236173093b7e035a21360c7b69c67fd6ae62,0,1,0,2015-09-29 22:12:00,990,1594,4.0941,2584,30,23,6,559,1,30091.3182,901,276.3862,10928
4252,28d36cc921c50a32442bf6a11772a348d46d5749,0,0,0,2015-09-30 09:18:58,6970,8778,0.0765,15748,2,1,1,1377,9,49718.3818,105,48.4231,65
4261,54668242be36ca7d40eed0a187521a2c9a8ad930,0,1,0,2015-09-30 13:05:13,240,1143,2.4891,1383,7,5,8,29,10,54158.3719,401,101.2526,2647
4268,92fb06a1384cec0e659fcb7da4cd4c88394b27b1,0,1,0,2015-09-30 13:15:44,751,59,3.0282,810,11,5,1,1041,7,36964.0525,1000,10.2337,2713
4262,011cbbf7e4643234b1183b7ccc9c60d9f23a43ce,0,1,1,2015-09-30 14:45:14,58,144,2.1411,202,6,5,4,119,37,26303.3926,111,19.511,239
4269,846ad70642f755b39bd41f6f13b8f6aa5e98ac7d,0,0,0,2015-10-01 09:10:42,6363,208,0.2712,6571,5,32,8,1243,13,39380.0095,782,335.4629,1791
4271,df871b3ca1effdb2f4d5cbdb9d35c62a60a1564f,0,0,1,2015-10-01 15:42:42,12,618,0.0143,630,1,6,1,1000,5,4619.2108,99,31.7721,86
4275,739020110251aa98773695163bb23b52c48f8987,0,0,0,2015-10-01 17:59:57,27,1275,0.1201,1302,11,5,1,30,107,85216.8746,872,302.1698,1162
4276,f2186a604f407e7b6db534cf6f9e50e27eac765a,0,1,0,2015-10-01 20:26:25,432,26,2.1944,458,10,5,2,32,4,42529.0395,97,82.7134,469
4273,9fe285a77de5cd1a35ceb58f9295751fd3dd9e15,0,1,0,2015-10-01 22:04:40,557,187,3.423,744,20,10,3,1051,25,31509.9342,1000,710.5,128
4278,d486cde762fe64b8527eb02ba32931640597c364,0,1,1,2015-10-02 11:48:39,32,3382,0.0679,3414,3,2,1,12,28,69355.9359,75,45.3253,3033
4281,b7cf642bca109dced7dc1a02e831405887d7a9a6,0,1,1,2015-10-02 12:41:09,6363,70,2.0673,6433,4,3,2,7,29,38960.8509,833,24.8154,3033
4272,833b34776a6afe08f34d035318c88dffe7f9cb31,0,0,0,2015-10-02 15:40:31,228,422,1.6937,650,6,2,16,1130,7,62179.3022,349,97.1684,2819
4236,64915590168240d238259c249a418b7dcafc50d3,0,1,1,2015-10-02 16:04:59,65,3319,2.0386,3384,8,4,3,1243,7,38018.2703,26,1.3121,106
4264,88a977689aeec67a2e67eb0a1449abef407ed6ec,0,1,1,2015-10-02 17:57:01,114,2465,0.9124,2579,3,5,17,25,3,43364.7246,191,146.2181,585
4283,de14a80152f092fea661c1105cba87178a9e462c,0,0,0,2015-10-03 08:39:36,343,84,3.5279,427,18,9,1,2,18,45817.6299,33,4.0037,46
4284,8c2c76947a9a26e25d4539068b5253b265c71c23,0,1,0,2015-10-03 14:39:13,29,2388,4.1276,2417,20,7,1,104,5,59999.4866,351,91.1668,1
4287,a437a2b396eb473db5e649c3879c34b67fffc943,0,1,0,2015-10-04 00:53:31,305,2003,2.7991,2308,6,11,6,52,46,28751.0503,59,710.5,4393
4290,0de9d2ef66c9f111633c1a95dfc8e3100098b4df,0,0,0,2015-10-05 08:21:15,203,94,1.057,297,5,32,1,47,3,37389.1261,420,127.5581,2774
4279,2b81b17d5fea967e5b7be8fc00594e6144fdef89,0,0,0,2015-10-05 11:35:42,1961,2,3.6595,1963,2,18,4,10,1,81028.333,23,13.3883,35
4288,c3a4d1d9f720a1da9697d0bbf48f7a3b1f5851b8,0,1,1,2015-10-05 12:30:46,798,99,2.9905,897,12,3,1,1068,18,58599.9037,173,97.2173,995
4302,8634dbbe998af53471bed2f3a6557c722bb37b87,0,1,0,2015-10-06 14:33:04,2696,1371,3.6052,4067,23,9,3,564,96,60847.2142,291,168.6776,3648
4286,af1e03e131bbc72baa12b4ffdcde35648a41ad4d,0,0,0,2015-10-06 14:33:48,469,11,2.5,480,1,1,1,9,0,5374.3585,29,9.4177,3033
4292,03579bb5b008b21052ad29d51f0930e9c26c6248,0,1,0,2015-10-06 15:10:12,158,3319,3.6858,3477,24,15,6,21,28,37621.2275,58,38.4418,210
4294,b08669abf282c52b54c395b85e992edb8ca621d4,0,1,0,2015-10-06 15:14:06,4,1040,0.0,1044,65,25,6,1377,51,51490.0898,84,73.3348,2844
4295,0bac272c8309f2e7567ba762076bd75eeb8ea83a,0,1,0,2015-10-06 15:36:33,8898,2113,1.9847,11011,9,4,1,1041,4,34637.6269,427,140.836,2647
4298,28a38bb7dedbc10ceab9d4ae1dbcc15789e33211,0,1,0,2015-10-06 15:37:39,558,231,1.8009,789,9,4,5,989,110,7761.4875,344,143.6503,2532
4299,ce792b11a4a2b8d7b02a59dcadcc4c052ff5531a,0,0,0,2015-10-07 14:18:24,2651,76,0.2278,2727,3,30,1,1068,6,58838.5143,358,139.2112,1
4280,f9eea5e5a7d13d844e06d3eb6849268b3eaf4c08,0,1,1,2015-10-07 14:49:40,782,118,2.6433,900,7,5,10,1068,8,57499.2598,341,93.7187,1
4296,f332fa579635878a82594aa749db050272f1a35a,0,0,0,2015-10-07 19:22:49,1961,9,0.0508,1970,51,1,4,871,108,77023.0219,72,20.4023,225
4254,d18f5809808221f6bd7c045aa78dfe01dab2afdf,0,1,0,2015-10-07 23:52:07,1092,96,3.6251,1188,20,12,2,228,55,21741.6415,712,102.1605,6242
4297,c24dca501e1b0e1dcdc38d2e81e0a182bc2ae6bb,0,1,0,2015-10-08 19:38:39,902,416,3.0967,1318,30,13,2,112,8,47244.8843,766,340.0581,3294
4293,c2989f2b1839055858e4b328473d0a8313094ff3,0,1,0,2015-10-08 22:50:07,337,350,2.2015,687,10,15,4,46,45,20563.3119,813,112.9814,6964
4309,f2d50386c8ad3c2faa492cfbe7c7f75dbbc49035,0,0,0,2015-10-09 16:20:53,2467,3382,0.2351,5849,62,19,1,57,119,71249.4885,809,282.057,1223
4305,b81598ef25176c5b712975ef25c9bfe4ef0f16b3,0,0,0,2015-10-09 17:31:30,4307,237,0.3338,4544,40,18,5,125,7,14742.1058,784,261.2593,714
4307,ca8c73db2dbb4744968f4c8fa77841f44cb1773b,0,0,0,2015-10-09 17:34:16,62,3382,4.9358,3444,4,2,6,24,119,70644.565,878,335.9055,1151
4312,da159ef563e934cda6f802aa5535986356760f35,0,0,0,2015-10-09 19:40:28,3581,694,0.1366,4275,2,14,1,45,4,11982.8704,806,323.9191,1001
4306,e3ad96211ebcab4317a7bb1ba42dfb1a9302aafd,0,1,0,2015-10-09 21:33:25,28,83,2.8267,111,13,10,3,76,48,44521.0,793,710.5,6138
4310,d38aeaceb3de56fd62266f65836ea5e97c161212,0,0,0,2015-10-09 21:46:10,1961,6,0.0687,1967,51,1,1,18,6,80985.9304,1000,22.3737,3033
4313,7c2054326b259bde0e8dd28d3428e63fd285454c,0,1,0,2015-10-09 21:59:28,216,162,2.9661,378,21,18,3,143,17,36794.451,801,337.0378,5019
4330,d68c8b1d59493923bc980ccadee30afcab1dfd35,0,0,0,2015-10-10 01:15:15,6970,565,0.1602,7535,3,44,1,651,111,51800.4227,797,290.6339,1206
4315,c78adedc341f985c49dcb34fde4773d25c0b8c18,0,0,0,2015-10-15 14:49:19,286,8089,2.0045,8375,8,1,2,30,2,61249.6364,94,80.2562,203
4316,e5ee55bdaf0dcd6e3dc38b52964a8570b22dd671,0,0,0,2015-10-16 08:48:30,121,8089,0.3158,8210,1,2,16,7,134,60544.5703,18,11.1798,3558
4314,640e63beef0b60891178affc7a6e8f0d01a5d000,0,1,0,2015-10-16 09:11:40,951,488,3.2588,1439,21,7,2,46,3,43755.6884,140,92.1611,250
4318,34c232e9bd8400b8409434116d0257cf643a0eaa,0,0,0,2015-10-16 14:31:11,115,2388,5.4776,2503,4,2,10,45,4,59677.9482,784,287.1329,300
4322,a8eeb3bb1314d6c6cc19001181539d74bc25f419,0,1,1,2015-10-16 16:46:01,118,2465,1.0654,2583,76,3,1,1177,133,41265.7378,845,304.2837,1097
4323,f760b616af0e1608cb4c190aeb264da72f624f4c,0,1,0,2015-10-17 11:35:24,46,215,3.6858,261,22,5,2,916,3,69996.9446,348,79.9924,2977
4319,d047ddb494460b3573514d4035341a247fbcb9c0,0,0,0,2015-10-18 08:48:01,9591,39,1.1378,9630,2,4,2,31,5,54610.1898,118,64.776,188
4339,bd61f2dbdf1a0215363ffa8416329e1dbf277593,0,1,0,2015-10-18 18:23:23,890,1136,3.1519,2026,12,9,8,595,114,49803.1958,552,88.0518,1688
4325,d6567a00fd7814dfa99b62a1d0ae3db208ae3346,0,1,0,2015-10-19 08:33:23,54,59,0.1159,113,2,1,1,916,119,69984.2433,375,119.1938,2772
4340,3abbcd1eed42c2f7a65243ec6f27d16dbfc235b5,0,0,0,2015-10-20 01:49:34,408,495,5.2833,903,76,36,17,549,115,42018.1296,75,53.3083,198
4320,daa357aca1fe7745eb7809ac384c5fdc14bd74db,0,1,0,2015-10-20 07:28:40,754,19,1.4698,773,6,5,2,6,7,52873.2018,15,6.2368,46
4326,dd3264e6360130c935267a13ff23db9ec3128d18,0,0,0,2015-10-20 14:47:58,42,3382,0.087,3424,62,1,1,16,119,71006.1835,92,2.2517,119
4238,22510f0e28af4f7910f5164e537bfb04378f79d5,0,0,0,2015-10-21 09:37:44,71,20,0.0278,91,1,36,17,1177,133,41841.6245,391,114.5827,2020
4331,42a4df2d475910a9092a5f7251d4897d00b4fba9,0,0,0,2015-10-21 13:06:42,9591,1143,0.0596,10734,79,2,1,14,116,54445.1501,379,107.3278,519
4332,b198c33a75f0ea50f4da0d3b2b0e3f45529ce2c0,0,0,0,2015-10-21 18:41:07,2985,2012,5.2754,4997,70,1,1,986,3,73792.0928,177,70.1417,11
4335,ab2895fa988018300395557d110de23a3a2166c9,0,1,0,2015-10-22 10:58:26,2814,7302,2.7004,10116,11,12,1,8,42,65464.8516,118,116.8723,1362
4334,bbb75c599aba1fffa3f52b45af77ee9c7ece3ca0,0,1,0,2015-10-22 13:31:09,469,618,1.3929,1087,3,6,1,1000,11,4731.9304,142,29.1938,106
4324,3dc7423c4be8c15593a0d3d39cbac883f7c4cb7b,0,1,0,2015-10-22 16:58:29,428,177,1.4243,605,8,3,1,916,119,68406.1278,848,325.481,1010
4354,2ff04baa649831fe66a7fa1f3d5b4d7adf632261,0,0,0,2015-10-22 19:12:15,1759,1689,4.6287,3448,6,4,2,575,118,24174.9924,317,70.1137,542
4337,8543dd9086dba0f08d5021852cfa49224b12606f,0,1,0,2015-10-22 19:15:38,524,28,1.5532,552,2,19,1,26,115,76619.8286,387,119.926,108
4342,b640c017970df59c0de2bf7084da307062e84713,0,0,0,2015-10-22 19:18:04,6970,390,1.7053,7360,2,2,1,25,138,51524.5636,429,121.4622,142
4343,d353ef49a99a5524ff87784f8a983eaf99e028d8,0,0,0,2015-10-22 19:19:34,8898,82,4.8507,8980,35,1,1,1041,131,36410.2452,426,119.0214,123
4358,3333f84f6b9dc3eeab1263b66a6fee5b2ca419ee,0,0,0,2015-10-22 19:20:34,55,3222,3.9069,3277,2,2,1,497,95,626.1898,308,64.9222,3033
4344,3385fa3ab5584f74df93cb9597c0405d0be391f5,0,0,0,2015-10-23 09:13:37,6363,3319,0.8287,9682,6,2,1,1243,132,40326.8077,410,135.5398,1864
4346,e18cdd0498003417c2fe6b0f446f6a943fbc98e3,0,0,0,2015-10-23 09:28:58,8898,120,3.2264,9018,12,5,2,1041,10,35037.0986,344,134.5813,2074
4345,e696937788c0fcba78dcdf820a5ebb70f8086710,0,1,0,2015-10-23 09:31:13,216,5083,1.725,5299,5,3,1,1022,14,64.4644,350,86.4968,2119
4349,d056f11ddf42a944b113a4ad46874a5b4d237653,0,0,0,2015-10-23 10:48:02,195,242,4.3699,437,27,31,6,57,16,65790.1063,421,100.5707,938
4350,256a88a186dd7fe2a958d4bbc826fee3b806efc6,0,0,0,2015-10-23 12:38:16,6970,8778,0.1826,15748,5,44,13,1377,6,48979.5833,325,138.8516,1881
4351,30a832ec2f581d463ab79ca16c275d01df6931f8,0,1,0,2015-10-25 12:42:31,110,142,1.7481,252,5,6,3,30,34,60130.4448,1000,14.491,71
4348,348d501625eaa6999dda0027bbe2fb8e06af45db,0,0,0,2015-10-25 14:07:37,5665,165,1.1928,5830,4,40,3,1051,12,31179.3332,425,49.5493,2011
4353,7265d81ff95aff4ddfbcbd4ef25869ea8f159769,0,0,0,2015-10-26 07:15:14,238,23,0.0772,261,3,2,8,966,116,54981.508,1000,575.0,3033
4347,ad6f826584be7527c58e2126e2828f82afc97875,0,1,0,2015-10-26 08:58:49,266,113,2.2824,379,8,10,4,30,18,37805.9083,152,125.0846,659
4336,a8f1be923a4c4954fb0ae71a9c0ee672aaf2d797,0,0,0,2015-10-27 03:27:03,172,176,0.9425,348,87,2,1,9,3,58204.9747,1000,13.3514,54
4378,ebba20dfa87fda3719eccf5006fffa4c030caf2b,0,1,0,2015-10-27 20:22:45,697,0,1.152,697,80,6,13,730,97,49895.2255,379,710.5,905
4328,b654e989b60c6607f5f5bf757130c86bd0facd8c,0,1,1,2015-10-28 17:40:41,119,43,0.167,162,1,2,6,1041,3,36581.9464,778,59.9748,145
4356,f5957ce3b7d87d89052f0328e569b74ec8aaa3e0,0,1,0,2015-10-29 02:33:45,2075,140,3.322,2215,22,16,1,9,39,54453.6942,69,575.0,3033
4357,3ade4c79016b95ac5e38d7d2a16277a70e095463,0,0,0,2015-10-29 13:42:37,224,28,1.9094,252,3,3,2,1106,9,25888.4932,13,13.8196,4393
4359,143e5e0b815e34e4272525ed79bf9546995d1881,0,1,0,2015-11-01 10:24:13,108,3382,1.8925,3490,7,8,6,2,23,71673.1141,43,9.6261,166
4360,b80d89a6496060e18257e2c3a69536046e9da890,0,1,0,2015-11-02 08:03:55,299,26,1.6744,325,5,5,1,14,1,24113.0332,2,14.4502,69
4382,dd66e61ecc5da5b15a610f04b98c8386d141f910,0,0,0,2015-11-02 21:35:45,1512,298,0.3644,1810,5,3,2,744,1,21041.6829,133,69.1796,212
4363,31a2de86d9034def9c58ef7f3d3dcae3d4dafd6f,0,1,0,2015-11-03 14:18:19,414,31,2.7809,445,14,8,2,33,2,27693.4672,110,42.6208,122
4364,76bebd4236cd9cff19e6442e9ab3d6113665924a,0,1,1,2015-11-04 01:17:12,69,21,0.4214,90,97,1,11,34,4,43718.7105,770,58.0265,6067
4361,75a7c4b109be68c02b1c7733310f4f9000ad8bf6,0,1,0,2015-11-04 10:12:25,2576,3829,3.2551,6405,31,17,4,148,52,47665.3686,231,166.4869,18
4365,72f9a6c6a753123948153ee9f2e91ece70c2f71c,0,1,0,2015-11-05 05:10:44,2043,137,4.263,2180,30,13,3,30,48,58587.2735,46,48.5742,271
4371,061e9297ba6781a9765e826ef3d75591b6b520a2,0,1,1,2015-11-06 15:15:06,32,2012,0.2284,2044,70,2,2,17,11,72394.4573,372,127.0882,119
4366,5864e4fd4368f1af6e1bc623c91b8e719693471d,0,1,0,2015-11-06 16:06:02,131,189,2.1786,320,8,7,4,1377,22,50732.48,182,93.2844,335
4372,891a1b966a28441f26b8f68b8ee68ef43e79a938,0,0,0,2015-11-06 18:12:53,23,12,1.1987,35,68,2,11,46,20,28923.9477,351,90.9689,1898
4369,43b8e57b82b4fb086a8b307c6ca3b4c2b8086532,0,0,0,2015-11-08 22:45:32,8898,2113,1.003,11011,4,2,1,19,4,37130.144,167,148.3029,11
4374,da4aa9d2ea62844ae4dedf36d5634b161cf27988,0,0,0,2015-11-09 11:17:57,137,4441,1.1278,4578,4,2,16,30,11,32450.4543,806,299.2486,1538
4376,ccf4ebdd19a61777dbc3909a62916680be60caa8,0,1,1,2015-11-09 16:55:56,4779,24,1.0532,4803,3,2,2,1177,10,41729.3289,206,100.7088,39
4370,aba377945a66f37198e4a16bb9256c180ffcae79,0,1,1,2015-11-10 10:04:00,25,3382,0.5239,3407,62,2,2,916,22,68966.5266,1000,575.0,3033
4375,b6f00f96d4b38ee69e081ced189f5817c3f57fd4,0,1,0,2015-11-10 10:32:20,4779,2465,5.2833,7244,76,1,17,1177,133,41595.3745,186,112.8719,24
4377,976bacc65908cc35382ddbbcdc80249a700bc2d3,0,0,0,2015-11-10 18:42:58,2062,1200,0.8216,3262,1,2,2,42,21,35164.3818,824,319.2132,7086
4367,38cf0c6105ba371f7fa08c0116b01cbeebb6db83,0,0,0,2015-11-11 07:40:19,869,2926,3.182,3795,1,15,5,3,19,6553.9093,19,10.4754,3033
4394,2063fa12d520818569e5cbb88d4123716f2da249,0,0,0,2015-11-11 16:03:06,2814,0,4.9874,2814,50,31,1,497,97,66866.5533,1000,575.0,270
4380,89b1d233254de024942c06700cedd86fff55970e,0,0,0,2015-11-12 06:44:40,175,587,4.3518,762,18,3,13,49,4,50697.5233,26,25.3238,94
4408,88636799ee68cae80b093436ff2e5eace0675b95,0,1,0,2015-11-12 13:39:45,48,896,2.8418,944,61,20,2,770,102,53991.1141,24,93.6441,3033
3975,6b253d9f8e3d3332784d87cd8b7b0d536e56caa7,0,0,0,2015-11-13 13:48:49,554,50,2.3573,604,5,5,2,28,9,46936.2941,122,60.5955,66
3977,9a911c88ec4b11300d72f41a7c51569e1d228a87,0,0,0,2015-11-13 15:59:19,51,2012,0.0509,2063,70,19,1,16,23,76523.8131,107,32.3729,70
3982,aad99f25cd107a8eaa24a8d407680a8186ba6460,0,1,1,2015-11-15 00:41:30,5613,73,0.0627,5686,3,1,2,49,24,45075.3491,32,24.837,68
3976,ee64892591de67a60023fd202704370cd18d1b26,0,1,1,2015-11-15 19:44:14,608,458,4.0467,1066,47,13,2,44,16,45746.051,1000,27.3804,159
3983,442fcb196f9bf9fada2278b78c8447e65f0c85e0,0,0,1,2015-11-16 10:35:28,4779,34,5.2833,4813,3,2,1,1177,3,41673.9726,479,27.6133,1720
3984,a402002df7b6a3f21d84f9338b8b0afec1cc65ec,0,0,0,2015-11-16 15:18:20,222,114,0.1183,336,83,3,8,90,30,39256.7202,172,74.7577,1014
3981,e692a10801629d31a6cd06b8f173363ea060859d,0,0,0,2015-11-16 22:00:30,73,54,1.1069,127,2,3,3,19,7,43924.3504,23,710.5,3064
3985,bdb306a1152aa9938bde2cc536db540eb2ca40d0,0,1,1,2015-11-17 10:40:22,109,12,0.1948,121,2,2,17,6,133,42044.2703,383,106.9364,1989
3980,5a86a0a19dad28162ba7ddf27bd9e63468a5966c,0,1,1,2015-11-17 10:56:42,304,32,0.7275,336,3,2,6,72,26,35781.9251,212,73.9303,911
3986,1f45c87340e7da1f7896919434575e01e84c82a2,0,0,0,2015-11-17 12:47:20,6970,78,0.1003,7048,80,2,1,24,1,49573.2707,1000,7.7119,2844
3989,68a69c76ae66908658bed17a95dda7b74bc72675,0,0,0,2015-11-17 13:12:45,304,386,0.2932,690,80,44,1,74,138,51339.3854,887,340.1168,1134
3993,177df41bf94ba18b0174a5973ee12efc195ec17e,0,1,1,2015-11-17 13:23:31,9591,1143,1.7302,10734,9,4,2,60,23,53429.1195,795,48.5532,778
3988,7beb0110a5c7da5b17d03e3095cc12df28fbd8f9,0,0,1,2015-11-18 10:32:25,118,2465,5.2833,2583,3,2,17,19,2,41632.3053,488,48.814,400
3990,49f5a0179459fbe2d205df2b17196afe3e2bf506,0,0,0,2015-11-18 13:52:48,155,19,5.1282,174,3,1,1,21,2,13578.0517,496,51.2427,3033
3994,3c5f363d816a1a529832f384fb504d4b6804a00b,0,0,0,2015-11-18 23:24:56,257,3829,0.2827,4086,5,3,12,38,15,47674.5916,799,284.1387,809
3995,25ef3240c504f8e2989af0dcac4e16f471510f39,0,1,1,2015-11-19 12:20:18,12,1815,0.7089,1827,59,4,3,827,23,25378.6495,518,3.0089,2092
3987,0ccab95e7fbbc53e94dabd1032d903428a47db24,0,1,0,2015-11-19 12:30:48,149,32,1.6181,181,10,4,1,966,10,53951.5205,452,24.4718,591
3998,85e7b2878eb50767ba64bbbd5794929d151f81ef,0,1,0,2015-11-19 14:41:01,641,305,3.3019,946,14,3,2,20,118,66090.9578,164,118.7179,143
3996,55fd5f32d7ef0292a01192ab08456fae49b91791,0,1,0,2015-11-19 18:05:47,1276,244,2.5662,1520,12,11,4,147,59,50560.2751,811,331.965,7607
3999,66b5def320054776f09fb8a7f9b77be6f1572ae2,0,0,0,2015-11-21 22:14:43,6970,8778,3.8683,15748,21,10,2,34,8,52198.1667,1000,14.1262,2844
4055,fc4d9469d9d3cf17f877b2c49f345ed0001322c1,0,1,0,2015-11-22 15:23:29,296,328,2.7215,624,14,6,8,966,4,55000.7855,433,20.4923,583
4000,e03e60da208bc60dab477950cb2c7e329fe5ff57,0,0,1,2015-11-23 03:18:57,5665,4441,0.3907,10106,1,1,2,47,31,31552.5508,1000,15.3175,3632
4004,f73a12e728431d87065f7d0082380a527df39e44,0,1,0,2015-11-23 14:08:47,309,72,1.2084,381,4,2,1,22,15,44894.5953,84,20.4869,130
4072,54b52c9be66a981360fed121fcfd7f1be28ac1cb,0,1,0,2015-11-23 18:27:30,225,514,2.2415,739,6,4,2,561,105,25194.2614,422,2.4539,772
4006,f887ba81e986058308d1f56f7a6efed00166723c,0,0,0,2015-11-24 12:45:23,6970,8778,5.8891,15748,4,44,13,58,138,49391.1973,354,135.1687,1159
4005,a65bcef8cb38a02af61d43ceefba1f1104d28c3f,0,0,0,2015-11-24 13:58:34,2985,18,0.0417,3003,2,19,6,9,5,73762.6615,103,43.1257,56
4001,008060f16d5a850be178557d5d0dbbc52864c187,0,1,0,2015-11-24 15:49:35,64,51,1.7694,115,6,4,1,91,35,58226.1263,211,87.4321,67
3979,90c76ad1c3019e354724503a69c21a157161cf0b,0,0,0,2015-11-24 16:30:12,3581,16,0.3597,3597,1,14,1,20,2,11867.2551,194,119.9838,3033
4028,09ea3dd0f5ccbdeb381a840f4da65a99c11817a0,0,1,1,2015-11-24 16:58:00,5613,444,4.1383,6057,18,14,6,709,120,46532.6593,236,78.7177,624
4007,804611ce28c9a840ae78bd43f36419b4b49537e4,0,0,0,2015-11-25 11:12:50,64,32,0.8532,96,98,2,12,18,15,48378.5276,9,710.5,3475
4009,2b358cde0d232a3bfbc59fa9a6845b0c754f1704,0,0,0,2015-11-25 12:05:22,28,138,0.1209,166,1,1,1,30,7,490.7783,728,46.7982,627
4010,d1ea365ef1fa979d40532bf3f114fc03284164bc,0,1,0,2015-11-26 17:46:49,570,3,2.4058,573,15,5,2,1020,6,53249.1002,821,321.5619,8049
4008,e4a4effe179a80516b84e2b590ab4d7c65efdeb1,0,0,0,2015-11-27 11:40:02,107,2465,5.2833,2572,76,36,17,20,18,44187.1486,813,299.5717,1009
4003,e69d14521117b34054aa643398febafefdc1834f,0,0,0,2015-11-27 12:20:23,2814,296,0.136,3110,2,2,1,1020,13,65754.4069,872,332.5032,1039
3992,0ccbd27793a195b5762e8c563d75901f8cca4248,0,1,0,2015-11-27 15:25:02,548,92,1.9057,640,9,4,2,38,16,43350.2175,363,143.5546,2976
4012,61cff8e33191f065bc9f5c35ec126e3662b9eb5f,0,0,0,2015-11-28 09:26:16,5665,4441,4.7242,10106,71,1,16,41,20,31537.9635,31,23.4353,52
4014,0f98a8ed53a7462aebfbffeb16bd37b7b14849a3,0,0,0,2015-11-28 09:26:16,41,8089,1.5557,8130,5,4,2,20,11,62570.857,23,12.0981,92
4019,6bac921445d8fdecc4951bd4b9342bce0994c5ba,0,0,0,2015-11-28 13:36:06,132,187,0.067,319,5,3,16,10,26,32877.9336,486,26.1207,310
4015,3e9d33ee5b15d20bf1d2ee757543806619997b49,0,0,0,2015-11-28 17:47:02,3581,58,1.5748,3639,6,5,1,1002,6,13933.1411,156,123.5941,3033
4021,9215b72422d3e638fe950b61fa01f2e4e04981a0,0,1,0,2015-11-30 14:04:31,656,36,2.1378,692,5,4,3,43,5,57437.8579,74,27.404,104
4017,04b38028dd3d3452cf3b2f1dbcec3cee6a9ac1db,0,1,1,2015-12-01 10:46:53,282,266,1.46,548,4,4,3,67,29,58238.5187,427,131.387,2387
4022,19b2a8e3e42a0a79aa074934bd2b58d680037a19,0,0,0,2015-12-01 10:57:31,2784,1162,1.3506,3946,5,4,3,23,18,65103.0327,790,710.5,6453
4020,31f6a744c78adcb4f702da3cbabe7d462a66184e,0,0,0,2015-12-01 12:51:11,78,50,0.742,128,3,3,2,1082,9,35912.6191,779,710.5,6320
4039,4f12356eb64af37909d18a5c2abb4a31a4c19472,0,1,0,2015-12-01 15:13:55,819,1008,3.8826,1827,85,28,1,937,127,49674.1798,267,710.5,7712
4059,ad7b21b8de28133d43076c889f7afae5c27cba29,0,1,0,2015-12-01 16:31:32,925,133,1.4149,1058,13,6,2,1068,30,58534.8145,208,94.1922,196
4051,6bdf9d07cc93ba5f3a193ceafc0e13d35353316b,0,1,0,2015-12-01 17:38:34,8898,2113,1.5254,11011,3,2,6,22,7,36786.4676,206,99.7545,1002
4061,3607575a234f65b5ea50d987e9bd9f01c7f4a605,0,1,0,2015-12-01 17:49:14,781,167,2.2708,948,11,6,2,34,36,48148.4806,211,102.9302,74
4060,77348858f4632e9b3987cf1ed6a9c8af4c5e1aeb,0,1,0,2015-12-03 10:35:46,51,48,2.4435,99,8,6,2,19,25,58350.4416,215,73.6072,9
4025,2cf489306fc59cce76e66119dc2dbb053e8a89df,0,0,0,2015-12-03 13:30:59,11,618,0.0858,629,1,1,4,31,2,2298.4634,226,104.772,3033
4026,8bd98e09d2f9575c7fb4177d79979ebb271298bb,0,0,0,2015-12-03 13:33:04,880,5083,0.0779,5963,1,1,1,29,6,73.5405,172,69.0156,15
4027,9547f08aad0fb1e36bb1aa90de17d442b3dc1612,0,0,0,2015-12-04 12:10:33,89,106,1.0607,195,38,2,2,1002,6,11091.4173,430,147.895,291
4032,4003352cdbb7cabf9446d73412994c3ab731e9c0,0,0,0,2015-12-04 19:57:35,2985,2012,0.8507,4997,2,2,2,53,15,75532.1504,29,710.5,3033
4036,8f6f29426f5c26b82908d2d3d770cfdde1e702af,0,1,0,2015-12-06 20:45:00,743,67,2.2127,810,5,4,6,24,2,72309.0709,175,71.2848,3033
4065,5108f6875f102e613d70cc90fd13d269465f2bff,0,1,0,2015-12-07 12:05:03,525,191,1.7241,716,12,5,3,18,24,54663.8103,31,24.204,54
4067,6c079360c60f47a336eda2f8936a6bddfb948058,0,1,0,2015-12-07 14:45:57,441,8778,2.5321,9219,15,8,11,189,59,51469.1052,254,128.6181,94
4024,19cbc787b9f53dd494d77899e00111f437e907b6,0,0,0,2015-12-08 18:20:58,2467,3382,1.08,5849,3,2,1,17,9,71240.3237,1000,11.9995,41
4046,ba2aba80f578659b8e7331855d1518744c90f860,0,0,0,2015-12-08 22:49:41,235,3319,1.248,3554,7,3,2,691,101,39684.8836,45,19.1371,3033
4043,7d2394d4ee63adf39a53ffd57b7c06cc67e21d96,0,0,0,2015-12-09 15:36:35,1512,32,4.7077,1544,43,2,1,31,11,22134.1172,173,93.0409,221
4042,c4a2d60c38a88aa6a7f1744726372601593165af,0,1,1,2015-12-10 15:19:58,64,129,0.9108,193,4,3,1,14,4,62051.7302,213,111.7909,135
4063,dbbab0a90b82d18ac14e4791d8f155c2e039b3ee,0,1,0,2015-12-11 05:57:51,1193,2388,3.1192,3581,17,9,2,57,32,58943.3328,1000,575.0,2713
4066,4a26cced238d276c2f9accc9ab226ddbdb3e895a,0,0,0,2015-12-13 16:47:24,434,136,0.5636,570,38,14,6,755,101,10440.8636,736,276.6513,1631
4033,daad5778e55a0f80e7b58382539113d87586acb2,0,0,0,2015-12-13 17:30:37,473,3829,1.3933,4302,7,1,1,1033,134,48076.0325,893,276.3171,2512
4045,bd657e6503678654577c4679bcdff10530dd575f,0,0,0,2015-12-13 17:51:32,4779,2465,1.0762,7244,3,36,1,33,6,43252.9786,820,323.3012,2476
4034,a8c4c48d7ddc2d0fd880535d7c7d24bd4f63c0d8,0,0,0,2015-12-13 17:57:26,208,271,0.3231,479,97,58,1,723,98,40482.2348,779,376.2868,7487
4064,d9a061c674a0e64e6ec419ff614347ecc08d4eb6,0,1,1,2015-12-14 10:21:57,749,1296,4.5935,2045,32,15,6,582,122,53764.2232,795,276.4752,11544
4047,74d10cada89abb4e830b55a95262f3fd68247ed0,0,1,0,2015-12-14 18:40:10,140,67,3.5962,207,20,9,3,1,9,23330.1672,159,55.3377,1270
4031,2c7e63ae9ecc38c33f0b45df21bd324c2e597ef2,0,1,0,2015-12-14 19:12:59,1675,2465,3.4422,4140,16,9,3,141,55,42382.6359,241,107.225,1130
4029,b9ce8abb1bfc0cbc43e8c1800b4aeb7aee7c6e62,0,1,0,2015-12-14 19:47:33,9591,1143,0.9513,10734,3,2,8,8,3,54129.4771,97,5.8817,216
4058,0ac5d4020d9aa441d7c8d439280d4ea2d01bcade,0,1,0,2015-12-15 08:38:04,232,168,2.1559,400,7,4,2,28,6,50279.4569,449,22.1431,620
4355,aec6ded5ec7caeaf0dca798be216a3fd9e6cd849,0,0,0,2015-12-15 13:14:17,2467,3382,4.9358,5849,62,1,6,916,13,69834.6942,71,39.4141,3033
4070,db4d139d2e30078844a3dd1e33edc939e3d0b296,0,1,0,2015-12-15 14:15:12,520,265,3.2536,785,32,24,7,280,81,52667.6656,802,87.8026,8395
4069,6cd8ceb10c841827cf89b74ecf5a0495a6933d53,0,1,0,2015-12-15 16:37:48,1673,93,3.5334,1766,31,9,4,1049,30,51161.3134,343,137.1994,4231
4076,e43b970aa17724c924a1db03215304aa601ecc76,0,1,0,2015-12-15 21:01:17,98,13,0.4652,111,1,3,4,160,53,22451.9413,232,104.9916,1150
4080,ebbc85da7b78c1acdac4d184bddd6dfecf1338b2,0,1,0,2015-12-16 13:09:22,161,2465,1.2388,2626,2,3,17,64,26,41116.3158,178,92.0236,991
4040,a6a052884718c52c843ad1ade1b42b1155115a46,0,0,0,2015-12-16 16:02:14,240,2113,1.687,2353,2,3,3,1041,6,35883.7965,440,122.0474,283
4050,c246ff2e4623b38f1b05c0b3c0c8cb6ba165a33f,0,1,1,2015-12-16 19:42:06,9,3319,1.9674,3328,4,3,3,6,20,40190.4464,116,5.0718,201
4053,7cb25cbdeecc39a1fc33cdfad1f318af714224a5,0,1,0,2015-12-16 23:06:17,129,31,1.0057,160,2,3,2,76,29,11982.988,166,91.7242,1059
4074,5eae47f5d381cd55729660f62c714b52d28413ed,0,1,0,2015-12-17 12:49:10,2025,803,0.0,2828,1,39,1,350,85,55033.6198,708,106.888,9415
4049,af996301756563e58df7559ca0d5e0e58a87145b,0,1,1,2015-12-17 13:28:15,380,134,1.6689,514,7,4,2,116,28,40001.1653,173,70.5333,1060
4035,a50eb73e28fab48e92dc34c12b0b2ca4d99e1bf2,0,0,0,2015-12-17 15:11:58,98,8778,1.6644,8876,4,2,13,18,2,49301.1272,101,62.3676,174
4048,afd2016a520531d390d8b994867a9646999a4902,0,0,0,2015-12-24 03:20:27,23,60,4.9874,83,1,31,1,15,12,65062.0652,1000,5.3223,19
4075,f7b113d965fd30db993cac99b63194dcd7869ad4,0,1,1,2015-12-26 23:52:30,609,245,3.0197,854,12,7,2,683,113,21334.9185,97,62.2552,302
4056,6f2d9d79b85a759501ee267cc08a73dea03f7775,0,1,0,2015-12-28 01:31:07,291,120,3.5081,411,40,10,4,199,52,40607.6727,383,300.1381,11136
4054,93d392a482eb6aee2fd7358ea985f8025c2051a3,0,0,0,2015-12-28 14:30:29,22,24,2.647,46,11,5,1,251,2,81768.7115,849,323.4376,6809
4081,47cd9fd8ace65784f27fa694e369d24f47fadc00,0,0,0,2016-01-04 14:19:01,282,288,5.6438,570,98,38,12,108,40,45800.4872,792,392.7618,2181
4071,388c280fcd8157f5ebc06a9062a0d06a3d2e92cb,0,1,0,2016-01-06 09:22:00,2282,395,1.4476,2677,5,8,5,25,34,61972.122,808,337.7187,8222
4082,8e4a001b84c36827eb6168adac2724f76e30cc2c,0,0,0,2016-01-06 10:42:03,165,44,5.4776,209,87,30,10,1068,134,57665.5551,1000,11.2911,2713
4088,be055b7a9f8ecb09e5e4e0bbddb98639173a09a7,0,0,0,2016-01-10 15:59:37,52,5,0.602,57,2,1,1,34,9,4573.5231,27,37.6875,278
4078,b9a6a5cb5401fbda3a0eb4b910eb4f3f951af9cb,0,0,0,2016-01-11 15:46:33,2651,2388,0.1289,5039,2,30,1,25,0,60087.3712,170,110.1647,119
4089,544abb937120b72dfd7a4e1cbb40c48222e578d4,0,1,0,2016-01-12 23:22:39,555,529,2.8005,1084,11,2,1,63,26,32017.5551,394,115.6684,57
4079,d1c93d286b95f069f6ba0a4e60e3a34655a395e3,0,1,1,2016-01-13 16:47:32,290,207,3.1727,497,26,16,2,8,24,30218.3848,92,44.9951,320
4091,9365441396efdcf852e9076bdb6ca0fcc841434c,0,0,0,2016-01-14 21:08:41,1512,75,0.1958,1587,43,26,1,52,15,18456.5384,868,302.5846,1146
4092,cfcb5d7ba5c22295c0ae628f8d9a2447e2286985,0,0,0,2016-01-14 23:58:41,869,2926,0.0664,3795,24,15,5,27,2,7084.551,22,575.0,3033
4094,ce8f966c821ceab47c5041ac46f11a55ff3321f0,0,1,1,2016-01-15 16:05:12,595,424,2.4087,1019,16,6,3,1068,42,57266.5456,427,177.6079,2378
4095,c0fd36bac8955cff58a88e72d5bdb378f3cfdf93,0,0,0,2016-01-15 16:29:46,635,374,0.7684,1009,83,4,2,94,132,37839.8063,785,328.8503,2890
4101,c4e5a55f027ed73ce557f10d5125a0b168832889,0,1,0,2016-01-18 12:25:03,5,238,2.2703,243,8,6,2,1177,24,42999.3588,372,165.5797,2195
4104,7d7d8b68ea74ec814a98b9798189d662da1b4e96,0,0,0,2016-01-18 13:09:17,218,322,0.2227,540,4,44,13,1377,4,50882.0371,152,135.2999,886
4098,046f044df47d2711e614455f047c760a9c066cde,0,0,0,2016-01-18 16:37:03,3,1275,3.0268,1278,11,5,1,868,6,85738.1927,45,14.8698,222
4105,6823895a2ef776060a437e0d4979a6d8bfef48f7,0,0,0,2016-01-18 17:51:53,84,153,2.2506,237,7,6,3,46,20,41946.3259,383,53.0,10946
4111,76d3a6353a0a3f8960dc2b49d9eac6a4a279ea9e,0,1,0,2016-01-19 15:42:33,596,210,2.7,806,14,9,5,148,69,40127.0812,833,452.5167,142
4068,018f1fee9c856c66454155043006d6f53d39517a,0,0,0,2016-01-19 16:05:14,2753,77,0.0826,2830,3,1,1,1130,2,61473.7757,186,93.6059,3558
4110,e11cb5af070f3125112fded661230bc2040f5e33,0,0,0,2016-01-19 18:11:19,2814,195,1.018,3009,3,4,2,32,7,65916.6281,32,575.0,3033
4114,440618823f6f2d4f1d9f8c62c63895f83b32c374,0,1,1,2016-01-20 02:03:41,81,122,0.5505,203,2,3,1,52,35,45390.5283,19,15.8823,66
4149,ab8470714715cb02b32e3299f36ea64ebe85695e,0,1,0,2016-01-20 13:50:53,1664,1552,4.289,3216,43,15,4,573,119,47296.9344,552,69.4651,1490
4112,fb25cd8bf192128439366798bbd55298f5c83b68,0,0,0,2016-01-20 17:09:12,102,1526,0.8133,1628,4,1,2,68,24,18645.5124,349,134.2534,3170
4118,0240c8e54df74daa1bed70998323c9735c82e8c1,0,0,0,2016-01-20 17:22:55,15,3829,0.1299,3844,2,2,12,28,10,47003.9429,11,9.4104,3475
4117,b6bfcf008e20eb4d4a3e81bedf7eaf871f121d4c,0,1,0,2016-01-21 10:42:12,27,7302,1.3053,7329,4,2,1,1020,6,66490.2546,176,93.2387,3033
4116,0629e25602eefdc239e8e72d9e3c9c1a5164448e,0,1,0,2016-01-21 11:20:49,746,2381,0.0,3127,79,43,4,183,8,50341.6468,1000,41.5516,2844
4123,85ad491af66ad7c19401296af66edff2d2e3d6a1,0,0,0,2016-01-21 11:26:31,2467,46,0.669,2513,2,3,6,14,8,71300.1085,105,66.2426,98
4127,893a62f5428b7088a1111ecc5a32ea5bd92df379,0,1,1,2016-01-21 16:21:09,262,210,2.1341,472,12,10,3,165,54,48468.7479,355,127.6151,3409
4125,4d10be1e96223342d7b7a89a5dbd93f5ac910d0a,0,0,0,2016-01-22 11:35:16,208,8778,2.1661,8986,4,4,3,32,138,50643.8702,720,145.8191,89
4126,440137cc3ad8ab47dff84212c81e960e0a254eaa,0,1,0,2016-01-22 14:28:03,1021,24,2.6197,1045,11,8,4,966,20,54840.8573,119,27.1931,885
4128,d398926240be2e627b7ca9b4758bdafb97896c5d,0,1,1,2016-01-22 17:19:03,9591,1143,0.6403,10734,2,3,2,966,6,53557.2706,207,108.1337,178
4121,902d420e1a2322fa5ef516716ff10837a6e36ce8,0,1,0,2016-01-25 15:07:39,2753,195,2.4203,2948,12,3,4,6,21,62437.651,3,15.3173,74
4124,d0611b9ea32b522f9ca1b5341797850266f77c15,0,0,0,2016-01-27 03:37:43,669,55,3.2224,724,9,3,17,1177,133,41814.311,32,710.5,3064
4131,9637ee78846e4df5ef328c620cc991d394056f61,0,0,0,2016-01-27 11:20:59,95,2465,5.2833,2560,76,36,17,28,133,44565.4754,814,332.4707,3064
4122,499b60fedd6db1cd0c1a4e1cc8c59a94b89c5c84,0,1,0,2016-01-27 13:52:27,118,342,1.8418,460,6,5,1,27,7,42025.923,441,111.9027,681
4119,d97fcda6635b6821ac3f61c39e0fa156bc7c7fd4,0,1,1,2016-01-27 22:00:37,2753,8089,1.0973,10842,2,2,16,11,134,61178.7404,1000,7.087,55
4133,40422d5057e5c1d7b75aec48bacbd7518cd7c9e1,0,1,0,2016-01-28 09:00:25,160,3382,1.5098,3542,6,2,1,916,7,68924.5786,451,111.2689,582
4102,2e23307372147287c8b49d2985d9564b2ed54eaa,0,0,0,2016-01-28 12:37:09,155,2012,0.2139,2167,4,19,6,63,13,72817.4661,802,372.9515,1088
4139,8c8f1c45face7105c9b60bcfd3f818eea19d42d1,0,0,0,2016-01-28 15:32:17,111,694,0.1521,805,2,1,1,1002,22,10606.0105,868,368.6082,1038
4135,168532ece09b4be972f3ccad509a1e3376a1ac3a,0,1,0,2016-01-28 17:58:11,19,61,5.1282,80,2,2,6,2,22,13595.3129,822,343.0435,998
4134,934774f0d2005ed93feb3e688d60a06076b94e92,0,1,1,2016-01-28 23:59:49,5665,70,0.8999,5735,1,1,16,54,24,29770.2687,1000,11.7388,3632
4141,6f75596112ba5d36d88cc7c2de74acee8f683ca9,0,0,0,2016-01-29 09:33:19,395,96,3.1892,491,17,11,6,7,27,48461.5933,865,375.7905,5727
4142,e4d05f72e91f03e4f350cf42c31c5ec85fe86c53,0,1,0,2016-01-29 13:53:14,158,77,2.5204,235,10,7,1,15,25,13162.9734,753,431.8224,4913
4140,d902d164556e631d1c8edea475515901691c639c,0,0,0,2016-01-29 15:29:31,260,2648,4.808,2908,3,18,5,987,109,17597.2653,776,303.3154,860
4143,c4bc47afa6147dd25d8b579e764b30c9c13ee8ea,0,1,0,2016-01-29 16:08:32,268,90,1.9726,358,8,4,2,32,34,22889.9014,790,381.5821,1148
4137,b6110dc35a17340653a39209038041a5e28054b4,0,1,0,2016-01-29 17:51:03,1759,23,2.6816,1782,9,4,3,102,20,22992.08,807,372.7434,3397
4146,5e2fb3cb5eb0ab181d62e864bb0443d656de2f83,0,0,0,2016-01-31 22:19:12,684,1275,0.1936,1959,11,1,2,868,107,84261.9829,797,381.2557,2497
4144,54743866e86cbe7689ae1dcf001deb559629747b,0,0,0,2016-01-31 22:27:36,226,1275,3.0268,1501,1,1,1,868,7,84785.4741,877,314.0233,2237
4150,401837bdfce40b2401aaf19586a8ae3612c08d8b,0,0,0,2016-02-01 09:08:30,262,114,1.0729,376,3,3,2,1041,7,35091.4599,490,119.6195,861
4154,945fc023acc724cceeac500cca05fa446f88adec,0,0,0,2016-02-01 11:07:50,68,7302,1.5696,7370,6,5,1,1020,9,66784.9745,453,106.8371,696
4180,92efcd34a5da2bccb07666f2c647974ea3e7c94f,0,1,0,2016-02-01 13:39:24,321,7115,1.7146,7436,2,4,4,581,98,59745.7633,260,376.7694,10621
4153,83e6a2b5f7621a2bfd8797ab071a94492bbac3d5,0,0,0,2016-02-01 15:28:07,83,171,0.9357,254,5,3,2,14,11,14817.0827,68,82.2799,91
4152,67b380d617a942c11ab29a8d62d67b770245bb63,0,0,0,2016-02-01 15:30:52,16,72,3.9069,88,1,1,1,13,3,134.6821,104,62.7541,3033
4136,bfff86c841f0b873f25367419db0b3dd504a1197,0,0,0,2016-02-01 16:09:38,159,8778,1.1504,8937,6,2,1,28,6,50758.846,866,361.0933,83
4158,b90542e80b2f9f5fb8ffe6e6325400b3cdd9301f,0,0,0,2016-02-01 20:46:09,469,618,2.5,1087,6,6,1,36,9,5207.1994,888,395.7359,1189
4159,c5ffb5ddd06b62f639145f8698c71fc74ff8c9b6,0,0,0,2016-02-02 11:13:51,942,61,1.9467,1003,5,2,1,1033,134,46412.7363,120,66.3411,104
4161,77eb4f0c41fe45d3ad4efc8c54f21394cd973cb5,0,0,0,2016-02-02 11:41:51,209,8778,0.9032,8987,3,4,1,15,3,49217.8081,117,58.066,166
4164,cc1a7979b332d126103e15e13d30a43d5cd3958c,0,0,0,2016-02-02 14:00:44,2308,120,1.0725,2428,2,3,2,60,8,56814.1229,62,34.7211,55
4147,5b28a50dd1b111ed8e18aee8919b322e1ce9b983,0,1,0,2016-02-02 16:15:28,323,14,2.8017,337,11,8,1,17,1,31666.0168,391,89.1256,372
4169,4f8b9bb5e7f826a31e79b9c5670fb7225df6b984,0,1,1,2016-02-02 16:38:21,72,2465,0.8517,2537,1,2,2,25,9,43002.7329,776,138.399,351
4173,077dd55885fc91b7dd4c96c07ee6853a97db1a49,0,0,1,2016-02-03 14:53:13,126,2388,0.1812,2514,87,2,10,1068,134,57366.1665,704,159.2062,15
4167,168c1f0a1bae79c764efaf2d4d69558b856c4b9a,0,1,0,2016-02-03 15:05:37,817,8778,1.8619,9595,13,3,13,110,30,51368.8998,166,104.7982,1024
4174,680c2c3ec898ccbe469ba1fb295c948749b801ab,0,0,0,2016-02-03 16:17:07,126,25,0.8818,151,2,2,1,1106,9,27779.1875,211,110.8743,87
4170,180cd3f608731208f5b5ed71e3eb80ae5ccdf5fc,0,1,0,2016-02-03 16:44:07,756,545,3.9855,1301,35,15,8,4,30,52639.7272,260,325.0527,12580
4138,1198664cb35f377bbda3d9846cf6c35d232d813a,0,0,0,2016-02-03 16:44:37,8898,2113,0.4934,11011,1,18,1,23,6,35424.1965,873,368.0182,120
4175,5d7595448c005ef73179843080953928754056da,0,1,1,2016-02-04 12:25:34,2467,23,0.0176,2490,62,19,6,4,7,70872.1668,391,157.0985,218
4176,de2163060d042c0a4ff1989c08fb16f78d040a8a,0,1,0,2016-02-04 14:01:58,266,545,0.1689,811,8,5,4,126,37,39631.4863,833,452.5167,98
4171,7eb6edd573211f6f65449ad5ed13eb588cebfe67,0,0,0,2016-02-04 23:02:41,417,291,3.5465,708,21,7,1,43,10,34262.0937,74,43.7631,284
4179,7469c17cb9004873101622ca4cc19f95b8d79642,0,0,1,2016-02-05 13:46:14,27,55,0.7436,82,1,5,2,17,14,58937.8248,403,170.4118,1341
4181,412dcbdf5980431556e17d774ded9edfec7d22c4,0,0,0,2016-02-05 16:58:08,25,56,3.0268,81,2,2,2,868,14,84655.6115,352,182.419,2015
4185,50bd65a574776817a03dd32fd438cb2327447109,0,1,0,2016-02-07 20:46:16,113,168,2.1985,281,16,3,2,1021,17,18614.4208,860,376.5725,1269
4184,a277543c57f7c633e0f8b610b241eac5a95aa7cc,0,1,0,2016-02-08 12:18:50,19,105,1.5211,124,11,8,1,194,47,73297.4451,771,292.1803,8101
4182,457cb14537c0e6f89cdbcc0564054f86bfbbb3eb,0,1,0,2016-02-08 12:21:42,11,193,0.0439,204,12,1,6,13,8,14367.3501,820,334.0032,6821
4178,572855daad452eab169bc2ca27f9f1e4476df656,0,1,0,2016-02-08 13:14:01,6970,1180,5.1063,8150,1,25,7,53,100,50629.3358,348,30.676,109
4200,94cba8998c726092e2cc80fd022ca40bf0c38ec2,0,1,0,2016-02-08 13:56:19,795,2952,4.4818,3747,38,10,7,750,108,50105.0888,463,101.0604,5049
3795,e9c83ea2c36decf02d0ea9c2b76b0fd50606b51b,0,0,0,2016-02-08 14:08:09,79,7302,0.4777,7381,1,1,6,1020,23,64208.2635,869,364.0403,1062
3813,52e191a5067322e82192314c16e70ae9e937ae2c,0,1,0,2016-02-08 14:50:06,2856,1300,2.6109,4156,33,15,7,654,106,48315.3648,96,710.5,380
3798,0db804b936efd8631f1a08db37753dad7f1f71ea,0,0,0,2016-02-08 14:50:42,355,2003,0.0162,2358,3,2,1,1106,6,28647.2723,45,710.5,4393
3800,5c47f3854938fc789ac0fd0867451f4def155c90,0,0,0,2016-02-08 15:38:38,684,23,0.0448,707,1,5,1,18,4,85179.5156,19,12.0971,28
3796,9ee16794909d18aa84e8d0b738a6a447d11e6eeb,0,1,0,2016-02-08 18:55:29,250,215,2.5826,465,5,2,1,20,9,27763.3791,821,361.595,111
3797,3a643c07792c62142c1f8cda172d4f4c3442c9b3,0,0,0,2016-02-09 10:01:39,2467,3382,1.9371,5849,3,2,2,45,5,70115.119,218,141.1973,1124
3802,d48bb59a572bf06e7a22c2fd4a2bc232ab8b6925,0,1,0,2016-02-09 11:04:45,356,115,1.1095,471,12,5,2,1377,12,51136.663,178,113.9553,205
3803,48b745466202ebbb68608930e13cb6ed4a35e6e7,0,0,0,2016-02-09 11:45:41,869,44,0.0307,913,24,1,1,20,3,6193.1729,183,109.2041,91
4183,8df0bbacb8712342471c12cbf765a0a92b70abc9,0,0,0,2016-02-09 15:06:46,24,48,0.0513,72,1,1,2,868,14,81781.8233,162,97.1091,1035
3805,fd324ea72979cc3d4202ffa3ea174ec4cc9d153b,0,1,0,2016-02-10 13:51:10,1413,32,1.1361,1445,79,1,1,22,5,53300.3901,794,333.919,3033
3823,f60f8fbc69cd1c36a3a99b08b0e76100b9032fae,0,1,0,2016-02-11 11:40:21,1363,1026,1.6614,2389,32,23,7,675,149,56199.3879,714,87.1911,7383
3809,670ec6af0cd6d7e91a3ec08f653f45b0c744df61,0,0,0,2016-02-11 13:24:24,6970,119,1.4849,7089,5,4,13,1377,8,50966.1705,101,57.4962,116
3799,be72758d1104400c8a48554d717c5b8cea5b3617,0,1,0,2016-02-11 14:30:56,165,128,1.383,293,2,1,6,12,6,65687.333,822,344.5925,150
3808,bcb34dd57fb4c9908cd8525db6fd7db3d4c6d254,0,0,0,2016-02-11 14:59:01,342,163,0.8894,505,3,2,1,19,1,71997.121,21,13.0006,65
3839,50a166df3e96d4783a5ee35aefe07cfaea5927e6,0,1,0,2016-02-11 15:04:08,6363,601,4.3028,6964,37,14,5,934,120,40734.1293,123,142.2209,1347
3816,7a46bfac526d7827b31e2c7139e461d8a8237311,0,1,0,2016-02-11 15:16:29,579,186,2.3681,765,8,7,1,27,2,75191.4422,66,25.0636,741
3812,31310cd657381d4035cda9659d737ed440f90d26,0,1,1,2016-02-11 16:29:37,317,273,2.9483,590,22,5,3,82,21,54337.0506,424,123.9861,4025
3815,f89d303e99c1214b75425497b331191b6dc9e2b8,0,1,0,2016-02-11 17:04:45,342,107,2.1771,449,5,6,5,987,8,16364.7436,139,70.0511,65
4106,c658763d42d072073cc846f1814aa3cc5c42e05c,0,1,1,2016-02-11 17:24:29,12,73,0.491,85,3,2,6,1020,1,66300.8364,9,9.8465,18
3804,f5d719096083504a0b5827e35c1d28e1180e5e1d,0,1,1,2016-02-11 18:07:18,359,4441,1.7262,4800,6,2,1,1051,7,32952.2252,365,139.4475,148
3817,edae79340dd486915d25109cbdc1485accae665a,0,1,1,2016-02-11 20:30:36,492,290,1.5854,782,7,3,3,44,12,29080.3634,809,359.011,8789
3794,d93b154d41045e89dcc2238885db83fd947cd104,0,0,0,2016-02-11 21:13:37,85,6953,0.1014,7038,62,35,12,28,12,26425.8246,849,359.5475,6964
4130,a6c3778fd892398d2a6b9c4a02eee1613eda3f42,0,0,0,2016-02-11 23:18:06,349,21,1.2581,370,6,4,8,29,8,38324.9328,833,10.8472,45
3818,8e55bbd41725cd8c7f29a9e41993a22777ebdacf,0,1,1,2016-02-12 13:38:05,66,53,4.7242,119,2,1,1,12,122,31053.5324,123,60.3176,298
3822,e927ec0bee4cf951e49b838538efa679e1af13e2,0,0,0,2016-02-12 14:35:08,3,1794,0.5925,1797,2,53,2,26,11,70076.5816,845,331.6075,6701
3820,8b7caaa22fee9a131292c1a3fdb45872d6836dbf,0,0,0,2016-02-12 17:13:39,37,96,3.182,133,24,2,1,989,12,9623.9356,408,165.1216,316
3821,ec6ee0430cb1bbf2f5ee954d39ee78d22a182ac2,0,1,0,2016-02-12 21:09:29,6363,3319,2.1775,9682,7,6,2,88,48,37614.0938,177,110.5628,1118
3826,f05f8fb4443012d9f81233eafef97d8c47de311b,0,0,0,2016-02-13 11:38:12,10,3382,1.7289,3392,1,3,1,916,119,68365.8198,108,32.061,560
3814,489e65359e3b819db99544226087af12b3032e0f,0,0,0,2016-02-14 17:59:25,193,93,0.2799,286,40,18,5,987,19,17423.6362,758,301.9437,1099
4077,b17632ddbbb58f8b3e3d1a31d6658e59258918c7,0,0,0,2016-02-15 12:33:01,28,5,3.6595,33,2,1,1,871,8,79125.1413,166,69.1934,69
3825,ca11c1ccc7e7e0c02a2450dfd71a950b6a484648,0,0,0,2016-02-15 15:44:59,208,129,4.808,337,3,2,1,987,109,14526.787,718,154.374,117
3827,907a0957e93a51a3e08ca81dcf183d7079346d6f,0,0,0,2016-02-15 16:00:41,146,45,1.9593,191,7,4,7,22,3,22573.9426,82,59.1345,652
3824,75dcfc02736a9b4d4a407a1348a761ff132ec23f,0,0,0,2016-02-15 16:40:30,117,2926,0.1236,3043,24,2,5,41,6,7860.9018,863,371.9882,123
3811,e08d7a6f30f8e3b845ff33d4266fbd4fad4bec63,0,0,0,2016-02-15 17:41:15,8898,2113,1.0433,11011,9,8,3,1041,6,37153.4,785,329.7337,1335
3836,5b1231dda3f73b5b18a1e50239e781a281f35e59,0,0,0,2016-02-15 17:51:23,74,313,0.3204,387,24,15,1,591,0,9618.1666,778,389.4947,1556
3829,74c2b80bc29bb0e2c0c2508da4b3f0bb58e2bd38,0,1,1,2016-02-16 09:37:59,840,901,4.2899,1741,28,13,3,113,34,50584.1328,877,376.7807,1414
4151,a66458eac614ad2cf47394b0cf0761137f6ba97f,0,0,0,2016-02-16 09:39:12,6363,3319,0.3199,9682,6,2,1,1243,6,38509.8819,793,326.8611,862
3828,d7aa989ee1c72d7830c612554b89673bf38cf447,0,0,0,2016-02-16 11:23:41,6970,8778,1.6376,15748,4,2,2,35,3,50740.0722,492,109.9515,626
3831,bd137aec4a29ad1de4201245dd17d8f759e13f29,0,0,0,2016-02-16 14:06:22,9591,54,6.2622,9645,3,41,1,26,4,54191.2129,804,330.3854,845
3832,6dda5316f6ad60cae877f15b24bc056638de7fc8,0,1,0,2016-02-16 16:36:40,494,250,3.1328,744,13,3,3,1106,40,28908.2949,867,316.208,1225
3835,ff4fbf9bfb5107a6f4d0cbd040f36d583065aa4a,0,0,1,2016-02-17 10:24:11,1961,465,0.751,2426,3,2,2,22,12,77916.7329,482,106.7336,2055
3837,7278e875bd57712a3a5c6069eac491834684c3bf,0,0,1,2016-02-17 10:46:30,2753,8089,0.1394,10842,99,3,1,49,3,61330.2616,508,81.0818,1764
3851,41b826bda9f9c3cf95cb72a8af4127c255298ef0,0,0,0,2016-02-17 16:47:07,1512,906,4.7077,2418,43,3,6,572,101,18954.2325,470,106.2347,854
3834,3a8717fd6e569a7b91d4265de109663a6c53d7ab,0,1,0,2016-02-17 17:09:56,450,12,1.8408,462,14,5,1,22,9,43801.8779,177,88.4123,135
3833,80c0c65b77eff388b8a30144fbac2a157a383bd4,0,1,1,2016-02-17 18:19:05,8898,151,2.7202,9049,9,7,4,47,21,34981.4862,362,183.3145,2436
3842,138334a6d0181de153abd9bcfabba201ad512f34,0,0,0,2016-02-18 11:38:05,28,129,3.182,157,2,15,5,989,11,8036.6318,803,337.5337,1737
3830,40749ddcd73c4634d81c2153f64e8934d519be3d,0,0,0,2016-02-18 15:40:39,22,198,3.779,220,19,9,2,31,9,46978.9269,92,78.9029,1191
3840,5aa7c254a5b6f38d7a7cab0893fc87efe6da9a44,0,1,1,2016-02-18 21:29:33,26,23,1.2551,49,3,2,1,33,11,5808.2299,157,138.3962,86
3877,60d65ce741099910f582f3289e7cf3ed3a16899a,0,0,0,2016-02-19 16:33:00,65,138,0.3615,203,2,5,1,596,0,85188.7276,190,134.4746,301
3846,8656ed5ea0b329e2d485600ce24aaf1a9e724db0,0,1,0,2016-02-19 19:59:58,6363,3319,1.4806,9682,7,6,1,28,11,39401.2898,187,95.1633,238
3841,03923c3408250625707af93130b14b7886ef5a8c,0,0,0,2016-02-19 21:08:22,880,98,0.0509,978,1,1,1,32,5,1153.9574,89,54.2157,227
3849,674fcc269d44f0fb17896286c95ba26fe0feb35e,0,1,0,2016-02-20 20:41:44,295,3319,3.383,3614,25,11,1,33,2,38139.1094,112,57.2703,558
3867,f0f93c27650a73610b229f52362787a09390e023,0,0,0,2016-02-21 22:01:00,119,52,1.9177,171,5,3,3,1243,9,39962.3635,105,27.9563,3033
3850,dedcd2d103edf2ba3ad16ffd8d46011d1ec468a8,0,0,0,2016-02-22 10:31:40,110,3382,1.2472,3492,62,3,1,71,36,68301.2064,170,92.5318,857
3847,4870fd62f0b8bfcc280aa326ffe948a119de6baf,0,0,0,2016-02-22 16:21:40,30,1,3.6595,31,2,18,1,3,15,80761.6734,96,74.6377,199
3898,ceb64248daab04b01977ff02516696e4398d656e,0,1,0,2016-02-22 16:58:07,727,1024,5.4507,1751,77,1,1,844,0,47429.2826,891,425.2889,7570
3852,1bb8013bd5f20a114f1db9ec51f118075c5e2249,0,0,0,2016-02-23 13:47:02,86,1143,0.1003,1229,2,2,1,10,1,53148.4117,199,112.4582,8
3860,eaa9050a65acaac49397e7bfc97341688500c962,0,1,1,2016-02-23 18:01:05,182,117,0.8155,299,2,3,1,4,22,9906.2878,165,105.5467,41
3855,febcb7f114439cf0b99f2aa968861387d3f46deb,0,0,0,2016-02-24 02:08:23,37,1526,4.7077,1563,43,26,1,29,1,18272.2056,33,710.5,122
3861,be68b178091229b051c07504f16a429571315bc0,0,0,0,2016-02-24 10:26:27,35,465,3.6595,500,51,18,1,24,10,78709.1172,401,141.8164,292
3844,b94d99d8aca25c2b3e8a2a42d155e5442a956371,0,0,0,2016-02-24 15:05:31,2985,2012,1.8555,4997,1,1,6,71,20,75339.4922,450,175.6426,2122
3863,b0befc4c62ccfdb6f95e5a965b00fc68cb74261d,0,0,1,2016-02-25 13:31:34,77,79,1.6494,156,4,31,1,1020,5,66137.942,485,111.4202,263
3854,a5ecb1886e79c9f7215a40b7da71804c07f5da73,0,1,0,2016-02-25 16:26:46,50,3382,2.107,3432,5,2,6,916,14,68316.8113,796,106.3347,239
3862,016644ac3c91e516f93fd863a3d91e81a4bd8f3c,0,0,0,2016-02-25 16:36:37,67,3319,2.0291,3386,3,4,2,23,8,39406.509,98,48.6804,75
3865,4f6b91ecda2c3fdeb8930f49c0913f85f8605061,0,1,0,2016-02-25 19:52:19,212,62,1.5316,274,6,6,1,1051,5,30374.8761,99,43.8053,98
3864,de9a878e9555023e1c63f9c41eb281650f4840df,0,0,0,2016-02-26 11:01:44,2814,174,4.9874,2988,3,2,6,24,6,64954.6663,851,357.6006,1032
3870,e0328e42611d388a11edaaa04688630202f8a146,0,1,0,2016-02-26 13:08:02,546,8778,2.4912,9324,41,9,2,99,17,49591.8593,691,91.8204,263
3869,6a28a6f406379f66215f80a1b5725686838da115,0,0,0,2016-02-26 14:12:07,1961,465,3.6595,2426,51,18,4,871,2,77257.9676,814,332.1997,310
3871,27b5c49e76f58992fd5575959a7dea7088505e12,0,1,0,2016-02-26 14:19:50,9591,99,3.7853,9690,38,14,4,966,50,53795.2706,437,177.5323,2739
3875,f186446d015f3fb676012ff416fde64808449250,0,0,0,2016-02-26 15:09:56,159,8089,4.8902,8248,24,3,1,1130,10,61411.8443,1000,575.0,3558
3874,5e769b383e48073491cb05a803f74241fb510782,0,0,1,2016-02-26 17:19:27,1759,1815,0.1842,3574,4,32,7,827,127,22514.8371,795,329.039,1157
3876,405d2223697344e41aa11cc66cadf6b9afcacd89,0,0,0,2016-02-26 20:23:56,1961,465,0.7926,2426,51,1,1,33,108,76879.5716,864,370.3766,1137
3878,9580b8fe5a5ec8b3b23ffa7e09123b1e160e2016,0,1,0,2016-02-29 13:14:35,2753,8089,1.8195,10842,7,2,2,1130,1,61184.5024,165,102.4447,1011
3873,9922d10a0f3e291bb7e6f75ccb70baecb5c2bcd9,0,1,0,2016-02-29 13:56:29,147,18,3.7366,165,34,10,4,120,43,69512.6254,340,104.0161,2204
3868,a922473c0835a757e7108c79ad52f103ace86030,0,1,0,2016-02-29 19:20:07,71,51,3.3235,122,15,9,2,1051,44,32267.5791,442,127.2588,2212
3904,986d5368fdb84c44111994b667ce1fc5f9992716,0,1,0,2016-02-29 22:00:51,101,605,1.819,706,8,4,2,614,112,50940.1966,850,335.0449,1359
3882,ff80dc042aff570b7de2b47697e432e18fce5856,0,1,1,2016-03-01 13:31:26,620,7115,1.8973,7735,10,13,5,665,40,64320.2132,804,324.9295,7418
3881,44c2d2f0a51f3d2c3b0ff85f02a5d2a248d4ee2e,0,0,0,2016-03-01 16:21:57,2182,118,3.1971,2300,30,20,2,1106,17,27469.6575,791,158.1591,80
3883,7cab28d62b280a706c388fea145cb2d81a7fea40,0,1,0,2016-03-02 12:19:38,210,2388,1.8808,2598,3,4,2,1068,7,59930.6492,103,57.1345,654
3885,5930622ea1de97090d728b96fbf3b4822f690ad7,0,1,0,2016-03-02 15:28:11,1201,1143,3.7296,2344,14,9,2,966,3,56051.9053,29,16.6461,57
3886,7fbfab64f062301f3e8288d040d41ba3529c105d,0,0,0,2016-03-03 10:13:13,2753,8089,6.2875,10842,6,38,2,69,11,61880.9507,891,382.9102,1089
3887,bb62ab082f7e6157138d509e305e10510badc491,0,1,1,2016-03-03 11:52:32,120,3382,2.1741,3502,8,7,6,85,33,68756.9386,51,94.5252,245
3889,7b2f54067395dce26dd5ea520a537b92a1ac6e22,0,1,0,2016-03-03 13:24:42,26,27,0.939,53,4,2,4,27,1,76557.6538,750,115.4112,6093
3890,6225aa6fbdc742f23770ba1f373c7a0f9e7e32d7,0,1,0,2016-03-03 16:37:36,294,184,2.5584,478,10,9,4,6,15,52793.7273,76,53.6143,279
3907,b211d16ccec03c66b7edaf7b6c7ff83bf104e1bb,0,1,0,2016-03-08 07:13:28,1566,767,3.1958,2333,14,5,4,627,104,49137.5133,69,710.5,172
3891,2e78a36f97be5c448c69962a1b2151b4fd676406,0,0,0,2016-03-08 14:05:30,93,7302,0.4591,7395,5,1,6,1020,1,67004.2851,449,85.714,3033
3888,09ce3dcc3144484b088b6b29d7cca5061ea10937,0,0,0,2016-03-08 15:13:07,32,5083,3.9069,5115,2,1,1,48,11,594.6475,502,66.848,1782
3872,a28a2d09626b02b18e846556945c70791e5c2502,0,1,0,2016-03-08 16:00:24,2214,3829,3.3229,6043,13,13,4,1033,6,45977.2909,412,71.8187,2279
3893,0ac1549ec58c1737a79e5770a171a8b14bed56dc,0,1,0,2016-03-08 16:35:14,813,148,2.2263,961,11,9,2,31,15,48604.8437,49,36.6374,178
3819,ab17b7224539d2020fc873986f9417b5c2082157,0,0,0,2016-03-09 10:33:15,49,189,0.0742,238,2,31,6,1020,3,64964.7481,174,108.5563,114
3897,b63e19b090cd9a1558db4c68c385e0ce947789e9,0,1,0,2016-03-09 17:20:43,848,535,3.9623,1383,20,15,4,89,24,33150.5346,425,141.0917,1989
3894,3465580e7918460fb2e911333d0b907cd0980d3d,0,1,1,2016-03-10 11:02:25,443,1143,1.8768,1586,3,6,8,30,24,56147.0517,203,110.6848,908
3900,34110fefc6e49bcbe1ae8de090fa43a5f6ef5fec,0,1,1,2016-03-10 20:30:49,3581,694,5.1282,4275,1,14,6,1002,22,12703.5,859,341.0915,903
3901,89d48f5ccd8eb423a022ce7ad124ffa95c535268,0,1,0,2016-03-10 23:53:56,44,92,2.6503,136,13,5,6,40,0,12747.6518,385,131.1512,411
3902,c9e0761dec904d42e0876a7731eb62d690abd738,0,0,0,2016-03-11 14:20:31,869,43,3.182,912,1,1,5,14,10,9208.6603,204,109.8863,21
3909,3bbe59c0ecf71c2c3c4b2c7135c84a666e876f24,0,0,0,2016-03-11 14:30:32,369,2648,0.2966,3017,3,18,5,987,109,18131.25,749,314.2144,1469
3892,acb051d8db3acca0ff97628b602aa21dcbf3604f,0,0,0,2016-03-11 17:57:13,6,134,0.1697,140,59,32,7,827,14,22590.9678,795,314.5687,1880
3903,a7274d5661421a66dcb998efd72b547301e1dc0f,0,1,0,2016-03-13 00:40:15,649,510,2.8254,1159,21,10,6,156,54,21916.9711,1000,710.5,3393
3908,543c04949479191ddf4e7ec6035fce6a01e8c5a0,0,0,0,2016-03-13 17:01:52,128,28,1.7,156,7,8,2,15,9,23741.0768,20,710.5,108
3932,074ea70141a69b9890887a90007ec92ccf7aab72,0,1,0,2016-03-15 10:35:25,70,106,1.4953,176,7,6,2,707,109,61330.4825,135,37.184,266
3926,e70d49ecb87837829984305b2ce3c3f99883a828,0,1,1,2016-03-15 18:00:50,181,1099,1.89,1280,6,7,6,723,113,61040.7294,155,86.4151,299
3911,b0a7a1b813b29dbfd5c959ee2929372c31befda8,0,1,0,2016-03-15 20:59:02,3988,1143,4.4181,5131,30,12,4,966,8,53322.4524,73,30.7967,1327
4085,f7a3c8104db2a0171ce78aad16ad5e51f4bb9eaf,0,1,0,2016-03-16 07:15:31,848,2648,2.9817,3496,10,8,2,23,1,16028.0887,1000,710.5,3360
3956,33f43114d5961fbcfc792d7a4fd74d3bdee738c5,0,0,0,2016-03-16 09:42:48,2467,2977,4.9358,5444,8,4,2,742,118,71029.5941,113,25.0752,553
3910,edafb3e6cd48bfec6660b22454d19540dc07ad65,0,0,0,2016-03-16 14:50:08,1961,465,0.0508,2426,2,1,4,21,6,80948.9539,1000,12.1744,3033
4084,505512dbe461b9840dde6197c71dbb90b49c0495,0,1,0,2016-03-16 14:59:05,134,0,2.4484,134,3,8,4,608,137,29233.5442,306,82.5439,2919
3913,641a0d436c9b7a34ff33ceb370cf29962cac4dee,0,1,0,2016-03-16 18:18:03,2753,8089,1.793,10842,3,3,4,1130,13,62243.2301,132,54.969,222
3917,93c61c097a889c55f412ff31524c749851ca872f,0,1,0,2016-03-16 21:11:08,135,2003,2.4458,2138,10,5,2,30,4,25976.7164,10,7.3351,92
3916,2e63d1afb2358760109ba0c90011ef565eaae0ff,0,1,0,2016-03-17 11:27:29,135,12,1.1606,147,4,3,2,25,20,78076.3916,459,112.0716,1932
3914,6593e482e2bb0a66121d495eadd409dbc9b15cd5,0,0,0,2016-03-17 11:37:30,2,7302,0.8879,7304,1,2,6,24,4,67795.9927,75,56.3637,256
3918,29fb3d27ca605fe9019034a220ae8b3ae5dac7a3,0,1,0,2016-03-17 12:50:32,9591,362,3.8323,9953,19,6,8,966,11,52962.6798,380,128.4159,433
3920,59d243791490980d70b13fdff20377ef19923cc9,0,1,0,2016-03-17 15:34:00,869,46,1.1796,915,3,2,5,25,2,9870.1896,91,44.6952,81
3922,0331882af124a1750a54b4c6a9bd13819d65f72e,0,1,1,2016-03-18 15:22:04,689,2952,2.8856,3641,21,13,6,289,88,52865.85,720,103.3597,7559
3923,607892314edee95da56f4997d85610f17a0dd470,0,0,0,2016-03-21 09:57:10,5613,3829,5.6438,9442,98,3,1,56,134,47326.783,416,129.4969,2138
4160,35892ed148afdb217a61fbacea1a9cb0eacb5c48,0,0,0,2016-03-21 11:31:17,38,3382,0.1161,3420,2,1,1,916,2,68273.0012,174,118.4082,246
3912,76da442837d8606d8c4c4d8367b29fd79dc5ba35,0,0,1,2016-03-21 11:33:42,64,11,1.1177,75,2,14,1,1002,2,13264.8803,25,14.3065,35
3921,2da562b429cb6479abd971ff2ccc8a990b43bf59,0,1,0,2016-03-21 14:22:58,657,175,2.8265,832,20,12,10,1068,7,58085.7571,84,43.1402,198
3919,22d327f0409665c64588a4cb81acef97b481fb37,0,0,1,2016-03-21 16:33:42,0,48,0.7758,48,3,2,5,30,3,14793.7896,27,19.9055,54
3929,b3186b6a109e4cd43216799e2f1c63ad8646bdab,0,0,0,2016-03-22 09:24:11,165,120,1.1529,285,5,1,1,8,5,43049.3457,8,710.5,3064
3924,3fe53d39fe452aecaa7b075b94b0ca33a1d71864,0,0,0,2016-03-22 17:08:15,9591,1143,2.2073,10734,6,2,1,33,11,56457.232,400,167.3616,196
4062,c77e5ece581cbaaa423f38318d6735a222cf3cd5,0,1,0,2016-03-23 09:58:54,142,116,2.0566,258,7,5,2,21,11,62189.6651,182,106.1389,177
3928,c7595840febcdc9dfeaefc93b4576933acb84f15,0,1,0,2016-03-23 10:24:50,381,72,2.008,453,7,2,2,1051,122,33097.0641,484,119.8599,192
3933,f08b7c913c235c827fdc850ef1897ea508aadba6,0,1,0,2016-03-30 14:04:37,5665,109,1.0506,5774,71,2,1,1051,9,29989.8041,788,145.8611,64
3930,d7948fad6a73fdefae43cd42193342398a1581aa,0,1,0,2016-03-31 14:10:54,216,7302,1.9797,7518,6,7,3,1020,9,65099.5825,1000,10.3461,52
3938,693d5ab09efef8732b857437bf1089f841b5e864,0,0,0,2016-04-01 04:35:39,80,68,0.0723,148,2,1,1,18,7,43514.4184,16,7.9584,3064
3939,d8fb23085839a514fbd0b56cc681dd52aac503ac,0,1,0,2016-04-02 11:10:59,984,3829,2.0141,4813,6,7,4,33,13,45092.3749,20,710.5,65
3927,93d9384a45a1e7d282216d69ead9048077126ce3,0,0,0,2016-04-04 10:11:03,6363,3319,1.0994,9682,3,32,1,1243,2,37571.74,211,91.8908,72
3941,9e7c6645f0f0e88cdfd092d72e810cd52352ca63,0,0,1,2016-04-04 12:33:23,79,2388,5.4776,2467,87,30,10,30,12,57787.8293,177,133.741,8
3940,02a3dfdeaa4d7af7257c2526c6570a28be876c86,0,1,0,2016-04-04 13:29:22,9591,1143,0.5585,10734,2,3,1,966,11,53947.3688,182,107.9188,224
3936,21480e29a10ada9ae25e11731d0295ce8dcc5665,0,0,0,2016-04-04 13:55:42,21,5083,3.9069,5104,1,1,1,16,11,2096.8019,204,128.3753,31
3895,885d543be8a8c0d1acdffa0003e394347d5376ef,0,0,0,2016-04-05 11:23:14,5613,192,0.3995,5805,98,3,12,69,6,48462.1471,917,297.7756,2228
3935,9f52422350e145454d4b6972741944b1fd2185f2,0,0,0,2016-04-05 12:48:40,284,65,0.1512,349,5,2,1,24,4,58814.0185,208,114.1941,108
3948,760a0d9e7fd9fa88e9f7408b137d78df384d764f,0,1,0,2016-04-05 13:18:32,221,5931,4.4993,6152,71,31,4,299,74,38561.7489,776,325.5551,11069
3943,e7586c3b2d995be164100919d7c04db003a71a90,0,1,1,2016-04-05 17:59:19,157,23,1.8013,180,7,5,2,25,40,19277.5069,1000,710.5,3393
3946,7eb58773eeccd248127124ded64383055842668b,0,1,0,2016-04-06 09:44:53,3299,96,4.6264,3395,1,4,2,1002,19,11296.2876,106,575.0,307
3949,af799883371b7a78c48f227b25b7a0b099dabf93,0,0,1,2016-04-08 00:47:19,869,67,3.182,936,24,1,1,33,7,8325.168,25,11.2012,73
3934,c33325e3ffb9acecfc9c562b21a3ac703bae983d,0,1,0,2016-04-08 12:58:50,1311,1268,3.2226,2579,16,10,4,1068,14,58035.9782,455,127.7823,2185
3953,0cf04108f70375d41ebb7c39629db3a081bd2876,0,1,0,2016-04-08 13:20:06,826,803,4.0524,1629,15,7,2,120,60,62127.7284,795,143.3045,6944
3955,f315c5700a6df85e4ac9a95585fc7efe927f3d44,0,0,0,2016-04-08 19:06:39,1064,1143,3.417,2207,14,3,1,966,116,54304.4107,89,81.4432,322
3950,342db48b03eceee20d9ec54d97f33054fa0627e8,0,0,1,2016-04-11 07:41:34,48,9,5.1282,57,38,14,1,28,0,10660.289,25,575.0,3033
3951,409c346814ac8d8fc3498e94b25b6e340be75dc3,0,1,0,2016-04-11 14:48:54,598,7302,2.6398,7900,10,8,3,1020,2,65115.2128,150,125.035,378
3884,f2f5bd5bed2f737b8418be09359691e899462184,0,1,1,2016-04-12 14:27:18,106,387,2.0316,493,4,4,6,62,29,65129.1962,431,175.7029,2083
3957,2728f924cf64cd62929b8f0e394a1d4335af8156,0,0,0,2016-04-13 08:38:37,117,8089,0.2402,8206,99,2,16,1130,17,60562.9566,866,371.521,3558
3991,f0d543f8cf95efecef88c77155456104a6d742b9,0,1,0,2016-04-13 08:46:58,1610,1269,3.82,2879,44,11,4,763,91,62170.7935,70,35.4593,3558
3958,e40e29da9b68ec6da59f7b5372cb1483283c0530,0,0,0,2016-04-13 09:41:39,8898,38,1.2979,8936,3,2,1,1041,12,36989.7989,372,164.8616,139
3960,50d8797bba926d14b0873be3972e7f97b306f675,0,1,0,2016-04-13 10:18:16,261,33,2.5282,294,10,9,2,1,8,54550.8992,102,35.9217,668
3961,e7d78e63ae8e0fc49ad62a77dc4dd90afde85d49,0,0,0,2016-04-13 12:55:35,76,7302,4.9874,7378,50,31,6,22,2,66850.7103,778,112.306,106
3962,2dcd27f403c2a7f10791bfe21c45e2a326aa46a1,0,1,0,2016-04-13 13:45:51,302,8778,1.4876,9080,6,3,1,1377,2,49377.9514,852,337.5656,2844
3896,6c061684f93ddcd375f37d3ef71f6dd66783df8b,0,0,0,2016-04-13 14:48:52,169,76,5.45,245,83,32,1,1243,2,38867.7251,97,58.2875,3033
3942,1b93b32426f6cf6ef344880c4b45f78e983bd7de,0,0,0,2016-04-15 08:15:50,110,102,0.5442,212,70,3,1,73,21,74756.4324,341,127.749,1861
3966,51ff4a0867179d8b0e6c4dc07df46f871063b511,0,1,0,2016-04-15 11:35:24,615,76,3.4974,691,20,10,2,966,6,55132.8068,87,61.8401,83
3944,5f993c65eeb1ae0d805e98b14bcb6603f9bff05f,0,0,0,2016-04-15 19:44:00,5613,3829,1.8698,9442,2,5,3,1033,7,47573.2795,22,19.9479,3475
3964,8673ceead4098b6157e90c25a46d7cf8f39a11fb,0,1,0,2016-04-16 03:33:17,3289,176,3.7618,3465,22,16,3,1033,10,45309.0114,1000,38.5853,3475
3965,85fcfc4d43feddacb76f2d14229229340174fed8,0,0,0,2016-04-16 10:04:07,2651,2388,1.2833,5039,5,3,1,1068,8,57252.5879,88,85.7322,1114
3967,08e4bf9440a566c874c2b8e74ae2127ff264c672,0,1,0,2016-04-16 11:06:44,850,68,3.266,918,12,6,2,52,11,36715.835,79,83.3341,1194
3968,70181b28cf17e25b4b70f21f718ada2537cde2b6,0,1,0,2016-04-16 14:30:58,2318,63,4.2583,2381,19,7,2,41,131,36555.7553,62,39.7174,1262
3970,e29ac036a76cc78ea608ffe1f0784ec15e351c60,0,1,0,2016-04-18 11:10:09,841,32,3.746,873,16,10,3,966,13,54537.6595,104,51.1891,3033
3971,b3231acaa445994a4bd234482364bb74b4bffae3,0,1,0,2016-04-20 13:57:39,957,74,3.3913,1031,17,7,2,37,14,41885.5057,112,29.5536,58
3974,d636bf78edffc490586b99f259beac1bb039f580,0,1,0,2016-04-21 07:20:57,75,109,2.041,184,5,2,1,1,14,66190.5657,155,90.2798,3033
3959,7478cba170d1af4fe6ac6882b7cf457f989fed43,0,0,0,2016-04-21 09:57:04,869,63,2.4371,932,4,1,1,53,5,9487.3198,142,63.3524,137
3564,06bf4bf3f465b1c019b40dfd7c1662507d7fa2e3,0,0,0,2016-04-21 12:36:04,2814,182,0.887,2996,3,3,6,30,4,65503.6352,135,50.7562,1085
3952,e48a5f19e82ea71ad9c5bf94173299352233ed17,0,0,0,2016-04-21 20:40:39,60,2648,4.808,2708,40,1,5,987,8,14290.0156,102,60.5769,59
3565,8330539e4770ce36576149410d66122a81daa03f,0,1,1,2016-04-25 13:15:47,120,158,2.3096,278,6,1,1,221,49,85780.627,249,62.6528,702
3566,445d5e3e6084dd302a6c923d04b87c4ad5273da4,0,0,0,2016-04-26 10:59:31,6363,3319,5.45,9682,3,2,8,21,18,38810.0326,489,89.7489,200
3568,eed6f0f7e9d6521755d870bcb73fae282b958e2c,0,0,0,2016-04-26 11:10:17,183,3829,2.1105,4012,8,4,12,1033,134,47637.63,492,75.446,717
3571,55a88a4bffd5f2ebdae48e5d96d4e9663f0cabdc,0,0,1,2016-04-26 11:20:46,2651,71,5.4776,2722,4,30,10,48,134,58460.6136,437,120.5475,1592
3574,4a69f72a3fa3cfc17cdc473a0c45099416a0ecb8,0,0,1,2016-04-26 11:21:03,1961,465,3.6595,2426,51,1,4,23,2,81313.0,442,83.8574,1785
3569,6ef08cfeb78d8d3b2ce4ad238a2c84e82d577a66,0,0,0,2016-04-26 11:26:48,684,1275,0.0629,1959,2,2,1,24,6,83805.6662,445,119.4158,539
3572,879bb1bb029ed37e33adc7a655328940135cfcb3,0,0,0,2016-04-26 13:20:11,89,694,5.1282,783,38,14,6,1002,5,12087.0414,358,140.7022,158
3575,ac2137cfa5e63bd4f53a4b7669dc591ab210093f,0,1,0,2016-04-26 13:42:48,244,55,2.8339,299,6,6,2,46,22,39883.0164,11,452.5167,3033
3600,09b428bd65819b946cf82ab1fdee305eb5a941f5,0,1,0,2016-04-26 17:10:53,1326,466,2.761,1792,7,4,2,633,105,48456.4862,42,710.5,146
3880,a1968f03e7c57f69163459625ca168add4c4822c,0,0,1,2016-04-28 08:02:26,19,14,0.0593,33,1,1,4,53,5,2352.4107,430,187.6325,328
3580,c81151e4e8456104b4051b3b30306acca5c700d2,0,0,0,2016-04-28 11:45:09,2814,7302,1.4752,10116,2,2,3,1020,7,64746.4402,220,114.5494,167
3567,fd3dba6eef668ca8885523e0d8546603da095825,0,0,0,2016-04-29 13:20:18,3581,694,0.878,4275,5,3,1,1002,1,13526.0806,167,90.1888,232
3578,b48d2caf4a18d19dbb3f78cbc59f8920908f9120,0,0,0,2016-04-29 13:42:08,6363,3319,2.807,9682,4,5,1,55,9,40860.7278,131,57.7212,1098
3562,c532638a010d75f97184314ee86fd070168c6837,0,1,0,2016-04-30 14:54:52,481,7302,0.8624,7783,1,2,6,17,2,64438.0245,14,9.086,3033
3587,ec38a212e9ffa799f6ec20166179da25d5d240ba,0,0,0,2016-05-02 09:58:17,427,11,1.408,438,5,4,2,14,5,55263.4062,20,1.7414,3033
3579,bbd02d24bc7547e2c9384d713b20f86682cac08c,0,0,0,2016-05-02 14:31:45,898,193,3.7326,1091,14,5,1,31,17,50074.421,107,61.1375,176
3584,08b075aa5d5dbc90e909f1bbc3f81712c0604615,0,0,0,2016-05-04 20:56:16,2263,56,4.4292,2319,24,4,10,29,8,58209.8349,91,88.7621,342
3582,9fccd6e5d626455174c830ba32eff06e60173020,0,1,0,2016-05-06 08:40:51,5,618,0.0126,623,6,1,4,1000,1,4607.7686,84,77.3761,278
3583,e64237d8f11edbe713ca390fe01bb7190a2e6cb0,0,1,0,2016-05-06 15:13:26,734,84,1.3153,818,7,6,2,1033,1,45282.9106,92,84.3668,1059
3585,c71675f7cbe7e538d62bf1491aff69b369eda9eb,0,1,0,2016-05-09 18:42:56,1026,2465,2.7668,3491,6,4,2,40,1,42983.0628,84,56.1495,1211
3618,8ed368582a8550ccb5941dfd4e8412dad8ca34c0,0,1,0,2016-05-09 18:45:15,976,325,1.6224,1301,14,9,3,727,99,24187.0472,75,95.2022,1348
3589,91a845d05671ac9d1355e1c548c8e6a229043430,0,0,1,2016-05-10 14:00:03,30,7,3.6595,37,51,18,4,5,5,80246.4991,35,25.3507,88
4991,3080ea48cf687893b0823f34b1e1716343d72167,0,0,0,2016-05-11 08:55:19,253,148,2.3303,401,9,5,2,1377,9,50278.9213,1000,9.5397,57
3590,4b5a789000a903c84f89b668a4cbd2ba1397e758,0,1,0,2016-05-12 12:16:14,856,481,3.1678,1337,32,11,2,17,36,61052.5138,102,21.8248,322
3592,96b353d98f6b6d441ebedf69ec12cfa333a1d7c9,0,0,0,2016-05-13 13:42:57,14,51,0.0481,65,1,1,1,5,12,392.4066,81,64.9642,3033
3593,c5d1d1232a2693e2f672159064f9eebdb912aca1,0,0,0,2016-05-13 16:19:51,1299,3382,0.4652,4681,3,5,1,916,1,70398.328,1000,17.4703,89
4971,6c0c0a54a2f47780b338c79023acd0566007e709,0,0,0,2016-05-16 22:18:42,53,3,3.6595,56,51,1,1,14,6,81219.5185,13,10.259,60
4999,1b327f1ae7d078e22700729524e374b449b0f209,0,1,0,2016-05-17 14:14:29,557,189,3.3804,746,23,12,1,43,10,54049.0996,70,58.1862,683
3596,81aec4109adc18f4bd4d1ddb91892faed10f4f14,0,1,0,2016-05-18 04:04:36,4307,2648,1.9765,6955,5,4,2,1,29,15520.8354,1000,710.5,89
3598,9cc629662a34bd9cc6310556a321dd5144a60439,0,1,0,2016-05-18 15:57:42,385,137,3.0975,522,13,12,6,44,10,33770.5788,25,710.5,168
3611,707606ac40dbbbd497fcbbb5442870fec5468bf3,0,1,0,2016-05-20 07:49:08,1295,755,4.5406,2050,50,14,3,75,48,35590.4449,808,53.0,8587
3603,61d69a229b40e52460f26804e4a36cf12e150004,0,1,1,2016-05-20 20:37:14,5665,113,0.1879,5778,3,2,16,1051,12,31825.3173,398,164.4077,171
3644,1f04542e861f9c156d7b5c1f6db72a74e08d7a75,0,1,0,2016-05-22 17:48:50,1182,664,3.7274,1846,34,17,7,622,121,42440.9932,1000,37.7736,327
3586,98a939552e12fc699ff39111bbe877e112460ceb,0,0,1,2016-05-24 07:29:52,2814,7302,0.0531,10116,50,31,1,1020,6,66602.2831,82,83.5334,3033
3614,d34bdaf7f1de4dd4f742867e6b9e879c8b631765,0,1,0,2016-05-25 10:41:12,2607,582,3.3498,3189,31,16,3,773,123,45042.675,30,110.4357,1557
3602,149e7a01445b4ba494409472dc8b0b15c7221e9e,0,1,0,2016-05-25 10:43:41,1615,8,4.1968,1623,33,15,2,4,31,39686.0767,136,47.8146,1283
3610,875d4d238567a0503941488eb4e7d03b38c0fc42,0,1,0,2016-05-25 12:28:59,110,8778,2.2603,8888,6,6,3,56,25,51689.575,1000,710.5,17
3608,5a7f4e3395bfb06da496584be88501c328f6ac1d,0,0,0,2016-05-25 14:20:27,4307,2648,4.808,6955,4,3,5,89,10,16406.2291,900,418.2255,2633
3612,bf256c7fbe05accdadc8470013879f567341d1aa,0,1,0,2016-05-25 15:04:31,439,6953,4.4934,7392,33,22,3,211,59,28509.8895,783,309.8214,11282
3599,4d41bd8fa787315d203bb34973f8608d84c5b6ac,0,1,1,2016-05-25 15:20:34,193,2648,2.5891,2841,5,3,2,987,5,17474.4112,73,92.2662,238
3616,5b0287971fa2beda360105d96e7bfbc7a110fae7,0,0,0,2016-05-26 18:45:00,2182,57,2.3892,2239,4,4,3,55,12,27625.6351,129,54.661,366
3588,6db9e6ae5c2f4968687a3fcae0520e05442bd9ab,0,0,0,2016-05-27 11:51:04,1961,12,1.0075,1973,1,2,4,26,14,80809.4505,13,710.5,33
3623,23d1cba72859339bd3ee8f877b031353380c87fb,0,1,0,2016-05-27 12:42:39,2985,111,2.0031,3096,3,8,4,40,16,73097.6994,235,141.9673,169
3615,38362c40bdd2e9a350630988c534b2859854d379,0,0,0,2016-05-29 06:15:16,3,54,0.3788,57,2,2,5,989,110,8208.0109,1000,12.9122,3033
3619,a909adbf29fef093d78436770e742aaac3a3ede5,0,1,0,2016-05-30 11:42:39,942,8089,3.994,9031,34,9,4,79,28,61886.8183,245,102.6724,932
3620,af07eed8e9bed76e54aab04fccc9c424b1e02fa0,0,1,0,2016-05-30 12:00:49,4839,49,4.2908,4888,30,6,8,42,9,56605.0,249,90.5781,1082
3626,63c9b8e70877fb8940b44c7870f3e75101349b15,0,1,0,2016-05-30 12:03:35,1883,171,3.5257,2054,32,13,2,238,51,48916.6762,255,146.1009,1323
3629,775a78784b212bd1dedb9bcc21b61c4c21841209,0,0,0,2016-05-30 12:08:03,959,208,1.3446,1167,6,1,13,1377,2,50927.2386,170,108.0482,998
3630,490e7ebb6c1126c13aa79865d504eeb63015cde1,0,1,0,2016-05-30 12:08:34,1614,225,1.5464,1839,6,8,5,79,25,52691.297,217,95.5414,1237
3631,651155775e74473f0adb3847b282bd4a8b636640,0,0,0,2016-05-30 15:16:57,2182,2003,0.2286,4185,5,3,1,61,11,26733.286,777,308.9787,2552
3635,da23ee38e5b36ddf26a6a5a807efbbbcbfe1d517,0,1,0,2016-05-30 17:49:25,8898,2113,1.3347,11011,6,4,2,1041,29,36218.5908,866,333.5473,404
3633,86a803366e1371ad5af539b74565e7b8ea102580,0,1,0,2016-05-31 10:38:27,543,216,1.1804,759,7,4,2,916,9,70130.0034,19,15.201,138
3613,b201f8664c9814b6e0a0f5149338effff49d4c88,0,1,0,2016-05-31 11:23:38,119,41,2.1906,160,6,4,2,31,10,46524.1899,18,10.4426,3475
3634,34a8b03d2ad40db7dc00fa47923b96374c289838,0,1,0,2016-05-31 15:13:58,0,298,1.8161,298,16,6,2,1021,43,19290.3714,139,103.7565,3393
3646,c78b3c49e0e82874cbfa71e88bf28b99ed395610,0,1,0,2016-06-01 09:24:40,237,416,5.3357,653,67,12,2,61,41,47816.0144,391,70.6255,2538
3641,1bbc1fb4d7b8701c38e6f6a78f3709448181d559,0,0,0,2016-06-01 16:29:16,128,108,0.8174,236,98,3,2,38,10,47888.1703,139,89.634,1395
3645,65ee28c3427b50f8b33b0d77de5e6c6982233c22,0,1,1,2016-06-02 14:08:07,8898,2113,0.4517,11011,2,4,3,49,26,35478.4179,164,81.1753,211
3595,7160a681240deab693aa4d69c24c4a8a63bb58ba,0,1,0,2016-06-02 20:01:00,606,160,2.7213,766,17,10,2,1243,1,39190.5287,125,71.6992,1195
3651,3ac080f0e51a645130f39ca7c11622de817aafb2,0,0,0,2016-06-02 20:38:23,165,1143,1.2565,1308,2,3,1,966,4,56339.5835,203,114.0002,52
3640,479be148ff3ee9369a5f05d7db589605ee088d18,0,1,0,2016-06-03 13:24:22,948,3829,3.4693,4777,14,10,2,40,7,48729.3013,210,131.7829,3475
3636,f0387aca4eb05c19e7cf37edd1701b151f11d637,0,0,0,2016-06-04 04:43:30,2467,80,2.301,2547,6,5,2,916,4,71135.0204,21,12.4142,126
3604,cfffdc87e3a3ac8aa7e33db87223df7bb7c8aef9,0,0,0,2016-06-04 05:59:48,38,9,0.11,47,2,1,1,27,10,81141.1083,409,139.5086,636
3627,ea64921f8b73c38af0362ab4a116ed0cb011ae1c,0,0,0,2016-06-05 21:18:56,68,57,0.1239,125,68,34,11,1106,9,26620.197,1000,16.5995,4393
3643,5758c91999efcf45457e4c25d4a75b13ce13e486,0,0,0,2016-06-06 08:30:41,4779,2465,3.3174,7244,10,10,2,1177,7,42986.5317,27,710.5,64
3648,b08b64abdb7c9bd7946e9c36e63ec368a1ac5032,0,0,0,2016-06-07 17:23:56,2753,297,0.3107,3050,99,3,2,1130,134,61500.8665,899,330.481,209
3650,e90ea9cfb030f938fc4165b907919e9f4aba01a4,0,0,0,2016-06-07 17:51:29,2182,33,5.1646,2215,2,2,1,34,3,27743.6734,1000,710.5,118
3654,b67e508d02906cdfa48205a30dc9aa2b5d7222ae,0,1,1,2016-06-08 08:59:24,590,7302,3.1117,7892,26,22,5,91,50,65688.6121,114,87.2499,1449
3695,17dfd68d05be991b58ffe4b9252b09ca61ec8f05,0,1,0,2016-06-08 10:46:02,2689,1111,3.6006,3800,20,11,3,753,126,37649.6136,833,452.5167,262
3656,d760bbc962ea34983f3dad5e72fdb9d6a3d41c15,0,0,0,2016-06-08 19:02:54,2869,8613,1.4961,11482,6,5,4,69,30,29710.0737,849,359.9803,9331
3653,042ad7b9020dffef5c6861d41170a6e96579cd1f,0,0,0,2016-06-09 08:56:09,32,71,1.0437,103,2,2,1,868,107,84803.27,148,128.0445,318
3573,b5e2e3637a85bd690d2e2c0281d4c210cce1d95c,0,0,0,2016-06-09 08:56:27,33,40,5.2754,73,70,19,1,986,10,72696.643,179,117.9968,123
3661,6420c1c264ed3ce0c32ba164c2cdb85ccdccf265,0,1,1,2016-06-09 09:37:14,1413,233,1.6515,1646,18,22,5,83,39,56793.8183,686,78.7637,7547
3655,6cc1c179af5e48b97d66fd3bcbd23f6704d43f62,0,0,0,2016-06-09 11:31:12,124,3382,0.8424,3506,2,1,1,916,8,68924.8712,227,112.5365,239
3663,819fb2706028d9528bb1e424fa81ef85fdc26f48,0,1,0,2016-06-09 19:23:38,241,29,1.0714,270,3,2,1,25,25,35058.4037,69,48.721,221
3658,2bffd7b9e558b0ee7efb1bc23b1047faed48c4be,0,0,0,2016-06-09 22:24:57,6970,535,0.274,7505,8,44,1,88,20,50892.8302,901,382.5787,2317
3659,393bceb5852ae42adf5a1760cb3c1846eb431041,0,0,0,2016-06-10 11:33:27,1961,465,3.6595,2426,2,18,1,871,7,78743.3874,503,86.9141,290
3662,76dcbd458817566166022c400c00df972043453e,0,1,1,2016-06-10 12:06:03,41,35,0.595,76,5,3,5,18,5,16208.657,1000,13.282,66
3657,279777f2f265405236bf3b4ab7b974e80f84a4ed,0,0,0,2016-06-10 14:43:33,48,1526,0.1217,1574,2,1,1,63,19,19198.6981,488,78.6207,1753
3704,b9f42e91c9415dd6063079df00c142334b74e636,0,1,0,2016-06-11 00:14:07,356,748,3.8894,1104,48,15,5,588,102,17250.5679,946,432.6655,5081
3660,fe0eb602d2e908d116d71018bb141e5c748c780b,0,1,1,2016-06-13 09:55:56,146,27,0.8285,173,7,3,1,23,25,53422.2117,37,53.0276,142
3591,cb2b76dc4c999398133c392c9fa4a8ef82e90fd5,0,1,1,2016-06-14 10:18:35,543,89,1.3575,632,7,5,1,41,19,24923.099,346,171.1482,1851
3665,ee3c7a88bb74232e4884899699aaa08ae2b6e038,0,1,0,2016-06-14 17:04:43,1634,8089,4.1656,9723,37,23,2,33,44,62402.2552,809,92.897,211
3666,4810910431e01bf143ae77a6e93a86f2fafbccd0,0,1,0,2016-06-14 21:44:19,385,428,2.7453,813,18,11,5,98,53,65905.0255,48,575.0,3033
3672,19ff8db6847be65c60659e5f6e371fb9dacf1160,0,1,0,2016-06-15 10:17:22,9591,14,0.082,9605,79,2,1,15,3,54904.929,478,91.1243,314
3671,9e540daf6e44c386ca82e6818f87d634be316e6c,0,0,0,2016-06-15 11:19:56,541,1143,0.9389,1684,1,5,8,155,27,53372.2309,425,80.6892,1544
3639,10495852370fed3b7683d428f6c2cc7470b3d8ed,0,0,0,2016-06-15 12:30:06,154,3319,0.736,3473,3,3,8,56,20,38780.2535,373,173.2747,2112
3679,7206b0ed2adb10c94e1ffd3dbe851250b44edcf4,0,1,1,2016-06-15 15:50:38,403,2388,1.3219,2791,6,5,10,33,7,56737.7697,217,112.5066,130
3677,e7dfa28947f1582ab0b60ab9483b3fe06017f1ff,0,0,1,2016-06-16 09:17:41,10,9,0.0291,19,1,1,1,14,8,84004.668,1000,4.5747,27
3680,ec6d97528e8b21f191b7922e4810fd60804c8365,0,1,1,2016-06-16 10:03:04,1961,10,3.6595,1971,51,1,1,8,19,77678.6034,83,80.4853,12
3674,07a7b73be71d286392cdb83540f87c2b715c7a14,0,1,1,2016-06-16 13:32:24,4307,17,4.808,4324,40,1,1,5,12,16353.4701,196,114.2023,35
3678,fc4abd7fff5fa9bbfbd2196e61bf696a1dd57ad7,0,1,0,2016-06-16 16:18:28,5665,4441,1.9131,10106,3,3,3,1051,16,32782.2654,41,31.1954,257
3684,62cb954d989e3ed36f6d9ab7daeff93cda64adbb,0,1,0,2016-06-17 13:47:53,665,323,2.6445,988,23,18,8,134,44,29378.25,511,39.8748,3009
3638,a0c3b879b25b5e935e9540422b50bbc031a20735,0,1,1,2016-06-17 20:45:25,128,3319,0.8633,3447,4,3,8,12,6,39626.1165,5,10.8794,7
3685,7f9580061177e81b8969bb071db0e21d588beda6,0,0,0,2016-06-20 09:26:18,2467,46,4.9358,2513,1,19,1,916,6,70750.7693,479,107.2474,392
3676,0104a9260353e9a044504b65d480c83a7d3799fc,0,0,0,2016-06-20 14:38:22,25,1275,3.0268,1300,11,1,2,51,7,84515.6442,344,126.5053,1890
3681,62c5a3c07f8e10bad305316b2a1bf6d91620e9b4,0,0,0,2016-06-20 14:39:52,869,78,0.0716,947,1,1,5,46,12,7887.4235,424,139.0589,2071
3687,9c15406400af16861be8cf08e60d94074addbba0,0,0,1,2016-06-20 15:45:57,33,1815,0.1044,1848,2,1,7,30,14,24793.9265,108,61.8605,4335
3675,6615ee70c677914e5b8c6f251ec0b93fe0991472,0,0,0,2016-06-21 09:13:37,1961,1,3.6595,1962,51,1,1,29,5,80011.9567,1000,710.5,3033
3664,d43bf8d9b3085d1341bfca61e05c2a77e5426226,0,1,0,2016-06-22 08:37:03,95,108,2.3764,203,7,3,2,121,31,42932.3946,485,108.1997,1978
3689,8803d15e886dac1f747a04573c03e4aa19cfe91f,0,0,0,2016-06-22 15:37:46,6363,3319,2.2,9682,4,4,2,1243,13,38163.4144,77,53.2159,299
3692,3b593632dd162d951281fab8a8ed8c6bc2b07b39,0,0,0,2016-06-23 08:47:10,9591,85,0.8492,9676,1,4,2,28,20,54353.0805,106,63.3169,143
3691,bd273a8f435b222eb67840fb39b854ec9ef8602f,0,1,1,2016-06-24 13:01:44,143,144,1.456,287,6,3,3,1377,13,52280.2838,75,38.4186,244
3682,5b2ad7f03ef67ce529551e7b464d7db94e2a1d90,0,0,0,2016-06-24 14:33:15,140,95,1.0782,235,40,1,5,18,29,14203.399,76,51.0758,144
3669,9487fcbfbae85caf82729e0dda5403fab2fb7d84,0,0,0,2016-06-25 16:03:20,38,1275,0.89,1313,2,1,2,868,5,85554.4286,1000,24.8687,3033
3727,90cfe0a7b499832cebc2a53f7b066f83dde17de5,0,1,0,2016-06-27 11:56:27,2467,3382,1.0191,5849,62,4,2,750,109,70652.1701,309,90.0858,2711
3688,0483ba583c7790d13b8035c2916318a2b58c67d6,0,1,0,2016-06-27 13:13:56,678,384,2.2297,1062,10,10,5,111,76,45042.675,61,28.2776,341
3686,8f6876218bb1335e95ab04fc608ce21959889e57,0,1,1,2016-06-27 21:30:08,51,59,0.0335,110,2,1,1,12,4,31196.3888,1000,16.102,3632
3693,123be22765ebf32a26e3b74dbbd00a36999a5862,0,0,0,2016-06-28 11:54:12,40,49,4.9358,89,2,19,6,916,1,68813.764,215,93.2749,225
3696,2028ba5ae0f92a27adfb9152d77ee724a8b15d9f,0,0,0,2016-06-28 13:53:55,11,618,0.0482,629,1,1,1,16,24,2510.1894,68,61.9212,3033
3699,fa42cdabfdd37fa3c2f86198ca04d37113ddda00,0,1,0,2016-06-29 07:46:35,140,67,2.1503,207,7,5,1,14,2,56353.2781,17,575.0,57
3703,a9733a9ae0b063ab51b5683f1d80c6e10ae2aefe,0,0,0,2016-06-30 08:14:55,2814,105,4.9874,2919,50,31,6,1020,11,66312.0809,411,164.4087,325
3739,f0ac261add2eb184358d5b89bc90b13aef7b267d,0,1,0,2016-06-30 14:16:41,823,995,4.2267,1818,54,16,7,902,121,40291.3648,274,84.8069,1455
3735,8d589623d2c2d039b014bc8783bef25351ec36ce,0,1,0,2016-06-30 15:41:42,298,84,1.5027,382,7,7,4,688,122,27567.0767,125,43.2411,388
3708,a3aea27983d23d48bbad92c400d4cd42f36fabd3,0,0,0,2016-07-01 09:10:54,48,134,0.0551,182,99,38,1,11,16,62915.4809,106,81.9187,103
3706,a3a9fd1147aa926987420057f8305ab498519a45,0,1,0,2016-07-01 12:12:44,468,289,3.1014,757,18,8,3,112,40,45897.2035,497,116.203,2270
3694,9178076db2ba352b25c541b0bf3ec4504ef0ba6d,0,1,0,2016-07-01 13:42:24,2182,111,2.9431,2293,13,11,4,41,46,29419.9808,506,68.7437,2561
3705,f722b73772eb66cdb79a288300e38ff7026c7e1f,0,0,0,2016-07-01 14:27:18,2814,7302,0.9586,10116,7,3,2,1020,2,67166.6967,77,60.1591,225
3605,7ab6837fde3adb588273ef6bb8f4f7a215fe9c03,0,1,1,2016-07-01 16:54:44,4307,16,0.0511,4323,4,3,2,26,29,14851.3894,68,62.0959,44
3710,bdfcf10c4764b44575844730fc9d900ec42a8dcf,0,0,0,2016-07-01 18:26:59,1961,19,3.6595,1980,2,1,4,20,2,80056.9007,96,78.1479,3033
3709,7fb94173e38bba25c4caf121f6105c4556d1983f,0,0,0,2016-07-04 10:21:55,425,19,0.9346,444,1,2,1,14,133,44482.0659,47,39.2443,166
3711,7ee0425a3467f9cf8d1dc967c99b5bb6c29c1745,0,0,0,2016-07-04 10:32:10,14,8,0.0231,22,1,19,6,6,12,70039.1381,193,102.7702,50
3714,e34fea53b69cd7c40eca716e3f2d7a68ac3cbc18,0,0,1,2016-07-04 12:32:42,2182,2003,1.5863,4185,4,2,11,49,21,27131.3223,115,21.7412,342
3707,b40cba60901c3e84808bed96623917ee39c4ea15,0,0,0,2016-07-04 14:46:27,2651,70,5.4776,2721,3,30,10,1068,3,60274.3897,367,165.9503,174
3713,f8cd9ba8c4c528c316d99aa7c5c9a35b2f2dab47,0,0,0,2016-07-05 08:18:38,2651,76,0.2428,2727,87,30,1,1068,134,59164.9048,785,370.2495,157
3716,5c0c7e36e8984dfd29224389212d2d04e24b4c8b,0,0,0,2016-07-05 08:37:08,2985,53,5.2754,3038,70,19,6,986,11,75165.4271,416,166.9248,999
3717,ac06146719e1061aecdc7f18c95913ac9009a711,0,1,1,2016-07-05 15:58:45,182,42,0.9571,224,2,3,1,1002,14,11470.8861,404,141.0232,126
3715,254379b7809447cd566bd1d1e9bf3b51aa3e9d99,0,1,1,2016-07-06 14:46:32,370,1143,0.745,1513,1,1,8,21,12,56383.0795,414,165.7113,29
3721,d17fe4f636b56f2200444c59a0dead9010dfaa5d,0,1,1,2016-07-07 09:37:39,288,1529,1.439,1817,3,4,2,1128,8,47959.4437,734,114.152,6476
3667,3d8d1920f78f7c657fd933b2e83b45e111efa18b,0,0,0,2016-07-07 12:48:13,135,1143,0.0872,1278,79,41,8,15,116,53373.6499,377,168.7768,150
3720,474ec9660c528af8e19898114656fccb3e4747af,0,1,1,2016-07-07 13:26:51,144,25,1.2703,169,5,4,2,871,2,77250.7493,732,150.6843,238
3723,6c5eebb7e40439310b6949e35b67c72a3dc61c75,0,1,1,2016-07-07 13:35:29,54,1,5.1282,55,38,14,1,1002,0,10280.0677,101,62.0217,1017
3726,4e6d89ca20f6888cdda911e8d90baec19245b6cc,0,0,0,2016-07-07 14:45:46,151,694,5.1282,845,2,2,6,40,13,10272.6784,429,180.6405,2152
3719,a710fc3d58014a7191de61fd5d6370de97c9e75e,0,1,1,2016-07-07 14:46:29,210,7302,1.2579,7512,4,2,6,22,15,66597.0825,406,144.5379,118
3729,70094a1818b532f4e0ff31f5debc550ed4336286,0,1,1,2016-07-08 14:41:39,445,305,2.5837,750,10,11,4,196,34,31114.3207,737,117.482,6115
3730,790a654c5e08e0e54f3e02499be4dd8c4006227a,0,1,0,2016-07-11 10:22:18,168,2012,3.6411,2180,19,10,3,124,37,76389.7058,498,56.0429,584
3642,662b4586856379f9baf19862721ad99a20e74d13,0,0,0,2016-07-11 12:54:41,5665,4441,1.6162,10106,2,3,1,20,5,32269.4442,205,88.6629,213
3747,f1d79f1d9b910ecadc3185929055ba95c8cad34e,0,1,0,2016-07-11 14:41:48,868,321,3.3293,1189,18,13,4,639,105,29807.2388,1000,710.5,273
3728,2477161352e12e75e2f0f85b5833ad04dc6d31f2,0,0,0,2016-07-11 18:36:44,1278,51,0.7013,1329,4,2,2,1130,4,77127.2103,863,320.2629,7885
3732,bc3a96f5e9fdd0c621b78c9835d3eb9fad988e90,0,0,0,2016-07-12 02:20:55,39,618,0.6228,657,3,3,2,1000,5,5605.9473,1000,710.5,83
3718,90fdae452b6a03fafd4ec7827030d78ae87dbcd3,0,1,0,2016-07-12 10:22:41,1423,51,3.8466,1474,24,14,2,1068,4,57342.7275,60,66.3123,714
3761,41f58182289226850b23c61a32f01223485d4775,0,1,0,2016-07-12 11:55:29,441,335,3.1025,776,11,11,1,665,104,57633.528,147,141.9993,434
3700,74b09ce0db4d24a0ac25de2ecac391fdf8bd5a90,0,0,0,2016-07-12 12:44:29,131,245,0.8479,376,5,2,2,1020,9,66800.0481,725,114.4918,218
3738,435ffd9c06c435af382323963cd04a850e0148de,0,0,0,2016-07-12 13:14:12,469,6,0.0216,475,6,6,1,1000,5,4760.141,135,25.3054,47
3731,cc9ee2cc37ed0c7a7f9b0c50cf5edca63e289e1a,0,0,0,2016-07-12 13:39:33,30,15,0.1899,45,2,5,2,87,0,83791.4701,727,710.5,5577
3736,63859c648a2a0ff024228f6e0687d837b8896322,0,1,1,2016-07-12 17:19:01,1680,8778,3.4225,10458,13,6,13,1377,3,49709.8657,20,11.3413,63
3737,177168b2fdefc3ca961e9615ffe04d5fe08eca08,0,1,0,2016-07-13 03:29:34,92,8089,1.1123,8181,4,4,2,17,26,62002.1581,10,6.2444,27
3793,ca5016ce526155ffbd178d47ce0d514752cd0007,0,0,0,2016-07-13 07:36:56,39,1526,1.0899,1565,4,3,6,1021,5,21936.2846,1000,18.3295,158
3722,21d6a292844521c6f2665a9f5b0f2867659afe5e,0,0,0,2016-07-13 08:23:17,62,3382,4.9358,3444,2,2,1,37,5,68214.646,108,40.8053,881
3724,cc60ba42b46df85ececf38d69af2201449e9318c,0,0,0,2016-07-13 09:03:08,102,2012,5.2754,2114,4,2,1,986,6,73645.7463,491,117.2477,290
3733,565f94128fe7938afeb69bcc75963a340fe9a82b,0,0,0,2016-07-13 15:15:11,78,2926,2.6399,3004,7,15,1,989,4,9731.9748,248,88.1785,816
3743,de6a3d33ecfa689fd0da1ef661bbf6edb68e9d0b,0,1,1,2016-07-13 15:31:35,3248,6953,4.3412,10201,41,19,5,107,79,22765.1322,782,389.87,8283
3740,e9a067229d787c3e874dc40303ac8661045cc54f,0,0,0,2016-07-13 16:40:17,99,40,1.6843,139,6,3,1,43,107,4463.237,17,84.1966,195
3744,91d5c63a717d8786506c2d791bb4683838f699d8,0,0,1,2016-07-13 19:16:01,26,7,0.0157,33,1,18,1,5,4,35085.2631,3,710.5,10
3749,2837c60384e94ff3407802a5dfd3b60aae1cb018,0,0,1,2016-07-14 13:14:12,427,8778,0.0139,9205,80,5,13,109,6,50670.2061,764,377.7497,1450
3741,e2ef74ea5a854555f86aefbd8a6b1889ef188ff1,0,1,0,2016-07-14 13:39:02,6970,8778,2.5166,15748,7,7,1,20,138,50766.5795,96,73.3045,1071
3751,082d87e5139a10fc34ddb3072d15c1a4747117e7,0,1,1,2016-07-14 16:21:40,5665,4441,3.1146,10106,15,6,5,55,63,32966.668,100,54.0561,832
3766,2648bc1a5a5faed8c2061bcab40a8949fd02751c,0,1,0,2016-07-15 08:51:59,661,363,3.0925,1024,33,23,4,708,0,57910.4168,823,180.4308,7576
3745,239168316b4b2999aa574b1a7124c96ddd05063f,0,0,0,2016-07-15 16:20:04,37,30,0.3559,67,2,2,4,12,6,2991.9246,70,38.0692,26
3753,a497ebc80081b0d240e118456873d8b918b3cdc8,0,0,0,2016-07-15 23:24:19,2753,8089,1.192,10842,1,2,2,19,5,63808.7858,12,10.1772,56
3750,25b6f22490550f0e1a6defef6148c35b69c009de,0,1,1,2016-07-18 16:18:43,6363,6,2.3646,6369,9,4,3,4,43,37733.9645,84,33.5235,119
3734,17589d454d00efa43cdf6116ea29ff4f513b6f20,0,1,1,2016-07-19 07:51:23,2814,7302,1.0861,10116,3,3,2,65,33,66847.2842,99,69.0685,130
3746,54f02ec7bae56a0559a61b981d0c88885090b128,0,1,1,2016-07-19 14:30:23,687,45,3.3088,732,18,6,12,107,36,46481.7173,167,135.4319,865
3748,ccd4fd9d5c4be66d19de01dd616042180ba46cc3,0,0,0,2016-07-20 10:20:23,243,296,3.0128,539,11,36,1,19,133,44490.7742,166,46.4741,112
3756,f81cda38b216a3eeec7f124de5e44ddbb361f4ad,0,1,0,2016-07-20 14:15:22,66,62,0.7883,128,4,3,2,4,17,85411.7361,233,145.2345,863
3758,5dd85e2867a639e10891209dd59be0136a19ecfa,0,1,0,2016-07-20 15:08:18,447,371,0.8057,818,4,6,4,124,42,30197.8678,780,144.8814,6901
3760,123c637e804bfdd6569051cf705ec73b5cb95352,0,1,0,2016-07-20 16:31:01,205,108,1.8491,313,4,2,1,33,107,1938.7576,38,30.1,117
3757,58850f29243559c67bdc07c737bc5772c3f098db,0,1,0,2016-07-20 19:44:54,1494,6,2.5808,1500,15,10,17,1177,133,42889.0038,83,79.1615,955
3762,f52d11af65d962fb79fe365c71938afae3fcbc11,0,0,0,2016-07-21 20:31:24,65,29,0.0625,94,2,1,1,1068,2,56689.6081,11,6.9158,2713
3752,b3fa459d4c9657e95fdc875d2566b57d48a0a027,0,0,0,2016-07-22 10:41:51,2062,1200,0.8308,3262,56,3,2,102,25,35373.1135,777,120.8826,6178
3764,e4fe89d6e454dbeef020feb6ff6c989c8cb0424c,0,0,0,2016-07-22 13:20:08,144,2648,0.9725,2792,6,3,1,36,8,14513.4691,447,81.2405,496
3769,9bcbcf4a5d75de65671bf4cc4e1e3129d386a29b,0,1,0,2016-07-22 13:25:01,709,249,2.6182,958,21,17,5,5,36,21479.4434,465,115.6384,2229
3770,2818ee00974da917785074812e6e994b98ff52f2,0,0,0,2016-07-22 15:50:10,123,618,0.4542,741,3,2,1,1000,5,3066.0233,434,70.6171,369
3771,502ae585c13b67a2510ca27d5b02fb09f288e15b,0,0,0,2016-07-23 09:39:24,6970,8778,0.395,15748,3,1,13,23,6,51409.9363,1000,20.5553,2844
3765,b6f9308c9841db1e775358da50a8498409cde298,0,1,0,2016-07-25 08:47:53,203,169,2.417,372,8,5,1,1177,3,42532.9655,99,41.7497,646
3772,66d4b8724b9e9b09225d2bbd3132dc2efdcf843a,0,0,0,2016-07-25 18:05:56,27,2003,0.4866,2030,68,2,11,1106,3,26862.9389,82,77.7574,207
3775,5d7e949fee399aacc51c9aba3f4e51444e1a416a,0,0,1,2016-07-25 20:30:42,1961,13,0.0763,1974,3,18,1,871,11,80030.6564,1000,21.0939,81
3767,4b1a9c72e99125680035e5dadc148b187d9d4124,0,1,1,2016-07-26 14:24:24,9591,90,3.9393,9681,34,5,2,966,7,53201.4124,63,59.9935,779
3773,0975d9f11dc09f8b1ea420d660175874d423cac3,0,0,0,2016-07-26 15:27:02,69,8089,1.796,8158,3,3,2,25,9,63262.7955,108,59.5912,551
3778,cbbd80033204a922ccf148c5ac3f1be6de0d810d,0,1,0,2016-07-27 09:25:27,389,67,3.6278,456,11,5,2,82,2,80025.1385,518,61.8571,2096
3782,94d1b63c05ded616120e8283f584a7affe7fe744,0,1,0,2016-07-27 10:29:10,379,169,3.3035,548,17,8,3,1051,18,32400.4346,495,75.9682,2048
3777,3507d59f969485dd735487e6bf3eb893b2e3d8ed,0,1,0,2016-07-27 12:51:07,632,218,3.2857,850,16,4,2,916,4,68635.1665,111,57.5873,678
3784,5c02988b05c56f524fc8c65b15e16b0c24278a5e,0,0,0,2016-07-27 13:48:48,387,33,1.9343,420,6,2,7,24,6,24772.0808,77,57.8952,180
3785,2a20229b56997ff1249a879acfb2bcca4323b0a1,0,0,0,2016-07-28 06:32:13,112,1275,0.827,1387,2,1,2,868,15,85066.6831,1000,22.1727,67
3810,ec975aaba79449bd93020f296b05ea509ea57bdc,0,1,0,2016-07-28 13:08:24,2493,521,2.8738,3014,51,28,9,1004,0,47330.4712,817,198.5973,6289
3788,f1e9daece516db98aad15818e90e4e3bf78a6e13,0,0,1,2016-08-01 11:57:07,66,22,3.6595,88,3,18,1,41,3,80928.6594,516,136.5273,1820
3791,e45096867a9542a756443310a535a971a6a29695,0,1,0,2016-08-01 12:15:49,947,8,3.118,955,19,15,2,966,9,53949.0294,106,54.49,581
3787,0f92a6b575cefcb6d5e9e151f6651ff31b126c7c,0,0,0,2016-08-01 15:57:18,3581,43,1.621,3624,6,3,4,43,11,12001.0251,218,135.098,319
3792,67be9e074e2eb327dfe9e817b625a0f6350d8da2,0,0,0,2016-08-01 18:09:47,978,86,5.2381,1064,43,12,8,1243,132,40089.1754,833,452.5167,195
3621,b5d58934d7124e0076e588e74485a60e7c1f484b,0,0,0,2016-08-01 19:39:17,20,2003,0.8086,2023,68,1,11,26,13,26246.091,40,19.8389,4393
3282,4b8f28825757a5501f02135d34eb7daced0d108d,0,0,0,2016-08-02 09:45:25,48,101,4.9358,149,4,2,2,31,21,69990.9371,82,58.4337,156
3286,36c09b0996404eac47abfc3ef8387a5f353f9756,0,0,0,2016-08-02 13:58:58,289,8,3.7481,297,24,1,1,871,6,5721.8246,841,334.7474,6876
3283,31837a7571dd79795a75d74e3b54245cb720a57c,0,0,0,2016-08-02 18:07:20,84,694,0.66,778,2,2,6,13,1,13471.9159,110,36.2078,663
3285,ff777084ba2e1f1070ce5ecbc5afc122756ba851,0,1,1,2016-08-03 12:18:40,120,3382,1.2659,3502,4,3,2,916,10,69673.6871,69,55.493,157
3310,3f8727921e944d1d89714f5885c2de63681d51b2,0,1,1,2016-08-03 12:54:34,455,222,2.4248,677,15,8,5,735,117,57554.0462,1000,37.4307,196
3290,8c11056147d8d0aee8f23c23c1b8e034bcf51bdf,0,1,0,2016-08-03 17:31:34,0,97,4.1591,97,51,18,3,211,48,65963.0176,647,228.6739,2404
3291,c9b0dad89b79f11ce13fe78f8a0823b8266f930f,0,0,0,2016-08-04 14:48:37,84,2240,1.6709,2324,3,2,2,135,51,21402.6389,851,338.3957,7884
3293,4cc38fd36f3190f9c0066e9cf94580669b2410cf,0,1,0,2016-08-04 15:01:08,926,120,2.6117,1046,20,6,3,36,23,45508.4963,65,63.7106,243
3289,2a4b22295353ee9790788a87832491e4a8f46a5e,0,0,0,2016-08-04 16:20:30,2814,103,0.9442,2917,2,31,6,1020,1,66001.2296,821,343.6426,55
3294,8d4a64d7afd33bfe56135c06501adffd241348bd,0,1,0,2016-08-04 19:49:40,79,53,1.4038,132,1,3,3,116,40,74516.5199,19,14.84,3033
3295,087000751bbb08cd90cd9bb10577ddc4739f9628,0,0,1,2016-08-05 09:49:42,880,5083,3.9069,5963,1,1,1,14,10,712.925,174,126.5532,99
3292,2ab6d4626c571b1251e1ff828ec03a3b7966c712,0,0,0,2016-08-05 10:56:41,279,3829,0.3001,4108,6,38,12,24,134,46487.7575,800,319.5475,146
3298,a2f9aabac7606199c640d228cc432e5242330bc9,0,1,1,2016-08-05 12:27:48,340,307,2.4261,647,21,15,6,74,55,56962.1206,801,405.8524,4691
3297,862e7f0e9b11c8c218b0fe35fcdb192ea205e2fa,0,1,0,2016-08-05 17:16:51,8,2,3.7481,10,1,11,3,871,5,9999.9467,831,347.7379,6737
3300,f170e04ab93fba75c517b0f9184587d7b306113e,0,1,0,2016-08-08 08:15:49,658,8089,3.5488,8747,19,10,2,38,12,62965.1797,115,37.2098,723
3299,27232fe32884e339c907a2c644d00e3dda055cec,0,0,0,2016-08-08 09:33:07,15,1275,3.0268,1290,1,5,1,868,13,85881.7615,178,112.4145,89
3331,76ca1a7955fedd8583a0af12289a14d0f1bcf868,0,1,0,2016-08-08 17:18:44,1108,1158,3.7363,2266,18,1,16,732,108,42048.0634,796,333.0735,7276
3348,6731ec1e48d0a0092dd2330adda73bcf37fda8d7,0,1,0,2016-08-09 14:38:21,480,488,3.5736,968,35,14,4,630,121,31905.5939,249,144.8757,116
3308,cd94aad0c8a418b76412da872dcd2abb5def4dfc,0,0,0,2016-08-10 10:18:12,1961,15,0.0645,1976,2,18,4,871,7,80158.5939,163,135.9446,1042
3311,c5a9a3eb0061014fe59086505130596e924db7f9,0,0,0,2016-08-10 14:23:54,3581,27,0.3259,3608,3,2,6,46,4,13702.9798,443,79.5572,115
3341,13ff76db13b5d89ed5678c76e6af482b5954eca1,0,1,0,2016-08-10 16:42:26,409,959,2.818,1368,10,8,3,774,124,56742.201,807,163.2656,7085
3307,26ad18a43cc57803f993ac81d4cec9e894411974,0,1,0,2016-08-10 18:42:45,1221,241,3.065,1462,15,12,2,42,5,37124.9365,791,371.9817,6404
3314,516ad011865ca5beece273ca9b985e2861b3435a,0,1,0,2016-08-11 10:14:18,947,901,1.303,1848,90,2,3,1130,27,74747.5211,710,193.6944,6437
3315,09774626086564b184abbe09776d3b7033badd20,0,1,0,2016-08-11 10:48:50,421,59,2.4222,480,8,3,5,987,18,15240.0485,20,17.603,63
3313,f8b162e8f36373e16916798e3cc899c190561967,0,0,0,2016-08-11 13:26:01,186,2003,0.8881,2189,3,3,11,1106,10,26099.288,29,17.2102,4393
3763,47acdeadf3ccd326578306453dd10ed3c147a4e6,0,1,0,2016-08-11 17:40:07,1227,1646,2.2494,2873,16,13,2,745,0,22360.7769,298,205.3295,614
3319,f28e5ec9cf1c1ea8fc8b6662c507239a8a9bc71b,0,0,0,2016-08-11 18:30:54,320,120,1.9823,440,8,2,15,41,12,55095.9618,821,335.892,6856
3317,c9a43bc0f8eda7da65af3a695cd8f65a85668962,0,0,0,2016-08-12 03:05:48,172,3319,0.9561,3491,4,2,1,1243,1,39969.6641,27,18.4108,136
3320,e7ac74087e7309ad049f67fde8326c77518044f8,0,1,0,2016-08-12 08:32:30,829,51,2.4301,880,6,4,9,43,12,48599.79,790,100.0073,5727
3309,4b7ab28b7ad75488a53543da413fbbb98f296104,0,0,0,2016-08-13 17:11:47,125,310,0.0614,435,75,2,26,39,2,31046.2178,811,366.6995,6962
3323,79cc30f3d5ad84d860236cdd45711f67d9f9278a,0,0,1,2016-08-15 07:00:40,66,2012,5.2754,2078,2,1,6,986,7,74607.1013,174,109.1393,1003
3318,8195001bbd54ca375b3f1e4e6f65974f061cdd44,0,1,0,2016-08-15 07:02:57,865,1143,3.7322,2008,18,13,3,39,26,55547.4952,1000,25.2869,3033
3321,9623027afc6a149c2323f1f3164a98b72e3b48ef,0,0,0,2016-08-15 16:51:30,289,4,3.7481,293,1,1,1,871,7,6541.6536,819,358.5312,6636
3325,fe1ba328a644e947922dc50c53f2e6a7d81b90c1,0,0,0,2016-08-16 19:11:01,289,238,3.7481,527,2,11,3,871,7,7069.3531,847,333.3009,6535
3305,a903f171a53a6ad0e25bebcb298bdf7dfedd06cf,0,0,0,2016-08-17 05:46:00,330,123,0.8534,453,6,2,13,35,5,50716.3177,29,10.062,16
3324,b7ae3e53382258d9f811b6c34cd0df9564b00370,0,0,0,2016-08-17 12:24:51,107,8778,0.2535,8885,80,2,13,1377,3,52028.5381,431,170.5171,648
3327,ebda2e0ea05a8363db910c5bd03b0b7cfa5ae279,0,0,0,2016-08-17 13:05:45,869,2926,2.9907,3795,11,2,5,989,9,8820.5635,415,57.5271,1431
3302,f79168052c776fe36dc2678d63ffccf715403753,0,0,0,2016-08-17 16:04:40,1512,1526,0.7526,3038,2,3,1,1021,8,20745.3399,163,130.9063,865
3332,1f17886198eb67c8fdb53b96098ebb812029b3ba,0,0,0,2016-08-18 05:08:01,195,100,2.6476,295,8,7,2,33,9,71065.1921,1000,575.0,143
3328,39035ba90ba59b9960bd8a1cb8fc3a89a7dd3145,0,0,0,2016-08-18 07:48:30,1446,2388,2.124,3834,11,6,1,31,7,58275.2301,48,28.9079,165
3334,8854d75c13a6e7a593baf6d0d5ae4f47c90718e3,0,0,0,2016-08-18 11:57:41,1961,18,0.3692,1979,1,2,4,38,21,77794.1644,1000,710.5,3033
3670,259a3a5569952458140afc8e9ad96eac0c330162,0,1,0,2016-08-18 14:04:35,1684,439,3.3142,2123,25,13,3,141,45,46304.2228,146,45.4972,557
3333,c0bc96178a698cd306adacd3e06dbcb7ba3b917f,0,0,0,2016-08-18 14:34:47,2282,269,2.1646,2551,9,2,9,21,13,61467.5253,776,140.2291,6307
3338,0492dcc8e2d7fb21ee817f5cf5cc39a8b091ba9c,0,0,0,2016-08-19 09:46:14,93,168,3.174,261,5,2,1,1130,11,62064.738,437,116.3918,1782
3781,59eb4332f31204b118fe95d56bcf3893ae705866,0,0,0,2016-08-19 10:16:09,115,46,0.0824,161,76,2,1,1177,133,44059.0943,817,336.7384,3064
3326,3407cb1f80ef04871577384cd50b6220f9fc5a83,0,0,0,2016-08-19 21:29:45,232,85,1.1895,317,4,1,1,665,6,62029.7193,260,356.9469,6805
3359,e982e88736178014680f23e3913c3e5ed4cb73d5,0,1,0,2016-08-19 21:45:54,746,5931,2.5163,6677,4,4,16,802,93,36433.5898,780,318.9509,7463
3329,7eb08614df81528a5b3fe8d8f9a4d6dcf5ff4cbc,0,0,0,2016-08-19 22:00:36,684,1275,0.032,1959,1,1,1,22,22,85880.8123,22,10.2318,39
3339,b65b400c14fae7c833b657e7e6f38e8e9b7a0164,0,0,0,2016-08-20 16:46:51,45,2926,1.127,2971,3,3,1,989,6,9121.3657,1000,6.8349,3033
3754,1c3666a7bd7f74c718d141b3add6d3445d6e5d7d,0,0,0,2016-08-22 11:25:34,8,16,0.0671,24,6,6,1,1000,2,3498.4978,500,75.4539,1758
3337,7e07bde8c5b33e9985260416fdf75e15df102efa,0,1,1,2016-08-22 13:07:55,1759,1815,0.4689,3574,1,32,1,2,24,22452.0654,1000,8.5482,49
3304,720645587bc58a22db6a8d948f91384da2ecb7b7,0,1,1,2016-08-22 16:11:45,3581,5,1.4556,3586,2,2,6,65,34,10919.0087,112,59.9627,92
3343,863dc180546ee782d30d8f24a7e488f28c4a91a9,0,0,0,2016-08-23 06:38:15,5665,41,2.2588,5706,7,5,2,28,19,32178.3195,24,16.3754,3632
3346,4e9d1775b5514c87981c78d55323cc2b17361867,0,1,1,2016-08-23 16:23:31,41,1526,0.6389,1567,1,3,1,126,32,20135.5852,20,18.1722,127
3347,b05ea693984a5f5bf2e53f89d9fbd531e7be83fd,0,1,0,2016-08-24 08:11:45,83,204,2.0863,287,4,4,2,157,35,61256.4164,72,87.5023,194
3345,4e45659a5abefbfbd693e3754a19fab57b405427,0,0,0,2016-08-24 12:02:25,36,25,0.1973,61,4,1,1,72,22,76559.4122,805,325.3956,6944
3351,59eeea4ce4fb0361c2f02618f5f4dbcfc6c0467d,0,1,0,2016-08-24 16:27:26,1083,621,4.6686,1704,47,15,3,986,45,74569.7024,97,710.5,382
3356,44f3977e7fee44a3601b651a523c4ab37ed5a15d,0,1,0,2016-08-25 07:19:53,3358,476,5.1296,3834,73,22,2,75,1,54110.4796,21,72.2548,503
3353,b5ad15fecea171f78912672b5d293542f7c1f5c7,0,1,0,2016-08-25 12:05:07,777,2952,2.2756,3729,9,2,16,25,3,50577.6535,739,110.2989,6185
3363,4779c7eca0f7e91dd5ee38122baa3fe99c8b7bea,0,1,0,2016-08-25 15:38:49,488,256,2.2981,744,13,5,2,69,20,20355.4102,78,18.5215,304
3366,5d0358af46e0f3683224986a7718adca88f504db,0,1,1,2016-08-25 18:11:44,2985,2012,0.0377,4997,2,19,6,33,18,76108.0666,1000,7.8929,3033
3355,633fd3e5c785edfc5b2f9cfbf33a7b36bfa8d453,0,0,0,2016-08-25 18:37:15,3248,291,4.7643,3539,4,2,1,40,136,24962.4215,804,367.0762,6940
3360,7a539c05a4a7239801f4fa9bc7313e6f30ff85f5,0,1,0,2016-08-26 20:58:27,9591,17,0.0188,9608,2,2,1,26,19,55327.5614,13,6.2887,3
3364,e51b0527973055c7a41e1255824213782b8c43c3,0,0,0,2016-08-27 06:14:28,489,2113,1.5959,2602,7,5,6,1041,8,36185.9657,12,710.5,2713
3384,578e80e3c161601d22760ef2ea0e52e6ae963786,0,0,0,2016-08-27 13:23:38,6757,637,0.1919,7394,8,3,2,787,106,47773.5089,877,318.7966,8655
3365,b7d83899abfe8175b1fc9e526b6afb2ca7a056ed,0,1,0,2016-08-29 09:30:39,124,8089,2.1914,8213,7,4,1,27,6,61283.8089,242,575.0,108
3398,6d4306186e09be6f2557600ed7a853c33d3ae6bd,0,1,0,2016-08-29 09:53:22,104,110,3.572,214,31,25,4,721,120,62880.8511,79,80.7223,1679
3361,f44b57ccf8f088f2ad4c1f10f479ed62be17eb8b,0,1,0,2016-08-29 14:10:15,279,3829,2.6506,4108,10,13,7,148,56,46792.0139,165,9.6105,1116
3372,842e3e7d13c821fccd599642a417b6328915a366,0,1,0,2016-08-29 15:08:01,6363,83,1.9375,6446,3,4,3,104,37,37345.0287,78,59.4895,386
3368,a4d1aebeec29aef1dc31d441476e353275cc9fd0,0,0,0,2016-08-29 15:40:57,2784,1162,0.1923,3946,76,2,4,42,112,64797.4383,732,161.2432,6178
3330,1b70a25bbb230ed12538d924b670ca344c578101,0,0,0,2016-08-30 03:28:14,891,57,0.6823,948,4,2,1,24,5,41915.7863,17,10.1288,3064
3375,b13db273c200efe12f03b2e1328fce595303223d,0,0,0,2016-08-30 10:03:07,9,27,3.182,36,24,1,1,989,2,9298.3905,100,77.7565,37
3370,78d9ae9ba3ddda4b84d335b07ece7c04b18d4751,0,0,1,2016-08-30 10:28:07,163,4,0.7438,167,51,2,4,50,17,78665.469,876,387.3048,830
3371,f7ef82b38ce9361b7d705199d71ac684ba4a76c3,0,0,0,2016-08-30 12:59:12,1759,1815,0.101,3574,2,2,1,827,10,25244.2831,169,44.5841,167
3376,97a83a1fa62c06db19b09104d85c5e2bb850df0f,0,0,0,2016-08-30 14:31:42,3439,87,1.1959,3526,2,2,1,1022,11,39909.0642,845,365.2666,6648
3369,aaa474ad8f1d638c3988697dd57446802142119b,0,1,0,2016-08-30 18:34:20,913,860,4.3649,1773,28,10,3,210,52,29291.6848,808,310.1123,6373
3381,78f2a15867734055a9712ea3a27f54d9bed3e43b,0,1,0,2016-08-31 07:33:46,534,702,4.7848,1236,33,13,1,291,41,65197.0355,665,710.5,6475
3395,fb8f2c935e96c9300a7584e310eb96e8a1f32f7f,0,0,0,2016-08-31 11:52:45,154,554,0.4376,708,7,5,1,685,121,34378.1752,775,298.5997,7615
3786,96b6359fcf185f7832f0ea190821170613804707,0,1,0,2016-08-31 12:22:04,2467,62,0.1325,2529,1,2,2,54,32,68815.3581,109,58.7676,3033
3374,90902914ac4b11f9554b67ad49e0d697a0d02f93,0,0,0,2016-08-31 14:22:34,25,25,0.529,50,2,2,2,251,3,84342.4464,854,326.2414,6908
3410,02b852e3571e46f25fdfc79f43ceb726ddff9ba7,0,1,0,2016-08-31 15:58:09,1073,189,4.7455,1262,64,1,16,1082,113,30707.1089,676,195.731,8217
3386,98a01630b531185cedb5696669afa993eddd2b07,0,0,0,2016-09-01 03:14:00,130,216,1.666,346,4,3,1,1051,3,32654.6405,17,710.5,3632
3389,cb89ba19b5ce09903498efd0ede59cea42f2eb48,0,0,0,2016-09-01 09:41:10,1278,17,0.1316,1295,3,1,1,15,5,75801.2578,776,115.6856,6127
3380,e1443d7025709ac5a9a13bc73e6d7dcec1ba729a,0,1,0,2016-09-01 09:54:18,2814,7302,0.0999,10116,50,2,6,26,8,64668.5152,855,364.4473,137
3385,285b6f74e0416b200229bd67cb7521e4a6871bbc,0,0,0,2016-09-01 10:49:53,73,2388,0.5964,2461,3,2,1,19,3,56989.0543,109,65.7598,46
3417,0735b5b935b0c0757943e2d58047afcfb9949560,0,1,0,2016-09-01 12:41:44,377,355,4.1005,732,26,10,3,749,113,35144.8903,796,98.1968,7480
3344,6669387aba2f9796ea4021a102ec767b8b5e54e4,0,0,0,2016-09-02 12:51:16,411,245,0.0921,656,1,5,2,251,5,79244.8451,786,710.5,6233
3774,cab76f6e23f6b491ecde5856dd32e4de95a0af90,0,0,0,2016-09-03 17:37:39,93,4441,4.7242,4534,71,2,1,1051,7,33282.5336,201,710.5,3632
3212,d1475ee86fb58ab70a6dc785d08f190189ede43d,0,1,0,2016-09-05 10:01:11,4707,301,2.8209,5008,28,14,4,807,104,50698.8597,491,97.7141,8364
3393,87aea72f181d0945092538384037acb0da364b9e,0,0,0,2016-09-06 10:22:04,2753,193,0.1213,2946,3,38,16,1130,10,63925.4905,71,85.8973,71
3394,a85d8e57a3501e39284e24221b50c6222e85c06c,0,1,1,2016-09-07 11:43:26,51,17,0.1175,68,2,2,12,5,0,45817.1521,1000,710.5,3475
3391,f0de7d86aa3615dbb8b4231c06d1626543925b65,0,1,0,2016-09-08 04:00:13,1735,331,2.8919,2066,17,11,2,1377,17,52470.6057,36,710.5,39
3390,de9d8acc6ca401e3cf115d0e58e37245e535347e,0,0,0,2016-09-08 16:43:15,42,64,0.1494,106,84,2,9,30,24,45976.766,743,114.4979,6116
3399,8479bc3c6bde8b13f805c0090ccf656c529b967a,0,0,0,2016-09-09 01:11:24,364,3829,1.6056,4193,9,3,12,1033,16,45931.5329,12,710.5,51
3776,5901bf33bc38b2d0317d3322e26dd427c3319bef,0,0,0,2016-09-10 06:10:12,2182,2003,0.2174,4185,68,34,11,1106,2,29140.8376,1000,24.0948,153
3400,f06930bcf0d3c2a840cdc5a2e6e5f4b1d03f45d2,0,1,1,2016-09-12 05:46:55,6363,315,3.2836,6678,7,9,8,75,23,40882.1821,833,26.1161,179
3402,1586fc8cfc6f41244e46b27ad25dcb6b08b7ce43,0,0,1,2016-09-16 10:31:55,175,154,5.6438,329,98,38,1,24,5,45237.0528,512,84.113,751
3192,7477c5b57e3201a7c2f9d256e845c7328537ac7f,0,1,0,2016-09-17 13:41:50,1175,333,4.3193,1508,32,17,2,986,13,76440.5933,143,55.5699,142
3401,5f67b54b2ca4f7ea79d184e65a99ef230dbdc660,0,1,0,2016-09-19 15:54:23,23,33,3.0268,56,11,5,2,0,11,86226.7997,151,26.2679,100
3403,7a25bf5cee9ab94525ed0284cbf399d2c33f70cf,0,0,0,2016-09-20 06:35:28,6970,8778,5.8891,15748,80,2,13,41,4,52419.0471,1000,710.5,52
3407,dc0b3430f8d243b1876125e4949e733ae757aa96,0,1,0,2016-09-20 09:35:25,517,55,2.0859,572,9,3,11,1106,3,27829.7194,100,36.4888,553
3404,85b53444a852027714904a050a68489740b7f2f8,0,1,1,2016-09-20 10:09:40,164,64,2.2536,228,8,5,3,97,49,25118.3461,14,13.8355,4335
3296,68709b087570402cacb7bc3088e0eb35d83c8d32,0,1,0,2016-09-20 13:41:35,6363,199,2.3448,6562,16,13,6,84,53,40546.6234,61,61.5388,245
3409,349d06d6c67a4b48e8ec3b507a98616580a8d863,0,0,0,2016-09-20 16:53:46,150,2113,0.709,2263,3,2,6,1041,26,36866.3169,800,338.5964,1023
3406,be65f95dbd0b8334b5558103395909c91fd77170,0,0,0,2016-09-21 09:47:53,2573,1794,0.862,4367,5,4,16,26,7,67899.9031,773,142.4861,5748
3428,be3f80929d220d797da93bb3a959613dcff3a889,0,1,0,2016-09-21 10:33:15,867,1099,3.1351,1966,28,15,2,875,121,46394.3247,806,83.2919,6977
3392,da7d4349c1919a1dd3d83465e0b21ead22ed3575,0,0,0,2016-09-21 11:03:17,151,8613,0.7284,8764,75,40,26,24,8,31458.844,816,332.6128,6599
3387,b7db70eb6d91ce20a361f2f703d715e381f22e9d,0,0,0,2016-09-21 12:13:12,155,114,1.4176,269,4,2,1,1068,19,57259.6754,111,67.031,288
3413,92b3765e9b995459d9cff16fd131e05702f81302,0,0,0,2016-09-21 12:14:05,90,137,1.2476,227,2,1,12,1026,22,25449.3739,771,113.6437,5732
3415,3b8fe95ec728d59e3ffba2901450c56d7cca2b24,0,1,1,2016-09-21 12:55:58,462,1526,1.6836,1988,9,9,5,169,32,21080.9105,60,74.0971,1465
3418,c4a6ce6299744f8f24f5da6c362524338c890e95,0,1,0,2016-09-21 15:26:21,208,251,3.9961,459,28,15,2,1082,51,34596.2282,715,156.8308,5641
3416,1e4b7ebd4aa7dba9aa87122fec9db561df198160,0,0,0,2016-09-21 16:45:37,25,28,0.8605,53,2,2,4,173,35,2941.5783,126,89.1259,375
3397,03708888325a6e9344a168ee543f031422586eda,0,0,0,2016-09-22 11:56:00,2985,16,5.2754,3001,70,1,6,986,7,73741.2644,110,61.7015,209
3419,21e8e2dcf77f9d0dc3a74204626b776d87a9cd15,0,1,0,2016-09-22 12:02:22,2337,479,4.5294,2816,46,21,3,315,73,51419.3591,386,145.4769,3493
3424,5bd47012e50516d45a6b50d47f347e6802dfde4c,0,1,0,2016-09-22 17:10:01,253,104,1.1601,357,70,5,4,126,51,76674.0,59,710.5,124
3408,40c978b0443d9cb3ee66b6e0e63ab61416deac25,0,0,0,2016-09-23 06:26:27,38,15,0.0461,53,76,36,1,13,15,44798.1423,1000,710.5,15
3420,51a5048b24ffe7655e2197c04aa844239bf1af83,0,1,0,2016-09-23 08:40:16,2753,8089,2.9637,10842,7,6,1,20,26,63880.0111,362,169.3577,2098
3425,95e9004e36fffae755eab7aa3d5d0d5e8bfb7113,0,1,0,2016-09-23 13:16:27,171,3962,3.3124,4133,16,10,2,1020,8,53713.3108,260,336.2452,7969
3426,6d4dd75859aa5e78a20dc3a9492391f1c7f7ca7a,0,0,0,2016-09-23 17:23:19,68,41,1.0488,109,3,2,2,38,24,74883.9915,1000,25.1927,3033
3196,d4d7cc32667016d66c65a7d64601cabd101a0c4d,0,0,0,2016-09-23 18:59:36,114,121,1.6784,235,3,2,11,16,13,28670.8918,120,55.1742,309
3352,c2891c5d467ad4a4dccde733e519e1a7250eb990,0,1,0,2016-09-26 02:59:16,564,210,2.6087,774,17,11,1,166,47,62142.7307,50,575.0,248
3427,1dce5c8951a8eb667315a8129422994f0513d042,0,1,0,2016-09-26 09:43:44,454,154,1.8581,608,5,5,1,1051,21,32368.1657,18,9.9421,46
3429,b1642e32c2f69c60c2b212260c3479feb66a9165,0,1,0,2016-09-26 12:10:21,348,104,3.8988,452,29,10,3,29,34,54077.534,800,328.5224,7488
3433,81b19e5323edd384e00f77eaa4a5c543db7e2499,0,1,0,2016-09-26 14:21:51,2804,726,3.2626,3530,38,16,5,208,31,57921.0072,497,240.232,3430
3422,4de627b442cfb20f14f6d1362f138d1c8a38d25b,0,0,0,2016-09-26 16:01:47,78,1618,2.2823,1696,7,4,1,36,10,57641.8711,752,136.5502,6062
3441,7b88f1a75ea92f6b26624a7358e7fcafa3e9506f,0,1,0,2016-09-27 04:10:08,5613,584,2.412,6197,14,5,3,790,106,48646.4975,1000,710.5,1
3431,9d1b5fb7ab2b1dcb327d026d367bbd7dc3e66f94,0,1,0,2016-09-27 08:38:02,345,22,2.2987,367,9,3,1,1377,21,52208.5098,82,78.9665,305
3430,6e123d287443430bf1721952c5692069e41d95cc,0,0,0,2016-09-27 12:53:57,2985,2012,5.2754,4997,70,19,1,986,10,75165.0786,795,390.1716,1510
3435,72967128ca7c77a4e72307ff61a686a77228c3e3,0,1,0,2016-09-27 16:17:42,175,30,2.8293,205,11,4,1,34,18,15172.1509,815,91.8286,5554
3434,7a2378641d849985e8be1b7b0ba9474ae0d02ce1,0,0,0,2016-09-28 10:39:30,65,76,0.844,141,3,2,6,28,6,67607.4665,103,65.2863,208
3442,9e9776f17ed18b12af177e31ab0bc266236f85ef,0,1,0,2016-09-28 12:04:54,3,776,1.885,779,4,5,4,710,113,40580.2825,720,95.9954,6573
3432,8f3d6d239996c83f7cbd102dc8a85ee626a56bf5,0,1,0,2016-09-28 12:39:51,1973,396,4.0766,2369,47,16,16,244,68,52046.0731,822,186.7003,5867
3436,1020950f61f7fa1872bd78e42bd274857d94de7b,0,1,0,2016-09-29 00:56:27,185,337,0.6556,522,3,2,3,742,124,63768.5653,43,30.7162,34
3477,477d1c5d4ca6f469b3c87bc1f7962ece805cae1d,0,1,1,2016-09-29 14:19:30,75,1013,4.1744,1088,31,12,2,969,118,25756.4594,807,90.4047,7248
3439,92f4539afc714f7dbd293c3ad677b3b5807c6911,0,1,1,2016-09-29 16:09:51,301,34,0.7426,335,38,2,6,1002,7,10650.3898,815,335.3048,41
3624,f46ca39188dce1764ee6615eb6697588fdc04a2a,0,1,0,2016-10-02 08:54:57,507,205,2.8488,712,16,8,1,827,9,22187.4362,266,710.5,131
3452,241d47b867cc6bb21d11c6416697bd078885cf6d,0,0,0,2016-10-02 09:30:59,1961,0,3.6595,1961,3,2,4,24,5,76743.5361,165,17.6464,83
3625,0dac7ad00a25c4b038b57009f41f5512f8ce73c3,0,1,0,2016-10-02 12:19:37,648,442,3.2829,1090,30,16,4,54,27,26698.549,86,710.5,985
3440,8d953bf2626012e3e497334641962bd8f96098de,0,1,1,2016-10-02 14:56:41,422,200,2.4857,622,14,11,2,71,36,26342.5964,125,20.5447,948
3456,28b37ef97d803855e884900d1a983813ea2ac99d,0,0,1,2016-10-03 12:34:19,2182,2003,0.5969,4185,4,2,1,1106,145,28099.602,1000,710.5,86
3451,e4343ba0de24897c3cf62891429d5faf82043242,0,1,0,2016-10-04 08:53:38,79,43,1.1852,122,4,3,1,1068,5,60211.424,202,20.5783,78
3357,c62776f0f7ac97f6fd484e2a9e0283074d26a444,0,0,0,2016-10-04 11:29:46,174,3962,0.7599,4136,6,2,3,28,152,57063.4106,260,339.035,9545
3461,b94daa0eea6b23cea09026b109d0a3b8e77f089e,0,0,0,2016-10-04 12:27:37,25,41,5.0588,66,2,24,8,1050,6,19968.504,768,143.0012,6052
3455,eece0dd05bc38b88fcb6cbcef15add7f98eab456,0,0,0,2016-10-04 12:43:35,1961,465,0.0765,2426,2,1,1,18,3,78413.8232,388,87.7147,42
3448,1577e898d97970ad815b2e431a9cb980bd52b660,0,0,0,2016-10-04 13:50:42,60,93,2.0026,153,6,3,6,916,7,71554.2294,126,82.6516,971
3453,4e5f423ae3413bdbe19ee4b7bd41cfc8f4adc23c,0,1,0,2016-10-04 15:00:22,404,3382,2.2462,3786,4,2,1,22,22,69898.7258,29,18.3725,62
3459,6efb7c2666d6b75b686e30a44f0acec8f69d1ed0,0,0,0,2016-10-04 15:37:37,23,2388,0.7247,2411,3,2,10,11,3,59905.8465,116,57.8195,223
3462,dd3416fde7b934584d4e18bc54d79ed7858556c2,0,0,0,2016-10-04 20:29:28,109,116,0.1751,225,5,3,1,36,1,22570.2932,799,315.3431,768
3457,9d24d51f1d19805e23cab370db0f4bbf1c0038bc,0,0,0,2016-10-04 21:13:53,1759,78,4.6287,1837,4,2,1,56,18,24838.5896,861,379.2892,786
3449,47e4977442f7045baf29ce7dc772b7f7aff65343,0,1,0,2016-10-04 21:48:31,111,98,1.585,209,5,2,1,67,28,20267.7836,877,317.0723,1049
3471,1836e08f0f8bb17ed50e59b42d02999436b36f6c,0,1,0,2016-10-05 09:48:02,113,67,0.9173,180,99,2,16,16,5,60637.7117,7,3.7483,28
3487,0bb2685d2b5af31543b9c9e5df3b6c0c11c9bb2c,0,1,0,2016-10-05 09:58:26,1806,402,2.7538,2208,18,6,3,720,129,49576.5029,713,107.2952,6694
3474,efb40cfc5f0c738cfd281b182b696495b5985a96,0,0,0,2016-10-05 10:17:34,10,618,0.0166,628,6,1,4,0,4,5081.9162,231,16.4563,71
3476,8aea8c8f427f5511c6064abbc4b85a3ef106743a,0,1,0,2016-10-05 12:33:01,332,155,2.0109,487,7,4,1,5,24,70398.7333,865,332.3621,857
3478,5a636975cde47a2d7d206e6b70198fd44dcd0e2c,0,1,0,2016-10-05 12:47:24,6757,31,2.6698,6788,19,12,3,130,63,47291.9683,712,153.5785,6786
3444,10a42f951c5143537c28a0f9df65627e5c632c4b,0,1,0,2016-10-05 13:30:26,228,693,2.91,921,8,11,6,113,37,33444.2741,873,394.2938,10553
3486,67ed642ca42cd6c2beb240eeb0fe18f24ea22874,0,1,0,2016-10-05 15:02:06,2003,8613,2.8048,10616,37,21,26,88,75,32552.0685,802,188.4939,6899
3479,417c5a4b429eb8766ff582d424a64a1cd6aa54d3,0,0,0,2016-10-05 18:10:13,2985,60,0.2047,3045,70,2,6,48,20,73363.988,893,319.0037,861
3198,336b95d4eedc23e5ce37d1739165157e127c65f8,0,0,0,2016-10-05 20:13:02,154,120,1.7272,274,5,32,8,1243,7,38348.2901,97,58.3621,125
3445,97c71675ad9e2b50b818362f92faef9eb44da627,0,0,0,2016-10-06 08:44:58,63,3319,5.45,3382,83,32,1,8,17,39376.3692,67,38.1465,159
3475,b410c393c960f55c09fadd4f22732d06f801b938,0,1,1,2016-10-06 22:21:42,759,0,2.3683,759,7,3,3,94,18,13301.7674,1000,9.4403,3033
3482,0d290354179a5ea3a11040a2ed7e218263bc474b,0,1,0,2016-10-07 08:16:49,103,160,1.1251,263,8,2,1,27,107,267.045,443,72.226,718
3485,77258a007ae4dde525d0274bb4d63e76d834bfe0,0,1,0,2016-10-07 11:02:10,278,188,3.7007,466,20,6,2,71,13,37368.9366,509,118.0134,2016
3488,cdebb0ef100179e810f6e110b974632bd49c653f,0,1,0,2016-10-07 13:24:44,1050,106,2.2092,1156,9,1,8,966,11,53811.6741,811,358.4371,2482
3473,abc1657bac83c151a1a345220942b02fcde4653a,0,1,0,2016-10-07 23:41:02,440,495,3.5567,935,34,19,10,98,78,38604.2081,812,332.2234,11290
3491,dffde7efb3c60da83e54f4202004d5d70e174e8f,0,1,0,2016-10-08 11:30:14,253,110,1.002,363,4,3,16,1130,3,62071.6419,11,575.0,3558
3470,3137bf7746f7eb43956f0de1f1b789c8eb635d5d,0,0,0,2016-10-09 09:19:38,1961,465,0.3415,2426,4,3,2,27,21,78997.074,427,76.28,274
3483,b949d42d9f16fe52126f03a960fdf23ad71e6e63,0,1,1,2016-10-10 08:06:18,8898,24,0.0526,8922,1,1,1,1041,9,35102.7501,104,67.3472,2713
3497,877c267b8f7d7f63b07598e1536c7b42567c8a8b,0,0,0,2016-10-10 09:19:43,79,7302,0.8519,7381,3,31,1,60,13,66788.2726,789,333.023,1056
3492,c1825e3aaf27ad5270eb5b9120df6d28b54578f1,0,0,0,2016-10-10 10:19:37,25,618,0.0813,643,6,6,4,44,3,3723.0627,859,381.6757,878
3490,33c36e62a42d46f8aebe7b90ad91b529826136b6,0,0,0,2016-10-10 10:22:38,1961,465,0.1309,2426,3,2,1,37,3,79136.1281,880,322.7281,887
3284,9e17cbd6b768f73299a6a344fdf44539802fb76c,0,1,1,2016-10-10 12:33:57,61,28,0.2981,89,2,2,2,29,31,84528.1196,859,368.6012,831
3199,8dfc9f9d0f06e4ea2376b0a58efd623e58735ae5,0,1,0,2016-10-10 13:30:48,116,69,2.2941,185,8,4,8,16,116,55922.3977,494,112.183,522
3496,2fb600916860acf2256464659ca60424bbf26857,0,1,0,2016-10-11 08:08:14,6363,154,2.5368,6517,23,3,1,1243,18,39694.301,170,131.8634,57
3499,3bc9cad045b25d413f0b9f054fff12fac18a4f0e,0,1,0,2016-10-11 08:09:20,494,43,1.7795,537,12,6,3,95,40,53679.9864,217,105.6891,1192
3494,744f8ebb66b2a7288942be139cd7a7e6d1170c80,0,0,0,2016-10-11 13:48:32,100,462,0.0221,562,5,3,16,10,9,62427.8125,206,109.4641,214
3498,f52830763d8f95a955c10265e2c3543a5890e719,0,1,0,2016-10-12 06:31:43,3334,106,3.67,3440,21,14,3,35,32,56103.5673,1000,575.0,91
3502,6f09ecded9e22a5eaa548ebbddb9b28dad4207c2,0,1,1,2016-10-12 08:33:47,9591,107,1.6121,9698,5,3,1,26,13,54769.3347,83,52.9293,90
3450,2ac4930aecc5fd9d7c91d45165e7a7d8c807e651,0,1,0,2016-10-12 20:59:46,1529,2465,1.8848,3994,5,5,17,8,19,43128.6932,1000,31.5994,191
3523,c64860677fb576f00c700a62a4ebb4ed415bebda,0,1,0,2016-10-12 21:25:16,2147,1193,3.2746,3340,25,13,3,847,0,35682.8643,83,710.5,2713
3525,1e475c768ae0d7e13746a3ca6aa258141016d419,0,1,0,2016-10-13 09:32:19,497,256,6.2622,753,79,2,2,693,113,53690.6927,110,21.5344,382
3505,673c724e6bdc5c1f410ef8aae1fd1d4c72647f5a,0,1,0,2016-10-13 22:45:35,93,35,1.2367,128,3,2,2,1177,15,42860.4779,10,710.5,30
3508,436c3335b83979b9a278e480b3278bed71081322,0,0,0,2016-10-14 12:54:00,1,15,0.0428,16,1,6,4,37,3,3212.4376,441,82.8563,1571
3405,5dc624bf816093ca0c240c7bcfe37841605ce592,0,0,0,2016-10-14 13:18:09,3581,22,0.4558,3603,1,2,2,80,38,10703.3888,164,83.3505,203
3507,cb78d70b270bfb6962a9731d49d0d19c6e5bc88a,0,0,0,2016-10-14 13:24:14,74,2003,5.1646,2077,68,34,11,1106,10,28074.5239,142,43.5981,4393
3388,a2e999b960319f51b34f3dfc68d29121eca5ae60,0,0,1,2016-10-14 18:24:12,2814,72,4.9874,2886,2,31,6,27,22,67432.7992,104,68.5027,92
3510,208324d67c9d3cfa66a63fc637dfa280dbd3062c,0,1,0,2016-10-14 21:54:29,18,5931,3.2154,5949,14,10,3,61,41,39802.251,383,53.0,8903
3513,bc6823618a1cf01a3385478bb1913940d9f604bc,0,1,0,2016-10-16 15:00:57,39,110,1.5654,149,8,3,8,38,31,39545.1897,26,18.2493,163
3515,a7ed9a5e3876c538deae147217c5443a287e98d5,0,0,0,2016-10-17 01:38:46,6363,75,1.7695,6438,4,2,8,39,28,38210.0095,4,17.5353,79
3503,af924b489420b8d7163e6216c0efb05e3ab30514,0,1,0,2016-10-17 10:15:26,313,4441,2.5665,4754,11,6,16,1051,35,30264.5411,1000,710.5,166
3518,aaf80a23e0cf47a4e330eb4f973f21a0524b78b6,0,0,0,2016-10-17 12:41:52,3439,25,0.8657,3464,2,3,1,28,14,42682.3815,751,137.4164,5917
3542,70af08c62f1d30929a34314f8a5f704e2c44d5a1,0,1,0,2016-10-17 14:03:02,346,297,3.6642,643,11,7,3,799,114,47416.1325,793,82.2598,5686
3511,a685c75166470d9abd32870265149f1dcbd2a2cf,0,0,0,2016-10-17 14:38:17,48,1794,0.0183,1842,74,2,1,10,3,71358.1811,844,343.3028,6638
3519,6484f453cfeb4f8e04a231f41cc004b309bbdd37,0,0,0,2016-10-17 15:02:33,172,8613,5.3776,8785,4,3,2,1183,13,32290.0811,852,331.4151,7035
3522,398bd9b3198e70f199a1277a9f5074e81cbee3c8,0,1,0,2016-10-17 17:46:15,94,35,1.6961,129,6,5,2,97,47,38251.0461,20,15.1282,3033
3514,91f1d098fea09506910a30d2a51517b015613bf4,0,0,0,2016-10-17 18:20:26,75,15,0.0863,90,90,11,1,1130,3,73085.0541,814,333.7749,6810
3521,8730e200864427dd5d6ddb9f841978d68ab452bd,0,1,0,2016-10-17 18:26:58,169,149,0.6315,318,4,3,3,129,45,5433.3545,867,319.6963,7160
3557,d2168b6557b6e86c52f2e8d8b2caf2934152b58b,0,0,0,2016-10-18 07:50:30,2753,566,0.228,3319,6,1,2,740,102,60699.6783,216,128.2571,218
3382,307eae6e225f450ad953f1135e504e6d2e5b5d80,0,0,0,2016-10-18 08:16:36,16,5083,3.9069,5099,1,1,1,14,5,1664.3558,231,710.5,87
3526,94a3f251cd3eed54c7d8220db119eecbfb11c3b9,0,1,0,2016-10-18 09:08:58,9591,103,3.9204,9694,12,8,3,77,9,54067.3639,359,182.9036,2793
3528,770f2f83a81b2810aff171b2f56390ef686f725a,0,1,0,2016-10-18 09:11:10,99,5083,3.6192,5182,13,8,0,1022,9,272.9176,440,90.3188,2573
3529,c001beccba7273c557f148becf61bddb2bf96503,0,1,0,2016-10-18 16:03:00,854,243,2.2174,1097,11,5,1,74,24,41181.4796,724,160.3386,5878
3533,649f9578bce56e118ec973218271262286c534a9,0,0,1,2016-10-19 00:47:20,869,71,0.0726,940,24,1,1,989,7,7225.5813,15,575.0,3033
3539,3aafa16eae04d8a5a41b84c9a82480b9742c3fb1,0,0,0,2016-10-19 12:09:31,5298,114,2.3952,5412,6,4,1,3,31,52841.5934,771,109.2556,5886
3536,6f0faf9bb35e7cac3a38ed792cdabd6400fc4c79,0,0,0,2016-10-19 12:23:47,2062,31,0.8947,2093,4,1,13,44,17,36020.1209,778,148.5684,6104
3540,ebcedc454295c350bc2a2a3ae8cac2abd54baa4f,0,0,0,2016-10-19 13:21:17,61,1815,0.1343,1876,59,32,1,26,10,24614.9925,219,99.3893,850
3517,45c3d9b7638a65a14fd5a67d6027b797990f71ee,0,0,0,2016-10-19 17:39:15,240,736,4.9358,976,62,19,1,785,101,68577.5744,10,14.9807,3033
3534,a27451d8e75bf8b8c69e1f3e6abe3b59685649c6,0,0,0,2016-10-20 08:50:15,34,28,1.0262,62,2,5,2,868,4,84158.0609,65,85.8622,3033
3543,d0c6842ae6fe31fb60b00314de3bafdcfd92957e,0,0,0,2016-10-20 14:32:51,5665,4441,0.5106,10106,71,2,1,1051,14,30595.4868,48,35.9131,240
3516,6f691ad5f60fd966f7cb72836ddf8fae8a5559c5,0,0,0,2016-10-20 17:54:12,64,2240,1.3376,2304,1,3,8,1050,19,17863.2924,782,155.9806,5797
3537,c0192ecad161ce85c07e448537027ac619ca2d14,0,1,0,2016-10-20 18:26:24,662,169,1.8533,831,14,10,4,16,39,20945.4202,117,88.0241,188
3538,1f9c0cf8522481c1a1007d98d90b30baff5c18ca,0,1,1,2016-10-21 06:23:58,137,7302,1.9878,7439,9,5,6,37,3,64547.1338,239,25.1325,3033
3532,7398fdbfe024652b4299b582c2e1559da473011d,0,0,0,2016-10-21 09:23:44,84,3382,0.8953,3466,3,19,1,916,3,68960.8403,175,111.584,193
3531,718f6e4e372affd60522cb26eb02c95b7637e65d,0,1,0,2016-10-21 13:04:25,2182,72,1.9216,2254,3,3,4,82,49,29419.9808,1000,13.7457,4393
3576,a1ba9f1126270d53168394211a99e354aa2cf20d,0,1,0,2016-10-21 14:51:34,1104,1360,3.2609,2464,21,9,1,680,130,46175.9554,774,320.5354,7629
3545,ca68d2e074eee66066377c3ebf69c0e15e9956d0,0,0,0,2016-10-21 15:55:53,304,31,1.5922,335,1,36,17,69,20,41357.1173,421,179.9869,1960
3203,e134d27589ead89882d94969edeeb171ee4433b1,0,1,0,2016-10-21 19:38:04,357,98,3.9341,455,25,13,3,37,48,46269.5651,1000,710.5,3475
3530,cfb3790fb6feb6c771bccbd05d3b12c69f53657d,0,1,1,2016-10-23 09:06:47,1258,1410,4.537,2668,69,28,4,206,93,52556.4807,680,72.4928,7890
3548,0a79dd5fb165c714bdac8de770b45d9406177401,0,1,0,2016-10-23 16:41:32,1049,8613,2.2396,9662,21,13,3,14,24,32632.8173,791,375.3758,7211
3549,1d46c9d3623519e92b9cd7f147f15cbde527fb65,0,0,0,2016-10-23 16:56:27,35,206,0.1021,241,1,3,2,3,5,1085.6131,864,371.0422,6517
3550,d443d6b02fbda713077a6e6b5781de5312349d3d,0,0,0,2016-10-24 08:29:28,13,14,0.0248,27,62,19,1,916,8,70891.4991,383,152.7324,85
3594,d5b97b07b46700bb26e1405a3715206bc5db9df0,0,0,0,2016-10-24 09:08:08,138,1687,0.4084,1825,9,4,1,796,115,56789.1071,274,156.9506,2713
3552,b673760d3d2ebe98a97786fb0fdf194db1cb6709,0,0,0,2016-10-24 10:03:17,2467,106,0.1189,2573,62,1,1,31,14,68910.9505,363,163.0932,514
3556,e3b5d33237430acb65d1a93531448825a76c7ce5,0,0,0,2016-10-24 12:39:22,97,268,4.9874,365,3,2,1,1020,2,65672.574,359,146.0775,2092
3546,9dc26355d2bfebcee05ba1185debfd5706d4f7a9,0,0,0,2016-10-24 12:40:34,76,194,3.9069,270,2,1,1,38,7,23.6603,432,136.9296,1926
3551,fa14986161fe2fae2d8ea62f7c079f0c76b9361b,0,0,0,2016-10-24 14:00:59,33,1275,3.0268,1308,1,5,2,868,0,83329.4149,795,330.0042,3033
3554,ba8ed263695d16eacb4bdfdf195dd22c83bb53ed,0,1,0,2016-10-24 15:49:54,1105,259,3.6479,1364,31,13,4,158,52,47595.3746,104,50.9886,1080
3535,3e85fc6138b555a6a5595fcba73a024b2dd5c179,0,1,0,2016-10-24 16:01:28,230,32,0.6131,262,3,3,1,9,9,33599.1087,191,118.1483,952
3524,cbdb784dc24abba50674d054bb21c94dd7a559a5,0,0,0,2016-10-24 16:01:28,230,35,0.5771,265,3,3,6,8,9,33603.4117,191,118.1452,955
3204,ea14053fe32280ffc36e586b5d3712c751fa1f84,0,1,0,2016-10-24 20:14:16,722,264,1.7658,986,8,4,2,1377,138,50144.7835,121,80.1257,1190
3021,1e1e4dc701d3606bdcaa291d2d85460fdfbb0dc7,0,0,0,2016-10-25 08:31:53,393,121,1.1951,514,87,53,1,1049,144,53183.7307,731,100.203,5836
3553,fa664e5b9527ec82dae1f18746f7b2f0bbd7a3ba,0,1,1,2016-10-25 10:25:30,448,3382,0.3446,3830,2,3,1,18,28,68916.8568,405,169.7844,2074
3783,344fe94db96ea44fa7714e105631eb192bb382e4,0,1,0,2016-10-26 07:48:31,279,8778,1.7579,9057,7,4,1,80,20,52344.8112,11,12.9475,2844
3020,a582882dae125da2c4cef249428371c37fd64c53,0,0,0,2016-10-26 11:14:03,69,37,1.088,106,59,1,1,25,7,24285.2835,446,117.7276,1555
3559,94c65fbe59b77b32ea19983a0a96da41234daebc,0,0,0,2016-10-26 14:15:44,350,2648,0.4811,2998,3,2,1,78,18,14332.6845,447,181.1814,1905
3027,381bf5912237420b8e294c1fd38006a85403fd4f,0,1,0,2016-10-26 15:19:12,207,109,1.412,316,7,4,2,1106,10,28499.7943,72,35.1962,279
3208,a7e5705c1cd73b54f78348b4f6c3fc7250d7fd84,0,1,0,2016-10-26 19:18:50,584,175,3.4793,759,20,10,1,27,116,53427.8526,85,73.2147,969
3225,f1ff99fdc1e228acd936f5684832d5cf49bdbe04,0,1,0,2016-10-26 19:18:50,1788,3829,3.5036,5617,13,5,3,693,113,46806.2813,151,28.9778,1271
3495,e9b20ec21ddd5f7d1440bccfb8622dcb47443fef,0,1,0,2016-10-27 03:44:41,180,2465,0.937,2645,2,2,1,3,4,43134.6561,1000,7.1731,3064
3026,ed6a602b34d185c1482b60b06ff585d08dab308b,0,0,0,2016-10-27 13:16:12,28,5083,0.086,5111,1,1,1,97,28,754.9947,1000,710.5,3033
3028,e8318d6f449b0b4720ca2377eae4f98c59f5e494,0,0,0,2016-10-27 13:18:37,4779,2465,1.0326,7244,3,2,2,68,34,42408.5122,15,710.5,3064
3563,c6c88cec4fcce2e8fcee2a9cfc14d7857d6b6b06,0,1,0,2016-10-27 14:26:36,906,146,2.6734,1052,12,10,3,55,19,36622.3798,146,94.2447,981
3035,1c0c6684b0616e5e35c08870be436d054d106746,0,1,1,2016-10-27 15:37:56,110,4441,0.4725,4551,1,2,1,16,27,32454.9614,102,77.411,39
3558,18507de3c068795c93c5c689388a22857f2f817c,0,1,1,2016-10-27 16:32:08,274,146,1.7332,420,5,4,2,80,33,35413.4034,735,146.3102,5892
3019,332f823bf2425b18cbd62639364c8c1daaac8ca7,0,1,0,2016-10-27 19:14:36,65,2003,1.225,2068,4,3,2,16,34,27910.0079,94,56.7002,4393
3036,b9173b355139f007fb840aa6a196f50b366ad8d8,0,0,0,2016-10-28 10:21:22,122,131,0.1354,253,3,2,1,38,17,67948.6667,412,171.5146,2086
3561,f0ef370399638689c2e1adc54a3acf0afab67a17,0,0,0,2016-10-28 11:47:06,5613,92,1.2832,5705,7,38,2,56,19,45220.9396,413,118.2716,2298
3030,06fb9f1b4f97ade67a23cd3adc8212e7d848de48,0,0,0,2016-10-28 11:58:29,128,72,0.6924,200,1,2,2,868,107,81919.7259,309,128.3333,2331
3023,59a5551ef81a57007035526ab2c14ec07f13971b,0,0,0,2016-10-28 12:10:25,131,125,0.5937,256,80,3,2,16,4,49774.6206,70,50.7446,176
3037,9f4be44c2c38a06ebc0f4adc318962f9d406aa58,0,0,0,2016-10-28 12:46:17,1759,76,0.177,1835,59,2,7,827,5,24088.3699,433,83.4842,402
3520,873410010df4be494f3573c4adfc2cbbc3ad5d0b,0,1,0,2016-10-28 13:04:00,339,1794,1.6777,2133,7,4,1,33,28,71785.0306,750,147.3747,5729
3029,c385897661f36122e34ffa6a11996b983e2dc14a,0,0,0,2016-10-28 13:37:42,125,2465,1.0246,2590,3,2,1,1177,13,43904.5206,72,39.496,174
3547,f025c455f2a2e4bc5bd5bb39b47c3dc1d1e3b117,0,1,0,2016-10-28 16:28:41,91,551,2.6522,642,11,7,1,27,3,36910.6263,87,46.9198,1129
3033,094b747a39906f01f6a8b92233a5a8011618e641,0,0,0,2016-10-30 23:36:58,1759,32,4.6287,1791,59,32,7,26,12,23556.7447,125,39.1035,155
3042,c335d289b440953ac2c32ce48dba79a6d0734ba5,0,1,0,2016-10-31 02:41:37,146,110,0.8208,256,3,3,1,39,21,39349.378,15,8.289,3033
3047,2d325b34c04cacddada4f96102e93f901d72baf5,0,0,0,2016-10-31 12:42:03,69,124,2.3266,193,7,4,2,29,6,62657.6126,93,75.4276,1070
3045,99f1dc3e24ec529852ce38bcb9c46ffaf749333d,0,0,0,2016-10-31 13:15:38,430,504,5.8891,934,5,44,13,88,6,51451.3337,443,62.3984,1758
3044,ba2d007e5ad270b9a403d037d186de61cdaac742,0,1,0,2016-10-31 13:17:05,44,546,3.9551,590,40,20,5,384,81,27833.014,408,136.0701,2386
3050,fe602eab2e2772cfe663baa7b4a3df8afe138da3,0,1,0,2016-10-31 16:54:03,187,8778,1.4243,8965,4,3,3,67,41,51714.739,1000,13.8749,2844
3031,74bb7bb63919ce6de5736d52e4e5a254cf9b6509,0,0,0,2016-10-31 23:21:04,991,82,2.1269,1073,9,3,8,27,15,39603.0757,17,8.5231,40
3051,522edae3c767ed178691a4b4f93e676fdf2898fb,0,1,0,2016-11-01 02:03:23,624,651,2.1698,1275,9,14,11,164,37,39035.4245,786,170.1223,5678
3048,bb26c9e1b7ed16c78cf4c3b3ae2d4483c526e5c3,0,0,0,2016-11-01 10:02:39,51,90,4.9874,141,2,1,6,15,8,67593.6203,101,66.433,15
3055,af3bf837af766f93b1ab21e8e2f6f8fc5fdac6a6,0,1,0,2016-11-01 11:29:01,3488,8778,5.5146,12266,64,20,3,115,50,49954.6687,241,710.5,939
3054,30a53ef69af75fd6d119f02c4f54c355fe902f02,0,1,1,2016-11-02 09:24:54,6363,94,0.8873,6457,4,3,1,31,26,37361.1188,174,106.482,907
3049,b4bf99dfc47a078ed7aaabe92477ae59039d20b1,0,0,0,2016-11-02 10:30:22,57,465,0.7225,522,4,3,1,26,10,81013.0159,226,93.421,860
3025,6346a89972416489bc43ee30946078341496d1e1,0,0,0,2016-11-02 15:02:51,2467,49,0.0685,2516,2,19,1,23,5,68135.3654,121,55.3582,210
3063,48a48139172e86f548f3b2f1564bdc948c3fe76a,0,1,0,2016-11-02 21:34:59,447,3,3.3794,450,35,14,4,300,40,37261.1303,803,325.6351,9802
3058,0113e5a467858f9cd435e80df2c2626170e5de62,0,1,0,2016-11-03 08:24:47,556,2388,1.0293,2944,1,30,10,1068,134,59129.3934,1000,575.0,2713
3060,98a6176280dd7b85dcd6fbacd324eb1056e23419,0,0,0,2016-11-03 09:50:04,84,7302,0.7523,7386,2,2,2,1020,5,66815.1663,36,50.6518,280
3052,5a90c6bdd0a4c279fca7665532c4a34992ffbb24,0,0,0,2016-11-03 10:08:45,3,7,0.0281,10,6,6,1,1000,8,3693.3803,45,51.586,229
3075,870e219d92809df76c843906e19c7c0606529f11,0,1,0,2016-11-03 15:17:46,365,353,3.2066,718,33,13,6,649,121,56604.0,62,30.9405,196
3061,67c4be648b1f51ceadae3a9e3dd41807802a89ef,0,1,0,2016-11-03 15:19:49,124,396,2.5091,520,11,7,3,28,10,52464.0383,196,16.2701,65
3056,67c2868b33a5ed8430b38ac32c65444315b0658b,0,0,0,2016-11-03 19:18:43,6757,0,2.9919,6757,8,4,3,83,13,44826.501,811,330.9889,8293
3211,16d33d0dd169baf06317ff8f67f14e113d0dcefb,0,0,0,2016-11-04 09:17:55,190,109,0.4382,299,87,1,10,44,11,59100.9952,426,178.5386,2105
3064,cd610a99e59846dfa9dfa66df7d2e264bcbe95d8,0,0,0,2016-11-04 10:41:34,9591,16,0.1011,9607,2,41,1,966,12,55428.1022,408,148.5093,180
3059,7274849861ac85dddb2d89f40f96b41d815836ec,0,0,0,2016-11-04 13:25:13,5613,3829,0.6794,9442,98,1,2,44,17,47103.8413,175,110.4519,1040
3065,d450beece2f5f76d7f519101316f850e6fa4924a,0,0,1,2016-11-05 07:18:38,33,3382,0.0457,3415,62,19,1,2,10,69723.2305,1000,575.0,3033
3080,13ebb36bb6c7fbe591d9e7834a2fc34d8469bc00,0,1,1,2016-11-06 19:44:53,145,641,1.3375,786,6,1,2,772,114,53096.4194,34,72.5696,176
3541,a725910aab905e43d2c0ba7619c8c6449361eaea,0,0,0,2016-11-07 10:29:10,101,88,5.6438,189,98,38,12,31,25,46382.3625,208,140.3493,1029
3038,132d8f146c111ca7acf890fc2e2950e4931b2c7b,0,1,0,2016-11-07 10:52:38,40,465,3.6595,505,2,1,1,36,21,78202.1416,402,162.5296,2045
3215,8699b03d79a441ca33d9f62b96490d29a0efaf44,0,1,0,2016-11-07 20:09:48,895,275,2.7764,1170,14,6,2,1020,118,65499.9764,1000,575.0,75
3069,a88b6132e5bc4f7126303ffa4cda4c1e535f8022,0,0,0,2016-11-08 09:15:19,3581,694,5.1282,4275,1,14,6,30,12,13606.6969,16,575.0,35
3070,014595055aad3e044d17e1290b94e8f6846276ce,0,0,0,2016-11-08 09:30:29,82,2113,4.8507,2195,35,18,6,11,2,37028.9333,18,710.5,2713
3074,029fda24583c6655cd97d02773b5ca628cf9e8f1,0,1,1,2016-11-08 14:14:36,186,2388,2.1075,2574,14,5,2,1068,26,59846.664,707,146.6614,361
3072,ccf35cf203f349dd126e641eff746370ec04403f,0,0,0,2016-11-09 10:15:23,43,8089,0.0879,8132,99,38,1,5,10,61765.8586,133,36.7202,125
3077,7a518952512238099ea8350156d38cfdbe9871ea,0,0,0,2016-11-09 11:19:10,180,1162,4.8422,1342,76,3,4,126,34,64687.4619,788,167.033,5824
3078,58204da13d42c265d6a503a8cf738b6522e12ba6,0,1,0,2016-11-09 18:11:36,1170,920,0.0,2090,29,12,4,230,71,28712.0118,787,165.4468,6386
3217,cf8504dba606ee758ac16867423e65dbf6afc23a,0,1,1,2016-11-09 20:04:50,569,23,2.2626,592,4,5,2,14,39,47298.2207,161,15.4214,3475
3091,a66e7ad14e41fa07737f447d68920ad5cc4ed6d3,0,1,1,2016-11-10 10:13:43,1148,168,3.0378,1316,8,12,3,671,99,57276.9744,887,397.2755,4174
3073,5d5637b01031746b2dfadf6d7fcd59155f7de653,0,1,0,2016-11-10 10:15:47,261,3382,1.9038,3643,7,8,2,148,37,69176.5297,149,138.4636,1090
3086,a1362c3af25304b4120232527a2e6008df315de7,0,0,0,2016-11-10 15:52:56,2182,140,5.1646,2322,68,34,11,22,10,27767.6386,33,710.5,75
3057,e2b93f69cea0c8a8d05591285cb9c2f4dc64c619,0,1,0,2016-11-10 15:57:20,9591,496,1.5489,10087,6,41,2,758,115,55364.2117,22,20.6313,128
3087,6e98a9357903b113f76b2a7e91e2049c6e88fb35,0,1,1,2016-11-13 04:04:03,54,2465,0.9528,2519,3,2,1,24,11,41859.9913,148,38.6269,12
3219,66305135bcfe0841fdc9d26fdc0d8f373fa58b62,0,1,0,2016-11-14 02:53:18,1745,110,3.6617,1855,24,12,2,132,32,59965.7693,267,575.0,66
3089,62523acbe175cf159fe1b4ab6cf5c0412fc4d232,0,1,1,2016-11-14 13:02:44,323,340,1.8843,663,6,4,1,23,4,66398.694,479,107.1744,47
3068,5fa389014a3ce40534703c8a5731c8a9a955058a,0,0,0,2016-11-14 13:45:16,469,618,2.5,1087,1,1,4,1000,4,2391.4242,495,73.6876,201
3081,57208e650f94edece537ccdeb1a2c19b4f7ccca8,0,0,0,2016-11-14 14:53:47,1,34,0.0807,35,2,2,1,24,4,18762.5365,492,115.2868,1571
3040,62192c78372d71f0e2ffe335e9344f03e78d5b61,0,0,0,2016-11-14 14:58:56,880,87,3.9069,967,2,1,1,18,3,643.8137,498,83.0778,282
2192,00284fb8131ecb064a08a2da010d27ae95806744,0,1,0,2016-11-15 12:46:36,0,387,0.0,387,57,16,5,1033,35,48679.4041,1000,710.5,3475
3092,1adefee2eff9c9b4267f5b5e10022255cfcaf47a,0,0,0,2016-11-15 13:28:12,8898,30,0.6965,8928,1,2,6,19,6,37054.7687,454,108.5952,60
3504,bd2fce6e1aa8d1f568092488946e5cda44c0cb81,0,0,0,2016-11-15 13:52:16,72,66,1.1725,138,3,4,1,27,20,42432.8698,410,169.1112,2065
3090,5845d297f2f08a6c2f24b1094556e412a896158b,0,0,0,2016-11-15 14:40:06,29,18,2.5,47,6,1,1,1000,107,2992.0057,797,166.9522,441
3099,3fb92d8687f03c1fac8b87396b2b5a7ff29f6dd6,0,1,1,2016-11-15 21:45:04,81,187,3.7646,268,25,18,6,300,49,37680.6881,811,78.4543,7374
3088,c424900820e923089dc1c489bd02efa874dd39b6,0,0,1,2016-11-16 09:54:48,9,618,2.5,627,1,1,1,1000,15,3104.7529,16,8.6444,3033
3097,836fe9786631f35953c1423e2d92128e9f292621,0,1,1,2016-11-16 13:37:08,259,3829,2.4957,4088,15,11,1,37,13,45164.1202,80,56.7469,546
3093,611412c6b4072077adba21250e2244094be93764,0,0,0,2016-11-16 14:03:11,15,48,0.0779,63,11,1,1,868,11,83495.2253,438,124.425,1564
3101,cf78542232e9bed62fbb1a0de568bf26adbdb098,0,0,0,2016-11-16 16:58:24,106,694,0.9034,800,3,2,1,28,7,12530.8076,806,364.8659,33
3108,95d640b832a91b05d6031dbb09086206369666d3,0,0,0,2016-11-16 16:59:01,109,694,0.0851,803,2,14,1,19,4,11553.8872,806,340.7503,4
3096,ae4b274a9919d01a236df4e819a0a07c5d8543ac,0,1,1,2016-11-16 17:33:54,517,457,3.9422,974,31,14,5,104,67,54336.4965,797,106.9268,6709
3228,4a6b0fad0909509cd1c37ed6e8d9dc7ec5d28d89,0,0,0,2016-11-17 13:01:52,12,146,3.9069,158,0,1,1,40,11,209.6818,193,27.808,945
3082,685c4f836bdb79181fd1f62642736606eb81d847,0,1,0,2016-11-17 13:54:08,231,4441,1.1744,4672,5,2,2,33,24,32699.8419,48,33.9097,251
3560,c590912c93a4059b40452dfa6cffbdd4d58cac13,0,1,1,2016-11-17 14:39:11,498,830,3.9013,1328,47,19,7,369,82,54949.6985,793,94.3782,7648
3104,d24833dbb641979008ba18be8b2ddb694a5d43e1,0,0,0,2016-11-17 15:52:50,27,45,0.8268,72,3,2,1,1243,4,40364.366,71,47.1868,154
3095,5398809944c2cfbbfe628a5d64cff4558375d29e,0,0,0,2016-11-17 16:34:09,388,197,1.1568,585,5,2,1,1243,2,38111.162,793,367.1602,1069
3105,956ffa69a96ee74990c032c647a887feef4b2508,0,1,0,2016-11-18 15:07:45,84,10,1.6477,94,3,3,2,916,4,71670.8286,68,38.6682,189
3100,f5af7f1025aac9cac3f83de5f0e3aece5730ec0f,0,1,1,2016-11-18 18:07:56,303,63,1.9678,366,7,7,2,38,22,44411.3685,125,42.4187,737
3103,698e53e473fa0f78ed1e23716a50adc914563754,0,1,0,2016-11-19 23:19:10,667,0,2.53,667,16,9,4,9,27,26078.8435,1000,27.9057,116
3109,81d8fe16a04a7826ba72c89fdc98fa50e3f86f5e,0,0,0,2016-11-21 17:50:30,368,8778,0.8262,9146,2,2,13,1377,1,50432.4831,48,50.3496,237
3127,ac7d87158b3f2ebc72633fc8c925ded5fd408273,0,1,0,2016-11-22 10:24:14,2753,1635,3.0072,4388,11,25,1,905,0,63259.2258,80,32.6229,1103
3230,9f544d83b3443cf33f5890efdb956678847d445f,0,1,0,2016-11-22 11:49:03,651,256,3.3775,907,19,9,2,23,41,43318.3554,206,26.8253,757
3110,7d34f654c3a1dcd470d1f919918e0d2c44e5573c,0,0,0,2016-11-22 14:42:54,2985,23,5.2754,3008,70,1,1,986,0,75053.1376,18,14.3598,50
3138,a078666d42ab4dae01dedaa50d55343ce141fcb8,0,1,1,2016-11-22 15:15:04,1034,538,2.7685,1572,19,16,2,890,133,46087.3726,228,167.4681,1284
3113,4c23879a5743b862b93d3c4267244235266163e7,0,0,0,2016-11-22 23:19:32,89,90,0.8787,179,5,26,6,67,114,19074.9756,717,96.1864,356
3112,3695a8e92e9c3deee368d9cc3ce89a5ab117d6a1,0,1,0,2016-11-23 09:19:35,415,82,1.5886,497,7,2,2,28,38,41379.3,26,710.5,3064
3107,60a4ab32e1662310da4633a97e02dca62431952e,0,0,0,2016-11-23 11:13:05,165,78,0.084,243,24,1,1,989,13,6820.4226,418,142.5572,1118
3607,5d2da128b690974994c630142ef33d84ed99ad28,0,0,0,2016-11-23 12:15:55,42,123,3.6595,165,3,2,1,15,11,77624.8393,1000,18.0105,65
3034,4656350fc33d42ff96ad6d5e836e62172b4b0de6,0,1,0,2016-11-23 13:58:33,5298,117,2.871,5415,13,6,4,4,20,50987.9546,349,177.0263,3534
3115,3d13a05d1b2354e027626db280f9bfce9070e570,0,0,0,2016-11-23 14:37:05,154,694,0.0737,848,38,2,6,1002,107,10345.9427,810,336.7671,882
3117,8e76322cb73a19b4dcb46ba0d1a2ee01d4aeaa9f,0,0,0,2016-11-23 14:54:15,75,36,0.2207,111,3,2,1,50,17,81313.0,894,380.5035,1499
3094,2029c14eb7d5b6788eb9297c271dd16a0d819fbe,0,1,1,2016-11-23 15:01:35,4307,28,4.808,4335,2,18,5,23,3,17789.2562,79,79.0816,3360
3220,948bb9f674a9c4cf95491f3d9a92b38eed6b64e8,0,0,0,2016-11-23 15:59:22,5665,4441,0.5048,10106,1,1,1,1051,6,33168.7623,458,105.7965,403
3227,1dcb2dcd8969941988a4fc7e5488e9272dfd507e,0,1,0,2016-11-23 17:00:23,1875,217,3.2587,2092,14,9,2,20,31,50651.6998,1000,710.5,72
3111,afa271756036c668924aac41f5786efc2118717e,0,0,0,2016-11-24 08:58:14,684,34,0.8785,718,2,1,1,868,22,85284.1698,1000,575.0,92
3079,333da3ac8f8b05c3e3194ba0b376300b403bc2c8,0,0,1,2016-11-24 12:49:00,869,42,3.182,911,1,1,5,48,23,9160.3651,11,7.4085,44
3122,21d1d8b49337e734ce3defb5f1b9344f748cb49e,0,1,0,2016-11-24 16:29:24,1239,250,3.5157,1489,27,10,3,93,31,39725.5549,170,43.322,841
3123,e95fe56b60158fc4df511a1404f7346bd18b8f12,0,1,0,2016-11-24 16:29:24,61,125,3.2294,186,10,9,4,21,29,25778.7143,86,6.9659,1030
3116,0c42d258e9d9d30eeeee7d0f1487ef0ac8b90fa4,0,1,0,2016-11-24 17:16:28,276,227,1.8559,503,9,2,26,61,21,31318.1771,751,139.0845,5838
3125,fe843e1377aa08a10394bbfa67dc9d3b2a23b805,0,0,1,2016-11-25 13:58:48,2985,2012,2.6196,4997,6,6,2,46,10,74123.7261,441,68.0218,835
3124,9ab494a73b02ff6bb634701226e49a1f42f05efb,0,0,0,2016-11-25 15:55:05,104,2648,4.808,2752,2,2,5,47,14,14835.6584,156,710.5,963
3139,f728129bdb8c3176fba03c3e74c65ed254146061,0,1,0,2016-11-28 08:59:29,1359,1624,4.1122,2983,33,1,15,850,100,54140.5496,260,375.8812,8809
3129,652309c3eacc87c20a809300512a0a3541e38c9c,0,0,0,2016-11-28 12:51:51,869,116,0.1271,985,24,15,5,989,110,10059.3137,415,174.5791,1860
3133,4d3a3eeb7b2cfc2ead2a388f745a05184c7878ce,0,0,0,2016-11-28 14:25:57,131,277,1.6201,408,3,5,26,1183,24,33740.6429,741,142.2264,6141
3128,e5f4e3d8aa330ebb88166a668b59b8d1730cb618,0,1,1,2016-11-28 15:10:33,219,51,0.8715,270,5,4,1,151,24,25473.7277,446,86.5195,1825
3132,570ed4e23a22381374c7a009f7cd0d743699891c,0,1,0,2016-11-29 04:56:25,1961,30,2.1772,1991,2,5,1,2,43,79604.6626,58,39.7239,153
3136,45b770b517de509f4d8c058d57ae0e3e34f6a9dd,0,0,0,2016-11-29 06:26:00,6970,265,5.8891,7235,2,2,13,21,138,52057.6861,26,21.8171,42
3118,67bd8277d1dc1179c30d2dbad0922122ed6f49ee,0,0,0,2016-11-29 15:04:48,200,1143,6.2622,1343,4,3,1,8,12,54009.2867,169,104.0216,913
3130,dc7d8ec2c4d03c42e3d582947a3fe39a274d7f4b,0,0,0,2016-11-29 15:15:30,4779,33,0.8335,4812,76,36,1,52,16,41293.9334,198,125.3334,979
3137,8228ac6e4d4e047e413ec316fc2ee3f5022b9afd,0,0,0,2016-11-29 16:15:27,2182,2003,1.1692,4185,4,2,1,195,30,28008.6597,222,99.2976,869
3120,add3765d1626a04fb98b8f36cb725eb32806d8b6,0,1,1,2016-11-29 16:31:08,247,98,2.3637,345,8,4,2,126,44,36384.158,746,151.3148,6410
3083,4e336c692b74f218ba09844a46f49534e3a210e9,0,1,1,2016-11-29 21:25:21,157,4441,2.195,4598,7,6,2,11,10,31348.9159,100,76.1621,257
3135,4666e65ef7b1e42a2bf0bba1d7d08e8d68e1af01,0,0,0,2016-11-30 10:17:24,39,89,0.4119,128,3,2,1,1020,1,65818.5401,12,8.5936,30
3506,8cdb406dc9d53e2864fc0daa7e5b4149acdb9308,0,0,0,2016-11-30 15:18:03,1759,1815,0.0969,3574,59,32,7,79,24,22797.6757,177,127.62,867
3141,3b5bdc35c354e535534ec0c48c2d42f86f7f14a1,0,0,0,2016-11-30 16:35:47,368,1618,2.6706,1986,11,7,2,41,24,59022.9153,856,361.4187,7591
3140,b181662be378652d6c4405841ccda6145968d145,0,1,1,2016-11-30 19:31:07,61,72,0.7556,133,1,2,1,35,18,11372.6628,867,331.9416,6990
3231,8d8a5abfcc4d2452a3ae46f18a3223b66588c191,0,1,0,2016-12-01 03:40:46,37,47,2.5323,84,9,7,1,1033,12,47238.4751,1000,8.2997,6
3146,230bf17bac3d76959a5cb6aa73ac685757c51cab,0,1,0,2016-12-01 08:21:28,2055,840,4.0666,2895,40,12,5,27,43,14110.5,1000,79.4386,485
3232,e458975756e137ae2abb94e09fd92578ecd739bc,0,1,1,2016-12-01 12:25:05,776,72,3.5926,848,18,13,3,55,31,58698.5882,729,99.4683,6169
3145,a2cb5df22c105868bbdbd435e8fed56e8bf02a23,0,0,0,2016-12-01 16:05:47,28,72,0.1938,100,11,1,2,42,107,83414.9239,779,374.4403,2578
3147,d2607170e711647373b7cee7cd33dee4bb31466a,0,0,0,2016-12-01 17:24:38,5,50,3.182,55,1,1,5,989,9,8980.5413,846,336.4022,1698
3144,2fcef5ecf473f82a3894b136e48b53b81b465356,0,0,0,2016-12-01 17:38:30,285,66,1.2337,351,7,2,1,1051,10,31065.3008,177,105.639,1010
3142,10f7e8615dba79b0fc001a0d80c100bbfb9a6a28,0,0,0,2016-12-02 16:43:10,89,6953,1.8993,7042,5,2,2,1026,6,24970.9337,853,341.2687,7930
3233,1020ba2c9cfc1d01703e97c72e20a922bae0732d,0,1,0,2016-12-03 01:42:25,901,311,3.3873,1212,16,11,3,8,34,29148.8309,88,710.5,1111
3114,2a7dbda79a00863a511fcf64b339770d1d00f805,0,1,0,2016-12-05 00:34:32,2761,6953,4.3897,9714,38,15,3,171,50,30091.3182,789,400.1842,9796
3149,e2922add100338776db765a62deb02f556845cf9,0,1,0,2016-12-05 07:36:16,72,14,0.0194,86,79,1,8,966,116,56169.6394,9,2.4772,5
3151,8d7c3ff087ac1390e6da0054ec55974258b6b78c,0,0,0,2016-12-05 18:23:32,43,3382,0.0428,3425,2,1,1,11,5,68472.2406,103,80.8455,3033
3143,555a68793ecb3a244dfbf50a615c6d5e15c9efe4,0,0,1,2016-12-07 12:39:18,12,694,0.8095,706,2,2,6,28,10,13221.5807,183,111.1896,993
3131,ea7080712f2dcbdf125b806007c80aa3d120f30a,0,1,0,2016-12-07 15:22:23,168,138,2.2563,306,5,3,2,192,38,51620.9329,748,141.62,6126
3154,13150a4ba26127b9ee2035fd3509b57bc3f7aa61,0,0,0,2016-12-07 16:24:37,1759,1815,4.6287,3574,59,2,1,827,13,23579.7306,718,107.9108,62
3152,ef575e87e8a77d56673d40d98d3d66c6511d57ab,0,1,0,2016-12-08 08:00:40,516,162,3.1543,678,17,12,2,1177,2,43170.4726,1000,710.5,3064
3222,945746527c554bad5ba30fc953c33b35cf78b816,0,0,0,2016-12-08 13:17:34,265,239,1.2296,504,4,4,13,1377,10,52250.7835,194,24.2329,910
3153,86f8a255db6ce2ff9e09c2824e85c4930427ecdb,0,1,0,2016-12-08 14:44:29,0,29,2.9433,29,16,5,2,90,18,77127.0272,1000,710.5,3033
3155,8a7288ea9af6b6822ea1f4022bb08a10b7b82318,0,1,0,2016-12-08 17:53:40,183,2240,2.2249,2423,9,5,3,1050,7,22176.3984,738,152.2863,6601
3264,649cf054e692ea7ffba3125377300fa0496908e7,0,1,0,2016-12-09 05:23:36,1562,1415,2.9177,2977,11,8,3,811,102,46046.4841,1000,48.1259,305
3157,22a8204138fdb73115d9501b34a8867a2c4608c6,0,1,1,2016-12-09 12:25:11,195,87,2.4147,282,3,6,2,1243,11,37541.5114,449,113.9442,1959
3162,dc5dd5106738e393761a62a56d9e684c722c516f,0,0,0,2016-12-09 13:10:10,250,63,2.3431,313,5,2,2,31,10,56345.5371,489,89.4674,2360
3160,609c046dba20cd07d9480715cfd1a6d78ed3a611,0,1,0,2016-12-09 16:47:25,269,4441,1.3365,4710,6,3,1,1,9,33313.5,856,327.7154,132
3156,3560f2e819425326cc93b4e019a615b7752b98e6,0,0,0,2016-12-12 13:02:25,9591,4,3.1917,9595,9,5,2,30,12,54627.8146,158,42.8135,1111
3165,fc627232c80bc2bf7669c064bef725f2466955f5,0,0,0,2016-12-13 12:51:34,2985,42,0.1259,3027,70,1,1,34,16,72223.2891,209,128.6606,5
3158,7ecf6c86de2a782ba0aa34439c3387da82f42808,0,1,0,2016-12-13 15:54:39,53,85,0.1462,138,2,2,6,13,19,13507.7163,811,363.6077,2479
3171,790153c065f79ae0e8bb045b96c85f8195bc7a29,0,0,0,2016-12-13 18:15:11,109,44,0.0295,153,3,2,2,1082,8,36391.2401,825,342.7553,6792
3191,a4ff4804a7029e5593b03c32074a386bc9d6102b,0,0,0,2016-12-13 20:42:08,5665,833,4.7242,6498,10,5,2,637,97,30161.0592,758,425.2841,1060
3234,a05b574cc68d3f652d11fece46c23bbc24f35430,0,1,0,2016-12-14 02:18:25,630,88,1.5276,718,8,5,17,15,9,43415.1246,15,710.5,62
3164,434013afc91325697a659f736eb816a631659d36,0,0,0,2016-12-14 08:17:54,543,20,1.15,563,4,2,6,22,3,34879.1548,82,41.8104,41
3169,5dab9345c70bbdc55fbc357c4eb8d28da64aa1aa,0,1,0,2016-12-14 11:13:15,50,3319,0.8615,3369,3,4,1,22,5,37932.8177,151,37.9415,295
3166,ab2125b82ed10389dafecf1712efc1f8fb977c11,0,1,1,2016-12-14 13:53:11,735,24,2.2445,759,5,4,1,77,9,39244.794,785,146.3352,375
3173,becd27029af97ccb6246df5e6f31342dac390b22,0,0,0,2016-12-14 14:35:30,9591,71,0.8986,9662,5,1,2,109,43,54907.4115,118,85.3409,6
3174,b0e2a2c175d54346010ee4817d206bbeb4033ac9,0,0,0,2016-12-15 15:40:50,85,2926,0.0424,3011,1,1,5,50,14,6454.7275,41,53.8597,235
3176,216653ad5864302dbcda4be5b88a83c4c039a05c,0,0,0,2016-12-15 15:46:33,2,3382,0.0449,3384,2,19,6,9,12,68642.1096,53,48.6285,3033
3179,e0819dc7b72487670dd3ba06628980e27fdbedb0,0,1,0,2016-12-15 16:59:13,451,328,1.5575,779,9,5,2,43,28,49181.735,49,54.0276,235
3180,32f300fd2c95e3cd94c7edb52665f90c0fa281ed,0,0,0,2016-12-15 17:39:24,14,4441,0.5121,4455,4,1,1,22,21,32415.7518,68,49.0152,226
3175,f9b4f91a2b1b5045ef03cdb23617eed5074d080b,0,0,0,2016-12-16 09:04:26,33,7302,0.933,7335,3,1,6,0,16,65992.7052,71,35.2605,147
3342,d163f841610644b51749e9449a5a8be982384fb7,0,0,0,2016-12-16 09:24:01,268,50,0.9064,318,3,2,6,12,1,67211.8581,25,2.2873,55
3185,ac134d615ddace4c700cc5b0010b49c9a91611fe,0,0,0,2016-12-16 13:05:18,1031,386,5.8891,1417,5,4,2,67,6,50538.342,442,182.5894,1913
3182,074d80c834765f2aa659ea27ff647b99f760a06a,0,0,0,2016-12-16 15:14:26,203,4441,0.0878,4644,71,3,1,1051,12,33202.391,81,51.7528,123
3178,49f1a0383923452676ee380cebe8a889fd40c80c,0,0,0,2016-12-16 16:22:53,337,2113,0.1433,2450,1,1,6,1041,7,33454.7751,93,22.2576,112
3236,b380bd313e036f2bc66941367f014c12bf8baa6d,0,0,0,2016-12-16 16:46:54,158,23,1.0429,181,2,2,8,966,8,53757.1879,9,575.0,3033
3238,2af939a10288348eedb56fc0959daee77c9cdcf3,0,0,0,2016-12-16 16:55:40,6363,3319,0.944,9682,83,3,1,24,14,37255.8062,17,452.5167,41
3168,b43067b68ad01882d061be49de8bdfa54a07bfd6,0,0,0,2016-12-19 12:50:31,589,53,0.0302,642,4,4,10,26,20,58300.791,47,35.6683,2713
3183,d1eaa1ee41728e6d788f1e914cb0568a874a6f32,0,1,0,2016-12-19 18:48:18,869,55,0.077,924,24,15,1,989,5,8409.9174,410,162.9747,1119
3187,6c5a8711d80dfcea20967aea009bac51122d5094,0,1,0,2016-12-20 02:42:25,112,3319,2.4371,3431,15,5,3,71,19,39587.1248,796,152.9416,1129
3181,bfdaa3821c71f9fa3a3ff85f56154995d98b18b5,0,1,0,2016-12-20 03:56:38,733,2648,2.1722,3381,9,5,3,987,109,17193.5362,726,166.3639,585
3268,fc3a778c0cafe1adc9efbd8796a8bd64122e4ad2,0,1,1,2016-12-20 09:07:38,1495,1019,3.2641,2514,42,14,1,971,0,26853.0849,1000,80.3668,584
3188,3a6585d9ef15337ed1f1cf7d90102ba6b6141580,0,0,0,2016-12-20 11:27:20,617,75,1.3491,692,79,2,2,966,14,56234.9317,805,324.9553,864
3189,7280df4896939d72e83e67d9b2a2de7449f03ba3,0,0,0,2016-12-20 13:49:31,94,22,5.1282,116,2,1,1,1002,10,13448.7263,810,340.5867,1589
3170,a26b0f0826dd84cded650280f3b8262e628814da,0,0,0,2016-12-20 13:53:13,232,135,5.2754,367,70,2,6,68,115,75722.7844,795,388.8084,1813
3240,475c0b1a6c74744e3431b268bc1a2ee764052cf1,0,1,0,2016-12-22 03:36:37,750,412,0.0,1162,80,18,10,85,17,57113.722,1000,575.0,321
3177,61ae04fb5dcb0d29efe96f1f19ba35e5ab1e360e,0,0,0,2016-12-22 06:23:57,9591,1143,0.8206,10734,1,2,8,9,3,56312.6832,3,17.9322,3033
3239,38ded2bb00aeb5c9581fa7ef313e5b9f803f5c26,0,1,0,2016-12-22 21:26:34,296,83,3.0301,379,21,16,3,1068,12,59694.6356,1000,575.0,64
3190,368d0da1f2bb7b91b60b3bd5bd66b1fcd497a87c,0,0,0,2016-12-23 18:14:40,36,39,0.5232,75,2,2,6,14,9,16325.9909,815,336.1092,6959
3266,c1fee3bb1b6549a7610c3675807490fbf97f6976,0,0,0,2016-12-23 19:31:29,6363,1944,5.45,8307,83,32,2,826,113,38699.5385,254,101.2365,774
3241,579bc96446d598a2cfe8237b4ebd62d8c9df3483,0,1,0,2016-12-23 19:37:08,4263,3829,4.4046,8092,50,16,5,202,77,45818.5933,124,65.258,1488
3243,dec0d6bb702cfcbf30e60f6011565fd9455bb121,0,1,0,2016-12-23 19:44:12,2013,440,3.4553,2453,14,6,1,3,25,65609.7988,236,97.4071,277
3242,986a03f782608532da45f5bff7c1b2f43a038bd1,0,0,0,2016-12-26 09:10:43,1961,465,0.0496,2426,51,1,1,871,7,78788.991,26,20.4201,3033
3247,d156f8d73cdd152da924f1923a615374258d5015,0,0,0,2016-12-29 06:58:45,72,43,1.5154,115,1,3,2,136,35,57766.1632,1000,575.0,2713
3249,15bd1f128f3d2ae1cad68e89355f9c5045b8e830,0,1,1,2017-01-05 13:44:00,19,124,1.8123,143,5,2,17,1,14,43773.5202,853,334.8121,2343
3248,e13ac598b48305080f19af32f475b95ab669dc3b,0,0,0,2017-01-05 15:18:38,9591,47,6.2622,9638,4,2,8,8,13,53325.5998,451,195.3075,372
3253,d6aed38b3a15946d383d762030b5f5c1418388de,0,1,1,2017-01-06 08:32:08,171,55,0.3999,226,1,2,5,37,27,9250.6025,1000,575.0,3033
3463,bbca3293ab84e8af124e66fcdfc394bbf8d5954b,0,0,0,2017-01-06 14:38:28,322,24,0.6188,346,3,4,1,15,116,56341.116,69,32.7441,65
3251,2bda5e457082f1dd05736d0e18b8d3bae4ba7c4e,0,1,1,2017-01-06 15:52:51,370,142,1.3928,512,5,2,6,1021,8,18426.8064,37,52.7176,3393
3261,c210ff37a4c55c835f76c031f2d9cf18165812aa,0,0,0,2017-01-06 19:25:52,60,72,1.0847,132,3,2,1,116,30,69363.6327,1000,575.0,3033
3267,36cf7eb2de5be992f1716360b7ca4f010a7c2a58,0,0,1,2017-01-09 15:01:23,82,2926,3.182,3008,2,15,1,43,4,9306.4135,348,194.5676,2115
3270,f266e825557f4091094a866e6887f52ca54ff2d7,0,0,0,2017-01-09 15:48:24,19,17,4.9358,36,1,19,6,6,8,68770.4681,5,2.9267,3033
3246,8c8c02887a27cdc87bb019626f82ec03392ca8ce,0,0,0,2017-01-10 13:15:42,29,82,3.0268,111,11,1,2,55,7,84426.0909,360,203.7904,2130
3262,0d587ff861dbed10dd487886aab2eb83d8c2a443,0,0,0,2017-01-10 15:05:44,3,13,0.0609,16,11,1,2,8,107,83077.6533,24,13.941,3033
3271,53134594644407d0a3cd691b0e93ae09ff6c8102,0,0,0,2017-01-10 18:04:41,251,792,1.0117,1043,6,2,17,1177,5,41475.4484,1000,27.5495,86
3275,09380e49256bff924734b9a932808e0f4daa7e5c,0,1,0,2017-01-10 18:24:49,1375,246,3.7274,1621,19,12,5,1020,29,52835.8872,260,366.9129,9898
3272,aa0ef2ac4b053c6bead7ec61a9f7965a907e2ade,0,0,0,2017-01-10 21:52:58,3581,694,0.6095,4275,2,2,2,1002,12,12586.0283,166,45.2056,960
3252,9945904e2251e7c0e218e2766bf07778d1307277,0,1,1,2017-01-11 00:43:19,186,2113,0.7238,2299,3,3,3,18,20,36358.6195,1000,710.5,2713
3256,499aea0d834ad8e8ef34fb80ffd89b6482062e37,0,0,0,2017-01-11 14:36:04,103,2388,5.4776,2491,3,30,1,31,134,56947.3532,115,60.891,872
3259,8742ff1ba4c345e9aa8fd0adc207930cdef959a6,0,1,0,2017-01-11 20:05:57,252,2465,1.0624,2717,1,2,17,16,3,42004.1253,819,355.8139,2427
3263,fa67ef409c9d0d152d22c74e3ace4d56bc8aa7da,0,0,0,2017-01-12 03:55:57,5665,4441,0.0798,10106,71,2,16,1051,7,33139.0633,1000,22.3645,107
3468,c2f28c013116328583043ca1433c45c85e32de30,0,0,0,2017-01-12 04:02:49,9591,1143,6.2622,10734,79,41,1,18,18,55517.3722,9,2.1697,19
3250,dba7d7da9b81fce21c13093634118a863a2e2bcc,0,1,0,2017-01-12 09:30:57,266,8778,3.6527,9044,23,8,1,30,6,49677.1218,18,710.5,6
3274,8efacf588cee45eb99a24628136ced308c4fb418,0,1,0,2017-01-12 10:42:49,430,8089,3.0262,8519,16,11,1,21,20,62490.598,1000,575.0,68
3279,77047244a1ca2456c2b9fdf7083dd3a7c3aba029,0,0,0,2017-01-12 11:41:56,1961,465,0.1535,2426,3,18,4,871,9,80872.1802,529,236.6188,1821
2763,3a258f7eabe0940abaca63f900a080204b32d2fc,0,1,1,2017-01-12 13:59:22,469,618,2.5,1087,2,2,1,3,10,3515.6117,485,227.2915,1724
3277,46423b9c7d1e49791fa077d653359a4ac3d83115,0,0,0,2017-01-12 17:39:56,15,1275,3.0268,1290,1,1,1,868,12,83853.2904,365,163.859,1100
2765,5461b95ee3c46812cedc59ad738e0d7a56c1f728,0,0,0,2017-01-12 17:54:38,28,618,2.5,646,6,1,1,1000,15,5392.2549,342,162.6398,2165
2761,cc27f0803f4ed1d9799594c75ac00d0e14447479,0,0,0,2017-01-13 08:41:37,5613,3829,0.7524,9442,3,2,1,1033,4,45802.3652,1000,710.5,48
2762,fd872a14974cad14c63478e44edb4e508dfb4069,0,0,0,2017-01-13 10:40:47,163,7302,4.9874,7465,2,1,6,1020,118,67292.6106,1,1.9214,3033
2764,c5d77a83c33027e79cf1e0c6053f6a6efe0966ad,0,0,0,2017-01-13 13:13:03,880,73,3.9069,953,1,1,1,17,11,1316.9862,411,196.4137,178
2770,238c50327de71be0dd6525e98b12dd51d04a8871,0,0,0,2017-01-13 13:16:51,252,8778,0.1951,9030,4,44,13,51,138,51281.4551,350,158.6367,109
3210,bcca3fe6851192e4fa5c74e973bd685d97bc5d3b,0,0,0,2017-01-13 13:22:39,2467,104,4.9358,2571,62,19,1,31,12,69963.9633,411,173.4811,2095
2758,51c02eee7811116f9879d28e79967685a6a037ac,0,0,0,2017-01-13 13:50:30,2573,2,5.5611,2575,74,53,16,26,14,70163.0535,854,368.7553,7068
2809,3b97128f05bacfb80afe4a2a49741c31ff306cd2,0,1,0,2017-01-13 14:17:09,2282,5931,4.8402,8213,59,13,3,973,150,37289.5169,383,307.3875,10307
2768,6a86e9d62045386b76026f4deead8baa559f008e,0,1,0,2017-01-13 15:38:33,5613,71,0.8901,5684,3,4,3,34,15,46700.2584,132,40.9356,1006
2774,2e107b1cfaa6e31fe478191c74aa25d53ab49943,0,0,0,2017-01-16 09:28:19,869,2926,0.5222,3795,2,2,5,75,17,7503.698,21,13.3805,75
3281,02d7e4a102d9dba41b508a033a17fbf2ba37f022,0,0,0,2017-01-16 10:25:58,121,2465,0.1395,2586,2,36,1,36,3,41251.7589,444,228.5245,1751
2772,63a6af3bec17f2e45563d41032d1e60b8ee97d81,0,0,0,2017-01-16 12:36:02,51,130,0.1175,181,5,4,3,61,10,79519.5698,223,70.9411,242
3465,c93e04c16a7865dbbc90d89799b46f91831e0a55,0,1,1,2017-01-16 13:03:21,162,3319,1.971,3481,3,5,8,58,24,37202.0,491,198.6803,594
2769,acfeeaf5e337e56300d10a3a991e79edc827ac7a,0,1,1,2017-01-16 13:31:22,1215,612,3.7704,1827,38,25,3,195,65,39490.9446,74,26.4087,923
2771,ddd7c36ece20e3f265ae11863c660b79b06e35bd,0,0,0,2017-01-16 17:45:49,3581,10,0.0572,3591,1,1,6,1002,4,12460.2297,191,82.7605,891
2775,8d64263203b4af7f3fbbe2a30ef67ddf67cc45a5,0,1,0,2017-01-17 14:01:32,4,5,2.5,9,1,6,4,11,6,5151.7203,185,92.5685,88
2776,d16552dbefccf8ab7e0e24f8940d555b34a02732,0,1,1,2017-01-17 16:38:29,84,83,1.3137,167,4,3,3,6,21,32578.8393,157,73.6385,797
2783,58d4513a9913f023284aac1b93a279bf4fd8f094,0,1,0,2017-01-18 06:57:23,774,243,2.4029,1017,11,3,17,1177,3,44073.1118,15,710.5,3064
2773,0b3d5c27f4ab7b2dffb37160a1f01cb822bb696e,0,1,0,2017-01-18 11:08:19,830,101,3.1938,931,18,6,2,69,40,40182.2001,22,452.5167,88
3207,df3f11979ed2895ed548766bac061e6cda8f6881,0,1,0,2017-01-18 14:06:12,462,65,3.1124,527,15,7,2,937,21,56587.1207,746,239.0168,6219
2785,21742b2d77c0a6bb254f27e954f95efdab009539,0,0,0,2017-01-18 17:31:20,79,13,1.1185,92,3,3,6,11,6,13206.3877,168,92.2714,878
2782,c151b2d53f47f1141c14a588df5c7eb5ee5f37b4,0,0,0,2017-01-18 17:32:14,48,2012,1.5169,2060,2,3,1,986,4,74462.3372,167,94.046,108
2787,c1c6ef1e7346cc5b3dfb6e8b7ae3e782b407b8c7,0,0,0,2017-01-19 16:06:00,107,15,0.8619,122,4,2,4,871,9,76733.0,151,108.1794,927
2790,3fe2cf544d0e51ddc31866943f60bd0938c32f15,0,0,0,2017-01-19 16:10:54,37,119,0.0715,156,1,1,1,16,6,253.369,194,100.7151,797
2786,563c3a4a54535ae6cb3812303812b0d337d62ef2,0,0,0,2017-01-19 16:12:02,7,84,3.9069,91,1,1,1,24,9,313.9292,163,70.4292,787
2791,cfb95b9074a05686f5ad290b2aaa4be89536a35b,0,1,1,2017-01-20 13:28:44,433,59,1.1112,492,6,3,2,100,23,47129.7417,782,261.5896,6123
3273,2b3fd395ef254e8828e173b0afd23a1a9f7033a3,0,0,0,2017-01-20 17:49:57,56,1815,4.6287,1871,3,2,1,34,127,23601.1217,874,375.3921,1799
2784,185a5f20f5d052e9b95718d7fac24199b43dbb39,0,0,0,2017-01-20 18:33:01,62,465,3.6595,527,3,18,1,39,108,80198.5508,141,53.8876,935
2792,6342d6db1de5f38a921732e35abd83e6c5b9305a,0,0,0,2017-01-23 13:55:48,163,348,1.1697,511,7,2,16,1130,9,61579.1923,775,311.7951,1136
2796,b351aa2ddd56bf0c20706400383fa4317bcdb03e,0,0,0,2017-01-23 14:17:46,9591,41,1.8726,9632,3,41,1,966,1,55099.5968,156,93.4385,109
2830,19ef82cf358da54bf204e678bf203f25147b11f9,0,0,1,2017-01-23 15:28:48,5665,4441,1.8248,10106,3,2,2,87,35,30029.2522,225,81.9409,217
2798,c69f366cea0a537fed4ecfbc7e9f861453ce9f2f,0,0,0,2017-01-23 18:07:54,128,92,1.9777,220,7,1,2,21,6,49485.9883,822,333.6908,7804
2793,1542260d52238e87de4fa040e6079465777e8263,0,1,0,2017-01-24 19:08:28,1291,4441,2.9447,5732,15,4,2,1051,13,30673.9913,770,300.7453,1
2794,6f5c7d8a68e3a1fa88902d8d314f350563b76752,0,0,0,2017-01-25 03:36:54,3,16,5.2754,19,70,19,1,6,9,75911.4668,13,5.0726,45
2795,a811545ecae762d3d2fd34e5d554c010ccd8b539,0,1,1,2017-01-25 13:11:48,446,55,0.7569,501,3,3,6,31,18,36534.7535,784,274.8167,367
2803,2ce080da627cbc77527b69bfb877d4904e9a0701,0,1,0,2017-01-26 14:15:55,178,8089,2.2248,8267,7,5,16,9,8,61212.9215,1000,575.0,48
2804,fc597f6f516c1d4248b7827853932cd4b2a7cb51,0,0,0,2017-01-26 16:03:48,684,6,3.0268,690,11,5,2,39,10,83392.2673,784,368.3096,1769
2806,24db045fc1936ff1bc5069bdb76c2fd654f6ab25,0,0,0,2017-01-26 19:29:58,6,1526,1.1164,1532,2,4,2,24,8,20481.5555,201,106.8444,784
2789,3104619250fa0e0e87b4bb3e05b1cce9d39e6983,0,0,1,2017-01-26 22:55:23,32,7302,0.0669,7334,1,1,1,21,6,66750.7015,1000,10.599,44
2807,c89a622449cf0f08fa1b8944c67c5cabe7aa1cc6,0,0,0,2017-01-27 12:15:24,89,199,3.6595,288,3,18,4,871,1,78864.4833,164,98.6887,3033
2812,0aa9db07800bcc3979dc89bba0b3697149b18ecd,0,1,1,2017-01-27 15:26:22,322,98,0.5258,420,1,3,1,107,30,7163.4777,791,271.3323,197
2801,ec3eb593ae93123cf54cd34c452618d8bd0a7876,0,0,0,2017-01-27 18:51:21,142,22,0.9927,164,2,2,1,989,2,7332.5456,132,47.6128,68
2802,fe4fe5872883f3de362c4d6864b21a66bcbf5d4e,0,0,0,2017-01-31 18:55:59,16,26,0.9794,42,3,2,1,83,22,15509.4887,859,360.9622,6906
3276,186b12309b540f82a055be28f3f005dce4b8cf46,0,1,1,2017-01-31 20:11:01,5,482,1.1211,487,3,41,8,966,31,55439.7858,29,575.0,80
2815,f24514339c78d809a28731fa18e8df638b382e3b,0,1,0,2017-02-03 09:26:18,4779,2465,0.897,7244,2,36,1,6,10,42951.4826,2,1.4578,3064
2810,7b1857d849efd3611be797679b11e8c7b7ed61fb,0,0,0,2017-02-03 10:25:12,106,1618,0.1085,1724,3,37,1,937,0,59487.4336,857,361.0212,6588
2813,215776b81a52cd380e8ccabd65da612f77da25e6,0,1,1,2017-02-03 15:02:55,118,2926,0.5743,3044,2,2,1,30,16,6727.6977,747,261.5076,355
3216,b452c8bbbaa9efb5de6cc66d2817b398ac9da041,0,1,1,2017-02-03 16:28:27,37,21,1.1169,58,4,3,2,195,33,13247.7544,159,97.7926,1053
2808,f113d79451ba88c487358861cc3e20aac3d19257,0,1,1,2017-02-03 19:26:23,1515,5931,3.6991,7446,26,14,4,201,59,39811.1973,383,53.0,9705
2818,d9c116e542889b6ad00485529b97652dc2d59cad,0,1,0,2017-02-04 00:17:55,57,2926,0.3445,2983,4,2,3,162,47,7757.0387,58,575.0,3033
2819,4f47ccdcbd3c794522d9bd5b60d11c016a71b5e7,0,1,1,2017-02-04 09:18:06,49,2388,1.9956,2437,3,3,3,86,36,57193.8173,1000,12.2744,38
2822,dfc6fba5b9830e6a7804a6a0c9f69b36bf772730,0,1,0,2017-02-06 14:52:39,462,5931,1.9852,6393,13,10,3,154,54,40547.5138,383,338.229,9389
2850,6bc6b225e55095eb8797db2903b0546410e7fdd9,0,1,1,2017-02-06 16:18:08,634,1619,4.8669,2253,50,10,4,694,122,63876.8429,1,103.7047,408
2814,30c5b771a7943e981dd5f67131c932fdb204fbc2,0,0,0,2017-02-07 07:52:26,67,3382,1.0686,3449,3,2,1,13,8,69731.9255,18,575.0,46
3229,82db667d319778f30244e9c4212bf3a2920f604f,0,0,0,2017-02-07 09:54:54,9591,1143,0.2132,10734,4,41,8,966,11,53350.7925,358,201.9179,2141
2827,fe2a3016f98e45d0c94a3fa1ed8c17b89a516859,0,1,0,2017-02-07 13:38:25,516,43,1.9672,559,5,4,2,1041,21,35478.1737,408,191.7031,2138
2821,95765b6d8fdda9c601ad61dc39ce02043ecefa05,0,0,0,2017-02-07 17:47:21,15,5083,3.9069,5098,1,1,1,23,14,1470.8723,1000,15.2995,3033
2767,665c7e399928188b22a7963cc05654589d47941c,0,1,0,2017-02-08 19:51:46,564,512,4.9868,1076,45,1,6,372,83,21408.2646,783,415.0215,8934
2824,d05fc377ee688b231fb1b0daeb8a34fd054f3ca1,0,0,0,2017-02-09 08:16:15,286,223,5.45,509,83,32,1,1243,3,37737.946,833,10.4955,75
2860,59aefb57160f04e090e6620af1dd70fd4c121ae6,0,1,0,2017-02-09 10:59:45,2116,1433,3.5742,3549,27,15,2,0,114,61399.0,882,313.0719,7407
2833,9b4cd349fbe54c05670a184472f65dabd0558b81,0,0,0,2017-02-10 11:04:37,40,15,0.0555,55,1,14,6,1002,8,12859.8971,191,78.484,812
2826,61d7f15dc8500bc5350508fcbe47a0873452857b,0,0,0,2017-02-10 12:14:21,75,238,0.0947,313,24,1,3,871,108,9647.2972,847,361.5766,6540
2823,ff3786663b7f1f8a09b5ad0666f55fb171d7f64c,0,0,0,2017-02-10 12:16:13,18,1,0.0122,19,24,11,3,7,3,9887.0204,831,349.817,6696
2835,11e2aa6dcdbf42992cda57a5b50d5c29b4facf2d,0,1,0,2017-02-10 13:53:09,1234,8778,3.5302,10012,37,17,4,79,54,52771.2857,214,39.4564,879
2828,f6709b4a48a843a0a1818fd59b98d32f82d6184f,0,0,0,2017-02-10 14:14:34,5613,118,5.6438,5731,98,2,1,1033,2,48777.1382,425,157.5618,3475
2834,b455f22c9bcac565945cef4897af50c20ded94b5,0,0,0,2017-02-10 17:28:34,16,7302,4.9874,7318,2,1,1,1020,2,67397.1626,184,92.507,885
2825,544f53467b901e6e891a23fc4f2ef3a6be229718,0,1,0,2017-02-13 10:33:14,84,14,1.2623,98,4,2,8,13,7,54107.8582,5,12.9204,2
2831,f7af3b01681592787db16a555b55d6b11d35f869,0,0,0,2017-02-13 13:29:03,603,172,1.5052,775,9,4,2,48,20,46631.1395,871,314.434,2276
2838,f15603d81dad4861175093f4ad22eb2f8ccee4a0,0,0,0,2017-02-13 13:29:37,12,3962,1.5581,3974,17,6,2,68,21,57041.8375,805,360.41,9142
2817,1ce10c8775cf37f0aa792df0e45fa38f1f543846,0,0,0,2017-02-13 14:34:48,469,618,2.5,1087,6,6,4,51,107,5922.5919,701,282.7112,116
2841,d47446cafffe0d34d89488f6eb860aa139ceb3f1,0,1,0,2017-02-14 05:39:30,397,333,3.0811,730,18,11,4,8,29,64814.7549,1000,35.8576,3033
2843,2045cc5f84ab39f18f423154c5620a79ac6d44ba,0,1,0,2017-02-14 14:32:03,269,57,2.9355,326,10,1,1,37,26,12057.3934,753,268.524,8388
2842,1ceb7d82eccf4dc77482bddb61a664fd7f226b2b,0,0,0,2017-02-14 16:42:28,51,694,5.1282,745,1,1,6,8,4,11516.8287,168,81.8126,895
2840,0ba08b44477cd6eaade4e209230645148b303787,0,0,0,2017-02-14 19:40:30,124,31,0.6667,155,3,2,1,53,11,39570.3223,740,236.2183,5881
2839,0aa9918cc5b56682087c2c19eb31d9b321c97875,0,0,0,2017-02-15 14:25:01,4779,2465,2.8546,7244,8,5,17,1177,13,44236.0276,427,76.5363,254
2847,082d40fdc415952737a109c913a86d009ed234c1,0,0,0,2017-02-15 14:25:15,2651,2388,5.0579,5039,40,6,10,1068,23,60387.0,354,113.1649,271
2849,a1bfae95fec8d076ef90d5a36ffa32d3870870d8,0,0,0,2017-02-15 16:10:53,48,94,1.3821,142,8,7,2,1082,11,34594.5075,877,363.9656,8770
2883,15ae922ad4151701cbb4e0df207f43d0094366d1,0,1,0,2017-02-16 11:02:25,70,912,1.8388,982,11,6,4,816,119,49978.5624,88,49.5643,411
2846,5a44a51a4b5381fb5d892e8f9f8b2add9418c363,0,0,0,2017-02-16 13:41:10,869,2926,3.182,3795,24,15,5,24,2,7457.6141,371,169.8833,585
2856,fcc1efcb05bce13e435946107a842727b1e3ee20,0,1,0,2017-02-16 15:52:32,2985,2012,2.5354,4997,6,5,2,27,7,72808.9499,211,68.7401,1151
2829,8780cb6c4fa05f7cd6167f1240d03f407d8d41ea,0,0,0,2017-02-17 13:43:37,2282,426,0.3763,2708,7,4,3,274,62,66615.5702,794,317.2676,9737
2862,813c2585a49c673b71678463d719b6a85b778994,0,0,0,2017-02-17 15:24:35,233,67,1.3494,300,7,2,10,1068,6,59161.2198,791,333.6779,2512
2867,3446e66aac63a3dfdaf8cfd4a73bd80a7f038379,0,1,0,2017-02-17 16:51:00,724,3,2.9906,727,34,23,7,316,50,69770.6901,787,308.7076,10423
2852,31c26e3fc06ad1939284249547c3885a5b62a8f3,0,0,0,2017-02-17 19:01:25,8,238,0.0931,246,24,1,1,31,14,7725.9402,846,331.4091,6546
2865,1456f0a7084f45056ea9b09e3f85b1aae6b11c6e,0,0,0,2017-02-19 15:21:07,1961,21,0.8987,1982,51,18,4,23,13,80630.9923,802,371.772,88
2857,2437da6e54cb48c4e29116b8789fbe4782b17ea7,0,1,1,2017-02-20 08:50:19,855,21,1.697,876,15,8,3,827,11,22859.6605,187,104.115,851
2780,521a53d9ad68a3f16a32e08843a6fca2bd4e439d,0,1,0,2017-02-20 13:51:51,1131,83,2.3755,1214,14,7,3,130,39,35978.9041,80,13.4661,229
2869,7fe0eb477df52cfd7254695a67d41f3cba34ef0a,0,1,0,2017-02-20 15:30:35,975,3829,4.5783,4804,45,9,3,87,15,46830.0581,432,251.9728,2536
2873,0c9c04d19472064b5406dff907671ef723cf438f,0,0,0,2017-02-20 19:52:20,5665,4441,0.142,10106,3,2,16,1051,7,30182.6237,810,319.8793,110
2872,0f99aae1e1f8b693c2ba79a061046bc042113f0b,0,0,0,2017-02-21 03:57:21,208,21,1.9133,229,6,6,3,21,27,53808.6052,25,575.0,3033
2874,821da81fe6bee4c5a33be19c08064491fd6280de,0,1,1,2017-02-21 11:36:17,197,110,1.652,307,2,2,6,159,36,70267.3467,449,197.3019,1746
2875,a92d78746318e9bbe949d9d030fc21b5348b56e2,0,1,1,2017-02-21 12:51:11,116,25,1.5567,141,5,3,8,1243,6,38001.1398,52,32.4228,94
2858,6b5e1f68a9b78901f0af57f446b465a7b03a88bd,0,1,0,2017-02-21 14:43:54,8898,13,4.8507,8911,1,18,1,10,6,35210.5166,7,710.5,9
2871,ed68fedbe90db03823d75a020510ad3c344fa73e,0,1,1,2017-02-21 15:05:32,875,391,3.2208,1266,22,13,6,29,23,34363.9974,185,45.6321,473
2878,963f46e7179db034fd1d444469f4af58eac87409,0,0,0,2017-02-21 16:40:22,4326,87,4.6918,4413,28,2,17,1177,9,43540.7237,64,95.0604,1168
2879,e7011d78a3019880a4e00ab5f697c3cfd20161bb,0,1,0,2017-02-22 06:15:43,337,84,2.8502,421,8,7,2,1,11,54665.9547,3,3.4899,86
2880,9b179beaea2b623ad3637e417f6d8014b696d038,0,1,0,2017-02-22 10:53:34,265,98,2.3445,363,5,5,6,916,12,69497.7533,1000,11.2868,3033
2887,df16e50bbf01d26f75b7745dacd5779ad47dcce5,0,1,0,2017-02-22 13:11:49,286,82,2.29,368,6,9,2,30,14,49767.8313,843,332.8836,9372
2881,788b839213811c6f2407ac6d54fef28dfa3d29a6,0,1,0,2017-02-22 13:55:17,2639,168,4.1623,2807,21,11,3,66,18,51729.4282,1000,710.5,2844
2888,d5f2647afaf69a3d9a4f2b525b1e70e3d728d6a5,0,0,0,2017-02-22 13:57:38,1759,1815,0.6845,3574,3,1,2,827,8,23071.9921,29,710.5,77
2890,8ffe75a54f24cbd8e69c455b42a4e969b943a279,0,0,0,2017-02-22 14:04:46,134,107,1.66,241,6,5,1,30,10,39717.3662,817,363.488,6601
2870,5b7f21d891b410ca0046efdaf12caf5e73deadf4,0,1,0,2017-02-22 21:18:50,480,306,3.3549,786,21,8,3,299,52,17464.4065,771,308.7309,4000
2891,417597fbf71ac9062bed1abf04139d46ec830ec4,0,0,0,2017-02-22 21:19:11,11,30,0.0569,41,4,1,2,8,7,4809.0,804,370.4689,6607
2894,8dac43613fbc937b2467b024a5f2524735fae5cf,0,0,0,2017-02-23 13:21:24,4779,2465,0.0763,7244,76,36,17,19,6,41832.9069,398,176.5387,1971
2864,31f3d65c59034a9c5f40a7de34c0219792507327,0,0,0,2017-02-23 15:51:14,1,3,0.0068,4,1,11,3,871,4,10074.2894,834,345.3122,6742
2885,2313a74e2726167f9cb586a298d4c397f3b82b69,0,0,0,2017-02-24 08:11:47,2985,2012,0.0919,4997,2,1,1,9,24,75292.8915,1000,710.5,3033
2895,daf0ccda4dc60a267be7b8074d40e48d22ccb13f,0,1,1,2017-02-24 09:34:43,1283,244,2.6585,1527,11,5,2,75,30,57488.2033,43,19.4518,263
2884,5983069fc2a40492b514ffa53a508cd8992c6bf2,0,0,0,2017-02-24 10:27:08,169,2012,2.0081,2181,9,3,2,986,11,75737.3744,347,212.8551,2022
2886,40743aac9257677142a510fdd869036d13436edc,0,0,0,2017-02-24 17:22:50,127,94,4.7473,221,37,11,1,67,12,22781.8079,808,322.8307,6992
2877,1a062b796274c9f63caeb2bf12aad96e34efd0aa,0,1,1,2017-02-25 08:37:37,282,1526,2.2821,1808,6,6,2,43,16,21252.446,40,19.4091,3393
2904,3f0ac26e9f502f9e032af0375d52c5e4af2126f3,0,1,0,2017-02-27 01:51:22,112,8089,2.6422,8201,13,10,2,230,56,60689.3257,57,33.3185,105
2896,51b7ede288e06ccedfbba9f92ac361f28bb51452,0,1,0,2017-02-27 04:58:44,6970,88,2.3292,7058,7,5,1,21,12,52209.7849,14,9.404,26
2899,931ce05a47ce1063c056c1a558a974fbce559f41,0,0,0,2017-02-27 10:14:35,2467,101,0.1805,2568,3,19,1,37,25,72076.0,201,70.4987,726
2901,8bcb2ae3ccf6a58d8f42f29d67fdb7d88a95f8ed,0,0,0,2017-02-27 16:55:25,73,2926,2.6561,2999,12,7,1,989,19,6234.1797,271,45.8665,510
2900,e0dede9fb0a2ef7560254b6fc40d852ebf16c956,0,1,0,2017-02-27 20:56:36,79,5,3.2518,84,8,6,3,1048,8,40464.7694,822,53.0,9296
2910,5c968563df26642f81ca94df391f31c51b4f37e6,0,1,1,2017-02-28 14:20:47,89,181,3.2727,270,16,6,2,274,61,64569.5864,734,229.2653,6084
2907,cde3cdd00c7b97f86904f641475381240fc440df,0,0,0,2017-02-28 16:27:03,32,40,0.1001,72,90,11,1,31,1,77385.5891,771,266.6369,6104
2893,a552d6746636e26c634c86d6a11732ea9d2f239e,0,1,0,2017-02-28 17:01:14,1410,91,4.2001,1501,37,5,2,187,28,20096.7472,549,305.5689,2201
2908,70e78a620df503f06e298dd5537f24a56a8cc866,0,0,0,2017-02-28 17:20:42,341,53,2.4367,394,4,5,1,1177,133,44364.2446,94,59.2564,979
2905,f2a8bc92df583c0a6beb519fd8a84cb40edbd060,0,1,0,2017-02-28 17:35:07,1706,150,3.7167,1856,12,1,12,1033,134,45413.8359,79,42.7167,1125
2906,3086af534cfcea0ccb39d3058c172983cc17dabe,0,0,0,2017-02-28 18:16:48,2182,64,0.2159,2246,68,34,11,76,6,29161.7309,904,302.0222,1945
2911,59f0f7a74b60a0d82ea28defb8a3c57f6cd85bea,0,0,0,2017-02-28 18:38:16,87,3,5.555,90,90,1,1,45,5,76981.2522,809,357.3096,6504
2909,0228676d689b04accf1ba7d7c7f8064e121c6d88,0,1,0,2017-03-01 10:41:02,803,278,2.3126,1081,8,4,2,64,18,25778.7143,329,147.5196,1939
2902,999baceff36165d950a61dd9cc4342f252e64837,0,1,0,2017-03-01 11:23:15,1137,8778,0.0,9915,75,9,2,1377,34,50037.9652,416,157.5738,418
2917,a00de2b4d959604ed1705b510580262101a790d6,0,1,1,2017-03-01 13:08:35,331,39,1.1226,370,4,2,9,29,14,45139.7211,769,259.2006,5903
2918,2592a19ccd4f83e4f57a835b03c7846d6edde927,0,0,0,2017-03-02 10:23:42,3581,12,0.3695,3593,4,5,1,42,25,13876.5084,1000,575.0,3033
2921,1932240179189a88273f52d3d93f277e7bf604de,0,0,0,2017-03-02 10:56:39,168,233,1.0289,401,80,1,2,1377,6,49681.9107,209,82.9,459
2913,afb4c5e02c513a82d2ad7f7816065fdd93665e0e,0,0,1,2017-03-02 21:33:13,15,16,0.4631,31,4,2,2,16,9,53768.259,15,575.0,3033
2919,f37507d9434d5ae16f7d164686af2aa5438995bf,0,0,0,2017-03-03 02:27:11,4779,86,0.0665,4865,4,5,3,3,17,42025.2165,1000,11.3467,31
2915,ab014ef94e0e9137ac6f8f41dae385ff71e8ba5b,0,1,0,2017-03-03 09:51:15,4775,1827,3.9357,6602,51,16,4,155,23,50901.4977,208,2.0191,1123
2922,53fedbd2894c6c7b839d8fdcc0dbf1e6e21e631a,0,1,1,2017-03-03 12:24:49,1465,1187,3.9849,2652,62,1,12,90,59,52145.3808,1000,74.5827,1423
2923,84afd068ac229e4d598fffdf10075e9d356fbe07,0,0,0,2017-03-03 16:40:02,1512,30,4.7077,1542,3,26,1,21,3,19104.2037,28,24.4883,101
2920,fad201bfb0b1f2757f68f7b3ffaf97a486eb93e8,0,1,0,2017-03-06 04:07:18,1222,321,4.2099,1543,34,9,2,28,14,39433.1191,27,14.9599,103
2930,4ef9672a9da78bc4ce02e56d9ecdcc546da23e42,0,1,0,2017-03-07 06:40:16,262,3,1.8054,265,8,2,2,68,32,41211.9525,1000,16.6675,3064
2832,e5e6da0b38495d4030fd0b790a81ca70f9ce84b2,0,0,0,2017-03-07 11:15:40,6970,8778,1.173,15748,5,5,1,27,9,49459.8241,17,13.9632,2844
2934,e0614f6551a232706b74963563694486fe2461b1,0,1,0,2017-03-07 12:05:21,278,2465,1.6065,2743,7,9,4,128,42,41535.3616,1000,16.6771,3064
2927,97ccc147382d866bc3e82caf9b87f7cd2e5989f9,0,1,0,2017-03-07 21:45:42,437,517,3.5543,954,16,6,4,80,51,30785.2623,789,223.6734,6189
2836,3ab91cc5d233265b7c4a1497e7294c9065261dec,0,0,0,2017-03-08 15:10:52,95,53,1.6233,148,2,3,2,19,5,42199.7535,847,335.9042,2655
2933,c39ad31f3c321a1803abc97b2ba3074561d9af6e,0,1,0,2017-03-08 17:28:08,350,62,1.0908,412,5,4,2,1041,13,33382.9999,197,83.7222,475
2936,96d24445e3fb9540091a01e0fe34fcb51bc0dd58,0,0,0,2017-03-09 06:34:53,6970,8778,0.8935,15748,80,3,2,37,3,52389.749,250,65.6598,497
2937,40a156e4974c942b021d20edb78b95c8bf261972,0,0,0,2017-03-09 20:19:35,120,92,0.2102,212,3,2,2,34,12,9101.5152,81,59.2703,193
2940,c2afe1b7ba748ccdb1b4233321805f31a6465bc1,0,0,0,2017-03-10 10:42:56,13,2388,0.6089,2401,6,3,10,1068,27,57946.9311,360,168.1101,1953
2926,206ea2119ce80c7d4920a471eb58c1d30abbd995,0,0,0,2017-03-10 11:25:17,1278,26,0.8305,1304,4,2,1,64,20,74548.4458,819,329.9848,6559
2943,5f08e53592ebd29cfcd8ee486fcfd6229b82aa69,0,1,0,2017-03-10 13:11:42,177,3382,2.1349,3559,6,6,2,28,26,71965.5169,256,56.8913,315
2924,c3fc8b97aaa4e46ed99d893d582cb536da98951e,0,0,0,2017-03-10 14:04:39,91,31,3.0268,122,11,1,2,28,6,84337.6121,355,161.4008,645
2946,20fff32a5c6d3385bce54a3b76696fb3063a2ab2,0,1,1,2017-03-10 16:55:45,471,136,2.8245,607,12,10,4,151,34,46508.0417,127,73.1988,1290
2939,709edb80b8fca2d669f960b7daf983933a8a33c5,0,0,0,2017-03-10 16:59:36,155,694,5.1282,849,2,14,6,1002,1,10609.2237,404,171.916,476
2944,524b20f2db70fc4afba3a539fbf249c6d768ab4f,0,0,0,2017-03-10 21:44:27,869,2926,3.182,3795,2,15,1,989,110,9988.6388,129,59.9046,986
2947,a0109e17bdd125a042d8296a1b10821ea53c2e5c,0,0,0,2017-03-11 07:24:37,188,373,1.5548,561,5,4,2,1,15,66168.8867,347,195.5221,2640
2935,90c7415b03b0b1ec28fec9dcd68e426321ad7270,0,1,0,2017-03-13 05:49:08,727,113,3.1406,840,15,15,3,966,27,54145.0462,194,59.0409,666
2972,78f22aaec9bd7d39fdec8477335e5c9247d42030,0,1,0,2017-03-13 07:30:13,1026,340,4.2376,1366,45,17,4,879,127,63654.5999,1000,575.0,291
2949,7ccf4c4f97452b5340b5b610a371f74c219a8286,0,1,0,2017-03-13 09:03:42,95,17,1.4421,112,4,2,7,827,10,22601.3544,1000,12.143,4335
2953,218bed8b8e49b0e4c61c61f696a8f010eafea1b7,0,1,0,2017-03-13 11:23:47,1301,421,3.8322,1722,22,6,12,234,46,46146.5373,36,710.5,133
2948,e5057b72c0749a75578665c4c86a47be33382b4a,0,1,1,2017-03-13 19:36:57,601,252,1.3354,853,6,4,6,1041,19,37075.0075,38,25.1409,158
2955,03889ae1f25bab0fc42ae695bdf45cf45658eab6,0,0,0,2017-03-14 12:23:25,2651,2388,1.4781,5039,5,3,10,1068,13,59902.5395,1000,575.0,33
2925,6bdaf1e4a5db1c1609cbd7f96b20aab285877535,0,1,0,2017-03-14 13:25:57,572,455,2.4162,1027,16,10,4,100,20,52472.9721,108,28.1112,1141
2959,dabeb74c10e755c655a06cdc8846dc7227d63cb9,0,0,0,2017-03-14 13:56:27,2985,39,0.1301,3024,2,19,6,80,23,75529.0493,784,266.0252,371
2954,31ab4b2474cf4ac0e5add9ddf7d012731ed7232b,0,1,0,2017-03-14 17:14:13,6,9,2.647,15,11,1,1,251,7,82049.0793,742,262.6927,5856
2213,6033de01ae620ebc9735c552ce85ccd1687793d7,0,1,0,2017-03-15 03:13:41,495,1047,5.0587,1542,64,28,7,0,116,47807.009,123,83.836,496
2956,0bdc8bfd02b4eb6df46e3881df4a0c4d52ab4c58,0,0,1,2017-03-15 11:23:12,2814,7302,0.0456,10116,50,1,1,26,8,67430.9116,152,44.5777,18
2957,c8eb55f17d64722bb600c1083a478ab99e53f4ec,0,1,1,2017-03-15 12:24:42,2985,34,1.9774,3019,6,4,6,986,12,72810.6728,389,77.068,205
2958,afd36f9814ee282df8e3a58e846911f6efa54c61,0,0,0,2017-03-15 14:25:20,34,43,0.2848,77,2,2,2,21,10,3990.7891,877,398.4067,9112
2882,70252f3468916758e8bc456bbf482549c38ad7ff,0,1,0,2017-03-15 15:44:41,164,56,1.9244,220,6,2,1,89,20,76997.508,853,334.3811,6630
2916,30bb958a73e74ced94548897962740a59677dc12,0,1,0,2017-03-16 12:24:21,6,27,2.747,33,7,2,8,23,9,37891.9958,481,218.1742,608
2963,d160b5e56fb40a0872a59c64d9ca3377d4cf4e86,0,0,0,2017-03-16 13:11:18,1961,465,0.1188,2426,3,18,1,44,2,79703.5487,423,165.0968,1934
2967,759f46ea6716e2f9da98002ed881be2fe6d7ab39,0,0,0,2017-03-16 17:53:21,2062,57,2.416,2119,7,6,13,45,15,37211.4724,814,356.6165,6829
2961,713c092b2900ab1339da51b57ea10d378a4d2608,0,0,0,2017-03-17 12:45:52,2,5,0.0343,7,38,1,6,9,2,10507.8914,147,58.3017,833
2962,85070df1440854976e92c751afd1cadcba4d36c5,0,1,0,2017-03-17 12:51:37,1415,3382,3.5956,4797,18,9,6,916,8,68186.0115,1000,23.8979,133
2805,3e767b5a4a0846c8d53a8167d6236dbd9657eb2f,0,0,0,2017-03-18 12:10:32,87,177,0.079,264,3,3,6,1020,4,67596.4315,486,202.9359,602
2970,9001c4ef82a7a04d821252ac62bb7809a931c98a,0,1,0,2017-03-18 19:53:00,2632,454,2.4159,3086,16,9,2,57,9,57775.3619,95,44.1863,430
2968,c190fd7b43ec9cc2416d0fa94b95fbcd2aa80491,0,0,0,2017-03-19 14:29:02,111,3829,1.3353,3940,98,2,2,50,17,47352.7702,419,205.6456,2122
2971,dceb9135ee030618e5f20e81f712420b812efc14,0,0,0,2017-03-19 14:30:23,2182,2003,0.2824,4185,68,34,2,1106,6,28055.0389,421,156.2885,2115
2973,fc2325ab369fabdd490eaabb38cae1347e3c18c2,0,0,0,2017-03-20 15:51:35,61,148,0.7068,209,2,2,5,19,8,8802.8618,823,359.4164,2339
2975,52d3e4d6c8a44f8e822f82efa276d89ca8b08c9f,0,0,0,2017-03-20 15:52:16,2182,2003,0.5766,4185,1,1,2,34,6,28227.0302,882,379.6374,2337
2969,ecadd352bf63df4b050b725fd65d6f813828d9e5,0,0,0,2017-03-20 16:19:14,1759,27,4.6287,1786,2,32,7,68,24,25541.0528,1000,710.5,4335
2974,a303553560fc8c3653a0eb29400566a3c6c7ed3e,0,0,0,2017-03-20 17:41:07,289,238,0.088,527,1,1,1,871,17,9201.0913,777,233.7836,6145
2983,2cab0cb2645c78d95c9586a2b84a2d8768a391c2,0,1,0,2017-03-20 17:41:54,1556,8778,3.6705,10334,29,24,4,178,63,51076.4655,404,178.246,2593
2980,1ed0727e6fadd4f163a0c443eccd2d60421a6a36,0,0,0,2017-03-20 17:49:38,2182,68,5.1646,2250,68,34,11,122,28,27239.1392,807,375.1522,1143
2982,d20fb090c31858bc0372a8c84228d796558d56b0,0,1,0,2017-03-21 09:53:07,1093,109,2.1167,1202,7,4,1,1033,16,45345.4222,80,34.3379,546
2995,a0bb99c70703f6eaf0953b9ea6e70c5dbb9c1c77,0,1,0,2017-03-21 14:10:15,1367,83,3.6738,1450,71,40,12,923,132,52457.4619,697,208.2992,7448
2993,8ed85fe49b7595546a8f968e0faa1fa7d4da47ec,0,1,0,2017-03-21 18:13:34,2562,46,4.8339,2608,45,8,7,889,0,41223.8341,778,53.0,10503
2977,81a143f6b42cf39d56a36222d14b5db0cc54addb,0,0,0,2017-03-21 18:46:51,61,5083,0.2603,5144,2,0,1,1022,4,1845.7712,898,397.4479,2548
2985,fd90672f9ccf7a0e02e5eb9c6251dc3d451ce8ba,0,1,0,2017-03-22 07:12:33,738,151,3.7509,889,24,10,2,99,52,19396.1701,74,710.5,135
2999,6a0ada81e19a972b89556f1b4b0277508b7caa7a,0,1,0,2017-03-22 08:42:20,3230,891,5.9243,4121,1,24,1,828,100,55364.5474,1000,90.4624,3033
3002,83b99f8a624ddf35deb934b4d4358582657998c6,0,1,0,2017-03-22 11:03:45,3439,303,3.4042,3742,16,10,4,889,0,44521.0,798,305.0199,6852
2986,7fbdc100e19d69d7e31544c20fa94cb2b314ec12,0,1,1,2017-03-22 14:52:07,1298,613,3.3781,1911,27,11,2,55,17,46967.7402,35,19.3304,63
2992,25d52e4df216dc54d2d82e1f0b449871bda4ba74,0,0,0,2017-03-22 16:02:15,11,166,0.1155,177,24,15,5,26,11,7174.7357,356,194.149,2132
2987,60895a3ccd83609088be6ecef3445f7c78c9955a,0,0,0,2017-03-22 18:53:50,39,5,0.7738,44,1,2,1,84,32,7126.3375,814,334.8192,6946
2991,eef85e095a8a0e4c4553631b74ba7b9f173cebf0,0,0,0,2017-03-22 19:44:10,4307,48,1.5645,4355,5,4,3,40,13,14110.5,36,14.2656,97
2994,5ba5cd5ac9ab00da18b723177fb8c977c56e009c,0,0,0,2017-03-23 12:58:03,7,3382,1.4171,3389,2,2,6,13,10,69440.6933,453,215.9359,697
2989,48890285d4b1c285bebb971ae0dbfc310c6fcc0e,0,1,1,2017-03-23 18:01:15,439,134,2.5171,573,14,6,2,4,15,15188.6958,37,12.2935,244
3000,11fe3dc89f6b6b24fa21cc51d5e935e91634dbe5,0,0,0,2017-03-24 09:17:36,2573,46,0.1221,2619,3,2,16,4,18,68837.9492,780,229.3127,6228
2990,85f75a5999cfeabb82f24f1f3c4cd998a4c5b348,0,0,0,2017-03-24 09:45:07,5298,67,0.2056,5365,4,2,16,81,23,53352.4558,816,375.2007,6565
2945,4b19e272043907b70791bff8a85bd493e212947c,0,1,1,2017-03-24 11:24:19,5,618,0.0149,623,6,6,4,11,8,4266.6969,197,75.5321,114
2998,662ed33d8f5baed95035b8176daf95a1caa0b278,0,0,0,2017-03-25 15:59:31,63,68,3.0268,131,11,5,2,48,3,81349.0,319,151.0754,2233
3205,ded25be4d8fc51f2a58cbd3264daffe48dca6b04,0,1,0,2017-03-27 14:08:59,935,2465,3.5643,3400,16,2,17,24,133,42382.4167,126,48.3457,990
2997,90ca438106e63c5032ee2ad27e54e9f573eac386,0,1,0,2017-03-27 15:20:47,3018,483,3.6809,3501,48,21,3,292,55,57056.4351,781,380.6331,11046
3005,4d8627ccaa7fec273cb97244c771473c78485bd4,0,0,0,2017-03-27 15:41:04,158,6953,1.2598,7111,2,3,4,94,23,22905.0182,789,362.0455,10447
3010,4cf78d684700920ab0b0b58c5e2c3b6102da5008,0,0,0,2017-03-27 17:03:35,331,2648,0.9412,2979,40,3,5,92,28,14189.7619,752,402.3692,1244
3013,ad21a441434b9ac5886b664871553bf57885e984,0,1,0,2017-03-28 08:46:49,53,64,1.2679,117,3,4,2,24,11,69432.7091,70,29.3363,198
3011,42328bd9b7f216e4c3aae2086b822b4a3a564970,0,0,0,2017-03-28 13:09:02,228,1143,1.1326,1371,79,41,8,966,116,54433.4213,813,336.4352,2462
3015,05ceec0ace45135bc1cc17934a0b8721f4f85a03,0,0,0,2017-03-28 18:50:51,9,54,3.4782,63,18,14,2,37,22,59238.1007,1000,13.6844,2713
3018,67e431deae364f2136355b03b0c4e9f6e487e90b,0,0,1,2017-03-29 03:40:24,469,618,2.5,1087,1,6,4,1000,7,2839.2706,13,17.515,31
2498,48ce77c79d3efd0ccab2806057ff01cf435f7c1a,0,0,0,2017-03-29 14:09:12,3581,694,5.1282,4275,38,14,6,1002,107,13668.1312,504,226.6593,759
3006,719d0cf19664556e62f808469fb641127c3f4410,0,0,0,2017-03-29 16:24:13,274,29,1.0335,303,2,2,9,33,11,45578.0641,845,353.3735,6852
3017,81114d5f71ee05908a93ebd21475dcec1f5eed09,0,1,0,2017-03-29 16:30:29,401,8,2.8479,409,9,7,16,28,35,32046.3886,9,23.3788,167
3014,ca681101fa7c813345dc3125a3ec7af22563ab00,0,0,0,2017-03-29 20:32:53,1361,2240,2.0705,3601,7,5,1,155,33,19438.7519,813,365.1924,6829
2503,f4324ba70970ea65f305be0e793616d878319457,0,0,0,2017-03-30 17:38:47,1759,46,4.6287,1805,59,2,1,30,11,23432.9414,441,181.0771,817
2506,258ed1791a3e66443b29e4a4e14dcc4e03ffd9e6,0,0,0,2017-03-30 17:41:54,4307,2648,1.1873,6955,1,4,5,987,3,15592.0797,432,233.035,555
2501,dd588efe6470dfdcad51249ff36f12cfde7b75da,0,0,0,2017-03-30 21:13:07,3581,694,0.1489,4275,38,1,6,1002,10,12505.6498,492,229.6077,693
2502,8f78e9d72f494c4eb773211beb30a7116d048109,0,0,0,2017-03-30 21:13:50,684,1275,3.0268,1959,1,1,1,49,8,85510.4619,442,188.3932,712
2505,bba49d673f9a36d4291bc74f07895e957de75bce,0,1,0,2017-03-30 21:45:14,328,255,0.9319,583,62,2,6,37,9,68888.854,448,202.5771,574
3008,940d16c77731a8558b13cd9b3406862229e4bd4f,0,0,0,2017-03-30 21:46:44,880,158,0.0959,1038,2,1,1,1022,11,131.2342,495,225.9704,727
2536,bdcebfda06846a1e21bb6a4678909d503ebc6333,0,1,0,2017-03-31 09:55:18,586,8778,2.8495,9364,20,14,5,674,101,50233.3196,416,248.449,1521
2507,5ff9c99ff193725c125f2b4c450411db97b6f3b4,0,1,0,2017-03-31 10:11:40,132,246,0.0702,378,1,1,1,32,5,1013.5299,456,215.2583,606
2996,6230cc55048b21ac5488e2a42372ba1a14500a8a,0,0,0,2017-04-01 06:28:49,1003,8778,3.0003,9781,12,10,2,31,14,49336.3778,18,710.5,64
3213,bbc5e29c8df71950c6216cf490817ef002c140c5,0,1,0,2017-04-03 12:44:46,695,742,3.8356,1437,30,20,6,681,124,52542.3777,186,710.5,1068
2965,9bdbe6071f1946391598709bfa637fd76a8c7396,0,1,1,2017-04-03 14:10:14,59,1526,2.5777,1585,7,6,6,105,25,19875.6051,363,163.9608,1938
2513,1b6baddca07bfba6093951e82ac9108cf4728f2a,0,0,0,2017-04-03 15:39:02,2814,7302,1.5673,10116,3,3,2,1020,12,67346.1978,48,27.5012,161
2521,b3de48d0e2c1fec6ccab3a8dd0f02b711dc0ae0a,0,1,0,2017-04-04 15:45:34,1016,482,2.0381,1498,8,7,1,75,6,11302.9036,98,2.1343,3033
2514,ffca0e76eaaefe6251a7664b93c4ec007e4305e9,0,1,1,2017-04-04 16:23:50,118,618,2.5,736,2,2,1,29,12,2356.8501,35,54.077,23
2519,d1d761ed6b4de050402905b8c196e781479245a0,0,0,0,2017-04-05 08:59:00,6970,116,0.4944,7086,3,44,13,1377,15,51216.6936,196,103.361,30
2512,ae17718fb9262f65b89b4551d2aecaab3ee23d9e,0,0,0,2017-04-05 14:12:04,196,3382,1.2612,3578,2,3,1,24,6,69755.7151,123,76.3467,183
2524,80800d8cecee2d20add674bb2a74cd2065b52cf8,0,0,1,2017-04-05 21:23:40,3581,25,0.1851,3606,38,1,6,1002,1,11812.8232,516,231.0596,1554
2525,b3ac693200aacd6f8a581e25056067fabe0ef356,0,0,0,2017-04-06 11:11:35,5613,91,0.1137,5704,98,38,1,40,5,47410.3693,451,193.0238,355
2516,6aa5bad75867395202a5e10a2215ce492ed7dcc6,0,0,0,2017-04-06 12:33:47,8898,2113,1.6131,11011,3,3,3,1041,8,34783.993,457,191.347,538
2531,0bb49e538c118b8265377355a9667789a3971966,0,1,0,2017-04-06 12:41:52,1724,3829,3.7642,5553,34,20,7,214,62,45754.144,211,131.7779,787
2540,0038da41553908a427dd20be75838cccb48c6bcf,0,0,0,2017-04-07 09:46:06,869,884,3.182,1753,3,15,2,716,100,7170.7,104,575.0,365
2529,2afb58a57389dc1f49cb4398612ccc903cc0cb71,0,0,1,2017-04-08 06:44:22,2985,2012,0.9013,4997,70,2,1,29,11,74462.7448,1000,9.6477,32
2515,c0ea74a0a4eedf4fe73e8f383e837ea373216476,0,1,1,2017-04-10 14:57:48,37,10,0.4074,47,2,2,1,1000,6,3984.4109,45,11.0967,432
2530,49d0e4321df1853d00e26593556c34acb9bed3d2,0,0,0,2017-04-11 11:48:52,45,1526,4.7077,1571,2,26,1,26,3,20848.7289,1000,710.5,3393
2533,546d0aadd11169294be37a3f4591369a353e3123,0,0,0,2017-04-11 12:20:40,12,42,0.0337,54,1,15,5,27,15,9243.6191,188,81.7855,90
2534,283f5efd50bdb3e94cc947d1edab6fc0c8cbc77e,0,1,1,2017-04-11 15:29:50,4779,2465,0.0256,7244,76,36,17,26,6,44552.0549,26,11.8903,32
2527,43e5a81d4e95f4f7b239ab90f12dfb66e7ae8a48,0,1,0,2017-04-12 06:56:56,0,1275,2.4804,1275,10,4,1,868,16,81349.0,146,65.6176,3033
2537,eaa5a4668d0b64bf67111e50765cc4dbf739f0e9,0,0,0,2017-04-12 09:25:41,6970,306,2.0055,7276,8,2,2,51,1,52194.0656,437,233.8775,724
2542,1dde7327058cb973bd4ff94bf5531d5093fb60a2,0,0,1,2017-04-13 09:23:15,202,45,0.5826,247,2,2,6,19,2,35754.581,19,10.2318,46
2541,43d3046bbdc155af36bcbb5663eabcb4e10b20c2,0,0,0,2017-04-13 15:15:11,51,8089,3.3853,8140,13,4,1,44,5,60776.2016,137,81.4532,939
2539,5e6ffbc19e83529bb6e3c39d4a0b5ab322aa4633,0,0,1,2017-04-16 12:10:21,469,9,0.0326,478,6,1,1,17,1,3378.7727,32,25.7303,3033
2504,aadfe45a880d0f71f23c7a742ff5264e8dc14bf8,0,1,1,2017-04-17 06:55:27,9591,38,1.2685,9629,79,2,3,62,36,56427.2955,1000,575.0,3033
2546,4eb9e46ee31e3f003c1a92322d13056cb4d4cfd5,0,1,0,2017-04-18 06:15:29,1856,27,2.4716,1883,8,1,1,11,10,54424.2829,1000,2.1718,3033
2523,04aae3061aa0184e3ad610cda454c661f872a45d,0,0,0,2017-04-18 13:00:41,161,20,6.2622,181,2,2,1,966,116,53965.798,411,170.2069,190
2545,568e64282eaa2671b4e46655e1fa773f9bb1e492,0,0,0,2017-04-18 13:27:46,9591,2,1.6341,9593,6,5,3,10,19,53118.3874,83,78.8031,1068
2549,224750234758d4cc2234e98fd9d26ae794e0d669,0,0,0,2017-04-18 13:28:31,6970,140,1.1128,7110,3,3,1,1377,138,49673.7383,133,83.9394,999
2547,54ceec16c11655da4181c0816a3b12d1c4bab465,0,1,0,2017-04-18 17:27:17,1100,3319,3.4414,4419,16,9,3,1243,34,38017.5793,17,12.7825,3033
3009,957cced552a60a9df21e76989f74d803eed6b924,0,0,0,2017-04-19 13:39:03,91,2465,1.1227,2556,76,1,17,178,42,44807.0162,146,112.3115,919
2552,c962c45e634155795ca7548afb4fb24f678a6a03,0,0,0,2017-04-19 16:01:29,3581,694,0.1354,4275,2,14,1,31,2,11429.356,862,359.4156,1054
2978,c607b9a22a88162f64b8cb3bd2b191fa2f4f7cdb,0,0,0,2017-04-19 18:05:21,1512,102,0.3794,1614,43,4,2,62,8,19490.4205,801,307.0793,2317
2551,9ed98f2e5a32fb14de03b9a8ea1dd45851cc3a7e,0,0,0,2017-04-20 08:46:10,659,2465,0.1029,3124,4,2,17,1177,10,42424.723,368,189.8652,504
2581,085d4db849b9c659ba6bb2c7d66a04debeb048c4,0,1,0,2017-04-20 09:17:43,3268,793,3.0146,4061,35,12,2,731,126,46988.1376,143,110.1685,612
2556,8ef6926f3c735fb4e111379fb1edab5184bc7458,0,0,0,2017-04-20 09:22:08,72,26,1.5084,98,7,3,2,29,37,43970.6043,1000,710.5,3064
2563,369506291a483158bd041f31ebcfc6e7fe86a263,0,0,0,2017-04-20 11:26:38,4779,2465,0.9952,7244,4,36,1,29,3,43132.5694,491,190.0845,706
2554,154bb3bb09dcc6dbc3dd7e1a6984ff5afd41431b,0,0,0,2017-04-20 11:27:15,25,5083,0.1206,5108,2,2,1,37,107,99.374,442,186.6854,688
2559,a2ec3ee664b540c1213991d7fcf56d8873e60d40,0,0,0,2017-04-20 12:08:54,869,2926,0.9343,3795,3,15,1,18,110,8080.1962,453,200.9048,588
2557,166a3f877b8875dd4a3c2138f802241de7d9d2f8,0,0,0,2017-04-20 21:56:53,608,1275,0.1033,1883,11,1,2,868,107,81349.0,1000,575.0,3033
2562,dcfd37ca69380de5afbf28ad946dde90ab0de722,0,0,0,2017-04-20 22:02:19,83,69,4.8556,152,2,30,13,18,2,35142.615,822,336.4258,6833
2558,aa21f853ab0380ec1f68ae1d0b7c8d9268da4533,0,1,0,2017-04-21 23:23:09,343,384,3.1706,727,22,6,7,68,25,24724.7285,116,29.6135,900
2567,44e472f6cffd75213c3b7373bd622b734f89f0b0,0,0,0,2017-04-24 09:25:32,453,2465,0.1479,2918,2,2,1,15,3,41244.0938,372,170.1744,3064
2553,8045fabac736cc8c6b48fda8328cf91f329dc3bf,0,0,0,2017-04-24 09:47:47,403,22,0.0392,425,2,2,17,1177,133,42522.3775,15,710.5,35
2565,e40f2e184c6e57d4346312f969a64727389e92fa,0,0,0,2017-04-24 13:12:14,473,21,6.2622,494,3,1,8,16,2,54662.2886,399,172.2656,70
2560,2c6377f257cafcbaea3a5bf33dd27852ed05afec,0,0,0,2017-04-24 15:13:27,1092,303,6.2875,1395,7,38,1,1130,5,61886.9792,423,195.0492,1926
2564,84eea72295eda5e7289deb5221c7b990b7b65883,0,0,0,2017-04-24 15:13:49,30,618,2.5,648,1,6,1,3,10,3680.8377,356,163.4658,2070
2572,fb7793f033cfa0d6d77ef25a6c518a5a203ebb82,0,1,0,2017-04-24 15:50:59,157,22,0.2638,179,4,4,17,1177,13,44048.5737,374,174.2599,170
2569,5b6e71ceb12d1fdf7d09d70744f3c0a8a4722768,0,1,0,2017-04-25 06:12:29,13,65,2.0547,78,7,6,1,1041,8,33339.5,1000,710.5,2713
2576,33695781f9ce2599d18f45de6a465eaefe7d71f4,0,1,0,2017-04-25 15:36:08,2269,566,3.9308,2835,40,11,12,1033,134,47385.6686,139,102.5894,1180
2509,1829819b64fb32740bcbd4d5074e3fa138276f89,0,1,1,2017-04-25 18:41:58,187,4441,1.1101,4628,4,3,16,1051,6,31666.9632,778,265.4908,234
2571,b1f3408f4cc5cca4536fe85300efcd5267eba73a,0,1,0,2017-04-26 03:36:43,2814,7302,1.1628,10116,2,3,2,15,31,64632.0753,18,10.291,3033
2568,0ecb5d0050b84ba48105836288d43ce4c4749459,0,0,0,2017-04-27 08:49:05,61,164,6.2875,225,99,38,1,1130,8,63134.1779,401,191.5259,211
2508,a448fc53877d025130f05b8738d8104c66139fbb,0,0,0,2017-04-27 10:19:37,54,51,1.0806,105,83,32,8,44,16,38359.4653,833,7.458,50
2578,3ee8c69aa4390a8d51b33f262f719fb1a5474d51,0,1,0,2017-04-27 12:41:53,967,30,3.0474,997,14,5,2,1068,134,57687.0426,1000,575.0,2713
2577,d16a5a297008fc9665889dd56e24ff81472db2c6,0,0,0,2017-04-27 13:53:36,152,8613,1.5187,8765,3,2,26,48,13,29737.3916,773,264.9002,6182
2582,d27d3dda4e850b90267e4b426a3e4993bd0cbac8,0,0,0,2017-04-27 13:59:12,469,618,1.6971,1087,3,1,1,1000,7,4534.1635,537,176.9545,1508
2574,d75ec5b3551573d4eb1886c8e75dfdf6dc328da1,0,1,0,2017-04-27 15:46:29,331,274,1.6787,605,9,6,13,84,22,33496.6144,778,266.2718,6071
3278,5795ebe187d6e6dce2a52ec2d245071d101437e7,0,1,0,2017-04-28 13:24:37,1293,216,1.7156,1509,13,7,1,987,12,17472.6828,27,41.0767,407
2580,6f93352b78ee019388b8e8a4684730d61549f786,0,0,0,2017-04-29 15:40:30,88,54,4.8422,142,4,1,4,818,9,65981.0305,809,320.5031,6860
2588,6e94cf19736b3b3751abe55cf0f3ce4aa740ef96,0,1,0,2017-04-29 15:44:36,702,2113,1.828,2815,22,10,4,198,48,36837.8433,42,710.5,240
2593,707f25fdf9800e4113661c8d774bfcdc5d9c51d1,0,0,1,2017-05-02 08:07:34,93,3382,1.9046,3475,3,3,3,23,6,71172.9511,1000,575.0,63
2583,409319a065407f8ed6ae3f43c06b327adfd2501c,0,0,0,2017-05-02 11:35:18,3581,694,0.1803,4275,1,2,6,1002,1,11220.7177,203,64.9769,345
2589,981dea41e593f3db763af3d0366bf7adbdd1d3bf,0,1,0,2017-05-02 15:00:51,1742,111,4.7344,1853,42,21,10,1068,12,57870.0297,1000,32.7439,130
2603,ce573c65e2573ae12c8f6a76cc580445886a0a74,0,1,0,2017-05-02 15:31:27,362,245,4.0437,607,38,17,1,1106,8,27911.6759,452,190.2611,133
2602,04fae5362bdc933c111c92a9cc3b3b2c1d71850e,0,0,0,2017-05-02 16:03:48,10,4441,3.7185,4451,32,10,2,1051,17,29757.1914,435,236.3053,807
2597,03721cff116bc3d233b6b3f82c47f9edf42410af,0,0,0,2017-05-02 17:33:28,5298,2952,0.3682,8250,5,3,16,1049,144,50564.4943,794,324.1607,7006
2599,91b2d6f39edb22787c2b763e28c6545ed951425a,0,0,0,2017-05-02 19:24:10,289,5,3.7481,294,1,11,3,65,15,6160.1488,822,336.8331,6620
2600,c9623be2ac1ce44c1d04eeda336723b92e2fadf9,0,0,0,2017-05-02 20:10:40,1361,35,0.1297,1396,2,1,1,36,2,21808.0739,819,333.2506,6502
2595,72dfce40b76f31cdf54959577977a33a0082a7bb,0,1,0,2017-05-03 09:41:00,922,252,3.4176,1174,28,19,2,1377,23,52217.2052,63,68.5458,564
2601,6d0c4c340d0b052d2a97e7e86622707d05f6b6d7,0,0,1,2017-05-03 11:06:04,77,50,0.0707,127,3,38,12,1033,2,47214.3004,1000,11.1666,3475
2586,8a470046a57113ba41bfc2a07f98f487f9feb0e0,0,0,0,2017-05-03 13:16:07,684,1275,0.1524,1959,11,1,2,868,7,85371.1714,459,200.0865,2154
2604,5fc37f8ac3293f8fa231cbd2905d15b29edc156c,0,0,0,2017-05-04 07:11:20,47,16,0.0523,63,2,1,1,20,9,76761.7738,2,22.4687,164
2598,2cb37cb937c6f225ad7afe829a28a6eda043ffc1,0,1,0,2017-05-04 09:52:34,1529,451,4.9816,1980,62,28,5,1068,32,57661.7946,1000,26.3254,262
2608,aed3b806461114e04e9d6c3c0f27bc75eefa8f47,0,0,0,2017-05-04 19:40:26,105,109,1.1585,214,2,2,2,6,12,15634.7473,795,373.8801,8871
2609,4ab39381222df3fd7673c183bc357a4a91b79f32,0,0,0,2017-05-05 10:13:10,102,271,0.6363,373,5,3,2,141,32,63449.141,435,221.372,1109
2606,50b8dda37d5194297e4a6e41460fbc13e67a393b,0,0,0,2017-05-05 11:41:29,857,415,0.7183,1272,80,5,2,1377,138,49163.0126,759,320.1754,2305
2587,ae9c9d061a8b49931c88908b8713cb2efe5f9202,0,1,1,2017-05-05 11:55:07,542,962,3.3449,1504,25,9,2,6,16,61577.1263,45,47.6596,59
2631,710c08b8a6e3b8888308679cf3c16761cffcae9c,0,0,0,2017-05-05 14:40:08,318,8613,0.4817,8931,10,40,3,898,105,33709.733,797,321.2862,8556
2592,bb9505ddee6fbf42ef24853dab8475cff9c7948d,0,1,0,2017-05-06 00:49:42,577,81,2.1237,658,8,10,4,84,56,32710.8911,22,710.5,103
3235,fde4f9097461c306f5e783d7a6c87a7799f21467,0,0,0,2017-05-06 23:51:29,4779,2465,0.1904,7244,4,36,1,42,133,43695.5162,797,329.8404,2492
2590,e5b65a7fc2b4a7532ca40748f81bcbf8ace46815,0,1,0,2017-05-07 08:29:32,146,235,1.8014,381,7,4,1,21,13,44213.7973,207,83.0458,335
2611,63c04a516f40ec2dca4d8edef58e7c2ef563ce67,0,1,0,2017-05-07 18:42:02,138,4441,2.2841,4579,16,7,5,72,27,33062.2021,249,92.4984,919
2615,7e98910fcdc6fdd149969103d43ab54b8f10fde1,0,1,0,2017-05-08 04:04:47,480,2465,3.4458,2945,20,12,17,38,13,41643.4803,1000,20.6054,116
2617,79b869498c82c83baf44465aff5acac3bd948bf5,0,0,0,2017-05-08 09:56:57,125,62,5.4776,187,87,3,10,1068,10,58479.2747,445,181.7921,150
2579,54c88263963f6a379066464842734b25ac271ba6,0,0,0,2017-05-08 16:45:19,2651,2388,2.8098,5039,7,1,2,1068,134,57562.1629,138,80.5244,1224
2607,70c48aaa65a33d1a375ffa5838cf0e9532a4c202,0,0,0,2017-05-10 09:28:55,435,44,0.2818,479,6,41,8,966,6,56468.5465,801,360.9878,2290
2622,bc2796383af0beac989341b4e34f6418baa7106b,0,0,0,2017-05-10 10:37:28,5613,262,0.3415,5875,5,4,1,80,134,45156.5142,878,385.7173,2648
2623,efbb41bc633e6c72037b9dfd311b23693335844e,0,0,0,2017-05-10 12:57:55,2467,68,0.1383,2535,2,19,1,23,5,69362.9856,119,37.9527,899
2626,7040987258de276ca446a7bcf8b92a2e9437cb17,0,0,0,2017-05-10 14:54:44,79,95,2.3926,174,4,5,3,9,11,69020.6268,18,575.0,51
2624,7ad489d87281b74c53d3b1a0dd97e56b7a8ef303,0,0,0,2017-05-10 15:38:49,540,36,2.2263,576,6,4,1,63,11,34153.8073,744,238.3891,5812
2625,e10cdaa11c514d017d9cf92f88184f9e29d51fa9,0,0,0,2017-05-10 18:57:08,5665,219,0.1759,5884,71,40,2,1051,122,31363.4683,869,326.3259,1792
2630,aa8a90a588b4d72fc585731bea233495f0690364,0,1,1,2017-05-10 20:03:49,200,8613,1.413,8813,7,4,2,21,19,30303.2289,843,353.6424,7590
2628,a4b901a4569ecfdc85b72c4844071941954f05d3,0,0,0,2017-05-11 09:22:09,410,386,0.0882,796,1,3,2,20,11,3169.1256,732,277.5015,5762
2634,2201fab1c740b8c3aa6d14ecf0471adf77f5b761,0,0,0,2017-05-11 14:55:11,2182,59,1.3189,2241,68,3,11,1106,2,26102.692,439,226.1759,4393
2636,7173774d0cd2b9d138587759d324e6633c24b6bd,0,0,1,2017-05-11 19:24:02,684,26,3.0268,710,1,5,1,20,6,81707.9988,441,188.5289,240
2618,c594af09767e2ef1e74dd8db187985460761b724,0,1,0,2017-05-12 11:11:25,332,16,1.9206,348,6,3,1,37,23,54719.9146,237,82.5283,146
2637,347100de7527dc4ba3664b8e8306a081834f84a4,0,1,0,2017-05-12 12:06:01,156,22,1.3319,178,7,4,2,13,13,31670.0014,207,86.5695,439
2932,4651a1690ac8d5784071eae1fad8ce179385cdaa,0,0,0,2017-05-12 12:40:44,1759,69,0.4526,1828,6,2,2,827,14,23361.7483,441,205.8677,2341
2596,947c44e862396baa95e74cbdc50a4c7cd3befe9b,0,1,0,2017-05-12 13:00:51,398,604,4.2102,1002,38,13,8,128,35,51626.1403,185,111.7623,1274
2635,44fb035e021259986f0b1aac4126143510a758e5,0,0,0,2017-05-12 14:01:05,56,2388,1.61,2444,87,2,10,32,13,57787.563,159,37.0868,758
2639,4cac6f4e64d3a9e5ad0e13e9d6dc29f915b52a18,0,0,0,2017-05-13 10:56:56,148,7302,3.2331,7450,7,1,2,1020,19,64691.1881,448,192.4153,425
2620,ded464b8bd60d8f19221c0f1589346684c11c78d,0,1,1,2017-05-15 07:56:19,1,8089,1.9578,8090,3,3,2,1130,5,63253.342,8,5.3753,23
2638,9ed9b68397b51bfd2b0f6e532212a82f771641bd,0,1,0,2017-05-15 09:41:47,1114,329,4.1383,1443,33,11,1,1377,22,51984.7746,1000,710.5,2844
2642,8e4db423b79580de0cf66e905f8a66c12ea3748a,0,1,1,2017-05-15 12:33:09,693,36,2.0364,729,10,3,13,19,15,50045.8217,57,24.1703,63
2649,f7ebcb07edecc06f523e4f46dfaa3ec10d1e90c8,0,0,0,2017-05-15 12:49:00,6970,99,1.1955,7069,7,3,1,46,15,49419.5909,37,34.448,2
2647,93a03b00f0a62e57a020035f4acdcca2a2c941c8,0,0,0,2017-05-15 13:38:14,3581,8,0.0733,3589,1,14,1,1002,5,13705.0112,78,51.9553,646
2650,2bfead7d9bef51713ed203fa7979f71f23525733,0,0,0,2017-05-15 19:41:51,469,618,0.0963,1087,1,6,1,32,7,2335.8659,373,121.8183,62
2627,c4af1b5bbd64ba7e7fce816c925ccb78fbcf0622,0,0,0,2017-05-16 09:27:48,90,47,0.049,137,3,2,2,48,17,40717.7671,17,452.5167,62
2645,0162543ac13f048ef67a6586d8a6e8021ec9dcd4,0,1,0,2017-05-16 10:32:05,631,899,3.3393,1530,32,13,3,154,30,58876.2232,180,24.046,1038
2605,06dff812132cb5796ec824f0c9dd0ac6fbc8351d,0,0,0,2017-05-16 11:52:34,56,232,6.2875,288,99,38,1,1130,5,62067.4744,346,170.2087,1879
2644,7a54d05ecd33b6dc140a7146f0efa90d64471f47,0,1,1,2017-05-16 15:07:29,1593,210,2.8788,1803,13,4,5,14,21,14437.6353,75,5.3254,170
2641,ffa9aa0ee08abeb2e167fc8d343b4522ba3d2ce2,0,0,0,2017-05-17 08:00:37,182,70,0.5637,252,4,2,12,23,15,48832.3521,200,57.5828,227
2646,3a65e5acbcc29636b0ce1631815861089fc21dca,0,1,0,2017-05-17 09:31:33,464,178,2.7326,642,17,8,2,27,13,47377.2339,108,52.8466,651
2683,a7bc5de9b17dde793c6da0e7cb700004af117148,0,1,0,2017-05-18 06:51:33,1490,1952,3.1468,3442,38,24,8,805,130,61640.4375,142,37.2541,443
2672,e3fcbb087568a33aa03f58ba0dc359b1a6b02bfd,0,1,0,2017-05-18 13:52:16,319,914,2.7775,1233,23,12,3,699,1,19208.9372,174,142.0903,235
2656,ef6f7b605728545eb8196e655db23a43853e0663,0,0,0,2017-05-18 14:41:15,12,9,3.7481,21,24,11,3,22,13,6607.0875,756,254.7184,6009
2658,f2af1a9f916bd9b941a48a1da577d19fc07badde,0,1,0,2017-05-18 15:05:50,40,67,1.6723,107,5,3,2,871,11,6698.5188,737,275.3817,6343
2653,20b356c73c0c2da4bf6690700f8b949c8fc3042a,0,1,0,2017-05-18 15:48:30,133,55,0.7154,188,1,1,2,60,14,44156.7577,744,260.5683,666
2643,e8c909503591179c3f912b50f48c0aabc127b383,0,0,0,2017-05-18 17:16:06,81,2012,1.0601,2093,70,1,6,986,3,74552.5346,788,265.9007,191
2663,3fe27ac0796bf7fffce0901954bc2eec3eee02be,0,1,0,2017-05-19 00:34:16,1644,2465,1.8976,4109,14,7,2,89,25,42145.6939,1000,710.5,3064
2651,b8f8524afb58dd4f3d23e27815ed1dc3d6229582,0,0,0,2017-05-19 04:11:02,6970,8778,0.0938,15748,3,44,13,1377,8,51442.7253,241,90.1757,429
2660,8e32136783a1a3db17d06c1fd9d012dcc4e458aa,0,1,1,2017-05-19 08:40:44,32,35,0.5613,67,2,2,1,24,14,67285.0082,47,30.2876,58
2612,ed65c253478e688fdfbb149a1a75dc01b8537cab,0,0,0,2017-05-19 12:33:18,880,5083,3.9069,5963,1,1,1,18,3,1313.6486,480,218.1429,276
2652,8ccaffe3d3f2472fc12fa138c45c0b67458ad2a2,0,0,1,2017-05-19 12:39:20,3581,14,5.1282,3595,2,1,1,47,5,12204.5435,508,227.4513,180
2669,b9e75ff0efeb0fe604f7e55b48291de1e9f6a752,0,0,0,2017-05-19 14:20:05,5665,4441,0.5795,10106,71,1,1,1051,2,32447.6295,488,222.8645,310
3200,d4fba3b674fc67db198e4cf163de6ca44b5caf8e,0,0,1,2017-05-19 15:22:26,14,618,0.0512,632,6,6,4,29,11,3136.2735,496,185.5832,1615
2667,546e2ad73165b00d93c3c460372b9d49a4b5d8b7,0,1,1,2017-05-22 09:43:42,76,37,0.5297,113,6,3,12,37,17,46029.7844,61,35.2314,72
2670,fe6714760b0feb688aa2e8169b1a73028e42afd4,0,0,0,2017-05-22 14:55:39,42,23,5.2754,65,2,1,6,6,14,76606.5868,193,103.0158,91
2661,ac6e5c9a03177ad18899e27c8877efb0c9211842,0,1,1,2017-05-23 13:42:38,141,48,2.3646,189,10,5,2,3,18,39777.3311,745,235.3435,5991
2676,2f8cacd5e5482fdb3e9af94d8490110b9345d986,0,0,0,2017-05-24 08:51:23,6970,8778,2.1971,15748,4,4,13,40,5,52400.2108,491,230.1602,265
2678,0e69dd5cc603443355a722fbbac5d96264eae1d2,0,1,0,2017-05-24 10:42:28,366,332,2.4177,698,13,30,1,1068,25,57094.9181,486,219.1067,140
2675,15856af4393ddc1b1a679c1c717de456136afb16,0,1,1,2017-05-24 13:08:57,38,2012,5.2754,2050,70,1,6,42,24,75153.5955,451,198.0487,157
2679,77b0fb9fe3656a5ae7e2ca3bbce28cfa5a0e247e,0,1,0,2017-05-24 13:10:15,425,399,4.4339,824,41,12,12,64,62,45580.8702,499,177.0686,308
2712,20e4b99436f2dc6398c57e1cda5450b11cc13d17,0,0,0,2017-05-24 14:54:11,880,1321,0.5025,2201,20,9,1,678,0,761.1627,244,166.2208,3033
2671,6429e5938bb021d6a82644292e6f53c7ac7aebd8,0,1,1,2017-05-24 15:59:51,88,34,1.3156,122,10,6,3,0,47,11411.2392,807,299.0234,5697
2681,2a77867a7980f888e1d3e9700697625e6a8429ad,0,0,0,2017-05-24 16:26:57,33,5083,0.1158,5116,0,1,1,1022,24,1580.6053,733,273.1484,147
2690,789ed8a8246d140e1621a5860645a747132d6618,0,1,0,2017-05-24 17:24:02,592,1025,5.278,1617,64,1,8,966,9,56605.0,227,27.3229,3033
2687,c9e574bf3206c16bd7e1be8a5672073d8846d7d7,0,1,0,2017-05-24 20:27:06,2513,1775,2.9089,4288,35,11,8,139,25,38744.9452,833,22.415,228
2688,7ac4a24431d65c6b8de889a03bbcee11afcec9b0,0,0,0,2017-05-24 20:31:36,101,2012,2.483,2113,8,3,6,986,4,74309.5023,508,177.7875,570
2689,23920bb88eed1f6d1bfe55fb65b5013a784930ba,0,0,0,2017-05-24 20:55:11,554,115,2.8508,669,8,4,1,22,1,54414.5879,506,189.1079,398
2694,c20b396f5ea09a54f52e980c70e30888a7a2859c,0,0,0,2017-05-24 21:20:29,149,120,4.4393,269,27,18,1,1106,14,27180.8397,498,187.7361,557
2697,7292c8743d981d61b0f860367e0266b307e1362f,0,1,0,2017-05-24 21:57:18,392,175,3.4306,567,28,8,6,916,13,69635.4952,422,238.1812,300
2695,913be2f5ca3e1f87104273f25c7f4e722b23e562,0,1,0,2017-05-25 02:39:22,583,277,2.8381,860,16,6,1,1243,18,38490.1606,24,17.2225,77
2616,0bca76ede8b7447014a7d7ed17633d77ecfafe18,0,1,0,2017-05-25 08:25:24,886,260,4.0112,1146,22,10,1,1041,33,33533.2843,500,231.7826,172
2674,b2f5dab330c8803ab72e2bbf4e94d68fc760c467,0,1,1,2017-05-25 08:54:08,71,47,0.7387,118,2,2,1,7,11,7422.8202,206,80.4402,208
2700,6445da02b3785e239debbb935ea4e284d751d934,0,0,0,2017-05-25 19:30:32,1,137,2.8043,138,10,4,1,29,15,37687.7171,482,200.126,3033
2705,b7ee2677405235d6a68f1ecd6ce47f5c2fa0acb0,0,0,0,2017-05-25 20:17:32,1961,465,3.6595,2426,51,1,4,20,11,80279.8327,507,191.5694,344
2699,6771a4d18eb23c15d51171e58ae13260492c0d8b,0,0,0,2017-05-25 21:03:30,4779,65,0.0972,4844,76,1,17,1177,6,42942.0615,484,224.2941,401
2704,81798e66b1e8ca96a2e4da00d662d9c153f42062,0,0,0,2017-05-26 07:47:11,9591,56,1.7808,9647,7,6,1,966,7,53837.7653,444,198.8706,97
2685,2597e7e1803da66190ff545e705a6a4e6a6f76a2,0,1,0,2017-05-26 07:56:54,197,178,2.7755,375,8,4,7,21,18,23245.5413,236,55.598,318
2707,89f0ad90b8551a1b617b7f9179b65fe81831970c,0,0,0,2017-05-28 18:14:50,99,40,0.0882,139,3,2,1,1021,5,19844.7773,443,229.6117,3393
2711,60a59d27012a0343d1c9bff8b8816284d6ef762a,0,0,0,2017-05-30 07:42:31,101,29,0.6881,130,2,5,2,40,15,82021.8915,492,228.426,282
2717,9141379f6d2654886d48154b453170cc23b89a87,0,0,0,2017-05-30 15:08:26,6,694,5.1282,700,38,14,6,1002,5,13051.5836,130,46.6204,852
2709,b5eac06d7cca8317a0f10e08bd5aae654a587a13,0,1,0,2017-05-30 19:26:19,17,1815,0.3425,1832,2,2,1,35,18,24005.289,102,76.427,4335
2716,6ab7719b565934a0c127dcca3f46d71a71ecc0ef,0,0,0,2017-05-30 19:35:33,89,32,1.2704,121,2,2,4,871,11,78293.1486,80,50.8279,86
2708,fa11845b926f8371e9cee47775ca0e48176b686e,0,0,0,2017-05-31 13:40:34,6363,129,1.1704,6492,1,4,1,16,10,40805.1336,445,195.0112,1541
2752,b863b90c80a63e950106b4460bb81f733819dbc2,0,0,0,2017-05-31 14:42:26,595,337,4.8507,932,35,3,3,689,95,33703.5823,361,262.7363,2488
2718,156d5e6be8b19dd6380285c9b68f49bdc3c6f058,0,0,0,2017-05-31 15:00:57,8898,104,1.8256,9002,7,3,1,5,24,34527.8596,449,181.7291,1751
2728,44090aab32d677ae49a4438fbc8d313df8556190,0,0,0,2017-05-31 15:07:03,5665,216,4.7242,5881,71,3,16,85,18,30796.4376,446,187.6886,1546
2724,00a266680c8e962fb158472821e1d78660385a2e,0,0,0,2017-06-01 10:33:09,287,2113,1.5338,2400,3,2,6,68,13,35352.3596,501,188.0384,1588
2721,9d9732bf7410e36ac29a884d126294b8c753836e,0,0,0,2017-06-01 10:37:45,230,364,1.8058,594,7,44,2,79,8,52375.8722,419,185.4364,1789
2723,bcaf816dc5313c6c7de1e3436cc87036fd2ea3d0,0,1,1,2017-06-01 11:17:25,707,372,2.8906,1079,15,8,3,41,42,41913.3349,114,48.2008,703
2722,539787b21822eb839d0408a989cd541450bd08d2,0,1,1,2017-06-02 13:15:32,199,49,1.1183,248,5,4,2,56,17,46039.2091,212,63.6485,192
2730,33c49e79fb1d21f52a8a6482baf43253520d365e,0,0,0,2017-06-02 15:18:51,4779,33,0.945,4812,4,4,17,1177,4,43979.9412,204,58.4431,18
2732,8ae4f2b0ae103540435244ff75ab4b593670dd76,0,0,0,2017-06-02 19:06:16,265,4441,0.8065,4706,71,2,2,94,15,31830.928,493,229.446,1566
2729,4d18afed80774c57766752f8a3cc45133a4a457a,0,0,0,2017-06-02 20:18:49,5665,187,2.0444,5852,9,40,16,87,20,31057.055,450,181.4305,1737
3244,85853edab3e76ec83790f1b9c8f51bd2f6afe087,0,0,0,2017-06-02 21:25:16,181,4441,1.9328,4622,3,4,2,96,15,30015.2827,430,238.4071,1553
2719,1779a0ebe3c61073ca9860f3dc29528dd49e24c9,0,0,0,2017-06-02 21:31:24,5665,225,2.3128,5890,12,2,2,45,27,29706.9379,443,243.6752,1772
2734,98eb2cff32c84b9a4f5c3136652040438f4cdd5d,0,0,0,2017-06-03 06:26:34,160,87,2.0649,247,3,3,2,85,12,41536.4175,446,238.814,1771
2727,7b3967cac38863b959b00fb1489b3902dcb5cd83,0,1,0,2017-06-03 19:56:54,226,100,2.414,326,14,8,1,1051,7,32140.6561,202,86.7743,32
2735,1ad554d0b46940692ffe795a027200c346adfa33,0,0,0,2017-06-03 21:45:22,31,106,0.0494,137,3,2,16,1130,4,62248.3581,228,68.9091,361
2739,8b26460b72bc4322aea7a9feaa3a728646c0399a,0,0,0,2017-06-04 20:48:45,14,27,0.045,41,11,1,1,868,107,82249.0669,202,64.8273,18
2736,72b0ae069f8404a2f8a952e1a20004b9d340c445,0,0,0,2017-06-07 10:03:21,2651,2388,0.2615,5039,4,30,1,1068,6,58836.2751,430,234.7272,1574
2742,387dc4b992fc0ea3b728ee343c3a052bc746e3a3,0,0,0,2017-06-07 13:59:38,149,82,0.4319,231,5,4,1,32,10,16696.3128,449,185.8171,3360
2746,bdffde3cfa3dc57b27758aa73406daefa3c2eaa4,0,0,0,2017-06-07 14:41:02,41,8089,0.0711,8130,2,38,1,1130,7,60977.588,212,81.3292,213
2737,be662bf7ebcefb289988a24392104c3385029568,0,1,1,2017-06-07 21:01:06,3,73,0.8281,76,1,2,16,9,13,32946.3801,401,102.1391,127
2744,6edb72d42f95978cdb426b0ca1d8d4c50a3c700a,0,0,0,2017-06-08 06:52:04,291,43,2.6543,334,8,3,12,28,4,46662.6631,231,88.7734,97
2754,a68c15f0b3c530e7231df8507ad562b268f19f41,0,1,0,2017-06-09 20:32:46,0,85,2.3429,85,8,3,6,45,22,69623.1592,90,61.2459,112
2753,b216a4a0acf4e4d0463c3ed961d6a0258223491a,0,0,0,2017-06-10 20:41:35,46,120,1.1356,166,5,3,3,26,2,39055.2741,195,86.7822,451
2756,8d0c4c0405a24e087e66d3a4bf07d1105eda2fc9,0,0,0,2017-06-11 09:02:38,128,3829,1.3199,3957,1,1,2,46,9,46989.7473,202,63.3407,494
2750,69fada3d0b4c686f29c356f00eb49039f416879f,0,0,0,2017-06-11 13:30:36,4779,2465,1.2164,7244,2,1,17,35,8,42979.331,239,88.8304,257
2755,59463278a868f37028a3391a9b9505a77584e0f7,0,1,1,2017-06-12 04:28:46,240,57,2.8653,297,15,10,6,1021,24,22134.8213,57,26.2853,208
2209,69c8b444e7579dfe6752fa17b4fc1eabe33c3c09,0,0,0,2017-06-12 15:40:21,93,2003,1.3911,2096,4,34,11,1106,145,27883.9413,449,227.5584,4393
2777,bf0846fc61d38d56a6d0bd690dff64f8ac0a7082,0,1,0,2017-06-12 15:44:51,1319,2845,1.6781,4164,39,34,1,1,1,32421.5975,410,299.5477,7261
2757,b91df16071145911a85a3e76a821a7ff6709b34f,0,0,0,2017-06-12 17:50:07,182,14,2.2121,196,6,2,1,66,18,56352.6006,99,79.6984,219
2781,af0ced984ba9f13302f1d4c4d4b064bd580cc29c,0,0,0,2017-06-13 13:25:02,232,562,0.6812,794,38,2,6,850,98,12817.6929,70,575.0,240
2215,8835da996f61222ef7291d73b5160e0405d81b16,0,1,0,2017-06-14 03:19:41,599,57,0.8026,656,5,4,1,23,11,45460.4175,21,16.1192,124
2715,3424924e49898cd2d581eafac338a306c9e0efc5,0,0,0,2017-06-14 13:18:25,2182,2003,3.0914,4185,10,5,3,46,2,27476.1642,496,236.7934,1004
2219,f27cb2ac990a26fae2b6c68474ebd35cda1fe001,0,0,0,2017-06-15 09:48:32,9591,1143,0.04,10734,3,3,1,20,5,54939.4113,122,58.0533,752
2221,f68856afb0628adcc7df223ac520df6abdf716cb,0,0,0,2017-06-16 08:51:04,8898,1012,2.2106,9910,16,2,1,76,15,36897.7245,149,121.0676,918
2214,6c05abe3433070afe0931fff213bd3ce9da2b116,0,1,0,2017-06-19 13:01:40,595,168,2.1616,763,4,6,2,1106,4,29252.8131,38,39.4347,255
2222,daed1eecbab283803c48c13fb380d442f3cfd1a5,0,0,0,2017-06-19 13:57:14,175,2648,0.6195,2823,4,2,1,987,6,15208.8673,443,230.0435,160
2225,34d14652e5cc20e1801061b184f2eb4b48c692c6,0,1,0,2017-06-19 14:40:02,958,96,1.6325,1054,5,5,2,50,16,29397.0062,88,5.7408,356
2743,f24a499b37515b43789ae23d83c1cd9eb2f827b3,0,1,1,2017-06-20 10:17:21,202,63,1.3557,265,12,8,3,11,18,57662.2815,236,89.6055,514
2218,c736ba2ef15e9e81a54a3fc02ccffadcbf594767,0,0,0,2017-06-20 11:43:44,13,5083,3.9069,5096,1,1,1,10,9,215.1457,26,17.2523,39
2224,3096bd03324dfe1ebc55b400b68a4b5a6c6ef8b0,0,1,0,2017-06-21 08:41:21,1903,186,2.1478,2089,6,7,2,89,17,28727.2317,43,710.5,4393
2220,8cff17fcc9b4bca6499c26fc2a6318c759cbf251,0,1,1,2017-06-21 09:22:28,412,137,2.7206,549,10,10,3,93,30,70159.8204,175,68.9732,772
2230,be4853d79893da16b6cf20d5275dba42668b9103,0,1,0,2017-06-21 12:18:55,413,104,0.3223,517,2,2,6,1020,14,65951.1925,98,78.6994,51
2226,849990c00c1e7979b366088dbdba3f02a6123445,0,0,0,2017-06-21 12:45:31,93,10,1.514,103,4,2,1,13,13,33027.4341,192,100.4446,905
2234,9f77073a56cccf06399dae24de1c38dc27dafcb6,0,0,0,2017-06-21 15:06:00,123,8089,1.5768,8212,15,4,1,24,2,63517.9292,484,215.9639,368
2233,0a19c456ac7781d94eb0aaaf8f2ac73d0157bacb,0,1,0,2017-06-21 16:04:43,1357,594,4.1812,1951,29,4,7,155,23,22665.0338,85,26.6901,599
2738,4aa2ffcef8edae574ec270631841ef4a0c793dec,0,0,0,2017-06-22 09:47:33,4307,2648,0.5168,6955,4,3,2,79,25,15754.5169,39,25.2021,3360
2232,c26c2e7b5c12fc2442446a6fb2d801eb87022c12,0,1,0,2017-06-22 15:31:17,345,366,3.0294,711,12,2,2,68,13,71087.1404,201,71.6592,939
2248,f8842f6974d524967dfa563d914f4ab03d66aeba,0,1,0,2017-06-23 15:29:03,692,8089,3.8091,8781,47,4,3,857,101,62287.0668,156,47.4513,1391
2235,21ec86f0836e1157ddb7fbf1a0e3c527259461ab,0,1,1,2017-06-26 09:28:51,532,8778,2.067,9310,11,4,13,1377,10,52753.7247,142,62.8411,165
2614,cd45825958297a0da157f850c3c63e93dbadfb7a,0,0,1,2017-06-26 11:38:54,469,34,2.5,503,1,6,4,38,7,5587.8364,413,241.9677,1793
2236,d0cc2c178714987ba23998486651791d04a5beb1,0,1,0,2017-06-26 14:21:50,454,1522,4.3464,1976,1,17,2,127,119,69995.8681,14,142.469,1395
2256,b71154a734ea9f4489dffe1be6761efbb90cff41,0,1,0,2017-06-26 16:07:59,1435,775,4.8929,2210,53,26,3,0,0,26521.8606,1000,710.5,606
2238,1ceb89a979d560944e1099fa4700e46c09a79484,0,1,0,2017-06-27 12:27:16,1165,963,5.7979,2128,72,21,4,166,72,50121.4199,560,256.4625,2663
3214,e3bef55699c046cb57f826613d4f44dbec233c40,0,1,0,2017-06-27 12:38:53,457,0,1.736,457,5,4,1,32,14,54180.5019,2,575.0,116
2249,901a9caf4cf49b6cd2f18f0d6f04045312e96d84,0,1,0,2017-06-27 13:04:17,403,385,1.0552,788,13,9,4,785,124,70905.1986,737,221.9068,6308
2239,ed3b3266cdb4811ffb3539640c57354ae71adc24,0,0,0,2017-06-27 13:08:50,97,120,0.9095,217,1,2,2,68,10,26980.5618,434,225.7002,788
2243,7b23624066c46d58c7b7181e5576a9834af9ac7a,0,1,0,2017-06-27 16:29:44,0,854,3.0418,854,49,1,6,352,98,24724.6648,1000,710.5,524
2250,45aceb4d8d0e2f4b8af2fc04c0ff403e7fc001b6,0,0,0,2017-06-28 14:48:33,2814,50,0.0375,2864,50,1,6,10,5,66416.7987,1000,575.0,3033
2632,9ed9ea6ffdc4f16c1babd1300fe662f2b31d5106,0,0,0,2017-06-29 03:49:30,1512,127,1.7792,1639,7,26,2,733,111,21566.8509,75,710.5,3393
2747,2a3ab2bcb68fcb630181186bcce7532dd3bd87b8,0,0,0,2017-06-30 06:15:14,39,2388,0.0604,2427,87,1,10,1068,1,60387.0,31,20.6512,2713
2254,40cec17f4303b43bbf65d8be542f0646eada57e8,0,1,0,2017-07-02 15:14:21,255,302,3.8464,557,22,11,5,1377,16,50234.9211,41,40.1673,119
2255,41806ba681113187c561e8894cb7a4e933878647,0,0,0,2017-07-04 08:41:14,85,7302,1.0057,7387,1,2,2,18,5,66374.3249,158,58.29,756
2244,40dce2909e9a5c3d915bd8c27c3e59bc102e9a15,0,1,0,2017-07-04 13:01:18,188,150,1.0836,338,2,3,2,33,40,68320.7375,743,264.1286,5964
2253,3b9d518b391eaf515f56aac17008ab2eaac77d27,0,0,0,2017-07-04 14:39:02,1961,12,0.0969,1973,51,1,1,57,10,79678.0097,212,93.0075,840
2257,62e99918a45b7215c099fbcf160d45aa02d4559e,0,1,0,2017-07-04 15:45:53,493,8089,0.8731,8582,99,2,1,1130,134,63907.6461,147,51.3567,119
2242,748eba1b5363aeb9e64d379b9b25d5d997bec7ad,0,1,0,2017-07-04 21:15:52,578,8613,2.1165,9191,12,6,3,54,19,28922.7962,736,229.967,6382
2292,b1f37efb3b49ad73bf31d0bbf9b1337439de722c,0,1,0,2017-07-05 15:16:52,629,524,2.0129,1153,11,6,3,817,106,53460.1811,774,236.8477,6492
2259,10156c9fce46f1b2ac26332d5d51b7fd493c5c0c,0,0,0,2017-07-05 23:07:16,85,1618,1.3572,1703,5,4,2,937,11,56753.0406,781,236.6852,5889
2258,ba6c59e6d744958db7332f88ffdd46effc9ad400,0,1,0,2017-07-06 03:24:04,1855,93,3.0554,1948,15,13,2,3,11,47613.8035,11,9.3599,3475
2265,e08ebce906a0a8b05e728c8d3c275433f52788b9,0,1,1,2017-07-06 15:16:18,520,1618,2.071,2138,10,4,2,19,32,57969.4554,773,270.1121,6353
2260,9af8036f3d42e6f4c2180e254e35faa8777e0292,0,1,0,2017-07-06 15:16:54,68,6,0.0476,74,1,1,1,3,3,4809.0,744,262.139,6116
2261,a954ea113bc29a4480af579387c6e9b81bd76f85,0,1,0,2017-07-06 16:26:41,291,131,2.7014,422,1,7,5,58,43,16398.6205,681,345.9748,7332
2262,12efc553c6e1ee88f4234a41e2ac83ce65a2cc4c,0,0,0,2017-07-06 21:43:16,52,2240,1.753,2292,3,4,8,45,6,18942.6264,777,267.0185,6074
2267,e9751409033870658a12a8edb4cf11a84fd04e3d,0,1,0,2017-07-07 11:40:29,377,279,3.8425,656,21,6,4,45,57,70498.6664,802,293.384,512
2269,bef7484610dd206d7c749e32f5d91a0f67ef405a,0,0,0,2017-07-10 18:41:32,57,694,0.0962,751,2,14,6,15,12,12891.8147,13,9.5798,50
2279,4d7d847d07e8355b5c63d11e9683fca8398fcae1,0,0,0,2017-07-11 10:46:31,81,90,1.883,171,87,5,2,48,0,60272.4634,880,372.2374,1156
2272,89fd63599db7451af081040cdc05bd4dc840b44d,0,0,0,2017-07-11 11:01:25,2753,242,1.2378,2995,8,4,16,1130,2,62416.878,787,316.7838,233
2277,ba7ec5e191c2ad85bcae78c3563d736599cb7a83,0,0,0,2017-07-11 13:33:22,212,3319,1.8384,3531,3,3,8,47,0,37433.9984,394,82.9972,4
2312,40b8f1b85d859b5a6921e13da9e2f68d6d317ecf,0,0,0,2017-07-12 11:36:07,70,531,3.182,601,24,15,1,720,99,8716.6883,1000,59.4841,237
2274,c65afdbe6a711c8df0677c11285dc317dac3046e,0,0,0,2017-07-12 12:01:49,30,75,1.6379,105,3,3,1,27,7,9102.6685,154,48.9013,48
2278,d20728ba46977704827252ee5029bef9f949d5ab,0,1,0,2017-07-12 13:14:13,367,8,0.82,375,3,2,1,966,0,54828.2622,130,60.2711,130
2281,02850545e3143600c7265e737e278663e3264317,0,0,0,2017-07-13 09:07:28,25,54,1.7521,79,4,5,6,916,13,69368.6019,118,67.4014,81
2283,afb85f5f15bf734163b88c3558851f24f50da2f6,0,0,0,2017-07-14 08:29:06,27,72,2.7609,99,6,1,10,1068,2,57063.1138,79,29.8462,397
2280,8e975362312c727fd602429778bc1c3628b95619,0,0,0,2017-07-14 08:42:57,459,264,4.2785,723,31,4,2,9,17,59683.2878,91,38.7317,300
2298,8a43b9c0b7b0272cd5076f206d3b42d14396d9d6,0,0,0,2017-07-18 01:25:52,31,9,1.0306,40,2,2,1,13,11,81216.2103,11,7.8749,37
2299,68395cceb58f4936f33af269a73ae968b06e89cb,0,0,0,2017-07-18 08:35:54,2814,85,0.114,2899,50,1,1,29,9,67535.2712,373,169.9333,87
2302,e111d7730ec6032dc14579bd274e7822f7176e39,0,1,1,2017-07-18 09:57:46,260,224,1.3326,484,5,4,1,1130,12,60844.667,371,192.7558,64
2538,2b7d6d5bcbc895cdc8ed1ef72f639295d8817c78,0,0,0,2017-07-18 12:46:41,9591,24,0.0928,9615,79,41,8,17,6,53280.3418,448,197.8631,388
2300,65400bd0a0f6a3bdd3e0bad05e2179534eaf6e9e,0,1,0,2017-07-18 17:27:56,493,149,3.0207,642,13,5,1,142,28,42298.2711,1000,31.4429,3064
2306,5725e63309269a02d93046df5cca724eefb25e2d,0,0,0,2017-07-19 01:17:21,684,22,0.0696,706,2,2,2,868,16,81893.058,1000,31.5127,3033
2284,9beccec4501e84cf8c9fa5e8ee0a491afb39f4ac,0,0,1,2017-07-19 02:46:21,61,45,0.0959,106,76,1,17,1177,6,43567.941,11,4.8988,60
2275,58b53748293c160c28c7f9d08c3a0ad23152d34f,0,0,0,2017-07-19 06:24:27,2467,99,0.1442,2566,5,4,2,916,10,71983.6822,203,60.8832,324
2311,605319b550aeba5612b0e32fa193521081b7adc5,0,1,1,2017-07-19 08:24:52,21,53,1.3493,74,5,4,9,146,28,48594.3306,822,333.3431,6859
2303,e5afe563ad254ae0d5be300475b732f4b17a9770,0,1,0,2017-07-19 12:45:49,0,5083,3.9069,5083,1,1,1,9,2,1124.9894,476,202.8363,658
2304,3a503cd30b436b75a6b93a7a216d7b6d4de20a55,0,0,0,2017-07-20 09:44:08,56,33,5.2754,89,70,1,6,986,4,73152.8844,185,79.7626,3033
2310,8e367731019ee70e2f6dc1be21c80f51a2ef6a2b,0,0,0,2017-07-20 12:29:48,5613,48,1.6043,5661,3,3,2,25,13,46048.2925,15,23.6989,76
2316,53f2c1c25b7866bb494602f9e68c2b237b2cf2c4,0,0,0,2017-07-21 17:47:13,2182,59,3.8019,2241,15,2,11,49,15,28027.9923,74,89.5215,4393
2273,d80ba4d6f12658c55b164339ec5930397fd455e3,0,0,0,2017-07-23 12:58:36,24,14,0.0968,38,12,1,1,30,10,16653.8291,857,365.4946,6835
2291,788d9452d8541b3ec7a11cae5d9fa605c2626fc1,0,0,0,2017-07-23 23:19:17,6970,8778,5.8891,15748,80,44,13,1377,7,51956.7245,32,710.5,2844
2294,888fabe97cd15b6d92039a6f073cc92404d5b306,0,1,0,2017-07-24 07:00:16,123,1815,1.2067,1938,3,4,1,827,14,23744.5401,232,85.9419,461
2317,a4a4e0b9e5eff3d578fde7e2fca3e84661d84b40,0,0,0,2017-07-24 11:24:30,4779,93,5.2833,4872,2,4,3,1177,21,41343.0484,489,187.2637,2288
2308,0a7a83f8b01caba7978ade123204906877972834,0,0,0,2017-07-24 12:14:19,61,73,0.7504,134,3,5,7,827,10,22514.5024,490,191.7446,170
2319,91a4b276171afb760bfff9ccf30593e648e91dfb,0,1,1,2017-07-25 10:04:16,1097,491,2.959,1588,23,13,4,254,50,52211.3569,89,83.8491,1337
2305,b57330dc7685cfd0ef137c31b1521662bd993413,0,0,0,2017-07-25 11:00:33,64,1526,2.0749,1590,4,2,1,36,12,18654.3199,154,60.1771,989
2324,f29f80575dac1c7e59dd7074118953b8be26520f,0,1,0,2017-07-25 15:19:25,333,73,2.2426,406,6,7,3,7,13,32385.1401,852,362.3614,2587
2320,94559bae086e4285b24e6fc29bb89007cfa71a33,0,0,0,2017-07-26 11:08:46,138,322,2.3734,460,10,19,6,37,5,70250.3287,91,54.639,990
2295,6d3cffc17be5f4f5b586ef9fa1b2feb9204369dd,0,0,0,2017-07-27 02:35:52,44,3382,4.9358,3426,2,1,1,10,8,70326.1809,32,8.6821,3033
2323,0dd5d704dccb558379748a52ec64f13daae0d8aa,0,0,0,2017-07-27 11:56:13,869,2926,3.182,3795,24,15,1,8,16,9496.1487,196,103.8945,908
3003,c5b61063eebaaf46104e134a8536e2f660a3b429,0,1,1,2017-07-27 14:35:37,41,31,0.0322,72,1,1,1,871,3,81157.4839,180,82.1723,30
2321,f0d4a772f44e95b52d58284b85074cb04d2796ab,0,0,0,2017-07-27 16:31:13,42,33,0.0706,75,59,32,7,28,6,25235.211,144,107.7782,4335
2315,bd70a00019f2c9fc01653d0229308635529aad73,0,0,0,2017-07-28 06:53:39,6363,124,1.9655,6487,9,4,2,11,23,39759.7752,29,7.4722,3033
2314,1ded2d867d9c30f01395494adec3cbaa629bbb5a,0,1,0,2017-07-28 10:59:11,4307,146,2.9136,4453,10,8,5,987,23,16476.6763,240,92.3632,478
2325,738dbbe57b1476f4d24ba8863d021ece11a6f514,0,0,0,2017-07-28 12:16:10,3581,16,5.1282,3597,38,14,1,25,5,11002.4306,194,99.5498,113
2288,3407a44922289dc4ddb3ff87687b8766affeaad9,0,0,0,2017-07-28 12:18:09,3581,18,5.1282,3599,2,14,1,32,14,11294.3153,165,81.1931,3033
2328,d29bed38311f7a01d2241fbf8fa26eac7f012f53,0,0,0,2017-07-28 13:01:35,74,694,0.1277,768,38,14,6,1002,10,10569.2293,370,191.6759,624
2327,391e39bc7647625c7ea59b5c3ce2cf23e891c550,0,0,0,2017-07-31 04:58:28,36,1815,0.5137,1851,3,2,7,9,5,25303.4103,1000,710.5,57
2309,e3b27edfcc22c1157fa16a8f290636fc48bfe142,0,1,0,2017-07-31 11:35:24,253,140,2.2561,393,7,2,2,1068,4,57033.3984,36,22.4666,190
2334,648c1f595990655f9c866d0c9e8983e0b63a927a,0,0,0,2017-07-31 13:07:18,197,22,1.4746,219,2,37,1,21,9,44222.0473,765,257.2447,5853
2337,748448b5f02d73614242cc8488920a9cd8898974,0,0,0,2017-07-31 13:53:48,7,34,2.5,41,6,1,4,37,11,5065.7728,716,223.4304,71
2341,7e4694b8198664300b13b5304c62271b192d4512,0,1,0,2017-07-31 14:33:21,417,239,3.0418,656,12,5,3,152,43,41623.5211,732,229.664,6357
2335,4a9f19b9faa87de52ac1f078e53f26fd32efadad,0,0,0,2017-07-31 16:06:20,2182,2003,0.18,4185,68,34,1,1106,13,27159.12,726,215.9038,4393
2338,3b97784aef34a6598d9947b259f73f935dc90c9f,0,1,0,2017-07-31 16:47:22,288,97,2.8336,385,5,6,1,103,38,48082.4675,783,224.5726,5671
2322,9de270cb4dc89ddea3dde11e3215b0f68f47b420,0,0,0,2017-07-31 17:11:31,2062,1200,2.1993,3262,3,4,2,1082,141,36640.5493,737,227.4302,6485
2340,6d4981a431e1ad28dee3a2143477fa7d2696d5fd,0,0,0,2017-07-31 17:35:14,80,1,0.9101,81,3,2,8,1050,11,19194.5345,751,245.1292,6089
2348,7215f9d3eca9da7938f029995d71d4fd0d575724,0,0,0,2017-07-31 17:55:50,1361,26,0.8871,1387,2,24,1,7,15,19732.0712,762,255.5372,6022
2332,fcac882d243a5d2f0a5ed3ce54cba0e7263a112a,0,1,0,2017-07-31 18:11:30,39,31,2.1106,70,8,3,8,71,19,22333.5147,728,279.7617,5650
2347,f41eb4b1ea0112cce4b4edb4a25037fafa2aac23,0,0,0,2017-07-31 19:31:26,2753,331,2.3512,3084,10,3,2,38,13,62869.3816,782,275.0187,150
2336,a6c8953eb3ee9d5e4fa760e474b040b19ed8b97f,0,0,0,2017-07-31 19:38:28,30,33,0.3823,63,2,1,1,6,11,14058.149,746,268.9063,6162
2346,c4b84ccb39f5767a1d63ba599fe406d1cc04cffd,0,1,0,2017-07-31 19:47:43,204,152,0.1978,356,24,3,1,67,19,8979.1847,716,207.9222,6396
2342,d2a8e37415eb34ca9cb8b2d8c22a33aa99b494a6,0,0,0,2017-08-01 08:46:40,3017,1618,0.2214,4635,5,2,1,1,25,57840.3045,725,283.5653,6185
2343,cab490f89d35645a843c47ab09f5f188c8918b0a,0,1,0,2017-08-01 09:16:48,2573,75,2.3036,2648,9,3,1,72,19,71089.5842,773,271.6305,5686
2350,eddafc1ac9e4d787df44b63809f0d6dfd1f3def7,0,1,0,2017-08-01 09:33:48,871,1051,4.7807,1922,62,38,2,423,55,53861.2555,715,225.2452,14110
2364,8dfb9d00653271ea4adbeb752da8f62d7647b6d8,0,1,0,2017-08-01 12:58:03,962,30,0.0,992,82,1,1,671,73,40135.9855,623,325.5351,5050
2354,b7f96f79e7665f10880333d816d1694a227c5437,0,0,1,2017-08-01 16:11:27,593,7302,2.0696,7895,5,1,1,11,2,65535.7733,143,48.6407,50
2240,614c18dcd9b6424d87ea836e08ddf5a84cc53894,0,0,0,2017-08-02 09:08:20,5613,3829,1.9474,9442,9,6,4,39,7,45214.726,497,230.6151,1210
2360,a570aa5c0c7d9a18e6cdcb689dcad9ff173dc2ac,0,0,0,2017-08-02 14:40:13,133,26,1.0205,159,4,2,2,59,24,10841.9807,789,240.1994,425
2351,76f1022884fe7b291fe81028a29896fb5b5ca5c9,0,0,0,2017-08-02 14:58:50,120,59,1.9466,179,3,3,3,1243,8,37216.8379,15,8.2517,3033
2356,cd373efe7171d71c0797a30efa256c91ca7d2714,0,1,0,2017-08-03 09:27:12,54,7302,2.6997,7356,8,5,6,1020,11,66519.4667,159,43.0923,36
2352,14bcac7b92d9df36deca707f437177a7ce370c13,0,0,0,2017-08-03 09:35:26,1,5083,0.9414,5084,2,2,1,1022,8,518.4698,121,47.8478,148
2359,875a1369c2ecfd721e3797f59f7ae29e7c522840,0,0,0,2017-08-03 15:14:34,684,1275,0.9043,1959,2,5,2,28,107,83503.666,249,94.8277,76
2362,04777538c0a54c113d0f9b49b5922ba47f6e1eb8,0,0,0,2017-08-04 08:56:02,23,126,0.0745,149,1,1,1,1022,5,256.9852,158,64.5644,735
2353,d52ccd2941ff25c3c61146b25c52df1ddc09d8da,0,1,0,2017-08-04 22:28:15,357,76,2.5526,433,10,7,3,21,30,47248.7417,781,269.3966,6849
2366,dfaec337059cc59800d6c708d03a8194db487872,0,1,0,2017-08-06 15:56:41,568,238,3.2375,806,23,23,3,243,70,43686.463,815,273.4507,6519
2355,064a1e60c5310688c7fa8bc5d07ce5da512e076d,0,1,0,2017-08-07 09:31:17,634,22,2.8102,656,10,7,1,89,9,13487.9477,62,24.6558,352
2378,ff70cc3afd004aad4016f94485b95a3ced1639c9,0,0,0,2017-08-07 12:37:04,3581,293,0.4309,3874,38,2,6,717,98,10442.6499,853,175.5115,663
2358,e11a591956ba608308ccf81e13030291f150739b,0,1,0,2017-08-07 13:53:35,41,8,1.7973,49,6,4,5,25,14,15886.7102,146,44.2871,168
2357,278989c7f3ebaa095838a32b031b5fb8335ee228,0,0,0,2017-08-07 15:38:36,233,176,0.253,409,4,3,5,37,10,16106.8428,150,100.8333,955
2370,98ddbfd8e6b6b38f1d6e61b5652d942650b214e7,0,0,0,2017-08-07 16:12:28,25,74,3.9069,99,1,1,1,23,4,1987.5429,191,105.007,937
2375,d95d20eb45185151d731c9b41e9b1ac22cf81334,0,1,0,2017-08-08 12:43:47,684,761,3.2978,1445,29,20,2,771,1,25099.0012,813,211.133,5743
2246,f59de67d9bd440b40352fdea5ede7c709f991a9e,0,1,1,2017-08-09 07:57:56,136,50,0.8601,186,5,2,4,63,14,77872.7911,768,241.1918,5879
2363,68fdaa57e35b8ee30a262aad4d26926b18054c57,0,0,0,2017-08-09 12:54:16,126,1143,2.0858,1269,5,2,2,34,23,55451.297,1000,9.9104,3
2369,ff27e206b36a0cec4bb52b6a69ecd704aa237259,0,0,0,2017-08-09 14:26:08,1961,465,3.6595,2426,51,1,1,871,108,80138.1235,107,41.0575,84
2237,3b0321aee4a409658399b53d8ff77b872e61e42c,0,1,0,2017-08-09 21:11:16,2985,2012,0.0166,4997,1,1,6,986,2,74398.0811,29,17.7692,3
2197,268867ce620a2c12879749db2ecb68bbe129cad5,0,1,0,2017-08-10 05:29:13,1301,273,1.6053,1574,8,6,6,3,6,75169.3647,51,40.0531,366
2202,556ea8a71731218096f013c5b06af57fa6404560,0,0,0,2017-08-10 05:57:09,684,154,0.0808,838,11,1,2,868,6,81529.4653,254,56.634,54
2372,be196f705a65bc6d42bba04ee2df2f48fc469db6,0,0,0,2017-08-10 08:29:17,2651,2388,5.4776,5039,2,30,10,1068,3,58611.702,123,49.0797,2713
2390,ab1fbfdfe6c1f2b6885710f98b9480cb90396ac0,0,1,0,2017-08-10 08:56:12,1069,701,0.0,1770,73,9,3,531,81,75274.0083,890,127.3998,5372
2398,3c84f8b9b9fa36d6fbb2d340015ed151a9771e1f,0,1,0,2017-08-10 12:07:09,545,564,1.7212,1109,23,10,3,942,107,75087.9987,687,134.5167,5738
2664,5f97ac9281a443cd72b374c293e525ee5e9b4149,0,0,0,2017-08-10 15:28:00,23,1275,1.9183,1298,4,2,2,868,4,84473.7137,1000,22.6074,3033
2376,93369e79eb21f17791ddad4e03a18980be6eabfb,0,0,0,2017-08-11 07:53:46,2182,2003,0.4921,4185,4,1,11,1106,0,29385.9202,243,56.5061,282
2380,36412c6f640f1b20070461f3b25f1453c93d194d,0,0,0,2017-08-11 07:57:52,22,5083,0.0844,5105,1,1,1,1022,1,279.6421,197,83.2411,425
2374,79c17afa13cd3f6cbaa91d56e036530f53e7b54b,0,0,0,2017-08-14 06:18:52,360,182,2.5873,542,13,14,2,1033,17,47798.0828,27,710.5,3475
2373,d3cbba5ab4be498526ae028c2b3a5d5b8dfe4bbd,0,1,0,2017-08-14 06:30:47,194,618,0.9316,812,2,2,4,42,5,3792.103,9,25.2882,204
2377,98737f9a875f1899cb14b3dcef1bd2ac1c6530ba,0,1,0,2017-08-14 07:35:43,285,14,0.3147,299,1,3,8,15,6,56205.8171,212,69.4955,411
2368,9eeb5b21eb9595a26bfb975f952082cf81e314a1,0,0,0,2017-08-14 12:12:51,3581,14,0.0847,3595,2,14,1,25,107,11039.5521,501,190.2363,731
2386,a86b6468617f7078c375f6484975b59477aab193,0,1,0,2017-08-14 12:53:14,309,4441,3.4003,4750,33,26,8,299,73,32931.025,473,115.4076,1629
2384,775d7fed1ac8230c92997ead3c702004679614a4,0,1,0,2017-08-14 12:57:06,350,127,1.3969,477,3,3,2,1130,14,61940.1714,14,10.2228,41
2387,87e5b8be38455651f3cf6275d2fedb8a8ef52bc6,0,0,0,2017-08-14 13:09:39,2985,23,5.2754,3008,70,1,6,14,15,75773.1107,120,49.4026,132
2385,0cf7f7666a00dbe0d19d5078ef9f14cdb00ed17c,0,0,0,2017-08-14 13:47:04,3,193,3.0646,196,12,1,6,11,9,16199.986,772,261.1911,5883
2389,3e706b13ac63969b183998e8c7bc86b149fed448,0,1,0,2017-08-14 14:40:45,8,29,0.4416,37,2,2,4,1000,7,3339.7318,144,61.635,53
2392,59eab45458b3b1637ccbc5dafd326cc84ffb9655,0,1,0,2017-08-15 05:46:29,4779,91,2.3591,4870,5,5,2,1177,9,43786.4604,240,64.4944,345
2416,537a10ea2ff6a2d8507483c66f413f77884e77c4,0,1,0,2017-08-16 10:17:00,1325,1784,5.3669,3109,50,1,10,0,0,45042.675,1000,111.7831,425
2397,fb3bd1fceba6da362966491e55c3bf27566ede53,0,1,0,2017-08-16 12:36:13,730,2952,3.0797,3682,20,9,1,13,20,49860.5081,739,226.4933,6008
2396,bbac4a6c922199db08a5244d0fa1262a5f16d479,0,1,0,2017-08-16 21:30:24,1290,134,3.9468,1424,18,6,4,1068,28,59153.386,32,24.3079,150
2395,d0a150609b46cabfe7f5f0d760c465dcee5588fb,0,0,0,2017-08-17 10:04:09,324,79,1.3847,403,5,41,8,32,6,53283.1646,156,104.7076,817
2422,75e84e04f5a3e2766e331fd05ddb725fe9b00d99,0,1,0,2017-08-17 13:04:19,521,179,1.788,700,21,8,3,880,116,41845.023,731,276.0447,6429
2399,6a62f1455313ee8fae0ff79945da61fb67ec8edb,0,1,0,2017-08-17 13:25:33,362,8613,4.1313,8975,52,38,9,382,77,30387.6632,801,220.5693,6858
2394,3f4de57b1e2dfd532ed7b95805365eec340ebe64,0,1,0,2017-08-17 13:46:47,82,34,0.0332,116,1,5,1,11,4,83194.6805,125,50.4474,110
2402,32770103253e01cd61c8634378cfa1b26707e19a,0,1,0,2017-08-17 14:55:03,6,83,2.9485,89,11,1,2,135,35,7488.2027,831,335.0523,5258
2326,40656c5dfdab7c0a1a7794dfe3a5f661f6156c6f,0,1,0,2017-08-18 01:22:55,181,1526,2.4602,1707,14,8,3,89,24,21974.7688,34,710.5,3393
2407,312e0853483d1aa5ca182827890c570c44ca6a37,0,0,0,2017-08-18 06:43:34,8,11,2.5,19,1,1,1,22,7,4412.2531,5,7.2804,87
2264,98f6dea1e22df539fc75edab72a946eb04a88a23,0,0,0,2017-08-18 10:28:23,469,618,2.5,1087,1,6,4,22,1,4178.8681,188,77.7981,806
2400,c6243b8b1de6117623d3c4255f47f062d10c4602,0,1,0,2017-08-21 13:11:08,333,1618,2.5088,1951,15,9,2,937,11,56819.9633,737,268.4427,6336
2382,959d54fc828691759f15f2e83c0c123e9da6e782,0,1,0,2017-08-21 14:53:07,37,5083,0.1903,5120,2,2,1,13,7,605.1491,141,47.5116,122
2408,84bfec9d9b31f8664f5bdf52a901d12991e03e16,0,0,1,2017-08-21 15:20:30,12,13,3.0268,25,11,5,1,30,14,84007.144,160,92.2283,86
2410,1e2a63874f848fc97b4bceae54fb646c3b128f4f,0,0,0,2017-08-22 14:06:33,4,1275,0.0137,1279,1,5,1,868,5,83574.2855,140,60.5149,64
2412,1fc4a609761445ecf77c374ae9daec8a1ada2618,0,1,0,2017-08-22 14:33:05,118,95,0.304,213,5,2,3,16,19,6308.3195,775,265.811,6132
2449,492dd8eb41907011a30334bf85c62d74325e8fc6,0,0,0,2017-08-22 14:42:22,53,181,2.5,234,6,6,1,698,0,2264.0,445,101.5622,117
2420,fa0b463aec269702266596e946db14b2f69e33ea,0,0,0,2017-08-22 14:44:22,50,1526,0.1833,1576,43,2,1,1021,3,21589.3889,421,158.322,741
2409,d5866ad59006e20821a7780aa86efa8bdfe881a2,0,0,0,2017-08-22 14:46:20,68,149,4.9874,217,3,31,1,33,10,65885.1281,371,193.9795,151
2414,712db79b2630ba61023a11f929e2d47b83dcef0b,0,0,0,2017-08-22 14:50:18,684,1275,3.0268,1959,1,1,1,35,7,81895.5788,403,196.7525,285
2417,5bdcf9b288026ace49fb43de6eada702f2fe9f26,0,0,0,2017-08-22 14:51:53,23,2926,0.0538,2949,24,1,1,28,5,8775.6672,402,170.3558,3033
2421,f5d3c722ecb167b6e75e75f95df5f04673fbb2a5,0,0,0,2017-08-22 14:52:28,119,86,0.3956,205,3,36,1,1177,5,44129.3198,361,170.7816,1147
2413,23f3fded80f512d545eaf56495b3a8d060053672,0,0,0,2017-08-22 14:54:33,18,12,0.0286,30,6,6,1,27,11,5416.7899,362,197.1372,76
2404,450b4241404055ed6638e354be421b83380827c5,0,0,0,2017-08-23 02:30:31,93,2012,0.659,2105,3,2,2,41,15,74663.832,26,23.6163,65
2367,1fc0b6413c74eff0ace25f4329451e35e84849b5,0,1,0,2017-08-23 09:45:05,1980,214,4.3066,2194,29,10,1,1068,19,57946.8269,35,575.0,2713
2206,fcdd56e548ddd1bd7475970bdc5718b7b18d9803,0,0,0,2017-08-23 10:04:28,2985,142,0.2464,3127,3,2,1,17,5,74939.6947,192,94.9906,812
2383,1804aa33d0996810ad35bfa4dd526c86a1e12828,0,1,0,2017-08-23 15:08:55,2080,281,3.8032,2361,23,5,1,1128,5,48310.4015,802,213.9613,5441
2424,dccdba199a8fbb8b5186f0952410c1b1b3dff14f,0,1,0,2017-08-24 00:54:10,440,106,3.1058,546,17,13,3,46,19,38805.7864,33,15.2041,3033
3260,867c0124e2959ea3c90dab13cc12ba43c2eb0f64,0,1,0,2017-08-24 11:16:14,2467,41,1.0552,2508,3,19,6,52,14,71933.6575,150,64.0605,38
3258,a1578710a8aa4c2cc862ae9ed3cf807133273d67,0,1,0,2017-08-24 11:24:15,129,28,1.5233,157,2,2,1,8,28,76656.9073,770,270.6581,5843
2439,7f1c23317453859ce3b136b6e13f698d3fee34a1,0,1,0,2017-08-24 12:22:26,318,311,3.9421,629,17,12,5,105,28,46850.6111,428,147.9784,1360
3265,e70de0eb8f2f2a89cf74aa4bc6d1501e07e22d43,0,1,0,2017-08-24 13:11:00,597,166,4.1063,763,32,13,3,164,38,28907.4879,736,282.8387,5643
2388,0f3de89af4ef4f570e125b0d50110bfa5d0ce80b,0,1,1,2017-08-24 13:29:47,3248,206,2.1638,3454,8,5,1,68,20,24510.9526,777,263.6002,6140
2434,56017a98fa61fdfae1c8dadd90a378ffdb3fea72,0,1,0,2017-08-24 13:59:24,324,109,1.5631,433,5,6,3,130,53,35698.7195,1000,710.5,2713
2438,dcc35f29579686c2be75bdbdcfdf2db88b4d057c,0,0,0,2017-08-24 14:49:46,3581,694,5.1282,4275,1,2,6,1002,10,10086.5,160,96.7666,956
2418,f1c4eb6b65c4a7c310c325e3dd3f59e89337b3ff,0,0,0,2017-08-24 15:14:38,68,2926,0.0655,2994,1,15,5,39,4,9135.5817,149,81.1768,897
2468,ba03b78c7703fb372e955f759aa6b70b5f444de9,0,1,0,2017-08-24 15:26:22,494,632,3.589,1126,25,11,3,962,1,18847.9292,705,288.1325,7158
2436,2c734508d7b6a034748e7d60f2f2075cddf156d8,0,1,0,2017-08-25 07:47:12,140,3382,4.9358,3522,62,19,6,7,3,70235.2889,124,53.1577,142
2665,37156043687a05519f42ca6f02265803d3b03761,0,0,0,2017-08-25 07:49:44,82,2388,5.4776,2470,87,2,1,1068,8,58385.1113,212,69.8027,798
2442,bafddd7985271bea2557b57bab9ca1cc457124fa,0,1,0,2017-08-25 09:46:04,13,43,2.9973,56,16,5,16,32,3,50953.0333,738,224.4088,5869
2423,d7cea586ec60f89ed06baf7ab95ebcf54f42a537,0,1,0,2017-08-25 10:15:38,104,5,1.0012,109,1,3,2,12,10,2072.4904,827,192.6306,6396
2440,79b916c730455340c193550738fb66af9f70fd85,0,0,0,2017-08-25 11:59:36,41,3382,4.9358,3423,62,1,6,17,4,71394.2714,152,41.0637,364
2441,f1b2b83d639658907bbc521f967e2673c4c866a1,0,0,0,2017-08-25 13:23:15,207,7302,0.9372,7509,3,2,1,24,10,65994.2481,121,48.5953,269
2430,64e8de97d02a747da52a3e69472147b64fd2dd91,0,1,1,2017-08-26 10:40:22,385,278,0.3896,663,6,2,16,69,28,71324.4081,743,230.2111,6166
2443,dcce0b7631bf65ea66dbe0d64b368c7143815f9e,0,0,0,2017-08-28 14:46:04,134,132,1.5973,266,5,4,1,29,7,32199.6908,433,191.0978,1794
2446,a6905df09098caf6c2b3c11e164132784801d815,0,0,0,2017-08-28 15:26:01,184,43,0.5996,227,4,1,6,1002,5,11250.2469,433,186.3353,1530
1618,758336553248d2414a88b071ebd5748c1c32d282,0,0,0,2017-08-29 09:49:47,27,5083,3.9069,5110,2,1,1,39,8,2126.3941,153,106.5811,772
2419,ec9e6e4de29dd641e272ba93b2925c3e7888d538,0,0,0,2017-08-29 12:08:24,880,174,3.9069,1054,2,1,1,51,23,1602.3528,407,208.4394,3033
2437,6886f638d70419e01ebdfc1cdbb6d834f3fb30b0,0,1,1,2017-08-29 13:53:16,185,167,1.258,352,6,6,2,30,14,43003.911,375,173.4576,2164
2431,e285a4143aa86ef82690ed93db17a549ab83ff12,0,0,0,2017-08-29 14:09:30,105,62,3.0268,167,11,5,2,20,4,86277.0,195,67.6739,944
2447,175e1b3871b13fee3e423aef87cb45ceed409783,0,1,0,2017-08-29 16:24:00,554,196,2.6628,750,23,10,2,112,34,16932.4282,223,47.1062,762
2427,0214e80033b42eb2ff8106a9d18fcf71713e66d1,0,0,1,2017-08-30 02:51:14,5613,3829,5.6438,9442,2,1,1,6,9,48015.7816,22,8.1951,28
2426,041b72c8085c6a173ed49aca677c620485800cf8,0,1,1,2017-08-30 09:54:54,76,694,1.658,770,3,3,1,1002,12,13472.2335,1000,575.0,49
1619,09eb13a80ba8f7f59b92c4d026ae819c7fb64c42,0,0,0,2017-08-30 10:20:08,198,2465,5.2833,2663,3,2,1,45,133,44213.8426,493,182.9155,1560
2445,427dfe42e2bea891b40e662bc97cdea57cdae3f5,0,0,0,2017-08-30 11:30:52,18,0,3.9744,18,30,16,16,1051,16,33005.9247,23,22.1752,3632
2216,705ba2e88632c1ca909cd5b8ebd646ba299c994e,0,0,0,2017-08-31 10:46:01,138,144,2.1045,282,3,7,2,758,101,22664.5685,96,134.8158,624
2477,73a2443d467d872cdf354ed47bbf51ae816ba61e,0,0,0,2017-08-31 14:38:31,4307,2648,0.4269,6955,40,18,1,868,98,17323.5624,1000,710.5,249
2452,0073204b257860ad104cde29d3795b3c633f4759,0,0,0,2017-09-04 10:30:41,642,210,1.9667,852,10,5,2,966,4,55046.1512,118,42.0165,287
2454,769ce2a07424712d62b6ead87c10aee08d85c216,0,1,0,2017-09-04 14:42:24,441,277,1.3208,718,84,3,1,35,15,47414.4269,742,268.7113,5646
2456,4b6f05585bb548d1538ada43ed33149acbc9e6d4,0,0,1,2017-09-04 15:21:52,4307,58,1.5057,4365,4,2,2,6,11,14172.0296,199,76.6468,1045
2460,06d8e83009628a325e012635339b7e0b2821ddea,0,0,0,2017-09-05 10:52:10,18,618,0.8922,636,2,1,1,32,13,2945.9738,432,190.9421,1583
2455,ad4c41532ac22a0accf82c7ea9427aed9b71aaf4,0,0,0,2017-09-05 11:07:16,4307,129,0.8386,4436,5,4,5,49,14,16929.5834,416,237.8211,1788
2435,c0199f5d181a8d249201004f6ec6f897f9b799c4,0,1,0,2017-09-06 15:09:13,484,243,2.2982,727,7,7,3,71,32,61553.9533,25,575.0,3558
1623,6f46d6db182fa768417ac1397c0abe3f30da1942,0,1,0,2017-09-07 02:39:39,98,3382,1.8025,3480,6,2,2,21,8,71741.356,36,7.1138,3033
2458,6c1a946562ec8ac4825b871aefdec040cc02aaf2,0,0,1,2017-09-07 21:36:28,8,8,2.5,16,1,1,4,1000,9,3697.2223,39,29.2913,67
2467,01b30515cd2a09ac228dd53e9905932f2eadd1f7,0,0,0,2017-09-09 07:40:08,4307,57,0.06,4364,40,18,5,987,6,17080.0701,30,710.5,3360
2428,41e5a8338c3ce077ac7d98e97247b54f8f175ff5,0,0,0,2017-09-12 04:26:08,51,78,1.5186,129,2,2,2,70,31,62099.0043,12,575.0,3558
2464,6612c0e13f2181ce9d4efee3606d487b27cf1545,0,0,0,2017-09-14 06:42:34,3581,694,5.1282,4275,2,1,1,1002,5,10356.8106,1000,575.0,3033
2469,3ff059299b7ad27d005fb4e0a89689c72eeb5c0e,0,1,0,2017-09-14 10:39:30,190,46,2.4248,236,8,5,2,41,19,20852.3317,147,45.4542,273
2466,1269f75ee86f9c3c5dfcd0c05ee39c974bd73fa5,0,0,0,2017-09-14 16:01:53,8898,2113,0.051,11011,2,2,1,20,16,33908.5671,1000,710.5,75
2393,a66315a5cc52a2596e76f09641867be6ce22242c,0,0,0,2017-09-17 05:45:02,5665,4441,1.2743,10106,2,3,2,1051,12,29576.2432,25,2.017,56
2450,b23c37eef04ee00b93eeebc2c70b7740caf303cb,0,1,1,2017-09-18 21:22:37,17,19,0.9005,36,2,2,8,25,11,20137.9974,755,245.8889,6043
2453,25e9f83c4ba522b111e2d661ae7715ad9a46f38b,0,1,0,2017-09-19 22:46:25,3,2,3.7481,5,1,11,1,37,20,6523.7949,762,247.0795,5931
2471,9b0ba7ba3fdcf63c8ba21545772fbb950383026e,0,1,1,2017-09-20 10:04:58,6,25,1.0671,31,4,2,1,36,2,74030.8311,742,267.0536,6112
2481,84a07a34ac22af14f2dd0319447ca5f45de6d0bb,0,1,0,2017-09-20 10:05:25,1539,2247,0.0,3786,1,32,5,649,90,45000.4468,265,178.3508,675
2474,174ea06cc6b19c1d88ead2470b5a05cbd54baf6c,0,1,0,2017-09-20 12:52:56,68,1815,1.1737,1883,4,3,7,23,7,25098.89,491,199.2477,1740
2470,629953306ba0fe879bfd035911ca26b5275f3a25,0,0,0,2017-09-20 12:58:42,1961,8,0.0793,1969,51,1,1,871,0,77689.0783,497,195.87,1744
2476,2b0008c50d27640e5a8a8be491528f4c248fdf32,0,0,0,2017-09-20 16:51:27,79,1815,2.6764,1894,4,5,2,39,18,24647.5425,186,92.8288,78
2482,4ba3eecd8f1111c39af3f1949827b3d73addec77,0,0,0,2017-09-20 17:07:11,69,108,1.402,177,5,1,7,827,127,24988.5172,239,63.1818,263
2478,6c315be0928a0ffc214e60d6d9240e79db055a0c,0,0,0,2017-09-21 06:07:38,30,2012,0.9701,2042,3,2,6,986,9,73726.3186,3,24.365,3033
2483,bd0841e7b8febb7a78f119db3193e81b96fcd84b,0,0,0,2017-09-21 06:38:52,2814,218,2.2972,3032,6,3,2,1020,10,65582.3405,27,29.3119,118
2480,891f359d710146acf3d05cd2af3bb430a8fbc99b,0,0,0,2017-09-21 08:28:16,93,58,2.0941,151,4,3,1,21,11,45318.0073,44,1.2854,292
2484,2eaf92b1f0a0d965c14b65755d25f1a8167de023,0,0,0,2017-09-21 11:44:33,3581,694,0.1426,4275,38,14,6,45,0,13425.6465,409,165.8148,970
2488,9a97dcdff6c7d383c3bb9c9aa7b83bde7ea5fd64,0,1,1,2017-09-21 16:14:45,197,213,2.0367,410,4,4,2,41,9,32560.3766,742,263.1366,6208
2490,ff417e762032b100a74a6e9ee215618f4ac9db3e,0,1,0,2017-09-22 23:10:56,442,369,0.1751,811,2,2,4,45,15,5284.8572,83,61.0425,277
2489,cb615f1bcf6f5a59543011b5fbdb3c6aa25d2e20,0,0,0,2017-09-24 08:26:39,37,2012,1.139,2049,5,3,6,986,2,72960.2655,354,157.949,2128
2499,68a99d7ab7ff10c3c0b6cd19babedbfdbfc31354,0,0,0,2017-09-25 08:59:39,9591,531,0.3031,10122,4,41,1,855,104,56426.6236,345,208.3602,299
2520,aae417f113d0f9db3ac3b4cbadd378134f30b440,0,1,0,2017-09-25 13:29:59,1348,462,3.4826,1810,67,14,6,982,135,50787.9079,718,285.092,7366
2429,1ebd44a634fe5053c89acf7092571a6b169f11b9,0,0,0,2017-09-25 13:49:44,153,2012,5.2754,2165,3,2,1,43,4,73577.9361,428,203.6073,1871
2379,142bde0e8410224de821cefe3876afb8bc6aaf1a,0,0,0,2017-09-26 07:06:30,2784,299,0.2896,3083,7,22,2,0,0,64147.2892,841,323.0906,6778
1959,93456ff7c51a7184c385ce0326a8e190ecc9348b,0,0,0,2017-09-27 09:37:09,1961,7,3.6595,1968,3,1,4,36,8,78981.7821,417,200.5179,185
2493,8706c6f445fc92159d15f610500d4ae5d2c49757,0,1,0,2017-09-27 10:24:15,293,6,2.5971,299,10,7,1,55,11,29917.8622,41,18.2706,320
1961,c6918564f7c40730791b9d35d3703e3ba9fee385,0,0,0,2017-09-27 10:53:08,30,7,3.6595,37,51,1,1,1,5,77825.0746,370,192.7548,185
2492,ce0f83e20ace522441b293f8bd82062d1adeee0e,0,0,0,2017-09-27 11:01:55,2753,188,6.2875,2941,3,2,16,21,5,63479.0339,369,192.4159,272
1622,517b3f87214168a445b5751cda210ecf3a292fd6,0,1,0,2017-09-27 13:10:52,4153,1665,5.1963,5818,1,1,7,627,105,39860.0352,23,452.5167,985
1960,861c57cb10a3ccc862ec068869582bc1551feaa5,0,1,1,2017-09-27 15:11:28,188,74,2.6583,262,11,6,6,17,12,71235.0323,83,39.6188,585
1958,f85bbf309ab95bbbea38d03094b74682f5dbc63a,0,0,0,2017-09-27 22:30:02,9591,1143,1.5899,10734,5,41,8,13,116,55834.7743,41,28.5868,3033
2485,4debc6033cc2099b763d7fef86829b9f6734d91a,0,1,1,2017-09-27 22:57:12,23,2240,5.0588,2263,51,24,1,1050,6,20510.911,767,243.0014,6076
1965,426137f5100d213c9c9c2f05c81f63f1f52ed33e,0,0,0,2017-09-28 08:25:58,226,187,0.002,413,6,38,2,27,8,46450.4702,502,187.9719,1568
2497,9a3621b842d2bf6b76e394f1412dd27475180ac2,0,0,0,2017-09-28 12:53:24,17,1275,3.0268,1292,11,5,1,868,4,82879.0922,402,171.1836,170
1962,f9b79662ef575580a841af36747618a29a3955d9,0,0,0,2017-09-28 14:49:22,82,31,0.8643,113,1,2,1,20,3,21419.3534,210,86.7151,209
1964,152f6c9aff44c62744d2294b220664efc14acec9,0,0,0,2017-09-28 14:59:09,7,3,2.5,10,6,6,4,16,9,3988.7116,126,52.0296,83
1625,1752fdb339df4e4d0a5063b24c460abdc0a44264,0,1,0,2017-09-28 15:39:26,536,17,2.2142,553,10,3,7,56,13,23762.8425,48,1.2846,166
1968,ea86a537e6db1606241c0b8afe03c0754176c85e,0,0,0,2017-09-29 09:16:22,161,266,0.2578,427,1,2,1,19,4,66464.9648,203,67.6435,122
1971,ac82becd21b7766c18d16abfc7e08334c644507e,0,1,0,2017-09-29 13:09:06,1065,92,1.5627,1157,6,4,1,33,10,58426.1514,725,274.3412,5843
1969,3581a3350892a5c584a617d1b66cffdada4e17dd,0,0,0,2017-09-29 16:23:29,3581,694,0.8045,4275,3,2,2,87,39,10784.7106,121,66.5292,69
1647,a9fdbc4be2a7b2c10d524f92927534a15edf9b3e,0,1,0,2017-09-30 06:36:19,955,1131,3.2275,2086,35,9,3,785,102,59079.3298,1000,575.0,479
2491,c3472b95e54106658d247e7f4bf3b4ea6e2435f6,0,0,1,2017-10-02 10:28:10,50,618,2.5,668,1,1,4,1000,107,4403.4339,430,211.64,1911
2496,5f1ec4af5d8065b503f682afcafdb6d7febb686c,0,0,0,2017-10-02 12:15:14,189,2465,0.1763,2654,76,36,17,30,7,44451.1722,870,360.3517,2273
1970,a5ef09bb601cdd77fcb94e9ce633fdf979031aaf,0,0,0,2017-10-02 14:30:07,184,3962,0.9938,4146,84,1,1,77,24,51096.395,260,326.7741,8793
1972,0a286d0ff98afa68034daff4634f526eaaf97897,0,1,0,2017-10-02 17:39:38,1286,537,3.1993,1823,32,9,2,27,18,52584.7331,728,221.6265,5968
1977,4947ee669fe267e3f71853cd14228b350cf10ac8,0,0,0,2017-10-02 20:29:12,116,70,2.2647,186,12,4,1,73,28,34612.1923,771,264.2635,6098
1974,9829ca00dff201879724847b498fe0432219cb53,0,1,0,2017-10-03 17:07:49,312,2926,1.9752,3238,4,4,1,989,4,7323.9438,1000,575.0,3033
1981,bc4638a3c96049de3ef615159cf83bbd88019575,0,1,0,2017-10-04 12:41:54,1081,119,3.6289,1200,39,15,2,52,3,61047.1022,705,206.9463,5878
1982,bad3df54d20677157f48c3ee1f3251d2c4bce8ba,0,1,0,2017-10-05 09:26:13,34,22,0.6296,56,6,3,2,1128,15,46319.4713,818,357.9833,7013
2007,f48f5340a871ac58a649766e434218b67e9322ac,0,1,0,2017-10-05 13:16:23,2335,2086,5.4436,4421,38,23,2,808,103,61655.4827,1000,575.0,724
2318,a1d48317964df584c66d2cc9d7f539d31fa3d713,0,1,0,2017-10-05 13:18:58,725,174,2.1571,899,13,5,2,22,33,28863.674,201,70.6662,1032
2004,9a2ba6e058e907aef65e0af8731ca5ec8733712e,0,1,1,2017-10-05 15:44:35,3877,1263,3.5698,5140,43,24,6,731,128,43074.0249,495,38.0764,281
2012,77e3701ca1f8bfab33a07f11992955eb131126c3,0,1,0,2017-10-05 16:12:21,1822,428,4.5813,2250,41,27,8,0,113,55192.3721,260,315.9671,10128
1987,59e3b014fef2015c497396d66fb00f2408f182b6,0,1,0,2017-10-05 21:54:08,591,198,1.5356,789,6,6,3,20,23,63236.0567,1000,575.0,3558
1989,7a9df74eaff94601abf1caf974eb88d347d34cfe,0,1,0,2017-10-06 10:02:54,1198,768,3.3575,1966,29,22,5,499,90,64890.606,274,13.1082,1368
1990,5338f856b42422189246130cc245754162fa9913,0,1,0,2017-10-06 10:08:47,314,3,2.4276,317,21,8,3,986,22,73539.9993,1000,51.5902,503
1991,5a5006ceb8d19bc0f3cc490451a18b8fc21197cb,0,1,0,2017-10-06 12:33:43,6970,692,2.698,7662,10,12,9,363,61,50405.0426,457,138.6873,1533
1992,991af3652479f85f732cbbade46bed7df1c5d819,0,1,0,2017-10-06 15:41:00,1839,554,3.7367,2393,23,18,3,123,29,66797.1625,753,313.3335,418
1628,ed14135b36704e779614f72e5955e476fee0cca0,0,1,1,2017-10-08 07:06:17,2651,2388,2.5251,5039,15,13,5,65,43,59523.3976,1000,575.0,64
1988,904c95104d70f483bc79f98a35b64ec46c7f6a80,0,0,0,2017-10-08 22:57:51,1512,1526,2.0884,3038,6,4,2,1021,7,21041.7129,52,4.6576,118
1996,593ce53f57412b714cd16c5b677dc4726c0b5eff,0,0,0,2017-10-09 11:06:06,92,3382,0.5202,3474,2,2,1,6,4,68849.3138,492,219.4976,220
1995,7697a3254d9aa58057c6b10270d20ba142f9d775,0,0,0,2017-10-09 16:09:36,233,2465,2.619,2698,5,5,2,18,15,42538.7302,448,189.1839,1750
1999,ccf917de23ac94b032da11fb536d778f0566792f,0,0,0,2017-10-10 05:31:17,58,41,4.6287,99,2,2,1,49,8,24891.905,8,30.4366,64
1993,c4430e67feae169f28407be6f292715be018da84,0,0,0,2017-10-10 11:22:59,69,55,0.0876,124,11,5,2,868,4,85482.4727,501,188.7389,227
1985,90eb902830749ab30e85c5c3484c0f3e65321e18,0,0,0,2017-10-10 11:23:21,54,3382,0.063,3436,62,1,6,14,9,69321.8267,445,196.0231,110
2361,a803dc7e798461ed02f26cf437eee7a644b58cbc,0,0,0,2017-10-10 13:54:11,2651,117,0.2536,2768,87,2,1,1068,10,59887.2437,338,197.491,2090
2000,b2cac3a2a3dbc2bf0206f9fcdd8bc7ccc95a9486,0,0,0,2017-10-10 14:27:05,1961,11,3.6595,1972,2,18,4,48,11,79943.7038,54,23.8262,63
1978,abc3e1c888ceee941d557381a8cb8a7df8af2058,0,1,0,2017-10-10 14:40:57,1935,278,3.4459,2213,19,7,5,55,19,43655.0407,68,11.2287,487
1624,ed58c34e9859e735c3fb542a8ebc577655d9aa46,0,0,0,2017-10-10 15:24:21,29,114,0.0512,143,6,1,1,23,8,2585.7604,161,77.398,261
2005,e0b98969ee4cd16b6667a416c0c2ffb60132fb12,0,1,1,2017-10-10 16:39:40,246,8613,2.3571,8859,7,7,3,81,32,28699.0279,775,264.7891,6158
2010,bee8c995404cffc53e95800b77a3eb55355d08a5,0,0,0,2017-10-10 22:16:31,49,1299,0.1254,1348,3,2,11,29,22,43857.3243,749,240.7352,5892
2009,a9c13c7d90253cc59749c20e6ee6e7f790cb598a,0,0,1,2017-10-11 11:43:40,30,1275,3.0268,1305,1,5,1,868,107,81776.1633,522,193.2405,1793
2013,e2ae45b48345cf56501530e101f3c8523448ab79,0,0,1,2017-10-11 11:47:38,9591,1143,0.2856,10734,3,2,1,34,116,53220.874,424,194.9573,1557
2002,a76de2860d2ee78e673c97fba3394f099389ad75,0,1,0,2017-10-11 11:58:59,8898,28,0.8801,8926,1,2,1,21,11,36807.5746,483,219.5818,124
1979,7b99670053a1c76bb3134829e456037d42af5029,0,0,0,2017-10-11 12:28:42,3017,48,4.5011,3065,75,2,1,58,134,57790.1785,783,235.5085,5728
2014,e14f2dbddbf1b4c4dc29cf20e47b6b04c5876109,0,0,0,2017-10-11 13:13:00,60,47,3.6595,107,51,18,4,34,12,80449.9024,504,237.046,1517
2017,660a45ca1a67ade234652482e8e41c79ab674d3d,0,1,0,2017-10-11 16:08:03,29,122,3.8378,151,25,12,11,321,45,43838.7452,805,273.1789,6175
2011,def87816f376740902f0944a6aa5791a0a937e89,0,1,0,2017-10-11 22:40:17,854,143,3.7164,997,16,12,1,154,46,19568.0555,812,217.8254,6684
2015,3039df8099bc8d42b645d69deb360c884c94b83b,0,1,1,2017-10-11 23:17:23,121,143,3.068,264,10,8,2,295,57,34508.0922,739,231.9983,6156
2003,ff9cefb36c70a9b6c55f607fc2b56644c57f7057,0,0,0,2017-10-12 13:20:32,166,204,1.6985,370,6,4,6,54,15,34052.445,60,22.2839,6
1984,e7a2f57eec05f47c94339e03865d09943acf5aaf,0,1,0,2017-10-13 07:19:51,186,147,1.7454,333,5,3,1,31,12,59647.5269,775,241.4555,5897
2019,47282af56697aca38a5159044b147bdeaa811a84,0,0,0,2017-10-13 10:15:04,9591,30,6.2622,9621,79,2,8,966,0,54370.8189,812,361.4119,2541
2008,90be5774e481af87355b9f475562180923039a93,0,0,0,2017-10-13 11:11:42,5613,3829,1.0382,9442,1,2,3,1033,6,48030.5588,366,200.1846,1561
2016,ac5f5b551ab560261a50065b23022255201734b8,0,0,0,2017-10-13 14:32:56,3248,129,2.9278,3377,10,6,2,50,12,26357.6365,748,243.8197,6113
2024,d0d68d9587a88c03ab5fa3f2db4804fbb548813a,0,0,0,2017-10-15 18:54:01,1759,94,0.2048,1853,59,32,1,59,18,22936.4951,799,311.0696,1509
2048,c73b2fe1f93f9ff2f05eb9130051729320634448,0,1,1,2017-10-16 12:04:13,524,713,2.6244,1237,21,2,3,907,131,40643.7911,802,224.4253,6673
2020,d9c669d4781f095806013651c1a579eae0ca2650,0,0,0,2017-10-16 14:18:23,8898,2113,0.9035,11011,2,2,6,1041,4,37153.4,29,18.7742,177
2026,f622de3ecbc2ae17f2d15fe46828c48747c2b6ae,0,1,1,2017-10-16 14:53:14,270,183,2.2049,453,13,4,1,25,5,52463.2237,125,66.9818,278
2022,5231c9300c26895118b3277bc833536e92dcc6d1,0,1,1,2017-10-17 08:57:37,289,81,1.1006,370,4,3,6,212,35,75049.5788,1000,31.3425,72
1986,9772e03d725e607495f5602f716609e3e7f9b248,0,1,1,2017-10-17 10:12:06,17,7302,4.9874,7319,1,31,1,14,5,65056.6171,15,12.745,116
2018,33497024852c521472c40040cc023526426835af,0,0,0,2017-10-17 11:39:07,96,40,0.4317,136,3,2,1,55,14,46801.7622,20,3.1449,99
2023,fdf684427165e8068d4229a340b8e03548e022ef,0,1,0,2017-10-17 15:02:30,1029,64,3.5039,1093,20,7,1,101,27,33655.7367,737,232.0403,5814
2297,cb528a114b4f4bac04620f0dd6aeead773de0d0e,0,1,0,2017-10-18 03:39:49,480,3829,2.3739,4309,7,4,12,6,4,46195.5807,23,7.0415,68
2252,614cc58a193ce9adc4c8461a7b94ed091e930083,0,1,0,2017-10-18 11:33:19,5613,47,2.8346,5660,8,1,12,12,134,48841.6975,61,36.8791,261
2028,240542f701e06b28a35faaa7e6200183cfdfa455,0,0,0,2017-10-18 11:57:22,1512,24,0.1384,1536,2,2,1,1021,1,18170.0,1000,710.5,43
2059,2ad8f7eb5690755e2a9e7e93181cd34e1093f23a,0,1,0,2017-10-18 13:28:41,1250,197,2.6018,1447,21,13,2,786,107,56339.9183,131,90.6813,494
2034,5bebef1da4a6dbcbda49ce44e148b1dfc36c273f,0,1,0,2017-10-18 14:01:38,111,46,0.5567,157,2,1,1,51,13,21214.0746,147,66.8374,34
2038,61c26295881d737c22f17f1a9d15d8c4475f2085,0,0,0,2017-10-18 14:23:44,3581,14,0.8313,3595,3,2,2,1002,9,12267.6607,434,193.737,576
2039,6c79afaa668d22e1192dc655e54cc3502e33bc89,0,0,0,2017-10-18 14:54:44,193,185,0.1291,378,3,3,12,70,8,27620.1656,737,265.1042,6356
2037,4379d0da68f04654ed40cf312b0a6c6f4739f907,0,0,0,2017-10-18 15:18:19,77,116,0.1605,193,3,2,5,19,17,6585.169,121,51.5431,38
2041,142ff78c3851e9393d9c4d5ef1c65798c3dbdd21,0,1,1,2017-10-19 11:51:55,17,22,4.9874,39,50,1,6,6,3,65522.5867,13,11.9657,138
2042,7c63526ad6f27c6f15625b8b6c48359d9532890b,0,1,0,2017-10-20 08:59:45,979,2113,2.6532,3092,10,8,4,197,50,33692.405,177,90.3326,1028
2035,073b82c856c0897679d46576ec902c4e5e3a5e32,0,1,1,2017-10-20 09:05:25,364,108,0.9344,472,5,4,3,38,14,14348.8618,252,55.7069,782
2046,bf5ef62a43879d070ff54ebf09cecd2576e63928,0,0,0,2017-10-20 09:06:36,880,5083,0.0472,5963,2,1,1,30,2,97.5644,250,57.8494,451
2457,12b7fc1109f85561fdbdf93c4655a656b29e8f03,0,0,0,2017-10-20 09:11:00,28,52,0.6794,80,2,2,1,1022,5,327.4893,241,62.8041,454
2030,ad42ee27decb7c563e58ef090373ae8648ca8e81,0,1,0,2017-10-20 10:13:10,537,7302,0.0,7839,1,1,6,256,53,66804.443,1000,70.6543,3033
2054,ebc3bc1f9ce9dcbd69fedc2ec79ab03d94d99cef,0,0,0,2017-10-20 13:05:11,112,8,1.9838,120,6,3,17,1177,5,41116.224,1000,710.5,101
2049,5ff07e63d1e9a98959e5edf66872222b847d23d5,0,1,0,2017-10-20 21:39:14,368,50,3.4419,418,15,6,3,240,46,27982.4266,734,267.1857,6772
2055,35ad5396caa533735070aa514134f08c3e3ecee1,0,0,0,2017-10-22 08:57:43,97,47,0.996,144,5,5,3,40,3,35062.5526,51,31.8569,151
2057,9071e3befb8c279f73c3094c9f6bddc0e7cce9e5,0,1,0,2017-10-22 09:40:43,102,13,1.4258,115,4,3,2,14,10,82636.3889,349,162.8178,987
2052,14484db3866df82537eee0f707d813bbf398bfd8,0,1,1,2017-10-22 11:38:50,3439,19,0.3967,3458,3,58,11,2,6,42752.2541,765,242.8655,5942
2056,e7a06094792e2a6f79c723dc1d70544601c41299,0,1,0,2017-10-23 02:43:51,298,69,3.0988,367,12,9,4,110,30,59878.8813,55,35.4172,32
2051,b00108880a75d6a4acd52409adbdfe11b0d5b90e,0,0,0,2017-10-23 15:15:07,21,1275,1.1066,1296,2,5,1,43,8,85080.1283,810,221.5715,3033
2104,0c771505b84cdacf7a359c3be0efe38a30f9e660,0,1,0,2017-10-24 10:16:08,2204,3829,4.5097,6033,1,33,8,878,109,45648.6501,1000,107.8126,40
1994,8c89f3c6b5ebd0334176d9e7e57b38b4d39a594a,0,0,0,2017-10-24 14:23:20,4307,91,4.808,4398,40,2,1,987,8,16754.074,365,154.8589,2104
2065,9ed01e67b3f440707af149b8c2ca5ca4a66db3c1,0,0,0,2017-10-24 19:20:44,128,55,0.1035,183,4,1,1,1177,8,44517.1273,854,355.4618,1002
2070,990df8f49ddf635bc357033db901bb87be224f42,0,0,0,2017-10-25 09:56:59,93,72,0.2331,165,76,22,1,818,6,63404.3924,803,321.4219,6928
2064,3e36fd6b2efc8fbbe41dceac66da355dd20f5a47,0,0,0,2017-10-25 10:39:49,79,49,1.0356,128,56,1,2,14,12,34043.5175,773,228.3441,6475
1634,7d820d6fe17341463b2a0f9cd1cea1ef085eed21,0,1,0,2017-10-25 11:23:46,90,2240,2.9222,2330,12,7,3,182,57,19539.1072,861,360.0357,7933
2075,9c21c742f9bcaeb8fbb0039d1c3a607d28078f5b,0,0,0,2017-10-25 11:46:34,5665,102,0.9024,5767,3,1,16,26,8,32807.8876,811,333.119,2332
2066,425ffe268f0c5aceac084b522af04736d2298da7,0,0,0,2017-10-25 16:08:46,1,24,3.182,25,24,1,5,989,10,9023.5236,140,53.2982,131
2033,7d5100742355448169f00a607cc350884bbbd987,0,0,0,2017-10-25 16:28:30,1361,50,0.1599,1411,51,2,8,43,7,23346.6595,740,230.0779,5831
1632,fa03e78d3a245b40ceb3efffeb3020853e74e48b,0,1,0,2017-10-25 17:04:10,1732,817,2.7681,2549,15,17,6,93,47,27981.9991,880,308.3213,11282
2069,a6df90ee04d343538c8c3a57bcbb563aac65a9c8,0,0,0,2017-10-25 17:04:58,410,386,0.1003,796,1,3,2,8,19,4604.1457,878,382.1148,7034
2083,872c35e52fc3034da081239fca062e5889c14c8a,0,0,0,2017-10-26 08:02:15,36,2388,5.4776,2424,87,1,1,12,11,57151.5229,122,49.1093,66
2068,5643d156cea72314c2240119b30aa32a65a0aeb7,0,0,0,2017-10-26 09:38:04,335,3829,1.415,4164,5,3,3,21,11,46756.9062,1000,19.8885,79
2058,dfbf83ff6356fae4948cc44a1d0908defaeca45f,0,0,0,2017-10-26 10:26:16,35,465,0.0896,500,51,1,4,871,8,77052.0775,363,173.0808,188
2085,0ba528c71e35858a043bd513ead37800262f7e0c,0,1,1,2017-10-26 12:39:25,681,140,1.517,821,8,4,2,29,9,61135.6089,410,194.1262,2076
1639,1931993bdc1d294a0eb9e1ad727f737cf64fe150,0,0,0,2017-10-26 12:55:28,158,100,5.2754,258,70,19,1,48,3,75840.3439,874,367.879,75
1640,d19525e90e69ddd257d47371b8ea0319fa4673c8,0,0,0,2017-10-26 13:43:23,306,115,1.5792,421,5,2,11,32,16,28114.1866,848,336.8195,276
2078,3ff91be1d49cf9f972ad5f1c556af173d97d102e,0,0,0,2017-10-26 16:22:43,109,1162,0.6757,1271,5,3,4,33,10,66521.9146,772,263.4089,5854
2027,64bbf1d865ad7f90d2b99f0a7d11146fd6ae54de,0,0,0,2017-10-26 16:29:34,136,1618,4.5011,1754,8,1,1,168,38,57276.2204,796,386.4593,6496
2088,e22c777f44b3e24cf9f4509672f981c71d4eb715,0,1,1,2017-10-26 17:04:30,82,2926,1.4806,3008,3,2,5,28,4,7717.6282,446,217.8073,286
2081,8cdf2ff7e5817acc0c239ce31c098daf33d326b7,0,1,1,2017-10-26 17:17:55,611,78,1.6343,689,4,5,2,1106,6,27187.9147,58,17.6985,4393
2086,b7d3589e7732b6458ac4c0ad936666d670cac87b,0,0,0,2017-10-26 17:25:35,8898,34,0.0334,8932,1,1,1,1041,0,34658.4758,55,16.2947,40
1633,6360875f12a102612bbb6c79bed807712285e116,0,0,0,2017-10-26 18:54:55,6757,1529,5.8031,8286,7,6,2,1128,14,49168.9855,856,357.9851,7905
1674,edc6f1000704a492629d7bdf8cbfa5ba5c45bb1f,0,1,0,2017-10-26 19:26:00,0,2911,0.0,2911,1,26,9,1039,113,32629.3839,748,256.2966,9600
2082,3b0fb26bfb779a98f8dcadbb4a7ba206e11f9c2c,0,1,0,2017-10-27 07:47:03,1108,391,3.7467,1499,27,9,1,259,37,61020.805,737,210.1762,5699
1642,438e4e37425688e2689fcb35488f819d729903cc,0,1,0,2017-10-27 08:21:20,346,115,3.3451,461,16,11,6,125,23,27328.0117,1000,56.6929,301
2072,856b6baf1672ac0a9eaedc56cb18562e934ebac3,0,0,0,2017-10-27 13:11:24,64,8,0.9765,72,2,1,8,4,116,54702.7564,140,59.9759,131
2089,5058c3f6c4e8f90e2bb40f9c2d2bf171ecf51ae6,0,0,0,2017-10-27 13:14:58,59,47,4.9358,106,62,1,6,916,10,71737.8634,151,50.142,81
2060,51e9a0159ba215e3779e4ef6e0ceb77d3df48f7d,0,1,0,2017-10-27 13:47:26,27,5083,3.9069,5110,1,1,1,1022,8,1919.7223,125,47.5427,148
1645,4319725cfccd40fb063d126fd5fc36dc5feec158,0,0,0,2017-10-27 17:23:51,869,2926,0.1154,3795,24,15,1,989,0,7283.8829,775,381.1501,2227
1638,0ed264b55560ab573f0086313c37f3110e99d49c,0,0,0,2017-10-27 17:25:22,56,618,2.5,674,6,1,1,1000,9,4500.0823,878,303.6684,3033
1967,185c807d144208aa4061e18fe8f46dfe0e931a15,0,0,0,2017-10-29 14:34:13,83,61,5.2754,144,70,2,1,88,17,72562.4242,796,267.3231,644
2087,747cf821f96eb559c28af39e2150a134224214b1,0,0,0,2017-10-29 15:01:18,289,8,1.086,297,2,2,2,37,7,9702.981,747,265.4205,5809
2094,c568aed1ecb7675a2776e15f120e45ad576eeb37,0,0,0,2017-10-29 15:38:53,198,36,0.594,234,4,58,1,27,13,39261.9476,746,262.0591,6080
2084,90b3b4cfd2f0769e23a768061023f912d1a0cf50,0,1,1,2017-10-30 13:15:20,54,155,1.8526,209,6,4,2,1243,22,39984.5075,789,232.9184,294
2080,9c1a67d9f6fbb766b50fe74b2713484bf3bd070e,0,0,0,2017-10-30 14:07:52,684,45,1.0665,729,2,2,2,868,11,82034.4634,515,230.2132,1566
2091,d11a9836f81bf8386071ad03355b32e8d086c0f9,0,0,0,2017-10-30 14:09:42,87,36,3.6595,123,3,2,4,871,4,81109.5323,511,234.2548,1783
2093,280dcc23670bc5c162aee44d0b8a89d07503ccd9,0,0,0,2017-10-30 14:11:39,880,5083,3.9069,5963,3,2,1,41,9,107.8858,511,226.2769,1561
1641,6593e0f9e6db9d862afadeeae79e0afa2590fd73,0,0,0,2017-10-30 14:39:43,4307,2648,4.808,6955,1,18,1,987,10,17349.4817,1000,710.5,58
2076,600e9fcbce61e6a6d94330c8cd50a0787fb4ccdc,0,0,0,2017-10-30 14:52:02,13,618,2.5,631,6,6,4,1000,107,2581.8426,435,178.7675,1572
2096,f2c3ff3ee3a5121665e32acebbaeee7bbb380e7f,0,0,0,2017-10-31 10:27:24,684,43,0.9244,727,2,5,2,22,10,83319.8176,87,8.5694,152
2129,7fb7e0b9775d1773d20e63732130ae140781a6f2,0,1,0,2017-11-01 11:31:52,81,253,0.2925,334,3,3,2,1020,127,27862.6503,778,263.4809,6272
2095,358aacda22e87913b8c8b314d0c44308819f454b,0,0,0,2017-11-01 13:33:26,869,2926,0.0507,3795,1,15,5,989,2,6581.6055,739,238.1023,49
2043,a7e0a277fe2a06e516ee02d435e8b17385023455,0,1,0,2017-11-01 14:24:17,8,5083,0.042,5091,1,1,1,14,6,876.8847,746,241.607,221
2077,250adfd2b705cf2fb1e73866cd5def6ad0dc9cc8,0,0,0,2017-11-02 09:50:34,50,7302,1.0859,7352,1,1,1,19,118,64282.5866,234,69.2958,355
2097,8198967eaa6cd8e2a690dd1be31721b25e116d9b,0,0,0,2017-11-02 14:04:26,2985,68,0.1549,3053,3,19,6,986,115,75252.7185,789,273.6368,77
2079,6afd68b100edab4689a6e7a39b5aee7743e05853,0,0,0,2017-11-02 16:19:19,87,87,4.7077,174,3,2,6,1021,7,22218.0,880,315.6089,1479
2103,51b5b53c7cd7781959011ba48559c5361ac93ff9,0,1,1,2017-11-02 18:38:48,62,2926,0.0488,2988,1,1,1,16,4,7033.4286,160,92.5894,38
2099,4cd7a802cfbfca01708ef75063cecc6e2ded5461,0,0,0,2017-11-02 18:48:32,97,87,5.1646,184,68,3,1,1106,7,27201.8229,879,379.8793,269
2100,25dcdea056a341142d4b85e942aa80e9f82879ad,0,0,0,2017-11-02 18:51:06,2182,60,0.1716,2242,3,34,11,46,8,27141.75,778,383.9002,4393
2107,a042ba9fdbb9251185cf4ac756601c9de56a92a6,0,0,0,2017-11-02 18:55:33,2182,2003,0.1589,4185,68,34,11,60,145,27393.4705,872,326.1744,199
2106,6dd5e2b272f717f6d97bb8dbf5f28c59d8c90151,0,0,0,2017-11-02 20:03:45,1512,60,4.7077,1572,43,26,6,1021,114,21858.9036,770,372.2266,3393
2105,78c8ea2085439b0d4fe0d7187044b44b6f110aff,0,1,1,2017-11-02 20:40:26,4307,2648,1.4987,6955,4,1,1,15,5,16713.3604,425,81.284,95
2110,87bf578163facc272138141fbcfa35c3bedbe74d,0,0,0,2017-11-02 21:38:54,6363,250,5.45,6613,7,1,1,1243,132,39478.5261,1,383.8816,2279
2098,e56135d87fe394d4ed0b3fbac1f8b3d65f5d03d4,0,0,0,2017-11-03 08:47:01,134,7115,0.289,7249,4,5,2,30,13,62357.4711,770,260.0569,6432
2111,de201a6c0f8739c12918817d2ef571abb2898f37,0,1,0,2017-11-03 08:59:17,1131,47,2.5768,1178,16,6,1,51,1,46565.9432,740,238.7243,5749
2391,2c0fa24032502c2ea375d5a9628efc9748bcf9ec,0,0,0,2017-11-03 10:28:18,2467,89,1.0085,2556,2,2,1,35,9,68161.245,819,335.4403,1045
2109,f3a2197a23524048200ae2b4712d6ed833208124,0,1,0,2017-11-03 13:47:33,997,89,2.8329,1086,15,6,1,36,13,43167.3753,802,366.8028,2306
2113,430fa7b0bd24b79a11c221f54f899b8d2bc4b47f,0,1,0,2017-11-03 17:27:06,218,8613,3.9144,8831,16,15,4,298,44,30148.4828,713,272.0714,7011
2115,26e3d3765a7bab2f4cb517476dfcb7e9c1b2ae30,0,0,0,2017-11-03 17:59:19,67,53,1.2679,120,4,2,1,820,2,68144.1345,781,270.4134,6313
2108,520a74f4b683e49ec233f11a0d5af6cc96e9f1cd,0,1,1,2017-11-03 20:19:34,106,77,0.1038,183,68,34,11,45,28,25802.6932,192,97.938,61
2112,755ae519255f146aac49784af7bbe049d2c1fd13,0,1,1,2017-11-06 11:16:04,331,7115,0.9112,7446,4,3,9,36,10,61355.458,771,244.9833,6113
2117,ab00d35b88ce9cf26c66b7cbb21486d1b18573a6,0,1,0,2017-11-06 13:03:16,84,103,0.6433,187,1,2,1,17,10,61151.9066,125,61.8283,91
2123,dcbc9668c7f07e6c60cc3032aeff37ab416a8204,0,0,0,2017-11-07 10:08:40,65,1618,3.2995,1683,6,7,8,6,11,58747.6928,743,266.1175,6171
2114,0d551640e65073afd8755e04f7817a6379149251,0,0,0,2017-11-07 16:27:38,152,30,0.232,182,2,3,13,13,15,35508.4011,750,237.5542,6114
2122,9be150e3d9dcf86a2b83c0102619db8f3dd5f498,0,0,0,2017-11-07 17:27:16,3581,694,5.1282,4275,38,1,6,1002,4,11665.7763,416,199.875,2085
2126,55165334078ab79fcf0b91badc6ad33bfd4e76da,0,0,0,2017-11-08 03:49:05,4779,31,5.2833,4810,2,36,1,1177,1,42495.9439,1,6.2452,3064
2131,74d052bb045031363652116ab8226d8ac00e0cd0,0,1,1,2017-11-09 18:30:29,209,78,2.4641,287,14,17,1,344,45,21490.2238,161,104.5842,556
2127,2906698b4a87f21c6fd099cf8a028f68fc311b1f,0,0,0,2017-11-13 13:31:45,261,1143,0.4615,1404,6,5,2,29,5,56074.795,166,39.6937,877
2138,7a434c39851a8a72ef2973f6c2a236c264d9b87f,0,0,0,2017-11-14 10:55:33,45,12,3.6595,57,2,18,4,28,14,76963.2516,482,217.5141,3033
2134,5f00294af4b5527d4e320c2adc66fe9c6c2fd5b6,0,0,0,2017-11-14 13:36:22,279,49,1.5495,328,6,5,2,21,6,57637.6646,197,96.411,2713
2139,a0838de79ff73b0322f3ce255df54f5f33b2bf3b,0,0,0,2017-11-14 14:05:45,79,8778,0.3632,8857,5,2,13,20,9,50353.4259,41,12.6644,278
2120,bb9c64b1222a5e9568cf93186a6420bebcb306f9,0,1,0,2017-11-14 22:50:52,773,479,3.7843,1252,22,8,11,129,45,42739.3858,804,287.3224,6257
2146,be913100d8657c7a0acdaa92557af51ab69af0ab,0,0,0,2017-11-15 04:31:03,72,124,0.8651,196,2,3,1,22,12,20787.1344,24,11.6168,18
2149,fbddf35faf59d5b762a71d42155852b29ef0da48,0,0,0,2017-11-15 12:14:18,28,99,3.9069,127,1,1,1,1022,7,1119.971,451,224.4252,1718
2144,7bca9e4613ff30ab6a9c11e673a785f3f5c86e69,0,1,0,2017-11-15 13:20:27,271,189,3.8286,460,30,13,1,172,55,45164.1264,787,220.3247,5709
2136,ff7e3cf6749a6b6bc898fde871c36661c8629c23,0,0,0,2017-11-15 14:32:42,12,2926,0.9577,2938,2,2,5,13,6,6776.3257,34,32.9094,173
2145,75c14541fdc52d5446b179e8e660b8a4fd90310c,0,0,0,2017-11-15 14:38:36,3581,13,0.1273,3594,38,1,1,1002,107,12084.3936,30,35.5279,136
2170,fc3eebd1e46c680a99ac22f20adda40841713294,0,0,0,2017-11-16 09:20:16,2814,1196,0.5253,4010,50,31,2,901,100,66723.5339,45,24.1134,760
2152,5e059e968633c4292734ebed209fa1b3c30529a1,0,1,0,2017-11-16 16:02:16,6970,103,1.5005,7073,6,6,2,8,12,49626.9185,66,18.6198,370
2148,2fe078f3927595cbc3c5de6635a710494e0f34b4,0,0,0,2017-11-16 16:45:49,182,1143,0.7107,1325,4,2,2,226,39,53839.1199,66,15.7113,399
2154,a4d86975967942054d1bd466641e9c835fb014ac,0,0,0,2017-11-17 08:26:10,17,8,0.0273,25,70,1,1,0,5,76226.7388,54,30.1394,139
2143,34120efe05ba1141de50b1c39318d70c70be516e,0,0,0,2017-11-17 13:31:07,4779,28,0.6372,4807,3,2,1,23,8,42680.2534,147,69.6474,74
2119,98241d513befcee460a3f7af805a96c794c33ada,0,0,0,2017-11-20 14:12:17,2651,50,2.5242,2701,8,1,2,1068,7,57572.2827,1,14.3606,86
2156,52599ff338afa19d07277874f2d102845c6dbec3,0,0,0,2017-11-20 15:51:43,1759,56,2.0287,1815,6,5,2,28,34,25317.9701,39,17.5819,80
2147,c4107d4c336ed8dbadc03a7018eb255f4df3d1cc,0,1,0,2017-11-21 13:15:24,9591,9,1.4157,9600,6,5,2,54,11,53591.8485,447,217.156,619
2161,458c909caf6f3ab1a6ed90c2508eacf686d1d101,0,0,0,2017-11-22 14:55:20,1961,21,3.6595,1982,2,18,4,10,6,78415.3925,141,50.7262,82
2158,4083c70dc88e0022daaab807d67b922d426fb533,0,1,0,2017-11-22 16:00:39,198,1526,2.0568,1724,18,8,2,39,13,21128.0366,1000,710.5,3393
2160,d86c6b6bb32adee9d4b5c9098340a34e8a8a7f1d,0,1,1,2017-11-22 16:52:35,234,2465,1.9527,2699,5,4,17,70,19,42306.936,152,58.709,229
2164,fae83c0b0c0a711d5d0f9de0b95fb6b703c4f912,0,0,0,2017-11-23 02:20:16,2651,2388,1.3342,5039,4,2,3,103,44,59659.5257,34,22.9972,2713
1648,79bcdffc057d366f31860d7690abac2819d84bd1,0,0,0,2017-11-23 12:09:37,2985,2012,1.7902,4997,6,2,6,986,7,72216.0039,191,98.8338,923
2162,7ff3f373a353f9ed8cd1973f2bde172ab7bd992d,0,0,0,2017-11-23 13:30:15,124,218,0.5179,342,3,3,2,22,5,52117.6109,113,55.1835,119
2198,622daa447755b984644212f56c5540253a10c149,0,0,0,2017-11-23 13:58:21,605,3319,2.2776,3924,11,4,1,51,8,39885.023,192,95.9923,785
1649,7fa3b55eaad1d7a93d2993405f1e1210e545da0b,0,0,0,2017-11-23 13:59:18,30,80,3.9069,110,1,1,1,1022,5,38.0486,160,95.0477,820
2200,f399b3fbb30107ae4b0d6e40ef0bcbf365b533bb,0,0,0,2017-11-24 09:53:20,229,118,3.2572,347,14,11,2,1243,19,40725.4274,25,15.6857,18
2172,a569f38f16186518b53461842d37b09fb1df45e9,0,1,0,2017-11-24 17:03:49,1002,1221,4.4132,2223,40,12,3,222,45,29410.0452,718,301.518,5615
2141,bc1c375aa061f27a2fbc5a7688b06da70fed5d20,0,1,0,2017-11-24 17:06:10,0,150,0.0,150,21,7,3,871,7,10912.3333,707,337.1347,4920
2157,a744d4bf39f8bb365cc55c034f6521a00b2aa77a,0,0,0,2017-11-24 17:48:36,1512,50,3.5176,1562,12,7,1,1021,7,20244.2453,44,710.5,153
2062,917fbcbee4599c1d198a4c63942fe1d2762aa64a,0,0,0,2017-11-27 08:29:54,97,96,5.4776,193,4,30,10,53,1,60387.0,794,221.958,2713
2163,88232a66b96d01ecab907590ed9eb2c3a983924e,0,0,0,2017-11-27 12:32:52,869,2926,3.182,3795,1,15,5,15,4,7804.7842,44,24.8283,164
2168,79b5bd44eb57b2293232c940dcbd35036615b554,0,0,0,2017-11-27 12:34:02,140,86,0.0595,226,98,38,12,1033,2,48887.3726,85,2.757,168
1654,435d9d320ba320b40eb328b59e32cda6cc2c531b,0,1,0,2017-11-28 07:41:40,1,2465,5.2833,2466,76,1,17,16,4,41504.2133,121,65.7621,3064
1646,81d3e72eb8cd9eb591f6ea67bc904dd0ad200a17,0,0,0,2017-11-28 07:42:19,78,1143,0.0438,1221,1,1,1,21,6,56238.7425,122,52.5773,3033
2171,f5ec9c83e757bcb49e9c3e5d2279d6096ffa5d27,0,0,0,2017-11-28 09:37:16,1278,21,5.555,1299,90,11,4,149,29,73113.6874,743,233.5948,6141
2142,dc7ab1355e5e84d50313eec50b930e09d6bd759f,0,1,0,2017-11-28 11:43:39,490,25,2.1916,515,18,10,11,82,12,44289.2229,729,275.4242,6130
2176,784dbbeeeb0736c29225b58ec01f1cf95234e881,0,1,0,2017-11-28 14:35:07,480,8778,2.5746,9258,11,6,3,55,25,50995.9177,20,710.5,10
2173,e7ca1055afc46e4a6ccb3492758de36bfd6419a3,0,0,0,2017-11-29 15:36:29,139,66,0.3024,205,1,2,1,10,4,75272.5624,200,73.2334,67
2175,8e7a71c053135fdce4073eaf8022d5727d87b5fa,0,0,0,2017-11-29 15:53:59,124,3319,1.3402,3443,5,2,2,33,16,38803.1728,783,242.9902,529
2128,b0bd65db9bb9d41ad85634d08dc8b9dae2cfa8dd,0,1,0,2017-11-29 17:09:56,6757,1529,3.4876,8286,12,4,1,1128,2,46445.4544,735,271.2171,6270
2125,0e3027d4b87cb5aff5c640ec809f2968b64be732,0,1,0,2017-11-29 17:12:21,548,431,0.8437,979,2,4,1,116,29,23368.5385,788,275.1576,6128
2174,7ddb674cb17c35f17aa073d3bfd6897d7fc13b9e,0,1,1,2017-11-30 14:44:23,303,66,1.2778,369,6,4,16,24,12,30812.2587,81,4.3325,264
2179,740f711c4ec9c4b7cdefd01c9f64857c345a68a1,0,0,0,2017-11-30 20:25:48,4307,56,4.808,4363,40,18,5,987,4,14313.5834,137,50.9187,977
1652,97db0bf9c1448a7e672f5d0235e301d03e1cf7d2,0,0,0,2017-12-01 10:14:06,81,7302,0.9455,7383,4,2,2,29,10,65703.479,153,67.816,347
2166,c1ffc11416447c6110f41ebcf72564e291511deb,0,0,0,2017-12-01 11:15:10,1278,901,1.0742,2179,4,1,1,13,120,77682.9774,746,265.0442,5912
2025,ee9027e491ff50bf72f51c869a5095aef7092396,0,0,0,2017-12-01 11:17:50,3,88,0.5497,91,3,5,8,1050,126,17115.7623,729,265.0779,5698
1659,9541afd2c53fc55cee7f0f45b4e16377803f1388,0,1,0,2017-12-01 14:02:09,584,193,3.7394,777,17,13,2,65,28,40163.9698,790,279.4802,6190
1660,79854697d130b9650b2aa679d263b239a2c10521,0,0,0,2017-12-01 14:10:46,410,386,0.8435,796,2,2,2,11,9,310.2493,797,211.6338,5816
1650,244f03f363a6eea709cd45f8e9f495f0ac4eca62,0,0,0,2017-12-01 18:19:29,70,122,5.1646,192,3,2,1,1106,145,27951.3686,716,279.8561,739
1657,a6ee040c5dbf8b93e94dcbf353e0db897ff8fb29,0,0,0,2017-12-01 18:20:04,2182,117,5.1646,2299,68,3,1,1106,145,28210.7542,808,225.2249,206
1661,d42759d0a17d17adc5af9c26b939d431acba5b08,0,0,0,2017-12-01 18:20:35,4779,2465,1.6975,7244,2,5,2,1177,21,42782.0845,735,238.214,948
2182,d6f5ea30ece3495894b0e6d2847b810040b37658,0,1,1,2017-12-03 11:14:41,1141,60,2.5344,1201,10,8,6,2,11,35856.515,1000,710.5,2713
1655,409ea2314d780436a404b3d8b61768e20af7485a,0,0,0,2017-12-04 14:08:12,53,52,0.9956,105,2,1,6,17,6,11263.4163,146,62.8302,332
1656,5cf37782f482f5dd51ad599a083eaa62dfcd805a,0,0,0,2017-12-04 14:13:06,3,35,0.8682,38,2,2,4,31,6,4290.9757,118,42.0007,241
2181,7e90074502d0ac99dfedfbcc33190fc5a4898630,0,0,0,2017-12-04 16:34:57,65,47,5.2833,112,3,36,1,33,9,43625.2474,239,64.9795,304
1666,af6bdb606e825d0d66ba532bcb9d8335f9f4c54b,0,0,0,2017-12-05 08:36:55,250,273,0.4241,523,80,1,1,3,8,50428.2377,154,41.2147,235
1651,d5d4da1b3785c493e441eeeb99b94718374b1556,0,0,0,2017-12-05 08:42:19,2651,2388,0.077,5039,3,2,1,21,2,60183.9319,148,46.682,334
2178,4f32a796f36555e46053a386b813e62cb886d273,0,0,0,2017-12-06 10:16:36,168,115,0.42,283,1,1,13,1082,5,35870.5582,768,237.1148,6075
2150,a3fd548e9c76c67609bbf159d5fb743d756450b1,0,0,0,2017-12-06 13:32:46,669,584,0.0909,1253,7,32,1,1243,7,40964.25,27,35.8429,138
2199,0bf0fdc26ea86020929fa64d083dce02ba2a2ae2,0,1,1,2017-12-06 13:39:15,6757,407,3.0212,7164,47,34,9,0,119,48903.9937,536,292.0905,13371
1668,1d38e0b49a1936fef477a7a2a65abdd815f2d695,0,0,0,2017-12-06 13:51:22,14,3962,0.5606,3976,2,5,3,1020,8,53772.6159,819,332.7823,10441
2185,5a545dbf16272c36c0e8efbbc07b1aed3c0290b9,0,0,0,2017-12-06 13:59:18,54,132,3.0268,186,11,5,1,39,9,84104.3315,421,191.2843,1570
1636,b82f59f64326e81cd8d1703c859d13485dff6958,0,0,0,2017-12-06 14:10:22,469,27,0.0796,496,1,6,1,36,2,4650.7185,861,390.0332,2509
1653,0888bb622e275ac6ff2408c2ae5014fd787b5dbd,0,0,0,2017-12-06 15:02:26,159,51,0.4411,210,1,1,2,28,11,31324.1213,147,48.1973,433
2135,42b01140e09dd1dd106eac302b3aaa8ef756754b,0,0,0,2017-12-06 15:34:57,37,1526,0.1297,1563,1,2,6,1021,6,19213.3082,203,104.2138,743
2169,627bcda6957b2ad61b67b98a7d0a1de2c1f3eb29,0,1,1,2017-12-06 17:01:58,145,103,2.3855,248,7,4,3,75,17,17194.8419,790,232.2286,6587
2186,01d0d256d633108177ddc77288287e1201e31de0,0,0,0,2017-12-06 19:37:54,5613,3829,2.2393,9442,6,2,2,13,14,45239.5885,42,33.0065,3475
2183,c57e56f183bd923e6947c70f533a2919c888565b,0,0,0,2017-12-07 07:22:50,57,42,1.7197,99,6,3,1,6,12,58510.2617,18,25.804,16
1673,30734d55660bfe00c39138584f0e576e711ad791,0,0,0,2017-12-07 08:02:16,148,4441,4.3414,4589,19,6,16,1051,22,33041.5643,54,38.0818,147
1671,c816191113d813156467f3e33856636ef0bcce38,0,1,0,2017-12-07 09:03:32,578,45,2.2577,623,5,1,1,1041,2,36157.8167,145,43.4982,365
1667,2558ae51140af04d241c77945bf9747b763c0ee8,0,0,0,2017-12-07 09:03:49,216,3829,1.401,4045,2,1,12,1033,3,47466.7995,187,83.5486,35
1672,fb29898cd3507b2b94dd8bbf3dbfd2132b643a1d,0,1,1,2017-12-07 10:52:28,876,319,2.4564,1195,16,12,10,51,12,59632.6887,120,30.8318,661
1677,035053cfe1319fb1be7a0b5163d1e786d4815a61,0,1,0,2017-12-07 12:46:31,6911,8778,5.3942,15689,63,25,4,1377,33,51299.7546,143,710.5,434
3254,7f99a0df669dc73c983913c505c7f72dab3c0a4d,0,0,0,2017-12-07 19:00:00,2985,2012,0.9751,4997,3,3,6,171,31,73527.405,33,710.5,102
2196,ce62945ae6c1b1878bebc9a528e63ef7a54cb897,0,0,0,2017-12-08 09:12:23,192,7302,4.9874,7494,50,5,2,948,108,66068.0207,842,214.5904,1054
1681,9e3bac39e01722d22e3c08bef593987244609a72,0,1,1,2017-12-09 02:55:14,98,49,0.9723,147,2,2,1,24,9,70518.9778,3,10.9159,96
2184,6e89878166c0b8b8193ae69a675b6d085ffa9fe7,0,0,0,2017-12-11 14:26:55,6970,299,0.1986,7269,4,3,13,70,19,49900.9429,426,193.4987,310
2188,c1665c12b49752af2f4d2c624095dcec432efe8e,0,0,0,2017-12-11 14:28:07,78,5083,0.724,5161,2,1,1,50,18,25.3292,429,236.0663,183
2448,c5efb1f208979fc5a787ba55dc185a7bf2991388,0,0,0,2017-12-11 14:31:57,8898,52,1.9117,8950,7,4,2,16,14,34398.2916,144,70.9943,888
1686,de3d85ba19d11ad8a7ab38b30b74953421e6383d,0,0,0,2017-12-12 11:18:23,67,8089,1.4982,8156,5,3,2,1130,5,63818.1388,404,85.2205,13
1691,997fab6247a0d0216a69b698ed049656aa358535,0,0,0,2017-12-12 14:05:14,115,81,1.7078,196,1,4,1,53,5,46609.7341,161,74.95,774
1682,63a19e879bfb4c4981f151e7b50481df094dcb09,0,0,0,2017-12-12 21:38:51,6363,3319,1.0538,9682,5,3,1,55,0,40964.25,439,108.7384,115
2187,3397bd66abdc529a2d5940a09f9feee035fd0b90,0,0,1,2017-12-13 11:43:27,5613,29,0.4673,5642,3,2,12,15,9,46839.8992,9,710.5,21
1688,10aae991833447506e8e8231c32fb9f816920597,0,0,0,2017-12-13 12:23:15,2985,2012,5.2754,4997,4,19,6,986,4,73793.2824,511,243.0722,1814
1679,a49f0378c3ad7c9b02ea3a94e44e73e4dcbeafa3,0,0,0,2017-12-13 14:07:52,2467,148,0.1419,2615,3,19,6,41,1,72076.0,855,329.1466,2484
1680,6cfb75874c2b625021eb478b29722d15f4c63f9f,0,0,0,2017-12-13 14:28:08,96,2388,2.1755,2484,5,2,2,51,5,56931.6473,142,70.1594,944
2189,d12158e8c996aeb3a4900e4f57347a5b6f8fa1cb,0,0,0,2017-12-13 15:59:07,46,36,4.6287,82,59,1,7,20,25,25559.4098,1000,710.5,67
1692,7034e9cfcb051ef90c5bf0960bfb50a79b3723f0,0,0,0,2017-12-13 16:06:37,869,155,0.1176,1024,2,2,1,41,11,7291.9082,877,314.8122,2485
2074,fba72d073f68803dc8e719c69c7994283531fffb,0,0,0,2017-12-13 16:34:59,5613,3829,0.5611,9442,7,38,12,40,134,47694.1386,783,231.7791,447
2165,0ef7fddeff8430fd40d2d7a1b8a6454fd9416ced,0,1,0,2017-12-14 14:24:35,4414,1417,4.8284,5831,86,13,3,429,40,51241.4324,870,344.6797,5715
1685,2cb58960e78bee83d29fa66c2c29647353194f75,0,1,0,2017-12-15 09:18:20,4130,3829,0.0,7959,73,17,2,1033,19,48173.4116,44,710.5,1089
1703,47e6069d7a299c02a81f062a7acb6a792b71c146,0,1,0,2017-12-15 10:43:27,59,8,1.1688,67,3,3,2,30,16,4776.0724,33,27.7745,3033
1701,9b5fce6b1d55205054abbdf274df7af72d1fd263,0,0,0,2017-12-18 07:52:03,8898,78,4.3172,8976,19,4,6,37,4,36001.395,41,710.5,20
1663,1f60a1de563ccca4ea0309fbd5c6c3531090ddc9,0,0,0,2017-12-18 14:26:20,50,9,0.029,59,1,15,1,2,9,7343.3832,123,52.6379,339
1683,c2492e9b220c6c9a64b47bcdc76a2194d9f4d669,0,1,0,2017-12-18 17:59:30,154,311,1.4647,465,2,5,1,113,31,24031.2452,790,275.0748,167
1693,7b5fdbd6501c33f74700d79aedc9411d160191ba,0,0,0,2017-12-18 22:57:01,4779,38,0.0929,4817,76,36,1,21,1,43910.373,239,91.8495,104
1676,8d42197b662efaf58d92a3073d8c319f8a2a793e,0,0,0,2017-12-19 04:29:38,96,5083,3.9069,5179,1,1,1,1022,7,532.1674,213,67.216,352
1690,dfe3e623ea15471bc84c56256b3872df301372c0,0,0,0,2017-12-19 04:34:17,880,5083,0.0633,5963,1,1,1,1022,9,228.6814,241,82.6619,458
1697,f7a6df1a63880774132357e711abb30c0d831ee7,0,0,0,2017-12-19 04:36:31,14,5083,0.0792,5097,1,1,1,29,6,868.5916,200,60.9568,445
1710,102537df77b12b6541a738b95571d95b5303110b,0,0,0,2017-12-19 04:38:32,23,5083,3.9069,5106,1,1,1,1022,8,204.3799,247,90.837,314
1705,3cdc5d1dce7c8cf0db0352d86867f73f6ccd9be9,0,0,0,2017-12-19 08:20:39,2467,3382,4.9358,5849,2,19,1,14,6,71971.1403,1000,575.0,68
1713,056c72af994bc0b7bd838faff6b2991763fc2ac1,0,1,0,2017-12-19 08:56:50,458,154,1.8975,612,4,4,1,1020,6,65125.6275,1000,20.3076,3033
1712,2c027861086ee8be8cc56d6bb424b687ba3f7ffb,0,1,0,2017-12-19 09:07:56,406,8778,2.0522,9184,4,4,1,1377,8,49443.7973,6,5.6066,65
1709,4d0d7f925abaa2d02814a52bfb666f445bd25ea7,0,0,0,2017-12-19 15:14:22,4779,2465,2.0222,7244,7,4,2,11,28,43630.5691,1000,13.7408,3064
1643,08e550c98674738ab883ea84c0350093c9765ab6,0,1,0,2017-12-19 17:58:53,845,2113,3.2353,2958,16,9,1,107,25,35594.2193,39,710.5,294
1702,091a37052b7045b3ed28c68bfea109024a5d1871,0,1,1,2017-12-20 11:27:56,127,289,3.0122,416,13,6,3,163,40,76118.4553,194,81.6115,250
1721,d7ee60330ae91700d7b2c06eec863e3c4b092222,0,0,0,2017-12-20 13:44:26,684,1275,0.0493,1959,1,1,2,109,25,83910.7909,90,22.6888,147
1714,d7e9dc1931f1f1cedbfee12aebe34dd76e9bac10,0,1,0,2017-12-20 15:32:18,125,10,5.1282,135,1,2,2,20,4,11377.3391,784,260.1602,325
1696,156b8935ef76eb53456cea1d40fd528ccefa21d8,0,1,0,2017-12-20 15:43:21,394,540,2.7821,934,17,6,3,86,28,23738.4988,724,275.6095,490
1708,57ffddedd0e4edf3b7c55405aca7130f5a32fe4a,0,0,0,2017-12-21 09:49:11,419,78,2.1977,497,15,14,10,41,21,59176.1104,1000,575.0,96
1698,484fedd4e649ec3adc4f55f090b71f9d7dbaa961,0,1,0,2017-12-21 12:51:35,1396,258,3.3567,1654,17,6,3,49,25,57555.9606,13,45.1444,210
2191,15a0dc4aecea4a5cff26abef00a067577a27c985,0,0,0,2017-12-21 13:33:18,88,3319,5.45,3407,83,1,8,24,4,39509.5325,833,452.5167,39
1723,c6c17befe54d55755ebaf160ff20a11aa32bbbca,0,1,0,2017-12-21 13:38:54,2421,8778,3.2439,11199,13,7,13,67,17,52199.9678,78,49.4499,66
1731,06922753a55dc322b96919ebb407d531e2b79d3e,0,1,0,2017-12-22 23:02:10,347,80,2.3223,427,6,6,2,1002,27,11365.2815,112,575.0,157
1695,2ce64e791b3a2e2b8a8e4ac774f2ca45da5660dc,0,0,0,2017-12-29 14:12:46,49,6,0.0755,55,2,18,1,39,20,80894.04,770,264.6327,218
1728,7d986ce0482562efd90fec416c4b2f4638a4058a,0,0,0,2017-12-29 14:29:06,4779,52,0.4658,4831,3,1,17,1,17,42782.9495,749,240.1066,396
2177,b5db8d90818efb96ac407ccc213f2892f3852321,0,0,0,2017-12-29 15:06:59,188,4441,1.1205,4629,71,1,2,106,45,30353.0185,733,275.6125,654
1729,ed0716ac710387979735140d18a598240b43085d,0,0,0,2017-12-29 16:08:45,469,618,0.109,1087,6,6,1,65,16,3864.9734,700,228.751,121
1732,782ec6dc4c3a4d4825c8f99af0b596be766c1312,0,1,0,2018-01-01 17:59:42,1362,250,4.184,1612,32,14,2,54,25,47086.3836,101,43.6175,161
1724,46ed5e31585499cd0f0b4bb0718460ba47dcb926,0,0,0,2018-01-02 15:29:53,1759,96,2.0695,1855,6,5,3,827,5,24812.3666,151,154.1773,1017
1748,ce25688bac1c1ecfa53a03ab1857bb82963b0696,0,0,0,2018-01-02 19:21:28,6970,8778,0.7104,15748,4,2,2,827,105,50046.7337,20,3.8633,76
1737,d53a722e769e8ff6009d53208bf6702ec3e4a6f5,0,1,0,2018-01-02 19:21:28,6363,3319,1.3579,9682,3,3,1,22,12,40886.0944,38,16.0323,72
1740,b3fc79392343ff1ba364254b194ec70d2bf43dc0,0,0,0,2018-01-03 14:57:47,1,33,2.5,34,1,1,4,1000,4,3617.1524,196,108.809,793
1730,dbe0e8286d76a5facdb49589b638b87dbde80178,0,1,0,2018-01-03 19:38:21,19,2003,2.8218,2022,13,7,3,47,40,28442.5197,714,474.6417,882
1739,bc2efdd7dd47bc42ef1a43310ba5f2df60bfc424,0,0,0,2018-01-04 12:03:50,2985,2012,0.2529,4997,70,2,6,88,16,72985.7792,755,303.1796,2257
1662,bc588aac3a6cfe756351d8ce7d86143048f6e608,0,0,0,2018-01-05 13:11:58,869,64,3.182,933,2,1,1,6,13,6335.9059,850,359.7356,856
1747,3345aa7e1adb58b3845bb72e9ee6e0ee9d8fe32b,0,0,0,2018-01-05 14:28:40,86,33,0.872,119,2,2,6,14,6,12686.762,112,105.8324,352
1735,50f09ad3ef68a7976d3e80d612ff7aed623a13b0,0,0,0,2018-01-05 15:17:13,59,5083,3.9069,5142,1,1,1,1022,9,1102.6657,153,135.8214,961
1743,2b55ffbe0101fae26281ae0324ffec5b577fb13c,0,0,0,2018-01-05 17:21:27,2814,154,0.0842,2968,50,31,1,13,1,66127.4956,123,88.5029,169
1751,b5de38cee4e68304e76fd9f9cda09dee86099578,0,0,0,2018-01-08 10:30:08,377,1143,0.1826,1520,4,41,2,38,10,56605.0,162,107.7381,1143
1753,1a5a355a873d88d1fe1903503d81140918e0e07e,0,0,0,2018-01-08 10:48:25,117,2012,1.4362,2129,5,1,1,986,9,73998.9225,206,98.2443,938
1741,11287fbf61cd29d0d20ac8f97884d2c08886f71d,0,0,0,2018-01-08 15:33:51,4307,163,0.1981,4470,40,18,1,987,7,17955.5104,824,497.0218,3360
1752,435930164f32199f345d01d7094647755bc5f455,0,0,0,2018-01-08 16:02:03,230,116,0.331,346,1,38,1,1033,1,46887.7412,191,138.2994,917
1754,91f2a8d9b6bafae5855254977d1f38e1b89f2389,0,0,0,2018-01-09 08:28:34,203,146,0.1123,349,87,53,16,1049,144,51968.3306,738,473.2989,5705
1658,ff67094671e51679ea79e8e518f18348923feb06,0,0,0,2018-01-09 13:11:20,2784,1162,0.7064,3946,3,1,4,18,3,66420.9431,786,471.6156,5854
1760,85bea23ace3133e1b2d239c4ee87270a201b9b6a,0,1,0,2018-01-09 16:08:50,0,776,1.0521,776,36,1,1,295,39,16039.0209,278,46.8632,521
1738,51a278778c3536aa9f5030a8f43a7faea6889992,0,0,0,2018-01-09 16:50:37,109,346,2.1613,455,10,1,1,15,11,61221.6171,746,53.0,14714
1762,63d4819e197b1df1651157fd8f86c8ca0540d0b1,0,1,1,2018-01-09 19:37:08,197,86,1.952,283,4,4,8,68,20,20884.6328,773,441.9475,6094
1756,db440f2434423a23207ba666b33f4ccb55adede5,0,1,0,2018-01-09 21:56:38,240,224,4.1271,464,36,16,2,92,22,26143.0142,230,152.2488,1067
1620,665347cf867f0b807fe9d4787b5ef42b0581b510,0,0,0,2018-01-09 21:57:18,571,35,1.8133,606,7,1,6,39,8,19479.6159,140,152.4593,949
1763,bb4bd1cb75d6c2c2d35b25a289574ae53b76ddd2,0,0,0,2018-01-10 01:40:41,167,20,1.9,187,8,4,2,4,17,49494.6983,16,15.2374,2844
1758,1767898dec0fe832865c7b0b6f53f8069518430e,0,0,0,2018-01-10 02:11:31,207,161,1.7996,368,3,4,11,35,5,26747.1361,187,135.8003,259
1765,30677772e29a8bbb667d098c43a0b225d5602049,0,0,0,2018-01-10 06:04:10,52,1815,1.1074,1867,5,4,1,26,12,23059.5857,239,135.7547,338
1744,ce52642d59375ee31aa9990f870d771a9f1c957b,0,0,0,2018-01-10 09:17:55,90,48,0.1188,138,68,2,1,24,7,27560.4419,1000,710.5,185
1734,4ceabed9ad108acd6b67ec59e2f079669ab73046,0,0,0,2018-01-10 09:31:19,474,1143,5.935,1617,75,12,8,966,36,53991.0419,72,575.0,282
1689,ede4c0751b630503605248e8d22f29977f58624a,0,0,0,2018-01-10 15:50:00,1043,3319,2.7474,4362,12,3,2,5,22,37655.986,18,452.5167,62
1742,1887187f6b5c210d2091c69ef14fa8b8a5cae82c,0,1,0,2018-01-10 16:14:06,952,1127,3.6769,2079,53,13,7,0,107,38052.4856,383,53.0,10354
1778,99495c91ecce7141ae8b2fbc96492681a9d130bd,0,0,0,2018-01-10 16:16:03,160,282,0.7786,442,11,8,3,154,41,27290.7281,855,349.4086,7555
1733,9903c8c42793b922549835217c586c5928999ea5,0,0,0,2018-01-10 17:02:27,252,142,2.2507,394,9,2,2,59,26,44679.4884,803,318.5969,8677
1779,2ee4d06ac879e955df0648dd0988f081a617e077,0,0,1,2018-01-10 17:53:38,107,33,0.0833,140,6,1,1,84,5,2635.6009,699,429.3724,449
1782,f8ca273549aded00c7cd12699cebc1f5bba83153,0,1,0,2018-01-11 06:26:37,271,661,2.7189,932,22,13,2,916,38,69066.6324,184,150.7616,527
1755,9d0dfcba639a206fb7bf06df3b6af48719794d5d,0,0,0,2018-01-11 11:03:45,9591,1143,1.0841,10734,2,2,8,14,9,54112.7149,197,114.7189,810
1616,905d98e37c015d24d097113b6e6e8194bd88cbd8,0,0,0,2018-01-11 13:35:30,172,32,0.1083,204,70,19,1,44,8,73220.3522,160,142.8633,781
1745,e2f1ba92decdb27f3aea4e21a7cad7dcc98cea1a,0,1,0,2018-01-11 15:17:42,1548,1771,3.9282,3319,35,16,8,1019,114,28467.1691,805,480.2999,8057
1718,38d3720863c6187153174d0df57fc414b0cf8e96,0,1,0,2018-01-11 22:46:33,652,318,3.3372,970,36,17,1,277,73,23322.0499,816,388.2901,7211
1769,8e23264a4511d33723a756abc209c289fafbe97d,0,0,0,2018-01-12 06:34:20,194,15,1.0936,209,38,2,6,1002,11,13791.0851,207,107.3615,316
1775,598d96c105a34b20c16ace9f4b56d663dac670d6,0,0,0,2018-01-12 08:25:45,225,2113,0.1515,2338,2,18,6,37,131,33747.2076,104,77.2759,2713
1784,dc9a4f2f63e977f42e2f19a347c7010057dc4c69,0,1,0,2018-01-12 08:33:08,428,3829,2.8465,4257,8,8,1,1033,6,45044.9093,24,14.4027,3475
1700,5a318de97734df52dcc641c0594ead9df18b5e2f,0,0,0,2018-01-12 08:57:38,44,179,0.1127,223,2,38,1,1130,0,60859.0126,241,114.2804,451
1736,4ade82631b43c28262c303c4ba028270652f4db3,0,0,0,2018-01-12 09:33:12,880,232,2.6884,1112,5,3,1,58,4,204.2581,172,103.3934,257
1781,de30d16547d2a0392c2e311934830605de6ebd9e,0,1,0,2018-01-12 13:37:48,470,172,2.3069,642,7,5,1,1130,6,62345.1602,1000,9.8828,58
1787,c520f6bbace837ef8e18e9f466839541c6bbfee8,0,0,0,2018-01-12 15:01:29,10,18,3.0268,28,11,5,1,22,8,83891.0061,122,94.0555,331
1786,2330e8d2774f2c6d9c21f2d24630196aaca14c29,0,0,0,2018-01-13 12:35:03,37,30,4.7077,67,2,26,1,30,4,22167.1543,196,140.4058,464
1785,3920e9a47f7eea09335d644d55053863136a9a9b,0,0,0,2018-01-14 09:03:21,138,91,1.3802,229,6,4,1,21,3,43131.9606,769,459.5649,5900
1793,d8b2c0febfdb1c15e4251247a87c1c606ea2a284,0,1,0,2018-01-14 09:05:59,1293,197,3.4343,1490,15,4,1,1022,4,39891.9262,723,432.2073,5740
1795,8f59e7b8b7113657e393409090f46ac2bfce3bc6,0,0,0,2018-01-15 08:37:05,2651,34,1.8467,2685,4,3,10,6,11,57339.0051,112,106.5243,365
1791,058c0ed16701ff0d88d082019cc12bd5a923958f,0,0,0,2018-01-15 11:06:31,20,240,1.45,260,4,3,1,17,6,30699.6877,144,104.0965,339
1798,60f98df63cb2ec2533e4eee1969a6d7917ac1521,0,0,0,2018-01-15 11:13:48,2814,7302,0.0677,10116,50,31,1,22,9,66895.1298,81,69.4733,256
1789,3ea6be23d672991b4addc2d7b6322e15ddb2efa1,0,0,0,2018-01-15 11:26:47,29,50,0.0342,79,62,1,1,916,2,68904.827,59,69.7975,266
1797,c08b9c83b16c10a8132d0668fe905417017483eb,0,0,0,2018-01-15 12:03:23,25,3382,0.0424,3407,1,19,1,916,5,70525.2791,62,57.8264,263
1851,9b7e429246d149d02a899071b71e7ee9d321b9f4,0,1,0,2018-01-15 12:03:42,951,0,4.3561,951,57,16,5,753,96,72919.0315,703,119.4558,719
1800,c5abf5616c96cfaeda9084454f7c674872e05ad0,0,0,0,2018-01-15 12:55:05,218,198,0.1081,416,2,2,13,53,9,50824.9606,46,75.2684,113
1803,1ffd77a27a4b7e2e1a1a599100c21742eb9a3d00,0,0,0,2018-01-15 12:55:52,5,618,0.02,623,6,6,1,1000,4,3210.7876,85,55.849,287
1794,56d318446d4408214a420ad37016b883a08b1d75,0,0,0,2018-01-16 10:08:09,69,161,0.0411,230,6,1,1,1000,5,5395.7536,99,81.9008,360
1802,020f3299ebccc36297a0d3db425cc5f44c70a8b7,0,0,0,2018-01-16 13:42:45,4307,2648,4.808,6955,2,18,5,987,7,15180.8164,20,14.481,83
1810,0093bcbe771f296baf3857ef15fe7ec9b22bbc34,0,1,0,2018-01-17 06:15:04,1375,86,2.6288,1461,25,9,3,171,36,65518.8483,65,38.5354,195
1808,ca523fd556d3c8411ca550e20087d18fd3e72a0c,0,0,0,2018-01-17 12:05:17,102,17,1.0957,119,4,3,1,24,15,57317.6205,127,87.2945,63
1812,08d088103b1b4b2c0c772ec36a8b3e52b2588b5f,0,0,0,2018-01-17 17:02:25,153,111,0.5981,264,4,1,1,75,26,44392.2789,125,87.6818,323
1799,ec7934eff336299498cc79e857dce684c7126041,0,0,0,2018-01-18 08:14:40,56,118,4.9874,174,2,2,1,6,7,67104.3338,117,108.6554,256
1805,5ad845098bb1a0e697b89f5cf389fe8f46c9cf89,0,0,0,2018-01-18 09:22:23,47,48,5.2833,95,2,1,17,9,6,41116.8234,147,91.2938,330
1811,6c3c334c65896e1d286083f576707029c76e8be9,0,0,0,2018-01-18 09:22:52,4779,40,0.9204,4819,3,2,1,1177,5,41254.1579,150,107.556,362
1814,e9943c580af06cbb941dc05251c51ccfef907613,0,1,0,2018-01-18 09:28:48,352,439,4.1069,791,28,10,1,119,15,40216.6523,115,81.5837,417
1809,2214a242f218dfc571f98b64fcde61f1a9f6013a,0,0,0,2018-01-18 09:41:18,3,122,3.9069,125,1,1,1,29,4,778.732,152,106.4055,364
1815,1e6a91a3bf7e734eccdb034ce505b3775b709265,0,0,0,2018-01-18 13:15:49,5613,3829,1.4981,9442,98,38,2,92,134,45252.2215,779,309.4732,2583
1804,dd14bdf568dc603a0449bfc3f9a8f936140d239b,0,0,0,2018-01-18 14:02:36,3581,7,0.034,3588,1,14,1,1002,9,12961.5121,753,447.956,30
1819,ce345e394dfd176fe1433a5fcb0f46ad122787ca,0,1,0,2018-01-18 14:47:14,1642,79,1.3502,1721,5,3,12,20,1,47510.2868,28,17.1064,3475
1830,d57215497f36f87939c1cdf3b090d00d8e59d90b,0,1,0,2018-01-18 16:57:10,5665,57,0.1406,5722,71,3,16,22,11,33162.3606,823,329.8471,2340
1829,f9aff5926254ca05da77ea856e72bb2c71dae7fd,0,0,0,2018-01-18 16:58:01,206,1200,0.0953,1406,4,3,1,1082,8,37679.105,860,357.1132,6578
1822,ac8225fd56f16b1766724aefbd44babbe322d2ac,0,1,0,2018-01-18 17:17:40,854,48,4.671,902,41,1,5,263,63,21443.9082,1000,116.0928,716
1771,bb19e7f5278d43cd4fd265e3d2afa2fcc793ccf5,0,1,0,2018-01-19 12:37:08,413,7115,2.7147,7528,20,10,2,147,20,65601.515,809,325.8695,8043
1818,4197b0da100ab2da4b811847a401f17ce8bb1182,0,0,0,2018-01-19 12:40:01,22,27,0.0408,49,1,15,5,989,3,7927.6814,123,104.2003,72
2201,776af4a882c85926fc0764b702fec717c675e34c,0,1,1,2018-01-19 13:56:42,275,9,1.0466,284,4,2,9,69,26,49486.4175,749,458.7505,6088
1770,35c7d93ee85aa8689e804b713affa65b46af1acc,0,0,0,2018-01-19 14:18:57,5298,156,1.2836,5454,7,4,16,1049,2,49631.774,866,361.4838,6523
1834,17e8664aa6e2915c368e8eb75c6ae5e3b1942239,0,0,0,2018-01-20 05:26:29,2467,3382,1.0687,5849,3,2,1,916,6,71991.1322,1000,575.0,3033
1838,1c9c1e36c1dd7b3f2a160216e405302d7854c148,0,0,0,2018-01-21 00:23:06,109,103,5.6438,212,98,2,12,1033,3,47009.1757,43,28.997,59
1831,66f61348be16dd1a3638e063936a43f45cb8e9db,0,0,0,2018-01-22 10:42:13,28,8089,6.2875,8117,3,38,1,2,8,62714.7093,79,71.8847,261
1823,d33aed3f48c8a62e18457a882e528898aaefccaa,0,0,0,2018-01-22 10:42:51,52,2465,0.06,2517,2,1,17,17,133,42208.6828,79,54.0796,267
1837,8fdea6093a55c33732ae869b82552371b8142c2a,0,0,0,2018-01-22 12:29:34,239,279,1.9184,518,3,3,1,86,22,49831.9605,494,295.7019,724
1827,d0e2daed7dc0dd686b44970b1c32ea51b9d43ed3,0,0,0,2018-01-22 13:17:54,26,32,2.5,58,1,6,4,1000,1,2590.2579,191,142.2049,298
1832,9a0399c888ae75e96c7719b8f079956462023348,0,0,0,2018-01-22 15:15:38,2784,1162,2.0835,3946,6,2,1,818,9,63322.217,749,438.1984,5859
1833,d477786329bc0c3bc9ed75ca1586ce9be6321f98,0,0,0,2018-01-22 15:29:55,5613,3829,0.8675,9442,7,2,2,1033,20,47845.3108,494,246.9682,601
1844,92026ff392e527a57657d67a9a98adaf96df9643,0,0,0,2018-01-22 15:35:19,27,2003,1.0527,2030,5,4,2,41,24,27078.8008,451,252.7218,382
1824,a8f64fb43ab4d3820b10b546a660d2767577a4f9,0,0,0,2018-01-22 15:40:20,5613,3829,0.5448,9442,7,2,2,42,12,47851.5542,491,259.4667,611
1847,a0e961dff70627e02e559c526ba8fbb0943c56b4,0,0,0,2018-01-22 16:32:38,169,1526,0.9182,1695,2,4,2,1021,25,21658.8588,497,252.1766,388
1835,57ec03ed3dc6ce3fbb563d3274b032945ba53510,0,1,0,2018-01-22 17:15:34,520,13,1.6983,533,11,9,5,253,63,27543.0653,420,255.7504,2360
1841,83eb8e143ef64e56974a334ca96e10c011f4a32c,0,0,0,2018-01-23 11:32:06,2753,8089,0.9167,10842,5,2,1,166,29,60447.1068,442,261.2082,2145
1850,6fd6939c71328143b61427ac438bab43fc99ee85,0,0,0,2018-01-23 12:07:56,5613,3829,2.4776,9442,11,4,2,1033,12,46105.2351,442,260.362,296
1854,8c8033eb6665d7e352fed4d067930c91b9507d82,0,0,0,2018-01-23 12:50:32,4779,97,1.0939,4876,76,2,2,61,13,41576.7802,499,299.1393,605
1855,528cca5cf68ea27eeed3553fa18d85b69a93a8ff,0,1,0,2018-01-23 13:04:36,6363,3319,1.102,9682,83,4,2,1243,19,37780.0924,456,286.6679,353
1845,99c07d967a7a27ce06ded601cbc4c36d1b6702e2,0,1,0,2018-01-23 13:20:12,8898,27,1.9913,8925,8,6,3,73,26,33974.2508,443,293.812,205
1801,10ad8c34d6c88d44e39428f0eea49e54f76fd7fc,0,0,0,2018-01-23 13:44:00,4779,51,1.1418,4830,4,4,2,4,12,43759.6297,486,284.9771,576
1852,ebfa0bdf52798cb63c3d6236ac18b7ef1ea7406d,0,0,0,2018-01-23 13:48:24,106,62,1.2668,168,5,2,2,1177,13,43402.5772,456,263.9169,567
1846,3f2a065d838249b4aa24135dfcbd2d42fbd86651,0,0,0,2018-01-23 13:57:20,145,47,1.2244,192,4,4,2,49,21,43932.9956,485,287.306,428
1859,433e05c7a9cf3599e241384ad4a86ee8a4cc4325,0,0,0,2018-01-23 14:34:57,114,19,0.6444,133,2,3,2,55,8,13240.4387,114,112.0324,261
1866,6b24757efd50e4e6da8db72f885e49fa5a465047,0,0,0,2018-01-23 16:28:13,48,19,0.3866,67,2,26,6,16,5,19620.575,112,112.3856,260
1849,6e894ee13a3221fd98869c9d1c6c105729143dd2,0,0,0,2018-01-23 18:04:03,6363,114,0.1709,6477,4,3,8,47,9,37555.1187,787,354.7713,191
1857,6969fe2fa823be7748cee002a32df02fd1cae09f,0,0,0,2018-01-23 18:55:17,64,2388,1.6461,2452,9,4,2,37,25,57215.5529,1000,575.0,47
1871,524c5013a1e877cdaf2f4269863a49851eabda85,0,1,1,2018-01-23 21:00:06,164,8613,1.9767,8777,10,5,3,173,28,31346.2804,813,352.1877,6898
1764,37b4e2cef687160f2bc7cedb7d2360825089569e,0,0,0,2018-01-24 11:24:35,2814,201,1.8912,3015,5,5,6,1020,5,67061.0951,45,50.2409,182
1860,e135c3a5e2a42911f4c7f744003f5804c25d2dd9,0,0,1,2018-01-24 11:34:17,56,14,0.0867,70,2,18,1,6,9,80000.023,430,305.845,1523
1900,0f0a637d4c2ec6e9080a90c747cb9acdbcbb175e,0,0,0,2018-01-24 12:41:53,249,757,0.3951,1006,80,44,13,924,102,52164.3039,709,499.2581,499
1870,2af2b7347c7036bae4b1fb5f37782eccc6749911,0,1,0,2018-01-24 12:42:41,1,21,2.7373,22,13,6,4,33,21,74813.9007,791,472.1316,6255
1905,5b1e127f7b3acd8f82893dda394fbcb7fe93d20d,0,1,0,2018-01-24 13:43:23,1036,244,0.0,1280,38,20,4,830,100,32860.4887,234,150.8068,64
1796,329f096149a83e73b38a4efef607199673e429ca,0,0,0,2018-01-24 14:41:22,9591,1143,6.2622,10734,79,41,1,966,1,56519.2055,149,90.0898,42
1863,7a9d7e7a243c9170635c6a7cd6c414e16d17b8f8,0,0,0,2018-01-24 16:08:13,205,8089,0.7899,8294,4,2,1,24,8,60975.3031,240,116.2478,94
1874,9659ffd9b3ecafb3ca3a71868cdcde301b5e0b9a,0,1,0,2018-01-24 16:15:08,200,152,0.3765,352,4,2,2,35,10,29414.7254,208,113.4807,535
1878,ba8ffdd6bc5222b1b3e12aea572417ea3a455d7b,0,0,1,2018-01-24 17:08:52,299,145,1.0636,444,3,2,1,21,2,65413.7634,247,113.8337,359
1879,4e7f281c2e635e53d5a477bcfb5cafe3593b71be,0,0,0,2018-01-25 08:52:17,49,3382,4.9358,3431,62,1,1,25,17,69890.7749,1000,575.0,59
1865,a354a9a71a24316930f67963877cf28ea8279011,0,0,0,2018-01-25 09:49:29,3017,96,0.2463,3113,5,2,1,937,15,57650.981,801,486.6317,6250
1715,5757942d598afa4b2df6a0beb8da38052dbbee10,0,0,0,2018-01-25 09:56:35,27,15,0.1039,42,11,5,1,251,2,81825.4989,782,432.652,6112
1883,23ff1203a0583d2859b3f0f92f4cb0c604b83baa,0,0,0,2018-01-25 11:01:09,1278,901,5.555,2179,90,1,1,10,16,76093.836,745,437.4627,5828
1807,e2c2cf414ca1224fbbcf9115352a9972eaa047b8,0,1,1,2018-01-25 14:15:57,39,13,0.3751,52,2,2,3,39,8,5531.4995,768,467.2022,5822
1882,91dc1c9ad0bc4430b069ca09b59b750a5166fa86,0,0,0,2018-01-25 14:19:35,880,62,0.0375,942,1,1,1,36,11,0.0,143,102.8964,260
1884,3eb4cc07ba6a81a733b6466f2e5ae56ab80a6a55,0,0,0,2018-01-25 14:31:01,469,618,0.0627,1087,1,1,1,37,4,2942.3307,107,108.3646,235
1853,572281452b8f9ea657b4bc1a7300b81e94885ad0,0,0,0,2018-01-25 14:50:42,6,3,0.0256,9,6,6,4,23,5,4010.999,124,103.0359,282
1880,c71fb422a0fe8d8a6f550b63dcbd4d5be6fbee2c,0,0,0,2018-01-25 15:08:53,2753,8089,0.0555,10842,8,3,1,1130,11,61627.5198,235,119.2561,112
1885,e609f81122905b33610f7cc9fcc1163cf750d98d,0,0,0,2018-01-25 15:23:17,51,79,0.1537,130,87,2,1,36,10,59679.002,198,142.6014,437
1876,635c29d87cc036e96a458b1ba76d51f6135668e4,0,0,0,2018-01-25 15:23:36,26,618,0.0,644,1,2,1,68,0,5600.6023,197,122.5689,544
1825,8f9dbeca8bbb8f74bc17410b2f39903ea1f95af1,0,1,0,2018-01-25 16:03:39,574,284,3.1973,858,28,18,2,409,62,42491.6474,804,424.7442,6463
1864,535d139260faf73b289ae6bbed812d831cd75805,0,0,0,2018-01-25 16:23:22,127,96,0.1171,223,1,1,1,23,12,46217.5987,238,133.0908,296
1888,c100936fc54add940e024a96a1b111fc9ae75a4c,0,0,0,2018-01-25 16:28:17,56,8089,6.2875,8145,2,2,1,21,5,60791.5007,206,112.3959,50
1889,a12aca3834830feccb067ae04e4159d41c24f45e,0,0,0,2018-01-25 16:32:28,2753,143,0.1743,2896,99,1,1,21,1,63491.2129,245,134.7962,481
1886,74daaefbb9b1cb74fd0228d3b81b024bb4e8b4ef,0,0,0,2018-01-25 17:37:05,135,73,5.2833,208,5,3,17,22,2,44848.0812,247,108.408,137
1890,235dad10f23306879fad0cb1577809c767a26f5e,0,1,0,2018-01-25 21:31:57,725,44,3.027,769,12,10,2,1068,9,58859.2511,27,13.4337,81
1893,c2c4f492fd44f6252e33f0b63b865ac07d51b51c,0,0,0,2018-01-25 22:02:20,63,57,0.6878,120,7,1,4,871,11,77192.7221,159,76.5417,157
1892,71dee4e6ffdf01be3f0952e183f401f210133b29,0,0,0,2018-01-26 04:59:38,3581,23,5.1282,3604,1,14,6,28,9,13396.1024,42,18.9347,3033
1777,3dbd68c421baa8fc0f73bd0448ebd0b0a269c6cf,0,0,0,2018-01-26 09:56:39,1278,16,0.0993,1294,90,11,1,15,5,73578.1529,815,321.9083,6831
1903,e0b0f45bd9c8b06bd2cda56f6859d0d3944aa00e,0,0,0,2018-01-26 11:06:44,253,93,1.8172,346,8,3,1,64,14,44705.4866,848,330.7299,6538
1898,31e97e57ceeaf37264ab6db078552b73ee5121bf,0,0,0,2018-01-26 11:46:44,386,2952,1.0617,3338,8,3,2,36,2,50685.026,807,365.273,6892
1790,f53f846578c42f4c5248a3dde31df3ae4d69959b,0,1,1,2018-01-29 10:30:48,4511,183,2.7323,4694,14,10,6,165,40,53636.6209,739,53.0,14110
1904,c6526fb7dacedac9cc07a971c5553ba86abcf20f,0,0,0,2018-01-29 12:00:33,2467,31,4.9358,2498,2,19,6,916,2,70249.6006,127,92.2686,64
1908,a03fbf91b4c40d20316bf62e4baa9d75c157e4c5,0,0,0,2018-01-29 12:58:09,56,2388,1.0071,2444,4,2,10,24,13,58749.498,1000,575.0,2713
1877,26918c953287c7940120dfcfcc10dd5a42beaf81,0,1,0,2018-01-29 15:17:24,191,56,2.6126,247,7,6,2,3,15,13672.9729,31,26.2055,133
1901,8f0e6e413f141553c1642938fac0964b49612e79,0,0,0,2018-01-29 22:24:24,44,37,0.1425,81,24,11,1,52,11,6916.9732,820,316.2065,6494
1897,13bb32ef891428fe9e0e14b6ecc525f15c52c40a,0,0,0,2018-01-29 22:54:57,9,30,0.0433,39,1,1,1,21,7,1959.0802,850,326.5262,6817
1934,ab8316f31a4de0648ab3ffa9f19fcd419aaa3bb9,0,1,0,2018-01-30 08:22:03,6757,24,3.5332,6781,30,16,7,1095,124,48876.3239,676,486.7856,8240
1909,67ab701491c5a5b95470e1a3b06270ebf33fcafb,0,0,1,2018-01-30 09:09:16,12,28,4.9358,40,62,19,1,21,12,68778.6715,1000,575.0,3033
1921,634bb1aac7f751a8561f1fca21948e0fca2d06d5,0,0,0,2018-01-30 10:57:30,53,28,3.182,81,4,15,5,728,0,9839.42,736,403.894,1532
1910,be2b911f2c75b21bd2d8f64cb5fb0ec3d2ad6426,0,0,0,2018-01-30 13:38:10,77,47,0.9996,124,4,3,2,14,21,19078.0704,448,265.2155,432
1916,39657d925653926c5d68b574479e22c3cc3929ef,0,0,0,2018-01-30 13:45:10,104,58,1.117,162,5,4,2,69,25,24380.7454,430,307.2782,694
1848,4bbe2dc146d0e24ceb9f6a6ae829c88962173a9d,0,0,0,2018-01-30 13:49:13,130,42,0.8172,172,5,2,2,60,13,44362.3455,493,290.8716,445
1913,02ea508736e06e08ff53921994b29ce8db0f5f50,0,0,0,2018-01-30 13:56:43,21,12,0.0308,33,11,5,2,9,6,82822.3573,141,103.466,142
1923,42f49ac9172fe5c3ff4cc45ccf5d82142351e4e2,0,0,0,2018-01-30 14:15:49,3017,1618,1.3201,4635,2,37,2,51,7,57195.6987,776,423.679,6148
1914,709c9ff6f7240132a25b5138f4541396a54e8fde,0,0,0,2018-01-30 14:53:46,2573,76,1.0095,2649,4,2,1,820,5,69565.917,817,360.4771,7032
1924,78df079bec8e63361f246fc698e0787ba232f083,0,1,0,2018-01-30 16:03:14,40,2926,1.0806,2966,3,2,2,989,7,8297.863,100,109.8902,444
1929,a79916b88ef3d97c11980c25d3887d43964c152d,0,0,0,2018-01-31 10:13:00,40,55,5.2754,95,70,1,6,986,4,72580.9284,201,108.1507,161
1925,2c0f4d4a3d6a801cdb5f2ae45fd7ed74811b634c,0,0,0,2018-01-31 13:16:34,175,776,1.1109,951,6,4,2,914,102,42522.3861,79,72.7122,446
1927,1310c725ab022323eec42c563e6f3a5c59479ed1,0,0,0,2018-01-31 14:35:24,8898,70,2.0013,8968,7,3,1,41,9,36643.7136,142,105.2288,277
1920,f577d2603fb0432fa7a15d54ee25f481bde95d95,0,1,0,2018-01-31 15:57:45,449,7115,2.8679,7564,15,10,4,47,13,65020.1118,787,359.6091,11413
1899,d85a62db13a1d90159e7e8f924c8006febad552b,0,0,0,2018-01-31 16:01:33,75,8613,1.7144,8688,5,2,26,1183,138,30737.9874,823,346.7753,6831
1933,1733e734cfcfa1c45eb3f10289a997e1c95fccb5,0,0,0,2018-01-31 19:01:24,67,694,5.1282,761,38,14,6,34,8,10579.8307,47,52.8048,169
1757,62a777bc8ddfb4e34d7beaf7091a90b0bcc70c51,0,0,0,2018-01-31 19:06:09,49,3319,0.0783,3368,2,32,8,46,18,38674.7803,59,58.8608,192
1928,ffd7995b932ffcf03731c4e423676e370639507b,0,1,0,2018-02-01 10:11:48,78,7302,4.9874,7380,50,31,1,1020,9,67750.8209,214,114.9198,365
1932,08f7284ab047ada1be0c7e0447000f179d8f33a2,0,0,0,2018-02-01 11:05:59,108,107,1.8358,215,3,19,6,916,7,69958.4301,112,108.2482,13
1881,b5d459a5107dc606473ea40849460e17e6afe5ea,0,0,0,2018-02-01 12:05:56,684,1275,0.0476,1959,11,1,1,31,7,82525.4208,202,114.1641,458
1894,e8d6f397c471842dc412c2f8636c7127067a2e44,0,0,0,2018-02-01 13:37:15,57,45,0.0588,102,90,11,1,118,30,77682.1722,743,440.306,5895
1931,fad60bea22ec58dc56f4dfd26f8be1033bfd7985,0,0,0,2018-02-01 13:53:57,3581,694,5.1282,4275,4,2,1,1002,4,10922.8175,51,59.0669,414
1887,130ca4ec3895825022c2a05c0022684ab8c1a3bf,0,0,0,2018-02-01 14:27:46,2753,291,3.1389,3044,16,5,1,40,9,63915.6555,201,108.2089,190
1926,80883feeeba5232ecd41fe6759c69bf2ff1a6483,0,1,0,2018-02-01 18:51:59,1514,216,3.2306,1730,12,5,6,1020,13,67584.762,779,317.4831,3033
1975,3126bf522925a4f9a5cbf4c33077dbe7664363fa,0,1,0,2018-02-02 07:45:49,2118,1562,2.399,3680,20,2,3,855,116,50571.2304,1000,710.5,2844
1973,85bfc073680667e9daa16439d33fa86c1c0be133,0,1,0,2018-02-02 08:38:37,3017,1618,0.4073,4635,11,37,4,0,130,60884.7498,752,278.4937,4945
1938,5e41eaab9c9feff743ca79ddbee11704ceaa2b2d,0,0,0,2018-02-02 09:33:50,2651,2388,1.9301,5039,3,3,10,1068,7,58973.3969,26,575.0,54
1942,06acdc1907300862d5faddc4e882f5f6dd670edb,0,0,0,2018-02-02 10:06:35,477,84,2.9356,561,5,5,1,1022,6,42395.041,770,469.5455,6096
1939,e7d7ef1215a8f6bf8a5c7cb9a4627ab9efe7c22b,0,0,0,2018-02-02 10:21:55,2467,3382,0.1123,5849,3,1,1,8,13,71157.3154,114,86.2881,3033
1664,b5a7b357856a7dc1315e7fae44d5032dbfa9dda3,0,0,0,2018-02-02 12:57:55,684,36,3.0268,720,1,5,2,868,0,86197.5553,156,83.5087,763
1946,91eea376eee1ca2612b0f0603511b5eb52f11195,0,1,0,2018-02-02 17:39:51,398,8778,2.2375,9176,9,7,3,1377,18,49003.8569,152,86.9558,236
1943,b5ffd5f8a57d7bc09bb7cbfbeb4a0a56eab53ff6,0,0,0,2018-02-03 06:08:29,251,1143,2.2346,1394,3,4,4,52,20,54300.9754,24,575.0,3033
1951,313284f535bc84ca3f47bdb07f0553fe3326f70c,0,0,0,2018-02-03 16:41:51,167,39,0.9742,206,3,1,9,1128,10,46954.3582,752,446.2694,5803
1936,32dea9a0b97faf82cf7dcc7e3411748544d6633e,0,0,0,2018-02-04 00:15:25,319,1815,1.6645,2134,5,3,7,12,7,23566.7054,1000,7.3061,70
1627,892eb8557e426e3ac1f824baba68c952eb9fe485,0,1,0,2018-02-05 13:40:50,436,439,2.269,875,10,9,5,16,40,26054.7202,369,41.3618,181
1949,99c255663c6536f8122964a8eba760af47d76678,0,0,0,2018-02-05 15:01:48,1512,38,4.7077,1550,43,2,1,35,114,19935.4301,421,308.3884,235
1952,a0aa83f56934ad05b8a63c83b1e13c0850a9e98a,0,0,0,2018-02-06 02:32:40,68,59,1.4574,127,2,3,1,9,6,62309.9803,5,3.2735,18
1953,d306cc7b3a970f3db82f562a2287f1358f73b703,0,0,0,2018-02-06 09:52:40,3017,61,4.5011,3078,5,37,8,41,134,60445.8315,735,419.4877,6182
1872,22bf3861c95ed93b2eb5f8d0661d282ef6cdbbc8,0,1,0,2018-02-06 10:01:36,776,352,0.0,1128,42,1,3,403,79,64380.4775,859,515.8869,6634
1957,5f573804f0f486db7cc594ae678adff5ae7f217c,0,1,0,2018-02-06 10:05:40,1953,111,4.0379,2064,37,16,1,86,26,34638.3723,837,508.7632,5511
1937,c1280a5056196e2c20e50dc6c3631ca93c877e58,0,1,0,2018-02-06 12:31:02,522,157,3.6388,679,23,13,3,133,56,43030.6454,104,30.8064,369
1172,312fb8d672bd084240a914b9ad276e79ff0020cc,0,0,0,2018-02-06 13:24:36,3581,24,5.1282,3605,3,1,1,1002,10,11643.6209,422,246.3833,1804
1177,d45ed29722e45aac869f5235a9e9e91cb6fc6b9f,0,0,0,2018-02-06 14:25:03,2651,88,0.1922,2739,87,2,10,1068,134,58710.666,496,302.4732,302
1950,4c38b38b39321db883986898d8f0dfb0621a7493,0,0,0,2018-02-06 15:29:16,82,63,3.6595,145,51,18,4,26,10,80519.0906,116,107.5285,40
1176,c9bc97490ed8a658f03cb65a776fba2053b2d46f,0,0,0,2018-02-06 15:47:28,162,164,0.1619,326,2,15,1,989,10,9435.8133,725,433.8463,423
1179,eeb453af12b5d49e8f49667f93ecc0e9e8093532,0,0,0,2018-02-06 18:11:53,24,54,5.0588,78,2,1,1,1050,10,20339.9978,747,438.8848,5846
1954,ae3d547afe7ec44d37beeee38222a3ea40d9181e,0,0,0,2018-02-07 00:11:18,10,1275,0.0512,1285,11,1,2,25,0,81473.9951,15,10.614,114
1955,e7f4f53c131d919db1073adedbfa487118cc0ab6,0,0,0,2018-02-07 09:31:41,684,1275,0.1921,1959,1,1,1,39,107,84613.6321,512,298.2654,1753
1948,c85d5e3bc2dcca21cc82b92e71a700dddeedfbb1,0,0,0,2018-02-07 11:25:35,20,1275,3.0268,1295,1,5,1,868,1,82535.3409,58,72.1102,201
1947,0af22bf284967c8f7e658b8eef3a91d407dbd8eb,0,0,0,2018-02-07 15:16:29,14,220,1.4662,234,2,3,2,115,29,62421.1904,113,109.7256,345
1178,9628dc8917b2f69bb04119c1d41932076632de01,0,1,0,2018-02-07 16:22:01,329,31,1.6562,360,6,3,2,24,17,59501.6213,35,30.9602,163
1182,dea4172604126fc40fc8fbf7f83a632733bd0dfb,0,1,0,2018-02-07 16:22:37,246,60,0.9349,306,3,1,16,15,1,62595.6153,43,45.4473,3558
1175,c212701d56cfe9cffd9e5dc1e34c3483a50f8182,0,0,0,2018-02-07 16:33:03,869,67,3.182,936,24,15,5,5,14,8001.6185,402,131.9845,35
1186,24c242977991c124d928798b4d71d569b6a32e4c,0,0,0,2018-02-07 17:58:32,49,2926,0.1222,2975,24,15,5,989,20,7203.7235,798,477.4082,148
1902,ca9ee35c12e902c58d5d5d8077da258663386487,0,0,0,2018-02-08 09:27:27,1278,901,5.555,2179,90,1,4,38,1,75082.7176,774,471.3295,5840
1190,f719befaa1c00997ef34809e121f6192f44f7164,0,1,0,2018-02-09 13:07:31,397,229,1.2618,626,12,7,2,109,35,29916.4231,750,461.6942,6293
1181,0587bf830bd854537b678b3aac4187da44c1a64e,0,1,0,2018-02-09 16:40:13,211,70,2.0589,281,4,4,2,58,25,37620.4793,17,8.2806,3033
1195,d02167dc5eb6a6d8520955499e84dd4d06f06f6e,0,1,0,2018-02-10 06:52:13,5665,4441,4.7147,10106,61,36,1,229,103,32707.2283,1000,84.6258,3632
1917,1c02e1a43219890b4e9d7f2451f607a51a4ac348,0,1,0,2018-02-11 18:43:15,205,458,1.0119,663,1,4,1,69,19,44608.0226,740,468.3264,6159
1191,24c30878ed6f6ed1599a5ec23362055e0e88916f,0,1,0,2018-02-11 23:51:48,183,8613,2.8045,8796,14,6,2,134,25,29127.803,768,465.6629,5830
1194,2450d2b24006a4db846b9b688f9b598e3fdf7c6e,0,0,0,2018-02-12 10:11:36,1687,34,3.8625,1721,23,21,2,34,14,56239.3656,1000,16.242,173
1919,f429b4cdeef7cce07341c1d0e8cdf23a89399dc7,0,1,1,2018-02-12 10:39:17,170,120,1.4641,290,1,3,11,14,7,40273.365,766,458.5227,6043
1196,1e315f0dd25169a029b6087fabb15b6709881b8c,0,1,0,2018-02-12 14:28:04,22,62,3.0268,84,2,1,1,868,9,84390.59,1000,7.2263,30
1198,f57b9833aaf7649f79b72efd4a033fbfb4f8e218,0,1,0,2018-02-12 15:33:15,21,33,0.9045,54,3,2,1,43,11,13371.6573,736,444.18,427
1243,6c09c057846fecd456bfbe77773dacabb4800370,0,1,0,2018-02-12 17:18:44,1901,690,4.2126,2591,41,17,3,769,137,25996.4502,211,74.5555,439
1201,5103e57279426e783b671ae39258852925f0e6b7,0,0,0,2018-02-13 09:33:31,55,465,3.6595,520,51,1,1,13,7,77866.1198,478,269.9484,253
1199,1321c17047daed756ce4216814b8708162a57e83,0,1,0,2018-02-13 11:41:44,264,338,4.4356,602,26,13,2,321,76,62699.1233,699,402.8892,5848
1209,341467dd58e4bdcfe133a31d8cb32b6a6a8d7559,0,0,0,2018-02-13 12:18:01,39,49,1.6179,88,4,4,2,100,21,18044.3555,767,465.1354,6196
1200,5ed180c8121992d1b64dc879c9b6d78d00e57c92,0,0,0,2018-02-13 13:27:31,1278,901,0.1807,2179,90,11,1,65,6,74072.8176,772,439.6653,5802
1843,010f44c714907d6d0cb957ac9bea036cbc34c436,0,0,0,2018-02-13 14:13:50,684,1275,0.0549,1959,1,5,2,19,107,82174.0001,31,43.4954,81
1210,0f5c96bf16aee78b025b1bdecd7377f2681311d9,0,0,0,2018-02-13 14:33:11,155,81,1.6304,236,9,4,1,200,34,37437.6059,773,438.2614,6086
1941,4756573c257cfbc2390a4fc64e65f4de449a53a5,0,0,0,2018-02-13 15:34:31,2062,1200,0.8543,3262,56,3,1,62,15,33915.7314,782,466.0133,6156
1208,0651876ae4d0c790904f60b1728e9009fd4e52a4,0,1,0,2018-02-13 16:29:32,328,8613,2.2391,8941,7,6,3,141,39,30836.1544,769,457.3449,6574
1202,e75481cc6c5240e976f7eb829152153731fb63bf,0,0,0,2018-02-14 00:33:59,75,694,0.0589,769,2,14,1,29,7,12436.7223,1000,575.0,3033
1193,d8a8866973f7e0463047963e6b242cdc2cb82fec,0,1,0,2018-02-14 11:09:01,49,153,0.9339,202,7,3,4,104,18,78297.3062,772,434.5211,6206
1207,e3e601b39492291b5837e58741bf7da46c76404a,0,0,0,2018-02-14 13:58:40,7,2003,2.0859,2010,5,6,1,154,40,27251.7401,2,30.3813,4393
1184,84418d0b9183fbfeb3919fcb0d2f17708f786628,0,1,0,2018-02-14 14:44:06,775,752,3.3351,1527,35,11,4,77,36,42806.0223,807,489.9235,6993
1204,39df56d6aebb3911f19593dbf120d42789e8db5a,0,1,0,2018-02-14 15:48:47,1191,6,4.061,1197,33,10,2,88,30,45882.6697,90,53.0912,358
1215,75b8398b58e6a7d0ea2c86e85d6c36de6f26537e,0,0,0,2018-02-14 16:52:35,47,1815,0.115,1862,3,2,7,827,13,24877.2629,344,122.947,182
1216,4e6d22b2135216d1fab97477a6058faf1f84b789,0,1,0,2018-02-14 19:47:11,439,102,2.2981,541,4,4,3,21,22,48748.049,86,76.5532,410
1906,c7d2a0da4107175d82875f98f440767481ad9d8f,0,0,0,2018-02-15 07:19:54,6970,8778,0.4106,15748,80,4,13,69,138,52263.9082,713,498.9223,26
2195,93176e5e889d0d51c4d06145a261ed89b06a8381,0,0,0,2018-02-15 08:12:22,41,8089,1.5557,8130,2,3,2,38,16,61810.9721,230,131.5612,447
1223,a621e2f1308e120bcb149e9877b781062e59842b,0,1,0,2018-02-15 10:05:35,2573,137,1.4523,2710,5,2,16,110,25,69873.9101,772,442.1599,5725
1214,35ee062eab984c65ede3511e66ff13c2bca43770,0,0,0,2018-02-15 10:08:04,56,56,5.5611,112,2,2,16,44,13,70390.4855,782,442.3427,5774
1704,0e87e485ba14fc0c8a5f5aa96c79b45ef7fc45d1,0,1,0,2018-02-15 10:16:12,240,35,1.8628,275,9,6,1,19,13,63081.7551,748,466.6225,6052
1211,16451a38fdc206dea74f255f4fde6f8d8b3cba17,0,0,0,2018-02-15 10:32:15,2814,80,0.0637,2894,2,31,1,13,2,66201.1516,58,72.4497,197
1217,a144d0f77fb249aaf609b448e30137bbd3d98a65,0,1,0,2018-02-15 13:41:39,178,2465,3.1237,2643,17,12,3,68,26,44500.7762,153,78.3147,515
1218,1897e238eb9556e6c3e1ffd1169109ec9ed8f217,0,0,0,2018-02-15 16:58:35,7,44,0.0591,51,24,1,1,3,14,5737.24,769,464.6221,5808
1221,65081ac72d18f610db210c5fe030805141a9b2e5,0,0,0,2018-02-15 17:07:49,410,386,0.1572,796,4,1,2,17,17,790.9988,722,480.1867,6316
1225,6868cacdf309404a553831409734c2f65f16587c,0,0,0,2018-02-15 17:14:55,26,193,3.0646,219,12,8,1,211,4,17226.0,733,426.9844,6347
1229,d780b78b0c98f795a482927e4cdc158568df8dd7,0,0,0,2018-02-15 17:44:22,71,145,4.6287,216,59,3,1,827,127,23402.5003,778,314.6374,2144
1220,159986292e35a71737bcc434d5f20f385973fafa,0,1,0,2018-02-15 20:37:44,1154,51,2.765,1205,13,11,4,27,23,43257.39,50,31.594,10
1232,62b6cea685fbf83e475d3dd5d05614fc533b410c,0,0,0,2018-02-16 09:08:04,273,52,0.8945,325,4,3,1,28,12,69046.296,739,461.5058,5716
1856,8bb9aa4ed96f8f9fd189f67db869f177f7231e84,0,1,0,2018-02-16 12:56:29,645,295,4.3226,940,24,5,2,72,34,55052.6882,503,253.7329,297
1226,200733890fd68b5489efc9829355136696ce2bb3,0,0,0,2018-02-16 14:00:23,1961,32,3.6595,1993,2,18,1,18,0,79794.7961,90,52.923,3033
1224,ab8e9bdb8428b8c9b2c7a72ccd3f9e7b6e2dad58,0,1,0,2018-02-16 14:15:19,889,194,3.6575,1083,20,9,3,52,23,61669.3266,89,81.5641,471
1235,4be3a9c8127e2e88b52803ffef37db678dbcb057,0,0,0,2018-02-16 17:01:45,3581,43,0.1546,3624,38,2,6,1002,1,11300.2117,868,309.4301,2495
1230,fac5aff979976b19b49a65243cfcc788dece8bcf,0,1,0,2018-02-16 17:01:58,120,76,1.8194,196,7,6,2,48,20,12973.6449,701,429.8986,6810
1206,eeac022f0538e0979e6ad4eb06a2d1031cbd0146,0,1,1,2018-02-16 17:26:12,555,40,2.1787,595,8,3,2,66,21,18321.578,50,5.8346,3393
1236,21491b2717e3a60e63dcf4fb0aa839b9885be67a,0,0,0,2018-02-16 19:21:07,133,694,0.153,827,2,14,6,4,13,10596.1335,809,349.3674,900
1212,fafd5b6ad7aeb658eda9d100a286c647d3729498,0,0,0,2018-02-16 21:32:16,2182,59,2.4311,2241,4,2,3,59,22,27471.4738,489,258.3715,2030
1233,a926bc69416059acca91b13508bf1b159d921c73,0,0,0,2018-02-16 21:42:51,5665,4441,0.8678,10106,1,3,2,31,11,30947.1071,460,283.6095,177
1238,612e2d83402ba2c3eb68d7a26f1b5f22b283583e,0,0,0,2018-02-16 22:09:54,37,139,1.7485,176,7,36,1,46,2,42320.1329,485,289.3612,3064
1244,a904964b75cd2403d3bfe6b705295fd0a676ed9d,0,0,0,2018-02-16 22:52:15,157,153,0.4365,310,68,3,3,826,115,27608.7497,527,232.2236,397
1203,d9d89ff1ea08e2053ef56bd256881f00616dd74f,0,0,0,2018-02-17 18:18:35,33,17,0.0715,50,1,3,1,15,16,2065.7742,809,416.2632,5629
1240,ec752138b0d1352c6a18e116fd469bcc1ca4dd42,0,1,0,2018-02-18 11:21:45,649,250,3.32,899,17,8,1,23,13,64864.0244,712,477.3235,6476
1239,d3114cd90d99bb11f1f55b5d5ad0576527541b41,0,0,0,2018-02-19 08:04:54,57,49,0.0376,106,2,1,16,54,27,30008.5646,47,31.8643,3632
1241,5c18fa5b7214a0be73d208046533477927a36532,0,0,0,2018-02-19 11:00:08,97,104,0.6871,201,62,19,6,16,23,69219.194,733,436.4156,205
1242,3d52f52e9e8339d168af2077449855421ea84100,0,0,0,2018-02-19 11:59:05,2784,1162,0.1238,3946,4,2,4,24,9,65330.5087,739,431.9326,5779
1248,facf2ac67ae3ffd4cffd7c6f8536fd7953795fb9,0,1,0,2018-02-19 12:28:41,2467,147,2.6338,2614,4,5,4,71,20,70440.1278,824,426.834,1282
1263,d9f2f2f83c8a099e687e158705375db1b56dca01,0,1,0,2018-02-19 12:35:45,1648,1751,4.8291,3399,57,27,6,752,129,37211.7373,189,452.5167,265
1237,1b1c00286adadab8704f1dc4aa8ed00fa0f16579,0,0,0,2018-02-19 13:04:27,55,47,4.8507,102,2,2,1,1041,3,36464.815,42,51.4683,69
1245,93a457945f74e96697d9911de575072185098e32,0,0,0,2018-02-19 17:31:40,51,95,0.0986,146,1,31,1,17,118,66653.3759,52,54.7394,8
1249,46e6d483c63caad90dbe8f6bc50049c001f74edc,0,1,0,2018-02-20 10:58:54,424,181,2.8792,605,15,8,2,66,9,60124.6553,102,54.1806,211
1253,cb08aca3585bde903bc879b2009c7abdcd225019,0,1,0,2018-02-20 12:41:45,287,277,4.0025,564,13,4,2,52,23,57251.1399,445,295.9246,970
1268,2a18f0532b22edf8b821ef883598f4ee52367711,0,1,0,2018-02-20 16:48:27,254,967,2.7383,1221,22,16,8,2,116,27796.089,703,422.0774,8024
1246,4bf76ae69e3f22e25c2dad3e802be094554b5d43,0,1,0,2018-02-20 17:04:12,3581,8,0.5943,3589,3,2,6,38,10,12006.381,184,120.3288,822
1254,f9daf9cc4243a80b38a1f81bf2b9b37565fe2d61,0,0,0,2018-02-20 17:05:54,3581,34,1.6131,3615,5,2,6,13,10,12600.4419,162,119.322,905
1260,81259ad28b58b82ee836452903a37e4172d8468b,0,0,0,2018-02-20 17:06:41,40,694,0.0787,734,2,1,6,33,5,12336.9422,183,130.648,905
1247,d30df346b43180a5a5e90b84b0f19b7f379985e2,0,0,0,2018-02-20 17:07:02,33,2926,0.9895,2959,4,2,5,57,4,10078.0,147,140.1871,762
1257,1619fa8abe8d605b14ee0ddabcdc86196c50e24a,0,1,0,2018-02-21 10:27:17,2085,1497,0.0907,3582,2,3,8,61,7,38746.1198,102,113.7213,2
1262,2fa8a158640ab9a46c2bfb6610766e2458ebe7a2,0,0,0,2018-02-21 11:00:12,108,442,0.1194,550,50,2,6,901,112,64516.9744,82,54.7419,3033
1930,519639c64039563ac4f2a875a8cfa630b25e4e8b,0,1,1,2018-02-21 14:57:50,148,72,1.8296,220,6,2,1,219,38,19343.7241,743,470.0559,6109
1267,970d94e821d2341d200baf692ee2fbbc85e395b5,0,0,0,2018-02-21 15:02:01,38,44,0.7791,82,4,3,2,1177,2,44478.5614,61,69.0333,211
1269,6597e6747804b9c8cb9029bab28e2514917c64ff,0,0,0,2018-02-21 15:30:53,15,39,3.182,54,1,15,5,7,5,8322.0113,194,138.8379,897
1255,9fb1c23aaead71bd7e81a6a73be1b4206dac405f,0,0,0,2018-02-21 16:09:31,155,45,0.4538,200,2,2,1,15,0,35518.3905,192,136.9847,830
1197,e96f28bd381bbca6c5f7b0572c4527b9f3c7952a,0,0,0,2018-02-21 17:10:55,683,3382,4.9358,4065,62,2,6,27,1,71817.7501,420,159.3534,682
1298,d05248900b433735db05da57de3d0e837300077c,0,0,0,2018-02-21 19:40:25,880,561,0.3255,1441,20,0,1,795,92,1360.9454,723,258.6645,1018
1272,ff6662c979e7f8660a7f6039339d82a37abfc623,0,0,0,2018-02-22 09:15:37,116,2113,0.967,2229,2,18,1,18,9,37041.1837,161,89.2551,70
1256,662ed3df5270befae92af3f59ed28e0cfea4e55d,0,0,0,2018-02-22 11:36:53,281,5,0.8965,286,7,4,1,185,36,58585.251,725,479.0545,5843
1276,30eb8cd026a2e00397cea645814b384f5774366d,0,0,0,2018-02-22 13:17:06,684,1275,1.6853,1959,4,2,2,46,10,81966.6797,144,111.1665,755
1270,4fc3bcf382a4c99ac88adebaf1d950bba0cc7b53,0,1,0,2018-02-22 14:37:28,2,3,0.0114,5,1,11,3,871,3,5234.5584,760,451.2604,5960
1275,529b5128e9f6a7b8f368d6c22b90885667579352,0,0,0,2018-02-22 14:37:37,9,1,0.0105,10,1,1,3,12,6,5245.1894,760,455.1541,5963
1279,6e9e0dd6eb3c4fdb1168cc4e294d9fa52641ddb0,0,1,0,2018-02-22 14:41:38,9,41,0.6059,50,1,2,1,16,9,57117.9574,20,23.5499,234
1282,3969170f5c2dba5ab76bed617648531b1e9aa435,0,1,0,2018-02-22 16:01:05,323,2240,3.6802,2563,10,7,1,153,35,23125.9184,788,421.9375,5543
1281,c73f94e21c0d6e5ebd9b91dfa6b6e20da528093a,0,0,0,2018-02-22 17:24:17,24,37,0.0633,61,2,24,1,90,22,20930.3982,745,437.0943,6127
1286,6165b3db5587170bed1a40bb1e5f2f3613f24e3f,0,0,0,2018-02-23 01:55:57,82,48,0.392,130,3,2,1,20,9,40518.5293,37,24.1373,306
1265,3c8a673f99dc6ba28987b827cfc65f348a26ed32,0,0,0,2018-02-23 03:29:16,63,50,0.9437,113,98,2,2,10,14,46649.0196,35,24.5907,3475
1280,18b75e32bb8f4f155f729574b2d377459104471e,0,0,0,2018-02-23 09:19:58,21,7302,4.9874,7323,50,31,1,19,6,64533.6259,166,132.5498,877
1285,496239806e68535c9c8291e320f8886d3a1b8709,0,0,0,2018-02-23 09:35:41,55,111,4.9358,166,2,1,1,26,119,71412.3768,209,111.1746,800
1305,617e67c2f540b62b97ca5198b6a5c42b89b6f392,0,1,0,2018-02-23 09:36:09,452,8089,4.1377,8541,29,23,6,949,120,60410.6154,196,33.7936,89
1288,2c2e1896bba7805e6afa96cfd9040729c35c2742,0,0,0,2018-02-23 10:27:54,1961,37,0.0637,1998,51,1,4,23,8,78444.3614,118,104.9398,74
1284,42f71f61c1ae683cd39887cb3d921c0d0cb67619,0,0,0,2018-02-23 11:11:14,1961,2,3.6595,1963,51,1,4,871,6,79089.1808,146,89.3828,340
1293,fd5b680d30546e546ea616d3a4d25de659414f84,0,0,0,2018-02-23 12:56:29,5613,3829,0.3613,9442,98,1,12,3,10,48777.6348,153,106.8708,964
1273,e04639d10da1d949f95bdf00534e85a30b11a284,0,0,0,2018-02-23 12:57:10,3439,21,0.9331,3460,97,2,1,61,19,40216.2338,765,463.3003,5930
1294,7cad1d33a6e82dd1b7255dcb3671c719da43097d,0,0,0,2018-02-23 13:06:00,12,138,0.6237,150,3,2,1,8,9,601.4458,201,134.4949,928
1264,16ec3d7ea12c520c5c86f0721553355cc938c2ae,0,0,0,2018-02-23 17:13:31,27,17,0.061,44,1,1,2,18,6,858.9059,775,432.6373,5851
1291,e461208a9473036b41fb17a737f5ac18cd9c49f7,0,0,0,2018-02-23 17:51:44,178,25,0.0837,203,51,2,1,49,17,17452.1401,732,441.0377,6128
1295,e0bc37bef69f5376d03214578e9b95816add661b,0,1,0,2018-02-24 06:50:55,248,2388,2.7405,2636,9,6,2,9,15,57784.1492,21,19.2658,25
1252,0ae7364bdd2a0ad1db1ec02dc6b1b730187f2b78,0,1,1,2018-02-24 13:52:44,9,4441,4.7242,4450,71,1,16,21,11,29789.4557,6,1.654,3632
1296,2c40697e46c0e4e9b7c5b86a3ef94b31c3330cb6,0,1,0,2018-02-24 14:39:31,77,84,0.7236,161,5,4,8,60,15,20300.0331,764,444.6483,6047
1289,4e7f03e418ced740a731c9323dabef7a594db43c,0,1,0,2018-02-24 15:20:58,176,266,0.5744,442,3,4,2,73,23,61358.4042,767,53.0,6357
1266,7b5c53f55417849d430426f0babc5794bad5430a,0,0,0,2018-02-25 13:34:24,3581,15,5.1282,3596,2,14,1,1002,14,11310.7408,160,108.9743,76
1297,296f9ff742425d348d72ff598da31022aea70778,0,0,0,2018-02-26 02:54:53,46,161,1.4821,207,4,3,1,15,138,52025.4219,37,28.8049,58
1300,bbf7ff2273d3e7724abdd6eb6414961a26e53159,0,1,0,2018-02-26 05:00:06,1085,96,2.1944,1181,11,4,2,51,19,46837.7656,11,34.3293,3
1299,7d1c6b44ea2ee8f6b176d3caf57e76a88ea17686,0,0,0,2018-02-26 09:12:44,31,1815,0.127,1846,4,3,1,827,0,24584.7823,371,163.2659,1143
1302,1e48b722d23dc160e065b04c93d41b8df1400c19,0,0,0,2018-02-26 10:52:50,5613,92,1.9105,5705,2,2,2,25,20,48525.4428,368,122.6712,3475
1318,0231460259b410f42dd4933cb3ae993450bf1694,0,0,0,2018-02-26 13:54:07,91,8089,0.4695,8180,5,2,1,1130,10,63612.4165,448,257.7937,123
1308,20bda911067dc2e2503e4447e498e2ff8731dada,0,0,0,2018-02-26 14:36:37,4779,138,0.282,4917,1,2,1,26,10,44729.9434,443,291.1093,315
1312,767027ff6f388f808842760b7cf8bc807f8e6913,0,1,0,2018-02-26 15:13:06,4307,26,1.1492,4333,3,3,5,35,6,15505.865,126,102.9843,335
1290,112c54fb07e2ffffa3f33322ba99a9d59c1a8dbc,0,0,0,2018-02-26 15:27:44,65,55,4.808,120,2,1,5,987,2,15367.8267,159,106.9598,776
1309,2ac3474c4482b0366a905bce345dc9f90e64ba2f,0,0,0,2018-02-26 16:19:15,19,2926,3.182,2945,1,15,5,989,5,8921.4225,443,295.7043,186
1314,420355715e43d5c870bd7f89808430fc959cedc4,0,0,0,2018-02-26 16:50:10,1512,1526,0.1415,3038,2,2,1,1021,7,20434.7585,158,109.7917,969
1316,e8de53817c60917776c7264623cf8adfd7886f93,0,0,0,2018-02-26 16:52:37,18,64,0.0402,82,1,1,1,1022,7,186.9019,188,116.6177,816
1323,9a69035d8c6b62bb6229d75fed6ab43407e35e04,0,0,0,2018-02-27 06:43:52,69,8089,3.6761,8158,12,7,2,1130,12,62464.1046,1000,23.2068,95
1251,b9b7416f4d6a708d22029a5e971af5b1f67e3296,0,0,0,2018-02-27 09:39:00,35,81,0.0517,116,50,31,1,15,7,65336.7806,151,88.2324,275
1306,aa86a86252881d5320e658b6f1315de7a62fac73,0,0,0,2018-02-27 10:11:59,2985,92,0.085,3077,2,19,1,986,11,73102.3312,444,256.2108,378
1317,a13f7b23440d865e451f68b1e5e0febb18e0e46f,0,0,0,2018-02-27 11:20:51,469,25,2.5,494,6,6,1,1000,2,3022.8094,432,252.1689,313
1321,ccb78b0abadc30871ada17b9b9173cc806f78d43,0,0,0,2018-02-27 12:40:51,191,2012,5.2754,2203,3,2,6,47,6,74541.3421,356,116.3315,1137
1311,6732669a684de0b230046b8f4291e367e35d9477,0,1,0,2018-02-27 12:42:09,93,188,0.0664,281,11,5,2,868,7,83063.3722,374,135.0133,591
1307,12cb09bd4d46da1979e3584622db584b0a316596,0,0,0,2018-02-27 14:19:50,31,5083,0.1156,5114,1,1,1,29,1,1815.9464,497,291.9384,168
1319,1e51e4369b8807489c415a7d8aae5e5cf4f66dfb,0,0,0,2018-02-27 14:21:50,880,134,3.9069,1014,2,1,1,45,3,1740.9258,498,261.9749,341
1326,92cf9378d788c449e855a98b8d1c049c0e0d2609,0,0,0,2018-02-27 15:04:57,49,2926,1.0992,2975,24,1,2,75,17,6976.1406,399,238.011,2118
1335,70de6da4660f09fe7e71afc7b05da15ee85da5ae,0,0,0,2018-02-27 15:53:03,869,2926,3.182,3795,2,2,1,75,6,7179.57,799,373.3733,2488
1310,c90a757b29f168144b1bae99df532911ae682e63,0,0,0,2018-02-27 16:23:20,96,17,5.1282,113,2,1,6,38,12,10961.9763,202,109.6457,87
1325,c74d8cac25e8c025ced11a9c03cd0cf07a8c2d6b,0,0,0,2018-02-27 16:29:00,5,33,3.182,38,24,1,1,15,110,8724.9454,165,134.6708,63
1328,10d52f268db3eda7ee1511ea30afb9a982644148,0,0,0,2018-02-28 02:51:42,15,1275,0.0368,1290,11,1,2,19,15,82750.1659,29,575.0,3033
1331,e8d16850948231070dbc3344c2b287d07e2647a7,0,0,0,2018-02-28 09:11:44,114,1794,3.3849,1908,10,6,3,43,6,69821.5514,732,474.8147,5885
1341,273fea4aa36123c0501845e4bc3f8777f203e596,0,0,0,2018-02-28 11:15:30,8898,2113,0.2112,11011,2,2,6,23,131,35968.823,875,353.2506,1599
1344,b19769db7f916b2eb40a9a68c0ee60d0b27da0a2,0,0,0,2018-02-28 12:04:19,36,7302,4.9874,7338,50,31,1,17,2,67638.0671,59,72.4053,265
1329,19874459d5fc750158eea9dcc54be81d5d4e08c9,0,0,0,2018-02-28 12:06:00,2467,3382,4.9358,5849,2,19,6,916,17,70907.2264,85,56.1066,90
1338,f409f9208f340a6b741818a56a9a07b236fb0a7f,0,0,0,2018-02-28 12:07:04,3581,694,5.1282,4275,1,14,1,19,12,13527.152,74,67.985,3033
1343,035257e425133de9368bbef268c38f179bdc68c2,0,0,0,2018-02-28 12:08:25,46,465,0.0683,511,51,18,4,37,9,80060.685,88,54.9125,84
1347,45397fe974e1390cd39a34fc2eb216f3771ddf06,0,1,0,2018-02-28 12:20:23,271,19,1.2138,290,5,2,1,14,21,60135.8131,79,72.6952,58
1337,f0a6ff76b732eb9fac6f204525080d04dcd8d8ea,0,0,0,2018-02-28 12:43:42,1961,465,0.1177,2426,51,2,1,871,5,79814.2127,432,247.6661,305
1324,3913382bfeccdf44fadde33c9adeb7be01978b35,0,0,0,2018-02-28 14:06:59,224,1143,0.0864,1367,79,2,8,966,116,54465.4449,405,151.1451,494
1348,f57793082f92b8052e4fdccc0aaf16f0c55777a8,0,0,0,2018-02-28 14:35:13,1961,465,3.6595,2426,2,18,4,25,3,78331.8648,373,129.0166,3033
1320,19a8d2ff361be8797d79074b39afb09d51cca671,0,1,0,2018-02-28 16:36:39,206,24,1.0012,230,3,3,3,42,16,17226.0,722,419.9603,6715
1346,96a176ac03bb1d188e173ba3bf14c29259d33377,0,1,0,2018-02-28 16:49:29,61,26,0.7103,87,2,2,2,41,1,481.6095,834,511.4568,5945
1352,8868ff5b057decec8257b972d2d4c3e13dd2a438,0,1,0,2018-02-28 16:52:45,5665,86,0.5623,5751,2,2,16,1051,1,31781.8868,15,17.3162,65
1345,f152542468b37783932fc2c7725a3a5871b7a701,0,1,0,2018-02-28 20:34:08,76,21,0.0238,97,1,18,6,12,12,36438.4339,1000,710.5,25
1351,6ad626ae51a157306ddf4165f13ff5eb5b4d5e8b,0,0,0,2018-03-01 08:43:56,46,13,1.0482,59,3,1,4,27,5,77153.3997,200,138.5343,3033
1355,128127a2410c84eef1442093e51b7e79e53f6b1b,0,0,0,2018-03-01 09:40:20,212,224,0.0956,436,80,44,1,68,13,51644.5737,153,111.9383,36
1333,b2a1b49566cc9dda3e393887371c678b48349fde,0,0,0,2018-03-01 09:58:14,2651,2388,0.0343,5039,87,30,1,5,1,59941.6188,42,44.8358,33
1349,4c849942b2734ed962245c6df23fb6b4d823dc60,0,0,0,2018-03-01 16:02:29,12,238,0.0496,250,24,1,1,34,6,10180.5553,745,462.2748,6153
1360,b25d30074c3f2b9474fc0597973e50a0b7b8f4e7,0,1,0,2018-03-01 16:05:44,2651,128,2.9709,2779,14,8,3,21,21,57820.6066,708,482.1364,1027
1350,a108a41ed2040d2466d073b4bc44bd3b484dd20c,0,0,0,2018-03-01 16:06:27,3,2,0.0274,5,24,1,3,28,8,5250.4499,756,455.642,6013
1359,b007d30cb1c209c0a0ce7c8197ee5311c7af2fa1,0,1,0,2018-03-01 16:13:44,31,901,0.0876,932,90,1,4,70,18,73009.0,771,458.5382,5926
1364,dabefa84bedb3abbc28dcf3cec6a1bf76bff6a28,0,0,0,2018-03-01 17:21:19,1759,81,0.2641,1840,59,2,1,827,5,23155.3514,805,430.5279,181
1332,6e33ebc9ec650be73673858da9eae2eeffbd59e8,0,0,0,2018-03-01 18:03:35,469,30,0.0849,499,6,1,1,66,2,3787.8841,791,420.2096,647
1354,07fc06dd163a9190038a2178e35ea97cf428a375,0,0,0,2018-03-01 18:04:15,1361,2240,0.1782,3601,51,24,8,1050,7,18956.764,783,431.6324,6088
1366,fb57e21fe26c39749d4594c1208fca0dd66b47b3,0,0,0,2018-03-01 19:09:55,410,386,0.1606,796,4,1,2,67,17,2.0,685,409.038,5335
1356,0424cbfcdd8005d18eeaf225001d5a5e7be25b67,0,1,1,2018-03-01 22:35:25,8898,2113,1.4833,11011,9,4,3,53,55,36218.0913,809,481.4383,293
1363,ebcc37bd06386ff652c6794630a9494a11b5a2a0,0,0,0,2018-03-02 11:18:05,469,38,2.5,507,6,1,1,6,26,4296.3285,805,416.0792,466
1340,51fab817af2c52478f532324411917ed74dd1b8b,0,0,0,2018-03-02 11:42:43,113,3382,1.1181,3495,62,2,2,78,20,68513.353,721,477.8949,548
1313,25ac971d39e0ed58965334a6735396d5d10e7278,0,1,0,2018-03-02 14:11:36,151,167,1.5757,318,20,16,3,242,48,48336.2298,100,81.3733,195
1342,193386bcd5d0e2003a831138d6282af1880e1ab8,0,1,0,2018-03-02 14:27:13,113,2388,2.6516,2501,8,5,2,143,32,57421.114,803,479.2786,473
1357,2d3c5d597359f51f310f9eeb994c55f516eb1a30,0,0,0,2018-03-02 19:19:38,40,13,1.2128,53,2,2,2,41,20,8147.1421,743,433.2978,6609
1362,344a47756fb2723a1f5fda2b67315c27f2125423,0,0,0,2018-03-02 19:31:36,26,15,1.9994,41,1,1,2,11,12,464.2804,724,429.2828,6234
1369,06110d27d5fcbf939610e2adc780e7ad1c467f6f,0,0,0,2018-03-04 11:11:29,202,2388,0.8365,2590,87,2,1,1068,134,60171.1498,854,318.4851,2344
1370,57ff6e8930db0bfdd8e7cbb8418d9a4b46ca4a61,0,0,0,2018-03-04 11:20:17,636,2113,2.1525,2749,3,2,6,68,12,37153.4,867,372.9807,2496
1367,4e0bc008e162bfbdec2151fbb10f815b81bc24db,0,0,0,2018-03-05 12:45:33,2985,2012,0.0734,4997,70,1,1,986,4,74509.234,481,292.5729,22
1334,c1b805050946f851123bca0c2b02fc82d025da96,0,0,0,2018-03-05 14:45:36,28,47,3.0268,75,11,1,2,44,5,82229.0636,361,158.9172,1112
1373,fdd1c6ed0fed229612ecde1565d90a06dbe6ff55,0,1,1,2018-03-05 17:24:17,8898,2113,2.2475,11011,12,9,3,93,35,36139.309,132,143.3018,2713
1375,489e42811157a9b2575f259f7cda2a2ee680d008,0,1,0,2018-03-06 09:35:44,640,2465,1.8835,3105,10,6,3,42,18,44975.0196,168,83.7958,1172
1371,be7c89596a3b9cd8805a90aaf32336ec2759a1f7,0,0,0,2018-03-06 10:21:08,504,3829,2.3816,4333,4,4,1,24,1,46474.4745,801,313.217,3475
1361,420122452f12c96a03d5eb0e66e074c607e1af0c,0,0,0,2018-03-06 10:30:54,4779,2465,0.2096,7244,3,36,2,1177,133,41306.4093,810,317.1617,104
1368,ca514e16dc36ab01e4051e76948e7cffcf17c56d,0,0,0,2018-03-06 12:26:59,68,465,0.092,533,51,18,4,30,10,80025.7135,422,302.6122,10
1378,53168d00cf07f1b93d048f3fc849ce354fa8c7d4,0,0,0,2018-03-06 14:54:13,156,71,0.8218,227,4,3,11,114,24,43845.4681,849,355.106,6780
1382,dd82f8720fa5aeb3a29c858cd7c032ff25f935ae,0,0,0,2018-03-06 16:14:54,1361,29,5.0588,1390,2,24,8,27,126,19817.1596,817,326.9141,6859
1383,4dcc492bdbd9eb986e0b367c27f53fda7238eeb7,0,0,0,2018-03-06 16:18:38,12,1,0.0207,13,1,5,1,251,2,82133.347,841,332.4881,6805
1374,1c7341ad1ad323746b88a4a2975dc91a7d9c5c0d,0,1,0,2018-03-07 05:58:45,339,18,2.0108,357,4,3,1,23,16,24256.0602,39,33.9304,4335
1380,f897c14c7581c1506575548681ac242ba136bbd8,0,0,0,2018-03-07 09:18:03,91,87,0.5765,178,4,19,1,43,14,71882.0384,436,289.7526,185
1387,5fa84c28fc1bfc62fa2e1165e3407fc81b3d09a9,0,0,0,2018-03-07 10:05:12,100,2012,0.012,2112,4,3,2,83,22,74472.0588,424,237.1551,1658
1376,3e6aa676e36824ac76258ff20723159b40c3a338,0,0,0,2018-03-07 10:05:42,880,287,1.1049,1167,3,2,2,63,13,2172.0,432,243.3407,1722
1386,31f4036042a4e4c7cf1ff8a057599e4abccf4f4c,0,0,0,2018-03-07 10:14:20,469,618,2.5,1087,1,6,1,34,3,3285.8157,451,304.4176,3033
1381,fb72a802b01ac9c4cb5fd3d3ca2032e9af8a1064,0,0,0,2018-03-07 10:58:07,86,56,0.1772,142,3,1,6,41,4,68571.6628,409,153.3123,1094
1385,2dab4374bc5280a2b4536f7ad1e153d6361a8885,0,0,0,2018-03-07 12:02:27,43,162,0.5246,205,3,1,2,94,13,6901.548,500,300.4082,1933
1391,e8e74a648a134fe054081a49a36b8c45f30c21bc,0,1,0,2018-03-07 17:12:55,450,147,2.524,597,13,4,2,1106,4,28732.9451,1000,22.0488,4393
1389,c531486288caf5241cdf7f0f00f087f3ce82239f,0,1,1,2018-03-08 10:51:38,76,63,2.1811,139,5,6,2,1068,7,58936.7313,35,51.9251,688
1766,5eae8bd423256fb372a57151e482c501c955c008,0,1,1,2018-03-08 11:22:32,2814,143,1.0151,2957,1,2,6,10,14,67004.3669,160,134.0389,3033
1716,57b3ce8ce84b5bfa47ca6afcff811842dad8e7cc,0,0,0,2018-03-09 11:11:55,2651,2388,0.8905,5039,4,1,2,30,29,59653.9706,155,110.528,79
1726,db8e1f09bd7dcd9f392bf987e96cddcb34665b6c,0,1,1,2018-03-09 21:47:35,790,109,4.6665,899,39,12,5,177,30,41963.0813,108,78.2527,376
1720,f190f5b0ea8b352f8965b8649901fcdfbcb55066,0,0,1,2018-03-12 04:12:56,29,23,0.0329,52,87,1,1,8,1,59564.0106,28,27.5569,62
1379,a389b4358125b68c83beb01966cec0cfc19e0964,0,0,0,2018-03-12 10:23:40,5613,80,5.6438,5693,98,38,1,20,16,45283.7225,160,111.5763,183
1397,c16e2c9b23fe0f287041a3eff51c7ee221da0dc5,0,0,1,2018-03-12 12:19:23,25,15,0.0358,40,1,1,1,5,134,47987.6201,57,40.6903,209
1719,310f3de62e52f1f977c217d918cc5aac79b87277,0,0,0,2018-03-12 13:56:32,258,55,2.9901,313,14,9,6,25,11,36989.5612,20,59.119,441
1398,d5fc25e6773625ba5e92cc6f4dd604f0c089139c,0,0,0,2018-03-12 14:08:36,869,2926,3.182,3795,24,1,5,25,8,7637.6759,485,262.9542,192
1767,9905700ad3f461d93862eb469ccda1682351579f,0,0,0,2018-03-12 14:44:27,78,3319,0.0883,3397,83,3,1,3,4,40252.271,56,56.0281,183
1393,2d19d11007d37298dffb78f3aa43d749f9e597ce,0,0,1,2018-03-12 17:04:38,41,2240,5.0588,2281,51,2,8,42,8,18134.7794,789,426.8291,6129
1402,f7ae309d3967e61a719fadd8261d515a19ed078e,0,0,0,2018-03-12 17:38:03,72,167,0.2429,239,62,19,6,916,19,68338.7961,708,425.8445,116
1395,a7b54f12c96bf03fd87b4cf03127f0838e746695,0,0,0,2018-03-12 21:43:47,4779,2465,0.0887,7244,76,36,17,1177,5,43587.3551,153,82.7842,325
1722,da3fc4fde2796af262dd275f3ea87a5b7bc69c5a,0,1,0,2018-03-12 22:16:25,211,4441,2.879,4652,15,9,2,83,22,30950.45,45,53.2144,199
1400,2bc1eaa4118d81bc00d7ebde1a435507d2cffb2a,0,0,0,2018-03-13 09:49:33,4,164,1.5036,168,4,1,1,26,4,50263.8403,124,91.0024,772
1404,b17be267118dd2fe22172c204597aa90db72f909,0,0,0,2018-03-13 12:30:48,4779,28,0.9938,4807,4,2,2,32,9,42774.096,158,88.1124,40
1377,edece9c1e2ec8e759b783ea07dcaa50d4e8704a2,0,0,0,2018-03-13 12:53:48,140,8778,1.023,8918,4,4,2,123,21,51492.2757,166,114.0516,978
1406,59a58e56cc2f5f1015244ef835a014e68675234f,0,1,0,2018-03-13 13:13:08,1259,61,3.5001,1320,15,5,17,22,18,43063.34,23,13.6524,3064
1372,cfd8df405cb91278f4c8d81cc294daaaa8b07840,0,0,0,2018-03-14 08:22:44,34,3382,1.8552,3416,5,3,2,1,6,68455.7753,29,17.7178,23
1412,f9fbbc3a137276cab4b8abf272199f1cd4633d29,0,1,0,2018-03-14 13:21:27,125,3382,0.7359,3507,5,4,6,108,29,71773.87,491,258.1388,1780
1410,d8a376a85e0fd54c725e9117396fc5819ce17dfa,0,1,0,2018-03-14 14:38:48,649,239,2.2433,888,22,11,2,21,25,20291.3333,107,73.1348,699
1411,cb60fd29e7e46f8015587e9be7ad88f2368fe85a,0,0,0,2018-03-14 16:20:12,34,465,3.6595,499,2,1,1,23,7,79010.9308,29,710.5,3033
1301,95d4c0170339585cb4876c4bafc1c2a42c44be3c,0,1,1,2018-03-14 17:52:16,137,1815,1.8863,1952,4,4,7,88,31,25452.868,494,304.5799,1760
1401,a666455c98c269c63373e991c6ca2751e132a7c8,0,1,0,2018-03-15 12:13:46,416,129,1.6408,545,6,4,2,28,24,67604.764,70,43.9997,90
1418,efd7336fa693a9f82b9ecfb5d81c0ef747ab7801,0,1,0,2018-03-15 21:04:58,9591,55,2.3476,9646,11,8,2,72,31,53089.623,87,51.474,188
1419,0caff357848929b736fca0f78e358f77423ce355,0,0,0,2018-03-16 05:57:24,93,4441,4.7242,4534,71,1,1,48,18,31883.0599,81,53.6995,294
1424,39be1996e461bbeec148bf34a2f92cedeccf59ab,0,0,0,2018-03-16 10:43:43,2985,41,0.1269,3026,70,19,1,986,7,72628.5437,196,108.6739,801
1428,a148492e142c7f62cbd890f299c2ee2a0b2761cc,0,0,0,2018-03-16 10:51:29,2985,31,0.0897,3016,70,1,6,986,2,73041.5603,189,137.6804,810
1405,b6bbd123c951d1f6e1cda108514d8e749c5ed033,0,0,0,2018-03-16 14:56:07,38,1815,0.7866,1853,1,2,7,827,0,23944.7805,117,89.5282,262
1425,21cf59d5fffdca9e8335e1990c75e0c3cd684212,0,1,1,2018-03-16 15:07:54,2,2465,5.2833,2467,2,36,1,19,12,42219.8562,31,17.8317,59
1432,c4a1d09ccdbd19416e15534ceba45ead5d2d6ed2,0,1,1,2018-03-16 18:16:49,171,33,3.4813,204,11,7,1,135,31,21730.6501,776,483.2352,6311
1429,7caeefdcbe6dab89bed4a9e2fa42e07722fbf08d,0,0,1,2018-03-17 16:53:35,77,62,0.1634,139,4,32,7,827,2,24113.2812,717,431.3329,230
1433,e273d5fea782399c6887fe7bdc169602a7026fcc,0,1,0,2018-03-19 08:48:15,2,1,0.0217,3,1,5,1,10,5,83554.6432,126,95.3332,102
1416,edb6f7fef8c5df6af43bbe28f96d8c6bb3332d00,0,0,0,2018-03-19 10:36:39,84,117,0.0335,201,1,1,1,44,8,922.5076,486,284.7476,205
1422,4f5488c592fe153897042d24f9bd03b50767ba9a,0,1,0,2018-03-19 12:59:22,580,312,0.8134,892,3,1,1,31,10,30374.5928,484,266.2035,183
1430,0623e24c8814e073426062e8b27bf88e664ee3aa,0,0,0,2018-03-19 13:17:34,53,20,0.5028,73,2,2,1,39,2,5577.2246,494,252.1572,317
1388,4536e9cbe1925c0a6dd24f74c2b73a675afb2625,0,0,0,2018-03-19 17:06:12,4307,2648,4.808,6955,40,2,1,78,22,17839.543,703,508.0358,445
1436,ea5342f8a912abe79ffcd83c8c352b070df343f7,0,0,0,2018-03-20 10:17:18,27,4,3.6595,31,51,18,1,3,6,80680.1602,147,105.6694,82
1403,b87e660ac64bebbd9a0a6aa4334a68736140053f,0,0,0,2018-03-20 10:23:35,99,76,5.45,175,3,2,1,1243,7,39352.8624,122,101.2962,92
1431,0ce8574603aac784da30a354f608ff939e09ef58,0,0,0,2018-03-20 10:38:24,38,37,0.0817,75,1,1,2,868,11,82397.5485,504,293.3183,266
1315,adeff9267ff23ebd14de39533341713241f25dfb,0,0,0,2018-03-20 10:40:48,17,86,0.11,103,2,1,1,18,2,75026.7017,493,259.3403,190
1442,d766988b28414c6e282c785a01b2fb6f4a4c21f6,0,0,0,2018-03-20 14:29:12,9591,60,6.2622,9651,79,3,8,50,116,55565.0582,869,355.7056,2261
1423,13ef4e4406d749fbfe41f5d30d0849d0c70661d1,0,0,0,2018-03-20 14:36:19,4779,16,2.0663,4795,7,2,17,1177,133,41110.3751,804,319.939,2460
1440,7c952dd3a75bc64d10bf9be12e405bbc349422b1,0,0,0,2018-03-20 14:38:02,2,161,2.0178,163,7,6,2,68,33,30751.926,750,460.4996,6303
1427,328f72d14ea88d082fbbaae9193065be575ef846,0,0,0,2018-03-20 14:43:33,78,0,5.1282,78,38,14,1,1002,107,13336.1897,850,327.9844,2446
1481,7667ddcfb9c2cfa96ffdf7594affeb74719e8ccf,0,0,0,2018-03-20 15:46:13,289,128,3.7481,417,3,3,2,790,97,5948.3774,790,408.5285,10918
1438,448b9eddf6d2b787f65519f4f937c6ac772f8cbd,0,0,0,2018-03-21 08:25:37,134,2388,0.1328,2522,87,30,10,1068,3,59201.8019,237,113.1634,67
1443,a0c17d94072ec6e127ea3cb3c507a595283b9b87,0,1,0,2018-03-21 08:32:51,8898,2113,0.7327,11011,4,3,2,1041,11,35660.5041,201,134.2503,20
1445,7a21efbd477ef72383464f0c70712e32a9976ebf,0,0,1,2018-03-21 09:46:31,14,2926,0.0452,2940,24,15,5,48,22,9442.0992,9,14.2992,69
1435,9170df55d9338b3c3d8ff52c43ced7feb4076cad,0,0,0,2018-03-21 09:54:49,53,140,4.9874,193,50,31,1,118,29,67569.1205,114,111.5017,376
1774,a6a7623dd8a549f4a31bbc361b891c65b5feef07,0,1,0,2018-03-21 12:08:36,210,985,3.1918,1195,41,28,6,0,0,63519.1603,19,49.1951,7
1448,7c553ba45b44145ea09e4d9ccb0bdf64df7ee076,0,1,0,2018-03-21 12:31:56,151,120,0.1074,271,2,1,6,916,2,70099.1509,484,265.1915,294
1452,0f87968e8e8989fe9ab575dbaa1623c781db5551,0,0,0,2018-03-21 14:09:46,113,58,2.5074,171,10,7,8,186,32,56059.9284,787,479.7601,6198
1449,5803950ef0c8c57534b11de459b92d01da4d3fc0,0,1,0,2018-03-21 15:21:46,268,72,1.2101,340,3,5,1,1243,22,39239.7059,434,82.7471,3033
1444,2e40f3807b2bc0c2349b967f2fb9d3d10eddcdca,0,0,0,2018-03-21 17:44:25,3,5,0.0576,8,24,11,3,871,5,6990.067,771,463.7906,6059
1451,8809185b0ea791c641babe382db2bb7e753100bb,0,0,0,2018-03-21 20:08:13,411,15,2.647,426,2,2,2,32,7,80638.0569,722,432.2352,6116
1453,2d86ddf7d762da7bcd76ac269a3d72d15bffb4fd,0,0,0,2018-03-21 20:48:19,15,13,0.5704,28,2,1,1,48,14,9195.3044,742,434.3343,6186
1426,95cde57137f9e79c4b67396e44a2663356d83d23,0,0,0,2018-03-21 21:14:58,249,6953,0.6423,7202,62,1,1,37,14,24583.4623,742,442.2821,5818
1420,9ee02f6a3463c531400404dee791033e120f5bfc,0,0,0,2018-03-21 21:19:28,3248,6953,1.6889,10201,11,6,3,126,35,24254.0233,732,472.4099,6078
1458,6e1d415e1df9691618afd78bf67eb55927cd8628,0,0,0,2018-03-22 09:46:28,6363,98,0.2034,6461,6,32,1,82,132,38902.3456,717,424.7136,198
1447,b550ac67fbf525863d5812d9d2a1010672a0169b,0,1,1,2018-03-22 12:16:10,162,81,1.3658,243,76,36,17,7,12,44878.0198,784,433.2974,204
1454,41ae13122bd1ca16f1c6779983dc0d17e3633e97,0,0,0,2018-03-22 12:49:45,869,40,3.182,909,1,15,1,15,11,7936.7836,186,120.9861,81
1456,9fbb461e1e1f71ac7610d9742d2d65c7c264a6de,0,0,0,2018-03-22 14:39:59,57,25,0.0438,82,1,15,1,13,5,9147.1759,120,88.586,268
1439,93d99fdb39d6c2bd7715d7b6d4352ce3d895d9f8,0,0,0,2018-03-22 16:15:36,324,6,3.0646,330,1,8,6,211,5,13298.858,780,442.2919,6170
1446,1132cd7dbc541a948975ef4b69e2a85cd79c81a5,0,0,0,2018-03-22 16:55:49,27,30,0.1186,57,2,26,1,45,3,20646.0592,152,88.6162,250
1460,9198c93e59d7b5bd916cabcf6bb8c52fd0bdfae2,0,0,0,2018-03-22 17:38:56,64,1529,0.7304,1593,3,2,2,36,22,46524.8564,752,444.9445,6239
1394,bc9982c364f54c40223d14eeb4823a882c021e7a,0,1,0,2018-03-23 06:00:00,22,8,2.6004,30,11,6,1,31,7,40555.2988,27,16.2523,159
1461,8ea02ec2af5491a172fbe795d5f39b5835b7a83a,0,1,1,2018-03-23 10:29:50,49,5,0.746,54,3,2,1,101,25,79865.3973,710,490.3376,6333
1464,8d1545febfb7e1c02a9f5a948efc8b8eb4247742,0,1,0,2018-03-23 14:43:20,113,128,5.9636,241,5,2,1,110,24,44150.2882,771,442.7449,6043
1457,4de80cf8c04ff1fa7d5f4165d4c31d4f97317300,0,0,0,2018-03-23 14:46:29,5298,193,2.3368,5491,4,1,16,170,20,54134.3806,806,487.5619,6173
1462,bd715c663c226b6f0042a20d768e57433aa97623,0,1,0,2018-03-25 17:12:51,572,81,3.4679,653,24,12,2,192,33,40059.8854,787,430.24,6215
1470,d46c182b3ebf2ba067aef3764e87fa3f86aea695,0,0,0,2018-03-26 09:25:57,89,1618,0.7818,1707,75,37,1,937,1,60857.7277,737,468.6858,6164
1468,a0ba69e7ae5513d1ec11f7b8a2cd0858f7ad1b53,0,0,0,2018-03-26 11:46:56,80,318,0.1884,398,3,2,6,44,2,66763.7612,801,429.3587,250
1469,1cd7c423d87cf680fb84af83ebfcc3246d079d1f,0,0,0,2018-03-26 12:41:03,115,2012,0.1805,2127,3,2,6,25,115,73696.291,424,259.7098,1798
1473,4645d3c06736c7adf360a5380cd2a05b4eb752c9,0,0,0,2018-03-26 12:41:25,4307,75,4.808,4382,40,18,1,27,6,16294.1869,420,306.9488,1832
1478,c28096a32c9efc3d955b027b4e6152d32b5dd7a2,0,0,0,2018-03-26 13:16:09,307,100,0.2945,407,87,3,16,64,8,48874.2,787,490.9713,5747
1475,c0dddc1a6e3eef8ded1963e61ee4a8f8ecf66475,0,1,0,2018-03-26 15:55:10,291,204,2.0257,495,6,7,2,63,19,67523.6573,741,436.4212,6087
1476,fa96c21a67ed648837ff96b7c5d4d52979322df2,0,0,0,2018-03-27 06:00:48,97,49,0.2306,146,4,37,8,59,27,57801.6911,719,431.686,6219
1477,c64eccbe0301a69aa22d0be8ec28c8ac340c20bb,0,0,0,2018-03-27 06:05:32,2651,2388,5.4776,5039,3,2,1,77,18,57823.6346,718,468.5906,204
1472,722274519fbf258531707ef85df4e1846f2fa4d4,0,1,0,2018-03-27 07:20:33,163,26,1.8658,189,5,3,2,60,19,35794.9819,752,462.6174,6277
1474,3f767a693079ec086e5046d75ca08f7f147da938,0,0,0,2018-03-27 08:00:56,67,1162,1.1397,1229,4,22,1,818,3,62513.6818,775,470.5836,6069
1480,cc190a6457cdf6186ea8e449f7b38be04761af8b,0,1,1,2018-03-27 08:59:54,164,106,0.8943,270,2,2,1,40,11,4127.0127,800,480.3165,6256
1414,6d0d366ebc166a69534629af29ae9455427c5912,0,1,0,2018-03-27 13:14:35,257,2388,1.9835,2645,6,1,2,1068,5,60263.3952,234,115.7972,118
1482,42828e0219e50ea0cd4481346f24250a674fe596,0,1,0,2018-03-27 15:44:58,335,2465,1.9076,2800,7,6,17,1177,23,41997.7719,31,35.7899,3064
1437,7baf7649e9ecd485d6f036b7755c2f98cca74e3a,0,1,0,2018-03-27 16:43:55,55,87,0.7533,142,2,15,1,27,16,6317.0365,32,27.8441,3033
1484,8674b69964eae50cad024f2c5caf92a71bf21a09,0,0,0,2018-03-28 02:37:35,17,11,4.9358,28,1,19,6,916,2,69498.9633,30,29.9802,89
1486,5c67d36a3a1a2520536737bae1a4a2ff87b0eef2,0,1,0,2018-03-28 09:53:56,289,7,3.7481,296,24,1,1,81,21,7593.5844,767,439.8153,5849
1488,c0410d801e406e77b1e6e7134224f7946906a49f,0,1,0,2018-03-28 10:52:07,2633,3829,3.8659,6462,21,2,1,1033,134,47178.2159,529,236.0768,1782
1487,e5ed2fbc4a31808bea8be89b371bbe4269288003,0,0,0,2018-03-28 16:35:24,23,25,0.9752,48,2,1,16,25,8,31532.3274,28,26.0509,5
1491,b0fbb89898bdfc72445464a2547e088e825f4c55,0,0,0,2018-03-28 20:40:34,2062,26,4.8556,2088,3,30,13,1082,141,34155.0519,732,464.9712,5866
1495,3d371787d26783a5d6748d4bc83b01e17f75e762,0,1,0,2018-03-29 09:37:09,89,91,0.4873,180,2,2,2,55,11,2521.9185,790,411.7497,6321
1489,6c972d5d51d2390f0b359a0b24c8325784334e9e,0,0,0,2018-03-29 09:40:19,202,158,1.2876,360,87,53,16,64,3,54542.3742,720,480.701,6222
1483,d5fb7b3a9da3685a4ee5854c392ee42cc50f01ca,0,0,0,2018-03-29 09:43:03,3017,1618,1.0737,4635,75,37,1,25,1,59782.6217,778,433.909,6071
1521,176a893d2084cc400008f9b2b7849ada9a1bd56e,0,0,0,2018-03-29 18:46:38,121,0,3.0268,121,11,1,2,724,95,82273.0255,1000,94.8601,332
1520,98a8b642f24c813a4929dfd780163778dc5bd010,0,0,0,2018-03-29 18:48:28,880,735,3.9069,1615,3,9,1,937,96,2172.0,111,710.5,3033
1330,83fffdf3ab044ef770f9c97f8fa60b782a9e9f78,0,1,1,2018-03-31 19:29:59,2483,953,4.8507,3436,35,1,2,1041,11,35808.1786,1000,710.5,126
1493,4bcf0b99a6256e5dc1ccde4a2a8c72b9c000fe32,0,0,0,2018-04-02 03:46:44,6,18,0.0302,24,6,1,4,1000,1,2621.7703,9,43.826,127
1496,9fec5cae65a7cddea5dff47e5cade50493f6cbdf,0,0,0,2018-04-03 03:49:50,19,34,1.4598,53,3,3,8,1243,13,38043.3948,15,5.3609,7
1384,4c337dc9a89dfb549a3c2cb62893d74129582143,0,0,0,2018-04-03 09:42:43,1961,40,0.1157,2001,2,1,4,871,7,79493.3259,437,256.6653,530
1339,ca5573b21867930709f094306733bf854d82fda7,0,0,0,2018-04-03 12:13:41,23,47,0.9016,70,2,2,6,42,11,19614.6479,193,115.0284,3393
1463,baa1ad3cc32e600d426c7f4aa075232369069822,0,0,0,2018-04-03 20:53:23,11,1275,3.0268,1286,11,5,1,868,4,85826.8338,48,16.3676,11
1494,826d51d5c4e2501bf1681d0809693576140876bd,0,0,0,2018-04-03 22:02:52,6757,91,0.5562,6848,2,3,9,49,2,44938.9499,773,466.2857,5747
1490,8b0f590c52d698b3439a2c3524889802c893e985,0,1,1,2018-04-04 09:05:22,384,131,2.292,515,10,9,4,319,59,35499.9651,1000,710.5,2713
1505,77c306be0f76cf1bc14affd81d7f9a3c25d45593,0,0,0,2018-04-04 13:47:16,324,6,3.0646,330,12,8,1,101,20,13758.4064,790,431.9733,5695
1506,b013f8f9163aa7434b33d71e4636c9154babb3dc,0,0,0,2018-04-04 14:09:15,119,20,0.1876,139,3,2,1,1002,11,13332.3744,442,291.8064,164
1502,8eb4604cd82a89258a6581ca8be4f419784e5096,0,0,0,2018-04-05 09:00:23,70,3382,4.9358,3452,2,1,6,916,10,68228.2313,432,256.3466,3033
1508,b1f3ca3f61fa1f0a906804e42844c2c08bd3f5cc,0,0,0,2018-04-05 09:00:45,880,119,0.0786,999,2,1,1,37,2,2172.0,445,256.4448,3033
1511,47ac3684a195eef5ce319f3e1ac3f966d98b418c,0,0,0,2018-04-05 10:17:27,9591,1143,3.2852,10734,6,6,3,14,17,53779.7422,435,284.8047,505
1509,c7d59105c0dfae172db8d70820077d81040b3f6d,0,0,0,2018-04-05 10:42:42,305,3319,2.1307,3624,10,6,4,63,9,40364.2216,512,297.7683,671
1514,5ce3ff643b1c254c254534fd03f9035bb0cd4964,0,0,0,2018-04-06 17:35:44,869,2926,0.0438,3795,2,1,5,989,7,8908.2029,193,108.7862,939
1517,75e5953b91cf19f394e7db9ec5813f59203a7e32,0,0,0,2018-04-06 17:36:15,2182,82,5.1646,2264,68,2,11,1106,0,29155.7749,196,138.0351,707
1504,a932ab8631fec8f9a670e7c0e5e9ef3b8a2b7f63,0,0,0,2018-04-06 17:36:33,10,5083,3.9069,5093,1,1,1,1022,6,72.8254,158,134.5916,899
1512,87e54eb3bc181c0119842c975de632706d23434c,0,1,0,2018-04-07 13:52:05,43,14,0.0246,57,70,19,1,2,8,76113.334,18,24.6463,48
1507,0838bbeaafed791d96bfd1e8e1f8a5e486c35325,0,0,0,2018-04-09 23:12:43,224,3829,0.4609,4053,98,4,12,39,134,45579.0903,430,121.5375,1859
1515,e856071e16f5155932a39421b7fcaac152020ee6,0,0,0,2018-04-10 09:35:12,47,465,0.0711,512,51,18,1,871,2,79277.358,486,264.0142,299
1500,7c904478499d21fa0f12207fb84daffd749bec44,0,0,0,2018-04-10 11:52:16,22,46,3.9069,68,1,1,1,34,14,2038.4854,26,40.9735,108
1513,b32ad44f7b6d9053aefa3c9db7a9328b1571b19c,0,0,1,2018-04-11 09:13:52,6970,387,0.8715,7357,80,3,13,1377,14,48979.5833,494,308.9149,115
1396,f3d4011f80b3d6b25e55a354d1a41928074f02a0,0,0,0,2018-04-12 00:47:03,107,618,0.0748,725,1,1,4,1000,7,5814.7832,408,155.7676,447
1519,d5d6842f62d5a476541d68e75ed630f30a29d91e,0,0,0,2018-04-12 02:40:04,55,58,1.1552,113,4,3,2,1106,12,26382.0149,365,164.6662,2420
1499,6356128865bff7463bf03185d18b129ed3633bc2,0,0,0,2018-04-13 17:41:27,89,7302,0.2646,7391,3,2,1,96,32,67128.6968,718,479.537,356
1523,7a78d00545ddd26d2147f58a100b1f8db689fbf3,0,0,0,2018-04-13 19:53:01,41,3,1.5764,44,4,3,13,30,16,36450.267,769,445.2829,5927
1532,e95fa5a4a03fce74a76acbbbb29395c8a5f69276,0,0,0,2018-04-16 08:31:52,6363,200,0.2686,6563,5,32,1,1243,14,40683.0884,491,302.6824,1510
1530,fdfce98ab741cb2591407c425c75cd0a283401a6,0,0,0,2018-04-16 11:40:53,26,109,2.8187,135,12,8,1,35,6,62044.4829,62,53.9811,570
1529,b6a1b6e9dd3a278c9c644682e377deaf105e7ac4,0,0,0,2018-04-16 23:31:49,101,4441,1.363,4542,4,3,2,24,15,31222.6452,1000,710.5,55
1527,fbcadbe6a696041aa58ccfa80b7fbd3c70f203a4,0,0,0,2018-04-17 05:01:52,131,20,1.4307,151,3,3,7,827,13,23025.8885,1000,710.5,4335
1536,518adb0437de2d3383c4b1c744199adb6bd48dfd,0,0,0,2018-04-17 13:23:12,112,2648,4.808,2760,40,18,1,55,8,16773.8039,348,167.874,2155
1540,b28e1632552cae9380269125ea4a486b5830f6d8,0,0,0,2018-04-17 13:24:22,9,618,2.5,627,6,6,4,50,9,2438.796,506,259.7885,143
1524,36767dd84ce85b7806bed373912024da01cda867,0,0,0,2018-04-17 15:44:48,63,1275,0.1097,1338,11,1,1,868,107,85331.4048,876,370.985,2527
1533,1c533aa02722cc254dfcdff967e7060fc334c219,0,0,0,2018-04-17 15:55:54,2784,1162,0.3628,3946,76,2,1,818,10,65127.8535,776,398.9398,2809
1546,f5b7637d1252325e2916c47a459674100658269a,0,0,0,2018-04-17 16:55:29,880,235,0.2804,1115,20,1,1,1022,107,1035.6567,894,363.4565,2258
1534,04e13447cfdb080200432cc8ccb65c6714741bf3,0,0,0,2018-04-17 17:46:08,169,67,1.2287,236,3,1,1,1021,4,18969.7042,779,366.1483,2225
1545,32b583fea88fc329af3418480f81c26cc6c538cb,0,0,0,2018-04-17 18:02:22,2,53,0.8239,55,3,3,1,15,15,9930.2281,817,343.9628,2441
1547,addc0c9d7ab37e522fcf665a72583176060eb898,0,0,0,2018-04-17 18:04:16,36,386,0.2873,422,3,0,1,46,11,10.506,900,303.2612,2173
1538,3e702d93ef031b2149689111e4d9f93a06b10037,0,0,0,2018-04-17 18:46:26,148,56,1.0416,204,3,2,5,20,2,9497.7697,843,347.3629,2434
1544,44f217555f6ca72d1aa38d8626c1673a76c12b22,0,0,0,2018-04-17 20:45:23,547,1143,1.6025,1690,5,4,8,966,20,55109.509,1000,575.0,3033
1550,a455d6a77e5678140bc4e19c75c29905b25cbe0b,0,0,0,2018-04-18 08:50:24,880,5083,0.0485,5963,1,1,1,14,3,95.1898,155,85.7365,842
1541,07de86559d64f375d4a2df46d320fc0f5791b562,0,0,0,2018-04-18 11:58:27,316,1143,2.4444,1459,8,2,8,966,0,55884.0546,410,157.8403,1901
1553,5753b746c1dade748b6576f7e6024cc18c32d6a3,0,0,0,2018-04-18 12:33:16,1759,1815,4.6287,3574,59,32,7,827,7,23416.4012,523,307.5018,1783
1542,11509898f365dac32c2130d3295a9be8958842af,0,0,0,2018-04-18 16:16:41,469,618,2.5,1087,6,6,1,33,107,6034.551,530,253.8956,1776
1551,1bfe87f12274a96e517f6229ddbc01622cfb50a0,0,0,0,2018-04-18 16:24:28,3581,694,5.1282,4275,38,1,1,1002,0,11665.7561,152,104.8618,847
1525,777cc1ab53884f12ac245e62d367c4439f7939e0,0,0,0,2018-04-18 16:27:00,22,5083,3.9069,5105,1,1,1,30,7,1092.6424,119,114.2498,181
1559,598cb6689cbfc54ddf0bce69eaec18a8d29c20e0,0,0,0,2018-04-19 08:27:56,2467,92,0.0719,2559,3,1,1,37,9,68701.2742,492,260.5316,287
1543,f633a80bb22011ca1e7a0e4fc7a754d79b213e00,0,0,0,2018-04-19 08:28:44,880,5083,0.076,5963,0,1,1,1022,9,2.9821,451,289.7787,139
1554,a3e3bedfef879e5e8659e78ae06cbca22d53beba,0,0,0,2018-04-19 08:29:43,2651,2388,5.4776,5039,87,1,1,35,12,59069.5894,84,70.6813,2713
1556,290b11b6a562f45c2463d3d13692be1ab86245c4,0,0,0,2018-04-19 09:04:27,5613,3829,5.6438,9442,2,1,1,39,17,45861.697,62,72.5483,3475
1562,4fffd60769bf1fa8501b4f371ba0117bddaec11f,0,0,0,2018-04-19 09:05:05,17,92,3.9069,109,1,1,1,43,18,18.9411,81,70.2356,3033
1548,37df3c8720385da6393a7157654a963c03e9ebb3,0,1,1,2018-04-19 10:07:54,489,3829,3.6509,4318,18,14,4,278,57,46287.7635,37,43.3701,191
1561,2de321e7c5ac1390f7fcd29317e7e9a1a1faac4e,0,0,0,2018-04-20 06:11:45,22,9,5.2754,31,70,19,1,15,5,72995.1981,28,27.7972,52
1564,07aa2d469e34884d715b01166db077a4cf7cf3af,0,1,1,2018-04-20 13:15:42,662,140,3.3745,802,19,4,3,144,31,66456.7015,187,140.3123,371
1503,26eb8bb29989b9e65dbd0afe9c107c285b98cf87,0,0,0,2018-04-21 05:34:21,29,2926,0.0506,2955,24,1,5,21,3,8422.1439,39,14.9354,56
1552,bd8cb86bf17bfcdd1ce2dd1f01e40ca07f1148ab,0,0,0,2018-04-22 08:38:28,869,2926,3.182,3795,1,15,1,28,11,8643.1319,22,39.3984,3033
1563,512083a7dd8d0574afbfa8e2c7065f16e9a83d12,0,1,0,2018-04-22 10:59:11,342,2388,2.1006,2730,4,5,10,10,5,59561.5727,13,9.065,2713
1566,29894d06a5b1142650b5c04c44b48acaf2d08c04,0,0,0,2018-04-22 13:12:10,9591,42,6.2622,9633,4,3,1,44,116,55048.505,791,314.1496,2554
1572,fb254763c00df5d336c6defa1ae960e32c97b2ae,0,0,0,2018-04-23 14:22:38,469,618,0.9168,1087,2,6,1,1000,4,3330.866,84,50.3598,201
1555,6b6603f91ac17ab02a7147d96a81297067245ac9,0,0,0,2018-04-24 08:26:32,2467,3382,0.9499,5849,3,3,6,33,5,71584.9746,505,291.2667,704
1531,0321eb35edc7571a71ace768fe38f61f0a909890,0,0,0,2018-04-24 11:13:01,116,67,0.8301,183,4,1,2,33,10,43584.8288,481,266.4998,243
1571,1a9675d54fda7c6d7c519935dde05f47eb449401,0,0,0,2018-04-24 11:39:11,56,21,0.9249,77,1,2,1,986,10,72742.7056,12,28.9308,29
1574,aa4bdc037caaa2b516864007b90a7271e998702a,0,0,0,2018-04-24 11:39:22,684,1275,0.8579,1959,2,2,2,868,1,82453.4669,48,575.0,3033
1560,40e412ae233046a5f6f38cf86288ab5185d9d194,0,0,0,2018-04-25 09:02:09,95,2012,0.4697,2107,3,2,2,140,40,75892.0496,1000,37.1541,3033
1565,ff62977d63e1551a7d0261fbe8e4dd3b2d124323,0,0,0,2018-04-25 09:05:24,373,8778,2.8784,9151,11,5,13,27,16,52477.8641,234,133.8521,2844
1570,0113ee2b33e3f86bb6a3de2ecf60d8e7bf554be2,0,0,1,2018-04-25 18:27:43,103,4441,4.7242,4544,71,2,1,1051,4,33217.2227,195,138.1503,126
1575,b957bf26fb588cab072e51240e9026456b862ce7,0,0,0,2018-04-26 08:35:55,184,8778,5.8891,8962,80,2,13,1377,10,50974.5749,203,114.0605,135
1578,3afb7b3512353e28cd2fb7f49cd88c8caaa0da0c,0,0,0,2018-04-26 08:55:05,3,15,1.0546,18,3,26,1,1021,2,21008.8928,1000,710.5,3393
1593,17c68e5592bd839e8c0ce9372ffcc46d0315c412,0,0,0,2018-04-26 15:38:20,154,108,3.6595,262,51,18,1,0,95,80666.7377,163,114.5003,3033
1573,02a9d3d878098ab25c4989680b07aa11ce96c859,0,0,0,2018-04-26 15:44:56,1512,41,0.0671,1553,43,1,6,41,4,20149.2051,51,50.3963,89
1579,7a31ffd3a5455d7da0a459b62081ca27466833bb,0,0,1,2018-04-27 07:28:58,2814,88,4.9874,2902,1,1,6,20,12,64606.189,1000,575.0,38
1580,fa11015ddcdb0217da6a8b2be1e2a55efd26d7fa,0,1,1,2018-04-27 13:49:31,7,17,0.0425,24,38,1,6,39,15,13281.8367,74,68.108,11
1567,90a0a91079a4e271404dadee4cf4106dfd18ad89,0,0,0,2018-04-27 13:51:38,10,5083,0.0436,5093,1,1,1,40,14,146.3131,77,72.1422,3033
1576,660a605b5969c5df7d252f741d3394a07859e509,0,0,0,2018-04-28 02:43:27,15,11,3.0268,26,11,1,1,4,7,85947.9506,44,26.143,41
1582,5c34ff1f2b6f8b7c35885646be5b60701cc10348,0,0,0,2018-04-30 10:04:43,23,6,0.0541,29,1,6,4,21,4,3640.6722,234,110.1716,3033
1585,135b32951a02a80ec785ede7cf245b61a5ee891a,0,0,0,2018-04-30 10:05:46,108,29,1.0093,137,5,3,6,13,5,34436.1393,208,130.2161,28
1577,fa63c3356b3fa89e549c058cbb6c6ecc19e61d8a,0,1,0,2018-04-30 12:22:40,13,2926,3.182,2939,24,15,5,36,13,7162.7101,167,131.6692,3033
1584,ff0622b8dbd29d445dc7effa6db60f3e7156feee,0,0,0,2018-04-30 13:02:26,2985,28,5.2754,3013,70,19,1,107,22,74337.6078,149,110.3571,5
1581,a8f4515d9b62a95cf6b10d59c95ce36f6198ee28,0,0,0,2018-04-30 13:02:43,880,64,0.987,944,2,2,1,112,24,607.3333,187,105.871,150
1586,54f104bd425ca709babd932dd494d33957df0b1d,0,1,0,2018-05-03 13:50:53,5,27,0.0359,32,24,1,5,4,8,6818.4794,118,101.6436,158
1590,5249981dc51401b041b380635b19ca1b01141119,0,0,0,2018-05-03 14:27:40,36,2003,0.9086,2039,5,34,1,8,14,27975.6087,410,156.3264,147
1595,ae8dc5f893eab2a6b4441a7f32ec1e9c7ff2b8ee,0,1,0,2018-05-03 19:13:36,19,6953,2.4781,6972,14,8,12,227,41,24829.9298,846,354.5705,6979
1599,00400e9259e11e34a9114f2c3545a3f7475cd92a,0,0,0,2018-05-04 16:19:10,128,88,1.044,216,87,5,1,53,9,53939.2919,857,324.9381,6552
1587,6ce67c14f7682df7f3c1153b7f8cc5897a5a630c,0,0,0,2018-05-05 15:25:15,60,238,3.7481,298,2,1,1,17,5,6595.8698,822,327.2429,6956
1594,1a91bcee251a2a14ff7856b175af88ca726ef1cc,0,0,0,2018-05-05 15:58:20,63,245,2.647,308,1,1,2,8,5,85380.8944,859,329.0921,6591
1597,6b892a6394a3e8e99dbc9b24276edafa2c8285e1,0,0,0,2018-05-05 16:18:36,1,8,1.9994,9,4,3,2,20,5,1300.7558,855,328.012,6862
1601,0861a784469662840fc599361b6e3910bb30de38,0,0,0,2018-05-06 15:04:18,95,2388,1.9629,2483,6,2,1,19,10,57534.7697,14,9.5659,2713
1598,33aee80694aeeb258cc47aa112505e9ceb993bc2,0,0,0,2018-05-07 10:03:15,247,1143,2.011,1390,5,7,3,38,13,55227.4708,197,116.1683,3033
1602,92b0756bc741f8e6d757cd23551573cd750b9bfc,0,0,0,2018-05-07 12:31:47,123,2012,5.2754,2135,2,1,1,19,2,74969.3535,191,113.964,52
1606,f126ac2089fece4cf94c3bd833cf18a5950e595f,0,1,0,2018-05-07 17:18:21,649,179,5.1124,828,56,18,4,120,24,38810.5145,833,31.3069,3033
1604,3aeb00f6cf103407245fc192ce5940ee4217d6b1,0,0,0,2018-05-07 17:44:33,70,1299,5.9636,1369,97,1,11,24,12,42973.85,823,356.5968,6617
1607,6958380038b82f43ba44ebb3e0af8091399da93b,0,1,0,2018-05-08 11:13:59,167,94,0.8373,261,1,3,1,49,110,6087.1111,508,298.5852,730
1608,6207bd821281dbbda929c63cb1d3e7d50054f033,0,0,0,2018-05-08 16:58:12,100,8,2.1774,108,8,3,2,1020,5,50987.2893,814,351.2608,9389
1613,908cf9338d336e468a0c5528af46b25502a93a17,0,0,0,2018-05-08 21:12:19,45,2240,1.1012,2285,3,24,8,25,10,19141.0845,817,321.5085,6565
1591,0a65f1ec1f5893b11acd9f982265aa5ce7d5968b,0,0,0,2018-05-09 03:40:24,2753,8089,0.1112,10842,3,2,1,38,134,63193.1288,205,133.2465,3558
1609,7d034d4ef6986ba5ccda6f5e8c587b8fdd88be8e,0,1,1,2018-05-09 06:27:47,315,59,2.3164,374,7,6,3,5,9,45904.9983,9,710.5,3475
1615,0ff88b0e8da5cae764510edfb226947e4ba52b83,0,0,0,2018-05-09 08:52:34,1961,14,0.836,1975,1,2,1,871,2,81313.0,443,261.0944,3033
1611,67eac44a138d67936fe75f58bdabee60ca98a3df,0,0,0,2018-05-09 09:29:18,8898,2113,0.9187,11011,3,3,6,47,16,35417.1557,125,108.2771,136
893,10c9f879e8217da9aceb7bcb527c34a417fc3689,0,0,0,2018-05-09 10:27:19,25,11,2.647,36,11,5,1,10,5,79515.6119,856,362.6263,6514
1614,3afa5eb3c47158086ab29012a835f96682a85d34,0,1,1,2018-05-09 11:30:23,381,22,2.5895,403,9,3,1,59,16,37383.1801,86,58.6123,267
1605,c7eb6acaf95a6656ec6bd0a0b401c1944473e7f2,0,1,1,2018-05-09 13:29:36,573,163,1.7523,736,8,1,4,37,4,65385.6031,783,475.125,6057
897,3c86b6b575c64409a1153c56618d6929bd2d49de,0,0,0,2018-05-09 22:45:12,230,4441,0.1516,4671,71,40,16,61,4,29741.5991,795,471.6515,206
899,50c0ea8c9fe17278d45aba476a95791152a1420b,0,1,0,2018-05-10 06:36:27,75,54,2.0586,129,8,10,1,149,37,56256.6378,34,28.8239,3033
896,56df6904688642b1c8f9a287646c163dfae7edfd,0,1,0,2018-05-10 06:41:34,315,110,1.6431,425,8,8,3,12,14,50700.9522,12,710.5,2844
909,e669b8d0ca93035905ddc98aaf528e646292da8a,0,1,0,2018-05-10 08:27:23,58,357,3.6836,415,30,13,5,73,10,51299.0327,21,26.9418,2844
904,1b1122fce18eaba4cc3539708fa555dbeafe88b5,0,0,1,2018-05-10 13:02:38,135,2388,0.5783,2523,87,4,10,54,4,59969.9298,713,435.646,179
907,85f16bbf3b119e5d607f471c4d344b05fa8d7ed0,0,1,0,2018-05-11 03:51:12,6,2113,1.1892,2119,3,18,6,1041,2,35708.2387,210,132.1434,38
898,14518067cc22b928ba8e230413d0a74237a3ceec,0,1,1,2018-05-11 15:15:07,13,3,0.5033,16,62,2,2,26,16,71892.7386,37,14.5375,104
905,fd101be18cb6f386196e19178ba4da7f1f473fc5,0,0,0,2018-05-11 16:55:10,563,72,2.5179,635,12,8,1,14,6,35943.4645,79,55.4124,2
902,fed284b140459b27e25e651650448eae1d110f0f,0,1,0,2018-05-11 16:57:26,656,2388,2.6773,3044,7,6,10,16,5,60097.5282,53,35.0547,2713
908,254724e7603df189fea07b20eeff5a3620b5d841,0,0,0,2018-05-11 20:09:21,116,49,0.1238,165,43,26,1,1021,8,20591.0177,510,242.7325,3393
895,c8187e8752bd9b17ad76f3076087c4e562a9c5e4,0,0,0,2018-05-14 03:56:07,20,5083,0.0588,5103,1,1,1,1022,6,256.744,204,138.9246,136
906,64f32f9299bfdb7e7b1fcd759618c37638a6a5b7,0,0,1,2018-05-14 08:08:11,119,92,1.1449,211,3,1,6,916,4,68914.1631,405,155.4928,1958
901,62bf8fd4813271c64afbb1509b31811c79246bce,0,0,0,2018-05-14 11:46:08,869,39,3.182,908,24,15,5,16,2,9695.15,152,106.9149,375
913,229ed7755c5bddd9856233e019ff3fa8ddef29a7,0,0,0,2018-05-14 13:02:12,172,62,1.3279,234,6,5,2,4,13,44898.4161,15,8.6219,3064
903,bcd028d75b0e5c5c691e24640a2196b2fdaf85e0,0,0,0,2018-05-14 13:09:50,4307,29,0.047,4336,40,1,5,8,7,16444.4765,146,105.1195,232
911,0b5e124ba24230026995cbb93444f30af7d51363,0,0,0,2018-05-14 14:48:12,3581,24,0.6906,3605,3,1,1,16,4,10847.0243,31,55.9471,454
1603,4de72bbee189ab357e4d9e6fea33e27ff1ab233f,0,0,0,2018-05-14 15:30:55,324,7,0.0962,331,12,8,6,81,21,11371.8486,717,428.0554,5702
918,cd37feb4d3fb75a8f9dabf228c22216efd9ac636,0,0,0,2018-05-14 17:14:06,16,193,3.0646,209,1,8,1,211,4,17008.1832,741,474.6915,6114
894,17f0e850fd26da0c50195d3d9daa423ead1fbe3e,0,1,0,2018-05-14 21:57:01,275,69,1.3934,344,7,5,1,35,22,42284.232,775,441.2744,6071
915,5a093e5f90a142396f7978ee1d8ec51379cbdde6,0,0,0,2018-05-15 08:41:15,99,88,0.5085,187,5,3,8,68,11,57531.6138,780,421.4617,5704
917,c0cdc42bc72c88d96fb8281a55ac0e8b8759093f,0,1,0,2018-05-15 11:57:56,50,465,0.1602,515,2,2,4,8,1,77727.8991,475,279.7221,9
922,105b30686f76dc2d6affcf6cdf3eb41f322df53a,0,1,1,2018-05-16 07:47:05,220,66,1.2835,286,7,3,12,29,16,46219.5366,15,14.9697,71
920,2aee4b15b879c566137106de81e8b96e3f053008,0,0,0,2018-05-16 09:42:42,2182,21,1.532,2203,4,4,2,1106,11,25896.0451,45,6.2906,98
928,0deaa3b1b997442a92d605102bab59bcd28a4db3,0,0,0,2018-05-16 11:50:31,63,41,5.2754,104,2,19,1,109,33,74780.7352,449,286.8619,378
1761,89935997de03b0f6db89d111a087b0f0f210695d,0,0,0,2018-05-16 15:09:28,48,1815,1.3505,1863,4,32,7,21,4,25778.7143,131,91.5576,730
925,ee3c58ea65d770a7abc4ab0418351ca5e53bed29,0,0,0,2018-05-16 19:08:29,88,1526,0.2593,1614,2,26,6,123,14,21835.0052,880,303.0193,807
938,2735c852b4648ae6f3e8f1e6169ef9ed6ec481d2,0,1,1,2018-05-17 06:58:07,679,1162,2.3474,1841,18,8,1,279,48,65037.5903,790,489.1444,5815
930,0fd497a7bf00694302a71ccf4b3ddd214942a228,0,0,0,2018-05-17 07:18:24,2814,7302,0.0148,10116,1,31,1,1020,3,65579.3274,39,34.3375,3033
932,15cdc5cc799e2ceb78af974d32feff2096f6571e,0,0,0,2018-05-17 07:35:29,8898,26,0.9983,8924,2,2,1,25,5,33869.1998,50,21.9703,47
923,c832f52a9ca489b72e3eddcb51c288d23d66b571,0,1,0,2018-05-17 12:44:14,405,72,2.0636,477,11,9,3,204,39,44198.3131,790,471.72,6491
919,e754d3d28a711f772f2fb0ca1098b29a1c73662d,0,0,0,2018-05-17 14:06:10,469,36,0.128,505,6,6,1,49,0,3666.3585,879,377.3497,858
931,dd236f51dc51f499de6beba09a2de4c8cd37cb27,0,0,0,2018-05-17 14:09:07,38,10,0.5366,48,2,2,6,11,11,13646.4798,843,333.2312,1003
939,c80e76bd7ccfe864566bdbffd6dcb6549709ea73,0,0,0,2018-05-17 15:05:39,2753,8089,1.105,10842,99,38,2,57,37,63149.289,19,59.4841,108
1516,fafef15eaca1f4277ac1dddb018a8e01eca22817,0,0,0,2018-05-17 15:07:51,82,5083,0.0,5165,14,0,1,1022,19,1500.4668,909,268.9145,2675
926,8258029ababaeeead58e3510a6c9bd53f6829901,0,0,0,2018-05-17 15:17:27,1512,11,0.2432,1523,43,26,1,45,13,21738.29,802,364.5572,792
921,1c5a929c7ad6e40939e1170cdaf19c6ffd64f583,0,0,0,2018-05-17 15:35:55,1759,36,4.6287,1795,59,32,7,27,9,25418.2415,37,61.393,4335
937,0931e80aa09f93abf9bc02e37c708977d693ec1c,0,0,0,2018-05-17 16:56:25,4307,188,4.808,4495,40,2,1,987,13,17483.4027,886,297.3917,1147
940,4922ced71a307a26b9f5070b41f72fd5d93b0ac8,0,1,0,2018-05-17 17:48:08,165,8,0.9037,173,90,2,4,48,18,78615.2218,772,460.9307,5902
1891,b463cfb1be228d86b5d2f5a50a7cc4b682bde1ca,0,0,0,2018-05-17 22:17:04,66,25,2.6925,91,9,5,6,1021,6,18381.7853,37,23.1067,110
933,5b8396719e9f7d738cc44b53182556ae44f8ec58,0,0,0,2018-05-18 17:19:56,74,20,0.1321,94,3,18,4,120,24,79767.995,802,366.6562,843
936,9ad868c457f5083f5cd96d0fbcaa97d06eede6fe,0,1,1,2018-05-19 07:27:56,111,3319,1.1706,3430,2,2,8,25,8,40368.5981,4,13.8173,4
943,afb8f825ee151804a37b352de6be3504a9bce278,0,0,0,2018-05-21 04:28:59,14,2926,0.0787,2940,1,15,5,989,10,7147.7317,19,575.0,3033
924,d5bb60de938103d535e0189d6117859f0699ee49,0,1,0,2018-05-22 01:23:13,500,57,2.613,557,9,8,6,1041,17,35939.47,32,4.7699,38
971,71095dcb098c5b03a656a1f3bb48634294e537bb,0,1,0,2018-05-22 07:10:32,8898,250,3.0311,9148,12,8,2,923,113,35499.1132,177,148.3577,16
950,064379705f36aaea927c44bb303a867c0c66265d,0,1,1,2018-05-22 13:53:38,248,14,1.5426,262,5,2,1,117,24,18014.4149,776,462.9155,5874
951,049994274c9d4fc07925a7639e4044506b090d10,0,0,0,2018-05-23 04:33:38,105,170,0.555,275,4,3,1,916,3,69399.9404,205,132.4945,329
942,10f0dbd691fe736fcba845d07d456b9ae8d21e78,0,0,0,2018-05-23 04:39:47,20,103,3.9069,123,0,1,1,1022,3,321.1466,209,136.8255,340
948,2aca82545b166c209587aabf62288377cc84dd6c,0,0,0,2018-05-23 07:24:44,8898,2113,4.8507,11011,35,2,6,1041,131,34122.2049,432,247.3376,402
946,9bdd70cad9cea82210173afc3bbd7d7aa14ebff5,0,0,0,2018-05-23 15:24:54,869,60,3.182,929,24,15,5,33,11,9554.7386,843,331.231,1636
952,47dc69970996aa2a57c0dbfde866d3dac6d53001,0,1,1,2018-05-23 16:50:27,819,306,2.7213,1125,23,14,4,238,48,41260.5925,785,418.3258,6261
956,57b950796deebed46ae95f97152e09b2e2655de8,0,0,0,2018-05-24 13:08:02,234,2,2.8793,236,7,2,1,133,27,56224.1932,157,114.5897,322
949,95eadfe15203ee0ab1459a9ade943234d9d6e7ce,0,0,0,2018-05-24 22:09:37,92,2465,1.1191,2557,2,3,2,17,4,41361.8727,181,128.9604,108
954,954943f9c7c4decf01570d37e3f7e971df46981e,0,0,0,2018-05-25 12:13:41,869,140,3.182,1009,2,15,1,989,9,7710.8317,720,431.8108,458
254,0937601972674cc548446616796566ad2eab9b81,0,0,0,2018-05-26 12:59:32,1444,159,3.7603,1603,18,8,2,1377,15,51280.2672,27,710.5,2844
957,42e90c77319eeb4c1a073a66449af3dde016d61d,0,1,0,2018-05-28 16:16:40,219,43,2.1466,262,9,5,8,966,18,54188.7136,16,575.0,3033
960,9f736d1927c62d220a82931c4f5ffa4955910f27,0,1,0,2018-05-29 07:59:48,8,618,2.5,626,1,1,4,61,18,3471.4797,29,38.2907,103
963,bc8921d7c7eb4fe238ad3637271072c2d94ac943,0,0,0,2018-05-29 08:53:33,42,65,0.176,107,11,1,1,868,6,81760.8649,697,427.1448,266
959,cde504eb401441e589b3f295e40db37a005ee6d9,0,0,0,2018-05-29 14:46:19,168,2003,2.1025,2171,9,5,11,50,12,27949.6811,364,166.2813,1862
962,cf0052eef6896893c3af1897743694865bb58b68,0,0,0,2018-05-30 09:24:53,92,3829,1.0228,3921,3,38,1,16,134,45731.5761,122,82.8503,247
994,ae0bc11b1f5f41dc2a577958b0019a1e808fce2f,0,0,0,2018-05-30 13:49:35,469,88,0.2317,557,1,2,1,975,0,6059.0,693,519.0716,71
988,9218df82bc5748cf7fd4717b5b5e2f7dba0e01be,0,1,0,2018-06-01 14:26:10,3530,2183,4.1791,5713,50,8,3,1021,122,41755.7607,1000,710.5,212
970,b2a91310e1889116926026480c5e9a5e44c96e54,0,0,0,2018-06-02 13:05:04,5613,3829,1.6002,9442,2,3,2,74,17,46790.6796,1000,710.5,3475
1005,ddba1b69f43cbb885e178dfaafa120f1fe196a13,0,1,0,2018-06-04 10:49:43,541,2045,4.4517,2586,28,21,1,958,116,60387.0,173,575.0,885
967,3f07ecc652c07101ae1b1a8fb17f89a2d1206e1e,0,1,0,2018-06-04 11:50:44,115,416,2.367,531,8,11,4,41,48,67948.6667,373,228.2816,2040
973,2c13e00c1c108163466f9944de2a32dd5a1b7352,0,1,0,2018-06-04 15:28:40,2426,8089,4.9375,10515,32,38,16,1130,6,63096.624,1000,575.0,22
978,a3f290020c6d0d15d993dcdc24fa1ef98c63739b,0,1,0,2018-06-05 11:51:08,124,3382,1.5113,3506,6,4,3,71,21,68493.7367,436,248.5495,1147
975,7ca287a7b96efbad8244378d8ee4da3a3cf53acd,0,1,0,2018-06-05 14:14:52,5613,34,0.9721,5647,1,2,2,11,7,48581.0743,54,51.7535,3475
255,28e0b83dd86cbf2a8d0eeda95391f206ba0d812b,0,0,0,2018-06-06 15:15:20,869,53,3.182,922,1,15,5,989,6,8666.9528,133,104.8158,38
980,d783c6282e7362fae29b35e61b1522912eab2c36,0,0,0,2018-06-06 16:23:25,1512,88,0.1693,1600,43,1,1,1021,3,18278.1754,72,60.2916,142
981,975f9b1b8c4ebb4c96eebc57aafefa8d10c8a689,0,0,0,2018-06-07 07:27:25,71,10,0.4261,81,1,2,4,30,19,76745.6691,18,46.9133,147
972,0f6c4eb45e390f1c7bbefa3e8ed9d7c2955dc396,0,0,1,2018-06-10 04:27:46,49,2465,0.0307,2514,2,1,1,1177,133,44894.7727,15,15.5699,65
977,25d277e16970c6a1755f5050f7bc419b158f17aa,0,1,0,2018-06-11 08:36:59,141,81,1.6953,222,5,3,2,48,18,68614.428,14,575.0,48
983,5f11df6eedf64f81ffdbf4afc2ad5d84b1b2ae65,0,1,0,2018-06-11 14:19:51,17,19,0.567,36,2,15,1,13,1,9237.5036,40,42.2038,480
984,6f59d67594fca80367724e18c3926a02a7257bd1,0,0,0,2018-06-12 09:41:45,8,40,0.071,48,11,5,2,31,7,79631.1784,730,469.2552,6222
993,7e51b90d909c6feaac6ed48140df00372e95a45c,0,1,1,2018-06-12 12:27:30,324,1200,0.4519,1524,3,3,13,23,14,35995.8276,740,443.4243,6058
991,cacdb68310db70ffc1a5b22dcd9b62b81855a544,0,0,0,2018-06-12 12:40:13,14,28,0.0632,42,1,1,1,4,3,999.5698,771,433.8574,6110
992,25fbcf8cf42935cd433d5555042f62a911dcad79,0,0,0,2018-06-12 12:51:20,96,81,2.3368,177,4,3,2,1033,6,47057.2029,63,59.645,247
989,467ad788fbcdd4b5ba319ffe3d64b25a282dd7ec,0,0,0,2018-06-12 13:22:50,55,43,0.0339,98,4,1,1,5,5,623.1368,744,469.183,5818
986,a36b56999240d1ead0793be7acb4ad13cd0559f2,0,1,0,2018-06-12 14:03:58,487,39,2.1709,526,6,5,12,21,17,48251.5931,17,7.5733,58
999,40f9131e9136f4f956c59e4c0c837afba8b9bb4d,0,0,0,2018-06-13 02:41:27,31,77,4.8507,108,35,1,6,22,11,35529.4389,7,6.9349,2713
976,fdabce0339a5ba89787f8719e463cd01f35b4601,0,0,0,2018-06-13 07:18:41,161,2012,5.2754,2173,70,2,1,45,7,73461.8044,806,472.0089,475
1434,0bdde8377c254195fe94709d639bf03f9bd77606,0,1,0,2018-06-13 08:24:10,792,1377,0.0,2169,49,18,6,0,99,65787.8063,117,575.0,3033
1004,3787b89105c6a005ddca999b0b8a0356e812ede6,0,1,0,2018-06-13 11:43:53,293,8089,5.2401,8382,62,33,9,293,29,61738.466,163,62.1645,941
969,137231ad382ea8e305268159c47581e4c2c13880,0,0,0,2018-06-13 14:10:16,469,618,2.5,1087,6,6,1,1000,14,5832.8035,429,255.178,1493
1001,19040a632c66af64d49707cdf07adb25af04d92b,0,0,0,2018-06-13 14:49:00,161,76,1.7279,237,10,6,2,17,10,49250.5032,57,38.5035,546
995,dd4c8469b11184b633d2b9514b9910622734270f,0,1,0,2018-06-13 16:21:21,311,262,2.3093,573,11,6,3,176,38,21348.8743,518,246.8248,2294
1006,2fdc768edd7cd88ab4584f7d9072640ba77e1678,0,0,0,2018-06-14 06:20:42,2467,30,0.0439,2497,62,1,1,49,14,69842.5234,19,10.8986,53
1189,abd61cfacf62d909a9a6a2d843f3be97a6f629ee,0,0,0,2018-06-14 14:24:02,1512,79,0.1384,1591,3,26,6,1021,8,18938.0867,1000,710.5,3393
947,fc3ee68bb1c0676ae8825c675d0c01e25d36db7b,0,1,0,2018-06-14 14:56:08,128,80,2.6305,208,7,4,4,114,35,20741.3803,1000,50.9953,3393
998,009e9fe4e9a24ccad949d75d745f9a1d8cf3ae98,0,0,0,2018-06-14 21:15:48,240,58,0.1574,298,3,3,2,51,14,37153.4,510,248.7848,702
1010,ae9178fa0f93c67d081a3404c1088f3b2c494cc7,0,0,0,2018-06-15 15:12:43,37,47,0.0619,84,1,1,5,31,6,8783.2977,128,108.6225,745
1501,ae8cef3de2f790c4de834982751f4fc49359ee05,0,1,0,2018-06-18 08:54:42,0,315,1.614,315,23,8,2,1103,89,77489.2094,372,186.3057,3455
1012,181559d5bcad50f919e95c7602057b929553f76b,0,1,0,2018-06-19 07:45:09,860,415,1.5442,1275,4,30,1,1068,12,59578.974,509,290.5483,1565
1003,8cb89f9790625c0d41779b2297fc944d028aa346,0,0,0,2018-06-19 08:01:30,2814,181,1.4271,2995,2,3,3,32,9,66359.5527,128,86.9317,1079
1043,9597248a41b34e126aac6a807651b1d376dc6de1,0,1,0,2018-06-19 19:00:34,549,1272,4.4849,1821,59,37,2,761,103,52771.2857,1000,710.5,2844
996,da37daa8ba387435abf6a3bc5629ce7d21a6b017,0,0,0,2018-06-20 04:26:10,84,47,2.7725,131,9,8,3,32,17,45854.2461,15,710.5,3475
1013,c9ad0a07ef0339ced74057fc17800ca9ab7784c1,0,0,0,2018-06-20 04:41:05,2985,2012,5.2754,4997,70,19,1,41,14,74928.9721,35,32.1915,3033
1020,6de6ed48532a31a7ba90338ce7e5c2bc61d0ae11,0,1,0,2018-06-21 12:57:45,215,454,4.1336,669,50,1,12,492,66,34646.4256,660,531.6262,8291
1027,ccfe9bb87e67e9130686c4f9f36b76d75e061605,0,0,0,2018-06-21 13:29:08,147,55,1.1729,202,1,3,2,26,22,28110.9118,791,431.0995,455
1014,d2de75e4587b005914eac3489cd96929cde73cfc,0,0,0,2018-06-21 19:13:09,8898,53,2.1013,8951,9,4,2,12,24,37153.4,1000,11.6386,97
1028,8561f4cce47bda416d7c09071ea18515ab2c75e1,0,0,0,2018-06-22 15:40:49,60,8613,0.8875,8673,4,2,2,4,10,30375.6381,742,466.4358,5746
1011,7ca0fd783eb2ec01a0011eb891db75d998d635f4,0,1,0,2018-06-25 07:43:29,1,8089,6.2875,8090,99,1,1,8,9,62886.7341,5,4.5559,13
1032,ca7e87dcc9ddb7e1fc09d742507753a0baaca072,0,0,0,2018-06-26 08:01:19,2784,1162,4.8422,3946,4,22,4,24,112,66290.8805,793,482.6582,5783
1015,75d12f967ccef5df3c6c513765bb8db1106a7c87,0,0,1,2018-06-26 23:05:11,5613,3829,1.0468,9442,3,2,1,1033,5,45491.7898,15,710.5,3475
1030,d52c0d6f6f9d76b367dc94b0764622d6e9f15c21,0,0,0,2018-06-27 07:49:36,2573,1794,5.5611,4367,3,53,16,75,14,69912.7336,771,436.1176,6180
968,92a6a223aaf085887a08ed314c6dea38674c0158,0,0,1,2018-06-27 09:39:20,2814,7302,4.9874,10116,1,2,1,1020,9,66139.0235,151,89.7618,154
1024,fdce4b2ee0b4127c296f2d1e27fe9ecbbedc1676,0,0,0,2018-06-28 09:54:56,93,79,1.3183,172,3,3,17,48,19,42317.7686,15,15.1432,3064
1035,c2808986c5b5b75a17516e62ed98edb65cf39c73,0,0,1,2018-06-28 15:30:57,1961,465,3.6595,2426,2,1,1,871,4,80290.0011,1000,710.5,3033
1019,9b366045697f80534b8eb2e8b559f02d1452f0cf,0,0,0,2018-06-28 16:34:24,194,245,1.8613,439,12,3,2,50,8,46329.3175,791,492.7601,178
1064,66e0a271ad24277330f1de54db7798a2389a671a,0,0,0,2018-06-29 17:27:58,323,429,0.4245,752,71,40,16,776,116,32748.2997,722,397.0991,1673
1036,5dbb6dda8662a1b13314780c34463ba5c7f3c020,0,0,0,2018-06-30 02:22:09,66,3382,4.9358,3448,62,19,6,58,21,71253.6172,28,19.2613,3033
900,432e48a2e5f8b7045816ea39799156b2d16ea13b,0,0,0,2018-06-30 21:53:16,2182,2003,5.1646,4185,68,3,1,53,4,26621.3405,723,408.1666,4393
1033,89cfeaa882f9e68df2bd215563622b48c29a9ec9,0,0,0,2018-07-01 19:08:41,314,6953,1.8039,7267,9,2,1,1026,13,26999.4572,727,428.1647,5716
1040,49156e8d6c2cb223e350760ad69d1898d67dacab,0,1,1,2018-07-02 03:56:00,16,49,1.1048,65,3,4,2,78,22,46049.903,11,10.8532,56
1029,ec28f92ffd042308494d9661a38ab462738611aa,0,1,0,2018-07-02 07:42:17,36,407,2.825,443,10,7,5,162,40,64089.0,1000,575.0,3558
1044,918b16a018987822d591b6fd7e33fd937a862e79,0,0,0,2018-07-02 09:50:47,80,11,1.0683,91,3,3,8,3,4,56244.0334,161,116.4643,904
1037,63730b61de3342d3ee4c0d0e3c543d55ab966773,0,1,0,2018-07-02 09:51:09,64,32,0.5027,96,2,2,1,20,5,42.3335,168,121.5549,833
1039,b3c47961adaa809b0b60a308f1621c60299b2590,0,0,0,2018-07-02 10:42:40,469,20,2.5,489,1,1,4,44,8,3198.8532,140,137.0873,910
1021,a49587a6e9e1500e55e6bad8510791f5ec01c216,0,0,0,2018-07-02 14:46:14,303,96,4.808,399,40,2,5,83,21,17123.9953,724,401.609,502
1045,93c7a9b224e8eb498d683fedd2eea2ef31e91a98,0,0,0,2018-07-03 07:24:45,58,11,3.6595,69,2,1,1,871,7,77734.6832,144,101.5167,940
1049,a3bc2bdc6fcf73fb4e9d3b72aeb5226bc9042658,0,0,0,2018-07-03 11:36:33,97,1275,0.1912,1372,2,2,1,40,1,83215.4797,718,424.5347,413
1041,1b20090f93eb61b61ced91b93ce56d86c0537600,0,0,0,2018-07-03 13:51:34,96,1618,4.5011,1714,75,37,8,59,13,60712.8941,781,480.7739,6227
1048,390e451f77d874b3255b20e0ea164d6743190aa2,0,1,1,2018-07-03 14:43:23,83,5,1.1986,88,3,2,6,21,10,14251.0408,745,465.7183,5874
974,382dd0644f17f99bd189cd5a4a1faa1532b913e3,0,0,0,2018-07-03 14:44:28,13,11,0.0476,24,4,3,1,13,4,4809.0,781,438.0884,6156
1068,f45b7f7ff27df019e9045895e718fa112d12139c,0,1,0,2018-07-03 17:23:41,1775,8778,3.6428,10553,47,24,8,1080,105,52771.2857,1000,710.5,501
1046,2fd2ccb65fb213f251425265b6319b1e740a471a,0,0,0,2018-07-04 10:13:17,2985,2012,0.296,4997,70,19,6,986,115,76280.72,818,478.9306,3033
961,79b38f8f9a79b917d525842cf46087c5b8c40f3d,0,1,0,2018-07-04 11:43:49,1081,181,4.5974,1262,46,12,4,71,26,76674.0,240,131.0099,937
1053,cfd0206b39b08691b832ea6324e02a5bd3a1533e,0,1,0,2018-07-04 14:11:38,1,5,2.4017,6,10,6,2,29,14,41284.3675,1000,710.5,3064
1051,a9b5579b397b6c56e44e21ebb8b2a6a7e6d8b2d1,0,1,1,2018-07-04 15:45:18,181,9,1.013,190,3,3,6,40,10,12860.2488,180,129.4509,842
1820,e236680f14ebbaf97243dc15718aad93b68b584a,0,0,0,2018-07-05 09:28:35,170,161,1.9416,331,9,3,12,21,12,47346.7031,121,88.3088,153
1056,695bc56a9e20b9d86eea14a02899b400d324a7ea,0,1,0,2018-07-05 16:11:18,567,54,3.5803,621,1,11,1,74,2,36615.7454,115,23.0761,396
1055,710db671aa5bbee89cb1d969e8ea771488b947d0,0,0,0,2018-07-05 16:29:25,260,101,2.3561,361,7,4,1,19,11,41977.8866,1000,8.6067,3064
964,53e6657658bc750b78c32e91fa7e2c02e8c54e33,0,0,0,2018-07-06 11:34:27,8,8613,1.4926,8621,1,2,2,149,29,29403.9934,849,347.316,7593
1057,3c4e59a7f78deeaccf41022e92699e1ef7510cc3,0,1,1,2018-07-07 08:53:38,126,22,1.4785,148,4,3,2,29,8,37671.1039,748,436.2433,6138
1008,fc49801d4723413d3a09ecb85d60d39078056c68,0,0,0,2018-07-08 03:52:41,281,444,1.1138,725,7,3,2,882,110,40904.3442,21,12.1643,119
1062,88ea996dda16e340488a2d9f7516bf8337edefdd,0,1,0,2018-07-09 09:20:01,0,121,4.8417,121,42,17,1,70,12,42273.429,82,67.0817,3064
1060,42ada8ad9ca28f94d0a0355658330198bbc2b577,0,1,0,2018-07-09 10:02:24,999,2465,2.0945,3464,8,8,4,49,12,44900.334,24,710.5,68
1061,b74594c488e4c5428c5391b89c32ae6fd7d98a79,0,1,1,2018-07-09 11:54:51,120,22,1.4475,142,5,4,2,4,14,57541.9661,12,9.65,35
1063,9e87e2030d5a8232b80e6dbb93166fb9ac9ecb53,0,0,0,2018-07-09 14:49:15,58,2926,1.9626,2984,5,1,1,62,3,9160.9766,143,140.4284,783
1100,abfdc1a2d649029d9f8a22c8d4880dc5068149c8,0,1,0,2018-07-09 21:07:38,462,954,4.2006,1416,23,16,1,845,0,53974.9181,1000,7.9746,832
1052,7953a2efea6aaa745ace7843770d12986f798b6d,0,0,0,2018-07-09 21:20:47,0,5083,3.9069,5083,1,1,1,15,9,515.5312,1000,5.7181,3033
1065,2ec72123e347e684ac40a1e1111a79a11211aadb,0,1,1,2018-07-10 14:55:11,28,3319,5.45,3347,2,1,8,46,27,38868.517,7,452.5167,27
1070,a154dd5be8540d20117ccdd9462434ff6ac02b46,0,0,0,2018-07-10 15:25:18,29,5083,3.9069,5112,1,1,1,36,2,0.0,154,107.8434,934
1073,01378d06215d6e00b78c4ed40b4b8a2c5c9db129,0,0,0,2018-07-10 18:40:02,166,33,1.6369,199,5,4,1,3,11,58864.2876,18,575.0,35
1077,2fbbf8ee662647c71581f5cd989226be820fed0f,0,0,0,2018-07-10 21:23:59,29,1299,0.995,1328,2,2,2,14,13,40109.2345,771,445.3097,6348
1072,740f2fbf2e65fa988c6a577989ccd8923729be45,0,0,0,2018-07-10 21:43:34,48,2240,0.6009,2288,3,3,2,53,16,23159.5195,771,464.2105,5866
1059,5c43d2b8ab6a1240d4692093cfa3d4b4abf2a864,0,0,1,2018-07-11 11:38:24,45,46,0.1107,91,11,5,2,868,6,85304.6265,318,164.0947,1825
1076,def2aed5c75b5a00815186d3343e66cb1dc01ac0,0,0,0,2018-07-11 12:35:22,54,51,0.7278,105,3,1,2,45,25,18991.02,2,32.1146,130
1078,d850fdec9f69d371a49d3fa40a26aee7759376be,0,0,0,2018-07-11 13:41:24,1512,1526,4.7077,3038,4,26,6,1021,2,21176.5135,539,303.4666,1516
1079,c2e0e240970b09af68d0fc834f691a671e8b8fd2,0,0,0,2018-07-11 15:30:53,880,5083,3.9069,5963,0,1,1,73,21,1996.7109,825,409.9584,252
1071,ab9bd87e521d19db7c7d783268a3532d2e876a5d,0,0,0,2018-07-11 15:41:27,674,313,3.1455,987,8,4,1,49,5,61249.2771,738,434.4629,14714
1081,9d24432d086aa816ef35ef9c1f11f6ac6cd0a5cd,0,0,0,2018-07-11 16:37:15,9,75,0.0447,84,1,1,1,28,7,937.7356,461,265.7991,657
1082,28cc0720c2a4826a2eb25142177de263d62fb709,0,1,0,2018-07-11 16:41:06,218,33,1.5096,251,10,7,2,966,5,56371.286,483,266.3269,2211
1080,09fbfdfa76b068fcc8de249fe7cdcd01fd1f350e,0,0,0,2018-07-12 07:05:50,2985,83,0.9137,3068,7,2,1,21,1,74769.5112,30,62.0312,558
945,0e5ac4d791a8e35b3e65836bd08c8f96fd900e0b,0,1,0,2018-07-12 08:50:09,266,524,4.0024,790,31,18,3,87,6,63297.3618,89,32.6617,828
1085,4db63c0379fc1e0d8aab573d3d9d6dfa68074d76,0,1,0,2018-07-12 09:28:57,174,230,1.6025,404,5,3,1,41,13,61438.0933,260,332.4428,6628
1087,1632681e41cbc1092a6b4d47a58adfffba6af5d4,0,0,0,2018-07-12 15:12:18,111,49,1.122,160,4,1,2,2,9,41241.6374,28,3.8152,129
1610,30c4bc847ade8cf0ae5c3ef6a6f8debdf72ddd61,0,1,0,2018-07-12 15:20:30,537,13,3.2128,550,23,17,6,280,47,26010.3323,871,372.9682,10056
1000,ca0fa96bfacdc3a3a9e149b68c282c19fea2e2db,0,0,0,2018-07-12 19:15:29,8,618,0.0334,626,6,1,1,46,15,2329.8818,67,48.5419,3033
1083,a502f82777acc825aaea4de22ece6b4d247260b9,0,1,0,2018-07-12 19:18:46,106,58,1.0176,164,3,3,1,26,9,14561.9061,855,359.9808,6583
1038,f247598982fd82aeb2c609434cf875daef3ffabb,0,0,0,2018-07-13 10:33:29,82,391,6.2875,473,99,38,1,81,19,62131.7029,803,322.72,2291
1088,e2960949bf84534978cb0be9f1a53cd783b43001,0,1,0,2018-07-13 11:53:51,1897,2113,3.1912,4010,16,5,2,1041,22,36756.2278,878,301.865,2378
1091,fefe866bad47b1c4a2f92eded19bc7a5059f1277,0,1,0,2018-07-13 12:00:10,522,74,2.3419,596,13,7,2,87,14,42517.524,489,297.8958,713
1086,7a912e603a040acfc46d394e86794b2c031298cb,0,0,0,2018-07-13 13:13:21,42,618,0.1557,660,6,1,1,55,107,4995.1722,868,362.842,2295
1089,548e9ed55efaf9eb22c5f3031558f0371df0d08c,0,0,0,2018-07-13 13:23:38,225,1162,1.631,1387,76,2,1,818,112,64882.9838,881,371.3499,2811
1090,01cf808ee863f4b0f429f20ba05fd2e322842e48,0,1,0,2018-07-13 17:27:35,1380,378,3.9071,1758,17,4,6,65,27,65204.9375,1000,575.0,161
1093,fb4eb93c7dd5f80a9f53dedb6ceb4fd412dabb04,0,0,0,2018-07-14 11:05:20,1759,39,2.6738,1798,8,5,2,76,29,25327.128,18,44.988,219
1098,a72b55ea296efb46e01558c70990064631d2aceb,0,0,0,2018-07-15 18:05:47,6757,39,0.7042,6796,84,2,1,1128,6,45870.1136,744,459.6613,6095
1094,49855044b1d472bc75bbf208970e11bf92d1165e,0,0,0,2018-07-15 18:39:16,39,32,4.8556,71,56,30,1,15,7,35145.7458,780,468.1724,5889
1097,5be27a23d3244430314e5ef6165cf82867173695,0,0,0,2018-07-15 18:47:28,410,1,0.0911,411,1,3,2,7,2,3899.4259,728,472.1216,6243
1092,9d238e1a170a96c311b0dafa92f572c2d97bbcad,0,1,0,2018-07-15 21:20:37,460,35,1.3629,495,8,8,2,966,7,53076.3641,810,352.7159,2434
1103,8db5ca6b0da13f7bd8dab3edee127c50cf26109b,0,0,0,2018-07-16 07:31:06,4307,140,1.6827,4447,5,18,5,61,18,14598.4496,689,407.2421,3360
1099,a88d6efc5d2280367e27c3df46451bd161a4d100,0,1,0,2018-07-16 11:11:14,50,1,0.0426,51,1,1,1,8,6,13321.9087,750,448.098,3033
1101,6bba0e77ed0d98b8de24f457605b82c69980a0d4,0,0,0,2018-07-16 13:07:31,82,1526,4.7077,1608,3,26,1,35,14,20325.8286,701,489.0856,3393
1104,7a91f30711473d670173107d7517c9b5acaa9d3f,0,0,0,2018-07-16 14:55:49,2753,8089,0.2877,10842,99,38,1,1130,5,60735.3089,821,484.8997,3558
1075,64feb4e7e86ffd2d1b57b27b287b1d261abd065d,0,0,0,2018-07-16 15:30:17,45,116,1.6291,161,5,3,1,11,3,63215.8984,59,51.2399,31
1102,0bbc91eb1b23fa535e28fa8403f8040db46ebf98,0,1,0,2018-07-16 18:51:44,0,2012,4.0272,2012,27,7,2,86,115,75633.7103,126,83.485,412
1106,9e0a4b5403bb2a5cc98502dd9ce0c576a915c31b,0,0,0,2018-07-17 07:34:45,2753,164,0.1128,2917,3,38,16,97,13,63214.3147,436,294.6591,1581
1105,0cb7706dad74133652983a132d70ba4ded4aff9b,0,0,0,2018-07-17 09:25:42,137,125,1.2846,262,3,2,2,1377,9,50951.8187,58,38.0582,83
1108,b56c75ca375049b1d2c80d2d0945ae1ae04eb39e,0,1,0,2018-07-17 09:52:02,2137,831,3.8236,2968,24,7,2,1377,5,49679.3659,68,19.163,80
1054,b9a916afee65913c113cf4f6fdf314576644eb19,0,0,0,2018-07-17 10:00:40,6970,141,2.2705,7111,7,2,13,1377,10,50181.8421,207,107.9639,3
1107,6a56e48c78caecda84d0995f67bf92dad37b1791,0,1,1,2018-07-17 22:51:38,44,59,0.6755,103,3,5,8,1243,9,38207.8192,186,117.9405,830
1111,48e724fed60d10a11e3cc39e9c6e964002a926b3,0,1,1,2018-07-18 07:54:55,103,3319,0.2924,3422,2,2,8,40,9,37202.0,833,5.8207,23
1069,d6c069d2c6e933ce1f4e112972eec7cbec82c8fa,0,0,0,2018-07-18 09:11:25,6363,3319,5.45,9682,6,3,1,1243,0,37775.7698,797,1.0,3
1109,e984168e2eca59c08da90bd5feeac458eaa91bed,0,0,0,2018-07-18 11:49:09,63,75,1.5428,138,7,4,13,284,41,33336.0417,734,425.4931,6095
1112,85a68286840ff5684b344bf807c206cc81feb968,0,0,0,2018-07-18 13:39:57,6363,38,5.45,6401,83,32,1,24,2,39035.9928,833,11.2751,3033
1115,6bdec86e31d82d7c38d2509a039a1a03ab9f246e,0,1,1,2018-07-18 13:45:15,6757,63,1.2058,6820,3,5,4,111,27,45498.9418,770,440.0123,6844
1113,44ed5ef0fc1c221f3916ab5126f1bc8ee5dfb45d,0,0,0,2018-07-18 13:49:55,410,386,0.0571,796,1,3,1,22,13,4809.0,728,420.9848,5697
1119,d1a305e8b9a9277d9f7722fc53358642c4c0a7cf,0,0,0,2018-07-19 11:47:53,5613,226,5.6438,5839,98,38,12,1033,8,46731.7144,512,235.3538,1790
1148,6fcc1e9a868ff3ce2bd0376b6b3493a08c7b604c,0,1,0,2018-07-20 06:47:53,681,1136,5.0444,1817,64,26,2,773,100,48979.5833,123,710.5,1015
1117,48791c1ea538727a83ac39613a07c0e6214a8b1d,0,0,0,2018-07-20 10:59:41,88,25,1.6355,113,5,4,6,1002,5,10303.1723,31,55.9408,564
1121,404eda81753788cda619abf3f42ded6ea5cf4f66,0,1,0,2018-07-20 14:55:48,493,46,1.1385,539,4,4,6,916,18,68583.8645,37,36.6859,3033
1118,9e348d32c5182ea0a3c2b0dfd03560806b029d9d,0,0,0,2018-07-20 15:03:16,72,8,2.6231,80,9,4,1,1021,7,18557.301,71,8.4954,258
1126,0b4947b6142f813d2f1e0e662d0fefdecca0e382,0,0,0,2018-07-20 15:24:52,298,2012,0.755,2310,6,19,1,986,115,73761.5145,912,384.0681,2625
1129,f60aa6e72ca860bb30730472c0c7db8fef500e5c,0,0,0,2018-07-20 18:28:55,2985,2012,5.2754,4997,2,19,1,12,2,75618.4307,156,109.7609,40
1124,9afda733a90a72be75ced9567452c6a7a5e3dc8c,0,0,0,2018-07-22 18:17:11,111,450,5.3776,561,4,40,2,60,6,30814.2999,778,473.6798,5728
1127,b47ded30e333a84481d1d6174bb7f203c44ed77e,0,0,0,2018-07-22 18:20:53,28,386,1.9994,414,1,1,1,18,9,4809.0,734,421.6011,6219
1130,3422ee8b43b4512a5654b670c915c3642dce96e5,0,0,0,2018-07-22 18:34:33,92,6953,0.1988,7045,3,2,1,117,10,26405.1085,779,430.6973,6248
1120,88572dd3821cce33066e226a3d33bc8b073e2109,0,0,0,2018-07-22 18:43:44,1361,2240,0.1955,3601,3,24,8,23,14,17313.9378,735,473.7077,5790
1128,d2bd39e361c53da99ae7383a51695cc896ec2bbe,0,0,0,2018-07-22 20:11:13,114,342,4.7643,456,62,35,12,34,136,23702.0595,777,472.9591,6282
1131,57b3cde863922094be4f395063317e42349aedb3,0,1,0,2018-07-23 06:12:00,781,276,3.9965,1057,31,15,2,1033,12,47324.9495,24,73.0321,773
1134,01adb69e1a43b81d545abfea25393d5fab8f86a7,0,1,0,2018-07-23 09:51:31,11,2113,1.1343,2124,4,3,6,1,17,33886.6912,202,138.1646,100
1122,73088749e6377ad40bfed3a9da1b306bfbc4c2f4,0,0,0,2018-07-23 11:48:45,2651,2388,5.4776,5039,87,2,10,1068,0,58015.0495,64,32.3692,440
1132,7be07871c23b56547add4cd85e15b95c757f882b,0,1,0,2018-07-23 16:10:55,284,164,2.3634,448,5,5,1,14,3,41299.5713,31,22.3063,3064
1136,4c4e3d66c9635e523c8ab1539f635ef1dbb24e61,0,0,0,2018-07-24 07:03:44,2814,7302,0.759,10116,3,3,2,42,14,65657.9097,50,31.0826,56
1138,58ca87aaeb910dd0d3cf28b9a65e81b9af455690,0,1,0,2018-07-24 18:44:08,47,17,3.9069,64,1,1,1,13,8,256.5785,1000,1.1425,20
1140,0244ac8956b099741ea52034ff214a9e1579dc59,0,0,0,2018-07-24 21:13:53,154,39,1.7485,193,4,3,2,22,24,18655.7147,21,18.3587,3393
1135,22b9a8d785b753fd6ae7ee705ed7f5ac25f57a24,0,0,0,2018-07-25 06:39:29,95,216,1.9306,311,99,5,16,46,7,61698.6443,437,261.9381,1574
1142,0d6040b1f44e3884b97e8eaef063c25a663c52cc,0,0,0,2018-07-25 06:58:46,41,142,1.6437,183,4,2,16,24,6,62580.7649,237,132.1958,2
1133,02fa213eb104461e4438587c0cbad132e6e844b1,0,0,0,2018-07-25 08:11:06,1961,465,3.6595,2426,2,18,1,48,14,80925.0467,1000,30.823,98
1170,abbd6b02d743486f3c0c1336139dd6b3edd20840,0,1,0,2018-07-25 09:21:34,1178,738,3.0408,1916,22,20,6,856,102,48527.3581,288,162.7004,211
1151,4d7cec1880074782409887ac4143196c0623ba29,0,0,0,2018-07-25 10:23:20,17,52,0.0316,69,1,1,5,20,6,9711.0831,54,72.9084,190
935,dd4b3d1fd3de9c64d077c67bcf740ba347e81a3a,0,1,0,2018-07-26 04:44:29,84,91,1.2731,175,5,3,1,33,14,44028.9674,16,4.7977,47
1150,6ac014504a39d0b2d5b9b4c6681a76edd03d203b,0,0,0,2018-07-27 05:04:26,6363,88,1.8287,6451,3,6,2,1243,11,40276.6969,201,131.6118,3033
1137,7f01a4fcfe52689ee9e9bbcf4ae50a5b924ae683,0,0,0,2018-07-27 12:00:01,5665,158,1.7788,5823,9,2,1,28,10,30137.9244,356,159.0229,2086
1152,ad7fd648223a85b3da973e64a1a3cb24a88796fd,0,0,0,2018-07-27 12:00:45,139,2465,2.374,2604,4,2,17,42,1,41853.9915,371,158.3299,2083
1147,628b71dfabe72a99eb6d54994fc870abed1f0268,0,1,0,2018-07-27 12:03:50,154,121,3.634,275,23,11,1,1021,7,18927.4864,81,9.8297,297
1145,975c85eda7bd2c07f35e45cd17005793ab4fa851,0,0,1,2018-07-27 15:43:01,2814,165,4.9874,2979,3,31,1,43,4,65364.4973,437,253.4983,430
1192,eb3a1741032795ab8db76b40c3614820a2529166,0,1,0,2018-07-28 00:27:05,0,233,4.7242,233,17,7,16,853,97,32608.3437,1000,710.5,362
1095,859fc6f392bf62badffe9125e995bb7d6002b737,0,1,0,2018-07-30 01:54:02,86,3382,1.8057,3468,4,5,3,280,39,72076.0,50,33.0701,3033
1153,5b1500d4fe39a44bfaa03b27216627e3caf55240,0,0,0,2018-07-30 02:57:40,154,3,1.3741,157,3,3,2,71,23,66853.5907,57,56.3266,265
1158,a278d5930670bfb58bd06109f468aa7f75c6aee0,0,0,0,2018-07-30 08:45:51,99,5,0.0632,104,2,1,1,17,5,70163.5603,1000,10.041,3033
1144,bf6db7d2483561b7fc5d7f9484acfcfa6c5c67c2,0,0,0,2018-07-30 08:57:26,417,238,1.9338,655,5,3,1,6,14,47928.2945,80,52.7521,3475
1155,1b0baa162bd87efd69040eb787de8d6624f14c85,0,1,0,2018-07-30 09:37:41,498,277,2.8548,775,20,4,1,916,2,71494.1146,81,23.8378,175
1162,6aaf5ed897d6b14241957b1fdc98009e5bec05d7,0,0,0,2018-07-30 17:06:48,869,2926,0.027,3795,1,1,1,989,2,8535.2612,126,107.8399,47
1166,23161ee91391fae4734a6f2f56e95e00d5d298ec,0,0,0,2018-07-31 09:22:15,33,11,0.0595,44,1,1,1,20,5,85401.4505,1000,14.1355,45
1141,c8210d8648d7fb489719f4490ba490c627b5b616,0,0,0,2018-07-31 09:30:10,9,45,3.182,54,24,15,5,56,19,9430.7457,19,575.0,39
1165,ed61c3a46b074abdb1c33606aa464a70e46a4dc8,0,0,0,2018-07-31 12:48:58,185,2465,2.0924,2650,7,2,2,24,9,43495.7947,199,108.7488,855
1169,c489f77dfd89cc1ee27165cf4cd3d0d99722a062,0,0,0,2018-07-31 12:49:16,880,53,3.9069,933,1,1,1,46,6,2172.0,191,134.2365,803
1164,b3df1f963d25e7b7b6109d643090c2dff624ab2f,0,0,0,2018-07-31 12:58:20,2814,87,0.2222,2901,3,3,1,1020,6,65159.5883,773,439.9683,236
1154,fb1384c4993106b79dee561de6945556b179d473,0,0,0,2018-07-31 15:25:19,5,12,0.0225,17,1,1,1,17,3,3710.0524,84,52.2211,199
1205,1fb0636830bedadd59bb21d00e24801c6ca86124,0,0,0,2018-08-01 20:41:29,2753,8089,6.2875,10842,4,3,2,923,104,60978.4806,1000,575.0,88
1171,fffd2e8c5c1eeaaae90eaef56cd577c631f2091b,0,0,0,2018-08-02 09:47:44,82,132,1.6817,214,4,2,2,7,16,64990.2089,122,91.1034,132
1168,852502b7d51f91c6f9c3479424516d0b9ae255e5,0,0,0,2018-08-02 12:07:27,105,58,1.5209,163,2,15,5,20,2,9053.3204,37,44.5214,89
1163,398f464f201e3a16e9a14daf2fcf0687dc2c6cc1,0,0,0,2018-08-02 13:14:47,880,116,3.9069,996,2,1,1,8,10,1495.6752,191,147.4177,774
505,c2b8c1f1a77bba454ee16ce5c733690205220eef,0,0,0,2018-08-02 13:32:42,170,167,4.7643,337,62,2,12,57,9,27172.0658,730,468.9757,6234
1167,50d076ab6ad325907690a2c115ee2cb1c45775c9,0,0,0,2018-08-03 00:47:34,290,9,1.1508,299,2,2,8,21,12,54833.9431,1000,12.6193,3033
501,37dc2944600ffcfe2a2be35fddc968865068e93c,0,0,0,2018-08-03 07:19:13,3,19,0.118,22,11,5,1,17,9,79589.9753,775,433.2925,6147
506,739ce57ea620a94741fdba90cc8b8319fe76f75d,0,0,0,2018-08-03 07:33:21,2,1275,3.0268,1277,1,5,1,46,8,83318.5513,4,24.6099,3033
1161,0d623ca4a683a7cb16a1ddd7cf23db9ec5d3a693,0,1,0,2018-08-03 12:54:16,479,1143,1.8011,1622,5,4,1,7,20,53435.2617,1000,575.0,63
1159,93fa1dc4dccb00a1d630e6f152f2a0f21d3547f3,0,0,0,2018-08-04 09:22:42,302,4441,0.8296,4743,2,4,16,128,26,30571.438,1000,32.4904,3632
507,cb141940821bcf62f4102dfd5c76aff99d0c15d1,0,0,0,2018-08-04 14:39:14,121,3319,0.1172,3440,83,1,8,26,24,37833.5127,23,452.5167,68
1160,9ad932c52056d0ed7e96e1c385403a529e6a8edb,0,1,0,2018-08-04 20:24:58,755,312,1.7018,1067,7,3,1,29,8,36631.5086,74,46.0177,75
508,bda07fc1f709f20ce5c3d52df36944e21b869b52,0,0,0,2018-08-04 22:41:02,2182,2003,1.5859,4185,4,1,1,10,10,28966.9417,165,116.8419,817
515,c7ddb0a6cd4edfbf95471950c497e2592d4fdf8f,0,0,0,2018-08-04 22:41:32,130,13,0.3827,143,4,3,1,56,6,35538.4506,189,113.9114,892
511,7eb41f33fbce8da52cbba160f0ecff6fe96f124b,0,1,0,2018-08-04 23:50:03,194,11,2.0003,205,6,4,3,29,9,21010.1519,16,5.8514,155
1149,3f40783f48a6ccef9c609ac8204437e00033b76c,0,1,0,2018-08-06 08:09:43,195,159,0.0303,354,11,5,1,868,10,85487.759,27,6.8579,43
516,9d67afbb84736ee8c28ec1bd69eef8ddff4754f0,0,1,0,2018-08-06 09:21:58,452,439,2.1451,891,7,3,12,38,12,47735.416,133,89.8697,149
510,b535fab4c4529a15e50174a30c3743275cedaab4,0,1,0,2018-08-06 12:55:27,52,30,0.8933,82,4,2,2,30,16,44423.639,6,25.4752,219
523,73bf45ab4802ca396ce7e3a0393bb999642a3d4a,0,0,0,2018-08-06 16:27:57,8898,2113,2.5498,11011,7,6,2,1041,4,34586.4973,23,35.6788,472
519,2dd289f3f3e91b9747908d282e075b8acac32fbe,0,0,0,2018-08-07 09:36:04,2651,54,0.8417,2705,2,3,10,1068,6,57209.0614,511,258.8832,141
525,4d6915f346e2ec18c37009c842d949f3fafe4252,0,0,0,2018-08-07 10:51:09,2182,86,5.1646,2268,4,1,11,51,10,27064.2875,428,293.7377,381
512,600423b96d485b962a10682b9c336c35df8fbec9,0,0,0,2018-08-07 11:08:53,287,51,0.121,338,2,2,1,1041,3,34512.5376,425,256.9988,2713
520,f93333f82efea783b0adb1eb063e434229f21895,0,0,0,2018-08-07 11:18:37,6970,268,0.2202,7238,10,44,13,1377,4,51025.9262,496,298.2277,326
514,06dffc3287c8b1c00d052081ccc22846983beb13,0,0,0,2018-08-07 11:35:21,2651,2388,5.4776,5039,87,2,10,34,8,57922.7133,16,9.6251,87
521,c5f9ea2753c7e673dd887a67c9b770bec2f400cf,0,0,0,2018-08-07 11:44:35,86,53,5.45,139,83,4,8,33,7,37283.5139,456,268.8994,165
530,aba02eb3fcc4472c3d5f5a0f527960d79c659c31,0,1,0,2018-08-07 13:57:27,1442,884,1.6785,2326,6,6,1,31,16,42811.0353,188,114.042,845
522,c1a5ff2743ba88627f1f2873f58a6c840fa543ae,0,1,0,2018-08-08 11:33:36,8898,64,2.0602,8962,4,4,4,50,34,34473.0093,37,29.465,2713
526,a9ab4207fc289c8d0610766a28bdfc81b62e99f5,0,0,0,2018-08-08 12:07:28,1512,35,0.3255,1547,3,2,2,1021,13,19572.3739,24,710.5,49
527,4607b2e6b6a5d9b3286bc5a0745fa91c9e657876,0,0,1,2018-08-09 07:54:35,880,72,0.0454,952,1,1,1,1022,1,77.0827,80,56.3532,47
533,a442eb6c0388558c6fb2e5e616cd1cd15038b95c,0,0,0,2018-08-09 11:27:01,5613,51,2.4096,5664,9,6,3,44,15,47162.0312,57,75.0181,3475
528,30e8edb82f4be320e9ef9894874ffe9bddc5e4f7,0,0,0,2018-08-09 15:10:38,23,29,1.7739,52,3,2,11,27,4,26330.7676,85,29.0944,169
1806,35ed5fb6ed2286dc5e8b0f0c8c5192f7588f30cb,0,0,0,2018-08-10 11:06:37,58,66,0.9448,124,4,3,2,916,2,71241.6182,84,38.8685,3033
532,80b2a6a9713b6ddb3bedcf3f762ab8912d950d7e,0,0,0,2018-08-10 12:57:04,302,39,1.0798,341,5,4,2,52,6,40305.615,156,106.6473,124
534,e307f9217d8a009e471f3cd203cf2247073776b7,0,0,0,2018-08-10 15:20:04,16,193,0.8903,209,2,1,1,39,8,13277.0437,785,469.2642,6180
541,18ff4ab8e55d76522f835cc683f57252b3f742bc,0,0,0,2018-08-10 18:06:58,267,162,3.4166,429,13,3,2,50,12,31774.5862,161,90.7234,127
256,c3277c557aa423e7f5dd83d18b74082bf6c2bc24,0,0,0,2018-08-12 04:42:11,1389,35,3.4124,1424,13,6,2,17,4,47686.2224,1000,6.8545,3475
539,347482c752e3c693f8a7066d33ee485719e383e0,0,0,0,2018-08-12 07:11:29,6970,69,1.2915,7039,2,3,2,1377,6,50272.3508,1000,710.5,2844
543,e1798fd857f81337e7521ad284ee31e58c5d2be5,0,0,0,2018-08-13 21:19:59,261,1143,2.3382,1404,7,5,2,21,9,53018.7496,17,575.0,46
518,7fb32dce7807e77c68a003986a38bacb8b89bfc1,0,0,0,2018-08-14 08:02:23,141,154,5.8891,295,5,44,1,1377,13,52102.1246,38,31.316,2844
517,c3a74a12a063129367945e0ca1fa60535f5ca8c9,0,0,0,2018-08-14 10:12:35,108,38,0.9333,146,1,2,2,95,23,37968.413,61,59.1633,285
544,a40a659259882bef3e0f3c5b4356a731ab52a394,0,0,0,2018-08-14 19:50:58,5665,4441,2.406,10106,9,6,2,64,24,29986.7052,159,143.1756,983
538,10f9f1d431dbf047ea14130d9fb7fdd4f78178fc,0,1,0,2018-08-15 11:51:23,3085,8778,4.0609,11863,28,20,6,77,28,50954.2883,97,23.1927,546
257,a96277090358d2237aab7426ebde7fdf1eaccbe4,0,1,0,2018-08-15 12:05:39,1535,319,3.3598,1854,27,13,3,88,11,69402.9517,1000,21.0839,186
548,dfbf32ba66730388110316fe10e48edf28c83214,0,0,0,2018-08-16 12:20:51,3581,25,0.0535,3606,1,1,1,12,1,13530.9654,141,106.9056,46
551,741aa43e2c72dc93762ad8ab0ee6781bda181f05,0,0,0,2018-08-16 15:49:01,1759,25,0.0422,1784,59,1,1,42,14,23829.9705,146,104.246,40
535,d59313665476ab98de2016994fd72ddd8d45b76e,0,0,0,2018-08-16 16:12:12,5613,226,2.3951,5839,10,38,2,1033,8,45491.7973,796,414.662,526
553,fa3fba5cd3ab0acaed2537090e549e7ab70d8613,0,0,0,2018-08-16 17:33:21,3248,198,1.8299,3446,7,5,2,68,14,23763.6258,745,439.6671,5793
555,05b11f9e74ca4c7e562d92eeff69fab8b88c6ee8,0,0,0,2018-08-17 13:24:45,51,2,0.0576,53,4,1,2,4,2,3626.3083,738,426.6883,5738
547,7ee79d930a44ca216e42ce2438cd62ced1c5be67,0,0,0,2018-08-17 14:28:02,1,193,3.0646,194,1,8,1,12,12,15109.112,775,441.8865,5801
560,4cd3311421e88fa677bae8b946f40b897e1ed2e7,0,0,0,2018-08-20 07:46:31,2573,1794,0.2367,4367,4,3,1,36,11,68583.0526,735,469.7901,6368
550,a0b668555f5ee407d3cdbc42113cc28f019fc318,0,1,0,2018-08-20 09:19:18,641,479,2.2558,1120,15,8,2,100,25,55686.5448,782,427.8088,6181
529,07bb90d0e6166cda644af555870c483acd5c2390,0,0,0,2018-08-20 15:30:53,119,72,0.017,191,3,2,2,1002,4,11807.9215,441,293.4087,287
1413,a20335147a17ada546d3ebc269af1d17b973799c,0,0,0,2018-08-20 15:40:47,4,1815,4.6287,1819,2,32,7,24,6,24810.4117,1000,710.5,4335
559,7ae291c1ab3a394998aa08b1047726897aad45d4,0,0,0,2018-08-20 15:41:27,21,39,0.0415,60,24,15,5,989,1,8273.379,26,24.3623,3033
549,c395e896e5eb69a8255c372ea656483b05c8f94d,0,0,0,2018-08-20 22:14:32,199,1200,1.3702,1399,6,6,13,254,35,35996.8387,740,438.6958,5877
1768,2e2299db76ccb5fec2c3aef5900e4a5e46921ec2,0,0,0,2018-08-21 08:36:23,684,1275,3.0268,1959,1,1,2,28,15,82017.7342,21,19.8854,3033
536,3bad7aa394f9fa5f810e16aae0cfdd1fe1ea1553,0,0,0,2018-08-21 10:36:28,43,1815,0.7328,1858,59,32,1,20,8,24294.2716,438,290.5206,1558
561,93ac95866e4473982a89e563d58ef0e374b3c0ba,0,1,1,2018-08-21 16:37:07,8898,75,0.7903,8973,3,3,1,75,6,36900.736,499,255.9301,1607
1409,79c341209b90a3cf35f7026d67aa6ddbe02c2c40,0,0,0,2018-08-22 09:51:01,306,2012,0.6918,2318,5,3,2,986,10,75001.645,505,235.7653,2104
1399,e59c883b2bd01eb5eb6b9c1db05006ec737bfd4f,0,0,0,2018-08-22 11:27:54,58,40,0.0589,98,2,19,6,77,21,72206.9908,84,49.6939,166
564,771277b42427d55b52a28d5893c71c3b8de97807,0,1,0,2018-08-22 11:51:38,300,46,2.6571,346,12,9,3,167,26,48454.4096,742,465.5251,6635
565,669eb5f7c3bb877ede08960d58279d4bc5503b0d,0,1,0,2018-08-23 05:03:54,540,196,3.3396,736,17,10,2,4,10,43018.6037,63,33.0954,488
630,b0e5642c93e90e31b160dbcd3b93ee0b71757c36,0,1,0,2018-08-24 16:33:47,8836,1143,2.2221,9979,13,3,3,74,21,56315.71,747,384.7863,3033
542,90ada01a3ebd1039feb150c48771903aa8e98eab,0,0,0,2018-08-27 13:02:59,190,8778,2.2999,8968,10,10,2,49,6,50387.4808,71,64.3934,473
1407,55edc921a55a2830aefe6e30da6281b6dd6537dc,0,0,0,2018-08-27 13:35:18,2467,3382,4.9358,5849,62,1,1,27,11,69301.7658,2,13.6874,3033
572,d2e46762f88f2cabdc48178dffe342c7e8a1d410,0,0,0,2018-08-28 08:45:54,469,618,2.5,1087,1,6,1,1000,8,3113.0272,510,246.8851,470
258,01031ad2daad4d02006c527b122856118dd21434,0,0,0,2018-08-28 10:25:33,1007,200,3.1161,1207,13,5,6,1020,8,67004.429,16,11.7629,79
577,2cd4ff4a61424e6ff5a9a579b0d0b0ae0fd1a7cc,0,0,0,2018-08-28 12:21:43,11,58,0.0513,69,1,1,1,1022,5,1057.1219,482,281.2429,427
580,260f7895e0c88180e7c411388dd4f90c36ae4022,0,1,0,2018-08-29 15:08:55,747,581,2.4464,1328,12,7,1,86,18,24664.3838,27,710.5,200
578,484dd31a785598a8fe20d302aac52f83c7cf8c24,0,0,0,2018-08-31 06:19:10,9591,21,0.1163,9612,2,2,1,53,8,53752.3755,80,71.8862,292
581,1a5dea611c15083b4acfe2c937fffbdc00c620a3,0,0,0,2018-08-31 06:19:58,880,92,3.9069,972,1,1,1,52,9,86.9031,57,52.147,267
593,0eb9a29adc85286c083d1839eae5f78a17ab76d3,0,0,0,2018-08-31 06:34:43,2753,8089,6.2875,10842,99,2,1,935,110,61847.9092,98,41.7303,3558
579,a8964acb54e755761054a0efa73a7a7ddd6a53d9,0,0,0,2018-09-02 08:35:43,357,82,3.0047,439,7,4,2,44,20,58358.3806,1000,7.1989,2713
562,d216dc9803750050e8c9d369ad468c5125119407,0,0,0,2018-09-03 08:46:36,92,18,0.0359,110,1,18,6,18,3,36070.5312,1000,8.1066,2713
583,b50a19b37a150b121d5c0db41c9db31ae8848424,0,0,0,2018-09-04 09:53:13,114,254,1.1708,368,99,38,2,1,8,62016.6825,514,256.8509,1795
571,1a94c2094b8045a717a92e232f9891b23120e0f2,0,0,1,2018-09-05 09:24:12,35,33,0.0618,68,1,1,1,24,6,10019.368,19,23.1444,56
585,82c0db7e52586f501b905b67fa1297a9fb610e40,0,0,0,2018-09-05 14:31:36,8898,107,2.9198,9005,8,2,2,60,15,33339.5,522,311.336,1822
568,b53a333c1701fb616c9e0adb36b44cfbd0af7a4c,0,0,0,2018-09-05 14:34:23,197,125,0.8685,322,71,40,3,1051,6,29828.0912,424,299.87,1553
590,e5ff2de8b81243739dde82969ede9bcd71cd773b,0,0,0,2018-09-05 14:40:11,241,1143,0.7625,1384,6,3,2,966,3,53438.0517,430,262.6963,1626
591,2c2aafddc1861c0a6b52b436352d5bd84e3ccd37,0,0,0,2018-09-06 08:23:56,7,618,0.0223,625,6,6,4,15,12,5640.4326,1000,710.5,20
587,2dbd41354dc85b68754cad1777f733ca070eea9a,0,0,1,2018-09-06 09:18:24,9591,1143,0.0661,10734,79,1,1,966,9,53518.2972,493,289.5027,182
589,d393a713adc87f73572a23389eef9cf25e8d644c,0,0,0,2018-09-06 12:57:13,29,2388,5.4776,2417,2,30,1,2,10,58956.3828,14,8.2399,2713
592,bb562c242d8b01af3b54696ee9bb81d03fdeb66a,0,0,0,2018-09-06 14:17:33,62,31,0.0721,93,40,18,1,15,7,16127.0444,31,710.5,50
594,0cf776be4483e7f939de0a7f2b1fe3263a14c6fb,0,0,0,2018-09-07 02:07:25,36,51,0.0493,87,1,1,1,55,15,72874.4696,1000,710.5,27
1058,20b932639741c71a222b85b21f675ce734695f32,0,0,0,2018-09-07 08:39:08,170,58,2.1218,228,7,4,1,29,4,51784.3149,1000,710.5,27
597,f04af47a56a337f4d7d4ca6b914b3c0f62b4908d,0,0,0,2018-09-07 11:38:54,79,77,1.2943,156,3,1,1,24,7,8712.3286,153,110.7016,3033
601,2c53a175228be3f1b840a45504cc69de18e84df8,0,0,0,2018-09-07 11:53:22,38,32,0.0444,70,40,1,5,15,8,16587.3068,122,106.5374,275
1007,7ec9b98c6fa570966d119e2822e1df9f4e1528c7,0,0,0,2018-09-07 12:47:57,325,2113,0.8159,2438,4,1,1,27,5,35441.4723,235,130.9242,286
602,f9f80a2c12e85dda491c70e5dc8caa751680312a,0,0,0,2018-09-07 15:58:34,326,141,4.808,467,40,18,5,987,13,17510.6993,831,489.5449,496
625,a97e2f7bbaf338d455218158696f997172772eca,0,0,0,2018-09-07 16:51:10,2651,221,0.3605,2872,7,3,10,823,100,58878.9835,93,575.0,2713
603,d62132278e57424ada08d3c11de9747ccb17b46c,0,0,0,2018-09-07 17:31:26,30,5083,0.1228,5113,0,1,1,1022,3,2165.6343,442,247.3017,218
607,3e5d07ca349a7b010bc47d1cce9b9ad3208f55a6,0,1,1,2018-09-08 13:19:37,322,35,1.218,357,7,2,8,47,11,23073.9307,770,439.7635,5789
598,fbe816e9700818252aa9462f18d99de00f54b446,0,0,0,2018-09-10 07:56:51,2651,2388,5.4776,5039,3,2,1,22,3,59117.0218,158,114.8621,111
599,230fd17f5b271a9e5bdb84ce8a8d360cf407c244,0,0,0,2018-09-10 09:05:28,1961,8,0.0493,1969,51,1,1,20,108,77261.5492,151,139.5369,18
582,5f8d91faeb9b2ab8feb919c717935065b473546c,0,0,0,2018-09-10 09:14:01,77,3382,1.6278,3459,1,2,6,20,12,72004.0015,160,111.0751,913
586,bdbd11da9fa8357d924f88d710f0dbfa2c829d3b,0,0,0,2018-09-10 12:42:32,27,193,0.1388,220,12,1,6,14,9,11719.3897,727,485.7206,5684
609,a7a06b05bb714cd212f3c672a5b886a5ee82a705,0,0,0,2018-09-10 23:58:57,122,238,2.0316,360,6,3,13,356,49,49744.6875,1000,18.3667,2844
610,6f1fbd207c6883ca17b131ae83871a7034ccd6f9,0,0,0,2018-09-11 12:24:18,6970,505,0.2759,7475,80,4,2,107,7,51718.1652,799,426.1243,471
614,e7ac3ba7dfcb90c21025def2bf4112b108d21afd,0,0,0,2018-09-12 09:55:31,1361,63,1.3453,1424,4,4,8,35,8,20105.5722,769,446.1907,5903
608,2e21582224ca32f51272abadc901db753b89d199,0,0,0,2018-09-12 12:29:26,80,28,1.4683,108,5,1,6,986,5,73479.5931,28,22.8308,198
259,0315f2066c0b56a7ebfe1e8cd8c8b2eca9acca9c,0,0,0,2018-09-12 14:13:55,3248,6953,1.5338,10201,6,4,12,75,9,28196.4886,735,479.0592,6252
615,4942b957dc382a5f7c3c52efd308728b0fafcdeb,0,0,0,2018-09-13 08:15:37,126,77,0.9349,203,7,37,2,80,16,57241.0672,790,422.743,6479
631,ac97d46ea4586e41ee8606b5c6b6ab6640f6a05a,0,1,0,2018-09-13 09:14:31,250,7113,1.707,7363,99,8,3,1043,119,61139.7298,901,396.9006,1764
627,bbb8b0a10f4f48c47ffbeb325c7e3ce0203a552f,0,0,0,2018-09-13 10:14:05,32,5083,0.1193,5115,1,1,1,46,2,1285.27,158,141.9343,791
605,213e085cc75174e458a35e669059aa142e971d6b,0,0,0,2018-09-13 10:23:33,8898,49,1.8094,8947,3,3,6,1,12,34732.5829,189,106.4146,796
622,51f53d8aeb7b9b4db8f3f4dde0c0f6ab6b626d2f,0,0,0,2018-09-13 10:24:37,82,2012,0.8762,2094,70,19,6,31,6,72742.3592,158,113.9665,811
628,9d2b74bf502cac3274cd6f2dc72db56c056ff92b,0,0,0,2018-09-13 10:25:24,13,618,0.0772,631,6,6,4,28,4,3273.0537,151,140.7394,815
604,f1718cfd2e33c2d2e91636d55d72880327fe9fe0,0,0,0,2018-09-13 13:48:09,47,2003,5.1646,2050,68,2,1,94,19,28262.5547,44,47.298,363
619,d9c49c17491a0a18eb267fa476c98e5359a560a6,0,0,0,2018-09-13 16:44:49,1512,1526,0.7409,3038,43,26,6,42,11,20064.0528,193,107.3573,922
612,b728253a7af6b51f6b749016cacc6e2e60f94cc8,0,0,0,2018-09-13 16:47:25,2182,2003,5.1646,4185,68,34,1,2,11,26199.7284,192,140.3641,756
633,48931c1e74ff1078e1f9062fab4b2a6085253b7b,0,0,0,2018-09-13 18:46:16,74,45,0.8372,119,3,1,1,25,133,43084.3287,861,319.8583,6
634,6f113cf058c15b3fe70ac116e768519995a5c477,0,0,0,2018-09-13 19:25:25,371,66,2.3158,437,9,6,6,45,0,36054.7423,813,314.0342,163
595,ac35710218492e38e8a6f524e675e90f94b88012,0,0,0,2018-09-14 09:19:27,2753,8089,6.2875,10842,2,38,16,1130,134,62411.6878,1000,11.6104,3558
617,89ddffee2ab396b0beaadc694ab1f765852c8f64,0,1,0,2018-09-14 09:42:11,1278,62,2.0383,1340,7,1,4,45,0,75858.0159,740,465.5575,5821
635,199f1758e9bdbdc316ec7168791a8e95373159a6,0,1,1,2018-09-14 10:07:12,137,87,1.2384,224,4,3,2,81,13,46450.8775,766,442.6819,6349
618,809ad3585237a8ca406ae1a0907ea6e3a3ba4f76,0,0,0,2018-09-14 12:03:14,199,77,2.2823,276,8,1,16,1051,3,29776.9941,115,106.4699,35
637,d18fd222cba3dcca90f326398dc9ae37b6267610,0,0,0,2018-09-14 19:46:00,67,1526,0.7773,1593,43,3,2,3,16,19218.063,731,471.8807,498
624,b821e569fabd2fbf29052f5b727e82dbb8e476ab,0,0,0,2018-09-17 10:21:38,869,2926,0.0525,3795,1,15,1,30,6,7564.4725,1000,19.8227,82
640,8d842e39d4b2ba3a196cb508b4637e3432fc8efc,0,0,0,2018-09-18 09:35:44,1278,22,5.555,1300,90,11,1,33,8,78334.4637,748,446.6719,5892
623,c15ba1cd5a97ced3bb6411d588c3fb68df8a2869,0,0,0,2018-09-18 10:10:21,6,36,0.113,42,1,1,1,47,3,2630.4598,153,153.9855,963
513,72d522efeef956cadeb8fe53778985855f8ee738,0,0,0,2018-09-18 10:10:21,502,268,0.4517,770,1,2,1,966,10,56314.2206,150,114.1611,781
641,e58cc14db007123c6325c7e51291650da69a4ca2,0,0,0,2018-09-18 13:07:20,6363,71,0.0914,6434,83,32,8,33,2,38077.8687,16,452.5167,3033
646,324d7bed226cb707512879842c33788f7f715ff2,0,0,0,2018-09-18 14:10:13,76,67,1.409,143,4,3,2,10,12,18311.3089,774,463.9649,6444
638,ab3aabfac58ccea97ae12f9fdf9b0f11f6a39f97,0,0,0,2018-09-18 14:20:41,16,11,1.9994,27,4,3,2,14,5,754.9756,782,473.922,6108
642,f6a14c02d898b881903e62ed847bf595beaea7cd,0,1,0,2018-09-19 13:09:54,67,1,0.0582,68,1,5,2,29,6,85492.3419,779,436.9322,205
645,5d291961604be26f8be1228e2bf68ab39eec30ed,0,0,0,2018-09-19 15:28:19,287,8778,1.3294,9065,7,4,13,76,2,52396.8915,714,412.7179,406
584,6522f17217e5f81829e5e51c39837bc3ce6b5ff4,0,0,0,2018-09-19 15:34:42,2062,94,2.5223,2156,5,6,5,186,46,33329.7583,801,489.4758,6767
569,d018eedf4b8ef49c4943cd2d4c47b53a56640812,0,0,0,2018-09-20 08:02:52,99,88,0.8793,187,6,3,6,50,10,68563.4073,795,465.3815,27
647,116347ea179bdcf0a8eb33581c744143374057a0,0,1,1,2018-09-20 08:28:22,6363,41,1.8258,6404,5,2,2,5,4,39656.7217,34,51.9958,575
639,f1511a3602690f2c44d4feb78b8961e31d345326,0,0,0,2018-09-20 11:53:56,6970,8778,5.8891,15748,2,2,1,20,1,50084.4623,14,710.5,2844
596,542e8cc22290984b4b2e32577430ceb82dd82fde,0,0,0,2018-09-20 12:57:40,5665,4441,1.5647,10106,4,2,1,78,19,29888.1932,10,28.932,138
643,c34b62d55a6e1494d47316cb4c09192b6a87b399,0,0,0,2018-09-21 09:49:26,230,8089,2.6001,8319,12,3,2,20,4,61993.7011,10,575.0,46
652,fb50658c27ebbd14f9d240165e6b47f5229dddd4,0,0,0,2018-09-21 13:53:52,25,386,1.9994,411,1,1,1,30,10,3149.8886,738,479.2696,6302
655,0c95396c05839447a75af6020896ed4733d1c5a7,0,0,0,2018-09-21 15:16:32,35,133,0.0985,168,51,24,8,44,3,20315.386,767,437.7665,5874
648,b0ba980caed9f26095bc8134bbe581635bb98dde,0,0,0,2018-09-21 15:24:49,13,29,0.0727,42,1,8,6,25,5,12552.5637,779,436.9091,6101
650,c839b1a04c389db816fad0194eb63a5220ee5351,0,1,0,2018-09-22 11:09:34,195,3319,2.2701,3514,8,6,4,25,23,38101.2183,15,39.2247,3033
658,e6639901e21ddae7a64d9ea3208d980424bd0ebf,0,0,0,2018-09-22 12:13:42,869,2926,0.8597,3795,1,2,5,62,14,6629.0595,727,466.1641,206
660,f2585d0baf0a21d6a04b61781c74b7081d077dda,0,0,0,2018-09-22 17:59:38,8898,2113,2.2161,11011,8,4,6,33,12,35353.797,19,710.5,2713
663,26d9a7eb8cd01b9e1105b7b3a5a2909c3c1ad630,0,0,0,2018-09-23 07:50:57,51,48,1.472,99,3,2,5,989,12,9473.4423,53,1.7538,3033
654,1fcbc9f816460b1a159fd79b4c9bcf83327d79c3,0,1,0,2018-09-23 11:39:34,1597,935,4.2998,2532,33,12,4,125,9,58442.3983,723,481.5451,6591
665,93b042da45a0bbf418e7df96059fe36eb4f18b9e,0,1,0,2018-09-23 20:05:28,3439,134,0.6676,3573,5,58,2,34,18,42382.2107,768,443.6379,6591
651,9aeb3813593613868cbf106d922986bb28201881,0,0,0,2018-09-23 20:37:56,32,2240,5.0588,2272,2,1,8,1050,126,20704.7148,818,326.2238,6841
664,6ace721e5515a8fcc085e501bcfc8586551d1d36,0,1,0,2018-09-24 06:56:58,283,58,0.9729,341,3,3,2,1022,11,43619.155,772,459.1138,6460
698,2a798e471db68c360d23d7d9284cee652997e5d9,0,0,0,2018-09-24 07:57:38,2985,283,0.4519,3268,70,3,1,0,115,75782.9488,838,500.0265,215
672,87c27e4ca82ad8ce48cef743b8da1f7845199b0e,0,0,0,2018-09-24 07:58:23,4779,2465,0.1042,7244,76,36,2,1177,6,42645.8167,736,432.3824,428
661,b0d5e99319f6dc38da890e389f8b1a7e2cabe6cf,0,0,0,2018-09-24 08:31:46,289,40,3.7481,329,1,11,1,871,4,5594.917,769,463.5057,5846
675,1e6764bbb637a9e323693842c1604a5aebf48a64,0,0,1,2018-09-24 13:08:24,26,46,0.0875,72,11,5,2,868,5,82514.5032,444,262.7866,142
678,fc7b9ac7172afcad9c928cbb0d39da49a89b9838,0,0,0,2018-09-24 18:45:48,225,224,0.8887,449,6,3,1,1026,10,23598.9138,849,347.1322,6871
669,d8a9c72ed675669363e6c7d7499abee30fc19b88,0,0,0,2018-09-24 18:46:37,182,216,2.3754,398,5,3,2,23,3,66152.6531,803,356.6878,40
679,e0ab834ddf15a564034f3ecc6f981b29089b5ee4,0,0,0,2018-09-24 18:52:50,410,20,0.0368,430,4,3,1,8,5,278.0577,812,322.4049,6637
681,0e2c4a81a8209cf357eee0183f7546e0e24b11d0,0,0,0,2018-09-25 04:51:51,1961,465,0.106,2426,51,1,4,871,2,79970.497,67,19.2415,63
260,477cf7780dcc611cf8e561b0b45ca88fbafe54bb,0,0,0,2018-09-25 14:38:53,255,156,1.6272,411,4,5,1,29,17,63978.2791,1000,575.0,55
671,40977c5a9df9b81052e8714459493f9045656e0a,0,0,0,2018-09-25 19:00:41,869,40,0.0784,909,1,15,1,59,21,9919.8769,69,6.1998,3033
676,e24418c7aff0aafc31befca2f9a7bb24171e7795,0,0,0,2018-09-25 19:13:52,1759,10,4.6287,1769,3,2,1,59,19,22559.6577,55,4.9019,4335
683,e671f341718837e1ea86217cadcb43f1a3433480,0,0,0,2018-09-25 19:29:28,8898,346,4.8507,9244,3,2,6,100,26,34996.1228,33,28.1591,87
653,66215febcc9f9539de6dbf8be605f5e4e31c2ca0,0,0,0,2018-09-26 02:57:56,2182,248,0.1449,2430,68,2,11,74,23,26772.6358,13,26.3422,4393
677,dd0f04f798c91a243949c7eb36bd8a1468a81a02,0,0,0,2018-09-26 03:29:39,14,457,0.0684,471,1,1,1,30,16,1934.2403,32,710.5,20
682,2ab55df946dc35280f66c6f073a112b497acede3,0,0,0,2018-09-26 06:12:31,18,66,0.0616,84,1,1,5,27,3,9899.6167,8,29.0314,316
686,5a6f65cfc69dcc647f1c74c89900905e2426b811,0,0,0,2018-09-26 07:12:06,5,901,0.4763,906,5,2,4,41,5,76198.0869,783,429.8974,5775
674,559b8f14ea9cc873a64f9c7954951882444693ac,0,0,1,2018-09-26 07:33:05,157,5,1.1521,162,3,2,1,25,7,12546.8226,746,475.0265,6093
684,f7a608414604b3bc3bd44f93dad69619c5d7a00f,0,1,0,2018-09-26 11:06:10,1512,89,0.0611,1601,1,2,2,20,21,20623.4783,17,28.7251,3393
685,015150e4505f08fb0eee705206244ecebc1a37e2,0,0,0,2018-09-26 11:30:53,880,5083,0.0903,5963,2,1,1,72,20,1517.0374,63,24.2191,125
717,d188db6c98e67026b79543d6369f792d376c56b4,0,0,0,2018-09-26 12:51:50,388,220,5.8891,608,3,44,2,918,105,50829.6159,23,1.0398,62
566,08e25db3326ebf9b9acb022dc5644528d44882ae,0,0,0,2018-09-26 14:51:58,28,1299,1.182,1327,5,58,1,29,10,43625.5107,765,460.8109,6046
721,deef139e02efc3b728654a202e2ad5247bc93a46,0,0,0,2018-09-26 17:48:46,264,2648,0.4116,2912,40,3,5,839,100,14110.5,1000,50.0329,3360
688,24374e19ef4cb0f3578360c7f1386bee5c655890,0,0,0,2018-09-26 18:06:41,498,596,0.1494,1094,3,1,1,12,16,47078.114,57,3.994,3475
680,9032a2c5dee658ab421fb94a4b45df63786f350e,0,0,0,2018-09-27 02:21:02,40,3382,1.0849,3422,3,4,2,44,7,71368.2704,37,12.5094,238
692,9f5fd073bd128006571c9e788c87938125fef52d,0,1,0,2018-09-27 12:17:21,660,180,2.6221,840,17,9,4,1011,118,32912.8055,794,413.6835,7032
264,592f3a9a299826efcf9ffa17c56221ac3904f021,0,1,0,2018-09-27 15:44:52,1274,267,4.659,1541,46,15,6,3,24,59918.7243,1000,575.0,181
670,b078c8090203fe55215a7626968a40a985af25ce,0,0,0,2018-09-28 08:00:10,424,2465,2.1102,2889,9,7,2,17,8,44526.4049,13,710.5,3064
691,c1aca8247075e948e7f9dc649008e97be523d717,0,0,0,2018-10-01 07:46:37,232,53,1.8531,285,6,3,2,16,8,52089.197,65,50.9976,487
573,d4129c574d7f30fd5dec9e7745300a16e76fb0f9,0,0,0,2018-10-01 09:02:05,292,2012,0.5397,2304,70,19,1,858,101,75043.5834,134,710.5,374
656,d1eb996081dbfb0b41d09114b69e0cd28feab662,0,0,0,2018-10-01 09:40:24,248,1815,2.15,2063,9,2,2,4,9,23051.8476,56,37.8446,434
701,06c1b7efa2148c99f72b8459405886067ede5055,0,0,0,2018-10-01 11:57:58,161,3829,1.7993,3990,5,6,2,94,14,45095.9,1000,8.9553,90
696,9219dc9470e0c668c3127b54c63f20b121c19ffd,0,0,0,2018-10-01 14:11:55,24,1526,0.0426,1550,2,1,6,82,18,21443.2208,79,50.9486,291
699,d8b8014aa86345c64b71445b1a361c27a1549480,0,0,0,2018-10-02 09:36:07,211,140,0.2098,351,3,32,8,1243,132,40771.5883,365,157.8787,1178
636,7d62a160c797e852705c0c0129b3fbbc4c1af9c7,0,0,0,2018-10-03 13:44:28,91,4,0.047,95,2,31,1,1,8,67446.6852,12,575.0,43
694,aa6ff5fbd0d233196b0bf3dfb0344d0a75caa01e,0,0,0,2018-10-04 04:34:42,316,58,1.9713,374,5,4,1,48,14,34916.8148,1000,19.6398,2713
741,ac74a0ce6297ce3754744ceb07107f6024c1a163,0,1,0,2018-10-05 06:30:28,381,8778,4.22,9159,64,27,7,896,128,50622.8027,131,181.6135,1197
702,f90f5e5832425f999c5ce564c25284b912ebab18,0,0,0,2018-10-05 09:08:45,104,3382,4.9358,3486,62,2,6,916,119,71761.7489,724,484.5732,444
693,833d89eec1c7fc03ea340bfdca6ad5131a1d391e,0,0,0,2018-10-05 13:24:58,109,465,0.6669,574,51,2,1,39,10,80018.1355,98,31.5723,423
277,c60995d60a3beabdbb624b8382fff63a8a371dea,0,1,0,2018-10-05 18:27:36,4362,3073,3.4606,7435,80,24,4,0,0,38850.6218,219,161.3177,652
703,5c637a6a071b720b7acf8c725ffcbcb07d2f5745,0,0,0,2018-10-06 18:24:59,1512,34,1.0891,1546,1,26,2,1021,13,18925.6126,806,480.7599,716
708,129adefaa1feaa35c54739ed4ba411107b791ee2,0,0,0,2018-10-06 18:54:37,14,10,0.1035,24,12,8,6,10,0,16341.3598,738,437.3847,6127
710,05909351d2841ea98ec85c9eb3b9643bf45fac1a,0,0,0,2018-10-06 19:27:15,76,386,1.9994,462,1,1,2,45,9,3412.9224,787,417.9248,6336
697,6e04ad0b5dbe37e319eb20e111d7176645ccb1ea,0,0,0,2018-10-06 22:23:31,40,10,1.0269,50,2,2,2,110,17,16380.8231,724,436.817,6815
706,d2480af40f5145d865196a95ec58a415482d8cff,0,0,0,2018-10-08 08:10:46,380,156,0.4139,536,8,4,12,40,134,48944.3333,797,407.3621,538
712,ffee6cd55767d1caf07fe1cdb68efb25c4a0c19f,0,0,0,2018-10-08 08:57:52,54,1,3.6595,55,3,2,4,83,22,78894.4471,811,487.2886,408
763,d1a03dd239555298da9ac9be4ea94ccf52d9887b,0,1,0,2018-10-08 11:41:46,179,2,2.9311,181,10,8,3,37,19,48258.0299,392,60.2452,286
705,dfc020096a0a0e431ffef547dbdc6cd926caee43,0,0,0,2018-10-08 12:16:23,62,44,3.7481,106,24,11,3,84,11,10205.6358,773,428.8239,6200
715,eaeb95728f3247df1632d9450a13b56bf4f539ab,0,0,0,2018-10-08 12:38:11,6970,8778,5.8891,15748,6,44,2,45,138,48979.5833,435,250.1801,1545
718,773e47398e6e2073333036bdc4b7d1b3475c5799,0,0,0,2018-10-08 12:42:54,2985,53,0.1944,3038,70,19,6,986,6,72999.2744,450,250.5646,1589
726,6bfc5f3e4c8e2b60e59dc666532bed4a0297dc8c,0,0,0,2018-10-08 16:53:13,62,49,1.3838,111,2,2,3,16,26,18421.383,1000,710.5,66
690,09f50538a71fe8a21c12760c32c2047a973b1bad,0,0,0,2018-10-09 08:47:12,4779,2465,0.9489,7244,3,2,1,25,0,43490.2849,84,55.6505,506
716,3c3464d976ddd655a139ab3c411268ccfdbb7b0f,0,0,0,2018-10-09 08:48:13,46,8089,6.2875,8135,3,38,16,34,5,63553.0717,54,35.4188,434
724,5a40be39b4fffe75ca34b043ca2bec0deed034f2,0,0,0,2018-10-09 08:49:45,144,45,1.6096,189,2,2,1,2,5,43690.7262,57,38.0245,517
731,d36e9debd984d9354bfa5e78031c41d3510b47c2,0,0,0,2018-10-09 09:04:59,211,2952,5.0395,3163,87,4,16,1,16,52893.0354,795,478.9813,5723
714,bf18ae7e47a6eb599a95b89af82a392b0ce21a6c,0,0,0,2018-10-09 09:27:15,410,386,1.9994,796,4,1,1,29,10,1172.1157,730,480.1453,6251
728,0b0c261e915818528d3e356691ef662a447d82fe,0,0,0,2018-10-09 10:08:33,410,23,0.0729,433,4,3,2,30,9,2310.6934,779,422.0336,5716
269,5de8f6c53043a8a167711a22247d95a98e87c612,0,0,0,2018-10-09 10:48:37,469,618,2.5,1087,1,6,4,30,4,2721.475,428,300.7014,1779
727,959eb7dd2f0b91f40343694e9a43aafde7a86b0f,0,0,0,2018-10-09 12:54:13,684,1275,3.0268,1959,1,1,2,20,14,83054.8789,84,56.8224,3033
733,a363146453c0d202f06c3c0b9f06b804e17b7e8b,0,0,0,2018-10-09 12:55:44,10,1275,0.0241,1285,1,5,1,13,4,83020.3152,56,58.1152,3033
722,d7550d6a6e384546b25ca1e4d76dd26ca539973a,0,0,0,2018-10-10 08:17:59,163,1162,1.7832,1325,1,3,2,128,22,65316.0632,737,436.1474,6112
649,dc95c397e18ce3362df3a433414b00d7cf53541d,0,0,0,2018-10-10 08:33:54,59,35,0.8647,94,90,2,2,13,12,75632.9458,734,430.2559,5993
730,ad530862747090438880857a2e917f528b6d75e0,0,0,0,2018-10-10 10:06:43,14,901,0.1529,915,90,1,4,17,14,77159.3284,775,440.3851,5769
735,3ad66f2463ee9ae4d61bb45146cf2dd5cb89cdcb,0,0,0,2018-10-10 12:24:38,5298,2952,1.3687,8250,2,3,2,118,35,53365.6553,740,428.751,5707
732,13256d17d032dae1f603a4047d688cf45a44068e,0,0,0,2018-10-10 12:58:32,73,1200,1.4709,1273,5,4,3,32,20,36288.6937,751,443.1997,6258
738,4b3496c8b96856c3abad21eae29d7b11648fef23,0,0,0,2018-10-10 13:01:30,1961,465,3.6595,2426,51,18,1,19,5,77266.6509,189,117.8673,41
713,be23889ca3974094d821668ec9fbc834a5697ab5,0,0,0,2018-10-10 15:44:56,62,8089,6.2875,8151,99,38,16,1130,134,63835.8571,5,9.5072,235
729,6b7beb182ab84c487c01acb9b1d1c6dbb763360a,0,0,0,2018-10-10 16:11:49,6970,8778,5.8891,15748,80,44,13,35,9,50990.6507,62,31.3821,342
736,c1c56b6f1d185b689cdaa661eb02afd6876b3ffd,0,0,0,2018-10-11 06:11:57,150,20,0.0718,170,2,15,1,20,17,7556.191,32,31.3177,3033
673,e8bf552f9586743563d79c17ed84bc32040df6c0,0,0,0,2018-10-11 06:40:17,4307,2648,4.808,6955,40,18,1,987,5,14947.9697,30,28.9943,3360
709,38d2b88b178e670da15d5dd960cf65471a1e184e,0,0,0,2018-10-11 10:04:25,10,245,2.647,255,2,1,2,53,13,84886.5172,780,418.3554,5746
737,feb01b5f3c0869a26803cfe5f7e539d3e740f25d,0,0,0,2018-10-11 11:23:06,62,65,4.7242,127,71,40,16,36,13,31678.3215,1000,12.5956,32
742,599b74bb3d8a05fc9baa8512795a5d923f75f27e,0,0,1,2018-10-12 00:05:31,29,2926,3.182,2955,24,1,1,64,17,8025.8393,27,11.4913,62
746,dfa7f2618ef1455bd0c4b90a534d182f96eea945,0,0,0,2018-10-12 05:27:36,10,1,3.9069,11,1,1,1,5,4,312.1866,11,18.6686,9
720,e4de7917cb732c29fc4ea7e397f3cb5399139286,0,0,0,2018-10-12 05:44:57,43,5083,3.9069,5126,1,2,1,26,15,1257.2279,46,33.8162,128
748,7000290b28b652f85735747d1d15c0ccf2b5f9ec,0,0,0,2018-10-12 08:19:04,59,3382,4.9358,3441,62,1,1,121,25,71555.9512,30,2.0418,3033
758,a75da0f79464c02e8d589bec8e3f9cb80f6e47b7,0,0,0,2018-10-12 09:53:25,880,5083,0.9048,5963,1,1,1,1022,107,2040.3118,70,27.1965,93
719,d7740bd00c8752303beef120ab55652cc7ed7ab5,0,1,0,2018-10-12 14:53:59,217,77,2.1694,294,5,4,13,63,27,36967.8065,770,464.7867,6105
751,2678a671b02ddea118adf8183ba9539fb379587f,0,1,0,2018-10-12 18:58:16,155,22,2.7715,177,12,7,1,58,19,33025.4563,61,62.0885,460
750,b119cb17c819dc05237853850540a6a0939d172e,0,0,0,2018-10-12 19:06:40,32,157,0.0815,189,76,2,2,57,15,43491.7259,1000,3.4508,3064
756,3a727c0721d0bcf1d243af091a3b481e8dd3560f,0,0,0,2018-10-13 03:44:08,156,10,3.9208,166,31,11,1,1068,5,56799.2991,49,49.7284,133
744,7a5ec023f3cb2d9ac619916bf920009d43f5c449,0,0,0,2018-10-13 06:16:56,35,2003,2.3565,2038,4,2,11,29,13,28929.124,11,46.3346,143
754,328c00542939dacc23fcde030eaf78b1916770e0,0,0,0,2018-10-13 06:33:45,22,28,5.2754,50,1,1,1,22,9,76636.5798,42,39.7067,87
755,d7a2234b9b31668eb011315a3ef3fe1788240548,0,1,0,2018-10-13 06:36:25,6,5083,0.0209,5089,1,1,1,8,2,1946.6477,30,29.6388,43
747,e2a5f15e622ee6ed3f0129fb81522c9f6895ecfb,0,0,0,2018-10-13 15:53:05,4307,143,4.808,4450,1,18,1,13,11,14320.0271,10,16.7606,23
753,37389d9177655f28ca7d7fc8911516f132b7863d,0,0,0,2018-10-13 15:55:01,48,3319,5.45,3367,1,32,8,30,21,39117.0235,8,4.1306,15
723,4ff6483f367591b894726ed1874c813c786b588a,0,1,1,2018-10-15 05:43:32,497,2465,2.9595,2962,22,14,3,232,41,42980.8373,1000,34.6713,3064
739,824a823ba4ca6f29075a187ed1a3a301089f1a99,0,0,0,2018-10-15 07:37:17,2651,96,3.0993,2747,13,4,1,59,1,59439.8675,506,295.7926,1601
769,50b1a5287a315ee117cae480c68a8db131f13b25,0,0,0,2018-10-15 07:45:11,2467,1497,4.9358,3964,6,3,6,0,0,69899.0638,129,88.4162,3033
767,789663e0e1dba5c09ec132d9fdef2f23fd9c32c6,0,0,0,2018-10-15 08:05:42,5665,4441,4.7242,10106,8,40,3,977,117,30680.2904,57,66.9884,3632
749,1d2aa70437b344e4262d36a3996deb5023511fa4,0,0,0,2018-10-15 11:20:43,427,104,1.6214,531,7,2,2,31,22,59716.477,786,430.8069,6167
757,438f650b180d1b47a4fa79c9c8314787b3d164e3,0,0,1,2018-10-15 14:55:06,42,13,0.064,55,2,1,1,62,14,12827.1414,1000,6.7434,45
270,1072bbfe500999eb3e3710271f15ff53a534475d,0,0,0,2018-10-15 17:29:56,246,302,0.3036,548,43,26,2,996,1,19305.8082,68,75.7341,256
761,214e674b3e00f8fc3ab9cf881688cc08582a7231,0,0,0,2018-10-16 10:05:18,6363,128,1.3942,6491,6,3,3,31,132,38214.6365,412,150.0702,198
752,05a47890428eb374a75f5bb832e00bb50c49f86c,0,0,0,2018-10-16 12:45:09,6,109,0.8663,115,5,2,1,17,4,6682.8909,1000,3.6253,3033
770,cc6129ffd104f7e0cf216cc354039c07bf4a2d4c,0,0,0,2018-10-16 13:15:15,331,226,1.1762,557,76,5,3,846,115,41042.8994,1000,51.948,225
760,5e73062cc980e172a84821085a75d520f4fb2a65,0,0,0,2018-10-16 19:57:57,5613,39,5.6438,5652,2,1,1,1033,3,46839.9532,9,10.3863,3475
774,953d42e0851ddc070b1d178c8bac4f2b563247d8,0,0,0,2018-10-16 22:26:24,2182,56,0.2333,2238,5,34,2,891,111,28183.5904,1000,35.0232,4393
768,f81297ac224f45d750ee0616755ade809b57ea4a,0,0,0,2018-10-16 22:47:22,256,157,1.5425,413,5,5,26,138,25,30068.4512,751,459.7291,6090
600,071128a0297d0ecdde573107ea16d78693783701,0,0,0,2018-10-17 10:01:16,43,8089,0.7502,8132,3,2,2,29,5,62429.8176,150,103.5038,270
766,b1e3e310569369a498e53a1f529370034f5f4636,0,0,0,2018-10-17 10:33:41,230,138,0.7614,368,6,5,2,7,14,62680.7484,11,9.841,43
772,a9cdb96d2fe82abd23f33f87dda4df59ee7e9d00,0,0,0,2018-10-17 15:24:29,469,618,2.5,1087,1,1,4,33,11,6059.0,29,710.5,3033
762,7e6feead4b349617cd6499b8b5fc786544214ca4,0,0,0,2018-10-18 05:07:53,83,2465,1.4124,2548,3,3,1,27,5,44432.853,21,23.9557,56
266,4534cad9a2be631f4d21da6e663943677bf5ce19,0,1,0,2018-10-18 11:47:09,3332,150,1.456,3482,9,4,17,122,20,42825.3384,526,299.3129,1776
700,f6a7100507c4d6eda25c10618f0ad028ffef32d8,0,0,0,2018-10-18 12:10:35,26,7115,1.2648,7141,6,4,2,66,18,62165.3799,767,447.891,6610
792,b0b10edca7cf776defb83a739c9db2b8b55e5f70,0,1,0,2018-10-18 14:24:23,602,935,1.9629,1537,12,6,2,953,109,40247.9421,13,452.5167,80
780,e62a7eabe34da42e4cb56d1b14905a3b9e9c9bd4,0,1,0,2018-10-19 09:01:03,2092,2113,3.0871,4205,30,17,1,158,46,36047.1616,55,68.4354,2713
781,2d3af5ee56238743c679da0c150df4ac9a137a8a,0,0,0,2018-10-19 09:33:43,1278,901,0.1497,2179,90,1,1,47,1,74236.3669,774,472.1838,5770
782,7b040b915504e59243c642b1f4a84c956d96d134,0,0,0,2018-10-19 16:09:08,5613,3829,5.6438,9442,98,1,1,9,10,46714.5238,23,22.3643,47
783,66769badef8ea47021b3b4390b6571867bd5f7a7,0,0,0,2018-10-19 16:49:19,30,88,0.1163,118,1,15,1,989,6,9617.2119,425,153.4434,634
786,13fd5d5c380a1a37127bd22171e75d3947cc90e3,0,1,0,2018-10-22 11:51:29,1054,189,4.4408,1243,27,11,5,895,118,49428.7876,1000,83.8815,469
785,bf64740b308c3272de51befdab5bd7374db71407,0,1,0,2018-10-22 14:00:40,392,63,4.0348,455,54,32,10,391,65,22619.331,641,404.8627,6521
794,0e9a249fb8953735d6af93795e95e2abec223626,0,0,0,2018-10-23 15:15:26,261,35,0.2599,296,3,2,1,1243,2,38533.6929,130,105.9976,90
784,d375c0a5824629c701c15ea228ac1ce22e46dc3b,0,1,1,2018-10-23 16:47:02,124,63,1.6408,187,4,4,2,18,10,28759.3869,164,116.877,896
789,d5296dc4efe1c16453468d2708969ae3273c0563,0,0,0,2018-10-23 17:12:58,5665,78,0.9159,5743,1,2,2,1051,5,30245.835,127,88.048,1127
796,3234e95705548109933a3b39b179ffbf91d49b45,0,0,0,2018-10-24 11:13:02,79,34,1.7725,113,4,2,2,23,1,82830.3397,736,251.9535,4709
791,d8361ee9a8223de276eab4b158a43068e9b1a532,0,0,0,2018-10-24 11:25:19,8898,161,1.9794,9059,5,3,2,111,17,35736.1116,204,135.0198,249
797,fa085699ee5a8a90492952ae05bfc78ded3d1ec3,0,0,1,2018-10-24 13:09:26,36,2926,0.1208,2962,2,2,5,49,14,9108.6408,60,40.1948,431
775,9cce7f38542c726ae015e6efbec6338c149a7d8d,0,0,0,2018-10-24 15:22:35,22,1275,0.0575,1297,1,5,1,30,8,82516.9274,445,288.4671,529
275,6516659e603939344d6d673f34e3e233ef7b7593,0,0,0,2018-10-24 15:41:27,3,28,0.1318,31,2,1,1,22,9,73090.1461,6,18.5115,30
790,e57a46f9ea3fd2a63514a4b667a3ce494d79b6e3,0,1,0,2018-10-24 17:34:20,464,358,2.8464,822,13,9,3,1021,5,18550.6934,780,313.9958,2751
795,1906a1ee3f02ebe829837515f5eb065981421a37,0,0,0,2018-10-25 07:05:35,684,29,0.0521,713,11,5,1,868,4,81917.6217,44,23.2494,3033
798,91c29cada830fcb2853547e4a6497fe79593abe4,0,1,0,2018-10-25 08:48:46,40,109,0.7911,149,5,7,4,32,24,20303.1229,193,139.5434,679
809,c1683fbd0aaeb9848b03efaa4c17cc4cc159711c,0,1,0,2018-10-25 11:00:34,1030,8778,3.2767,9808,27,10,6,876,100,52496.177,107,710.5,247
802,e9703e70e951f98e734c965569ce56cbb59fd710,0,1,0,2018-10-25 15:11:49,609,130,2.2285,739,9,4,1,41,19,39045.2283,8,11.7181,12
801,f0b244e15720d698a486d778085cc5ab6ceb5f73,0,1,0,2018-10-26 11:35:17,22,8778,3.8026,8800,38,17,1,99,26,50872.3149,91,20.3441,449
808,a13119af042b2db29aae5f04382cc62102b21899,0,0,0,2018-10-26 21:52:43,4307,26,4.808,4333,2,18,1,23,9,17420.113,1000,710.5,3360
787,9e5a4272d22ecd8c56a877ea5ca6156c42e9c620,0,1,0,2018-10-27 13:47:22,1293,836,0.0,2129,60,31,6,0,94,27218.9822,1000,162.1596,1326
827,3bfe134b7602e749074ded3826689328c29c3ab1,0,1,0,2018-10-29 08:18:39,1450,1406,0.7269,2856,25,18,5,860,103,60824.834,92,78.5411,985
812,ea0aa5162e459f5915f3c6939d7fbd9a880e8122,0,0,0,2018-10-30 09:50:55,84,5,1.4096,89,8,4,2,19,2,42307.1871,233,113.6945,347
803,194603a89844af1f6613b88d6401d28a170494a6,0,0,0,2018-10-30 15:17:29,27,9,0.0385,36,6,6,4,11,10,3819.9028,157,140.1059,798
1549,660bb687c15a80919d8f8ed72ebf43b27ab9ad56,0,0,0,2018-10-31 14:31:18,406,1143,1.6454,1549,5,5,1,39,18,55028.9828,128,102.5384,49
813,2ab4d417646d54938f10ebf8b216c7e4f203f691,0,0,0,2018-10-31 21:10:05,34,16,3.6595,50,51,2,4,14,108,79693.2779,172,76.8512,1008
815,f75c33d81993240b0a67feffc348aa19dc6c2834,0,1,0,2018-11-01 05:44:27,498,3,2.3484,501,11,6,2,128,52,28287.1963,1000,23.8194,101
814,e086567335df3d2e8b54a84933a031a424655293,0,0,0,2018-11-01 07:04:26,2753,145,0.2609,2898,4,3,16,21,0,61703.5175,1000,1.7942,3558
816,d3696e54d4e2a59268b283db1bbd0085f8ff168a,0,0,1,2018-11-02 06:13:35,2985,12,5.2754,2997,70,1,6,10,10,75539.7946,4,17.4101,3033
820,85f895b0836c19e4c0e56246aa9af10df8dee09b,0,1,0,2018-11-02 10:48:46,81,103,2.2549,184,5,8,2,18,11,53469.9329,128,113.2583,218
817,344df74025f519d1e25ab6764d7fe863bab78870,0,0,0,2018-11-02 12:48:33,40,901,5.555,941,2,11,4,14,5,77539.3325,776,463.9854,5846
819,d20b1ea19fb2dd7fa9a19442ac4b060b26c8c327,0,0,0,2018-11-02 14:49:39,2467,3382,0.2399,5849,62,2,1,916,119,68439.4746,817,423.0743,142
823,e91848858cbb760f4429ab306c82232bf9854cb8,0,0,1,2018-11-02 15:40:06,4,1275,0.042,1279,1,5,2,868,3,82777.8279,19,575.0,3033
810,e1d975d27422e2e1b09dea782194ddff468612b3,0,0,0,2018-11-05 10:39:51,2467,3382,1.1438,5849,62,19,6,36,3,70254.5669,165,111.718,746
545,9956bc708426b2ab7b90b92aa1d28ddddc0e1555,0,0,0,2018-11-06 02:49:55,469,618,0.0313,1087,6,1,4,30,1,2608.5286,22,20.3897,50
824,a53f97525f8ad1c321574b92c51c4d42545a1f7d,0,0,0,2018-11-06 04:03:31,2651,47,0.7566,2698,1,1,1,40,25,59804.7175,1000,9.4282,55
822,ce901a051f4c5a6591efb454d0b8b89bc549d805,0,0,0,2018-11-06 05:48:37,217,3319,0.9178,3536,6,4,1,19,3,39867.2528,211,129.4127,54
859,a9f8f86e5420e6a858db57209933868e7ae42e0e,0,0,0,2018-11-06 06:04:27,563,18,1.032,581,7,4,2,971,102,34784.6641,192,104.3882,222
829,5fc35d698ce414703098ed6afbda3591b2db42b6,0,0,0,2018-11-06 06:28:28,69,49,1.1135,118,62,1,1,25,3,69680.9638,235,113.1063,359
821,53ee80e7873e126242c1ebac949a8463f4367a6b,0,0,0,2018-11-06 06:53:50,181,109,2.5681,290,9,1,12,9,13,46555.3806,17,26.2959,89
830,c5e227baca94fec62c1d308c21327f79637949d3,0,0,0,2018-11-06 09:28:04,45,66,0.1174,111,2,19,6,916,6,71878.8216,124,86.3156,78
818,ff744155f5e00c711ed4d6e764e99623acafdf50,0,1,0,2018-11-06 10:45:10,979,55,2.7614,1034,7,7,1,43,20,45623.7416,1000,710.5,3475
831,bf0454b1262d8ef51aa945d8b4cb1015f8429ed1,0,1,0,2018-11-06 12:24:50,105,97,1.6289,202,4,4,16,5,11,29464.3023,149,110.669,54
825,8106e7236edc0b8035adc92a53ddba79456bc05a,0,0,0,2018-11-06 16:15:20,140,143,1.0922,283,4,4,1,38,17,42527.1447,38,36.3583,3064
833,52c2ad04c25f277ed65b164f53ce278a7380f058,0,1,1,2018-11-06 17:02:10,190,136,2.8659,326,15,2,1,22,6,39318.4925,42,43.7642,3033
837,4a148942c3d20dce50c26e03fc4b055a862fc84c,0,0,0,2018-11-07 08:38:04,1961,465,0.0712,2426,2,1,1,15,108,78683.814,454,288.7411,3033
843,b38463015787c5b38ad03d6daef8c3d3fe9aaacf,0,1,0,2018-11-07 14:47:48,361,8089,1.5617,8450,5,7,2,46,23,63866.3911,486,287.7079,1603
834,8442c169e45757b8ad9ca26d58411bac1ca643aa,0,0,0,2018-11-08 02:33:01,6970,8778,0.1765,15748,3,2,13,83,14,50806.2172,28,25.0641,2844
839,fbfa2460ce25aaa11eb0a011015af335602d2df6,0,0,0,2018-11-08 08:44:18,82,54,4.808,136,2,18,5,38,24,16943.6785,13,45.0382,3360
841,2db59cf365a84bdbcd69f6f5e57bc6e639da4930,0,0,0,2018-11-08 13:44:08,99,12,0.0359,111,51,18,4,24,8,80829.7526,132,93.1265,123
832,603681546c345021fbc5f5dd442964368e11131e,0,0,0,2018-11-08 14:11:20,49,3382,0.8791,3431,62,2,2,10,14,70787.9811,501,288.029,450
840,dc8e27fb07ec8593037ce0205b5ecb4a5bc16a40,0,1,1,2018-11-08 14:51:16,63,8089,1.967,8152,3,4,3,122,28,62446.4695,157,86.3399,1104
811,091cff3299aed4bb143619324f6ec8165348d3ae,0,0,0,2018-11-09 14:15:56,41,53,1.0614,94,3,3,7,21,8,25489.1036,16,10.3545,4335
838,3d0dfc58381b797e67d023c1ef9a6e3a7e1f1e75,0,0,0,2018-11-11 07:46:04,89,694,0.1324,783,2,14,1,1002,107,10405.1142,239,113.1759,29
846,8ba4a36ed0c0febf2e9a8e8bc4b176188632e50d,0,0,0,2018-11-12 17:21:40,1512,1526,2.1877,3038,4,3,1,93,22,18170.0,45,57.3646,111
848,39f796320fd5b3374f4d48222677257401e98286,0,1,0,2018-11-13 08:31:45,2651,105,1.4931,2756,1,5,3,161,33,60032.5612,107,115.872,1198
847,31176d5f027f30e74e89aaf2a177d25b1692dc1b,0,0,0,2018-11-13 11:32:56,46,3382,0.0701,3428,62,19,6,0,3,69397.2282,152,105.515,51
849,9f94556a764be628407c9bcc7d59f20218deb0b2,0,0,0,2018-11-13 17:21:04,2814,7302,1.0731,10116,2,1,1,12,2,66111.5435,844,347.2682,52
851,ac356d70ebb0c867d260c9448645fa285a59fe46,0,1,1,2018-11-15 12:05:07,135,28,1.06,163,3,2,1,28,6,37017.601,1000,15.2096,41
853,5e6502d6878fd81ce257e2e038f31ad39c5d146c,0,0,0,2018-11-15 12:34:13,393,3829,1.2082,4222,98,38,2,64,134,48701.701,775,312.389,3475
844,0514f1c630ff86e73b2ace0fd924cca3232b0e75,0,0,0,2018-11-15 12:59:56,20,27,0.0773,47,2,1,7,29,3,25615.8317,13,710.5,85
883,89548bafb092c0b9b92bb6e9c3616e2644c765e8,0,0,0,2018-11-15 16:05:16,424,694,0.4179,1118,7,3,2,815,93,11693.1424,949,263.8939,1561
855,b1965eeb854f16f385329a546d47d684e2891d70,0,0,0,2018-11-15 16:27:22,6757,47,0.9234,6804,3,1,9,77,22,48499.3537,771,458.3017,6079
857,2724a23a01e185ed22ee901fb60e67424b8ba413,0,0,0,2018-11-15 19:49:04,6970,275,0.0875,7245,80,2,13,1377,8,49623.6463,846,357.1659,38
854,b05d4fc443fc0ee2a78b06a77564f38bb3dcbcd2,0,0,0,2018-11-15 20:17:13,6363,107,5.45,6470,6,2,8,54,132,39354.2826,1,315.0659,254
856,d55b4b1382e3f7a14c81bedc98553fabd4d63137,0,0,0,2018-11-15 20:30:31,2,90,3.9069,92,1,1,1,1022,2,827.8467,843,347.1305,140
860,2c9feeac0b5f683328c44cd7ceb957e38a3fb062,0,0,0,2018-11-15 21:52:36,1759,1815,4.6287,3574,59,32,1,40,127,22755.2832,790,294.9891,310
858,4c8ab50beccbf7d730c38c1bd628c5800366c65c,0,0,0,2018-11-16 16:47:45,99,1526,1.4739,1625,1,2,2,46,2,20370.4747,796,436.9423,157
865,3b85948a1d59c2310beac8dacb535253ca60317b,0,0,0,2018-11-16 16:53:22,97,26,3.6595,123,51,2,2,63,6,78193.6092,703,419.5281,511
862,8eb6cfff9dfcc5a819c03b67db7ce879945341f0,0,0,0,2018-11-19 07:36:32,1759,1815,0.0934,3574,2,1,7,827,6,23880.4825,22,710.5,72
866,7be58c73cf5520f47a9698106a41b9c7ff393ebc,0,0,0,2018-11-19 07:48:29,6,9,0.0401,15,1,1,4,13,12,5095.9812,13,12.0476,3033
576,9f486941ea4ab4d302e42f258c83531583438f64,0,1,0,2018-11-19 07:59:49,28,36,4.808,64,40,1,5,9,7,14155.4103,8,17.4025,20
835,22e35bf82316c16f8f9474ea5a567bb771b8cdf0,0,0,0,2018-11-19 16:43:39,420,2113,1.5425,2533,4,1,1,1041,2,35685.7621,82,32.2218,77
867,7e86a80b714dac6dc0ae8fda0155d655f623d31e,0,0,0,2018-11-20 09:47:05,101,43,0.1464,144,3,32,1,1243,132,38929.1196,63,38.0105,457
869,0c1328aa4548953ff358da10052cc3644ec5c2f2,0,0,0,2018-11-21 09:35:58,48,42,2.0574,90,5,19,6,986,5,72723.9076,8,710.5,97
861,7dc8e69274a924776629537e7cb62e5d191c3e9f,0,0,0,2018-11-21 09:43:55,6,5083,0.0331,5089,1,1,1,1022,4,492.5455,7,16.8318,13
868,0c791cff57aa6ca0167c4967d2e69fdfca988fd4,0,1,0,2018-11-21 10:11:10,138,7302,3.2342,7440,13,5,6,41,7,65289.0118,35,24.0547,116
864,cf793009b5f16976efa0698f2d6ca5f4a4139c63,0,1,0,2018-11-22 09:46:10,77,8,1.865,85,5,3,1,18,0,84803.3259,1000,2.1009,3033
871,153ca54fd16a71d7f52812442a6d2bc3e024a838,0,0,0,2018-11-22 09:54:05,51,28,0.9368,79,1,2,17,10,1,42618.7139,10,15.412,59
874,bf5dc6c8bac73e7f8d54e983be2080cf6ce48a94,0,0,0,2018-11-22 10:03:13,697,2113,2.0423,2810,13,9,3,1041,9,34921.2548,50,710.5,2713
279,656bd9caf62355b3936831c9ef6f0f026326f0f0,0,0,0,2018-11-23 09:10:17,284,2388,3.0623,2672,11,9,2,20,4,57914.4785,23,12.2214,31
325,85bae442e62d55a66e3943ea6615cda2a51a7b5f,0,1,0,2018-11-26 10:47:43,2644,869,4.2391,3513,64,24,5,1234,124,50521.7404,200,157.549,726
872,17e3576d0380d2a9079634de3b8d2bc8d6c3454f,0,0,0,2018-11-26 11:49:40,154,360,0.0436,514,71,40,1,1051,5,30501.2986,16,14.047,60
336,3d07a97c82c3947935bf13b3f60aafce274a6cff,0,1,0,2018-11-26 15:11:04,2335,640,2.9308,2975,18,24,8,791,94,37410.458,833,452.5167,393
287,54ef382439b1687a645a377a5f6a095746423109,0,1,0,2018-11-27 05:51:29,670,158,2.2372,828,13,4,2,79,20,27945.8433,160,108.2763,250
285,f8280313b76dda98323e8b4c0f8b23193ebe57a8,0,0,0,2018-11-27 12:18:45,348,33,0.8144,381,2,3,2,25,3,56295.2756,32,1.394,116
283,4365ab7b8f59b7936169298e8e5b7c7486406054,0,0,0,2018-11-27 14:34:33,79,2648,0.5171,2727,4,2,1,34,14,17799.8404,142,88.7786,93
873,9c0acab83900d0b40b1f624e6069e663a77479b3,0,0,0,2018-11-27 16:20:30,2651,51,0.8395,2702,3,3,2,97,37,59821.8039,1000,6.3438,33
286,8d90c580b65bd7fa4acaabc89c3c54876df5fc2c,0,1,0,2018-11-27 16:32:54,68,13,0.9262,81,4,2,2,12,13,32040.5031,145,88.563,3632
292,1794ea06bd351a5b3c4219d4097b2516c0298447,0,0,0,2018-11-29 08:32:01,65,62,0.0475,127,1,1,1,1022,1,825.7038,234,113.175,388
880,41b3a3bb6fdbd2c22a3cc76317ada2f7c5bb98f3,0,0,0,2018-11-29 09:41:49,0,250,0.3291,250,11,6,2,1243,132,38667.4017,110,84.9046,752
882,145dabaa4f28757c317fc4e0e2bbec44637dc6f1,0,0,0,2018-11-29 10:06:31,112,55,1.0973,167,3,2,17,13,4,43700.4428,80,33.7962,531
878,ffa0a9e453b8f770a8fe8db08f8324de330db569,0,0,0,2018-11-30 10:17:14,24,32,0.0708,56,11,5,1,868,14,81928.4138,3,575.0,63
881,8ba8337941fd1f53f217d0fe1dfe749467db9a82,0,0,0,2018-11-30 10:50:39,4779,25,0.8616,4804,2,2,1,22,12,42915.6191,27,710.5,19
888,98437c765c8957fd5ea392502de393d4ec695ea2,0,1,0,2018-11-30 16:05:58,132,77,1.9438,209,7,3,2,0,1,52112.039,43,50.5169,549
879,9bcad1184547ef408aba253bbc044acc440c0435,0,0,0,2018-12-02 08:49:23,53,5083,0.3611,5136,3,2,2,31,2,1116.8842,25,710.5,90
889,927936d573bbfdd9501d3e1d0a9f913d9882e42e,0,0,0,2018-12-03 07:23:07,869,2926,3.182,3795,24,15,1,60,17,6179.1064,1000,14.5395,3033
326,52dd89d3b3369e0f314131993d2b7d110419ccd6,0,0,0,2018-12-04 02:55:33,66,745,0.1543,811,4,38,1,912,111,62911.0453,20,24.9202,3558
890,600bd9cdbb42b709cfa6fa313648fcea317ad781,0,0,0,2018-12-04 16:35:42,387,8778,2.1423,9165,7,3,1,1,2,50062.1645,12,7.7732,59
288,beee5b168875fc54bc09780942c4fc724ffccbf0,0,1,0,2018-12-05 07:51:12,831,7302,1.1791,8133,2,1,1,31,0,66436.2825,195,110.5697,232
293,817485473005dfd054467eab4c2a275d833af723,0,0,0,2018-12-05 07:55:23,121,3829,1.0441,3950,2,38,12,0,2,48425.3562,244,134.7368,274
298,9822cc8a73cc4a54cb401d3ee31ce2e8894a6d6d,0,0,0,2018-12-05 08:11:11,3,67,0.3035,70,2,2,1,989,4,7569.9226,204,115.5803,144
296,383cc9e1875c2b19bb362b3af025547cc2b1dfbf,0,0,0,2018-12-05 08:14:20,68,85,0.2651,153,1,1,6,24,3,71154.7407,200,130.2739,246
301,eda73763dfad7c7367f03556134637cf8edc3160,0,0,0,2018-12-05 08:22:01,29,5,0.4047,34,2,1,1,20,4,7370.6287,231,116.9362,45
304,faf093d33284b3a0e9e7b7ba7267b91503b69891,0,0,0,2018-12-05 08:26:13,869,2926,0.4197,3795,1,2,1,989,4,9408.5393,249,139.3624,139
294,5e6664dfea9668c178047ebfc782278a176afaaf,0,0,0,2018-12-05 08:29:52,2651,1,0.732,2652,2,2,1,35,134,56687.6622,207,133.4196,356
300,68fab1277ca31ad65ddd594b0b6b7d4d9c0e4383,0,0,0,2018-12-05 08:34:23,6,3,0.372,9,2,2,5,16,1,7584.2544,206,128.3794,109
887,bb9b176357bef502391f612de85cce87f45c8d7f,0,1,0,2018-12-06 05:29:35,198,8778,0.8416,8976,2,2,1,4,5,49873.8674,15,4.0688,2844
306,e791b1a29b675af4f290be9b68ae7f03b2de43c5,0,0,0,2018-12-06 11:07:16,127,53,0.8026,180,5,3,1,1068,10,56812.6318,238,134.0319,272
295,25dc4832324bb0be0731747c5856441a6b984a95,0,0,0,2018-12-06 11:14:17,23,42,0.0552,65,1,5,2,23,2,82188.6112,245,136.0243,366
303,171a3b143b9d70faa6982878fed936bfee580a8f,0,1,0,2018-12-06 11:37:05,357,127,2.8232,484,10,7,4,247,54,39346.9821,833,18.9003,3033
225,f8aee29829cc59627a6b40623d28ddfb8237e35c,0,0,0,2018-12-06 12:59:23,53,103,2.5,156,6,1,4,1000,6,3198.3289,507,299.8956,1741
226,8b898cd342faa9efaa14f436bedaee11e6389252,0,0,0,2018-12-06 16:14:13,6363,3319,0.8513,9682,8,7,2,1243,1,37429.7908,200,136.561,308
305,d3feadb80f0bac5a02c9ea7dac3361bdb8bbeda3,0,0,0,2018-12-07 02:55:49,2985,2012,0.0344,4997,1,1,6,16,8,75929.2942,1000,710.5,3033
224,bc41b756ff180d9903ba22c0d83635c38a11098f,0,0,0,2018-12-07 12:42:52,5,5083,0.076,5088,2,1,1,1022,4,922.5037,235,139.8369,113
228,3b16b4e454f20199bbe25cfeef9645e497e1e783,0,0,0,2018-12-07 12:47:30,30,18,0.0382,48,1,18,5,41,13,16177.4348,229,127.9175,203
223,8492d006984626c3d0d4fadaa8433dfde6c17023,0,0,0,2018-12-07 14:58:34,187,215,0.0845,402,2,1,5,989,9,7319.2349,491,249.6541,1557
231,ebc46c5ec1977ecf70628505eab23c942862857b,0,1,0,2018-12-09 07:15:04,558,101,2.725,659,7,3,2,102,18,33851.4389,208,112.4984,144
220,735e2f8d0d0a3f890b7a215f4c6657461bb732df,0,0,0,2018-12-09 08:08:07,8,618,0.0347,626,6,6,4,28,14,3231.5634,246,140.7561,136
876,34ca8b772f9ebb152210692d12295db78c534e17,0,0,0,2018-12-09 08:10:31,98,2648,2.0681,2746,6,3,5,7,5,15563.9098,235,131.1922,215
227,97f556ebd122dfe16dd8e148d3ac7c5386fd08ac,0,1,0,2018-12-10 07:07:47,74,102,0.8146,176,2,3,2,122,23,77963.1545,192,102.5705,320
230,70b2029f8a3d4ca2d3cb7bd7fddac9bb5b3e8f07,0,0,0,2018-12-10 15:52:02,56,465,3.6595,521,51,18,4,25,108,79794.9718,115,78.395,216
229,ff42f874d1016ac77df54cf162f95b278b89a5a3,0,0,0,2018-12-11 04:10:16,164,195,0.9345,359,14,9,3,61,20,52771.2857,1000,710.5,2844
771,8c6ff79cbc52f18a8b54a95fa9910858d934658b,0,0,0,2018-12-11 06:40:37,6970,85,2.5106,7055,6,4,3,36,21,51642.9204,4,10.4703,41
234,cf88590e992b974284e01a3a35e8ad01fd47174e,0,0,0,2018-12-11 09:50:33,146,146,2.378,292,8,6,2,1243,10,38316.8986,1,19.32,3033
241,2870c7a45a0f16e601bf4781c277a33beb4af315,0,0,0,2018-12-11 13:52:54,27,2113,0.7538,2140,3,3,3,75,25,36503.4242,82,18.8621,150
281,6f9a8840fc3cf58e3b43ae4ce1da5a9023888442,0,0,0,2018-12-11 14:21:25,869,149,2.9518,1018,8,15,5,123,10,10078.0,210,56.87,3
313,60f8826de75bdb1294ca4cd26b2af155de62c0df,0,0,0,2018-12-12 08:17:40,116,27,2.9281,143,14,9,6,88,17,36393.9018,42,35.1027,549
235,84b66165b2be083da1ddece3053244bbda8c3eee,0,0,1,2018-12-13 14:37:13,71,47,1.1122,118,5,34,11,1106,10,28496.5415,433,254.2213,1547
297,35d16f9a14a175de5dafbf37bb45fa3a1d42a16e,0,0,0,2018-12-14 10:07:32,1961,465,3.6595,2426,51,18,4,64,18,80904.4492,1000,10.8173,76
315,02078e0e8830877d774b17923436bf5102490f4c,0,0,0,2018-12-14 22:37:20,50,7302,0.4263,7352,2,2,6,24,10,67290.3003,38,14.8892,30
238,55c0b1705adc65c047969d604cbfba989962a3d2,0,0,0,2018-12-17 11:11:57,132,2648,0.5789,2780,3,18,5,26,9,15651.7152,24,710.5,3360
240,1ccc740dcb588e324c33571df8d7475c09bf962a,0,0,0,2018-12-18 08:31:31,880,118,1.0196,998,2,2,1,64,11,525.2607,56,57.7708,440
232,6f5b9c93c50ef019fb491145e0b394de11631aea,0,0,0,2018-12-18 08:33:15,8898,2113,0.0916,11011,2,18,1,21,131,34298.265,48,36.5924,428
236,92eb82b35e855482ebe0966fd11af10eb8f8287b,0,0,0,2018-12-18 08:33:36,89,80,3.9069,169,1,1,1,1022,3,309.7375,60,54.9659,444
239,4616c605965860228959f7bcf481771477734f56,0,0,0,2018-12-18 14:19:42,2651,24,0.0649,2675,5,2,10,4,8,57551.2997,1000,7.0126,2713
243,aeabfc51e1a877c487f662e90fcce4528c4230d6,0,0,0,2018-12-18 14:20:41,33,2388,5.4776,2421,2,1,1,24,4,57602.0713,24,4.1002,2713
244,d1e8dd976864581c86d112d4c64f2731f5a3da33,0,0,0,2018-12-18 14:22:15,5613,26,5.6438,5639,3,2,1,12,2,46167.6814,24,6.7876,46
242,ab33429f948679b4729aa81439d5cfeb6dd6c24b,0,0,0,2018-12-18 14:22:49,71,34,5.6438,105,3,2,12,1033,2,46216.0889,25,5.0466,3475
246,e954ae865fea57f90fc5b9529c15374b2eb015b7,0,0,0,2018-12-18 14:25:13,32,7302,0.0615,7334,5,2,6,19,8,67011.1471,1,17.8047,3033
316,29174f89d4921625eb058fa4bfcf8fe98c6d6e77,0,0,0,2018-12-18 15:06:38,85,72,1.8337,157,4,4,2,116,15,17692.4523,243,135.0832,306
302,a4c09d337a0699f650740cc483e6ed30179ac7df,0,0,0,2018-12-19 02:20:42,4779,37,1.0431,4816,5,6,17,19,5,43215.5786,17,710.5,3064
247,54fea6072daf2f9868d34994c77ae16930e48f16,0,0,0,2018-12-19 09:10:39,28,108,1.3144,136,3,2,1,1002,12,13992.3882,89,33.5796,529
249,a70f503c091be33e526661cc7ec5335a4349e82b,0,0,0,2018-12-19 11:27:06,8898,2113,4.8507,11011,35,1,6,70,22,35771.2099,16,710.5,2713
248,b02121c4673f80e606c7211d73de29c7295df7ae,0,0,0,2018-12-19 11:45:16,14,73,0.0561,87,24,1,1,1,6,8010.4124,27,18.4095,62
250,42f5f778468097151e1e7bf75854b3f592b84357,0,1,0,2018-12-19 13:42:28,533,6,0.0,539,9,4,1,84,107,86277.0,1000,45.5995,3033
237,cb9c4fcde2555e7970afdc5f641f4bde8e6b5d08,0,0,0,2018-12-19 13:52:20,100,17,3.9069,117,1,1,1,13,4,559.4049,15,11.7316,3033
318,903a9090324f8d14af15621b7ec026f4a8485050,0,0,0,2018-12-20 11:59:09,202,157,2.5,359,1,6,1,1000,9,4589.7416,415,295.2331,45
320,c06e7a5427675efb63aff86debd03581343cfdb7,0,0,0,2018-12-20 13:18:46,2182,54,0.8216,2236,68,2,11,44,0,26471.493,490,288.1835,1825
323,7bb63f68e29ac5cb5fbed8d33949e3302faf869c,0,0,0,2018-12-22 13:26:13,61,151,1.0831,212,8,7,1,1130,5,63362.009,1000,19.6509,3558
892,bc3eb8248fd0bff9459db8897e52152ad6538fd6,0,1,0,2018-12-22 16:19:57,553,96,3.1118,649,13,10,6,7,14,35280.7802,30,10.6264,2713
321,4c4ce451fcaa6055c97dd4fdd55ae1c0239ce5cf,0,1,0,2018-12-23 07:31:24,623,234,2.6634,857,13,7,3,85,21,46999.7123,1000,8.6829,53
252,0605e8445bea56182486512bd897fd508bc075a5,0,0,0,2018-12-28 13:23:55,80,3829,1.1096,3909,98,3,12,63,29,48258.7551,21,710.5,44
307,c08db3fda3335402df8f1f770b73007832227aa1,0,1,0,2018-12-29 18:23:43,373,247,2.481,620,13,10,3,1106,3,25911.3023,21,710.5,4393
324,cef75fe87f1c457a0ceda20a9ca40c54d354c914,0,0,0,2018-12-31 17:02:17,2467,3382,1.2247,5849,5,2,6,916,4,72076.0,1000,575.0,3033
327,4973d8a4121e1eb711a8acba02fb7ced813dac41,0,0,0,2018-12-31 19:38:19,66,31,0.2512,97,1,36,1,1177,133,41863.2603,10,8.6592,3064
328,bd2dae698a068543ae270b8cb3cc5a858c8ffe88,0,0,0,2019-01-01 00:27:49,443,27,2.7606,470,8,7,1,1068,134,59204.627,1000,8.5728,54
329,7ce6375cddbb2e2239b909ef5d02fc4c410b3bab,0,0,0,2019-01-02 11:04:06,684,1275,3.0268,1959,11,5,2,868,9,82989.7914,486,204.7162,80
312,50f41965800f90fed5a6399b6172161c75b8c764,0,0,0,2019-01-02 11:10:59,71,3829,5.6438,3900,3,1,12,1033,7,48386.1322,18,14.7163,48
330,4febcdc289bc0dce1090d831c7f99848a26f6465,0,1,1,2019-01-02 11:31:59,18,12,1.0272,30,2,2,5,9,5,7846.9919,1000,575.0,3033
319,f6995f01ef748e4992a37defd60197d1ab4bd00e,0,0,0,2019-01-03 02:10:20,32,46,0.5342,78,1,19,6,916,6,69498.767,1000,13.0169,3033
335,a7eb845e812ab0355854d3cf26843179a5a8b597,0,0,0,2019-01-03 08:37:21,10,67,2.0812,77,4,4,2,55,25,56708.219,10,575.0,2713
331,70fa80e3862b367be22b593db685f9898a2838ef,0,0,0,2019-01-03 15:14:09,359,47,1.8346,406,3,4,1,20,10,62360.891,41,22.6331,78
333,1f47c0ac27ad42d3c4b066914a351e23a6cacbef,0,0,0,2019-01-03 16:29:56,4307,2648,0.6828,6955,1,3,5,987,109,14325.568,429,154.2175,1466
339,4adf23d3b93c301b53f11f1c05a1aa6d37112d46,0,0,0,2019-01-03 16:30:53,43,5083,3.9069,5126,1,1,1,1022,6,151.1603,505,169.6834,1567
299,301be5552290788864676b131e09741f769ef471,0,0,0,2019-01-07 11:50:27,41,37,0.908,78,6,2,1,1068,7,60240.4147,206,135.7052,351
322,f692d372f7cb1ecd04ad82d9d546fe68c702ce05,0,0,0,2019-01-07 12:17:22,4779,2465,1.2666,7244,4,3,2,68,22,44195.9076,3,14.0096,3064
282,11aa9b6d74f3ff8951b3dd8f4a33a87810cb1649,0,0,0,2019-01-07 13:08:38,880,5083,3.9069,5963,1,1,1,2,5,1895.9405,19,5.4537,23
311,5e4648715f97338bb8ee0c8cc790bdbecc5b4422,0,0,0,2019-01-07 14:23:40,68,1526,1.3404,1594,6,5,1,25,114,21057.0167,51,16.096,543
344,9323ef6ac12e1a44f9745ea7589c526153223cfa,0,0,0,2019-01-08 05:24:26,40,8089,2.1668,8129,7,38,16,26,7,61139.1274,30,31.9291,3558
338,5b5ec591273fc6ce8352f20fd9108315bc0a05d9,0,0,0,2019-01-08 05:25:03,11,5083,0.0453,5094,1,1,1,1022,5,10.4802,50,30.681,31
341,4782236aaec550f478ff21f8ae1a08f5c5a6ac2f,0,0,0,2019-01-08 05:26:44,880,5083,3.9069,5963,1,1,1,21,7,89.0566,34,40.716,41
346,7a1147b9b8d5a92ea38e25358a645d35dc16f9b5,0,0,0,2019-01-08 10:17:50,65,3382,4.9358,3447,62,1,1,61,15,71102.7408,207,137.3005,3033
347,ef08a86b53fc936b4aa2a05d7673b4a373eb8fa2,0,0,0,2019-01-08 10:25:57,880,63,0.0813,943,1,1,1,72,15,514.3138,202,137.4293,94
337,f39fd2929f2b231d54cb8435ccf2b84174168ebc,0,0,0,2019-01-08 10:27:39,36,16,0.0837,52,51,1,4,871,108,77715.5472,234,117.2676,61
345,3903b817cb20524aec2c0fbee763e6bf73f5f989,0,1,0,2019-01-08 12:06:50,99,2388,1.6083,2487,10,3,10,28,15,58051.6007,788,357.399,195
351,cad0509a752be57eb995a95ccebf00012e443ed5,0,0,0,2019-01-08 16:41:38,42,12,0.0801,54,51,18,4,871,4,80426.1546,242,140.075,137
340,fc98a1f96cce951355c08a6be4193bbdef02b10c,0,0,0,2019-01-08 18:04:18,71,1162,4.8422,1233,76,22,4,40,112,63022.3659,739,356.5046,6183
363,f9fbbd76a6de058178af18062b8f4116a1b76e1a,0,0,0,2019-01-08 18:28:43,2753,8089,0.2331,10842,99,38,16,985,111,60664.5599,46,25.2684,3558
350,eff261efee8c99a0ecc88c06aa07db9a553e6bdd,0,0,0,2019-01-08 20:02:16,8898,127,2.4577,9025,8,5,6,41,15,36160.5194,40,35.1939,24
343,a93e91a9994604561ef66dd638d4645947cdd506,0,0,0,2019-01-09 09:00:26,4307,46,0.0469,4353,2,1,1,15,3,17401.3769,27,18.5415,3360
348,78cc9bc8b7c9ff2806fa6176ec15f38199fe6b25,0,0,0,2019-01-09 09:56:49,2651,2388,0.0768,5039,7,2,10,30,11,59495.2891,14,575.0,38
332,1e2aa8e9f35e7a943a4ed56a47834ee50bab3b47,0,1,0,2019-01-09 10:33:36,148,11,1.995,159,6,2,1,29,16,32472.3283,16,12.4848,40
353,876f9919de987c78724f707f57b220654ca600a4,0,0,0,2019-01-09 10:54:08,6970,253,0.4424,7223,80,44,2,88,32,49597.4054,156,59.8887,799
268,43a74977de27869e41e97878e821dcf363d81911,0,0,0,2019-01-09 13:37:44,166,1,3.0432,167,14,1,2,116,26,37949.0975,833,452.5167,56
355,dcacf0b5676f216806857269132ff3640d98ba3d,0,0,0,2019-01-10 02:40:10,69,8089,0.6425,8158,4,38,1,24,4,60410.6154,31,48.203,115
342,a07ce7f6c88dc7d0c0d2ba55a0ab3f2283bf247c,0,0,0,2019-01-10 09:13:09,206,196,0.1915,402,80,44,1,98,18,50012.3222,726,313.6768,175
356,7d98940408d4d55cc40ef3622386036cf76d78e7,0,0,0,2019-01-10 17:09:19,35,48,0.8243,83,84,2,1,1,3,45075.6511,764,330.2511,5876
358,992b65af7420ebacf8aa02b26269190919ce3ccd,0,1,0,2019-01-11 14:30:01,409,81,1.9376,490,33,15,3,139,41,23368.5385,706,366.8225,5747
367,f61d1129e277a23fcf6113211c344e8b89da49e8,0,0,0,2019-01-13 02:23:08,186,115,1.7781,301,8,6,4,49,11,40493.1024,833,452.5167,3033
314,e7b02b42364563dfa20c8189da50d1a0a7529f4a,0,0,0,2019-01-14 13:54:32,100,1143,0.086,1243,79,2,1,966,4,53786.8165,1000,575.0,3033
374,6c01cf92b6050b66e5bf1ea9057266c9edaedff4,0,0,0,2019-01-14 15:47:33,266,311,0.4311,577,8,4,1,864,116,41777.1989,122,64.9363,287
369,64cbf2a20178cf8b4f643ba510653881a3e5ce2f,0,0,0,2019-01-14 23:41:13,2182,87,1.4044,2269,2,2,1,1106,13,27290.0817,1000,710.5,4393
366,e354d0bf706438251897c3aedfc3fb3f55d438fd,0,0,0,2019-01-15 07:01:19,869,70,0.0391,939,1,15,5,989,8,7015.7849,18,10.854,3033
360,633ed9552e193c20a5260f2ff7465a22e32d3c23,0,0,0,2019-01-15 11:02:30,423,26,0.9588,449,1,2,1,10,133,43331.1463,35,21.5337,119
370,6685d6a14c71b5bbb8be8e53245c828ce0e284f8,0,0,0,2019-01-15 11:14:52,2985,2012,0.7052,4997,70,2,6,32,8,74729.1229,41,36.723,55
378,f436fbfe070dcea31be3560441b6f77c2ce54165,0,1,0,2019-01-15 13:16:19,1011,8778,2.2742,9789,19,3,1,3,8,50395.6428,48,39.3295,44
382,8a49d73690baa47dccf28a33d01feb817b6a3ed2,0,0,0,2019-01-15 14:30:06,880,61,3.9069,941,1,1,1,20,2,636.9708,243,112.5165,356
385,53d51474aaa5eac1331ecf59221ac1efb5502d6a,0,0,0,2019-01-16 10:55:50,6,9,0.0287,15,6,1,4,18,7,4568.377,24,36.6091,66
377,53034cd70e2a39e08c828bbc812ad8eef93e4f9d,0,0,0,2019-01-16 12:10:16,6363,3319,1.9495,9682,5,3,2,1,21,39662.7595,24,452.5167,3033
375,3ee4a5b99d8019bd60b363550eb628e6e7cd500a,0,0,0,2019-01-16 12:34:30,139,3319,1.9206,3458,7,4,1,54,12,40115.4288,24,35.546,20
352,94647f1ca02ec9614941e40f62ed9aca0871b59d,0,0,0,2019-01-16 13:16:27,2753,424,1.2789,3177,99,3,1,79,28,62028.0573,708,363.5172,424
389,857ec7db3c3f21bb519006b80a5b89a9fa5b6328,0,0,0,2019-01-16 16:30:35,2753,557,6.2875,3310,8,3,16,878,117,63983.4009,807,307.8515,553
402,97802655b8f28886aac65e7f9f469ab29177257a,0,0,0,2019-01-16 16:58:27,203,149,0.3757,352,6,5,1,1054,101,34050.1622,711,307.9876,6092
379,8e7b80f755efc257d7a2803fc604e2746b6530a3,0,0,0,2019-01-16 17:06:16,77,14,2.3905,91,7,2,11,1106,1,27330.3643,204,111.4754,202
388,f4673bc080edd08aa7b93522f4638e129d776a60,0,0,0,2019-01-16 17:06:36,107,28,1.9994,135,1,1,2,36,9,620.6201,773,325.0785,6094
384,f012270b1b9fad32e543e7a0195e793ebb402fc5,0,0,0,2019-01-16 22:05:20,4779,47,0.4177,4826,7,36,3,1040,117,44788.4519,82,3.4834,8
386,41c4a35950528e04f86ec26a8bddc114c3b6a11d,0,0,0,2019-01-17 10:23:12,32,19,2.5,51,2,6,4,0,0,2264.0,83,710.5,3033
261,f80ab20cbc5cdc80d1f0b477fd8c9e0cf9e273fb,0,1,0,2019-01-17 14:32:40,93,1143,6.2622,1236,1,41,1,966,1,55978.3151,63,38.8854,51
390,20ede039a0622e496ca1f9c3502cd61d90a49f2a,0,0,0,2019-01-17 14:59:28,2182,28,2.2103,2210,6,2,11,1106,7,26431.6798,1000,710.5,71
397,b96add35cf656894c86fbf9e17e7adeef4772a71,0,1,1,2019-01-17 15:44:16,79,13,1.5077,92,3,2,6,55,11,15623.5145,728,316.4999,6233
391,960feb4437c439084cfb317dd127645cfd176578,0,0,0,2019-01-17 15:45:06,437,240,0.4503,677,56,4,1,1042,106,34023.3799,705,291.7531,6130
392,7af5a98adebb83b6a8e687ba6ec38ec527bb325b,0,0,0,2019-01-17 16:55:27,4307,17,0.6043,4324,3,2,5,18,12,14922.3091,23,710.5,3360
394,3cf593cb5400fcaece1f458c703d5093c202d807,0,0,0,2019-01-17 17:37:10,2182,32,0.1456,2214,68,34,1,49,6,28661.4167,19,18.9597,93
387,e97967278904cb2706a6514ad0a13d50cc389b20,0,0,0,2019-01-17 18:36:31,428,4242,1.8824,4670,71,5,16,985,0,31766.1679,133,106.7039,3632
404,0a8ed648893ebf502d810c2cf3353ddaeebd994a,0,0,0,2019-01-18 10:57:35,165,1529,5.8031,1694,2,1,9,129,16,47071.4003,769,321.6221,5725
383,e76512b44c3e41db75387fe81b3bb6d7289a0fe7,0,0,0,2019-01-18 10:58:19,32,37,1.9994,69,1,3,2,115,18,556.3432,689,404.4229,5419
399,35a3d7918d9d19ca9f718137179e6391854dc84a,0,0,0,2019-01-18 11:03:05,5298,131,1.5067,5429,12,2,1,212,24,51001.0029,782,361.4534,5882
380,9d9863e9119e6394ecee68c80f7ae22ce4c7aa59,0,0,0,2019-01-18 12:43:37,265,312,1.3117,577,6,1,12,1026,136,27559.0699,732,325.4649,5637
396,ef4784835b2f3805dcfe3d4ef0abf5cbf83e9ba1,0,0,0,2019-01-18 13:02:13,92,880,4.9874,972,4,31,6,101,21,64904.9564,207,116.3935,241
403,eb1241eec517d3f906625bc67e722d097a9514cd,0,0,0,2019-01-18 13:12:51,2985,44,0.054,3029,70,19,6,986,5,75515.3226,213,114.3844,29
381,8ce4e0c26398d9af427adf83a6a77bfa549a6cf1,0,0,0,2019-01-18 13:24:56,204,30,0.7172,234,2,58,11,12,9,42394.8536,748,332.8725,5919
354,c8410766515740784aea968662e6dd722b4b2d70,0,1,0,2019-01-18 13:25:24,221,705,0.4195,926,6,4,2,982,113,17387.5763,784,360.9584,6662
407,3f0b1dfc4da548b166bc3e6aaf4d694c52ddda7b,0,0,0,2019-01-18 13:28:18,169,8778,5.8891,8947,80,2,1,1377,8,52581.5749,56,49.4126,2844
400,a8c1f7c4c05330e25b68ddc520b7cf2bd8e90576,0,0,0,2019-01-18 14:27:56,51,76,0.0665,127,1,1,1,11,2,14669.7367,738,316.3001,5730
411,bb64862b8b7e3ee35625bfe8cb003e8eada8e949,0,0,0,2019-01-18 14:48:56,38,2240,0.4841,2278,6,4,3,1,115,22891.3383,810,393.2145,6741
425,f441e8b60114f24bee79e01b54059514ca25cfaf,0,1,0,2019-01-18 18:11:49,709,418,2.5396,1127,14,8,1,1009,122,37478.3768,697,379.5051,6043
410,c95e9f642288bb2816cf84868709ea2543a90ae5,0,1,0,2019-01-18 21:32:22,335,175,1.8055,510,8,4,3,96,22,48561.4902,9,13.1126,139
409,5633accdd2ae789f431bb3bdc6be2733930a66d9,0,0,0,2019-01-20 03:26:48,2651,27,0.3877,2678,8,2,1,888,113,58260.5207,1000,575.0,150
415,d9e4b49929b793e279acf39469383dad8d6b2e44,0,1,1,2019-01-21 10:20:19,195,1526,1.9175,1721,5,4,2,43,20,20261.1679,1000,710.5,62
418,3bfffbf1773ca2edebffd826fb2bb44b3d38e065,0,0,0,2019-01-22 08:47:23,51,134,4.9874,185,2,31,6,15,118,66297.536,83,26.5423,422
421,9fb3025e12a38136fa583110f8f267091c3db19a,0,0,0,2019-01-22 15:49:21,141,8613,0.9482,8754,4,2,26,105,25,31486.5026,746,348.6417,5775
395,0ab52e9edc66bac96a2e336f6e9799ff40c7576b,0,0,0,2019-01-22 16:52:56,5613,61,0.7886,5674,4,3,1,15,3,46512.079,241,117.038,374
417,d7ef63df15aa78cf84a004da62fb2ba1716688ba,0,0,0,2019-01-22 17:14:16,6363,3319,0.7334,9682,83,2,8,24,1,37202.0,54,41.4381,416
401,20fff575465f4f2a480277bd3e8973d66a50fcd2,0,0,0,2019-01-22 23:40:33,2814,7302,0.0224,10116,1,1,6,13,5,65437.8981,14,3.2586,3033
422,8a8b8d80bab037bade0239547b6385d009a95168,0,0,0,2019-01-23 09:39:03,58,20,5.4776,78,3,30,1,17,5,59862.5442,87,25.1754,524
413,4e607e91db6d46ca8cad360dd761cd2eeb56d733,0,0,0,2019-01-23 09:39:17,117,92,1.5001,209,10,6,11,56,11,26554.5539,56,50.0531,388
423,bd0906c4cb89c0b00d82a5ca4bb1b87e4da2eb0f,0,0,0,2019-01-23 11:57:03,52,694,0.1143,746,2,14,1,29,7,11195.8867,1000,11.7066,57
393,e43d55445e7abcadb92460bb4d61e28540f1189d,0,1,0,2019-01-23 18:54:04,349,171,1.965,520,9,2,7,56,19,23445.5164,27,45.6571,4335
405,35779f22b1921646d7a858156fcafeb8238974f3,0,0,0,2019-01-24 08:00:07,410,11,1.9994,421,4,3,1,15,5,562.1082,746,349.8748,6150
420,b721ac7ed687500c48a862d6d9ce3ee23f8b5d7a,0,0,0,2019-01-24 08:12:18,16,43,3.0268,59,11,5,2,50,16,81840.3416,20,17.3308,3033
424,81acd0a490f3ac40cbb2736189796138ac109dd0,0,0,0,2019-01-24 13:02:40,869,2926,3.182,3795,24,15,5,57,14,6964.7373,485,182.719,3033
430,3ad3fbf5f10be78db530fe70c6c29c2a45cd56c0,0,0,0,2019-01-24 14:02:16,4307,2648,1.0062,6955,5,2,1,35,109,14505.5882,501,205.901,207
432,4bbc69626eb439c8fe0e6fbf066139d72e8d9795,0,0,0,2019-01-24 14:02:39,123,18,0.1403,141,38,14,1,21,5,11933.4481,495,206.0465,3033
406,3fdb2af0ff51420becf99ece15fb02b96bc02f6a,0,0,0,2019-01-25 13:08:38,168,160,0.1515,328,80,2,1,1377,2,51725.3211,13,11.1246,108
412,b22e91358fd2e58fc064968953a73218e87cfc88,0,0,0,2019-01-27 14:27:50,238,33,1.4482,271,12,4,1,20,2,58494.7877,41,21.5076,108
435,b434b32c0875d31acf30ab156d94d11bd1379975,0,0,0,2019-01-27 14:41:49,216,126,0.9352,342,7,3,1,17,2,47857.3822,40,21.9544,33
433,392f2cd57380f9070414f4d6d120e4b051d4e061,0,0,0,2019-01-27 15:40:40,35,8778,1.0359,8813,7,2,1,1,7,51287.4897,38,21.7175,2844
436,a51adc3886d62109b1b7582733ab91e6e175a58c,0,0,0,2019-01-27 19:54:23,166,85,1.0838,251,5,3,6,13,1,68119.389,50,14.9371,3033
440,a8580ca08dab19f83ee87ea83e0801c516687e62,0,1,0,2019-01-28 09:28:31,766,2113,2.6158,2879,11,5,2,26,23,36688.4107,1000,20.8549,2713
429,8d25e88ec7de962927de350b4702ec183699afb3,0,0,0,2019-01-28 09:48:52,1512,729,4.7077,2241,4,4,2,872,1,21710.0831,1000,44.5233,3393
437,85c3e7e2c2b46b3a2a7efeee77317dd8aabe3479,0,0,0,2019-01-28 11:13:53,113,63,5.45,176,1,1,1,7,4,40694.809,29,29.2882,36
419,3138734dfeda8e625e7f3e4aa43287992edee028,0,0,0,2019-01-28 12:50:24,57,2648,4.808,2705,40,1,1,100,20,14494.8881,1000,710.5,3360
441,17618f323a2fafcf66022e3a66e56a2d84ce5cb6,0,0,0,2019-01-28 15:32:14,169,8778,0.9062,8947,7,4,13,1377,2,50757.7437,11,37.169,47
438,a34d46344dccfb7ba34e00337e7c0270cf09e416,0,0,0,2019-01-28 15:56:50,193,84,1.4597,277,9,4,1,15,6,48329.5579,37,20.4776,64
444,35fa2b71255b2e1ffa910ebcaf05949b0e7a80f1,0,0,0,2019-01-28 23:22:42,36,3382,4.9358,3418,62,19,1,916,4,70427.8469,10,10.8665,3033
439,232560d0c95f9bccfb199a799ea39a89b44d671b,0,0,0,2019-01-29 03:45:27,0,64,5.2754,64,2,1,1,1,9,74746.3594,208,134.8243,353
449,83183ce4d96d497d48705a1d503cce3c9d24d508,0,0,0,2019-01-29 04:10:55,880,134,3.9069,1014,1,1,1,40,8,1566.1098,238,107.3017,444
443,c2ed44d07b8ac70b548dfeb1a181be8909443b75,0,0,0,2019-01-29 12:19:33,5613,84,5.6438,5697,98,38,1,34,134,48090.6367,487,207.5767,203
450,c4cb904c90e64bde945117048c5af4cb93e0dddf,0,0,0,2019-01-29 12:24:11,166,43,0.7834,209,3,3,1,35,6,43176.5504,493,175.8085,105
451,0d181e9ed3864e2b81ae645771f866acac283b87,0,0,1,2019-01-29 12:27:13,27,5083,3.9069,5110,1,1,1,1022,107,141.6785,435,166.1,123
455,44538e10dca767124e175496a58d9dc7c8710eec,0,0,0,2019-01-29 12:30:52,123,50,0.999,173,59,1,7,21,5,24507.1736,503,169.7681,187
453,f0be1623fdc5fb45f8ef27ee9985842ea27da400,0,0,0,2019-01-29 12:31:53,451,3829,3.3155,4280,13,3,1,1033,134,48564.5159,437,164.7358,3475
452,751184d2b210d8ff60e26ff1fdebe6f4ff4d82c3,0,0,0,2019-01-29 12:32:11,193,102,2.4483,295,9,3,12,1033,134,48802.1388,510,176.1921,131
454,3f92bd428d5f5a367ed7070dc7a663ac125dbaff,0,0,0,2019-01-29 12:34:47,483,3829,2.0645,4312,98,5,1,26,5,45042.675,433,217.8562,173
457,3c1bbf26c223a970f26b683dcc91d9d0060908e4,0,0,0,2019-01-29 13:35:38,6970,8778,5.8891,15748,2,2,13,51,17,49168.4096,52,18.4999,83
456,198ceb27751f95ee7f6f870eb4f700c3b97ff746,0,0,0,2019-01-30 07:59:45,684,39,1.3364,723,3,2,1,32,7,83199.6548,256,139.119,3033
427,d575951cff8c24c8a5ceb9e4dd44c9c0429aaee8,0,0,0,2019-01-30 08:20:56,11,5,0.0142,16,6,6,4,1000,3,5391.6134,229,130.4904,84
458,519210177e626b71a944a80ac06179933a95f1f4,0,0,0,2019-01-30 09:12:15,235,59,1.0658,294,7,4,1,23,6,54893.8454,205,119.1349,124
371,7abaff3516b4afd34e15c6c238fd1ebaae253325,0,0,0,2019-01-30 09:35:45,195,52,1.4296,247,7,3,8,11,1,55918.0768,227,121.8967,138
446,3cbaabc527dee12a1a28ba5542cea60a939baf75,0,0,0,2019-01-30 16:43:20,68,89,4.7077,157,3,2,6,1021,6,19847.1848,729,309.892,3393
408,969c8b2d08afae9dafe0349c2a10cf43c6deb918,0,0,0,2019-01-30 18:45:58,9591,116,6.2622,9707,4,2,1,0,105,53579.8479,1000,17.8513,115
463,0e94ecfc7b65021905087b7efa94e3e04f761baf,0,0,0,2019-01-31 02:59:51,5665,466,0.4152,6131,71,40,2,879,100,33313.5,1000,75.6906,3632
467,52c2b22bd047912c690edd1d770d567250f6d710,0,0,0,2019-01-31 03:07:56,96,505,3.9069,601,20,2,1,0,0,305.1888,1000,710.5,3033
445,a810255cca67ce011706dd56a2be620ccc4832da,0,0,0,2019-01-31 09:20:27,68,3382,0.3228,3450,1,2,1,19,4,69417.4097,480,195.7878,90
462,a3822f220fc724934b55b9a7994e86afa926a41f,0,0,0,2019-01-31 09:29:26,6363,115,1.1512,6478,6,3,8,1243,132,40964.25,238,136.5325,372
470,cf7b86de436c8714414f563e8637ceb36ea7aabe,0,1,0,2019-01-31 09:31:58,8,4441,1.8329,4449,3,4,16,12,4,31600.2481,231,118.96,249
460,892ff1dff01f7ec10df7e8e41ed990b92eca0b34,0,0,0,2019-01-31 12:36:09,216,240,5.8891,456,80,2,13,1377,4,51384.1346,2,31.6454,2844
466,1e5b24330a9c4397d84be18a4a64296a3a84359d,0,0,0,2019-01-31 12:41:37,37,694,5.1282,731,38,14,1,1002,5,13583.2394,22,9.8591,3033
477,119128fb1d05ab5b9539a00fe1c381e8af4a7304,0,0,0,2019-01-31 12:56:10,89,2926,3.182,3015,24,15,5,896,0,6938.025,68,575.0,253
475,4facd91ccd0eaafde6c71641e4e1dd2b4d4b7770,0,0,0,2019-01-31 12:58:30,880,868,3.9069,1748,20,9,1,873,0,332.1544,1000,87.8112,3033
464,7b6f2f487511d3766089ecd495597440f8a45142,0,0,0,2019-01-31 13:16:30,880,5083,0.2833,5963,2,2,1,0,100,858.493,102,84.4913,3033
472,ef5242405f7977f9c330eb99e1e9b86f3c7d252b,0,0,0,2019-01-31 13:22:35,398,128,1.0131,526,2,1,1,1041,4,33879.296,794,364.9895,366
473,57a2b754f6a5d8844aa35afb511901ad7ee43068,0,0,0,2019-01-31 13:50:15,80,8089,0.8361,8169,99,6,2,54,9,62195.396,432,211.7341,2193
480,ed4b94001fe6d6115e5887bbdd263fd3247548b2,0,1,0,2019-01-31 14:07:22,49,7302,1.4675,7351,6,2,2,955,110,64257.1769,1000,18.1782,3033
468,91d2d384543ea13c7b37a651c0df4647475f1aa0,0,0,0,2019-01-31 15:41:09,82,130,1.1535,212,3,1,2,83,21,31324.8981,746,328.2602,6301
280,22962998a7b0e0095af1f0585a5401e5bd91b247,0,1,0,2019-01-31 16:43:11,251,41,0.6704,292,3,5,2,45,18,22776.7845,771,357.4632,6439
481,11b9a2bba425667c35325373f489378bcbf93741,0,0,0,2019-01-31 20:26:27,4779,54,1.5356,4833,4,3,2,139,29,43981.602,1000,710.5,3064
491,d7c49f5065511f437e37a42361dc2906365b3d82,0,0,0,2019-02-01 06:34:29,143,29,4.9874,172,50,1,2,986,110,64568.2871,23,17.6107,181
495,6ae2ed40830bd3bf4c94b0038c373f25c5cdba7b,0,0,0,2019-02-01 07:31:10,32,45,0.2119,77,6,6,1,0,0,3122.2978,121,710.5,3033
487,e6b5eda7359cd1fd2c58f5e33b844c4ea061294a,0,0,0,2019-02-01 09:00:02,469,501,2.5,970,6,6,4,894,95,5861.3226,1000,710.5,3033
426,ef2edd09d32b988a5ac0209787d28e7a48b79ddb,0,0,0,2019-02-01 09:04:45,8898,177,4.8507,9075,5,2,3,0,117,35352.3609,1000,83.5674,316
486,95f3ea086fb80cd3966a2e72b0713f4404463818,0,1,0,2019-02-01 10:58:26,4,353,0.7388,357,6,5,6,81,26,52718.6329,731,316.7304,7312
442,24c2e17c8d52ae2f0f897a5806a3a44fdf62b0a5,0,0,0,2019-02-01 12:16:59,183,102,1.5792,285,5,2,12,0,13,48124.1055,416,98.4217,172
493,83159624effc4a17daf9efbf549b58ec5df7b9a8,0,1,0,2019-02-01 12:26:27,673,657,3.4388,1330,13,13,3,1027,115,52771.2857,68,710.5,2844
485,012e6118ad3de2bfaadd46c76f25bf9d4ad9a9d1,0,1,0,2019-02-01 15:23:06,1323,834,3.7422,2157,16,8,3,907,100,75179.5955,66,710.5,3033
494,f05b6774f5cee196b07fd3646927e89e8d486df5,0,0,0,2019-02-04 10:56:27,2467,3382,0.0471,5849,2,1,6,44,13,68219.5845,44,23.6726,99
488,85a655a08bed08d66af7f4d60e1dc29fc61cd7f4,0,0,0,2019-02-04 14:26:17,68,694,5.1282,762,38,1,6,39,13,12542.9228,52,40.1295,79
504,08d49b2832a5d54846afbdc75adf81932af0e8cc,0,0,0,2019-02-05 12:10:31,2985,91,5.2754,3076,8,2,1,0,0,75106.9677,1000,710.5,187
496,46326ab9181acec53d1e9e7ec8f4a26c672fec31,0,0,0,2019-02-05 13:40:47,3581,694,0.2102,4275,38,1,1,112,25,10224.4585,429,130.2062,958
497,96e5a20e0438e158ca98265906a6494838b002bb,0,0,0,2019-02-05 14:39:04,2753,124,1.0382,2877,3,1,16,20,0,63040.5083,36,32.4657,49
489,29838c191bda8bc17bc2bc830a8884d8ff117013,0,0,0,2019-02-05 15:48:18,411,245,0.1626,656,2,1,2,128,20,85279.7142,728,289.8449,5768
498,3ccb63e240a200cc10180a510efb8c75f33ecc6a,0,0,0,2019-02-05 16:12:18,17,12,0.1163,29,1,1,6,55,15,12284.2503,777,320.6351,5718
524,ab39089f00f403d53c2aa32f8b7a87667884d1bb,0,1,0,2019-02-06 09:34:31,262,217,1.7951,479,7,3,2,1032,111,50700.0843,6,44.9864,105
499,3629ab48d0ec1d8b19e1fe2b73d114c962de8564,0,0,0,2019-02-06 10:27:58,45,4441,0.047,4486,2,2,1,42,24,31922.9932,486,202.3545,62
500,0d9b8c4541236c633f07b3babb133f0c27f10110,0,0,0,2019-02-06 11:55:18,25,2012,0.0168,2037,1,19,6,10,3,74258.9112,33,29.5111,77
484,73e4d0ecfd38f5738a9def23ec877b308a409353,0,1,0,2019-02-06 12:39:19,1155,172,3.7765,1327,27,11,3,3,16,54234.5677,62,15.2842,55
502,5f62af935c37c0031e23b600b6d43dbbdbe391f8,0,1,0,2019-02-06 12:59:56,252,184,2.4194,436,49,7,2,65,16,44833.7152,434,89.2122,859
1,83c1cb81e8957c21f72f6c2d7671152b32edebac,0,0,0,2019-02-06 13:04:42,2182,70,5.1646,2252,68,34,1,43,145,26828.6634,1000,710.5,86
0,999ac07ca396d051983c1991a29cc188476b2d1a,0,0,0,2019-02-06 13:05:09,4307,17,4.808,4324,1,18,5,9,1,14335.5762,2,10.2857,16
15,8301ee61347012457a9e25fa9b596bd57938a3c9,0,0,0,2019-02-06 13:45:09,3581,344,0.3912,3925,4,3,1,0,94,11917.3862,378,262.0243,264
10,5b49f17236379ba0afdc6a536bc70c7e7fcd14ff,0,0,0,2019-02-06 14:11:55,6970,7,3.1908,6977,15,5,1,56,16,50535.9297,156,52.8663,74
8,2de2a299056d4ce0d296cd2909b636db532034f8,0,0,0,2019-02-06 14:44:02,127,154,1.0398,281,1,3,6,17,7,14053.4,430,210.3486,209
503,71888a73e52904bf04a9808445afec1913987478,0,0,0,2019-02-06 18:22:06,4779,366,0.2992,5145,6,4,17,1036,100,41976.6289,72,38.42,156
4,4c1eeca509c080cb1cb860943af021e8c2361986,0,0,0,2019-02-07 08:59:38,72,3829,0.5513,3901,2,38,12,1033,1,47918.2161,187,50.9766,45
12,6f9bf064d251f25dded1931627d5af3b3eddabd0,0,0,0,2019-02-07 09:41:21,6970,8778,0.971,15748,3,1,1,1377,6,52666.0612,176,61.7548,2844
16,45be6711b0b00ec851e32f255f2cbfe421762b05,0,0,0,2019-02-07 09:50:26,8,1815,1.6252,1823,2,2,7,827,3,24965.7606,182,63.7626,4335
5,7a6337c4e84f479412780ac4b73df28a3082c195,0,0,0,2019-02-07 11:49:57,78,25,1.109,103,1,1,1,21,1,78979.2796,439,177.5959,368
30,cd9447d935be8b6911dd46825addb6cdc9d2c51e,0,0,0,2019-02-07 11:59:18,448,3319,5.45,3767,7,32,8,1063,117,37918.9818,408,227.1374,773
492,9c0463eabd7fb0a6cd368a62ce73b18d64d080c0,0,0,0,2019-02-07 12:12:51,24,60,0.9958,84,3,2,2,48,12,6791.5867,492,206.2062,606
26,38f1289dde381edf4a4bed1022949acaad953396,0,0,0,2019-02-07 12:17:20,496,443,5.2833,939,7,36,3,1070,113,42000.2895,58,42.59,3064
18,a9e5395e5bd4980e1451b84ae7116746b81ff109,0,0,0,2019-02-07 12:35:10,41,465,3.6595,506,2,18,4,8,5,80524.0541,121,50.3537,162
7,f487d8ca54dc3de030b3332825e3faa028f6e590,0,0,0,2019-02-07 13:47:11,684,1275,0.8405,1959,2,2,2,22,107,85149.7252,93,72.3209,190
14,a5a560297ac28c51af79f6d61c8e0739bd3d7f7c,0,0,0,2019-02-07 14:05:49,25,1275,0.0873,1300,11,5,1,868,9,84193.9529,488,201.936,263
17,73e7bebb04680e965c74a1063aac544fa80f85fe,0,0,0,2019-02-07 14:06:46,519,229,0.6779,748,3,1,6,4,8,36324.1882,458,181.2772,113
22,e6a318c420aceecfa86810db4c280fcb6bcd5a8b,0,0,0,2019-02-07 15:54:07,52,22,5.2833,74,2,1,1,8,1,41845.9847,1000,6.9599,35
11,5e80638e7f3c7938492ad97538a8e7d26167080f,0,0,0,2019-02-07 16:01:20,110,2926,0.3215,3036,4,15,2,0,0,6956.5326,56,575.0,261
28,2044157ac5acd2dbdb184a75ddd3be0be444bb31,0,0,0,2019-02-07 16:19:40,4307,22,4.808,4329,40,2,5,0,0,15857.0716,96,710.5,3360
23,5ff5706c3ce5168b0f447842b90434c722894e5a,0,0,0,2019-02-07 16:55:15,1512,1526,4.7077,3038,43,1,1,1021,5,21367.2025,46,42.8403,120
21,bf75183a2b0acd9b2b514c479d461acce9f15c01,0,0,0,2019-02-08 08:47:37,11,1275,0.04,1286,11,5,1,868,6,82690.0026,207,61.3151,3033
27,47234aabd570211ae82bbe3a5a9da99abfa3a740,0,0,0,2019-02-08 10:26:14,9,17,4.9358,26,62,1,6,25,5,70975.7383,478,195.0171,168
6,6fdbd03674db761f0b686be2ac145bc4022df9a3,0,0,0,2019-02-08 10:29:41,42,124,3.9069,166,1,1,1,53,4,272.4185,498,206.7975,77
25,de353210677b2cbcec30662dc3e9ac623c061687,0,0,0,2019-02-08 11:45:36,2753,107,2.0619,2860,4,3,16,1130,134,63983.9116,167,39.3114,71
31,4de10bb124984a6f6c2c0bd588fd96472633ca12,0,0,0,2019-02-08 12:21:02,165,69,1.5845,234,5,2,5,987,1,14377.6278,224,36.2624,253
24,70f136254d9cc96a3d70efeb0c24d94658d8d3dc,0,0,0,2019-02-08 12:21:24,2814,7302,0.0562,10116,2,31,1,15,2,65443.9201,177,62.1523,84
29,3b1976a5c8df28f737b04a7cb6cf96312d363c7d,0,0,0,2019-02-08 12:35:13,684,1275,0.9344,1959,2,2,1,868,1,82212.2891,156,50.4496,182
490,c548a3d335dc4fcc2c1012a5d3f0f956feff7276,0,0,0,2019-02-08 14:55:44,2651,352,0.3329,3003,87,3,10,0,114,57446.7989,1000,575.0,2713
32,3aa92af9a68015f240c6dcc46313202e78ea5883,0,0,0,2019-02-09 11:12:46,2,17,0.7896,19,2,2,1,1000,10,3459.0756,241,116.8901,445
33,fc7ac3dc7614ca3f9829e9475ea1e419cdc08522,0,0,0,2019-02-09 11:15:32,13,105,3.9069,118,1,1,1,1022,8,191.0098,207,117.4252,463
35,9268c0520a2d4b3e0a4aafeccc55568dcc407575,0,0,0,2019-02-09 20:08:38,124,8,0.0348,132,2,19,6,986,115,76088.4187,23,33.2868,104
34,9d8a2e2607f949f755d1fb5934d55c164f536d27,0,0,0,2019-02-09 20:11:06,196,61,1.0169,257,7,3,1,20,5,68124.5092,45,12.487,3033
36,4fa828810c9c9eeada8ba64e294905e06a90b63a,0,0,0,2019-02-09 20:12:54,182,3382,1.0923,3564,5,3,6,23,7,68038.8558,42,34.7927,129
465,186b8df4155a4c171d71f1c806290bd94374416c,0,0,0,2019-02-09 20:16:25,203,186,1.8916,389,9,4,16,1130,3,63814.1767,17,36.5956,93
19,c58ccf664d1cace0cc2d40f4a62fd986bb47f731,0,0,0,2019-02-10 08:35:06,6363,87,5.45,6450,4,1,1,1243,8,37788.0253,12,452.5167,69
13,95ae323800b49c846658339a1ffcdcd46f03da47,0,0,0,2019-02-10 10:26:24,2753,8089,6.2875,10842,4,38,1,1017,112,62187.1982,56,575.0,3558
52,2004286d29b7971376e778ec763d9c688b41dc10,0,1,0,2019-02-11 09:09:59,339,290,1.3728,629,90,9,2,1047,107,74387.9821,690,434.3154,7331
290,b20e57d29387a84c85836e62b6c02f24fefccd7c,0,0,0,2019-02-11 12:39:05,110,2648,4.808,2758,2,18,1,987,4,15281.7267,105,45.7151,193
58,7db4972b31d8f800e56002fb91214d23e3fddfac,0,0,0,2019-02-11 15:15:01,115,137,0.5911,252,6,3,1,931,1,21434.4445,815,275.0238,108
40,1de854a7fa907c47ecbcd9aee625467e0127f929,0,0,0,2019-02-11 15:22:45,102,36,1.3512,138,5,4,2,24,5,44341.0326,145,65.3313,98
47,638d19672674ace50667cba783c95cbbf4cbdf4e,0,1,0,2019-02-12 09:12:03,169,228,5.2754,397,2,1,6,15,5,72218.5812,43,40.5724,70
49,8f4534432f380be7a4b0fb6e7d80ad7085f6ab4a,0,0,0,2019-02-12 13:16:45,9,40,0.9651,49,2,2,1,35,11,8073.9656,41,35.8567,67
53,c7d4e85765529189d759c7bed44507ba1ccacdee,0,0,0,2019-02-12 14:51:01,1361,105,0.2061,1466,51,24,1,1050,126,17171.4334,795,323.8225,5793
45,dbb175539a959a09bc8aefa20b3f7971d0b54627,0,1,0,2019-02-12 14:58:36,193,172,4.6154,365,22,20,4,256,59,36223.2272,809,380.1141,7072
39,9839126b7d05eb4b6966e77e0893fb09b445803f,0,0,1,2019-02-12 15:03:54,56,1526,4.7077,1582,3,2,1,1021,7,22072.243,512,220.7959,166
64,3ff8d9c698f3ef80525b80c304372db81f293ed2,0,0,0,2019-02-12 22:27:05,308,220,0.5137,528,3,4,3,1045,101,50993.6398,730,318.407,6185
38,8c3e85e03a464630e4f9a07e78ee7db27fe0abf0,0,0,0,2019-02-13 10:49:24,8,2465,5.2833,2473,76,2,1,1177,2,42470.7147,492,208.7178,299
55,555de0cfe471946e55d012d298ec59596d4a9a88,0,0,0,2019-02-13 13:48:28,73,3382,0.728,3455,1,19,6,2,2,69196.0098,46,20.0192,134
48,356e8005b750444ff006c18cceedc2588de6105a,0,0,0,2019-02-13 13:53:34,2467,3382,0.7253,5849,3,2,1,82,18,68965.6666,50,42.5812,114
308,f9532cba36c04fbde7e6956a0813ba260ad96953,0,0,0,2019-02-13 14:52:26,26,34,3.0268,60,1,5,2,15,4,84678.5283,17,32.7531,23
59,fcc91ebd0c9bc0a79b3b2ea9c264af78a88c49ea,0,0,0,2019-02-13 15:02:41,124,8778,1.0129,8902,7,3,1,1377,5,49562.8497,35,20.5142,58
57,9bf4ea9d04b6dd605d875e675a9ea225b623f258,0,0,0,2019-02-13 15:55:24,32,179,0.4124,211,84,1,9,13,150,62478.4537,748,325.4659,6173
69,3a92a8732465219db3147dd5625e71e9838146e9,0,0,0,2019-02-13 16:06:46,3439,111,5.9636,3550,5,5,2,975,117,41789.4523,738,321.5345,6226
62,c66e0d5de1fd8a1e94a19017f0effbc1cf5b89c2,0,0,0,2019-02-13 16:12:00,41,22,1.0957,63,5,5,1,51,15,17980.8429,773,349.3252,6103
68,70fd9939e911a6de098adc4a3142a8d994e2ad90,0,1,0,2019-02-13 20:22:17,374,139,2.0324,513,7,2,1,84,22,68895.6707,16,43.7452,3033
72,3fa4a46daf3c3197bee6637f851b0f297efa3fcb,0,0,0,2019-02-13 22:35:27,5613,448,5.6438,6061,98,38,12,0,114,47021.6108,85,710.5,244
73,0446b6780e3eb0d677e25d75ac329825a598612d,0,0,0,2019-02-13 23:24:35,33,178,2.5,211,6,6,1,898,0,3323.6049,1000,710.5,3033
88,02ff4bfe90d8e8b896c9f1a1bdbe8d43a48f5de7,0,0,0,2019-02-14 00:00:16,4779,296,5.2833,5075,7,6,1,0,0,42218.6011,1000,710.5,3064
63,7c0989bf52ec23147a4b61d94fe878a11ab42cd0,0,0,0,2019-02-14 01:42:22,209,83,1.4699,292,9,3,17,20,7,43559.3377,9,7.913,27
43,611c2ec3787e2e7a013020ace6162ccbe53743c7,0,0,0,2019-02-14 10:15:02,2573,1794,0.6925,4367,2,2,2,29,21,69161.8797,744,356.3973,6392
9,6f023c8f72bc2c8d2181885ffd1c08edab446758,0,0,0,2019-02-14 10:51:34,4307,2648,0.1172,6955,2,1,5,20,0,15009.6897,175,42.8765,3360
81,b60ebc5d8d8e8b2d8ed8e8ab78934c5bbf75edb6,0,0,0,2019-02-14 15:55:13,544,4441,0.4696,4985,9,5,2,944,117,31792.4901,1000,110.0749,248
74,cd60ed8d25f32831b3ed53a5d9d770b5b37d90e0,0,0,0,2019-02-14 16:58:07,179,182,3.0646,361,1,8,1,29,5,14985.6103,790,366.6501,6368
78,915f285303f517b60543af2ee5ab03594a11b54b,0,0,0,2019-02-14 17:07:21,96,105,0.1864,201,1,1,1,12,4,16036.3161,795,309.7743,5716
65,2b38db6178b934fbb5835f8683e5c866b81d799b,0,0,0,2019-02-14 17:37:52,56,101,5.0588,157,51,24,8,1050,10,17437.6221,737,311.3357,5843
75,5d958bced9a97f4c726d54562afe6c6fbb2519ed,0,0,0,2019-02-14 17:38:21,64,27,0.041,91,4,3,1,17,7,1801.6453,773,347.1229,6103
76,ca94fbcd444c6d36e7c779def6f364c69f1cf40d,0,0,0,2019-02-14 18:10:22,6363,3319,0.1068,9682,83,32,8,1243,7,38495.6236,241,115.2823,369
265,00fe8a01192a523544d3868360a924863a69d8f8,0,1,0,2019-02-15 02:32:18,276,3382,1.9196,3658,6,3,6,34,12,69676.2418,15,8.7102,43
83,b0165c957148d76e050b3555c1f12567a81fd4cf,0,0,0,2019-02-15 09:20:27,880,5083,3.9069,5963,20,0,1,861,95,1664.0843,115,57.6131,3033
56,730eed71ef3f718d61f85d5e94b1060844ca56db,0,1,0,2019-02-15 09:26:57,288,4441,2.9444,4729,18,12,8,89,29,30672.0914,46,710.5,3632
70,f580369dba3c5d5d1546ee7566d5fae3b61d74a4,0,0,0,2019-02-15 09:54:46,5,1,2.5,6,1,6,4,6,3,4051.1549,199,58.2408,3033
86,bd60104dc1d641bb597d61db992c9367563c4389,0,0,0,2019-02-15 15:23:02,491,85,1.9443,576,6,5,13,1377,6,49247.376,174,65.8705,67
77,c2a443a8c4f2ce8ee3d51e60f667823a9075861a,0,0,0,2019-02-15 15:43:32,103,193,0.4762,296,2,2,1,34,6,11695.3219,744,351.1879,5876
85,05e023976ec8e5b92200f9d177c8b2e7f67b0577,0,0,0,2019-02-15 18:52:11,3581,62,5.1282,3643,38,1,1,80,14,10086.5,12,37.4049,83
87,11972e1194775992ba42a28a537ea6ad4ba606fb,0,0,0,2019-02-15 21:17:49,106,465,0.0558,571,2,1,4,871,108,80368.0643,6,47.9174,120
61,ecc4f57dd9ee1244c2ffec3cb78a7e97933b8da7,0,0,0,2019-02-15 21:18:49,23,78,0.038,101,1,1,1,55,14,8847.0922,22,22.7937,9
89,571c73928ebba94a7ac05c41b850931045cb4eb9,0,0,0,2019-02-15 21:58:32,1512,42,0.0936,1554,43,1,1,27,1,21656.7784,16,19.1859,122
90,63468c09938755445b166173a5abd7962d531cac,0,0,0,2019-02-16 09:08:16,880,5083,3.9069,5963,1,1,1,29,7,1119.0596,21,26.0535,2
92,869a53207a2d1324b006431c186f294cbb1d7226,0,0,0,2019-02-16 09:10:46,1,6,2.5,7,6,1,1,10,1,4409.9212,55,32.1149,74
84,97b5d3c17de246967e6d2d83fe1c2abe538cc247,0,0,0,2019-02-16 09:12:22,148,8778,5.8891,8926,80,44,13,92,13,52539.3209,9,48.9272,111
91,71ccda65e0f183e9de5aa2e34ade263ff1e8ae83,0,0,0,2019-02-17 00:26:46,150,238,6.2875,388,2,38,16,22,6,61386.9816,27,31.1723,3558
93,8bf043a7f78d73ac3524a536a991272928268aa5,0,0,0,2019-02-17 00:35:21,2985,12,5.2754,2997,1,1,1,17,6,74904.8827,35,40.0526,16
95,c54d9a64cb77cb7c862df6565eec209e5a3694eb,0,0,0,2019-02-17 00:51:43,100,65,0.4706,165,79,2,8,62,12,52987.9109,53,28.5462,2
79,991a55954c8a34816149c3e3e8d4dc924a3ddcd5,0,0,0,2019-02-17 01:05:12,6363,15,0.0415,6378,3,1,8,41,13,38686.6271,49,29.3238,3033
94,1e194077ff924c2d71f8fd60f40d0f85b3fb4de5,0,0,0,2019-02-17 09:48:07,4779,2465,5.2833,7244,76,36,17,73,14,44984.7426,45,23.3102,20
96,4eabeb9ae7e3b96a3a9490aa12f9016ea9ecc768,0,0,0,2019-02-17 12:19:10,43,901,0.1045,944,90,11,1,84,17,77040.084,778,352.7508,5841
80,7628d16aff75fd9ddc325e23f5f43c824258c1e5,0,0,0,2019-02-17 17:57:34,116,6953,1.1414,7069,6,6,12,218,27,24794.7879,773,351.9799,6172
97,3755bc9493f373ffdb81aab23cdb5b7c03885795,0,0,0,2019-02-18 09:01:43,3017,1618,1.4528,4635,7,1,1,99,18,58674.5793,742,330.2347,6068
98,ef45d34b0c5c8924114538b79b71a7ad7320da15,0,0,0,2019-02-18 09:06:11,46,680,5.0588,726,5,4,2,998,102,19992.0392,736,305.8334,6662
104,0ac4bcfba03388837d2a76e08551266ae2185fe3,0,0,0,2019-02-18 09:39:06,880,105,3.9069,985,20,0,1,938,95,2172.0,1000,113.3739,338
110,4870fe5690258b914676b3f74352a47fc916b64e,0,0,0,2019-02-18 10:25:13,3248,267,0.994,3515,2,4,2,2,110,28290.9888,749,349.9481,6479
99,c4e7062728dbd75e5da4cda8b2ec375541e3a27b,0,0,0,2019-02-18 10:36:53,75,766,3.9069,841,20,9,1,873,0,2172.0,873,432.7339,137
44,c51787c9913cd001d15328237c2a00c8fcf6f0e8,0,0,0,2019-02-18 10:39:19,5298,728,1.7137,6026,8,1,2,1006,105,53278.2152,739,349.2395,6565
107,8e0546eaf1c449bd3b131299005856d6e98c1310,0,0,0,2019-02-18 13:02:43,880,1103,0.5368,1983,20,2,1,0,0,447.9054,1000,710.5,313
100,dff98462ea524515f823882a83d12c8676785716,0,0,0,2019-02-18 15:07:38,1361,38,0.0792,1399,1,1,1,1050,4,19988.7272,765,345.3421,5888
82,1d1a6a389423f80517150f2dd53bd2e93373d781,0,0,0,2019-02-18 16:31:48,44,2003,0.1019,2047,2,2,1,1106,10,26505.2309,1000,710.5,4393
106,d5d45c8cc5924a6f387009eb6d0d053106055c3b,0,0,0,2019-02-19 06:08:03,630,8089,1.4572,8719,5,4,16,1130,134,61748.6252,209,120.5922,372
115,7621c57eb199f7225f5d9a06aee52914f6896780,0,1,0,2019-02-19 06:33:36,1316,140,2.374,1456,5,3,1,1377,7,49697.6983,204,136.8605,270
103,c93eff6de0bee4804f57f2ee4d7431f4ba0a4963,0,0,0,2019-02-19 09:17:55,8898,2113,1.0133,11011,8,7,4,76,29,36174.9574,29,27.5958,2713
114,d3b1d18065bc7faad62cc584cc78c2f3edc9847e,0,0,0,2019-02-19 10:31:52,3017,64,4.5011,3081,3,37,8,159,15,59418.1871,737,311.4546,6180
117,c58a784f07d6cac3009636dcd4ec0dac6906908e,0,0,0,2019-02-19 10:35:42,411,245,2.647,656,1,5,1,0,4,85862.0018,737,354.0231,5812
111,f3758f3d2f898706bd3cb40699e3df75e34f112d,0,0,0,2019-02-19 10:53:00,35,170,0.1055,205,2,3,4,1130,9,74620.8069,781,349.8342,6110
116,b9cd88a79c58810c95b078560168e3ab80d42093,0,1,0,2019-02-19 11:07:08,69,33,0.0273,102,1,1,1,5,4,1983.998,749,328.4955,6109
118,69bf1d6a2b8c5f922e5860ca341a0a40332e10ca,0,0,0,2019-02-19 12:00:06,122,210,1.0152,332,1,2,2,38,8,13338.5544,183,112.6355,309
102,735b5141f14bc56a0c88d792b8413bcad42f0ce3,0,1,0,2019-02-19 13:05:11,1405,1184,4.6959,2589,56,15,6,0,127,60847.7434,1000,575.0,425
128,f22dd5b0a26d85d5bbbb2adbd41855458e83ebc9,0,1,0,2019-02-19 13:33:27,1263,8778,3.2054,10041,19,11,3,284,41,50657.1111,1000,28.7924,2844
126,c9e392b53b48c8ae0b189905a9b4cf878bf741e4,0,1,1,2019-02-19 13:51:06,163,226,3.3775,389,26,7,1,282,54,35566.3395,790,363.9822,6583
123,a54f8c8604db181ec2452c064fb6aa87f7651b2f,0,0,0,2019-02-19 14:53:51,410,16,0.0446,426,4,3,2,20,7,3585.5623,792,308.9501,6185
119,22f7aeff8717306403d98a17eddc6be6e21dd14c,0,0,0,2019-02-19 15:33:10,1759,1815,4.6287,3574,2,2,1,827,3,24738.1973,10,41.1869,137
67,091f4482d70dc8b6f9de77672346ca063f37ae29,0,0,0,2019-02-20 02:35:40,2753,8089,0.4987,10842,2,1,1,33,2,63359.0937,1000,12.5219,3558
120,52b49c8c38b5c3bf86db723c0e4a125271709750,0,0,0,2019-02-20 05:14:45,684,45,0.1097,729,1,1,1,868,3,81545.8013,258,144.8436,226
125,2f6fbb5ad792a8ff7d0af5a368aa27480f18e402,0,0,0,2019-02-20 08:46:06,32,117,0.322,149,2,2,16,4,9,31069.493,19,31.119,102
131,db98eabf76fe35201b18a85fee9dbc13e2dd3379,0,0,0,2019-02-20 09:11:59,3,25,0.6939,28,4,37,8,2,8,58543.232,738,320.1386,5825
108,337e16782b983e4bd203f670362825d2a0bebe0f,0,0,0,2019-02-20 09:23:44,11,12,3.0268,23,11,5,2,11,0,83805.6627,232,131.0837,340
129,d23704d9ca58f4866840f63ced1aef21dff10436,0,0,0,2019-02-20 10:26:04,1759,52,1.9875,1811,5,5,1,172,27,23020.8533,6,3.1322,298
130,773f711ba45bc7388453980c258c2501ad014fa3,0,0,0,2019-02-20 10:38:21,3,35,3.0268,38,11,1,1,27,7,84683.1144,1000,575.0,28
122,ce49a9040d255ebda3dd3b4512c9d9b00746ac12,0,0,0,2019-02-20 10:55:58,94,1618,1.9814,1712,2,4,8,30,5,58518.3277,741,352.3539,5905
66,397c9c60e9d24556945d9c59507bfb0dbd6e31a6,0,0,0,2019-02-20 11:12:30,85,421,4.7643,506,1,2,12,46,12,26096.5472,745,353.7841,5731
140,c9f7282219221bf8fe920efb49766a85ce5a0ca8,0,0,0,2019-02-20 12:30:10,75,19,5.1282,94,2,14,1,1002,4,13520.4787,364,126.546,437
142,dd34f5e7fa558448d3ff5fad80e9f3fa410ecfc0,0,0,0,2019-02-20 12:30:49,21,5083,0.0883,5104,2,1,1,1022,4,2172.0,408,119.9855,590
143,ba5c495ce02da7738e4008fdcefacd1194b871fd,0,0,0,2019-02-20 12:31:38,2985,28,0.122,3013,2,1,1,27,5,75655.8799,368,100.656,594
145,a9ca80bbad96188d81a15dd7da5d7bc0814c0d1d,0,0,0,2019-02-20 12:56:14,4779,24,0.9672,4803,3,4,1,32,16,44081.6895,8,7.1629,57
144,5095853a50424be5cfe5f2253e07c6e32dcf0ff0,0,0,0,2019-02-20 14:20:35,44,12,3.6595,56,51,18,4,871,7,81018.3082,362,122.6945,486
146,96a0196449927338e6107d49c3329d88f91f020b,0,0,0,2019-02-20 14:21:07,19,5083,3.9069,5102,2,1,1,1022,1,2172.0,365,124.3419,446
147,754cdaec788743c4caa3dad22996fbde05e704e3,0,0,0,2019-02-20 14:21:54,14,1526,0.0939,1540,2,1,1,26,114,20213.8634,409,85.6419,420
150,8492bea585a89385b8f9069ff825ed2de940c68a,0,0,0,2019-02-20 14:22:37,15,2926,3.182,2941,24,15,1,989,9,6586.5081,367,99.333,442
141,69969409857f11e97cb490d083ab54cc24596b7c,0,0,0,2019-02-20 14:26:06,25,5083,3.9069,5108,1,1,1,37,3,273.7124,410,122.4923,578
151,17ebd5fac8650c6a123d813a3c201ae1ac77f572,0,0,0,2019-02-20 14:33:14,168,97,5.45,265,83,32,1,40,7,37410.8888,833,18.3125,102
148,5f5b043d26f82c42453f3eb5695d49f809f63c1a,0,0,0,2019-02-20 14:37:27,186,279,0.1209,465,3,2,13,1377,1,50981.6597,26,58.4458,2844
154,cf65720aef60fe771833a96de4d0e2d6a9d11725,0,0,0,2019-02-21 03:13:09,94,51,0.089,145,3,19,1,22,115,74436.8613,203,107.6406,265
138,04ede2c66cb030a162436a1f6b1317fa4bdf34df,0,0,0,2019-02-21 03:22:26,9591,1143,1.9159,10734,3,3,8,32,2,55522.1224,205,115.36,256
165,093ddc1c27fddd4aae846ef28af938ae38c72c39,0,1,0,2019-02-21 09:21:16,63,1143,2.2197,1206,29,10,4,371,56,53187.6824,59,34.1852,204
135,178fe6b6784b9c7e055f9f2617bb6a2772980543,0,0,0,2019-02-21 10:16:11,81,106,0.093,187,50,2,6,1020,2,66319.0339,156,52.6678,213
153,5701a20e9f719784dd5c217dedb7570d7b1f6924,0,0,0,2019-02-21 10:54:37,24,42,4.6287,66,59,32,7,16,127,23357.1884,1000,710.5,4335
37,22a7eccacc6b5847ac96f791378ecf7bb25d03d0,0,0,0,2019-02-21 12:02:04,21,0,3.6595,21,2,18,4,21,5,78010.1109,23,22.7705,55
133,6051f5cb0dccecca24b2edb7065eabc5ea1b7bec,0,0,0,2019-02-21 15:26:33,1512,1526,2.0746,3038,3,2,6,1021,10,21646.4366,43,710.5,116
139,b54fb2e6262d07f7f9672f6fcf0e0b7d57f5be37,0,0,0,2019-02-21 15:32:19,92,2465,1.188,2557,5,4,2,25,4,41371.3406,177,70.7522,942
127,edebb108d0d0477efba81e55b07339755739dd39,0,0,0,2019-02-22 06:20:11,100,107,5.45,207,8,6,2,178,30,37343.3706,12,4.5243,248
157,971c5633b63724c6627c3d2b344172889a72aa75,0,0,0,2019-02-22 10:38:45,62,2012,1.078,2074,70,2,6,14,4,74325.6618,1000,710.5,36
155,ba089aa59330644d4f4a00227cd2bb58e404894c,0,0,0,2019-02-22 11:20:50,317,2952,1.2184,3269,6,5,2,9,5,49963.3284,778,318.9544,6115
160,ce71fb5e7e8b7a5421cd4bd15264273facd9986d,0,0,0,2019-02-22 11:21:31,40,32,1.9994,72,1,3,2,25,4,105.3468,775,347.9315,5902
162,af692899350b75b4bfc25e1460c8f924507cda84,0,0,0,2019-02-22 11:23:12,410,44,0.1427,454,4,1,1,110,1,3490.932,795,377.1972,6598
149,6b9b242988254d3adb28ff614b37d0874cf22ba7,0,0,0,2019-02-22 11:24:04,158,1162,0.2169,1320,76,22,1,32,22,62480.6136,799,302.5017,5838
158,09568bd30415c92b4eddacde38d41c595474e178,0,0,0,2019-02-22 11:24:55,410,386,1.9994,796,1,1,2,24,7,345.6621,740,354.786,6124
166,1b5a25178789945d63356bd6f923051e8c7fec4d,0,1,0,2019-02-22 11:30:28,1048,2113,2.1691,3161,21,17,2,442,60,34581.0792,1000,35.8615,2713
161,6f1e9142f85ac21b28410b8a429029549058db40,0,0,0,2019-02-22 12:36:48,469,48,0.9118,517,2,2,1,35,5,2349.3829,1000,23.3536,3033
159,d049d3a3ecb300748bb8c668e4a8f13ca999034e,0,0,0,2019-02-22 12:40:18,20,49,0.9194,69,2,2,1,24,5,2535.2302,1000,710.5,3033
202,5db40c3b1e2ddc0791b7ffb730640b6ab343dffd,0,0,0,2019-02-22 13:34:40,4779,258,5.2833,5037,76,4,3,910,117,41671.9043,48,45.0797,3064
179,3bf06b9dd3dc66dcfdeccaaa591ace41ea51e343,0,1,0,2019-02-22 19:16:41,2998,1126,3.5586,4124,54,17,5,102,36,44299.5148,44,52.4707,381
167,d954b2541f965684f14c1ffe24755d44bad0cb2e,0,0,0,2019-02-25 03:59:56,48,37,0.0951,85,4,1,2,19,134,60185.3633,198,113.8999,313
169,154bb6e880af890a94a1a035e58ce00796022740,0,0,0,2019-02-25 04:02:04,2467,3382,4.9358,5849,2,1,1,23,5,71195.5597,240,117.3278,239
164,cc22268e14a4097535e660bb49f09a9ba698a49b,0,0,0,2019-02-25 04:32:25,1961,61,0.065,2022,3,2,2,871,3,79535.8121,197,105.6258,423
121,607081782471e0989432c1fce3c592f4d79a3871,0,0,0,2019-02-25 08:15:48,1340,2388,4.1992,3728,20,30,1,39,3,58471.0896,1000,18.6201,2713
170,852f87638af54536cb6dfed190a250aca0ebb12f,0,0,0,2019-02-25 08:18:25,2467,104,0.0941,2571,62,19,1,21,119,68952.1124,247,114.352,313
173,fab31b27d7e9f2b529936acbd39b5011778822b6,0,0,0,2019-02-25 08:22:16,1759,86,2.1283,1845,3,4,3,827,1,25225.083,183,110.4424,358
184,435807e51cec99e1114277ee28f7672dd4676588,0,0,0,2019-02-25 12:05:37,5613,95,0.5812,5708,1,3,2,1033,9,48028.1099,157,44.9249,979
187,c0149ba98c00b5d4f0c0896135bc735e0579cb9e,0,0,0,2019-02-25 12:06:43,23,76,0.0569,99,50,31,1,1020,0,67600.7291,151,52.047,759
272,168660ab29a1bc45a75d9b8360c3ef857ee70883,0,0,0,2019-02-25 14:52:53,73,2648,4.808,2721,40,18,5,987,4,14359.9561,151,49.0275,44
180,34aa3f5ac9e5efb4d10680dd885ba1bf2f81b7f6,0,0,0,2019-02-25 16:48:50,84,1526,2.6055,1610,5,3,1,1021,2,18659.9582,156,30.8376,3393
188,1f1cc86a82f5e32490722bc01ef7071b9e24c6a2,0,0,0,2019-02-25 17:19:29,183,23,0.9647,206,3,2,1,31,5,3449.4715,221,74.0383,116
175,cd8857ba20e725a2c1b226488e9c88459674acc8,0,0,0,2019-02-26 10:21:19,45,127,0.0436,172,50,1,6,27,12,64403.6819,18,39.5109,76
183,eed09094a7d241ecede75034b42a54245027145c,0,0,0,2019-02-26 10:48:27,52,7302,4.9874,7354,1,31,1,10,7,66037.941,25,35.3141,24
197,5806ab8f32a957781711acab5fc95289fe817b00,0,0,0,2019-02-26 14:49:42,2753,8089,2.0987,10842,6,3,1,7,5,63313.6789,11,6.1289,22
177,7a5f047e7a6ef37dd33abc3c9e9533fbf593a5be,0,0,0,2019-02-26 15:53:14,6970,8778,5.8891,15748,80,44,1,21,0,50400.6269,4,710.5,95
186,4c6be5ac85d22b57550c6a55837149234125bce5,0,0,0,2019-02-26 19:52:12,444,44,0.3726,488,5,3,2,3,2,34732.8861,13,45.0188,138
193,1c36d22a7c51e080dcf6766c71677741a1c68194,0,0,0,2019-02-26 19:59:36,149,190,0.9159,339,5,4,6,27,114,21944.9134,1,16.2382,155
185,b2ac45b5662c759ea15f51219606ea906054155d,0,0,0,2019-02-27 03:25:39,2814,71,4.9874,2885,50,2,1,12,0,67213.5059,209,132.0577,357
189,108a90afa8b47e002b976acc74c4062c3bfb9eec,0,0,0,2019-02-27 03:51:41,2467,3382,0.204,5849,1,2,1,916,2,70727.5603,209,133.1835,251
199,17c07ac2a3695ebe2e220c04420f4da0f1a98bed,0,0,0,2019-02-27 03:55:30,187,170,1.0667,357,4,3,16,20,10,30099.7281,241,137.7122,142
181,14aae5937e27a9df806dc6cce9bcb88c9188802b,0,0,0,2019-02-27 04:10:08,81,35,0.9126,116,4,18,1,871,5,77634.7131,243,111.2037,63
214,cb91548101091af372c6324c1bbd87410cfc5b5f,0,0,0,2019-02-27 04:13:21,294,8778,0.1921,9072,4,44,13,1066,103,48979.5833,265,152.8855,2844
194,2e924a17115045abbc1df6e156c7e346b7ffd02c,0,0,0,2019-02-27 04:45:29,115,2012,0.8136,2127,70,2,1,986,11,73980.4701,244,105.7568,404
172,651ebf4de46eeff3f45cca8c1861d7f516a75816,0,0,0,2019-02-27 08:59:14,4779,2465,0.0799,7244,2,4,17,16,5,45000.4468,237,117.5795,46
190,459fd929399ad6c80535255eefa278564ec33683,0,0,0,2019-02-27 09:02:05,64,46,0.0695,110,4,2,1,25,5,41065.1264,242,112.0417,356
196,492d1d40100b1297281408bf0d83b6db5378b9cb,0,0,0,2019-02-27 11:37:52,66,7,1.283,73,2,2,6,1002,4,10160.3033,24,575.0,3033
176,38f7a9c6393f39fd228a009a158a2ff2331aa8e8,0,0,0,2019-02-27 11:54:54,32,28,0.1233,60,2,26,1,29,114,19358.5659,244,112.4926,221
168,8b8dd8031819336200005e690ca66deaed5b1268,0,0,0,2019-02-27 11:56:19,164,33,1.8097,197,6,3,1,24,0,25141.3199,201,109.1555,239
174,7c95643f6c7570b700b00eea982581d3d57ab935,0,0,0,2019-02-27 20:08:50,147,2012,5.2754,2159,70,1,6,986,115,76167.9937,37,30.228,68
195,2a60cd7f865c5ef22452d34c673deba543200676,0,0,0,2019-02-27 20:15:13,133,2012,0.0668,2145,2,1,6,10,115,76554.2106,22,31.6547,49
191,cb3ffca1627981cfdb27db6ee0976ef44d73fe1a,0,0,0,2019-02-28 05:54:08,118,3829,5.6438,3947,3,38,1,23,21,48900.4118,14,710.5,98
198,33ec4f2f97cc726860859ba3503a35a6997f1854,0,0,0,2019-02-28 06:19:02,2182,75,5.1646,2257,68,34,11,1106,16,29202.8249,19,21.5524,155
222,937c0dbc446e4c14c16fb5cb2aa64e375aa63548,0,0,0,2019-02-28 09:28:21,1512,24,4.7077,1536,4,3,6,968,1,21898.2853,304,64.7908,356
416,572b9d6250b8bcdd5d9968ab12a223a3daf762f1,0,0,0,2019-02-28 09:29:29,83,673,3.9069,756,4,2,1,0,95,2172.0,151,207.0126,294
192,b4593e52b4eb1dc35ab96615a0de0f3568cab7ce,0,0,0,2019-02-28 12:24:49,9,21,3.0268,30,1,1,2,868,5,81349.0,1000,4.4883,3033
204,237d07c76b51c171f0f41f9f82d777df26da1dd4,0,1,0,2019-02-28 19:02:35,1609,782,3.3259,2391,24,14,3,155,29,53515.9071,41,575.0,263
201,19570c6c2938628a7e44c6f2bf3ce7ec04959ae6,0,1,0,2019-03-01 00:11:50,564,3829,2.3751,4393,6,5,12,23,20,48357.1831,28,14.2875,3475
203,d6b94e83bb3db0e0a65a8e1722aa0dec51cbcfd7,0,0,0,2019-03-01 02:24:23,5613,41,5.6438,5654,98,1,1,1033,3,47666.036,232,135.5708,257
205,76f979b7d35125b161e5cd71a948b969aa712ef8,0,1,0,2019-03-01 03:14:38,3704,3319,3.8562,7023,15,3,1,1243,4,40281.887,833,29.283,175
208,04c21dd68a5a25b54584e28276f701d9297b589f,0,0,0,2019-03-01 12:44:17,10,5083,0.0405,5093,1,1,1,14,2,323.2855,76,29.0938,67
207,64e62376536fb9487487b0c6f8190efb5b37246f,0,0,0,2019-03-01 12:45:07,46,14,0.0467,60,1,1,2,868,5,82394.0506,61,44.9699,55
209,11a8234b50586d476371c64f9d751e8e65fdad0a,0,1,1,2019-03-01 15:26:48,172,32,0.9428,204,4,3,1,31,6,48381.9245,769,352.9817,6112
206,9ac14a6048982d5bdd19379114ef109483c2abce,0,0,0,2019-03-01 17:06:38,3581,22,0.1862,3603,2,14,6,129,24,11826.8695,68,10.2798,99
211,91a53838b60cd77cfef40f16cce8324c5c24ca82,0,0,0,2019-03-02 00:35:19,5665,13,0.008,5678,71,1,1,15,9,29727.8168,1000,710.5,10
217,b28e434b4d7a9a419d4bb23d90af95c7d4f44c7c,0,0,0,2019-03-03 00:14:32,14,49,3.182,63,24,15,1,40,20,6391.0485,1000,575.0,72
216,cf49c732f5c4aba3d924d4ec5c4007b2a241c795,0,0,0,2019-03-03 09:43:09,45,87,4.9874,132,1,31,6,12,4,64773.4279,79,30.4869,53
221,eb683e5db2f8eafc927f7c77579cf1109375479a,0,0,0,2019-03-04 02:36:23,17,38,0.2189,55,4,3,7,11,3,25494.9858,1000,710.5,73
212,c4786e8519c6394ffccadd661c8462108c70cdc6,0,0,0,2019-03-04 09:43:00,2784,1162,4.8422,3946,76,2,1,818,10,65510.5724,726,309.4876,6130
218,c6f3dbc3c85a438e6de04109d730f1cd849acf4f,0,0,0,2019-03-04 13:54:22,127,67,1.7301,194,4,2,1,42,22,30044.3738,24,15.7296,60
210,9c329484f9e8da58b3f0ac4e48348ba3e781dd08,0,1,0,2019-03-04 14:27:08,9591,25,1.5216,9616,3,3,3,86,21,56422.2256,30,575.0,117
