Unnamed: 0,commit_id,tcmt,bugcount,fixcount,author_date,la,ld,ent,churn,nf,nd,ns,nuc,ndev,age,aexp,arexp,asexp
6098,a322a829a586cf03685152f06cc7025d66062202,0,0,0,2003-09-11 14:54:46,30,3297,0.0477,3327,60,19,1,12,60,52629.8612,63,41.7181,493
6092,8169b159895f5f727287f6dff351e61569d03f48,0,0,0,2003-09-11 14:55:37,19,3297,4.5298,3316,2,19,6,1038,60,52023.2089,603,217.3391,11820
6097,a93ff66772451264ef054ed19e98448d3f01953b,0,0,0,2003-09-11 14:58:05,3742,18,0.0134,3760,1,1,1,6,4,86377.0,44,50.4582,440
6100,fae44a3dbc26273587a40250d4fa94ff8b2c22a9,0,0,0,2003-09-11 14:59:22,3742,12,4.5298,3754,1,19,1,7,4,86377.0,42,45.4147,361
6095,87578c39d8d55b8eab63b497391eed80b50120f4,0,0,0,2003-09-11 15:03:45,3742,39,0.0337,3781,2,19,6,1038,60,55242.9756,67,41.5765,588
6096,b9a41b6d1eb59897187c91fbb45526ef347fdeae,0,0,0,2003-09-11 15:06:24,52,3297,4.5298,3349,1,1,6,4,3,535.4671,53,50.0641,461
6102,1b3f8b9f8a7432daa6f9b49f4a703fa1097e96c4,0,0,0,2003-09-11 15:43:56,3742,50,0.5359,3792,1,2,6,1038,6,86377.0,31,41.2925,518
6106,8b51c36c2360acfbbe7b2b572121f6d447b82a07,0,0,0,2003-09-11 16:01:27,3742,66,4.5298,3808,2,1,6,13,60,58742.9961,598,215.8722,12330
6094,6ba7af92409900eb55e0dd46c9b71ea535357feb,0,0,0,2003-09-11 16:07:46,88,3297,0.5681,3385,2,3,6,1038,7,37638.0847,595,232.5854,12305
6105,f9687e8b03815eb10e960906263f058524e5b880,0,0,0,2003-09-11 16:17:37,3742,3297,0.8878,7039,1,2,1,22,5,28869.5314,600,237.588,11816
6108,422e8974e233d8e687d9be6bc5f75743478980be,0,0,0,2003-09-11 16:35:38,3742,3297,0.0142,7039,1,19,1,4,8,1315.3663,42,49.1437,450
6114,192b631e7be302ecde822546ba70a9853ddbda01,0,0,0,2003-09-11 16:37:42,3742,48,1.0678,3790,3,2,1,15,5,1955.3344,62,51.6,285
6107,192543f43bf728e3ed887744fa0fcaf33dc460ed,0,0,0,2003-09-11 16:39:12,3742,3297,1.0576,7039,3,2,6,13,5,86377.0,27,42.1425,614
6113,bbadbfd40824d8491df547a8b20f790830ee94a7,0,0,0,2003-09-11 16:45:19,3742,46,0.93,3788,1,19,6,13,7,1021.0494,59,43.1494,566
6116,a6ee72a353768d98a43c2f0bd3ac3b1546414b91,0,0,0,2003-09-11 16:48:47,3742,21,0.0252,3763,1,1,1,7,8,86377.0,39,46.1317,459
6101,af40753aee0a0369706de26c0ab8dd5c7bd0b95c,0,0,0,2003-09-11 16:57:54,3742,28,0.9496,3770,1,19,1,22,7,86377.0,70,40.5828,246
6115,9d244e987eb3611331b3cbebb1e936ae5e70862e,0,0,0,2003-09-11 18:17:37,108,127,0.1108,235,3,19,6,34,8,2627.7837,613,216.5377,11863
6120,e71542f9a8ed01a1ef4e21a53482a0fd2d54b62f,0,0,0,2003-09-11 19:33:59,3742,3297,4.5298,7039,2,1,6,1038,60,86377.0,605,233.9579,11604
6110,45504114aa13670726bd204e29c3e5a8bdc356f4,0,0,0,2003-09-11 20:04:11,96,3297,1.482,3393,3,2,6,1038,11,10801.3407,62,50.3931,488
6118,65f8c34b408ec4ca6ce16f35dfd47dbb100f978e,0,0,0,2003-09-11 20:12:09,58,3297,0.2343,3355,2,19,1,3,8,86377.0,54,45.3412,482
6123,51286f1559f59473a50379eea8ac4e4fac34f0f1,0,0,0,2003-09-11 20:24:11,12,36,1.0351,48,3,1,1,21,7,86377.0,69,52.6108,557
6121,eb885b0bdbf61bb0a8f37bc4dd4248c4beb9d2e3,0,0,0,2003-09-11 20:58:07,3742,12,0.0118,3754,60,19,1,5,4,578.6757,53,50.1604,446
6130,4fb3f2922e3aef0c494c315241826a7c9cb8e371,0,0,0,2003-09-12 10:02:58,18,3297,0.073,3315,60,19,6,1038,1,34507.9196,607,219.7517,11911
6126,e2c6289ab695e2b52dc9dd67338a05142219fed3,0,0,0,2003-09-12 10:15:36,3742,61,0.0556,3803,2,1,6,1038,60,35401.0594,608,216.8925,11776
6132,34d9b8096cbc92714295ce6c681bc8082934a399,0,0,0,2003-09-13 05:36:19,57,14,0.9722,71,2,19,1,1,4,26530.404,54,50.6739,462
6133,198bddc586a97a05e26c146541bf46b7aade1730,0,0,0,2003-09-13 06:45:27,17,34,0.9408,51,3,1,1,2,7,58093.2535,65,43.7605,487
6136,ea53eef5ce6a983fc8d35ccfe4bfeff0e6d9c65c,0,0,0,2003-09-13 13:07:47,70,3297,4.5298,3367,2,19,1,1038,1,47961.1475,594,232.9845,12206
6138,44ef41e36b833081ab4a689170a4871ccabe7aaa,0,0,0,2003-09-13 13:10:13,3742,48,4.5298,3790,2,1,6,25,23,50307.5428,612,233.4916,12364
6135,0bb5a5fd890ad6ca46694555b208d3c30328e879,0,0,0,2003-09-13 17:59:07,3742,43,0.3998,3785,4,1,6,1038,1,38742.9517,66,41.828,251
6140,5a787ab2b618731249d84b9fe612924d27d5edfb,0,0,0,2003-09-15 08:06:02,3742,83,1.4431,3825,4,3,6,1038,11,43383.2512,549,218.8679,12214
6141,1dc96b90f0612ad2642a415227379e02c48a4e5e,0,0,0,2003-09-18 14:22:49,49,14,0.0122,63,1,19,6,17,8,27136.7908,54,46.4854,360
6131,f53518d75b28e0e796c2910fbeda51989233a5cf,0,0,0,2003-09-18 14:26:03,14,54,4.5298,68,60,1,1,1038,1,51165.3777,606,220.0367,11875
6143,5bc34028c9e802c2219c670dbabfb7aebb91584e,0,0,0,2003-09-18 15:03:25,149,3297,1.1743,3446,4,3,2,47,6,20915.084,555,241.9883,12119
6134,9fa095a4774516bba3a725246afdc8b7d44ccbd9,0,0,0,2003-09-18 18:00:37,62,3297,0.8495,3359,2,19,6,25,8,25127.9659,61,43.6861,344
6142,c8d36fce6c447b6a861d929e6fd222bd621f532c,0,0,0,2003-09-18 18:05:31,21,3297,0.0138,3318,1,1,6,12,8,832.9986,55,49.9136,340
6147,3a0e164308dbf76322cc7473f6181694ca7e4867,0,0,0,2003-09-19 09:17:43,3742,48,0.2275,3790,3,2,6,39,11,53112.6039,599,218.1937,12201
6148,508ae5fd99ab1307043918ffd4b1c87de9af9f6f,0,0,0,2003-09-23 17:23:53,110,74,0.0777,184,3,2,2,3,9,47318.1671,69,53.8198,629
6159,901b3294774cdd73c5591233f01a9b2f875310ae,0,0,0,2003-09-23 17:38:27,3742,3297,0.8771,7039,6,3,3,67,16,33015.0261,652,241.7979,11889
6161,ac25c02414dfa1ee48e0450f921fe95a677df7d3,0,0,0,2003-09-24 04:33:19,3742,57,4.5298,3799,1,2,2,1038,3,18760.9739,30,39.6035,575
6154,a0ed26028c87342036eafb46d9e51d6d1dd0405d,0,0,0,2003-09-24 16:39:05,0,3297,1.441,3297,5,3,6,28,6,46207.6801,58,51.0888,521
6162,57af1390271670c354511a8e949fa0629aa9b243,0,0,0,2003-09-24 16:50:05,3742,3297,1.52,7039,3,2,1,33,14,65082.2946,571,228.8514,11984
6163,7444652de672344da40a46c6b7846f82aa8ee015,0,0,0,2003-09-24 17:26:35,3742,56,0.1548,3798,2,1,1,28,2,86377.0,605,237.0608,12432
6158,215f9d1348f0c7cb148ee8fa14cc8b637d81b524,0,0,0,2003-09-24 17:43:57,3742,106,0.5982,3848,1,19,6,35,14,86377.0,541,242.0292,12452
6160,ea7269bb5924fa4648abdeed59c241977da62ad6,0,0,0,2003-09-24 19:26:39,24,3297,4.5298,3321,1,1,1,9,3,81600.8883,43,51.3089,502
6167,d72a224aab439e2e2bcad6434c664c78eac58c0c,0,0,0,2003-09-25 13:57:04,3742,3297,0.709,7039,4,19,6,1038,60,36746.1071,557,232.4757,12360
6172,e1ea7417a7e9e48b963dfa540e125a956c24e691,0,0,0,2003-09-25 17:14:15,3742,56,1.2478,3798,2,3,6,1038,12,16838.0258,605,234.2688,11910
6170,e24bf2ac875032b3eeb51e3ce7d20d573b6149d5,0,0,0,2003-09-25 22:19:54,268,3297,1.3793,3565,4,2,1,16,7,55713.3726,35,53.3631,259
6178,06a456ec1670fb26a86f8a18f5b55017ac961f39,0,1,0,2003-09-30 10:15:54,302,3297,2.1215,3599,6,6,2,6,22,57017.5293,617,210.9682,0
6181,a7ce06e318dd27e1065b1e106d0ad64f790fb3a2,0,1,0,2003-09-30 14:13:19,39,3297,1.7428,3336,9,6,1,13,11,32323.7368,556,219.4302,11819
6183,44df07fcba99d7d219ef8381c6c7b7342e9ed319,0,1,0,2003-10-02 07:45:50,43,3297,1.8084,3340,4,4,2,44,2,64458.4486,605,239.1794,0
6179,e8945a22885b9c366f1c110977912e990754b8c5,0,0,0,2003-10-02 10:56:20,66,67,1.143,133,4,2,1,1038,0,52940.3099,551,219.0101,11793
6182,fd96e18b2d982a127e2ba32ebc21fa7bcae5d153,0,0,0,2003-10-02 11:49:50,3742,108,0.9952,3850,4,4,2,44,4,5084.0505,548,239.3248,0
6185,d89ec6f75a1c4853517e43cb3df1cc7108b67c9b,0,0,0,2003-10-04 11:37:53,59,26,0.0269,85,60,1,6,6,4,47144.7118,63,42.4738,305
6189,2ab37f264c8c1e8fbc08846ed8d5bafc7269f2ea,0,0,0,2003-10-04 12:50:56,78,3297,4.5298,3375,60,2,1,1038,2,27363.0704,555,234.5513,12395
6190,f9a57bc4ffc9100f7ab689ef2ab65a5985a9f577,0,0,0,2003-10-05 23:53:50,14,26,0.0318,40,60,1,6,6,60,3.0,36,51.9317,312
6194,149de3deb79bb4b7f03995b46f6b002840d027a6,0,0,0,2003-10-06 01:05:01,68,3297,1.5538,3365,4,2,1,15,8,8011.8537,38,52.4701,327
6196,37c8e745890efe601d8a49d60c612ea3b11e26f5,0,0,0,2003-10-06 05:21:10,118,56,1.2558,174,2,3,1,1038,20,52747.3399,561,219.4294,11806
6201,2731d2cb54338969aca4883d390979ae0d8d0883,0,0,0,2003-10-06 18:04:42,64,64,4.5298,128,2,2,6,11,7,20774.5134,557,217.2153,11692
6202,48a2a52233d07135908162e23f3f85d970dbbab7,0,1,0,2003-10-06 18:47:05,1000,3297,2.4195,4297,19,7,2,22,12,53227.7126,648,245.3775,11823
6212,03eabc785d4d5bf11ce5cb68d142757c96d1f2ce,0,0,0,2003-10-07 19:11:58,59,54,2.6597,113,8,2,1,36,12,53762.0256,64,43.9406,611
6216,b12b6c0c8748dbca39f9470c8b86f65fb0a6c6a0,0,0,0,2003-10-07 22:40:13,53,3297,1.034,3350,2,1,1,44,8,28858.3089,59,43.9235,338
6213,5fa9102b4ac439c84385f2018b4176b0193b789d,0,0,0,2003-10-08 17:16:10,120,3297,1.0074,3417,2,19,1,28,7,67623.2124,56,53.6005,504
6215,cbd28af10e92e673517813626e64b6481b077961,0,0,0,2003-10-08 20:31:33,3742,3297,0.0445,7039,2,19,1,21,8,57447.9058,556,232.916,12243
6217,4fde6d5f44e7587eea10554f8bdf71aa284e6fb1,0,0,0,2003-10-08 23:33:32,63,38,0.8053,101,4,3,1,38,7,25536.042,39,43.245,326
6218,d964b37e5f6ab3e3d56259b64bd96221b79d495d,0,0,0,2003-10-09 07:24:10,127,3297,1.0788,3424,4,2,1,18,0,18961.0234,598,235.3065,12317
6224,bcaff35259c34e1a649843686d4e616d7cb973c0,0,0,0,2003-10-27 12:06:38,13,41,0.0555,54,60,1,1,19,1,42301.3687,596,220.9352,12257
6225,d1f70c83368b5c2f4ad945988ce42bf412c13c99,0,0,0,2003-10-28 09:44:06,117,77,4.5298,194,3,1,6,17,9,86377.0,555,211.0991,11635
6226,5fca5512e13537a31c94b66c42f63862107706c5,0,0,0,2003-10-28 11:41:29,111,3297,1.0917,3408,60,2,2,60,2,9129.1533,614,235.6519,11998
6229,f9ef0e15712dceb2a1e1667bac5766d93abad5ed,0,0,0,2003-10-29 15:33:01,3742,3297,1.0752,7039,1,2,1,33,48,34023.1191,549,235.4195,11900
6228,6ffeb5b3727c94e7ce6338be1a38b06344db9843,0,1,0,2003-10-30 01:10:55,141,117,1.949,258,7,3,1,1038,5,17328.4913,547,215.351,12305
6232,08b7c19ae069e9207871c8c79d00ba74e083ec76,0,0,0,2003-10-30 08:50:39,161,61,1.4742,222,2,1,1,1038,1,33490.8562,555,218.0921,11769
6230,7ba68a0c79ceff8a7351685c3894794be12e6c58,0,0,0,2003-10-30 09:14:40,69,3297,0.0655,3366,60,19,1,22,4,59372.0334,557,231.793,11931
6237,ec7ffa7f48bd13674078c476f74e84b38834199d,0,0,0,2003-10-30 14:57:40,3742,3297,0.148,7039,2,2,6,1038,2,505.0292,621,238.3596,12405
6239,589a80953496f6c0a985687b509ad9c45094fd5b,0,0,0,2003-10-30 15:28:00,172,52,0.6855,224,4,3,2,1038,4,45351.102,604,211.9295,12107
6238,c333d4d9947816433ede10bee2719bde7b136329,0,0,0,2003-10-31 10:25:21,3742,72,1.2529,3814,2,3,2,72,19,32134.8287,612,213.8215,12076
6248,3ed2958db35093ac3942baae852ce0d153e529f6,0,0,0,2003-10-31 15:19:41,77,51,1.0189,128,60,2,1,37,11,32466.6132,604,213.0069,12306
6244,76503c73ddb8d7d4c7c2dd50aea4aa96d61cc40b,0,0,0,2003-11-10 17:55:13,15,1,0.8121,16,3,2,6,38,6,75395.6972,57,50.6357,521
6261,449241d5fa1aeadd5eb9fa1280d4104dc0dfb891,0,0,0,2003-11-10 18:07:05,3742,25,0.8265,3767,2,19,6,56,8,10845.0503,42,51.2423,480
6265,9aea94143332fab22a01f01b6ee1f3580b4055dc,0,0,0,2003-11-10 18:54:56,123,3297,0.7694,3420,3,2,6,32,11,53317.559,555,216.0086,12265
6263,3c420e1f7aa364af175279b7ccb7d4677abf66ee,0,0,0,2003-11-10 19:05:27,3742,3297,1.2075,7039,4,3,1,35,12,18124.6623,600,219.028,12295
6267,6128d56631731f853be23c5b12c973c66ded4152,0,0,0,2003-11-10 19:13:17,149,53,1.0919,202,60,2,2,119,11,21228.0325,528,209.0869,0
6255,204791e14882277a31f317f73fe3732ff94dbcaa,0,0,0,2003-11-11 14:47:13,3742,3297,0.7263,7039,3,1,6,67,9,40986.7378,64,52.217,508
6271,0de685ca192e9e842b28ec565711103a6a16c5ec,0,0,0,2003-11-17 00:06:41,3742,44,4.5298,3786,60,19,1,1038,16,44670.6591,603,216.519,11838
6272,7d9459adc275bd417586376fe3f9e566c8d60e00,0,0,0,2003-11-17 00:52:29,75,109,4.5298,184,3,1,1,1038,16,5528.9503,614,241.5246,12488
6274,a1cf98a395e3defdce74ad3b59ab08451ff1abc2,0,0,0,2003-11-17 02:36:45,112,89,0.892,201,4,2,1,44,19,44165.475,555,218.7796,12307
6279,bbe3958737ba6ee6a4ddc8c38743981f55313dbb,0,0,0,2003-11-17 03:11:42,79,65,1.2448,144,4,2,6,81,13,28576.3595,558,232.7201,12301
6259,6a42b66fd29b4cc86f1c27f6662b59d7ae6fae77,0,0,0,2003-11-17 20:34:57,3742,3297,0.1144,7039,60,19,6,1038,9,27038.111,557,237.7102,11838
6284,37d2909898fc3a41758568d11597b62f71007b98,0,0,0,2003-11-19 10:10:23,3742,83,0.77,3825,3,1,1,20,19,44119.4,606,218.2609,12442
6281,22a8586051d2839b6513a3663427ea6b9f3a4767,0,0,0,2003-11-21 05:46:16,3742,33,0.9683,3775,1,2,1,24,3,37004.5711,65,43.7404,562
6287,99bb69f450b7d904942a7d643820f040b52b86df,0,0,0,2003-11-22 23:16:31,46,63,4.5298,109,60,19,6,1038,21,48515.6254,99,14.1207,110
6288,fb05612dbacbb9f73693dbe026c075876bdaf849,0,0,0,2003-11-22 23:42:20,3742,3297,4.5298,7039,3,2,6,64,14,1450.8598,93,14.761,447
6293,46dff37d3f9687c0bdd33ebed423f4f96e4fc8b3,0,0,0,2003-11-22 23:51:42,46,3297,0.5441,3343,2,2,6,62,10,43836.6953,70,16.7787,429
6296,114e9ea6a14f42c74da9957c1d1fb6260534d2a9,0,0,0,2003-11-23 00:20:05,3742,39,0.5421,3781,4,3,6,6,17,32912.5474,67,25.7278,480
6280,98076bc1e9fd328febf6e3a0d3f516963b501865,0,0,0,2003-11-23 21:33:18,30,3297,1.281,3327,2,2,1,23,15,62486.3341,98,13.6069,503
6294,bae92548df537bf7cfa7a63711e0998e41090a0b,0,0,0,2003-11-23 23:21:19,176,3297,0.9732,3473,2,2,6,4,4,82662.0201,92,24.5947,464
6298,986de73e9f342b5d1ff0366ea9d46593328e6c36,0,1,0,2003-11-25 09:32:59,82,39,1.5137,121,4,2,6,1038,8,63981.4895,590,221.218,11920
6305,2d670997287093043c7bb38c1857abc0651ca8d1,0,0,0,2003-11-26 23:12:53,3742,105,4.5298,3847,3,19,1,52,48,8625.2172,1455,12.3347,360
6289,b28e36d3c4c7766e857972c04e5449e3a4e74c3b,0,0,0,2003-11-28 05:43:24,40,3297,4.5298,3337,60,19,1,13,3,48779.9903,565,217.8022,11921
6295,c89bcb9be9e3cd7a1340fd31e21c916d2a2c4b65,0,0,0,2003-12-01 18:55:24,65,47,0.057,112,60,1,1,4,6,56006.8741,598,219.6007,11955
6302,8725e3e7ddc59020d26741095c32e6a67ebcf49c,0,1,0,2003-12-01 19:35:14,106,3297,1.767,3403,5,2,1,47,9,57152.7553,565,234.1015,11851
6308,7e8549c24f3c68d57b2b24a58d3713088ed3624d,0,0,0,2003-12-01 20:47:40,48,40,0.0561,88,3,2,1,63,18,25699.7962,62,24.0137,259
6291,8f3eb2563fb335d3f73443c336a26e64e72026f3,0,0,0,2003-12-01 21:00:11,22,15,1.0126,37,2,2,1,18,9,50956.42,86,22.7324,428
6304,1ce0b04eff4025879efeb2ec6338d7cf51def3b5,0,0,0,2003-12-01 21:04:23,18,3297,1.4229,3315,3,2,6,73,17,19908.1813,73,16.2744,432
6309,5ec6b5e86b7cbc71dc2341217c153ed60698df56,0,0,0,2003-12-01 21:10:34,38,26,1.0133,64,2,2,1,14,19,54222.1634,65,14.6818,227
6282,891443950f9204379a5b265a373fd18584a6a921,0,0,0,2003-12-01 21:12:22,3742,3297,0.0333,7039,60,19,1,6,4,50738.857,92,23.9825,456
6310,953ccd9e31ee069d0c5d3b7a33aef0a81b41830a,0,0,0,2003-12-02 09:40:06,123,109,0.1052,232,60,19,6,37,9,86377.0,605,234.1261,12333
6311,554f4f662a9966d665ccec126c566e67d6feaacc,0,0,0,2003-12-02 19:25:35,45,53,0.0218,98,1,1,6,9,4,80264.1523,85,22.8023,408
6299,5d0abaebf0bd4b5d98f9ef173f23b3be5e6fb37f,0,1,0,2003-12-04 12:50:50,326,310,0.6262,636,7,5,1,145,24,36563.8879,560,214.824,12203
6319,7f8c9d36a9f8265944ab11209037a0e0373c44f5,0,0,0,2003-12-08 16:07:02,144,103,0.7641,247,60,3,1,30,3,3668.9803,622,210.9036,11715
6322,83c1338d2988f95184dba2a3e9c3ba661609f2c1,0,0,0,2003-12-08 19:15:15,97,3297,0.9935,3394,3,2,1,23,2,42398.2952,612,234.0997,12272
6325,81f560066d6bbf849c88089dc395b43971b122f8,0,0,0,2003-12-08 19:20:00,101,93,0.1262,194,60,19,1,1038,2,86377.0,543,236.4704,11754
6326,78ec5fbad52cfefd2ed004134640f52cdcd04224,0,0,0,2003-12-10 05:28:09,3742,3297,0.7267,7039,60,2,2,41,11,36661.2112,535,237.3328,0
6336,31bf41149559b20ec59397712eebf1f3c22cc4b6,0,0,0,2003-12-10 13:01:36,3742,3297,0.8884,7039,60,2,1,59,22,40848.0404,543,233.3347,11766
6345,77a56120a15aba8b45ed2b3095a7ec7591762af5,0,0,0,2003-12-13 15:00:16,3742,3297,4.5298,7039,3,19,6,1038,3,17450.9141,622,209.1406,12278
6351,e7d1a23e85ed71782b5b883f92fa7dd472fe6919,0,0,0,2003-12-13 15:34:29,3742,66,0.1348,3808,3,2,1,124,9,86377.0,628,235.9112,12393
6343,981b3246d40d20f1f9da78d27f18049051f17848,0,0,0,2003-12-13 16:40:34,3742,46,1.1623,3788,4,2,1,53,26,37828.1499,606,217.3643,11809
6344,6eaee4cf06cca1723afc948448d5b3cb6bfb7bcb,0,0,0,2003-12-13 19:24:10,3742,3297,4.5298,7039,60,19,1,27,3,10721.8471,607,237.0343,12315
6354,6d71ff5d798fa90368803dc27b4363f92a1ec2b9,0,0,0,2003-12-16 23:21:55,128,3297,0.1386,3425,2,19,1,1038,1,86377.0,619,215.8581,12464
6359,8b99b00f9639da751707e3e981266b996486ec73,0,0,0,2003-12-17 09:24:06,3742,3297,0.7172,7039,3,2,6,8,49,31898.6832,567,230.5807,11917
6355,cfa54c7b249835858bfb99271d54a190f008468e,0,0,0,2003-12-17 23:31:31,30,44,0.7743,74,2,2,6,18,23,60744.3365,99,14.524,431
6361,d69794074f8f64351d462d4c9d0f210bc0336c5e,0,0,0,2003-12-18 05:20:16,3742,3297,1.0138,7039,3,2,6,53,18,44395.3296,605,237.2275,12261
6364,ca8bdf1f5b05e37d9bc5114dbecd0c2f5f249a38,0,0,0,2003-12-18 07:05:30,3742,28,0.7695,3770,3,3,6,160,18,37466.091,64,16.2134,246
6358,50ed1b25233958cdafcab4b74daec840fc85b964,0,0,0,2003-12-18 14:22:06,3742,93,0.6557,3835,4,2,6,1038,8,18240.5444,601,213.3636,12391
6366,90519817e9f921732cbc967f5153490461719f02,0,0,0,2003-12-18 16:05:57,136,3297,4.5298,3433,2,1,6,115,12,86377.0,605,211.4908,12308
6370,3afcde4cd4acbd0776dc2ca23e529b5548f79e59,0,0,0,2003-12-23 10:54:49,54,58,1.0165,112,60,2,6,17,9,72950.2443,593,221.2212,11952
6349,de27fbac946ae7def5c35a0bd06638fdd5ce5df5,0,0,0,2003-12-23 13:56:35,311,33,0.9608,344,2,2,6,16,5,57658.6415,555,219.2174,11849
6374,de00ef804f07e9766778a067cd027c4e535809bd,0,0,0,2003-12-23 14:24:26,3742,3297,1.1526,7039,4,2,1,66,9,39091.4233,562,214.1275,12298
6378,8d9486a6a4cad4d82a114f9eb9b1a8e519e5ef0a,0,0,0,2003-12-23 14:27:16,3742,3297,4.5298,7039,2,19,1,33,7,2104.1391,541,210.5516,11774
6337,be0f73d1bb387dc332a95c34a5729ec99bb028c1,0,0,0,2003-12-23 14:30:57,3742,83,0.8472,3825,60,3,1,52,10,86377.0,609,214.1141,11869
6376,4278af862f0ae4b4ab6f0020f685f858bc1c3d32,0,0,0,2003-12-23 14:40:33,3742,3297,0.077,7039,3,1,6,34,10,86377.0,545,237.0958,12296
6379,860aa48934ac3eb2f6c0ec10fec7637e31ee73c2,0,0,0,2003-12-23 15:51:34,3742,3297,0.9111,7039,3,2,1,23,6,42919.804,598,235.8017,11898
6381,b6616e5fb6d537229d307cf8647ef483468175a6,0,1,0,2003-12-29 10:38:18,75,31,0.1983,106,2,2,6,16,49,20631.8881,569,220.8935,12128
6375,fa81e63166b767850a9020a922925ad35ce226fa,0,0,0,2003-12-29 11:02:57,41,58,0.4708,99,3,2,6,19,60,41483.0606,609,214.4661,11805
6383,42437917f185f8efa3d947fae3bb08b584504650,0,0,0,2003-12-30 16:23:07,91,56,0.7264,147,2,2,6,37,48,23116.9866,564,220.7293,12189
6382,b745f26831608aa141ba085ce3c68fd9c811939b,0,0,0,2003-12-30 16:27:54,147,3297,1.2895,3444,4,2,1,26,19,24379.2192,597,218.503,12218
6385,6057df6f450fc2a3578ad7aec5cfdda2371d8afb,0,0,0,2003-12-31 12:39:48,49,43,1.4031,92,3,2,6,14,60,53951.4006,592,233.0435,11926
6391,5524eac9cd6ef31fe98cbb9176ba526264a0a492,0,0,0,2003-12-31 13:00:11,3742,52,0.7878,3794,60,2,6,1038,17,54964.3417,550,218.25,12298
6384,61f1ea4ad484a133b6b4b4c16a8deb5234069650,0,0,0,2004-01-02 10:23:22,3742,24,0.2105,3766,3,2,1,19,18,45275.5106,591,393.7038,12225
6387,603fd55a0619a976837ce9f4471ec91ced66f5d9,0,0,0,2004-01-02 11:27:40,214,45,0.8955,259,3,2,1,20,1,38870.8151,614,391.586,11805
6390,0f5c73d85d5f6a7126b5083dcc4a78f5b219c44a,0,0,0,2004-01-02 16:19:00,3742,3297,0.8896,7039,3,2,6,13,2,19337.7065,560,394.6132,11879
6395,38283b2538d594a5a24b7b33b8f66864928ccbd9,0,0,0,2004-01-02 17:03:23,3742,3297,1.6181,7039,4,3,1,1038,19,26412.0842,562,392.284,11887
6400,14fbefdd3a083614c5eff9e4b2d5e7288c6cf059,0,1,0,2004-01-02 17:23:51,234,82,1.4836,316,4,3,1,1038,10,23806.8215,586,396.6732,12127
6394,2ac921c95f3465b9740c11f2e9d8e451ba02381c,0,0,0,2004-01-02 17:34:35,3742,81,0.6746,3823,3,2,1,1038,9,1775.2188,599,408.2762,12266
6401,82ab046a4e8f50cee51dd716145e0838ec5dd286,0,0,0,2004-01-05 07:48:33,119,60,0.1031,179,60,1,6,1038,19,75299.4674,606,413.35,11868
6399,7111204f9a91a56ba024cda78eee636ddc08437b,0,0,0,2004-01-05 12:45:15,60,41,1.1107,101,3,2,1,11,10,26808.4118,564,407.0658,12208
6411,bcd6de4f8aa10b5d9f5a3ea60d134c960d7359c1,0,0,0,2004-01-05 15:07:48,3742,91,0.1114,3833,2,1,6,13,14,65946.5083,600,407.8778,12299
6397,75f4be92458bd10bdc204d70bc2d5dc471279302,0,0,0,2004-01-05 15:55:49,64,3297,0.9708,3361,1,2,1,23,14,16914.2342,595,409.1501,12187
6407,c5e56026345fb723bfdfbfd627860ac39ccbd203,0,0,0,2004-01-05 16:27:18,3742,47,4.5298,3789,60,1,1,1038,11,29721.6594,559,395.7542,12183
6410,7677faca7faba0eb6ecdb6852c35896fc7b32ca5,0,0,0,2004-01-05 16:48:07,168,3297,0.9485,3465,2,2,1,28,17,32386.1784,547,393.9735,12227
6405,187aa768be7fb1c50a74f573c64b18fe26b65650,0,0,0,2004-01-05 18:59:07,59,3297,0.081,3356,2,19,1,22,17,8898.3988,555,406.3573,12207
6413,937e981346501cc136cec2534d543605da3c6c97,0,0,0,2004-01-05 19:49:40,52,3297,4.5298,3349,60,19,1,30,5,47350.5246,546,407.4757,12279
6416,dc50e0827c679004750469d4aec76d1d36f57be3,0,0,0,2004-01-06 10:58:48,164,3297,0.6296,3461,4,2,1,62,46,64663.8551,638,381.1868,12331
6420,606fe0b2a46f0ec5d7ba798e5095e03f91dd581a,0,0,0,2004-01-06 11:43:44,3742,3297,1.0114,7039,1,2,6,57,18,15115.7296,557,407.368,11862
6393,e8ede3636935aefdf7ed4fc7ea5b7b5769b7d197,0,0,0,2004-01-06 12:02:41,69,78,4.5298,147,2,19,6,7,17,2021.5095,606,406.1238,11910
6408,ac3290a353784318b31ea3a24bd1343aa239ab9a,0,0,0,2004-01-06 12:25:24,3742,3297,4.5298,7039,60,1,6,1038,16,13760.8807,552,394.9189,11911
6428,a9867f71db0c2837ca9ecc90c1dd51153cc7f8e7,0,0,0,2004-01-06 14:26:08,246,3297,4.5298,3543,4,3,1,67,50,30212.8956,627,383.3852,11837
6417,eaa35ce47f2a7048397fdec13603786c7367eaf8,0,0,0,2004-01-06 15:17:03,72,3297,0.0888,3369,60,1,1,50,17,86377.0,599,392.757,12223
6419,0a0079962d191f69e989b13cc8cd727bd72707df,0,0,0,2004-01-06 18:35:35,99,3297,0.8992,3396,1,2,1,52,16,43183.8369,548,411.2246,12282
6403,f855a6a3eb97a53ef5699c6daf2b684a23ff68aa,0,0,0,2004-01-07 15:49:10,143,95,0.1205,238,60,19,1,9,48,2863.968,539,387.23,12456
6422,7a7d207761911e275c47fbca61ef1277c55b9d73,0,0,0,2004-01-07 16:09:42,3742,3297,0.1084,7039,60,19,6,25,10,73535.6998,548,415.272,11848
6433,c84230009bb33d760c5e2f3dc3685fcca279b8eb,0,0,0,2004-01-07 19:32:10,199,3297,4.5298,3496,60,19,6,39,6,76099.7779,621,382.8416,12438
6431,fdeb29cab243ec25acc8866114393c2d6bf3f439,0,0,0,2004-01-07 20:06:51,48,3297,1.4652,3345,4,2,6,108,11,30653.9313,589,404.6031,12135
6438,fe400421a571860035ad5b0e2d60f76a6062d7c2,0,0,0,2004-01-07 20:19:16,84,3297,0.5572,3381,1,2,1,28,50,13429.3841,68,65.969,183
6439,6738f45ab2ebb1c5ba089749b0ff984a3313dfe7,0,0,0,2004-01-07 20:22:45,1181,815,4.5298,1996,60,2,1,1038,5,34554.6197,532,386.8819,12533
6426,46d35afc16f73aa0de8a37ef391d408c4aaae230,0,0,0,2004-01-08 10:17:28,172,113,0.1225,285,3,2,6,87,46,47052.8871,530,374.8224,11583
6432,896e2aeb29e82310db454f352ea3f63805735f51,0,0,0,2004-01-08 10:20:58,67,3297,4.5298,3364,2,19,6,1038,5,71956.8432,530,412.1614,12277
6437,ed476106caa2c9c966621e13a5b8b38a89b4c0e9,0,0,0,2004-01-08 11:35:52,3742,57,0.0868,3799,60,19,6,32,7,62405.388,599,385.8358,12264
6444,b24b0fba3b368c2b7480b414e6d677ab343e63db,0,0,0,2004-01-08 11:38:07,119,107,0.1359,226,2,1,6,66,51,6886.5643,544,418.2208,11654
6435,500c0a0a31d99091676e50b37c4c1e34d7082f5a,0,0,0,2004-01-08 11:40:37,3742,120,0.1896,3862,3,19,6,1038,50,2030.3776,524,412.7061,11631
6436,96bbd97d36b9000640f58f00f87607c0d3700dcb,0,0,0,2004-01-08 11:59:18,107,46,1.4474,153,4,3,6,98,11,69572.7083,548,408.5644,12365
6441,ce38c504606b4c4a122fb45c6f44a48441481781,0,0,0,2004-01-08 16:43:16,162,86,1.0681,248,60,2,6,89,12,69698.3828,532,414.8194,11749
6445,5552d7610486e8c936d30af6af3c55d964116a0f,0,0,0,2004-01-08 18:16:30,3742,3297,1.4687,7039,4,3,6,97,9,46951.3754,600,395.5594,12284
6427,8031aa37bb79cdad235d5aa6f5e503d51193ed87,0,0,0,2004-01-09 08:04:17,63,64,0.4263,127,1,2,1,139,11,40363.843,560,394.6701,12303
6442,50fc863251a7a3cbc1837eeebeba1c7844b846c3,0,0,0,2004-01-09 08:48:32,87,3297,1.5219,3384,4,3,1,136,12,35895.3009,589,404.3679,11962
6443,9190f9365ee674f3c459b142d5396a8abeb263ee,0,0,0,2004-01-09 09:13:48,36,29,0.0339,65,60,19,6,25,13,65151.4613,64,65.2966,446
6440,ab3071a2275229a7e4b2d8a4c195255269c5da71,0,0,0,2004-01-09 13:31:03,64,61,0.3133,125,60,1,1,15,19,72868.0023,614,407.9894,11876
6434,c3536e08b58d4fb65305952e6e276c8c16eca8b7,0,0,0,2004-01-09 18:16:01,3742,3297,0.9815,7039,2,3,6,52,4,8527.4927,610,413.575,11853
5572,8cea22a0f9009afdc34275907405998bf55922c9,0,0,0,2004-01-12 19:21:25,3742,3297,0.9044,7039,3,1,1,1038,1,24226.5195,561,390.7356,12338
5587,749f3627be6477800afc1773f810477145cf2510,0,0,0,2004-01-13 08:08:13,194,167,1.1969,361,5,2,6,43,48,3230.3375,519,417.4684,0
5577,ee3d2a9816e7c89cbfa90c5fca17d0ef7ed7320e,0,0,0,2004-01-13 08:44:56,3742,69,1.0224,3811,3,2,6,12,21,24602.7533,556,388.8081,12245
5580,126d18a68fb230b7483df6f3116f41c7a1dddacd,0,0,0,2004-01-13 13:17:08,3742,63,1.0111,3805,3,2,1,58,14,50438.1327,606,408.6788,11924
5585,43c1b9f416dbe1f4780142bc6773aa775059cfa1,0,1,0,2004-01-13 18:19:15,40,27,0.0444,67,1,1,6,27,19,34000.1412,586,397.4847,12177
5594,645d48cce2da3ee743a23f0539702f976c1bfc5c,0,0,0,2004-01-13 19:24:53,83,111,0.3324,194,60,3,6,81,52,26404.0171,537,418.9605,11776
5578,5c981bf3e27f613e7a542b1d200b2db436476406,0,0,0,2004-01-14 10:54:14,3742,56,1.0796,3798,3,1,1,31,5,51517.089,552,411.8785,12280
5599,f6e336918532c879e5dc0d014ed64607a2a2924a,0,0,0,2004-01-16 16:19:55,3742,3297,1.1065,7039,5,1,6,14,46,12492.7639,616,391.095,12526
5573,32148efa6b399312d4c59a88a65b9d22663b65fd,0,0,0,2004-01-16 16:25:22,68,35,1.0581,103,1,2,1,49,14,34057.5975,592,396.6213,12164
5593,b79ac164f4b866de5932d94ebf015e5018fbb527,0,0,0,2004-01-16 17:18:57,99,3297,0.9701,3396,3,2,1,56,15,16732.9898,606,391.6929,12295
5598,baa8230c9ce9e2fba72e36725d4a767f4ad82c3a,0,0,0,2004-01-16 18:38:17,3742,56,0.4856,3798,3,2,1,110,14,13318.3303,600,408.9481,12204
5597,d2c3e8c6b4237ca981524606f25442454b30faea,0,0,0,2004-01-16 19:10:09,20,3297,0.0557,3317,2,19,1,13,9,18627.0627,560,396.8272,12215
5607,4b43cf989e80b0500b8485ee385ffebcda36b8f1,0,0,0,2004-01-19 09:18:33,10,3297,0.9185,3307,3,2,6,1038,22,57907.2006,591,409.4929,12275
5610,832454fdc480c9401e1dde430ef4c00cdf33ac3f,0,0,0,2004-01-19 13:27:02,117,3297,1.0043,3414,60,2,6,80,3,54399.1225,528,412.5384,12396
5613,2377f44bdbad81045756971499d017046c743e1c,0,0,0,2004-01-19 14:07:48,81,72,0.1261,153,60,1,1,1038,5,66036.5058,604,391.8224,11878
5595,0ad3b6245a913c4f893ff0fe80fbef93658ff33b,0,0,0,2004-01-19 16:54:05,59,33,0.0491,92,2,19,1,50,4,11535.7563,562,406.6082,11943
5606,3ca347c1f726cfc905f66b680752f2203ffb5ab8,0,0,0,2004-01-19 17:07:14,3742,3297,0.919,7039,1,2,6,75,5,32614.7402,558,393.8131,12245
5612,1d820fd3c36dec329fd8074aab2cdd9743d6a297,0,0,0,2004-01-19 19:21:54,98,3297,0.7387,3395,1,2,1,23,17,34630.4014,594,405.397,12182
5619,c3bfbf41ec305de3317d43cc288a420a86a3fe3a,0,1,0,2004-01-20 09:53:23,683,487,2.2217,1170,12,7,1,280,57,68175.3801,528,383.46,12381
5608,c70a5d9febdfd9b16728d57335e18c39c24021ff,0,0,0,2004-01-21 08:27:08,210,182,0.8549,392,60,1,1,1038,52,72655.8747,622,386.5473,12444
5615,b411eadf8a4fd1728975cf26948239c397ae11c7,0,0,0,2004-01-21 09:21:45,19,3297,4.5298,3316,60,19,6,77,50,5677.9922,543,417.1785,12361
5616,e50d64ba9626942f552430c5f9d2a87e23257168,0,0,0,2004-01-22 14:46:50,131,3297,4.5298,3428,2,1,6,1038,17,73147.9303,547,394.9203,12303
5617,9bbae86af494c11bb35da91d1246db0764b011ba,0,0,0,2004-01-22 15:41:27,3742,45,0.4898,3787,1,2,1,26,17,37624.7732,590,397.2919,12156
5611,dfd3521065924852443966bceff940c368285d8a,0,0,0,2004-01-22 15:42:11,3742,3297,0.5119,7039,60,1,6,74,52,42405.5913,514,383.169,12508
5614,59dd60b9a3d5df90dc421749bd30c1702f09571f,0,0,0,2004-01-22 15:54:27,3742,3297,4.5298,7039,2,19,1,23,19,2389.5577,611,407.3213,11913
5622,8f2ff5e516984f8359c9ba7d9def1dfd15b62dd6,0,0,0,2004-01-22 20:43:12,3742,3297,4.5298,7039,60,1,6,31,4,26716.6682,570,404.2451,11981
5624,107a192bd9b5bc06ca6ab37ae87c489e94e67607,0,0,0,2004-01-22 23:12:47,47,3297,0.0446,3344,60,19,1,15,5,8136.5129,589,404.1034,11957
5620,e130ead629f047cc64dd749f119859f5dd28d5f1,0,0,0,2004-01-23 13:42:15,3742,3297,0.0763,7039,60,19,6,83,2,52429.141,561,408.6528,11747
5627,e76b1e7e1c8e2ca43f3a4acd013b0b872841f1dd,0,0,0,2004-01-23 19:53:50,73,46,4.5298,119,60,1,1,1038,5,10901.1505,569,407.2413,12208
5631,b8d06b2559b25cf04cb20dd76e7d58d722463eca,0,0,0,2004-01-26 18:04:43,59,102,4.5298,161,2,19,1,25,60,63310.0555,608,388.4065,12261
5636,11d70f172eb48d7a185104e54db5ec44cb068298,0,0,0,2004-01-26 19:11:37,10,68,0.867,78,60,1,6,7,21,12211.4611,542,387.9607,11826
5628,05151b92e2dfa36ee0a3f7a5c1c1a6d7a02c46f7,0,0,0,2004-01-26 19:32:04,133,89,1.338,222,4,3,6,57,19,3371.8746,598,389.9779,12304
5639,8d28b98ba24b4cb4fbe51cea0f88f8194167df9e,0,0,0,2004-01-26 20:43:35,3742,122,0.8424,3864,60,1,1,58,21,1432.5246,539,410.2793,11855
5645,3aae9d5a39585797d620387a60aef52f05773022,0,0,0,2004-01-27 08:46:22,3742,120,0.7161,3862,4,2,1,96,48,14851.0511,611,413.1562,12329
5640,bedd29f3a3a3abd37960576de4a78261dc555015,0,0,0,2004-01-27 18:10:49,3742,3297,0.908,7039,3,2,6,24,12,22102.5013,559,394.8266,12240
5637,9cc357e6df346f0fd56c23c6993c5ee2175c4c3c,0,0,0,2004-01-27 21:09:47,125,3297,0.9282,3422,1,2,6,56,14,12434.713,611,394.7387,11785
5650,45fa36b42a9960c715c3a288913bda7494125595,0,0,0,2004-01-27 21:52:32,83,113,0.661,196,1,2,1,25,12,86377.0,552,392.3895,11801
5638,9ad521421f25fa6ed488d8fc3dbcc639fafc88c7,0,0,0,2004-01-27 22:06:43,19,19,4.5298,38,1,1,1,1038,6,2336.0279,571,403.2438,12134
5644,c33dab3d8e3bf1982e52c761b14fcfd71095694d,0,0,0,2004-01-28 08:06:58,120,80,0.6839,200,3,2,1,1038,3,52918.877,555,391.7447,12379
5633,d953bd0007fd9f543344e2aa2775a91299b3bf62,0,0,0,2004-01-28 18:19:11,74,44,4.5298,118,1,19,6,5,5,1327.9496,584,403.2557,12135
5660,35769e1948e7d391ebae75d8aa15e568462d6020,0,0,0,2004-01-29 17:47:47,55,3297,4.5298,3352,2,19,6,33,21,60466.1611,608,393.5461,12276
5652,f8ee5a16e83f55d8a5d23a1a83aaa6e553eda3d0,0,0,0,2004-01-29 17:52:04,87,55,0.6143,142,1,2,1,0,12,30476.9126,608,409.7037,11927
5653,99f49a926003e253468eaa78d6d6a44bb91fd014,0,0,0,2004-01-29 18:13:48,32,3297,0.0335,3329,60,1,1,55,13,29132.3327,560,404.8338,12189
5661,f4f7c2f41730274024cc5782bda029f5647162ad,0,1,0,2004-01-29 20:39:07,41,121,2.4348,162,9,6,6,1038,7,33524.2043,549,409.3077,11824
5655,20227399a32eb79ed7392b6c2c9a3580bf14f7d2,0,1,0,2004-01-29 20:41:26,23,3297,0.0159,3320,1,19,1,4,1,506.9746,571,403.3253,12145
5648,48b66780aa837f8650e91482bf541d311167a2a6,0,0,0,2004-01-30 09:54:43,80,3297,4.5298,3377,60,1,1,114,9,19140.9593,593,411.3316,11929
5666,1fc892515bece739b5ec210547694b980de442cf,0,0,0,2004-01-30 14:17:05,64,53,4.5298,117,60,19,6,13,9,1544.1357,592,397.2312,12225
5668,c61f9c1d0c9d2a587c6b1d28b4f235a7d0724fa7,0,0,0,2004-01-31 09:56:47,3742,34,4.5298,3776,60,19,6,11,6,2782.3271,565,397.8471,11996
5670,83106da6db4a7db397471c05eb305bac5b8584c2,0,0,0,2004-01-31 10:13:48,43,59,0.5119,102,3,1,1,1038,5,58228.2292,610,407.4898,11872
5657,fc725003f59f35046ebcc44c17c0b15e96535a10,0,0,0,2004-01-31 11:33:35,3742,3297,0.9086,7039,3,2,1,18,19,12330.7777,607,412.2483,11809
5674,6a256422c68fed720fb4d3ec73fd7fcced9eb8bc,0,0,0,2004-01-31 11:51:56,3742,3297,1.0478,7039,60,1,1,111,47,80959.2113,642,383.1931,0
5675,eeda002a5058b2a53cfc3e65fef3e963ff11936d,0,0,0,2004-02-04 23:50:25,85,66,0.902,151,60,2,6,38,51,62024.6031,244,64.7612,329
5654,10a9a38822b5e4c09a8be8efc0b1cd7e358c013d,0,0,0,2004-02-10 21:26:55,12,3297,0.0141,3309,60,1,1,2,4,15438.9375,291,53.4378,672
5667,67faa350a1fbad6561c8076618b0b0ac3db66653,0,0,0,2004-02-10 22:10:34,3742,3297,0.9214,7039,1,2,6,75,50,59495.531,309,60.083,850
5676,c98e7ecb3b69b534313fe635980b3f00d11095fa,0,0,0,2004-02-11 22:53:50,62,3297,0.9229,3359,2,2,6,58,49,20611.2831,270,56.6225,475
5656,9866f58c78116a0884fb81b4752f70105d11305a,0,0,0,2004-02-15 22:14:10,3742,107,0.9495,3849,60,3,6,104,52,3.0,242,75.8993,1040
5671,82b3ba4fa7b9886d0319ef2121c7b65b9acf8d52,0,0,0,2004-02-15 22:21:08,3742,40,0.0379,3782,60,1,6,11,7,17101.631,16,9.4606,100
5673,3d220dce0ce3cbf2464d84ce029f8887cddbd057,0,0,0,2004-02-15 22:21:45,25,10,4.5298,35,60,1,1,1038,2,2050.2567,11,5.4282,12545
5682,52db4f2d149bd3cc3618a050419dbf3323e44eb6,0,0,0,2004-02-16 21:41:33,161,132,0.8898,293,3,3,1,27,51,3.0,247,34.354,1164
5665,7629c18105f15d102ef8038625325b882a8f037d,0,0,0,2004-02-17 09:26:55,197,22,1.4835,219,3,2,1,12,13,22839.4635,591,397.5075,11975
5678,70c06d36df26825aebbf0d631741c63e4a9dbb87,0,0,0,2004-02-17 14:41:07,206,3297,0.8727,3503,60,2,6,99,51,64034.3663,519,389.6636,12482
5679,6ad34743d7a21d785071b820b3892eabc9e6b766,0,0,0,2004-02-17 18:55:16,56,26,4.5298,82,1,19,6,17,11,14561.302,567,405.2506,11951
5659,1caf6efec966dfc9feed834dfbb233ec274f7ed9,0,0,0,2004-02-18 09:31:49,122,37,0.0572,159,2,19,1,1038,8,1943.0785,590,395.6563,12176
5669,a8c8ff42fe6f366e893dbcddc587e0c726011c66,0,0,0,2004-02-18 16:39:34,187,3297,4.5298,3484,2,1,6,1038,1,62750.2881,542,408.8209,11788
5680,9f1e5759b214aae598b06f71e0172ec606295092,0,0,0,2004-02-18 19:39:44,62,48,4.5298,110,2,1,6,19,7,37750.3238,564,408.879,12216
5692,3be6a099606d0936e82ee859b45b4e52550c07d0,0,0,0,2004-02-18 23:32:15,3742,3297,0.1013,7039,60,19,1,59,50,30200.4609,263,41.8643,461
5691,29c5b30ff147f8c096f2bec272d7487d0174881c,0,0,0,2004-02-19 14:03:43,3742,29,4.5298,3771,60,19,6,0,9,86377.0,593,395.294,12203
5681,1b501720b8205c785ed8a6c07c0e97c505462919,0,0,0,2004-02-19 14:22:30,3742,97,1.1138,3839,1,3,2,1038,8,6502.8708,620,415.1504,0
5688,0c0616826335c7165aa2086b46a2e5e6fa7beca5,0,0,0,2004-02-19 15:30:30,3742,3297,4.5298,7039,2,1,1,31,18,15074.7069,151,44.8496,547
5690,9d19bc3b3d13b0fae536f95cbbbdf2918dca1ea2,0,0,0,2004-02-19 17:37:45,47,59,4.5298,106,60,1,6,54,19,6455.7789,607,410.7369,12238
5672,a1308c04c5c726ff5be363e5647da22f3b46b2da,0,0,0,2004-02-19 17:50:37,51,3297,4.5298,3348,2,1,1,17,19,86377.0,560,391.7945,11767
5664,b40242af55371ff471a826b44eb1869422ac9bc6,0,0,0,2004-02-20 16:43:20,3742,3297,0.7019,7039,3,1,6,69,22,3025.4043,618,412.0925,12358
5694,bcaa1b718025bd1b8182397f99ee0a4dad4eda4e,0,1,0,2004-02-21 08:13:05,244,93,1.5664,337,7,3,1,35,21,48888.7426,554,393.2189,12177
5697,3056bba8e7c316249df5e0171d6d8110811dc073,0,0,0,2004-02-21 09:44:14,53,3297,4.5298,3350,2,1,1,57,19,6869.1359,591,394.2119,11837
5698,551de450f62ee639a2d07cea29b3bc114632e610,0,0,0,2004-02-21 09:56:57,3742,3297,4.5298,7039,60,1,6,22,17,2740.0515,602,393.1774,12187
5684,2ac590c5aa2adccea6a6869b76fbed1bb2931eaf,0,0,0,2004-02-21 10:09:09,3742,44,0.0966,3786,60,1,6,29,19,1725.0805,599,393.1745,11769
5705,13e64635c0289a6065dbe6e370eca33e7f23bee3,0,0,0,2004-02-22 08:23:25,129,3297,1.2174,3426,4,1,6,58,18,57883.0756,601,410.5325,11893
5704,e16ab8ed38c22a1c38c1028d3d9715208ae0498b,0,0,0,2004-02-22 08:47:21,69,43,0.0663,112,60,19,6,1038,16,76730.0926,616,409.6379,11684
5707,b4a59f786744939fb038f01d7f8933ef1f449ec1,0,0,0,2004-02-23 13:22:50,62,3297,0.0673,3359,60,19,6,60,17,86377.0,545,392.9006,12205
5711,a60df6f14deada8a0c0c36aefcddbc4fec0b39ec,0,0,0,2004-02-23 13:35:55,3742,3297,0.9027,7039,3,1,1,45,20,3417.1939,597,393.3789,11698
5708,ba4bc1f4912eb0b47534e49dc2fb04932ac82218,0,0,0,2004-02-24 23:03:48,3742,44,1.6315,3786,2,2,1,47,14,39728.1684,601,405.5236,12169
5713,24b26b6eac774c070c0fb51a2e0deb755f0e4f5f,0,0,0,2004-02-25 09:05:09,3742,73,0.7423,3815,60,2,6,1038,10,46227.1238,609,388.75,12245
5687,918e40a9dad1f3babe1a2f270319eb3c19761349,0,0,0,2004-02-25 09:07:38,40,45,0.498,85,1,19,1,71,17,50042.6056,603,391.6983,11917
5706,b58342060031f517d6ba42a64dd3ddf392e820bb,0,0,0,2004-02-25 12:14:45,3742,3297,1.0571,7039,3,2,6,1038,7,52802.4422,601,388.0355,11766
5712,99431abd03f92390391e2cebc83fac79a999fa48,0,0,0,2004-02-25 14:59:01,58,46,4.5298,104,60,19,1,1038,10,22389.2261,554,409.6805,11833
5715,46e25e0244b119f1be2f75b9754bd5ce2bec60f9,0,0,0,2004-02-25 15:34:15,31,3297,0.035,3328,2,1,6,1038,9,1446.3051,561,394.7927,12189
5699,02f6ba21557840cb51204298c42575318c59adf0,0,0,0,2004-02-25 21:01:42,155,3297,4.5298,3452,60,2,1,166,12,83201.1381,553,392.1811,12458
5717,3ec7b59e6fe84d453f621e97bd2c6c5c48919f64,0,0,0,2004-02-25 23:44:46,41,3297,1.0157,3338,3,2,1,83,48,18035.9968,294,56.3232,527
5718,8f66b0b64f30cc34f29c718f8b67110c4485bbd2,0,0,0,2004-02-26 05:52:32,77,3297,4.5298,3374,3,1,6,65,19,73598.5256,558,415.0948,12247
5725,d89071cecf349adeaa9197e9ba3a7506b80d9bb1,0,0,0,2004-02-26 06:06:20,3742,161,0.836,3903,3,3,6,115,51,24867.7996,531,418.7752,11560
5709,7a53427f630e4d122d453795288e7fa704fb6b87,0,0,0,2004-02-26 07:00:03,92,3297,1.0098,3389,4,2,1,45,9,50373.1951,546,416.1684,11756
5714,9168102483d92b35cb14679a1a471a9037622bf4,0,1,0,2004-02-27 23:56:20,519,144,1.9544,663,4,2,1,12,7,72377.827,98,64.8941,422
5719,c7b9b9483f7532bb2b6dc61798644377357b700e,0,0,0,2004-03-02 01:08:08,37,3297,4.5298,3334,1,19,1,14,7,21562.8739,1455,2.7539,105
5722,c088d1382efef7e24094ff9842170591d2a7d793,0,0,0,2004-03-02 16:46:09,33,70,0.0554,103,2,2,1,38,3,1778.9163,175,37.6315,510
5721,10ec0e0f1e8af7afe863a15f790fb871620de641,0,0,0,2004-03-03 09:00:47,88,40,4.5298,128,60,1,1,40,17,86377.0,612,389.2665,11787
5726,13020522813721619b37c00f5ee7c559fe548d7b,0,0,0,2004-03-03 09:25:48,61,95,1.1379,156,4,19,1,3,28,38956.2283,599,395.438,12209
5731,d87cdef490462d664b727ff55176705b049a0c04,0,0,0,2004-03-03 18:39:24,3742,77,1.0821,3819,2,3,2,58,15,73215.5088,614,389.2426,0
5716,ecfede06c1a9eadc048782e5b64c87a7531d5a4d,0,0,0,2004-03-04 08:34:10,3742,57,0.9912,3799,1,2,6,31,19,55007.214,551,406.3047,12188
5729,e58c00e05f764fd4e4a2b3308a5f7b2c5a141025,0,0,0,2004-03-04 13:52:36,73,4,0.1021,77,1,2,1,31,19,19693.367,183,36.0857,364
5733,6b11569c1d12aa288f1c7df3a3bbaa8b26d096c1,0,0,0,2004-03-04 18:12:29,234,121,4.5298,355,2,1,6,33,19,14763.3537,184,35.331,563
5738,5ffd95b3c20f62b59648d7c1c5d40fe55cbcbcdc,0,0,0,2004-03-05 13:30:17,112,3297,0.8732,3409,4,3,1,52,22,20689.2069,602,411.933,11767
5735,848a3ddee9d678849cc54308d48232fde2b3f425,0,0,0,2004-03-06 13:28:08,3742,97,4.5298,3839,3,19,6,1038,3,73455.6947,610,416.8195,12441
5739,92aea027245806a5869380c7644e22a680e18522,0,0,0,2004-03-06 15:52:00,3742,53,1.0094,3795,2,3,6,32,14,43955.8496,557,392.9934,12226
5741,980af39ef22343dc09cd8aa324931d3270554359,0,0,0,2004-03-07 11:21:55,3742,21,0.0114,3763,1,1,6,4,12,40943.4149,75,64.2906,382
5748,3278cf3afab63fc7bc80ed0394422cc4ed29e8b0,0,0,0,2004-03-07 14:15:43,53,3297,0.9219,3350,2,2,1,12,19,35801.8328,175,35.7526,310
5750,2b2bbe46954f0f32d7165555683375fb3135ca62,0,0,0,2004-03-07 16:16:38,3742,58,0.8565,3800,3,2,6,35,19,8750.9024,148,32.0668,576
5732,57c4b4ca760d3b47f6f334ccac2d3c0eed70bcc9,0,0,0,2004-03-07 16:54:31,101,3297,1.0069,3398,60,2,1,7,17,1065.4798,144,35.8548,274
5743,40915009f28775d0a540c61183c451b9a9b36623,0,0,0,2004-03-07 22:12:11,3742,3297,4.5298,7039,60,19,6,100,8,35136.7953,1455,10.973,12545
5749,c9588ffa98edf09c1f2b683424427973d8c84a88,0,0,0,2004-03-08 12:39:05,268,34,1.3985,302,4,1,6,13,1,46446.2994,58,56.1132,483
5753,25401f6fac9346ead6f11c7482b72b3926aef816,0,0,0,2004-03-08 12:39:48,26,34,4.5298,60,2,1,6,1038,60,46204.6502,89,66.4619,236
5737,65e0d00e4f33fc9f78999fa4fb53517bc4871995,0,0,0,2004-03-08 14:15:54,3742,3297,0.0339,7039,1,19,6,2,8,2743.435,159,37.9301,498
5747,1749a5d4265554d37c03e20547176268f273b622,0,0,0,2004-03-08 15:43:56,71,38,1.543,109,4,1,1,16,6,10113.2525,558,390.3616,12221
5754,357c327755acf83dc4b16c3157ef0195822596ed,0,0,0,2004-03-09 04:22:18,3742,58,1.5117,3800,2,2,1,1038,11,50713.6763,57,55.9423,527
5752,2ac7860c02b2d84a2d8d8b6b8680046ec39801a5,0,0,0,2004-03-09 07:06:56,83,59,0.0724,142,3,19,6,34,7,69339.0363,554,387.0667,11689
5756,2edb224f0ee2b298c4a31a6cec9df07569588b68,0,0,0,2004-03-09 07:08:10,37,34,0.0343,71,3,19,6,1038,8,10994.3162,599,408.1526,12168
5762,abe4de381a26b84a43c5107e5126fb81ff9c4e08,0,0,0,2004-03-09 07:32:33,44,3297,0.0415,3341,1,19,6,63,18,44578.3703,566,404.9049,12158
5746,0b89ca93277e53e23f6a12d06f20ce0d9f1b743c,0,0,0,2004-03-09 07:37:19,3742,3297,0.0672,7039,2,19,6,43,17,2102.8999,596,408.7217,11824
5755,397ea2aedd8918a3826742997a0b7b473509e19d,0,0,0,2004-03-09 08:02:21,3742,23,4.5298,3765,1,1,6,6,6,2888.8548,72,64.5338,279
5760,16678869ef5e1b6cf0ea6f865f889786582926ec,0,0,0,2004-03-09 08:09:51,14,3297,0.021,3311,1,1,6,8,6,86377.0,72,64.9649,392
5766,eeb11d5a58e2dc7ebbea9fe66ce6628d2f0c8d9b,0,0,0,2004-03-09 10:07:32,3742,68,4.5298,3810,60,1,6,29,14,58412.6891,536,409.0741,11861
5751,e18652cce8e86b8715268f0ddccbe2461423d54a,0,0,0,2004-03-09 10:16:33,97,13,0.2477,110,2,2,1,13,7,9038.9403,67,57.0702,232
5759,d977a32a90ef3841dfc0091556b40ef8b37f1285,0,0,0,2004-03-09 10:50:26,70,36,4.5298,106,60,1,6,37,19,63779.7619,107,53.1539,491
5769,a2ca6a706c65b2ef744161a0658dd21b1ab44b79,0,0,0,2004-03-09 21:54:02,33,32,4.5298,65,2,1,6,1038,3,35202.3627,11,28.3909,262
5761,fe1da76aff5267df83fa4b32f72c8d49ba875765,0,0,0,2004-03-09 23:35:41,3742,48,0.04,3790,60,1,1,1038,14,39756.9499,35,24.9855,234
5764,96af7561d048b526c1ec1cafa07e1896c919ea4f,0,0,0,2004-03-10 02:51:25,47,36,4.5298,83,1,1,6,1038,16,26124.6731,60,68.9852,519
5768,847d5e8c469a64e01135e5ad730f0a2216cfbde3,0,0,0,2004-03-10 02:51:54,3742,13,4.5298,3755,60,19,1,11,9,41004.9321,73,60.2915,374
5773,4bb39289ca4342361555641bbe1f5273d055bae7,0,0,0,2004-03-10 02:52:24,3742,3297,0.0399,7039,60,1,6,1038,3,40239.9234,87,59.3883,214
5763,e537688685986dbc507f5146bc35d347f1c59e7d,0,0,0,2004-03-10 02:53:42,3742,19,0.0209,3761,1,19,6,0,6,26854.8943,89,60.0837,438
5758,41f4eb0f1ec09977dbd7008ce9c1865cb66f0735,0,0,0,2004-03-10 13:49:50,66,76,4.5298,142,60,1,6,1038,11,55229.4128,611,389.7116,11854
5770,b70f36d56a9825f3fe973863205f67f8ef09d4ac,0,0,0,2004-03-10 14:13:23,109,105,1.4406,214,2,3,6,133,11,5493.1029,557,413.545,12332
5776,ea18d58d7fc55b4a8b357ade88b8de1e5011b1f8,0,0,0,2004-03-10 16:13:34,3742,71,4.5298,3813,60,19,6,37,14,79939.4911,613,414.6576,11651
5777,ba13268c92950bb9f4a062a62dfd6a605d039fac,0,0,0,2004-03-10 16:40:06,120,3297,4.5298,3417,2,1,1,16,9,8742.904,566,397.5853,11967
5772,dce1ae493486d8d76c2cca36f9cdcdb66712cbf9,0,1,0,2004-03-10 16:41:22,457,3297,3.3301,3754,7,6,1,252,56,42354.0529,661,428.5086,11667
5775,58525510aaa8d78b27cf9f489c781dbccd14fe7a,0,0,0,2004-03-11 16:57:21,3742,58,0.0742,3800,2,1,6,9,19,15789.9905,607,407.0264,11822
5786,f3645c2eaa2253605d0496524bec63bf9f8faa5b,0,0,0,2004-03-11 18:16:43,87,3297,4.5298,3384,2,19,6,1038,26,170.2741,42,28.2503,318
5767,150576b3b10245ad7230b070ed74cec39aa02f2c,0,0,0,2004-03-11 18:28:20,3742,3297,0.0236,7039,60,1,1,1038,6,5472.4069,566,404.964,12170
5778,5664847166ac465e31ee7480564d879835baf20e,0,0,0,2004-03-11 19:51:01,53,3297,0.0597,3350,60,19,1,21,16,71649.4336,40,25.7473,214
5783,af85cf894ea97235988d361fca44082939ec6346,0,0,0,2004-03-11 19:51:39,31,22,0.0294,53,60,1,6,86,4,40706.0409,33,16.922,12545
5780,6aa5ee3a9ed1263cc3356bdb9f48551d769a8122,0,0,0,2004-03-11 20:27:53,123,3297,0.7949,3420,3,2,2,8,6,38490.5878,614,415.5666,12008
5774,e3c45697f48850c3514511a5de213cad05b572dd,0,0,0,2004-03-12 10:18:58,86,3297,0.3663,3383,60,2,2,139,11,27899.1472,554,414.8681,12417
5785,538c59870c728801ab61a03760f9754640a624f0,0,0,0,2004-03-12 12:14:50,3742,41,4.5298,3783,2,19,6,70,19,17787.1923,548,390.368,12285
5789,4590d6e7b170d3653af8eed6ad9f319e6ed33985,0,0,0,2004-03-12 15:20:32,3742,64,0.0886,3806,60,1,1,141,9,19752.2601,592,390.2827,12312
5791,1d6029cf16fd7c16133377e2ec9a6919bb0f853c,0,0,0,2004-03-12 15:52:34,3742,56,0.0901,3798,2,1,6,146,9,3569.973,604,411.8008,11777
5784,4e447b054f64c7f1a1b815f1f5fd68f3c92b2fed,0,1,0,2004-03-12 16:25:04,3742,3297,1.7904,7039,6,6,2,209,32,32328.7196,604,410.9379,0
5790,1ae3ad90858c74e009d2d60099471bb1e246a0cc,0,0,0,2004-03-12 16:39:50,97,40,4.5298,137,3,1,1,41,20,2331.1501,544,410.8111,12323
5795,4aff6786e2e63607e8a907e5b69b895f1f1c8f1a,0,0,0,2004-03-12 16:57:14,3742,3297,4.5298,7039,2,19,1,139,11,679.2893,598,392.2644,11827
5782,45e5c28d1e27961fc4bb6349080d431732dd969a,0,0,0,2004-03-14 12:03:59,84,3297,0.9243,3381,1,2,1,131,9,75882.2024,179,35.861,580
5796,6ea75b76fffe8d055b79850f42acd62509e2fdf4,0,0,0,2004-03-15 18:28:44,68,3297,1.3846,3365,4,3,1,159,11,40576.6573,591,405.3378,12210
5800,5f6238bbbb40993ba6ddda28d909aaaf7d1a9f3d,0,1,0,2004-03-15 20:31:40,51,3297,1.2862,3348,3,3,6,165,11,30259.1545,590,404.9382,12154
5801,1d7e818612a7ffe89a01f302abf2367104ce0edb,0,0,0,2004-03-16 15:11:18,3742,3297,0.8837,7039,4,2,6,24,12,73552.9456,623,386.3495,11747
5804,e97e624194b70d2bc7fe30b4acdb9487b1d4fa8a,0,0,0,2004-03-18 11:37:38,3742,3297,1.0649,7039,60,1,6,213,25,2521.0859,616,417.2628,12398
5794,df1c4c57fb7e03e5fe4cf1df59818717b7121489,0,0,0,2004-03-19 10:31:15,123,57,1.5643,180,2,2,2,95,20,68281.7896,33,10.249,12545
5802,e10f663b8c8c94e63777389f88d022f09a43eb5a,0,0,0,2004-03-19 11:59:04,3742,35,4.5298,3777,60,19,6,73,18,3945.0304,21,7.0441,156
5803,3ae5b650007dd57fe7829aaa1867713f440ac935,0,0,0,2004-03-19 21:47:34,3742,3297,0.0527,7039,2,1,6,27,16,67263.4315,1455,0.3266,12545
5793,0c2e312055c62c08c393adfbe701c867c230e2ed,0,0,0,2004-03-23 10:08:29,32,25,4.5298,57,60,1,6,1,7,85459.9095,87,59.0963,399
5806,28e06fb046af95087a42a92310b130ee5486b354,0,0,0,2004-03-23 14:39:31,73,55,1.0444,128,3,2,1,45,17,42239.1828,609,394.0703,11875
5811,c785d8266e6c426cfbc61257eb43f8c081a090a5,0,0,0,2004-03-25 01:00:56,86,30,4.5298,116,60,1,6,1038,11,955.7253,300,46.367,702
5815,67f93f70cab75e498bde7deb5ddbdb997a88f7f2,0,0,0,2004-03-25 07:17:35,3742,3297,4.5298,7039,2,1,6,69,19,23130.3787,562,395.1009,11921
5820,0a05e0ca44ce1bb0df8eac348268667636c5ec27,0,0,0,2004-03-25 09:12:48,145,3297,0.7761,3442,4,3,1,23,5,77254.3762,546,390.9982,11775
5809,fc5ae197b170d08192cc6ac64146848cc839e528,0,0,0,2004-03-25 11:30:06,44,3297,4.5298,3341,60,1,1,14,5,40003.7132,594,397.2564,12257
5816,88b8f009374c3c1bb3c8e5b363f7cb34da27c1ac,0,0,0,2004-03-25 19:28:41,3742,90,4.5298,3832,60,19,6,34,6,72863.0632,617,382.8937,12349
5818,eada6c4df440a0a4e007e12f87abdc0cafa9f0a4,0,0,0,2004-03-26 09:36:18,3742,104,4.5298,3846,2,2,1,1038,7,71265.7415,548,415.9765,11760
5822,f3d7bb48ad3c843f091591641285842ba530078a,0,0,0,2004-03-26 16:55:52,138,24,1.0333,162,1,2,1,55,18,29859.0505,16,506.65,12545
5827,c91f621eb11a62ac07902cd0b3aded91dec148d2,0,0,0,2004-03-26 18:54:48,2295,3297,0.2115,5592,60,19,3,1038,12,29991.9254,510,427.8762,11626
5814,fe5424fdb08cd33fc6909e126545d15220d61326,0,0,0,2004-03-27 14:47:22,136,102,0.0244,238,60,2,2,10,9,19314.0596,188,47.2338,201
5823,28aa026e4bff36b86f5e68cd954d0f9543cef115,0,0,0,2004-03-27 15:55:40,3,3297,4.5298,3300,60,19,6,1038,2,25846.5188,153,45.2066,376
5829,ea49c43e4ab61e16e8064e4aca1d6d411b8643d4,0,0,0,2004-03-28 17:11:19,31,106,1.0273,137,4,19,1,13,6,15417.108,153,44.4694,598
5813,f07dc9853a376457a771998591158e3a330cf47f,0,0,0,2004-03-29 12:05:49,3742,3297,4.5298,7039,3,2,1,117,9,84435.0851,544,383.3802,11772
5825,e9e31bb0eea36b9ff64fe2466ab523f727033d65,0,0,0,2004-03-29 15:28:22,41,34,0.0292,75,60,19,6,11,8,10787.8423,562,405.4489,12148
5836,8d1ec82ba968b6be683acb4b07b59227e88910a5,0,1,0,2004-04-01 08:01:19,140,3297,0.0225,3437,60,19,1,6,0,29398.0158,588,405.2021,12166
5821,178ed499c60256b45eefec67fffa07df6cd8a930,0,1,0,2004-04-02 11:12:03,480,104,0.0325,584,60,1,6,11,9,10733.1946,589,395.6335,12171
5830,07a496501aec68bdd3a58048fd00b72323142ed3,0,0,0,2004-04-02 11:57:55,42,39,1.0368,81,2,2,1,52,20,35599.3247,181,37.9989,600
5838,8a0db92bc808bfde10fa0ffa78d732083dd01171,0,0,0,2004-04-02 15:53:41,3742,41,4.5298,3783,60,1,6,19,17,14974.1848,182,44.5594,315
5799,89a130107fcee4596e0df33fea61241cfcd326e9,0,0,0,2004-04-04 01:57:33,3742,3297,1.1353,7039,2,3,6,81,10,26148.0265,31,19.2075,7
5839,b57c6b98f8f7e5e904919d8cb28394044d7675b3,0,0,0,2004-04-07 09:31:44,238,235,4.5298,473,2,1,1,21,11,79276.0549,616,392.6714,12257
5824,9e709886f36c2d2eac483e9a02350eb6f509d2fe,0,0,0,2004-04-07 16:21:48,3742,3297,4.5298,7039,1,1,1,9,10,24913.4113,157,37.277,546
5833,2671c6826362ea0a2ff7154ffcff1a623916a37f,0,0,0,2004-04-07 20:19:21,28,3297,0.8369,3325,1,2,1,1038,2,37364.6702,34,26.3221,12545
5840,e7b1ed119681f0f70b190c88032e08cb8a61e0f9,0,0,0,2004-04-08 00:48:20,77,36,0.2624,113,1,2,1,163,10,36073.524,33,13.6145,188
5845,d6bf9986346a7744a3d85110adcf6949c394262d,0,0,0,2004-04-08 04:29:50,3742,29,0.923,3771,1,19,1,132,51,33514.4128,98,54.7759,218
5834,da4b716b8c1dc297e2f67088e42cb0522b8484e1,0,0,0,2004-04-08 04:30:31,37,3297,0.0207,3334,2,1,1,1038,7,15854.2394,66,65.8977,233
5841,4af15e21d9305a10e2902ddcd0bcae695e56d3bf,0,1,0,2004-04-08 04:32:32,35,21,4.5298,56,60,19,1,7,10,44153.0831,84,63.1176,319
5837,1e1da45e27eb6799657de1f854fb05caf8b5387e,0,0,0,2004-04-10 04:50:27,3742,3297,0.6042,7039,2,2,6,6,6,41132.6232,15,20.2822,163
5842,a2000747487e63c915b968a016df1088c211faae,0,0,0,2004-04-11 19:26:57,3742,36,4.5298,3778,60,1,1,87,4,62541.1603,29,26.1023,203
5848,69d0de98ba22a4fd29fd9373c34971964f34c788,0,0,0,2004-04-13 13:54:01,56,3297,4.5298,3353,2,19,6,17,11,86377.0,593,397.0485,11864
5828,de790eb0429cf1171763daa02dc07502a021d213,0,0,0,2004-04-14 23:52:48,3742,44,0.0652,3786,60,19,6,182,9,48877.0944,1455,2.4482,12545
5846,c9a38bcf81f36b307b8057b6db2378dbbeb65538,0,0,0,2004-04-15 11:57:12,86,84,0.0818,170,60,1,6,34,5,85184.9504,604,414.0255,11671
5850,3d8fed2fad4769ff34b596d5b12b5864060edc61,0,0,0,2004-04-15 21:51:42,3742,3297,0.0492,7039,60,19,6,1038,18,14297.0302,557,410.665,11822
5851,ef50efb61fa3de82667a8699a9c53c4fe32583a4,0,0,0,2004-04-15 22:19:57,3742,1,4.5298,3743,1,1,1,10,10,64506.5744,87,65.9315,300
5847,f879a4dbc5e56da7e8cb4c2f994a082cad89da81,0,0,0,2004-04-16 00:00:19,3742,52,0.0429,3794,2,1,6,14,19,29941.9853,54,67.1099,244
5849,44fd5c6b4353fd6ba5946acca589b5881dd81f60,0,0,0,2004-04-16 17:17:37,3742,37,0.8749,3779,3,2,1,28,12,42367.4771,545,409.8175,11788
5854,73db4c06b239b95f0f7db44e703c7f73adf91b2a,0,0,0,2004-04-16 17:53:37,70,3297,4.5298,3367,60,1,1,21,12,1269.4404,594,394.1034,12181
5831,9ffe8af10c0fc460976e9db71d85622349856ab4,0,0,0,2004-04-16 20:48:55,102,3297,4.5298,3399,60,1,6,66,50,12470.4488,309,46.3647,791
5852,17265d49fc1714a75a42f5321ff53452921b4af9,0,0,0,2004-04-18 16:05:26,139,3297,4.5298,3436,60,19,1,66,50,67742.1943,325,43.6103,185
5862,662a3102da84db0c64763cdaf685f44ed374ecb8,0,0,0,2004-04-19 08:54:41,115,3297,0.095,3412,3,2,2,42,26,17038.7176,1455,12.9252,277
5861,b6f06c8c3a3d2dbedc392225b8898f30048bb38b,0,0,0,2004-04-19 11:43:08,3742,28,4.5298,3770,2,1,6,1038,18,16448.5674,4,13.4875,295
5858,0885117cb58b4828e8ab2702ae44f9bc65a2be71,0,0,0,2004-04-20 01:44:05,37,17,0.0214,54,2,19,6,10,1,6966.496,36,24.4318,168
5865,66f3e054707ed3055265fa87d1d9c550002ce48d,0,0,0,2004-04-27 08:13:11,3742,32,0.9671,3774,2,2,1,24,16,48105.8906,91,69.7146,159
5869,f114b78d043a32938b40b304ee234313ce98c116,0,0,0,2004-04-27 22:10:59,69,59,4.5298,128,2,2,1,73,50,41250.1337,97,65.851,208
5870,c6b9a37642fca102d5504e61bdb48fb119f9bfdb,0,0,0,2004-04-29 22:39:39,82,3297,0.9098,3379,4,3,1,1038,23,55399.245,271,43.457,405
5856,e196e7a2d7eb4a371bad5d9cdfbb7b6db966bcf2,0,0,0,2004-04-30 00:57:27,47,59,4.5298,106,1,1,1,98,50,8468.961,262,56.3812,395
5867,e5cfb69fc14f963693e839e1c6197b53318590c9,0,0,0,2004-05-01 09:35:50,31,18,0.0384,49,1,1,1,73,18,26298.5956,290,55.1914,671
5872,e2ef7fe879797c8f2c4f3057d66adc3c51950ffe,0,0,0,2004-05-03 16:39:17,4,5,0.0049,9,1,1,6,3,8,70670.3055,81,61.6554,360
5876,de0c0f935d6cbd6c620815bd964be62fdd42fb50,0,1,0,2004-05-04 02:54:44,13,11,4.5298,24,60,19,6,12,8,70092.6831,80,61.7009,331
5853,243e433b2575f01aa5d4a77ff311cffaab964f65,0,0,0,2004-05-04 03:27:44,3742,3297,0.0344,7039,60,1,6,1,7,74502.3741,10,24.5682,14
5866,bfab82e4fb499c11ed76b39d5afc5df68c11bb09,0,0,0,2004-05-04 06:11:37,3,50,0.0624,53,2,1,6,1038,18,15950.2991,1455,13.4637,12545
5877,eb4fd5f374ac809ddef67c9da6ae8404c38ced7d,0,0,0,2004-05-06 16:24:35,40,36,4.5298,76,60,19,6,1038,6,31448.5226,589,407.2684,11960
5882,074f59e21783371cef3e59e1d0c2c6dc215e08a2,0,0,0,2004-05-06 17:01:49,109,52,0.3786,161,3,2,1,111,48,60585.1711,189,32.7179,678
5881,1e8892a0f5d1415a2ecffafecb6dd19cf18f8da7,0,0,0,2004-05-07 21:15:56,62,52,4.5298,114,2,19,6,103,48,16751.6887,300,48.1072,807
5883,615048528f0d502892ff4470386e3513dda65fe1,0,0,0,2004-05-07 21:51:00,3742,3297,0.0571,7039,60,19,6,70,50,136.0679,299,57.9026,888
5868,8ea532994756c2178365a8aab62f70e4dee87eba,0,0,0,2004-05-09 17:01:25,44,39,0.0133,83,1,19,1,23,17,18780.4994,275,49.5032,646
5879,e010b85525de1c3abfad3a8fc6236e8366f85266,0,1,0,2004-05-10 17:19:47,300,44,0.2773,344,2,2,6,18,7,49466.336,183,44.2581,559
5878,c9931c0dde40871da7e6268d1094a2a674a10d85,0,0,0,2004-05-11 09:49:32,3742,3297,4.5298,7039,1,1,6,1038,7,44368.9458,17,20.0838,126
5896,4c353e83109eb658fd7297d1a7d098dbc431d917,0,0,0,2004-05-12 20:32:16,3742,3297,4.5298,7039,60,1,6,1038,2,79944.1216,70,65.6666,215
5880,27d978aa50e324cf60e71357827bc3ffc3f69ae1,0,0,0,2004-05-12 20:52:56,92,3297,0.5424,3389,2,2,1,9,21,39827.5093,1455,3.4119,12545
5887,1029cbc04c110f25069665daa671cec924b82c2c,0,0,0,2004-05-13 07:15:54,27,32,0.0503,59,1,1,6,1038,6,38196.629,159,37.9391,509
5894,338b3e0eaa41194d2e15d0581a8f1c8e8cd8ab63,0,1,0,2004-05-14 10:50:11,45,3297,0.0105,3342,1,19,6,5,4,83198.298,14,19.2679,12545
5899,c01c490dc84337b79da70e0ab7a8732f30aeabee,0,0,0,2004-05-15 03:52:37,51,35,0.0412,86,2,1,6,7,8,36197.6081,9,12.9192,12545
5888,02bd0b6b08d58468fd7af9dab7a83befaf54b5c0,0,0,0,2004-05-15 03:58:37,37,42,4.5298,79,60,19,6,32,16,38547.0425,42,11.1625,163
5890,ab51cb35a2b8fef16cfb08b6ba27bf61055b8dee,0,0,0,2004-05-15 04:09:40,16,12,0.0108,28,1,1,6,2,8,53547.2642,22,16.7692,70
5901,cc16088c001986efcbe6603f7a087f749b661e81,0,0,0,2004-05-15 04:27:13,3742,3297,4.5298,7039,60,1,1,1038,14,55226.4016,34,11.1549,12545
5889,4a784e0c702e8f23afe34ae0ac04dd6a040948a8,0,0,0,2004-05-15 04:48:29,3742,35,4.5298,3777,60,19,1,2,13,75739.4423,2,24.0889,12545
5895,647ab88d37f89142e2c1c6d1cfd492660c1bd346,0,0,0,2004-05-15 04:53:01,3742,3297,0.0197,7039,60,19,6,17,3,22783.6173,31,22.1677,12545
5903,8031146ac11dc920f388e60427a2772f51f8436b,0,0,0,2004-05-15 05:07:13,3742,17,4.5298,3759,60,1,1,6,9,59658.376,13,20.7308,12545
5906,ab37bcca98f8eb25db4318712e2e81a803a7261c,0,0,0,2004-05-15 05:10:39,3742,47,4.5298,3789,2,1,1,168,10,34027.279,2,24.7053,12545
5892,13f27bf78c3d4d3bc406c8202e33259683374dca,0,0,0,2004-05-15 05:12:38,3742,19,4.5298,3761,1,19,1,7,9,56831.3492,11,14.5336,83
5898,f8456eff6db88ea646bdaa753ad35f5893d5faa0,0,0,0,2004-05-15 06:22:25,85,3297,1.4622,3382,4,2,1,1038,22,50798.5483,31,12.8366,12545
5909,0e0cca2df2bbd702cf0e74a2018f14c9ec678a37,0,0,0,2004-05-16 07:29:19,3742,52,0.0723,3794,60,19,1,1038,20,2443.4344,36,27.6968,12545
5905,969d2215370e896496559e06b95292491a58dba8,0,0,0,2004-05-17 07:53:29,93,3297,1.034,3390,4,1,6,33,5,50986.1627,618,415.6174,12372
5911,845c693808ea082c483e0da7cbd228e7bd4caaf0,0,1,0,2004-05-17 15:00:36,301,76,2.5807,377,10,5,2,39,31,35999.7662,634,416.8317,0
5914,2343aba28a0c07cd864ce043f2c0ac2139f77cc1,0,0,0,2004-05-17 22:27:11,3742,3297,1.2492,7039,4,2,1,35,19,24273.0326,305,58.4743,409
5893,cb3759fe4f0ac665050c979cf1e10fe8e858f31a,0,0,0,2004-05-17 23:14:59,3742,21,0.0212,3763,60,19,6,8,8,8759.2316,83,64.3717,400
5922,b6dc3898fb26c4af6eb76681a8dc22459514714a,0,0,0,2004-05-18 07:12:07,102,33,1.5887,135,2,2,1,89,18,29108.89,88,56.5387,245
5907,7b4d09cd52d67ca960597e4c5db89d6dcf08843c,0,0,0,2004-05-18 17:35:10,3742,40,0.0506,3782,60,1,6,21,18,76900.1705,182,36.0806,350
5915,ccaaaaf43aa028a9f6e6b549bddc2bb0c2ee2fa8,0,0,0,2004-05-18 18:14:44,3742,3297,4.5298,7039,2,1,1,49,19,1548.8593,185,45.7434,613
5920,add3d59063a18d10cf2e6a3ff443f900137c4da4,0,0,0,2004-05-19 06:21:24,3742,31,0.0385,3773,60,1,6,24,17,44616.2042,146,36.8884,552
5925,03c950ecd39160f51681679ef321563319dea67f,0,0,0,2004-05-22 01:19:10,3742,25,0.9715,3767,3,1,6,90,19,42497.4116,99,65.5001,174
5910,92882dea6dd716c720e660614df19d51444f3fbb,0,0,0,2004-05-22 06:11:00,3742,17,4.5298,3759,1,1,1,17,10,34014.11,87,59.5041,272
5921,854e9043c564539ad1972f1eff6db863d5917d7d,0,0,0,2004-05-22 10:11:39,3742,3297,0.682,7039,1,2,1,23,23,43905.8715,32,12.592,12545
5926,3a75c93c25390e3cf32e4e611bac714cace5d361,0,0,0,2004-05-22 18:50:50,34,3297,0.0445,3331,60,1,1,8,16,54868.0345,95,54.5458,211
5875,b48a9160c64c5eb3097a98e157c3a375026f041f,0,0,0,2004-05-23 20:05:30,3742,18,0.9491,3760,2,2,6,10,3,72981.8931,67,65.097,246
5918,903d4b5cc93e1b9e158887d7478b96d5cd482c95,0,0,0,2004-05-23 20:06:40,13,43,4.5298,56,60,19,6,14,16,5646.8696,62,54.7942,434
5928,fe7cf9a1aee391d18c32098167b76dca86a35513,0,0,0,2004-05-23 20:38:10,3742,33,0.0701,3775,60,19,1,109,48,50601.7458,51,54.9872,219
5929,acd6d180223d89c7f32d630068e525af664fd7c6,0,0,0,2004-05-24 05:37:37,3742,27,0.8917,3769,2,1,1,85,20,55376.589,97,58.8652,236
5908,a940bfc676108498b99aecfd295161f6aafd106f,0,0,0,2004-05-25 21:28:24,34,40,0.2929,74,2,19,1,19,16,25511.163,273,56.3087,696
5924,598211d7f1cc3b583508ab9a1659a85829269b9f,0,0,0,2004-05-26 13:31:53,3742,31,0.0362,3773,60,1,1,25,8,33754.1347,561,404.9146,11912
5930,b3b6e64f8a9309a84e33fb0fe8335231c4066a68,0,0,0,2004-05-26 13:35:55,3742,32,0.0724,3774,2,1,1,1038,8,38924.943,593,405.2282,12181
5932,cd706a4fd690360bcbb762fbdb8e319eb2f36bec,0,0,0,2004-06-01 15:55:48,3742,45,0.437,3787,3,2,1,1038,10,27037.1091,182,36.7563,513
5919,b874fd4f5afcb6e71666f18b98d372bec14d0c82,0,0,0,2004-06-11 09:36:36,54,3297,4.5298,3351,2,19,1,64,13,28992.3806,186,37.0874,301
5927,89a756b645560d42d67dae759c2847bb8f8a36e5,0,1,0,2004-06-15 09:21:23,654,60,0.4438,714,3,2,6,16,60,34796.345,181,33.5979,258
5934,f7623b59e4af61e201e71f8c1885747cfca87de5,0,0,0,2004-06-22 10:06:38,98,170,0.0348,268,60,1,6,1038,7,48361.0419,181,38.1507,315
5931,aba36b6f20dd64b55952dcfa21ec6fca33763a78,0,0,0,2004-06-28 22:51:42,9,45,4.5298,54,2,1,6,34,19,2766.3621,263,47.622,391
5937,ec89a360d1ecf00b6c5224c53d2c15134b7a448e,0,0,0,2004-06-29 22:02:17,3742,39,4.5298,3781,60,1,6,34,21,84310.4503,299,58.484,689
5939,d21d71d898ec3d3b77521d48f339038ba7e7ce69,0,0,0,2004-07-04 16:14:58,12,15,0.0188,27,1,19,6,62,13,23526.1959,275,49.2944,565
5943,cac4976bb95c9744199288d6ea1960b983807e57,0,0,0,2004-07-05 23:43:55,141,83,4.5298,224,2,1,1,12,21,6795.2661,306,47.1084,735
5923,db47f71cc575fa251bcbc1a4927a8ac6f5e57430,0,0,0,2004-07-06 07:31:25,504,456,4.5298,960,2,19,6,9,19,26596.0885,130,53.3798,283
5936,721e725ba497e8a9562e694090c53a093ea6ab9a,0,0,0,2004-07-06 20:09:58,413,521,0.0568,934,2,1,1,49,21,47138.5874,317,39.4299,837
5941,f6f2ab667ea23426a8532fd38be2250d93485e2f,0,0,0,2004-07-07 15:12:31,3742,3297,1.2882,7039,4,2,6,16,3,35299.3633,1455,2.8023,12545
5913,6aa19d8bd3b1a61b98b2e07aec2dc949bc0f0d10,0,0,0,2004-07-10 11:10:55,3742,29,0.0672,3771,60,19,6,11,16,55606.7231,42,24.7875,12545
5935,7be79de2156d752ffd4ebd9a58316d01919d3584,0,0,0,2004-07-10 16:04:10,0,3297,0.049,3297,60,1,6,8,16,16813.0369,1455,21.8643,12545
5942,0d966a32e3f43db5ae7f4191baadd51dda0c25f7,0,0,0,2004-07-10 16:28:57,3742,22,4.5298,3764,60,19,6,1038,60,60106.2447,30,15.0026,12545
5945,0b39709ea3c75983a7a5a2c1b7c6863892fc5f7a,0,0,0,2004-07-10 17:47:08,26,20,4.5298,46,1,1,1,6,6,4391.2703,23,16.783,12545
5917,72c295d75d6781700d2a6a423893344b05bfb495,0,0,0,2004-07-10 18:23:28,3742,3297,0.0338,7039,1,19,6,9,6,1650.4423,175,45.4188,527
5938,da70e0d338b0d4c7cc0e6984be0748af2323a230,0,0,0,2004-07-11 09:08:54,43,3297,4.5298,3340,60,19,1,13,19,45381.669,304,56.834,438
5952,6c6b9a5336ebd529f61010212afc173443d73026,0,0,0,2004-07-11 19:40:26,161,48,0.0525,209,2,19,1,87,50,22803.0882,266,56.6254,486
5948,d140963621e5a96e61c12ef7cd481b349c653675,0,0,0,2004-07-11 19:41:25,63,16,0.9871,79,2,2,6,1038,7,45093.8279,288,53.1368,636
5933,fc14caceb5f4cb20b9f4268be3fc61f0cc65490e,0,0,0,2004-07-11 20:26:48,80,56,0.0834,136,60,19,6,121,50,970.1818,267,46.288,418
5947,e250063741675d01d565c62b0caeea48a97eb597,0,0,0,2004-07-13 09:01:32,868,53,0.0721,921,2,19,6,1038,1,31145.2962,595,407.1292,11897
5951,7a477ecd185e81b9c7a8449c0f51200e9aaeb0f5,0,0,0,2004-07-13 12:17:45,3742,28,4.5298,3770,2,19,6,1038,8,34327.9705,561,404.9326,11942
5956,4245e081076dbafb6c13a6da04e83a7743895817,0,1,0,2004-07-13 17:38:03,495,3297,0.6878,3792,5,3,2,39,24,59674.4418,547,394.4593,12449
5958,0aa7c01336f3503bba3a96e68c188494b70be928,0,0,0,2004-07-14 11:06:55,334,201,4.5298,535,60,19,6,13,16,70016.8048,557,397.0349,11941
5940,efe928cd8c066d1f98e8039fa69759fbf8a7fe68,0,0,0,2004-07-14 19:12:39,180,39,0.0224,219,60,19,6,3,10,60738.3572,276,50.1645,536
5965,33ed8887eef3b47b350bac5fe9f50f591033aa4d,0,0,0,2004-07-14 19:26:26,182,3297,0.233,3479,60,1,1,127,46,81745.6183,347,74.5194,57
5962,6194c59e50fbd430502dbfabe5f32a2aa8c0e5f5,0,1,0,2004-07-15 09:47:21,644,746,4.5298,1390,2,19,6,1038,20,68493.0913,597,395.4221,12215
5953,836f141bbcf9b868848610032455609e24f91220,0,0,0,2004-07-15 09:58:07,3742,85,0.1317,3827,60,19,6,57,19,60120.8257,599,412.7246,12331
5959,ea738f7e0ec784718e5426c3215c616bb4af5b1a,0,0,0,2004-07-15 11:26:55,52,3297,4.5298,3349,60,19,1,18,16,65329.84,93,8.4885,591
5963,ef2a9779d0bc4e71fed63892bff4ff6752a4489b,0,0,0,2004-07-16 19:43:11,97,3297,0.6628,3394,2,19,1,66,18,35951.4795,1455,7.5378,12545
5964,1e04f93cb556e93ed65aae31d4a8110db2eaed08,0,0,0,2004-07-16 21:48:02,81,3297,1.0261,3378,3,1,1,10,1,79393.7264,122,9.8146,982
5960,f6dafee96aeb8b02bc5948750fab3f9237439dc0,0,0,0,2004-07-18 12:46:09,6,60,0.8687,66,3,2,1,8,18,24768.019,149,45.6784,555
5968,0eb9fe51f830a4274303f6a8eecc55e559afe07f,0,0,0,2004-07-18 16:25:03,3742,3297,0.4927,7039,2,2,1,66,18,65815.4498,151,37.055,530
5970,d7f85466c39816871bc630cd7b2b48fbd47812c4,0,0,0,2004-07-18 17:02:42,71,3297,1.073,3368,1,2,6,43,24,23817.7382,256,46.6702,386
5961,4b510b24c849d203ccf4dfb68fc8f44c19c1a48e,0,0,0,2004-07-18 19:38:36,449,139,0.944,588,1,2,6,1038,11,34993.5363,299,57.2582,749
5969,9af2fdca57e0af9d2b95e55cfbe16fcf2601e348,0,0,0,2004-07-20 14:07:21,3742,40,4.5298,3782,1,1,1,1038,10,74616.1176,121,19.2444,678
5967,52cc8f17042194114865b311dcc76495b0988695,0,0,0,2004-07-21 21:42:33,62,3297,0.0837,3359,2,19,6,43,21,16001.7684,28,13.9333,144
5971,11dc5849f44e3f2f976691cbea5770502c5fb517,0,0,0,2004-07-23 19:28:14,25,18,4.5298,43,2,1,1,6,12,86153.2386,1455,506.65,12545
5974,d26327e6746ea6e3fa41784324f944c4763afcf1,0,0,0,2004-07-26 20:51:54,3742,3297,0.0299,7039,60,19,1,85,17,81473.2786,291,55.5541,749
5955,3ce479a7de187e5e5d408539a1d0943c22146ff0,0,0,0,2004-07-27 20:31:02,92,65,4.5298,157,60,1,1,31,22,20391.9131,268,55.5732,721
5972,c67860f06218a2036a71e8faf9cc77bd31ca6046,0,0,0,2004-07-27 20:49:19,41,26,0.0217,67,1,19,6,12,18,12822.7951,296,49.4883,514
5976,1388a0f607af517d5002f7a07f4ae350607570ca,0,0,0,2004-07-30 20:48:49,140,26,1.0089,166,3,1,1,1038,1,73496.8982,260,47.7068,792
5981,ad310ba9358125a981e11e64259c145e991dbebb,0,0,0,2004-07-31 03:37:31,97,3297,0.123,3394,60,2,1,41,8,68259.8965,536,409.018,12318
5966,1729556753b26c3fea406769dfe29181477b6548,0,0,0,2004-07-31 03:39:28,3742,23,4.5298,3765,60,1,1,7,4,25833.299,590,405.2143,12147
5975,1922464cd11e370cfb624e6057e0ff270097d1ab,0,0,0,2004-07-31 20:32:57,3742,3297,1.5233,7039,4,2,1,49,22,57914.6803,256,57.4611,802
5982,af7b8e46e41d90728674abe9c166d1724789c0fb,0,0,0,2004-08-02 07:19:56,152,52,2.1813,204,7,1,1,1038,1,27941.7816,96,21.5459,674
5973,cf4237523c7a972e13931f7331662de27212bd5d,0,0,0,2004-08-04 19:39:10,34,36,4.5298,70,60,19,1,19,11,19180.5257,123,11.6734,925
5984,8338eceadc85dd2b0db05d7c71c345b5cdc8b01f,0,0,0,2004-08-13 20:16:15,3742,3297,4.5298,7039,2,19,1,1038,16,2364.5801,133,10.1406,673
5977,33cc90689ceb0c3bb1eaaaae9909032b5ea36814,0,0,0,2004-08-15 20:26:53,122,3297,1.6213,3419,5,2,1,1038,17,36172.9852,122,19.9293,934
5985,c12e2f3ac28732f70a1d01f746d485ac52dfbf41,0,0,0,2004-08-17 22:18:35,3742,71,1.4839,3813,5,2,1,1038,17,5319.7,88,20.2175,595
5988,74e54db888ac6fc0729c683b60314e4cbc89907a,0,0,0,2004-08-17 22:56:07,64,3297,4.5298,3361,2,19,1,17,18,3415.9038,96,20.8062,944
5980,a242ef781008a646535318c6baea9b91182896a0,0,0,0,2004-08-24 07:30:12,75,3297,0.1312,3372,3,2,6,16,6,34243.0647,125,19.4086,913
5989,cf377ecb67bcd5242fe1c4bd192cf64e503bcf33,0,0,0,2004-08-27 15:48:08,21,18,0.0214,39,1,19,1,6,5,79581.3637,4,10.1674,98
5986,00a8dcce9474bdf43210fa4b82358be46abf9868,0,0,0,2004-08-31 22:50:38,84,3297,1.5296,3381,4,2,1,114,48,54236.1873,144,23.4682,668
5997,6cb4716ab6ce88d9be05ff9a58ac3910fe752237,0,0,0,2004-09-03 04:04:07,19,23,0.6098,42,2,2,6,1038,3,44873.2768,18,24.5098,167
5990,30d3b2a6c2699ef1ae51519c51609021e7753e31,0,0,0,2004-09-03 08:49:09,84,58,0.0567,142,60,19,1,10,2,55587.6825,148,47.7339,547
5995,1cb00ff7309b5f48479ffcc2081f8fa25131f181,0,0,0,2004-09-03 09:20:27,41,3297,4.5298,3338,60,1,1,46,19,9455.3628,185,35.3578,536
5998,e9101d864748c0f608be70125edc4c59eafafe5e,0,0,0,2004-09-22 13:04:35,67,35,4.5298,102,60,19,6,1038,1,16177.5557,186,46.0317,292
5979,b21b90590f7c1ad81720c2603cfdf0ad0552f249,0,0,0,2004-09-22 13:53:14,39,3297,4.5298,3336,2,19,1,11,1,2394.4431,178,37.5421,536
5994,45f62ff7437c06b4ad4f4b4e6942bbe5d3581467,0,0,0,2004-09-22 13:59:31,3742,3297,0.0433,7039,60,19,6,14,0,86377.0,180,44.7642,295
5992,5108cf86039bfefe081ee7b394f472b21c03d67e,0,1,0,2004-09-30 15:59:54,36,3297,0.5877,3333,2,2,6,96,49,42966.1563,154,37.6671,366
6000,8b562686418190a3b797085f510c62ed5a9a46ca,0,0,0,2004-09-30 21:23:38,3742,31,0.7354,3773,2,2,1,74,13,18502.786,270,56.393,745
6006,90d2f6aa3be9f7773ba82a5fbc9819983e1f8fd7,0,0,0,2004-10-05 08:53:38,36,27,0.8031,63,2,2,6,97,49,46793.6907,103,11.8733,879
6003,607466324bdb647a4b78f5895af55326e5643d4f,0,0,0,2004-10-11 21:46:10,33,18,0.965,51,2,2,6,10,13,55874.2783,276,50.5428,665
6008,c1f228b1ac4d427929eb470d52ae9df77208a358,0,0,0,2004-10-11 21:55:41,4,3297,0.7048,3301,3,2,6,39,14,1533.7599,264,59.169,754
6011,23204cf8e0e99708486e2993c5aadb19f3fd03be,0,0,0,2004-12-06 23:08:09,3742,19,4.5298,3761,60,19,6,14,11,6099.4783,266,55.7483,499
6002,ddebc21b8ec44a21ce8a7e285b0456e7180734df,0,0,0,2004-12-06 23:38:15,31,26,0.0324,57,60,1,6,1038,3,23073.1775,275,49.1331,547
6007,aa8f5def882534d1249db9602f0876239ff0dead,0,0,0,2004-12-07 01:05:51,3742,64,0.9905,3806,1,19,6,90,25,15603.87,262,62.9261,809
6010,9d1fb3e6b8d06d9e50e330adaf9645cd70b8d8fa,0,0,0,2004-12-08 18:06:50,3742,101,4.5298,3843,60,19,6,22,4,48989.409,1116,506.65,7750
6017,03e2d2accb7295c42d9a4b8011009339c68859d4,0,0,0,2004-12-08 18:12:17,75,58,4.5298,133,60,2,1,104,17,60119.6133,1029,506.65,7868
5996,4747d7a5c678d91bc6929a49a7652b2b5e39da5a,0,0,0,2004-12-08 22:45:33,3742,3297,0.0138,7039,1,19,1,7,7,8435.4892,72,60.2868,418
6009,16b05b055d89316422f10c825ac7becf744b6ea5,0,0,0,2004-12-09 21:05:07,3742,3297,0.013,7039,60,1,1,16,15,23589.5461,289,50.3781,650
6014,179164d68ef8d2b3449ef601ce8d7cf2cd31fef6,0,0,0,2004-12-09 22:07:53,28,29,0.4362,57,2,2,6,12,8,24724.0983,268,56.4795,455
6026,3a54fc72269b11906d2cf13cb693c409f98912bb,0,0,0,2004-12-10 13:12:00,202,3297,0.2429,3499,3,2,1,43,46,19548.8632,1040,506.65,7427
6004,90b803ba200749826df044fa0513227b3395b5c1,0,0,0,2004-12-11 20:38:46,3742,3297,0.1728,7039,3,19,1,117,20,5643.532,1119,506.65,7895
6013,498ea95e37f0312c1f63b6da120f67e696ddbc80,0,0,0,2004-12-12 23:24:37,126,57,0.8974,183,1,2,6,69,14,78009.5161,301,47.1442,441
6016,31296e8748008a54538084e657593da3e1f38783,0,0,0,2004-12-13 02:58:55,44,3297,4.5298,3341,1,1,1,4,10,26831.525,72,64.7549,306
6020,65faaf2360fda7ba349fc4d4cd662c1107033378,0,0,0,2004-12-14 16:18:14,3742,53,1.1209,3795,6,1,1,178,26,49489.2037,45,506.65,12545
6005,f8d17c7f44e6302bc3479328d34d154095c51cdf,0,0,0,2004-12-15 07:06:39,3742,30,4.5298,3772,2,19,6,16,9,15800.9683,72,66.4234,428
6029,bfa9a7437e62365e9a12901b91754a82ffc1dcab,0,0,0,2004-12-20 08:54:43,3742,43,0.9566,3785,1,2,6,24,17,45110.4856,46,506.65,250
6033,e776ad43a1b170cf34812083d0ba8ebcb68e9463,0,0,0,2004-12-27 21:38:38,37,3297,0.0624,3334,1,1,1,51,13,79024.4234,95,55.2131,442
6037,cf4401840a9f352a962721ad717b79b3da756e74,0,0,0,2004-12-27 23:38:27,3742,26,0.036,3768,1,19,1,24,8,15897.9636,70,58.0284,427
6022,87fbe47d7fc95cf8b554d4cb41b768ca57ebfe69,0,0,0,2005-01-02 23:22:03,41,3297,4.5298,3338,1,19,1,18,11,74132.4206,68,43.635,394
6031,f4b3bf88b8825348c7caca6573f0737e2b4a76fb,0,0,0,2005-01-03 15:29:12,19,25,4.5298,44,1,19,1,4,7,29176.2297,289,71.929,529
6039,5dc5133d1e04352a186dea0d2b422fbb1febe2dc,0,0,0,2005-01-04 01:52:28,51,40,4.5298,91,2,1,1,90,50,56470.2797,99,31.4171,162
6041,ee4999089dc1db989c4337347c38f5d5f1d7e743,0,0,0,2005-01-05 09:58:23,31,36,0.2486,67,3,19,1,19,17,22921.8649,124,54.2685,985
6028,ff2f11e01a0ec36cab078fa5ef0103b21037980b,0,0,0,2005-01-05 14:46:41,3742,23,0.0339,3765,1,19,1,10,9,6591.0611,293,66.4929,660
6034,ba4293e029c1586b359e2906bfd4dd5a6fe9793f,0,0,0,2005-01-05 21:34:32,26,20,4.5298,46,1,1,6,9,10,24709.7178,273,68.373,553
6035,ec626f6e41e9035f78334066a5feaf43a45d24b1,0,0,0,2005-01-11 16:57:15,74,30,0.4438,104,3,3,6,2,12,52809.9852,273,66.688,516
6021,94198d211d59895c265727ab7d11be8173136598,0,0,0,2005-01-12 22:05:22,45,3297,0.9699,3342,3,2,6,1038,12,46645.4158,117,52.7529,887
6036,3bc315cc72b00a51e73e717663ee098ee9663d29,0,0,0,2005-01-13 11:06:15,3742,24,0.0191,3766,1,1,6,7,10,2416.1571,1070,178.9196,8052
6043,9bed55c129b93dbebeb95e4cf9ce2de4e8d2fc2a,0,1,0,2005-01-13 12:49:30,82,41,0.0112,123,60,1,1,13,8,47306.7027,575,282.3949,12089
6046,59b64e5ae18a1630841838a91a060da1a626e8fd,0,0,0,2005-01-13 13:06:12,43,38,4.5298,81,2,19,1,15,11,55130.1866,1094,170.8063,8274
6030,4b4da3f891eebf2667d17a56af79d9d33ed56c25,0,0,0,2005-01-13 13:13:26,3742,3297,0.4926,7039,3,2,1,11,13,34298.4166,1098,183.6642,8025
6048,902fd5405d36f09e94347f900b6714d87caf0c30,0,0,0,2005-01-13 13:17:37,3742,338,4.5298,4080,3,19,6,151,50,57877.6941,1126,166.9893,8459
6047,fba37747f6d0fb9300c2f90a41c46ef016e80e88,0,0,0,2005-01-14 12:15:13,26,3297,4.5298,3323,60,19,6,47,17,34511.8227,270,66.6488,483
6049,f168cac9d4bca2be60e8286797dd75d424a46978,0,0,0,2005-01-14 14:29:23,48,3297,1.5626,3345,4,3,1,35,28,16981.4629,1068,170.8366,8018
6042,c3d44401b7b6e8a164cf87abcc2faf0906efe5a7,0,0,0,2005-01-14 18:43:32,43,37,0.7848,80,2,2,1,1038,5,22024.3705,76,45.9356,591
6051,94a577a19132e89ced3582d3b5033f3629676a14,0,1,0,2005-01-15 18:55:47,78,17,0.6305,95,2,2,6,122,48,14724.9973,277,66.1418,689
6054,10ac2c8a14d05be39041b533676b90ad098ce762,0,0,0,2005-01-21 08:34:13,28,3297,0.0408,3325,2,1,1,1038,13,57111.2933,48,37.8206,365
6032,2c260d0ac508f9226cf21a5738cccb7973a11c22,0,0,0,2005-01-22 11:28:23,35,20,4.5298,55,60,1,1,1038,12,15103.0099,24,20.8253,230
6044,d3c9953d453244f2f421160f98b8bf30ca0ec160,0,0,0,2005-01-24 06:39:23,62,48,0.0708,110,2,1,1,28,14,73721.8837,1455,506.65,12545
6052,7e96085cdc7dd5d08ce6de697a31b1aa55669ccb,0,0,0,2005-01-24 07:38:46,33,3297,4.5298,3330,1,1,1,26,15,4256.0879,21,0.5435,80
6053,564ee29632cb5fda0a397dbc01cc4d9b92321c57,0,0,0,2005-01-24 22:06:13,661,63,4.5298,724,2,1,6,1038,1,77789.2792,1104,184.0055,7972
6057,4d9306c7b50c1c48750ac01cf5144939006b4c64,0,0,0,2005-01-25 12:08:54,3742,0,0.3786,3742,7,2,6,120,28,7348.182,470,329.6678,12545
6050,3982b2c04d14d15b649bc2ada5983496c5ee8558,0,0,0,2005-01-25 15:12:54,158,63,1.4064,221,2,1,1,1038,10,44628.3307,602,289.2034,11919
6056,d2bd6c590c517d786109de215258bf0ada41f7a9,0,0,0,2005-01-25 15:39:03,82,3297,0.0902,3379,3,19,6,1038,8,318.5662,608,276.5482,11860
6063,3922dbe0ac6530c9f0a8d9ab032a6facd636deac,0,0,0,2005-01-25 15:40:15,3742,3297,4.5298,7039,2,1,1,25,19,62519.076,1068,181.1071,8289
6061,36467c9992a365c16601fa63ac0bf9087e07de96,0,0,0,2005-01-26 13:55:03,94,54,0.0908,148,60,19,1,1038,4,2464.9778,545,277.5396,11858
6065,6fe22928fcab7f09b234e05fbc32a7957b8b2574,0,0,0,2005-01-26 15:47:42,88,77,4.5298,165,1,19,1,12,6,10084.316,1073,175.2553,8051
6069,4783d7a74b2dc1ef8816aa3d5a3b75fa2f9d2355,0,0,0,2005-01-26 19:09:07,3742,3297,0.4982,7039,3,2,1,12,11,53636.2723,595,289.3817,12196
6062,54a69df70b187020cd5a3ea1c0e303d9f54822d5,0,0,0,2005-01-26 20:51:52,64,55,4.5298,119,2,19,1,60,19,83288.768,1106,166.6298,7976
6066,fda9290a1bd17f7ded81106d6544346626c72d7a,0,0,0,2005-01-27 06:38:25,3742,52,4.5298,3794,2,19,1,1038,3,58962.309,594,288.9134,12189
6070,d592f7cce2fc6b77e1a2b7fd993f1634f2af5e20,0,0,0,2005-01-31 09:25:44,3742,59,0.0564,3801,60,1,1,18,2,2742.5227,560,271.8439,11912
6075,a95811668eb8564a2e7afc0301f2417d607f254c,0,0,0,2005-02-01 10:20:48,10,8,4.5298,18,1,1,6,11,8,45583.4858,583,282.0633,12101
6067,61808f99075419c0e193b0ae4d5bedddb46cac93,0,0,0,2005-02-01 13:56:30,58,3297,4.5298,3355,2,19,6,132,48,10468.5921,48,25.9748,340
6078,5b276f93b50a90be0bdef587a46c747a7392e3bc,0,0,0,2005-02-01 16:18:39,3742,83,4.5298,3825,60,1,6,96,50,6591.7404,61,9.3899,443
6081,af6b47e9dec49982fea130c87d9d049a33ec73fe,0,1,0,2005-02-01 19:40:40,60,3297,2.0273,3357,3,3,1,30,12,28037.1938,551,274.957,12332
6076,1c62d56c316f75ad7c6816339d5d0cd58818992f,0,0,0,2005-02-02 05:37:00,423,552,4.5298,975,2,19,6,8,18,2643.3502,29,13.5381,12545
6079,631660ece1134d9bc7d31a097ea01d44a35496e6,0,0,0,2005-02-02 10:31:13,33,16,4.5298,49,1,19,6,13,10,53770.2674,589,279.1143,12149
6084,7fcc697a455c6a5e6916894ea9af65b9d068672c,0,0,0,2005-02-02 14:59:16,3742,3297,4.5298,7039,2,1,1,31,10,16942.5733,542,295.0558,11892
6064,ecc208c3a556b7d25ca2b0d45df738e418ca9c34,0,0,0,2005-02-02 15:34:35,138,3297,0.244,3435,1,2,1,79,31,38214.4674,611,290.4437,11688
6077,bf0e7050c2dcec5662705845d27df41e04ba691f,0,0,0,2005-02-03 03:25:33,47,3297,0.0245,3344,60,1,6,3,9,18394.56,12,2.0917,99
6085,6525f96187ee788909ba646e204b4a032442f385,0,0,0,2005-02-03 13:27:37,78,43,0.0218,121,1,19,1,1038,4,70319.9798,86,80.844,192
6072,f16ab923aa3a8e0ad5fb73765723013952cdbf2a,0,0,0,2005-02-03 13:30:12,43,3297,0.0655,3340,2,19,1,27,16,54795.6577,1102,184.3489,8324
6082,3469da8c35e62accf270855418c55c931b95e1f0,0,0,0,2005-02-03 13:33:40,3742,29,4.5298,3771,60,19,6,1038,60,49613.0453,63,73.0575,159
6087,bbf31243d7f2815fc1ee9918e7668f0546b444bf,0,0,0,2005-02-03 15:28:24,3742,3297,0.0234,7039,60,19,6,1038,12,8730.6855,90,81.6221,361
6089,3d63125e06bfd18ee54ceb190fe09a9da6a47aa9,0,0,0,2005-02-04 09:39:00,62,39,1.0487,101,1,2,6,41,11,40343.8908,548,289.1203,12263
6083,10c97812ecc0143f48788f61bf8c7bfafc7e6e9b,0,0,0,2005-02-04 11:16:17,3742,34,0.9575,3776,3,2,1,1038,12,50242.4237,53,46.5821,551
6090,2d8979d324b65c84792df01612adb8f6971520a3,0,0,0,2005-02-04 13:02:56,39,57,0.065,96,1,19,6,16,13,85130.9503,1063,172.7844,7938
5028,cfd9926ea0608388f551327ad224d4235fcf27c8,0,0,0,2005-02-05 07:35:15,12,45,0.1914,57,2,2,6,1038,11,49729.7941,18,2.0486,78
5029,124ced4e3d8e76f9653ad88153d513087eacbf0a,0,0,0,2005-02-05 16:02:22,161,3297,1.6084,3458,2,3,1,1038,9,53988.4546,15,17.4399,12545
6086,e94de9715258f6e3a8246d96a2c46e444d9a4bf7,0,0,0,2005-02-05 16:39:05,53,45,0.4137,98,3,2,1,18,20,42355.5215,19,14.6323,12545
5030,508abf234b0a7a4781fb071af8963a3d2227d2b2,0,0,0,2005-02-05 21:53:52,55,3297,0.0326,3352,60,1,6,46,19,35308.4616,1091,183.9293,8230
5027,4d88c7081a1d0631cb24df5ba5909de23e6f3ead,0,0,0,2005-02-07 18:36:52,41,72,4.5298,113,60,19,6,62,19,76581.3792,1055,181.812,8336
5032,7c509593f7447caef70bb4c019bdffeee05c9803,0,0,0,2005-02-07 18:37:04,110,3297,4.5298,3407,60,19,6,152,51,76070.8914,1045,150.6226,8643
5033,f38f925da1ac29051d149605b1e31430c4c7ec90,0,0,0,2005-02-15 21:57:12,3742,3297,4.5298,7039,2,19,6,53,19,23727.0213,1064,182.2535,8244
5039,9ae2955c0a38353d47713579ba5cb02b14aae7d7,0,0,0,2005-02-16 08:59:51,104,97,0.8959,201,4,2,6,32,23,54563.8344,544,294.2544,12388
5045,cc04a4c572d84cc85121ab1bc25f9f668a9fcef4,0,0,0,2005-02-17 10:15:20,3742,52,0.5421,3794,1,2,6,17,15,44362.9667,601,277.7003,12286
5034,0b5704ed92da44fd0589bc4b2a55fda63299b157,0,0,0,2005-02-18 06:38:22,37,3297,4.5298,3334,1,1,1,9,4,62470.2377,65,72.1956,418
5043,c02d5a3d3c4d3461581b73346618937be4d76a63,0,0,0,2005-02-18 13:46:09,86,79,4.5298,165,3,19,6,1038,8,70825.4144,547,290.1643,11763
5052,c1017a19fb71827b1990d4e737eba0986b7c8701,0,0,0,2005-02-19 13:07:30,179,76,0.9991,255,60,3,6,154,47,59329.2146,634,267.9007,11833
5049,73b209f3f60a53179c3bbd7076f0ee43440b53af,0,0,0,2005-02-20 15:25:03,3742,3297,4.5298,7039,60,19,6,14,10,30200.0519,33,11.2582,11
5036,58cd104379dc7b3f008cf5e6e007238bcd07e1f3,0,0,0,2005-02-20 15:26:20,3742,3297,0.0387,7039,60,19,1,22,10,21469.7869,17,13.9219,109
5046,5331beff6051bb32cd8ebda7f109b5bafc7b3ec6,0,0,0,2005-02-20 15:31:59,3742,3297,4.5298,7039,1,19,6,11,12,29065.9388,33,8.4496,16
5060,263f2c9556f3160278cf1f347d7460e914971844,0,0,0,2005-02-21 17:19:17,177,29,0.924,206,1,2,6,13,60,61430.6247,92,81.4359,343
5042,e6db818a1eedfc7c64b7c3ba8085051bf77f5027,0,0,0,2005-02-21 17:31:26,25,25,0.036,50,2,1,1,1038,4,1862.8844,87,74.1584,207
5051,664db0114c53c31a095c773003b2fc5acc05fbc6,0,0,0,2005-02-21 17:38:27,25,23,4.5298,48,60,19,1,14,3,1175.7542,70,81.2122,357
5058,d7938cf405f56b2d46e1036a1e14b95440b0a163,0,0,0,2005-02-21 17:52:26,3742,18,0.0383,3760,1,19,1,9,3,1936.9836,64,74.5556,179
5062,6ee3d04a560b099c0f284dec5836158d510159c9,0,0,0,2005-02-21 18:01:08,39,37,0.0384,76,2,19,1,1038,4,1229.8298,66,72.7914,388
5050,c22d61f351e5f696a062e192243be6b0e6349fe9,0,0,0,2005-02-22 04:26:21,225,28,4.5298,253,1,2,1,15,11,39400.4124,69,73.5913,148
5059,ecb0dfc198157ebf96c24b24b691ff2e92735e62,0,0,0,2005-02-22 07:05:35,102,23,0.0472,125,2,2,1,18,13,16932.3647,62,72.4991,191
5056,77c3f4dcb801cdfe953e1a71d2fdc9c6b3c0e7ce,0,0,0,2005-02-22 12:56:43,3742,41,4.5298,3783,2,19,1,100,48,9796.1096,48,73.0436,538
5065,cee2deefbf55985633e637b0e761c589ebabf496,0,0,0,2005-02-23 12:01:09,52,3297,0.863,3349,3,2,1,79,30,72611.4894,1094,167.3818,7920
5067,5da3a70e37574f91d2161c80053dc109d9c2efdb,0,0,0,2005-02-23 18:45:18,3742,3297,4.5298,7039,60,19,6,85,46,23757.1839,1018,165.8359,8383
5071,65ed9004dbf91e508f335650669336544a47f3ed,0,0,0,2005-02-23 19:59:28,52,81,0.7707,133,60,2,6,144,52,8709.3238,63,85.0896,463
5055,9be8f1c70a8a6fc1d654d659d1421f63564aae7f,0,0,0,2005-02-23 20:53:45,64,3297,4.5298,3361,60,1,6,7,16,25586.8382,88,41.4634,737
5063,0dec79214887120297fe807aef9ad208d9f94aa5,0,1,0,2005-02-23 22:09:15,231,73,1.7726,304,6,4,2,42,21,45916.2724,261,81.1851,350
5073,91afebfe1be8fee20662ef4663a674eb8247ad59,0,0,0,2005-02-23 22:17:26,39,3297,0.9447,3336,3,2,1,33,20,48765.0106,1092,170.5514,8272
5054,5d9744221b0a9bbbe62ec10bc75ad6e96f7abf28,0,0,0,2005-02-24 06:48:10,73,40,0.7434,113,3,2,1,1038,4,58655.7808,556,295.0907,12286
5064,fd381528ca91a59455b431a77101f06ae494aa63,0,0,0,2005-02-24 07:04:08,64,3297,0.709,3361,3,2,6,1038,22,27405.3453,558,296.0787,12239
5069,6856381918bc4f41307177648f417ea2b02b48c4,0,0,0,2005-02-24 07:30:10,142,69,0.4387,211,5,2,1,118,19,25367.3743,547,272.1557,12269
5074,1d76ef034b6e74142e6ded359d4b126595dbe3be,0,0,0,2005-02-24 08:10:55,93,81,0.4143,174,60,1,1,110,19,18297.5519,528,293.5661,12291
5075,23e598175f0d8f84840cb27083668dab35b8b73d,0,0,0,2005-02-24 13:10:12,46,32,0.2709,78,3,19,1,102,17,33348.5586,1104,170.5308,8232
5076,8a15a54f6af12b3f47f548e5540cea1211b3c01b,0,0,0,2005-02-24 16:45:59,40,3297,0.0449,3337,60,19,6,77,17,11899.6131,1104,169.2575,7922
5080,4625aae16378062025e54ae4349ded186ad63745,0,0,0,2005-02-24 22:41:32,3742,3297,4.5298,7039,60,1,1,25,12,54158.7162,1062,181.6958,8263
5070,7685dd5947c838539ed93350fa15e8c4a60a4cf8,0,0,0,2005-02-25 11:41:11,62,60,4.5298,122,60,19,6,103,17,67266.9227,1066,181.3657,8319
5077,ff4b70565a862b361b297451f7f493583636e09a,0,0,0,2005-02-27 14:20:35,113,3297,0.0562,3410,2,2,6,2,12,38217.0472,91,72.8948,189
5079,b521241f9c5bfcbe736169a2b9d04fd1d8bcc702,0,0,0,2005-02-28 10:34:56,3742,102,0.7939,3844,4,1,2,67,20,32759.6294,536,271.7815,11845
5057,079fa6b9e75ec1d474fc64b9d9075f1732dd9d6e,0,0,0,2005-02-28 14:47:10,59,3297,0.0708,3356,60,19,1,1038,13,16405.2274,597,291.449,12263
5083,36f9ed494f359ee6abcbe33e5c019049f19bf0d1,0,0,0,2005-03-03 19:15:35,3742,3297,0.1821,7039,60,1,1,19,23,62038.3109,1059,169.6025,8402
5088,1fd4bac03cee3d78c33e6c3cc4bb8bc22ec5b41a,0,0,0,2005-03-03 19:20:08,40,3297,4.5298,3337,1,1,1,3,16,1465.2414,1089,172.9508,8211
5089,0ebd9da57800993fcd88df72db1f1abf82b2cdab,0,0,0,2005-03-05 05:40:16,35,37,1.0243,72,2,2,6,7,23,43261.5515,62,74.2471,138
5084,16b3b2b9600e37160b8fb64917f9cf878b38e3fb,0,0,0,2005-03-05 06:56:05,49,34,0.0271,83,2,19,6,26,16,3469.3349,60,74.5268,371
5097,20e04df4304c59a1594cf8a3b73c3ee976b38a6c,0,0,0,2005-03-05 20:49:20,3742,3297,0.0861,7039,60,19,6,57,19,55335.9569,1053,167.5398,7887
5087,b18d43cadf3cfc25e395c4a0b6c47c87838f7ba3,0,0,0,2005-03-05 20:59:45,3742,53,4.5298,3795,1,1,6,5,14,49815.4889,1095,181.724,8011
5095,b33b7f9f7e28cfa85e964ef9530b20e88d440765,0,0,0,2005-03-07 11:23:35,3742,3297,4.5298,7039,2,1,1,8,3,58190.8811,1069,173.2563,8243
5096,2dced48ff5e1521bb1e21542ced2b4952033f86c,0,0,0,2005-03-10 18:26:56,3742,3297,4.5298,7039,60,19,6,105,17,25243.6568,1059,181.2342,7885
5100,d36de2300310a1b4ef5783148e3d49b8717b8cc8,0,0,0,2005-03-10 19:20:58,19,3297,4.5298,3316,60,19,6,11,2,43246.9112,1096,183.0801,7980
5098,3cd3e17991ea95094ab482e34b851b8fe020dd0a,0,0,0,2005-03-11 11:29:33,3742,3297,1.0709,7039,1,2,1,22,13,85407.0044,26,19.5819,223
5081,83534a50e8daf5a12a4ceb1a566bc2dccdfa4bc7,0,0,0,2005-03-12 19:26:08,3742,3297,1.4881,7039,4,3,6,50,18,48322.3723,299,75.0485,717
5102,5a8268a75c8af9f2515974d6c004683f76dfc140,0,0,0,2005-03-12 23:34:02,119,63,4.5298,182,2,1,1,100,19,17515.3675,1066,169.2463,7981
5107,f223c9b3322fef890c6db261720f703394c7cf27,0,0,0,2005-03-14 09:41:25,64,32,4.5298,96,2,19,6,1038,18,57918.4688,50,71.8037,115
5115,5cbfe8441c5b3591dab4383a40632b370f294115,0,0,0,2005-03-14 20:12:52,3742,3297,4.5298,7039,2,1,1,17,16,38996.498,1102,182.5042,8287
5101,ae4508a57bc22bbc32872b8bab41fd4458ae5988,0,0,0,2005-03-14 20:14:29,56,40,4.5298,96,60,1,1,2,7,33308.5366,1096,173.554,7919
5110,46433e459e86b5b2100b4e178afd320477c100c7,0,0,0,2005-03-14 20:22:48,3742,44,0.0591,3786,60,1,1,12,22,12997.584,1093,169.9508,8215
5113,98ff5d884733d56c90cbaf46b7b3f469f47d5cd9,0,0,0,2005-03-14 23:11:57,172,30,0.0542,202,2,19,1,12,60,84663.1794,1064,171.4356,8268
5116,ea67f11b8d41b89d7f5c04d99e191d1e405b6f28,0,0,0,2005-03-15 12:41:42,29,24,0.0424,53,2,19,6,101,19,46545.0191,1072,172.7664,8240
5105,2c02bf84d7233384cbfbbd1e8b7e1f94527d0f9b,0,0,0,2005-03-15 21:11:38,3742,3297,4.5298,7039,2,1,6,59,17,84983.9095,1102,167.5978,8230
5109,9dd5ce0479e6f04d8b94f39da24a05b1f250bc12,0,0,0,2005-03-15 21:13:20,34,33,4.5298,67,60,19,1,1038,3,3700.399,1064,180.2559,8263
5090,021dd63d2063952704509b27c7f87e3f5b55fd8e,0,0,0,2005-03-17 16:16:35,3742,30,4.5298,3772,60,1,1,1038,16,73731.1117,1103,181.9471,7926
5112,24c35a84582f980c99c0624da1eaa8c5bcfe5807,0,0,0,2005-03-22 16:48:51,3742,3297,0.9474,7039,3,1,1,75,21,1759.5128,63,84.1946,500
5121,efb6f0741a7c816426a82ff1f78f77e127434618,0,0,0,2005-03-22 18:24:37,30,28,0.0278,58,2,1,6,3,12,6206.7493,68,75.2595,390
5106,6cb0f85ae175e30235abea09711a16f4736ddf43,0,0,0,2005-03-23 01:30:22,69,3297,1.1509,3366,3,3,1,5,13,30590.2957,70,83.521,343
5119,adcb1230ff931cb50c0299c835450a6a03990934,0,0,0,2005-03-23 02:08:42,3742,18,4.5298,3760,60,1,1,5,12,2913.3756,68,80.9236,212
5123,47d84673539aec3a85f2dc023a74da82565dfccd,0,0,0,2005-03-24 11:10:51,81,3297,1.1366,3378,4,3,1,5,20,45372.2972,89,84.0771,138
5118,24f8ba11965544e757418bf18d533d65f1b790e4,0,0,0,2005-03-25 13:09:11,3742,3297,0.0434,7039,60,19,1,20,18,53065.0881,121,39.9351,659
5126,e1c4dfdde798f3a109599135cdb18a8fd685c223,0,0,0,2005-03-30 19:32:00,3742,93,1.151,3835,5,3,2,16,17,5870.4574,638,266.6921,11920
5122,b38f53727fd3872ae7b49f10a5a41b7e80224367,0,0,0,2005-03-31 09:41:38,49,46,4.5298,95,60,19,6,1038,60,11813.3431,542,270.4587,11883
5135,0915ef24e9318c6aa78ff62deb8cd444200647d2,0,0,0,2005-03-31 13:02:37,3742,3297,1.213,7039,2,3,6,58,23,36563.6967,607,293.792,11807
5136,ac1a96c3c1bd25af5a4150a070981f8acf85ebe3,0,0,0,2005-04-01 07:04:16,191,39,4.5298,230,2,1,6,12,60,26584.9603,88,56.4066,971
5141,09f68032d573bc834ff0391a77c7a17638351a3f,0,0,0,2005-04-01 08:48:36,3742,64,1.4375,3806,4,3,6,52,15,52109.9562,596,275.4273,11938
5128,6bc124b9db21e1d47338045bb8c1f000e92855e8,0,0,0,2005-04-01 09:55:09,3742,3297,4.5298,7039,60,2,1,80,25,26235.1704,615,270.1296,12233
5137,ddab5bf934c9f0f94e6a7295d8c3194e1eb7787b,0,0,0,2005-04-04 06:48:18,3742,3297,1.4192,7039,3,3,1,25,20,60386.1839,93,42.5185,658
5130,a14f36db301ca2d6e2ef538a9f8f5b49e1f11ef0,0,0,0,2005-04-04 10:37:01,3742,53,0.4432,3795,60,3,1,1038,11,20477.8819,555,295.7607,11787
5143,a63258677d5099fe8bbb5d147ae0cc559c0b0d60,0,0,0,2005-04-04 10:44:05,85,3297,1.052,3382,3,2,1,29,9,25316.5965,594,274.8253,12245
5124,7f4d6d22b153f4edbd9d7fe15d05cfa569adbf86,0,0,0,2005-04-04 21:36:01,43,110,4.5298,153,2,19,1,30,24,4715.9766,258,62.8157,185
5155,c105d94502213fabd7a3bf83e5f38a941f11c7df,0,0,0,2005-04-04 23:02:10,38,21,0.0538,59,60,19,1,23,6,54123.2468,1096,183.553,7995
5134,54930fee08776b188ed92718fdefed8fd2c22e0b,0,0,0,2005-04-04 23:02:44,23,3297,0.0181,3320,1,1,1,1038,6,4962.1945,1074,179.4472,8161
5151,dc80e0d9207a4f40a69f62a7e6e126b62775ad96,0,0,0,2005-04-04 23:08:34,56,30,0.637,86,3,2,6,1038,8,7545.0422,1091,169.4845,8244
5154,cfd8225aa6fe4ad2dd5b720bc5f4a7c2230dd0a9,0,0,0,2005-04-05 06:44:55,55,42,0.9944,97,2,2,6,13,18,33321.8897,121,54.3266,714
5158,e3db3bd01fa588049857603481d4d183a4fcd1c0,0,0,0,2005-04-05 07:19:10,3742,3297,0.7777,7039,2,2,6,11,12,68716.3609,90,45.3755,959
5150,1eb4f82c9a48dc7a1f42b224184459b7de667415,0,0,0,2005-04-05 09:15:35,28,32,1.0421,60,1,19,6,24,19,66201.9614,124,53.0207,896
5156,7e705c5374ed144d582e74dd04e43b5da0d89344,0,0,0,2005-04-05 11:05:47,74,58,4.5298,132,60,1,1,4,18,16374.4094,1066,172.7969,8260
5161,f1761872449b907b75f65b4f48da7ed1a678fe8a,0,0,0,2005-04-05 14:38:20,3742,3297,4.5298,7039,2,1,6,33,18,13405.5528,1061,181.6633,8308
5140,8872d56dcd386bd28e3598527a12dd3463904d39,0,0,0,2005-04-06 18:15:28,70,71,0.1358,141,2,19,1,1038,15,10750.2747,539,273.144,12260
5157,77eddb15a96e44aaaedd1f788276ac20951cddb2,0,0,0,2005-04-08 18:07:14,28,3297,0.0238,3325,60,19,1,31,18,86377.0,93,81.4399,143
5163,23e738fe6e1637a508c66ef6e60fe6217692e568,0,0,0,2005-04-11 19:17:09,3742,38,0.0565,3780,60,19,1,39,14,31112.7777,1098,171.1066,7938
5165,4ee196de04dcf3540254550921ba602aaf4e0f5f,0,0,0,2005-04-12 23:02:39,459,3297,4.5298,3756,60,1,1,1038,60,84259.1906,127,45.1859,928
5133,f458b9e9505efa79bddfe7892fe5fc1f471bb857,0,1,0,2005-04-13 11:14:22,176,3297,1.6464,3473,5,2,6,98,29,51812.0145,607,290.384,12266
5166,3e3e30485d053f29a10f54f09f358453b2703103,0,0,0,2005-04-13 14:15:26,53,3297,4.5298,3350,60,1,6,26,10,55526.839,593,287.8305,12188
5171,00b4db565174f1d97e946243c44bae9b30f1db22,0,0,0,2005-04-14 08:36:11,3742,42,4.5298,3784,60,1,6,1038,3,2088.5021,555,291.3462,12275
5144,add0b7c331beae2ef586f9e17e762b486bba0040,0,0,0,2005-04-14 09:03:11,47,27,0.0547,74,2,19,6,13,2,14251.0011,1070,173.4937,7984
5160,52d506c4a497d18e0cecb99cd707e96220fa62b1,0,0,0,2005-04-14 09:33:05,238,36,0.0635,274,60,1,6,14,1,33018.6722,1101,167.9922,8264
5167,28215792424ebafbf3edd0b9527fc6d8309b917a,0,0,0,2005-04-14 10:34:19,69,50,4.5298,119,60,19,1,1038,1,38941.2025,1102,182.004,8294
5173,e46943a8ab97284247c7331ea0111b98df5ea2c8,0,0,0,2005-04-14 11:57:50,96,73,0.0363,169,60,1,1,15,0,4008.9967,1093,183.6402,7944
5148,b23d703f8245112e0cb98e3dc3f5905bba1d7e59,0,0,0,2005-04-14 11:57:52,46,30,0.0527,76,2,19,6,1038,20,5012.9858,1094,185.1698,8232
5169,8d0508548ef98dd93acd68ed14d7cd42b448d53b,0,0,0,2005-04-14 12:40:40,18,14,4.5298,32,1,1,1,8,10,6060.0661,1077,176.1971,8151
5175,0554f54652109d9292eb6bef10a4dbefe82e3109,0,0,0,2005-04-14 12:42:31,31,3297,4.5298,3328,60,1,1,15,10,86377.0,1070,179.5998,8184
5178,ea65bb9f9347c7223330cabae98a8c4e3a2e5bed,0,0,0,2005-04-14 16:24:59,56,3297,0.0659,3353,2,19,1,19,0,17144.3392,1068,171.5588,8335
5153,01ab14183eff6384dbdf8476f5ede7567b5d7be8,0,0,0,2005-04-14 19:16:16,56,32,4.5298,88,60,19,1,12,2,11186.1732,1098,183.3356,8255
5170,5c4702854fdde8d4399d1e66fb9da7d762550a6b,0,0,0,2005-04-14 19:46:28,3742,20,4.5298,3762,60,19,1,1038,9,75119.6758,114,46.9947,915
5174,075acf55df585619d248095f5177fb585f8a15b0,0,0,0,2005-04-17 11:24:25,3742,3297,0.063,7039,1,1,6,1038,9,57461.4444,92,52.3232,931
5179,17645c53aaea630ac37a1f239bd931e36077015d,0,0,0,2005-04-17 21:37:54,3742,33,0.0667,3775,1,19,6,43,22,38659.845,37,7.3115,229
5177,1086b89536cb2e098c7b0f31010bce44b23a4b8e,0,0,0,2005-04-19 12:25:06,3742,52,0.0883,3794,2,1,6,15,18,23603.5515,1101,182.0273,8263
5189,a4a41cd1d2d9f6c0af1d3dafbcfbc77c0967aebe,0,0,0,2005-04-24 06:53:26,3742,43,0.8249,3785,3,2,2,108,21,1902.1353,105,33.0812,81
5180,c4ea0da1f8c77f98f521748370f8d57ff392a58c,0,0,0,2005-05-01 20:37:54,40,16,4.5298,56,60,19,1,9,9,33686.7731,290,66.547,686
5188,3355f9c0d8e5f478f495a08267b787411f53ac0a,0,0,0,2005-05-02 20:30:49,3742,43,0.2353,3785,3,2,1,118,50,7632.0513,267,67.0945,693
5185,db81fd9f5db23bb2fa0ccbcabef304cbf29708fd,0,0,0,2005-05-04 02:00:20,35,3297,0.0428,3332,60,19,1,14,11,37668.7949,29,39.4608,12545
5183,542cb3e0fea2c1163cbf2c61c0c05847d36f1d6a,0,0,0,2005-05-04 05:22:36,12,5,4.5298,17,1,19,1,12,7,84537.9932,38,35.4845,100
5186,6b7aa9f15c495fe111f2e85063590880fccf9c0a,0,0,0,2005-05-04 20:56:17,3742,36,4.5298,3778,60,19,1,1038,0,76180.0952,294,65.7869,756
5181,482a5161ab80113eb8f47a9974933e517042384c,0,0,0,2005-05-05 08:33:04,9,34,4.5298,43,60,19,1,1038,8,328.2049,42,39.0564,168
5191,cc1a51d4edf48be0747c2cfa454055a4dfa12bb0,0,0,0,2005-05-06 03:45:18,3742,3297,0.7101,7039,2,3,1,41,27,35417.3289,90,74.4666,85
5195,f3faba3009af2ba4fd84d0d42c6e476b90dd3d5b,0,0,0,2005-05-06 04:01:53,3742,3297,0.0182,7039,1,1,6,17,10,71177.3083,71,79.9067,223
5193,c621df1372516ff359b734465786872b73e4a242,0,0,0,2005-05-06 11:39:47,3742,3297,4.5298,7039,60,1,6,20,10,27066.8941,28,33.9323,38
5198,ab47061d4006ff42c4dd75c859c375adc84880a8,0,0,0,2005-05-10 12:27:33,1,54,0.4875,55,3,3,6,28,21,37178.4107,2,14.2199,123
5199,99b3bf8b1070df32a507e0332d50aaffe80dc00d,0,0,0,2005-05-11 01:25:34,10,3297,4.5298,3307,60,19,1,1038,60,5787.703,90,84.5858,361
5204,9a90b72de41dfdfd63381af168a79a6bb9d27556,0,0,0,2005-05-11 20:15:30,60,3297,4.5298,3357,60,1,6,44,17,50989.9903,294,72.963,528
5196,2c5e4f123981a08a7105a0f34b4fd3ba0d143d65,0,0,0,2005-05-11 22:03:21,3742,30,0.6371,3772,1,2,1,120,49,33319.6886,268,62.9891,424
5200,9739394bdd4ca77c3b4c4742aeabd6294fcbc694,0,0,0,2005-05-12 09:31:48,20,3297,4.5298,3317,2,19,1,17,7,42203.8767,28,32.0193,169
5207,544fc75d8fb9dc5f4339007474537ae4b98bc989,0,0,0,2005-05-14 07:35:40,4,3297,0.4386,3301,4,3,1,46,17,28189.5299,100,82.9978,365
5194,529ac71f4437208e5ed98f22f4b51cb4f6306d45,0,0,0,2005-05-14 07:45:53,3742,22,0.0295,3764,2,19,6,33,12,1541.3777,66,82.3185,398
5203,5ec40fea3e2b3be84b0ae2565ab7c04ef4e10456,0,0,0,2005-05-17 13:49:49,3742,3297,0.0426,7039,60,1,1,10,1,65533.1251,1097,180.2496,8235
5206,0ce8964cb4a326e51364a60b19b755f5404db585,0,0,0,2005-05-18 10:45:29,3742,3297,0.0308,7039,60,19,1,36,16,34886.1981,44,22.3287,283
5209,38e120edb3cc2bc05d91a511988dae273e27ab4a,0,0,0,2005-05-20 16:28:49,40,3297,1.1398,3337,3,2,1,47,19,19728.2327,91,74.3585,394
5202,e7321c087b7c0c500269e757fe8873ccef4be01f,0,0,0,2005-05-20 17:20:29,32,19,0.0507,51,2,19,1,40,17,3584.2257,88,73.9938,339
5208,27ca66a55dec7811f36d95ccfb985a5840b4f422,0,0,0,2005-05-21 03:00:50,87,50,0.3096,137,3,2,1,43,16,29919.7561,99,70.6889,423
5212,e0d068e0fc0c37bbabc7da5190c7da7d56ef43a8,0,0,0,2005-05-22 18:01:38,94,3297,0.4917,3391,1,2,6,56,17,38096.7282,92,74.1583,364
5197,a6bdbff9b9ea1730df0d31128e56cdc4095d9ff0,0,0,0,2005-05-23 05:41:33,3742,57,0.0313,3799,2,19,1,32,18,40813.2873,59,72.1358,181
5211,f620e1b30c24cf357e921ed228e0094248df6fd4,0,0,0,2005-05-27 12:23:44,3742,3297,4.5298,7039,60,19,6,1038,3,7388.6116,44,13.8859,19
5220,5f50b124e7fcc4d38789d1f50481f3f272324f84,0,0,0,2005-05-29 09:25:44,37,9,0.0523,46,2,19,1,20,18,84922.6934,57,14.0247,12545
5205,e4fc58bbddf306a97facfa1e786945154c839871,0,0,0,2005-05-29 12:12:28,36,3297,0.0587,3333,60,19,1,7,4,13785.1712,95,71.906,186
5216,ba30cfce3ff177ecdd3cb7cefafc791b707d7746,0,0,0,2005-05-29 12:36:02,25,3297,4.5298,3322,60,19,6,1038,4,345.7874,1093,180.1127,8023
5219,a420c60ae89f5e2d78a1025affcdfdf0be35374e,0,0,0,2005-05-29 16:18:39,28,49,0.048,77,2,19,1,23,11,4038.901,273,66.4279,696
5214,ac7b9f53cacafa138f26958b68a8a72cdefb0544,0,0,0,2005-05-31 21:32:02,423,120,0.0836,543,2,19,1,1038,0,8915.1228,1102,183.1091,8299
5224,9eb637e484565eec069a08a1bcb8915fc3ceb9f8,0,1,0,2005-06-01 14:46:54,46,17,1.9489,63,5,3,1,100,33,20474.0142,1056,184.1539,8284
5201,dfa6f5bf3465cd5cfe6a781ed792290cd2fb21c1,0,1,0,2005-06-01 16:35:20,3742,3297,1.9586,7039,4,3,1,82,30,26387.0008,1056,182.8452,8240
5223,b9010fb135ffcf5b2ec84ea88e8f38f3ac6f2216,0,0,0,2005-06-01 17:30:53,3742,3297,0.0646,7039,60,1,1,48,16,10559.2817,1069,170.6706,8221
5213,0cf59b73e7473b09ced40c9f2731566bc4f87681,0,1,0,2005-06-01 20:40:51,21,3297,0.6063,3318,1,2,6,56,23,15083.7417,1064,183.9794,7959
5225,256bc9dd79719c4e5bd6a700c2e91aa0a47f6e3f,0,0,0,2005-06-02 03:18:08,30,21,0.0289,51,60,1,6,20,7,78591.3849,46,33.7061,18
5232,7808fd21e3cd8bb2575c931ef1afde7f269dc3e6,0,0,0,2005-06-03 18:00:16,170,3297,0.8542,3467,4,2,6,101,48,65755.9705,309,54.0607,821
5215,3ee65af1c731da7f06b29422f39b95b93fd132ec,0,0,0,2005-06-03 19:13:21,3742,3297,0.9755,7039,2,2,6,18,13,44884.2862,270,65.5791,527
5231,a3bffec7459156be4b4298b5076ce2dbd669438e,0,0,0,2005-06-09 18:27:01,138,19,0.0955,157,3,2,6,10,11,75573.1888,54,47.0697,605
5242,d4c4057e4dc6b60219d2ab6b35deb977971aefe5,0,0,0,2005-06-09 19:54:35,3742,3297,4.5298,7039,2,19,6,48,13,55829.0324,1091,173.0322,8027
5244,1b3858a415a513851df8da5fb0ca2aabd82bf80c,0,0,0,2005-06-09 20:10:30,3742,3297,0.024,7039,60,19,1,23,10,9786.429,289,72.974,551
5230,7024d1e52181424191b81ebcae036af8216bcc5a,0,0,0,2005-06-09 20:20:30,38,37,0.0238,75,1,19,1,11,10,1653.1158,296,75.295,696
5240,b9b5745686cfed77881770e6d41902ac949ad0b2,0,0,0,2005-06-09 21:18:56,3742,3297,4.5298,7039,1,19,1,29,15,6021.6624,1071,174.5612,8004
5241,618c5227af664bd3aec2e213fe9c3734df3264cd,0,0,0,2005-06-10 08:37:29,124,39,4.5298,163,1,19,1,1038,6,11548.9433,27,32.8991,190
5248,b44ab8c65fe15fb463a612ea3e58df0e966a3db9,0,0,0,2005-06-10 09:21:58,44,38,0.0404,82,60,19,1,1038,1,47500.1216,1059,173.1901,8023
5243,4f6e80586be9c069aa81b82dfc56cbaad550b997,0,0,0,2005-06-10 10:07:34,3742,40,0.0435,3782,60,19,6,9,5,51889.1378,1068,171.3487,8279
5247,8fb6f06cfd12b77e4898f2c9da0948dfa0228453,0,0,0,2005-06-10 10:16:22,46,30,0.0384,76,2,19,6,1038,3,1146.6803,1064,181.3738,7995
5251,1e86efdcb9380afe732f15fbd87151c09d169e4b,0,0,0,2005-06-10 10:53:53,62,46,4.5298,108,2,19,1,21,0,4960.2926,1091,181.1392,8278
5233,1a9080ec0e72843208fbab99915d7f7d6eb3432e,0,0,0,2005-06-10 10:57:28,80,37,0.7826,117,2,1,1,12,6,10260.3565,30,34.0476,181
5245,4c7f7a27f2d95d3d5c99e1405641f7f8e96e773a,0,0,0,2005-06-10 12:21:30,73,3297,0.0276,3370,2,19,6,18,0,6009.6982,1100,170.0411,8277
5252,ced90677c153a672c85246be7825da080db9ff64,0,0,0,2005-06-10 12:30:18,3742,3297,4.5298,7039,60,19,6,2,0,86377.0,1058,173.0288,8288
5249,213865fd2b05d86c7a89dc5b68ff8ad69934851c,0,0,0,2005-06-10 14:05:02,46,3297,4.5298,3343,60,19,6,12,7,18083.693,25,32.9521,24
5236,e52ef6385f2185caac5365b5069eada7d3bd3e8b,0,0,0,2005-06-11 05:11:45,7,9,4.5298,16,1,19,6,6,10,45700.5617,73,76.7828,238
5250,ecf8e36a9f9ca6d08b081058a4087b3e439be4db,0,0,0,2005-06-12 16:22:20,3742,34,4.5298,3776,2,1,6,24,2,15269.3434,1095,183.9963,7973
5254,1bb515916b9fc90907a77e409049d39091afa49e,0,0,0,2005-06-12 17:31:09,43,24,0.652,67,2,2,1,54,20,37754.996,79,40.6831,393
5262,7e87afeb23bba7e7f0566a41d7f9d8c79d44b98a,0,0,0,2005-06-12 18:25:31,3742,3297,0.0405,7039,60,1,1,3,2,6542.2436,1066,170.2266,8034
5246,d81152402434a9aebcdd748788033e48e3262dd8,0,0,0,2005-06-12 20:42:55,52,43,0.0589,95,60,19,6,1038,4,38344.8619,1096,181.4988,8283
5258,7e23ba3f77df28ddfa7aa1f67c3a79347c363f7d,0,0,0,2005-06-12 21:04:15,32,50,1.0372,82,3,19,1,31,18,40778.3477,1067,173.0008,7923
5260,b47eb7edcd95d430e5b192e39a3111cad8fd16c3,0,0,0,2005-06-13 06:43:38,3742,9,0.924,3751,2,2,1,12,9,48910.9867,279,72.9378,663
5263,167a91902fa1c9b51ef0dc9746d8c97e3db907c6,0,0,0,2005-06-13 10:23:25,3742,31,1.0132,3773,4,3,1,29,23,2419.4364,1057,171.5419,8337
5269,54eab0ae5358af8c66c60393ff8ad9f281f1c925,0,0,0,2005-06-13 12:52:20,54,3297,0.0591,3351,1,19,1,7,18,10626.4866,1060,171.7293,8298
5253,8d279e0cddadea4cf3399d6aa5a8d25b28e243cc,0,0,0,2005-06-13 13:28:41,3742,3297,4.5298,7039,60,1,6,1038,4,11831.0695,1072,180.1861,8044
5261,888c81ee5523e1550dab85e9ec0c352691347424,0,0,0,2005-06-13 14:03:07,3742,3297,4.5298,7039,60,1,6,1038,4,1114.9548,1094,172.0738,8209
5268,8af56f3f749e1c3e8d7a924ecf9f01dcf980a984,0,0,0,2005-06-13 14:10:48,39,18,4.5298,57,60,1,6,10,5,86377.0,1089,174.2604,7974
5271,3cbc26d8a7e5859d555fd301646eed02efb66c84,0,0,0,2005-06-13 16:21:54,42,3297,0.0383,3339,60,19,1,7,20,11804.6087,1066,181.2226,8270
5259,748362bc5ca08b499643a7b754d2b0a4b88773c6,0,0,0,2005-06-13 16:30:09,340,29,0.8986,369,4,3,1,24,13,42093.5536,84,36.6371,543
5266,07a82af4880ddf61834e9a6ba9162e08c1010cf9,0,0,0,2005-06-13 18:45:09,48,3297,1.235,3345,4,2,6,17,11,44374.0484,78,48.877,367
5272,0b18f8029ac4de0a44688ed268d9a500bedffa18,0,0,0,2005-06-13 19:06:59,49,3297,1.589,3346,2,2,6,53,17,61008.2969,120,41.8761,657
5273,d99c38c2efe84c7dd02aea8e73698a9d2f039515,0,0,0,2005-06-13 20:50:50,39,3297,0.0623,3336,2,1,6,27,0,8077.7331,1093,181.6156,7980
5274,81a79d55f70bb03d2415741e94a72d4334415cd2,0,0,0,2005-06-14 10:23:28,64,3297,0.2261,3361,2,1,6,1038,3,54518.0026,77,46.8551,561
5264,5835d302ae2e9934160274d016bec495898d0c5d,0,0,0,2005-06-14 12:39:48,114,72,0.8705,186,3,2,1,14,14,73601.5448,51,37.9877,307
5275,f5ff44a4a528ca61d9293abf05a9802e63a5b60c,0,0,0,2005-06-14 13:18:44,58,3297,4.5298,3355,2,19,1,50,17,11228.4324,1092,181.3746,7939
5277,45a68b6e98f1e8d7d1e8631b40687bf5020056c1,0,0,0,2005-06-14 21:11:02,3742,3297,0.0399,7039,60,1,6,60,16,26970.3701,1054,171.3739,8307
5270,5c7f11609558dab7b253b588765f29d66aadd51d,0,0,0,2005-06-14 21:47:10,139,58,0.9833,197,2,3,1,20,9,42180.3544,95,45.4369,687
5281,907af26a08234bf6f1519217bba5eb2fdbfb86b2,0,0,0,2005-06-15 00:13:58,36,35,0.0283,71,1,1,1,1038,3,14590.6722,1455,9.2581,12545
5257,fc294405f6abc440ff772e2b43e5a4b46db7752a,0,0,0,2005-06-15 09:40:04,541,3297,1.0861,3838,4,1,6,16,1,35895.1502,88,35.402,363
5276,dc3ca06545ef57ed3d70122a9bb503253f47027b,0,0,0,2005-06-15 12:52:26,3742,3297,0.1582,7039,2,2,6,10,15,34690.7571,44,36.6055,282
5284,e91af784134ecfe961e3a83926c001c88ae157be,0,0,0,2005-06-18 07:49:15,3742,3297,4.5298,7039,60,1,6,7,3,85769.6225,32,38.8751,39
5286,091a05fe633eed7d97cdd54282e282812ff08ee2,0,0,0,2005-06-18 07:53:58,51,3297,0.621,3348,3,19,1,10,12,80917.4328,25,41.8112,12545
5282,aa782ab79a4d4c3625fb66b84543636e9cf39841,0,0,0,2005-06-18 07:58:40,201,43,0.0669,244,60,19,6,1038,1,27420.4807,56,29.5039,190
5289,5869f7d67d47baa3d94658a742cd31fd16768ae0,0,0,0,2005-06-19 15:14:55,77,3297,0.0423,3374,60,1,6,24,19,20360.3947,15,30.6178,313
5290,d48c264d476ac4757c688fb159e791995250d0c0,0,0,0,2005-06-19 15:41:38,38,3297,4.5298,3335,60,19,1,1038,2,30298.3538,29,31.6765,176
5283,46b1fface0b17cf41f9681894bcb8d78fc831258,0,0,0,2005-06-19 19:02:08,3742,3297,0.0355,7039,1,19,1,24,10,79914.4972,90,44.1348,265
5287,3fc3d11d73c38d108202d00aabc73646b56395f6,0,0,0,2005-06-19 19:03:47,3742,3297,4.5298,7039,2,19,1,29,18,74794.2758,54,31.4922,500
5292,dc32270ab6d291ab15b3cd862ad07d45b4beebe2,0,0,0,2005-06-20 08:15:00,126,51,0.0228,177,60,19,6,6,3,1256.4274,33,33.8158,49
5298,6f5a910392dc497dd3439dbecd3c52e1d78adab8,0,1,0,2005-06-20 09:08:06,33,21,0.0033,54,60,1,6,11,7,84913.136,38,36.3624,102
5285,4be41938bd1d02a65659b5871492f8181407e6be,0,1,0,2005-06-20 10:02:20,3742,3297,0.0121,7039,60,19,6,20,10,7455.4037,31,37.8867,42
5301,e0193adac483cd715bc8a9f3084be20d0752cffc,0,0,0,2005-06-21 11:29:38,3742,39,4.5298,3781,60,1,6,108,18,46159.9519,1066,181.3689,8244
5280,aa16de99836cd50326e99e40302dde49a1ea06ee,0,0,0,2005-06-22 21:48:07,55,3297,4.5298,3352,60,1,1,53,16,10499.0083,1091,182.3969,8240
5300,15b432f3462a244efd2ad4ad17aa088794888bb7,0,0,0,2005-06-23 18:28:43,62,3297,0.2325,3359,3,2,1,23,12,41649.406,18,12.962,12545
5267,9f8c26b75a3cc454f7ff18d78b32576ee14bae67,0,0,0,2005-06-23 18:36:28,65,3297,1.0378,3362,2,3,6,111,26,16707.8479,55,50.6595,647
5295,dbfe7ec049541a5951e9f846f6944a6540149cdc,0,0,0,2005-06-24 21:15:12,3742,62,0.0849,3804,60,1,6,31,18,83050.4188,24,506.65,220
5299,6b94328e8d2bd7e6e98057cf8644693dec498c01,0,0,0,2005-06-30 15:29:42,3742,3297,4.5298,7039,2,1,6,36,8,68844.7639,1101,181.0987,7988
5309,9b1141d206088d15d0966120db0b96a9ad6903f7,0,0,0,2005-06-30 16:12:05,131,106,0.4224,237,3,19,1,90,19,56440.5474,1107,170.4366,8290
5307,3d170d570eb7aabd4b9a926afed557e62de81068,0,0,0,2005-06-30 19:12:37,134,3297,2.1057,3431,5,2,1,1038,7,74340.6569,129,52.1025,691
5297,1aa59e128b0d06701fd90116daeb28b3fe008fad,0,0,0,2005-07-01 03:01:19,23,40,0.6371,63,2,3,6,19,13,29929.6595,1455,9.2237,136
5305,ac466888c1488dbfb3ef8d047dbc0de88a481295,0,0,0,2005-07-01 05:25:39,36,3297,0.9148,3333,2,2,6,18,7,54725.3006,50,31.5313,164
5310,b949af32b0f5a590cf6d9ff91d14f84c88942c6e,0,0,0,2005-07-01 08:33:46,85,3297,1.007,3382,2,2,1,116,48,49390.3726,48,30.1693,12545
5314,af94de488ab6e98b19bd1d5623f699d00174c28b,0,0,0,2005-07-01 10:21:16,3742,3297,0.0263,7039,1,19,1,1038,4,55418.1245,1090,183.1658,8224
5317,ef824384cf60dc6ba6840f088cbf552d35fa4e40,0,0,0,2005-07-01 10:22:20,3742,20,0.0334,3762,2,1,6,1038,3,53640.5641,1094,181.1377,7969
5304,bf7ea81f922479b5f66ad49393f89ebfde8497b2,0,0,0,2005-07-01 10:34:02,43,32,4.5298,75,2,1,1,15,3,86377.0,1090,173.2288,8244
5308,e27fdd6be98253c514a41d15bde980063ce9831e,0,0,0,2005-07-01 11:09:27,45,3297,4.5298,3342,2,1,6,28,1,52439.1089,1068,180.8857,8256
5315,ff46eeaeeaadfb92bf0f238757412c0e2afb1806,0,0,0,2005-07-01 12:14:18,114,3,2.0652,117,4,2,6,1038,6,37493.0029,100,43.1457,944
5288,9f5e03478aa8a3f993070bb8a92b8312f61f6c7f,0,0,0,2005-07-01 13:05:54,3742,3297,0.9706,7039,4,19,1,14,7,3716.3418,1095,181.2203,8223
5313,44989254c789b45b70548908850433757bc74ef6,0,0,0,2005-07-01 17:29:36,282,57,0.944,339,3,2,6,1038,6,34376.4717,125,52.7594,961
5322,173ed6bba6dc1c00bcfc14bcbd3459345ab7cf55,0,0,0,2005-07-01 20:37:11,3742,29,4.5298,3771,1,19,6,39,18,12108.3122,271,63.872,756
5302,1ec9f814c0d398e562f86b2220a6c69af33852f9,0,0,0,2005-07-04 07:38:17,96,50,1.854,146,3,2,1,1038,8,54319.4729,88,55.7574,714
5319,b3f1d622fe8c77a9c1d990f7717a6999081051e0,0,0,0,2005-07-04 15:18:27,50,23,0.043,73,1,1,1,1038,4,56844.6278,1094,180.3422,8242
5306,41863e778edf076579f4606f49a79d65a94d2a5d,0,0,0,2005-07-04 21:03:58,68,51,4.5298,119,60,19,6,55,17,2305.8277,291,64.1719,748
5316,86a10abcf7a1d6241eb9adc3a1e93647dd7bb012,0,0,0,2005-07-05 15:11:15,3742,27,0.0331,3769,60,1,6,28,12,74035.7409,52,48.0863,565
5327,fa6643cfa69c03e90648c8c20493541a7dab840d,0,0,0,2005-07-05 15:32:44,51,3297,0.3775,3348,1,2,1,144,50,15639.459,82,37.0274,313
5328,e7385e98ef7e483051d00068aae98fafbbae75a6,0,0,0,2005-07-05 15:45:38,87,3297,1.1727,3384,2,3,1,10,0,57606.9271,83,46.321,566
5320,ef811957ea520884a552dda1d68cf088e8a95c84,0,0,0,2005-07-05 19:11:05,55,46,0.7873,101,2,2,1,127,50,39355.4252,76,48.0322,392
5326,b4be46523157e38ab904dac0806e1816a16e671e,0,0,0,2005-07-05 19:56:26,153,3297,0.9759,3450,2,2,6,18,7,43578.8698,124,44.5183,754
5332,be108cb06dc44a4bd10c7c1fb172a85d001e1b5d,0,0,0,2005-07-05 20:11:42,3742,3297,0.0117,7039,60,19,1,10,9,60591.4189,286,71.2318,573
5325,5c1205d7d77fd9c6c1c2ce446e1d2b6f46ea386f,0,0,0,2005-07-05 20:18:40,3742,43,1.3967,3785,4,3,1,119,48,28272.7656,96,33.1046,321
5334,c9d43407ae78beb1ba1fbf54fa6c9bb40ada9f4c,0,0,0,2005-07-05 22:37:41,51,3297,0.0411,3348,60,19,6,58,20,45688.3582,1096,184.5052,8253
5335,4608582bbaeb91166b2f91879b6e55cc6fead451,0,0,0,2005-07-06 07:55:37,62,195,0.5201,257,3,2,1,1,7,43620.2849,98,51.8308,905
5318,dc4fe20584750c75074853d28ae31690e121109e,0,0,0,2005-07-06 09:01:38,48,34,4.5298,82,1,19,6,36,11,63717.0298,1068,171.6509,8222
5331,cb7cad81386cd1226a403d7789f2862780075380,0,0,0,2005-07-06 11:33:42,30,26,4.5298,56,60,19,1,33,16,45244.9294,1094,181.451,8047
5337,754d9966286ba423a8890d7d86e0c91861e0025b,0,0,0,2005-07-06 12:30:27,3742,18,4.5298,3760,60,1,6,37,12,12903.7563,1071,180.6246,8073
5339,fd7a05e93b3f9df496188f8dbddcb4eab49cadc4,0,0,0,2005-07-06 13:38:05,3742,45,4.5298,3787,60,19,1,33,22,53147.14,1050,172.1359,8276
5321,93d027fd28aa4e6212f28a439d4b5c83b52d0cb1,0,0,0,2005-07-06 13:44:32,3742,44,4.5298,3786,60,1,1,23,0,8150.4596,1101,171.7924,8286
5342,6e6fc299d6110bb39b38e7734ea5af6fafa80507,0,0,0,2005-07-06 17:06:20,109,3297,1.3161,3406,2,2,6,127,49,50300.2587,43,46.7655,603
5347,f212aa57bfb08513dfeb787988a8c1705687f5c2,0,0,0,2005-07-07 08:38:43,3742,58,1.0654,3800,3,2,1,158,51,64219.055,90,53.2482,644
5338,51a0144cad41ab16939370245a0e9b9c2b54ba01,0,0,0,2005-07-08 17:49:29,107,3297,1.206,3404,2,3,6,40,26,64819.5921,91,34.625,320
5344,3317ac6039d72ebee030ce809dbe0a9c97ceae0d,0,0,0,2005-07-09 15:45:34,47,3297,4.5298,3344,2,19,1,1038,1,58036.0903,49,36.9263,335
5349,d80c29130d1bc1c2a1093d3e652c89af77a3be75,0,0,0,2005-07-10 15:14:20,134,59,1.8335,193,5,2,6,19,7,26083.6911,124,53.0878,722
5340,dddac8912ae13642736dadac183b1197de8b28a7,0,0,0,2005-07-12 07:32:22,21,35,1.2765,56,4,2,1,1,8,59412.0505,126,54.3865,698
5351,f7ce7a57eb83215f505d7fa4ee16bbf26683baeb,0,0,0,2005-07-13 07:39:02,105,76,0.6505,181,1,2,6,1038,7,86377.0,125,53.1474,622
5341,3230311443c49ca3903c54cb5743a52c35f59c6b,0,0,0,2005-07-13 18:59:52,3742,6,4.5298,3748,60,1,1,3,3,458.7522,39,35.1075,124
5348,fb8233fe250b4d7a97606f116560337e4cacbfcc,0,0,0,2005-07-13 19:28:07,47,58,1.4069,105,4,3,6,51,18,33395.3157,25,28.8036,12545
5356,28bba6d0374ae13c569765aa7a876da980f19170,0,0,0,2005-07-14 13:54:53,3742,3297,1.5336,7039,2,3,1,43,22,52304.9448,1101,183.2793,8025
5345,4ef6328facf58c73897cfdfdcab277b98ab67825,0,0,0,2005-07-14 20:41:44,81,3297,1.1419,3378,4,3,6,19,11,29227.0165,124,44.9674,715
5355,f6536f486c31f11c17ed5ff8c9999c6eb6f16d4e,0,0,0,2005-07-14 23:50:46,243,3297,0.9038,3540,3,2,6,208,55,29452.1178,1051,186.1619,8388
5346,25be5a0233b30d961204136493e685848a396099,0,0,0,2005-07-16 17:04:08,63,3297,0.9856,3360,2,2,6,16,8,36727.8665,93,81.9879,215
5353,9d31887afa088bd0c1bad04b5a486c60f5343e53,0,0,0,2005-07-16 21:01:36,51,8,0.0727,59,2,19,6,40,17,18518.8076,1095,170.4749,8245
5357,eec8aa0c6effec55cd4e58bdb16780aa40a1337b,0,0,0,2005-07-16 23:56:18,75,3297,0.8964,3372,3,3,1,52,14,51357.2843,69,81.0806,367
5336,cde74e8476aaaccc4f6582a4c5e7f35719ea8f26,0,0,0,2005-07-18 15:58:53,3742,50,0.0324,3792,60,19,6,6,16,68433.2302,43,35.2883,635
5352,d07600381838d65772692a946b65094971f5bb4a,0,0,0,2005-07-18 18:00:32,15,53,0.0505,68,60,1,6,12,18,6529.5912,82,48.9758,368
5359,4375ce430f8397cc614ee878f20021b6b989a3ca,0,0,0,2005-07-18 22:11:48,129,42,0.5132,171,2,2,6,1,11,69299.3475,263,77.8255,438
5366,cbaa4947f81b964c9ef4e79abc660133b20f80f7,0,0,0,2005-07-19 04:32:31,3742,3297,0.101,7039,60,19,6,155,50,86377.0,54,89.1422,596
5330,9dbc8a3e3465d4b2ee02f99db2b66887ac47e750,0,0,0,2005-07-19 12:23:45,54,3297,0.481,3351,1,2,6,135,51,52393.4259,66,73.4837,77
5361,eea927c7f36f403b2a9bcd06867769f56d10ac7e,0,0,0,2005-07-19 19:12:05,3742,3297,4.5298,7039,60,1,1,170,48,22088.2754,1124,186.6279,8637
5362,b715e688f08aafd6fc2287a7123b1d617f08453d,0,1,0,2005-07-20 13:08:15,28,10,0.0227,38,60,19,6,9,8,22893.092,73,41.3561,524
5365,4712cc77a6fcfea85a4a4c7b510b4c4afe307dd8,0,1,0,2005-07-20 14:36:19,13,3297,4.5298,3310,60,1,6,10,8,5092.2996,62,43.7828,431
5343,0cb08b8771b9c06020287a2654a21a9cb0781f8e,0,0,0,2005-07-21 12:17:47,22,3297,0.2386,3319,2,2,1,5,4,63240.2558,61,45.5562,526
5364,086984c625c60daa0fcacf906eb7e88f51d25331,0,0,0,2005-07-21 16:46:56,45,3297,0.618,3342,2,2,6,18,8,22255.9179,44,32.9265,5
5375,de59026382de355d7ff085b9023d73bdf7984202,0,0,0,2005-07-22 08:18:48,3742,3297,4.5298,7039,60,1,6,125,47,45437.8214,1030,163.6522,7808
5370,9bd313bcf838a3883234ea7d0bb2fc90c4699d7a,0,0,0,2005-07-22 09:37:33,5,3297,0.879,3302,2,2,1,24,8,60207.369,46,33.7667,12545
5363,2b8daf20522531693f0ec875b581b31c091b7561,0,0,0,2005-07-22 10:46:05,3742,55,4.5298,3797,2,19,6,87,17,44112.461,59,30.7282,12545
5350,d9ce219364c026eb7334faa1b688f1d1519eef9a,0,0,0,2005-07-22 14:40:16,3742,3297,1.0346,7039,3,2,2,22,12,46680.9987,25,40.7258,190
5369,3dab38d031e7ef82effaa49687a242d3e0b4ab90,0,1,0,2005-07-23 12:09:48,324,89,1.569,413,5,2,6,222,50,45059.074,56,84.3155,451
5372,221a38f2946736dfd8c48d0646717e4cc4896144,0,0,0,2005-07-25 07:15:32,28,3297,0.0428,3325,60,1,1,16,4,85521.8107,122,51.2169,902
5374,0b67bb2cda55ec0cb8468b0b7ca149ad009bcdad,0,0,0,2005-07-25 08:09:00,134,3297,0.9994,3431,2,2,1,12,9,50751.9553,89,73.4442,341
5380,3812a4594df94f5a5899adb410c9b1fa14926829,0,0,0,2005-07-27 12:01:03,28,3297,0.015,3325,1,1,6,20,7,68099.3702,73,44.8359,413
5371,60513fce2058ec4a1adc935944b85476dd0b3bdf,0,0,0,2005-07-27 14:28:55,91,3297,0.0574,3388,60,1,1,166,48,27039.8657,51,90.4037,443
5377,78923dad5ab083a493296eeee0f39faf3d5dd7c7,0,0,0,2005-07-28 10:34:32,89,46,1.8704,135,3,3,6,1038,1,24438.518,127,43.4863,656
5385,f95e100f780c917f81e8b8c6fd7759721e53f7d2,0,0,0,2005-07-28 23:50:20,3742,37,0.492,3779,1,2,1,201,49,61226.5647,67,5.497,12545
5358,f01cf924d86b33f2c7bf5ce5fd6647571ceff192,0,0,0,2005-07-28 23:58:44,3742,3297,0.0253,7039,1,19,6,33,12,1068.6992,37,16.4642,162
5378,e397f2c027062ddb0a0a3a7391a98845be2afa52,0,1,0,2005-07-29 11:36:17,274,114,1.2226,388,3,2,1,31,11,37404.0588,23,31.8162,34
5383,00fe3b8368a39803229a974c5ddd0a8e7d3cace5,0,1,0,2005-08-04 21:06:44,107,3297,0.7274,3404,3,3,1,88,23,47048.9049,85,80.8213,220
5389,3a89fa25602fc0119285aa45aacef69760c815e9,0,0,0,2005-08-04 21:55:45,246,121,4.5298,367,2,19,1,1038,11,57668.9871,92,81.641,373
5379,f9c3f9b5ff3ffd53c6fe3ec789e186058b9c3b4d,0,0,0,2005-08-10 09:52:08,11,31,4.5298,42,2,19,6,24,18,3.0,22,14.1257,204
5384,b157dfbc0d8c78c615589da2882ae39a06abf30f,0,0,0,2005-08-10 09:53:58,17,17,4.5298,34,1,1,6,5,10,47792.5508,14,3.37,58
5392,d380ff3d0e3430afb3041a157500bc277e89ab5e,0,0,0,2005-08-10 09:58:54,3742,35,4.5298,3777,60,1,6,4,9,72973.1599,1455,1.1193,12545
5399,5363a823eed9bce655835f59ea71ae215d04e345,0,0,0,2005-08-10 15:41:13,130,3297,4.5298,3427,2,2,6,98,46,16485.7733,1134,158.2581,7847
5382,582be0c83395896d6207c835fae599c1aeba83af,0,0,0,2005-08-15 04:50:23,45,58,0.0693,103,2,1,1,169,50,46399.0483,96,82.7742,488
5391,1bbfe2c5688fe4ab1aa047e32cd7d8812bc4e935,0,0,0,2005-08-15 09:55:37,3742,30,0.022,3772,1,1,6,3,10,85554.767,118,45.9795,711
5396,3bdaaf4c1ad2d66a8a6144fdc66b20e0147141a5,0,0,0,2005-08-18 11:36:24,142,3297,0.912,3439,3,2,6,148,48,39286.4944,94,73.7259,396
5397,0b3c036a13767dd519065637e476c8c161df3044,0,0,0,2005-08-19 16:50:45,3742,3297,1.0731,7039,2,3,6,120,19,54955.046,87,72.6944,161
5386,096a6a1df017a03df64dbf9b32922c53f2f44aa9,0,0,0,2005-08-19 20:43:43,39,53,4.5298,92,60,1,1,1,9,80611.817,289,66.7331,527
5395,14d6f948ede6cbe3f6b1582f3281f85b3fd110cc,0,0,0,2005-08-20 06:30:43,80,3297,1.3229,3377,3,3,6,174,22,57531.1993,88,84.046,387
5403,7f1e4dc1ddd349abba52b3983b610f218b8291c6,0,0,0,2005-08-20 19:51:14,62,35,1.0032,97,3,2,1,9,21,17450.8751,271,64.9089,501
5393,28d8ca88ee3dedc3b10ddb0fd78d7c16537a4a0e,0,0,0,2005-08-20 21:11:29,3742,18,0.0232,3760,2,2,6,7,9,61597.0392,277,66.8149,532
5398,e476911f7736e8b86ba1495eaae1850fb05972c2,0,0,0,2005-08-21 11:28:15,131,3297,0.0446,3428,2,19,6,9,4,58588.8341,1089,182.6488,8228
5404,9b51ba9a17f26103aaa19711a7e57045df4207e0,0,0,0,2005-08-21 16:07:42,5,3297,0.1812,3302,1,2,1,43,11,44537.3093,53,47.3984,403
5388,688f165f7f6042a80a2ec8d26bb7d35b8b8d4d5e,0,0,0,2005-08-22 09:04:44,9,28,0.3061,37,3,3,1,86,22,44280.823,66,82.7143,342
5408,c720f22b3551f9ecdfc10dfad7495753c4f802a6,0,0,0,2005-08-22 17:08:15,83,3297,4.5298,3380,60,1,1,13,6,20954.3039,1069,181.3403,8006
5390,da13bf337444f37063f5b0fb393a0ff91476b719,0,0,0,2005-08-22 17:34:26,39,26,1.0343,65,3,2,6,104,19,43688.3263,93,73.5363,358
5405,ab0a3e969d36c30c17fd118fb410a8a7c3898b41,0,0,0,2005-08-22 23:22:22,82,3297,0.0574,3379,60,1,6,120,19,22168.4104,1097,181.6432,8327
5412,f89871c324a6e57f446bb0881e7aaf623626fd01,0,0,0,2005-08-22 23:31:07,3742,36,0.078,3778,60,1,1,130,19,86377.0,1061,167.2394,7941
5411,2608db51d77c5bc7449730678c66f8670bc652a6,0,0,0,2005-08-22 23:35:16,48,3297,4.5298,3345,60,19,6,103,19,1293.1029,1094,186.4108,8277
5394,2411623f2fc9bdbf9c5144bb3a8eec8184d47d55,0,0,0,2005-08-23 04:10:12,5,3297,0.4245,3302,3,2,6,103,18,28143.1294,67,83.4329,439
5409,4f4a75891b937550c67ca3befb8890d3aff22812,0,0,0,2005-08-23 04:38:05,51,3297,0.0396,3348,60,19,1,109,18,2395.2027,68,82.2462,153
5413,07d063df1430c715a3eee797346324f3a5ae0a46,0,0,0,2005-08-23 20:03:48,3742,40,0.9713,3782,3,1,6,58,18,48198.7821,296,75.681,697
5417,6421755a9e4b32ba47c72448bfe9832148b340a0,0,0,0,2005-08-25 11:20:14,3742,103,0.0483,3845,2,1,1,49,22,75430.3789,1048,182.7437,7939
5402,420783bcada20c6606cd7e7e0d4ab4e6b5c92baa,0,0,0,2005-08-25 12:31:18,3742,42,4.5298,3784,60,1,1,125,19,27035.6504,63,85.3353,142
5419,dc27ac9ff13147f56af325ddf046e6d50e132cc9,0,0,0,2005-08-26 09:13:19,35,12,4.5298,47,60,1,6,11,10,3451.5281,1074,178.5819,8178
5407,441fdf7ba6c8d3ec15ebaf2593e97943071fe817,0,0,0,2005-08-26 10:39:29,3742,3297,4.5298,7039,3,2,1,177,50,54457.2887,1127,189.9013,8487
5416,86281f654a07c0cf1b2cdbfff24811d9fc0715d3,0,1,0,2005-08-29 10:49:42,342,1241,2.4298,1583,16,3,6,51,11,46446.4052,1146,197.4111,7741
5414,920ffdad9616b376b44f352ae7cf5a8cfe586481,0,0,0,2005-08-29 14:25:29,3742,22,0.0242,3764,1,19,6,6,10,15742.4421,58,45.72,373
5423,a0ff2c553c412480a6baf69696af69bce1972d93,0,0,0,2005-09-12 14:41:47,28,28,4.5298,56,60,19,1,13,1,1583.1672,150,79.7719,328
5424,e264719204ee86ae0ed217337c48bceed4e3d69a,0,0,0,2005-09-13 10:46:20,94,78,4.5298,172,60,1,6,127,19,54782.5266,1066,171.3469,7935
5434,edba11cc10bb03bc8e2ae6e5f4905533687313aa,0,0,0,2005-09-13 11:11:39,75,52,0.0363,127,60,1,6,111,19,86377.0,1096,186.2637,7945
5436,50de122d30609b96fc5e40609a1a3f07e9011543,0,0,0,2005-09-13 11:36:29,3742,3297,0.0202,7039,60,19,1,13,7,43021.5545,61,39.5661,526
5439,cbcd91108e613b2302705aacaaff0ae910a1c6e9,0,0,0,2005-09-13 11:43:43,83,3297,4.5298,3380,60,1,6,130,19,2800.2547,89,35.4336,568
5437,f550a0036ea3e57c4f7be3a58c6ad89c996ce90d,0,0,0,2005-09-13 12:41:47,36,3297,4.5298,3333,2,19,6,24,16,59757.7018,1065,173.8119,8242
5440,36111d8073cdc5d6b6a79bbba0a3b155243ccc87,0,0,0,2005-09-13 14:55:35,52,149,4.5298,201,60,1,1,137,18,10657.5903,82,33.7619,622
5420,a540320cd8b2c17c72923e46223cc6b87c4cef96,0,0,0,2005-09-13 16:35:40,28,21,0.0339,49,60,19,1,11,3,78174.124,159,86.6257,367
5431,e43445f3e76d70e8719cc2b9754892544e3c6554,0,0,0,2005-09-13 18:14:49,23,3297,4.5298,3320,1,1,6,8,1,79566.6115,179,80.9706,526
5441,d262cc05c4798509d5b932aa5b4b48e22857e7d6,0,0,0,2005-09-13 20:22:56,3742,94,0.0529,3836,2,1,1,137,19,20912.5907,1065,186.3099,8239
5445,635f7de40bb88a6681c37559bcd587d6e49074bd,0,0,0,2005-09-13 21:35:43,46,3297,0.0438,3343,60,19,6,137,19,5838.5489,1068,169.2668,8322
5422,cef0044e5d0268cedc18c98a839afcefca34b1f5,0,0,0,2005-09-13 22:24:19,3742,53,0.066,3795,60,19,1,133,17,2036.362,1054,168.7589,7977
5435,58ecd1e408c271b5ee7e1424eeaec295f22c63ea,0,0,0,2005-09-15 10:46:05,116,53,4.5298,169,1,19,1,1038,1,39477.357,1069,170.4579,7991
5430,a032d22170b0262d5e23d8f25d8e2d235a6a8f49,0,0,0,2005-09-15 12:22:01,3742,38,4.5298,3780,2,19,6,57,22,7005.2303,1055,168.5565,8306
5442,9f3931d730f2dc48f09e530c2c03e76e6017f187,0,0,0,2005-09-15 15:14:54,3742,3297,0.0476,7039,60,1,1,18,1,2419.0072,184,87.3727,545
5448,ec3128493432b0dcef7831990b896e3ae165d699,0,0,0,2005-09-15 19:22:56,39,3297,0.0588,3336,1,1,6,1038,8,35334.5596,1057,169.0998,7973
5453,9ef0a12a572a1267c2c97409f584c8541104e35f,0,0,0,2005-09-15 19:59:41,3742,3297,0.0414,7039,2,1,1,26,2,32008.756,1058,170.2901,7977
5433,93b0115a4fd2d7ba1240ed94e82fa1878d5240f9,0,0,0,2005-09-16 09:58:04,132,54,4.5298,186,60,1,6,23,2,66506.6977,148,78.7487,516
5451,2de3643b022c82f52b0b7b88d6ca6490d93a0d75,0,0,0,2005-09-16 14:51:02,32,41,0.3007,73,1,2,6,0,4,18539.3577,180,90.283,338
5454,15b4ecf87e8ba6cdbf450c05868fb4da29bf61ae,0,0,0,2005-09-19 10:39:59,3742,3297,4.5298,7039,2,19,6,26,1,66660.8266,146,77.9965,318
5443,8cfafe122de329dfd7c220cdc0bbf9e3f54da41f,0,0,0,2005-09-19 11:53:26,3742,3297,0.0646,7039,1,1,6,52,22,82023.3562,182,75.961,339
5463,f86515d70e9ae42ff1215370c076ca209059a522,0,0,0,2005-09-19 20:40:23,50,3297,0.06,3347,2,1,1,26,22,8236.8957,1093,168.3107,8287
5446,78b4529885376dd306ffa52e22de4867692d3202,0,0,0,2005-09-21 12:39:14,13,3297,4.5298,3310,60,1,6,5,0,7745.7277,152,81.3298,313
5459,7f806e74c7a5deb4099e13c68f5609ee39161e6b,0,0,0,2005-09-21 19:28:45,3742,3297,0.0544,7039,7,2,1,104,31,14486.2976,1111,167.9259,8292
5462,73eb11d746e13cf3946ce778a3f5547919c43764,0,0,0,2005-09-21 20:07:35,64,33,0.0529,97,2,19,6,57,20,617.9601,1066,167.3697,8293
5447,403f531618997df69b55e7dcd2779838a89a4f41,0,0,0,2005-09-22 08:59:50,60,3297,0.0338,3357,60,1,6,24,0,74114.9526,153,87.9589,531
5464,55ae4ed25f7ebee1ef19e02cbbfdb596f630d1ef,0,0,0,2005-09-27 11:40:17,3742,45,0.9092,3787,3,2,6,105,28,66474.1983,1057,188.8597,7826
5466,ad3578f4044d908fd8c1339b4ac1d8af863f8f7b,0,0,0,2005-09-27 12:32:51,3742,3297,1.0242,7039,2,3,6,152,53,34610.4109,1455,12.6975,12545
5465,095042d95a531304214d3fa0b3c46433c4d461fd,0,0,0,2005-09-27 13:45:48,3742,24,0.0377,3766,2,19,1,63,16,65579.9081,1060,173.4538,8006
5467,5c671238bdeff35a5787d4bc1f0339241c41c197,0,0,0,2005-10-01 16:21:51,25,19,0.0294,44,60,19,6,6,1,26077.1855,179,87.693,519
5468,819d0708406bcdd53daad9049575075a1b607467,0,0,0,2005-10-02 15:46:18,3742,22,4.5298,3764,60,1,6,9,2,19434.0597,175,79.9153,299
5456,affd4994137b493ad17839ff866b2979f4a78a99,0,0,0,2005-10-03 12:09:26,3742,147,0.7037,3889,60,3,6,136,48,78713.083,87,36.9961,12545
5460,e0b96b8f8abb79ca2ac5cfe5622707022e043206,0,0,0,2005-10-03 19:00:50,28,26,0.9447,54,2,1,1,1038,1,21704.6489,179,81.8974,493
5469,199e0025d900877cf7a7243fe241ec09d2cca607,0,0,0,2005-10-03 20:01:51,3742,32,4.5298,3774,1,19,1,14,2,2998.2789,153,89.5347,510
5470,b455049e0830456d6bad8ec3ebf167156d7e5406,0,0,0,2005-10-04 16:08:31,3742,17,4.5298,3759,2,19,1,14,1,3465.0801,179,80.3762,314
5474,ce700d26016707727fd5c65c1dcf751619d7e96f,0,0,0,2005-10-07 08:38:24,38,3297,4.5298,3335,1,19,1,1038,2,78195.5737,159,81.4488,509
5481,5f07595c494b2828466f3b6534c12fae5d8d9730,0,1,0,2005-10-07 15:50:54,34,27,0.7592,61,2,2,6,8,3,23395.9944,159,87.1617,524
5489,8d6785b85399785e42b32b3b7f3ed2b89f06b900,0,0,0,2005-10-07 21:59:58,3742,3297,0.7871,7039,1,2,6,174,49,45469.8308,1455,18.0713,121
5486,045f3b781cb78b3c73ea16fd7d63a6926db90ada,0,0,0,2005-10-09 11:51:54,44,45,4.5298,89,2,1,1,68,19,64534.4567,1101,172.1947,8211
5480,8c748baf690b847e83a9cfdb1084aa1598a0a8cc,0,0,0,2005-10-09 12:40:48,3742,3297,0.7791,7039,3,2,6,183,50,32755.7664,1455,18.1573,135
5483,86576fc19e8bb073aeb1e596f618ec9c223e9de5,0,0,0,2005-10-09 12:55:37,45,3297,0.0465,3342,1,19,1,10,4,63758.1131,1063,173.6919,8030
5494,698b33157294f117d73d0a4761a4a3bf36160f13,0,0,0,2005-10-09 12:59:38,141,3297,4.5298,3438,3,2,1,203,47,3877.351,1131,189.5258,7834
5490,80c2df2bddf825863b4660c65a1f0bb4e2bb8a3f,0,0,0,2005-10-10 11:23:59,3742,24,0.0234,3766,2,1,1,15,7,62869.4507,157,88.1547,576
5476,dbf7187da9d144b7723b2fa9e96e58954f4ca46e,0,0,0,2005-10-10 13:14:07,29,3297,0.0482,3326,2,1,6,115,19,67962.7348,184,91.8132,582
5484,7a19c4ad8737866a5a5ad5fcfc473d852086dbfb,0,0,0,2005-10-12 13:56:34,41,3297,1.9328,3338,4,2,1,11,3,33278.7474,180,89.1812,355
5495,68efc006a198a56b887e1cc9dfa7bbf13e1d8713,0,1,0,2005-10-16 18:40:46,2422,2391,1.2823,4813,9,19,6,48,15,20029.9335,35,123.7268,1551
5493,239aa69d5509b6a6f70f591e3d694f74ae3d8815,0,0,0,2005-10-17 10:07:37,3742,1,0.0411,3743,2,1,6,11,11,56192.273,151,81.0556,545
5502,15cd4c3f09428607d1b6a82f1d5885a45e5cffb9,0,0,0,2005-10-17 10:29:52,84,94,4.5298,178,4,19,6,161,33,6053.3216,193,76.4252,684
5487,348b127b2544887617daff8d223d86a8714f8b84,0,0,0,2005-10-17 11:34:10,110,94,0.5507,204,1,19,1,155,33,2557.3601,187,76.8999,247
5497,5304dded305f9ff8e84d92a9536f27bd6aeafd33,0,0,0,2005-10-17 13:03:02,3742,34,4.5298,3776,1,1,1,2,8,66666.8194,179,86.8481,494
5501,ba16abf5a51b73bcd13a8f9697145b18540a1fc5,0,0,0,2005-10-18 15:22:23,3742,49,0.3544,3791,60,19,6,37,25,14403.7593,193,89.1826,669
5485,253bf8e2cb326e0ad4460895be5c431d973e1b99,0,0,0,2005-10-19 09:00:12,91,3297,1.0909,3388,4,19,1,42,29,72018.9606,201,95.3908,688
5491,9370456da693423cb687e55da309df132bd17431,0,0,0,2005-10-19 10:07:10,41,3297,0.0289,3338,60,19,6,13,21,3114.2375,184,88.3789,369
5499,bd2ae6a68c850008b8035e59f9900866da8dd538,0,1,0,2005-10-19 14:43:39,3742,43,4.5298,3785,60,1,6,3,7,73639.5456,162,86.8976,394
5504,7c7595ce20d3e5ef9e972fa8a6653a40f923f869,0,1,0,2005-10-19 16:19:03,3742,6,0.0048,3748,1,1,6,8,7,5550.1896,169,83.5126,455
5488,e691549e7a81ebf167f7d470616a2eef1687418f,0,0,0,2005-10-20 09:21:56,3742,3297,4.5298,7039,60,1,6,18,8,60801.9819,181,79.6027,566
5498,f3cf7fab35ed7cb971948da7db9a02b9c9954a0c,0,0,0,2005-10-20 10:36:51,3742,41,0.0569,3783,1,1,6,17,3,16758.4827,21,17.1979,136
5500,d9b52efa5da542decba1ad4a517ea848dcfbd609,0,0,0,2005-10-20 10:51:28,3742,3297,0.0338,7039,2,19,1,27,9,74173.4724,2,7.8751,160
5503,1e25311ade43d88a71b57efb80b73932fa133307,0,0,0,2005-10-25 12:24:45,12,3297,0.4707,3309,2,2,1,15,5,1009.9168,1,5.3549,12545
5479,3d2c8cd13d48fd5690fae4e6397a34cda0a071dd,0,0,0,2005-10-25 12:32:11,25,15,4.5298,40,60,19,1,18,10,6408.295,6,14.2621,62
5512,c642b66215d1c97294013affbc407c43095dc3e9,0,0,0,2005-10-31 13:37:40,3742,166,0.1015,3908,2,2,1,140,48,5211.6476,1154,200.7285,8494
5508,d01d945a5707a9bb5b95983e7c192dad68fb3206,0,0,0,2005-10-31 16:22:55,3742,3297,0.0316,7039,2,19,6,1038,1,8059.8371,154,89.2524,94
5509,fc311ef15e463223bcdd0432278b367a9866e66c,0,0,0,2005-11-01 08:44:14,148,3297,1.0223,3445,3,2,1,1038,0,63515.9695,182,78.7236,12545
5507,ed64aa71e348b8cfad9e2b2ff7699033a3e0a482,0,0,0,2005-11-01 08:50:49,28,3297,4.5298,3325,1,1,6,10,0,67667.3343,185,79.0648,12545
5514,95fbf0e7c2ad9aae05ec26de9565f6c740163c03,0,0,0,2005-11-02 20:32:49,19,3297,4.5298,3316,60,19,1,1038,2,40495.7861,171,86.2062,488
5517,8205e82a7de320518efe1a3c83e5a9f5379db18b,0,0,0,2005-11-03 12:19:54,34,3297,0.0345,3331,60,1,6,8,3,10770.0416,173,87.943,548
5522,769c64cff26edb3fb55fda441fa822160cffdfc9,0,0,0,2005-11-03 16:08:32,3742,3297,0.0407,7039,1,1,1,3,8,48317.717,175,86.7292,381
5506,d455c5d47062506cacfe5c4e0a27700f3f725be8,0,0,0,2005-11-03 17:30:04,3742,5,4.5298,3747,1,1,6,11,8,4778.4531,169,85.297,461
5515,699ccc1b69f5889e739be86e65da1cde6d7d7708,0,0,0,2005-11-03 19:08:40,3742,3297,4.5298,7039,1,2,6,200,50,11704.416,58,29.1813,328
5520,ac6825313527e4a3298fd7aa7bfd81f1538a2ddc,0,0,0,2005-11-04 08:33:57,3742,3297,0.0295,7039,1,19,6,6,8,48868.3556,174,80.8259,339
5513,dfd416f7f3a027d3209b7056c4bb44b1bfd13716,0,0,0,2005-11-05 23:13:05,3742,3297,0.037,7039,2,1,1,66,21,51226.1064,306,66.1085,712
5518,3472a90be9f233bcfcdbc4378a91fb7e680d26d9,0,1,0,2005-11-06 11:02:41,45,10,0.1999,55,2,2,1,43,12,50721.9513,288,67.5967,642
5510,673a6d1497428ceefc1fb8cfd83cd09c31c8d706,0,0,0,2005-11-07 10:45:52,3742,22,4.5298,3764,2,1,6,8,4,81706.6572,184,88.5772,291
5521,7662296e5c2679d350f48d6d6f104d15c6f3c00d,0,0,0,2005-11-07 22:10:42,37,25,0.0363,62,1,1,1,31,19,25709.0268,272,74.1561,516
5524,4c42d503f6592c6ecc511c30bb49599316a937ff,0,0,0,2005-11-07 22:17:46,3742,31,4.5298,3773,60,19,1,34,18,86377.0,296,75.5246,471
5533,424d983d6d48683e806b6e5783b620c476ee640d,0,0,0,2005-11-10 10:58:18,3742,3297,4.5298,7039,60,19,6,153,48,54737.3601,1455,24.2734,12545
5519,e6ba0d8be3bc6592037d7b2748a28db11495a7cf,0,0,0,2005-11-13 16:28:18,3742,3297,1.0487,7039,3,2,1,24,13,75707.4659,1103,183.3965,7947
5516,2a5268836058cadfa9b8f4d26985ea2ef51e1f2e,0,1,0,2005-11-13 16:52:07,604,31,4.5298,635,60,1,6,1038,60,60071.1068,1098,185.3231,8233
5532,867b61b4fa1f7779319d61deef23bbf300a53163,0,0,0,2005-11-15 16:20:14,3742,170,0.2275,3912,60,19,1,218,48,82978.4858,213,100.7297,1022
5530,4467dd5c2461e3e955dbb38b242fd874f38a9801,0,0,0,2005-11-16 13:19:57,106,3297,0.0199,3403,1,1,6,10,4,15482.7217,154,87.9522,339
5537,2babcf3b3b6d311690a00eaa279b65cfccba647a,0,1,0,2005-11-17 21:05:57,29,3297,0.7803,3326,3,2,6,79,22,14810.2467,1059,170.3061,7966
5526,f15a4d95f060eb69ed45d992477b9f82d1554324,0,0,0,2005-11-17 21:15:20,3742,29,0.062,3771,60,19,1,19,5,38889.2476,1060,183.8582,8017
5534,c8f5e07f5f77f5617b6597b69fbfa576f91555aa,0,0,0,2005-11-17 22:25:54,3742,3297,4.5298,7039,60,19,6,35,18,3401.6513,1068,172.884,8256
5536,64631b832a2d09c2faba0ede7d816e9cbaf4bbc8,0,0,0,2005-11-18 16:21:23,3742,53,0.0655,3795,2,19,1,1038,9,83355.9273,1061,184.6151,8220
5544,7779d94de074c1a52f2319fc53edc2c87f022522,0,0,0,2005-11-18 16:25:48,3742,23,4.5298,3765,60,19,6,1038,10,86377.0,1073,181.0546,8030
5528,f3bc4a12cfc15d9636681934ea6511d159b475ee,0,0,0,2005-11-18 16:35:41,25,28,4.5298,53,60,1,1,1038,9,86377.0,1087,174.2236,8177
5535,c47308f2758a700ee640680df4ab1badac777e38,0,0,0,2005-11-19 17:27:55,433,3297,0.0618,3730,2,19,1,13,60,63905.1673,141,75.1665,248
5538,2d004a00bbe2aaf4235d0017c9b49ef87412489b,0,0,0,2005-11-19 21:22:12,46,32,0.8437,78,3,2,6,82,24,43147.7856,1099,171.7118,8257
5542,b573446c3376d7c697c7b497cfcd6c091d61a173,0,0,0,2005-11-20 15:08:55,64,3297,0.0548,3361,60,1,6,1038,1,77334.2747,153,88.4969,12545
5531,dd157a82abbb0521e2df05e109eaca173bc491d1,0,0,0,2005-11-20 22:58:45,69,3297,0.2416,3366,3,2,6,30,11,62210.2821,1059,181.9953,8029
5547,c65768674f83df2c438db96117d3c302f39d778e,0,0,0,2005-11-21 00:18:54,48,35,4.5298,83,60,1,1,15,9,27016.3451,276,66.2043,667
5527,cf605582ba9487f26650e1b17db7329dafacb5e7,0,0,0,2005-11-21 00:40:00,59,46,4.5298,105,2,1,1,1038,10,27934.2655,1095,184.6708,8298
5540,1584583841b56525ae319af330592605c04e216a,0,0,0,2005-11-21 00:40:23,70,66,1.0409,136,3,2,1,45,20,1164.59,302,75.5605,775
5546,5b334c600e6dd50ff8d7f6749a887ce28cf2322c,0,0,0,2005-11-21 07:55:49,3742,83,4.5298,3825,60,19,1,1038,2,59024.7538,193,92.0953,12545
5552,46689bf44ae1da708161031e1be6898ee8cac9ca,0,0,0,2005-11-21 16:19:35,3742,12,4.5298,3754,60,19,6,1038,4,11452.8745,175,81.7809,393
5529,41668eb435c2934ead6dc9d616eda9efb9252d97,0,0,0,2005-11-21 17:29:40,3742,3297,0.0148,7039,1,1,1,8,4,3880.5042,173,86.7455,374
5549,f26b4aa7c24bf128774bca85d83bb9280a3db511,0,0,0,2005-11-21 20:10:57,3742,38,4.5298,3780,2,19,1,186,50,13063.0406,300,76.9166,497
5554,187608204d1531ca3266992801e036adf03c8458,0,0,0,2005-11-22 00:00:17,3742,3297,4.5298,7039,60,19,1,1038,9,83356.5824,1092,183.8686,7933
5555,d87c7ddf1702ea6f40c0612355426e15162b2a3f,0,0,0,2005-11-23 15:02:10,3742,37,4.5298,3779,60,1,1,37,20,78788.4799,1113,169.5232,8267
5543,b5cc220980cb38176db98e805bd678667c28484b,0,0,0,2005-11-23 15:13:46,39,3297,0.0712,3336,60,1,6,66,20,2408.634,1107,169.4725,7986
5550,1df4ef4fb0f3df86738de0d404d6d9f205f89f81,0,0,0,2005-11-23 15:20:46,3742,3297,0.075,7039,2,19,1,75,20,86377.0,1064,168.6981,7955
5560,e63ae30b17648efeb229d72bf0e9503f0138403a,0,0,0,2005-11-23 15:38:50,87,3297,0.0575,3384,60,19,1,41,22,86377.0,1058,187.9067,8249
5558,962cdc40af36c5b806e969267320d8b2b18f9198,0,0,0,2005-11-25 09:21:40,3742,3297,4.5298,7039,1,19,6,10,0,6079.7443,154,88.9909,12545
5541,0129412ea3d9afd10f5ed3b8bd43ba8e1f37a767,0,0,0,2005-11-28 13:53:00,3742,3297,4.5298,7039,2,1,6,40,11,75449.1534,46,21.8236,12545
5551,f65f4ce97c4e59efeebd1554d3dbc6b8a4a7b6c6,0,0,0,2005-11-28 15:11:30,77,3297,0.038,3374,1,19,6,1038,2,15519.4091,153,88.7908,561
5563,026d9fc60458be6f251b3e866c35c62596413acc,0,0,0,2005-12-05 22:57:52,5,111,0.0918,116,3,19,1,147,47,8063.7271,64,20.7933,375
5568,71a48fc66a57676e8fd3761d4fed2123bcb43d08,0,0,0,2005-12-09 11:43:25,3742,3297,0.0596,7039,2,1,1,159,50,47138.7994,52,5.1,169
5567,852dcab436f0b4a62dde9c1e35fd77709cde238e,0,0,0,2005-12-10 02:40:00,3742,36,0.3909,3778,1,2,1,2,8,37191.422,17,6.8482,12545
5553,5595bda97949ac288dad7bcbdf24eb6859afc0ab,0,0,0,2005-12-10 02:40:18,3742,15,4.5298,3757,60,1,1,37,12,12700.4132,23,7.6159,108
5565,6c9ce95f8e93ed06bf9909c8a95a3417dcfd9aea,0,0,0,2005-12-14 16:57:36,3742,52,4.5298,3794,60,1,6,38,20,86377.0,1098,165.7518,7927
5566,6fbf05e766203f2de802035894d060567d131191,0,0,0,2005-12-14 17:23:28,53,44,0.4011,97,3,2,1,56,11,40079.3943,1065,173.0686,8020
4494,c4193c55e4341c48ba2672528ff1665921d5c9d0,0,0,0,2005-12-14 17:26:42,3742,3297,4.5298,7039,1,1,6,36,12,86377.0,1093,172.4424,8251
5561,f68da0a0baa25546bceea3415dfd0270466159f2,0,0,0,2005-12-14 17:29:34,27,3297,0.0405,3324,60,19,6,54,12,86377.0,1065,174.511,8004
5559,4feb7dea597ed08800b5345a6c393a89bc2c8c2b,0,0,0,2005-12-15 18:39:38,74,3297,1.9131,3371,6,19,1,36,6,8976.1528,1113,188.0224,8297
4490,508014648861e06c54f5e9da6fc31d9074ab8426,0,0,0,2005-12-17 07:39:43,94,174,0.0745,268,3,2,2,62,29,56143.5554,37,22.1218,331
4492,677bc2cdf8964d610cd079f3c037c782ea4e5249,0,0,0,2005-12-20 20:54:55,3742,30,4.5298,3772,60,1,1,69,22,7862.8807,1097,184.6977,8275
5557,a8c9e453f062db6b386253c09ec80c2477eeac7d,0,0,0,2005-12-20 22:03:32,44,3297,4.5298,3341,2,19,6,12,8,18212.4799,1097,181.8733,8042
4488,87626c2bd773c6ae823eb9e30f6e75e2435971bd,0,0,0,2005-12-20 23:31:20,3742,27,4.5298,3769,2,1,1,71,22,16724.7829,1059,170.1008,8289
4491,2c3ccc7b9409166decf486ea01729c84f01bee61,0,1,0,2005-12-21 00:09:43,9,3297,0.0113,3306,1,1,6,19,9,7707.3591,1077,178.5038,8091
4495,2a33abfe9ed1bb93a105b606d3abb11897f28162,0,0,0,2006-01-08 16:20:43,68,57,0.6843,125,1,19,6,1038,8,1822.2314,81,51.4737,362
4496,6c68b9893e61064429516b06f04532d5e988a175,0,0,0,2006-01-08 16:30:09,122,1,0.1317,123,3,2,1,3,11,41130.6982,72,48.6181,561
4502,8747c5a5d5368b344ea78a63be20fbd277072b20,0,0,0,2006-01-08 16:36:19,18,3297,0.0157,3315,1,19,1,4,9,816.4085,59,41.4436,414
4507,2ca9bde27f1dceb590b392acc0e722f22bf01ae2,0,0,0,2006-01-08 16:47:58,43,29,0.8968,72,2,2,6,10,4,30648.294,58,48.0598,392
4497,515f0276e8a8c55ea23e1c1139251fb460018426,0,0,0,2006-01-08 17:06:01,67,3297,1.8519,3364,3,2,6,31,17,15639.8186,49,38.6001,354
4500,d2c69898be023b7109d9cafdbb4b0f40280f707d,0,0,0,2006-01-08 17:45:10,44,58,1.4237,102,2,2,6,27,8,3854.9028,79,36.7849,602
4506,8446c69f4036d2aacc6318a050542a10c9f5a244,0,0,0,2006-01-08 20:24:12,23,3297,0.0215,3320,60,1,6,29,7,9850.0185,60,47.677,551
4509,cdfb16abf2faee101b4709c8ac8c358bddee7872,0,0,0,2006-01-10 14:24:09,3742,30,4.5298,3772,60,19,1,7,2,19714.4595,181,94.3936,532
4508,47c6ba05db2758311c7d8b1d7ee99ee86cd905ee,0,0,0,2006-01-18 10:54:39,69,21,4.5298,90,1,1,6,1,12,18470.9496,288,66.6676,512
4511,f926be21af58091ea6ce7d17a158a097f39f51b5,0,0,0,2006-01-18 15:58:27,209,3297,0.2825,3506,3,2,2,64,20,23780.5573,260,79.3413,311
4493,26d481d0c48dd0334b97134fabf691f48a9382a3,0,0,0,2006-01-18 16:42:10,67,60,0.0263,127,60,19,6,1,12,3389.2425,301,73.4135,762
4513,b208024dfe32c83629c8dd5829cba055b3e4fb26,0,0,0,2006-01-19 14:18:32,62,3297,0.6775,3359,3,2,6,67,21,56496.0342,1098,246.6219,8039
4515,e9e2da9167fb716d996998183366681898e4672b,0,0,0,2006-01-19 14:41:38,3742,3297,4.5298,7039,60,1,6,6,5,1877.2714,1073,239.0739,8039
4504,da97181cb7f0d2b32a79e7a9c52270e7b9c0ca99,0,0,0,2006-01-19 15:52:57,20,3297,0.0212,3317,60,19,6,16,9,64239.1191,1072,239.6025,8050
4514,9fb06f1cef0f35663da57a53641f925acaf48c92,0,0,0,2006-01-19 16:05:43,3742,3297,0.0076,7039,1,1,6,6,4,64605.4139,1083,241.1507,8096
4518,fb21f2fc075e14e6ca7d018a91f552866a1ae211,0,0,0,2006-01-19 21:01:21,22,3297,0.024,3319,60,1,1,2,4,17323.3481,1073,243.4494,8041
4523,ace761693228a2dbcd876283efc5effecbc77b7d,0,0,0,2006-01-23 10:36:22,14,11,4.5298,25,60,19,1,5,8,83180.985,31,21.4878,46
4521,dcc76fcd524b63f7ebad4fa91b41f77f893df7eb,0,0,0,2006-01-25 21:24:41,3742,3297,4.5298,7039,60,1,6,43,16,82524.007,1103,236.3179,7940
5548,048b2375c6575c01d220e4a309d16dbc648a79b8,0,0,0,2006-01-26 14:41:07,47,3297,4.5298,3344,2,19,1,72,22,544.326,1060,245.7984,8210
4512,4c36460c41761b25f9f7065efe854c5b403e1e91,0,1,0,2006-01-26 16:47:44,3742,15,0.9644,3757,2,2,1,26,22,34801.7245,1087,239.4615,8161
4522,fdaa310a99d99edfd77c4b7cdcbc0ef41eabd3e2,0,0,0,2006-01-26 22:22:56,3742,54,1.2496,3796,2,3,1,109,29,11869.7851,1060,236.8741,7935
4525,d7e85fa70435f3f7fae16e21c4bc29a4d0645ffb,0,0,0,2006-01-26 23:37:38,73,47,0.0365,120,60,1,6,71,22,33030.2842,1068,237.5974,7967
4516,96ee17548dd6d2fa26821e68659847ef60d290b4,0,0,0,2006-01-27 10:44:05,3742,3297,4.5298,7039,2,1,6,71,18,48499.2626,1096,246.0269,8243
4526,fba20da1a9e1c90025ab38bea4d6f55bc5f52630,0,0,0,2006-01-27 11:28:58,3742,54,0.7611,3796,3,2,1,137,29,21492.5425,1060,246.8937,8246
4530,c448a79d80bd30c089fd5bb7b2d7bf586671348e,0,1,0,2006-01-27 12:21:45,21,53,1.3378,74,4,3,6,63,22,46209.3063,1060,235.1138,7975
4517,f9c18b21d92a841ae0dd0a395a726d2b53a61499,0,0,0,2006-01-30 15:09:18,3742,3297,0.9095,7039,2,1,6,69,21,31957.5407,1089,243.8213,8022
4527,6c29193f004212a6b301b1b7d4e597b4bce6e8fc,0,1,0,2006-01-31 15:56:45,3742,26,0.942,3768,2,2,1,63,19,74124.6978,1069,237.0804,8236
4532,429f12383ac7548c274733a254820229fe87f4b3,0,0,0,2006-02-04 22:16:35,3742,3297,0.0733,7039,60,1,6,48,20,27161.4306,1099,234.0416,7977
4501,cebcfad644f1cfaa6e6dc864b7549a12c9d82d8d,0,0,0,2006-02-05 23:41:38,10,28,0.0215,38,60,1,6,40,20,20401.169,293,71.9316,534
4524,c0bcabdecd032efc0855fbf9fea328516133a6b0,0,0,0,2006-02-05 23:57:19,42,25,4.5298,67,60,1,6,13,3,34208.7298,269,73.4942,705
4531,7d2442cae9605a3252ef78b2abae761f6050bd15,0,0,0,2006-02-07 02:15:56,3742,4,0.7355,3746,4,2,6,84,25,27451.46,1093,236.2603,8040
4534,de752b7cb3687f1d64c20448956e4487acea497c,0,0,0,2006-02-07 09:59:20,42,3297,1.5992,3339,3,19,1,1038,3,50028.4992,177,93.7483,534
4528,ecc8bf7dfae19f255d01a9590bf42585ed1e7783,0,0,0,2006-02-07 20:00:41,3742,3297,0.0395,7039,2,19,1,1038,17,78562.2933,89,53.0499,284
4536,77362f9a31ffcab5b9dab8d5126fca2ff5eac5cb,0,0,0,2006-02-09 21:32:38,3742,56,0.0613,3798,2,1,1,49,20,84630.3007,1069,247.0431,8257
4540,f543d82b7ceaf67c7b19b2dc5a2a80f9877282aa,0,0,0,2006-02-10 14:47:19,3742,3297,0.02,7039,1,1,1,37,15,58753.8897,1075,238.8225,8045
4529,f4c9ee5dd4ea1b1e8c7f70e7bb8eba354bdba919,0,0,0,2006-02-10 15:30:39,23,3297,0.028,3320,1,19,6,7,2,26856.6907,155,91.4513,495
4535,08ba66ef26913f1157d21321cb551584d7f2e49e,0,0,0,2006-02-10 15:39:02,19,3297,0.9645,3316,2,2,6,13,9,70535.8191,1085,244.2189,8077
4539,156e11830fc8f206ab36d9a1436cb969769f966a,0,0,0,2006-02-10 16:02:30,11,12,0.0083,23,1,19,1,6,9,1244.5815,1077,242.8055,8090
4510,7414964a7ed2184081ffafea7eaeb2b8fb2564ab,0,0,0,2006-02-10 17:15:50,128,70,4.5298,198,60,19,1,202,51,17471.5275,1142,251.7607,8410
4533,10b05079d20089a643e49ac8921f4cf83b4932e7,0,0,0,2006-02-11 21:28:28,3742,33,4.5298,3775,1,19,6,30,13,12662.6469,299,72.5243,704
4538,15439b97ccb603455a17873981c81b0362d1e510,0,0,0,2006-02-12 21:25:49,34,3297,0.9432,3331,1,19,6,4,8,12058.4557,295,75.8369,720
4542,b93b5403868898776431891a97350bdd4976010a,0,0,0,2006-02-13 10:59:12,3742,3297,0.0462,7039,60,1,1,1038,22,44945.4859,143,93.8536,273
4544,93a09510b18fd9d93818cf41bd1617a14a7d2cd6,0,0,0,2006-02-14 15:45:02,35,35,0.0267,70,1,19,1,57,21,48058.2105,1071,237.8878,7992
4550,6ce71d53c489500e6a60946304a14d4344f70b2b,0,0,0,2006-02-15 18:45:34,154,15,0.8685,169,2,2,6,1038,11,70255.2806,1071,238.7537,8198
4541,a8b56813799a626903b466f9020c47e9efa67edf,0,0,0,2006-02-15 21:38:03,30,48,4.5298,78,1,19,6,1038,11,10763.936,1075,239.817,8154
4543,650089300e8891164d633dc895fb2136951b65ea,0,0,0,2006-02-15 22:44:15,40,3297,0.0846,3337,2,19,6,75,20,26013.2787,1099,235.0181,7906
4553,f5a2751dd82f7044a4468a17c87b0bf19573e4f4,0,0,0,2006-02-18 11:03:05,26,27,0.0339,53,60,1,1,2,15,73399.7447,290,72.3939,715
4559,42f52c0f7ae172f782d0a9d84b6158eb2c75f87c,0,0,0,2006-02-20 15:16:17,94,88,2.7379,182,13,2,1,7,8,44313.0139,95,53.3648,995
4560,b078b6f10f68894c55f33e5a231f06b98c36337c,0,0,0,2006-02-21 22:08:02,51,34,4.5298,85,60,1,1,1038,11,1963.6287,296,75.9245,505
4548,9a7ee2e2cc5af06486d1892b4ec8e5e690f0479e,0,0,0,2006-02-26 22:03:54,3742,62,0.032,3804,1,19,1,6,12,85680.1637,273,65.9474,675
4557,0e51c96bdf8e3bbc4e4a322f343b2174225d16fd,0,0,0,2006-02-28 16:30:54,3742,3297,1.6177,7039,4,2,6,147,51,66919.3159,22,28.6947,102
4564,deecbe7243b247e5ed0acba347fb48439a6b1cda,0,1,0,2006-03-01 13:57:29,44,143,1.3547,187,5,4,1,152,34,31741.5914,1092,250.8341,8333
4554,dea3c0e554ce613b8c2efcbbe508b86a73e25846,0,1,0,2006-03-02 01:47:40,56,3297,1.1573,3353,3,3,1,81,24,44552.3818,1096,238.6684,8272
4551,ff5552a7c66b2194f24a7191e8692fd42b6b4fb9,0,0,0,2006-03-03 01:34:09,44,27,0.9321,71,1,19,1,60,22,44579.9527,1095,247.089,8225
4561,e0b2bcccd360e49ff83b89da99d8d155b09e0073,0,0,0,2006-03-03 01:56:15,3742,3297,0.0125,7039,1,1,1,1,11,4132.8476,1073,239.7333,8181
4566,854e32f0ed6ab7acaadd381329f54c6dea54e9c3,0,0,0,2006-03-03 11:01:11,46,3297,0.0616,3343,60,19,6,86,22,32907.7139,178,82.3176,556
4573,53c2f0a4f386957865145bdf81e250d691298041,0,0,0,2006-03-03 11:46:06,52,3297,0.0425,3349,2,1,6,82,20,3869.2835,1069,247.9491,8218
4555,e8b251edf9160ffaef32ebc1f1eb4150130ed9fb,0,0,0,2006-03-03 16:53:09,3742,38,0.0307,3780,60,19,6,73,17,57672.7833,1073,238.3223,8030
4567,2ba8410c2bb694ab36f02db3b83e73805167923b,0,0,0,2006-03-04 22:52:04,53,3297,0.8169,3350,3,19,1,66,22,57358.8407,1068,245.3182,8253
4572,3d0ae5fb032021f51733b14691ba3ea92f919c5f,0,0,0,2006-03-05 11:56:39,40,3297,0.0406,3337,60,1,1,16,10,40162.665,1093,239.3027,8224
4545,938b77270b1071ff4f2894a675beee53055c0d50,0,0,0,2006-03-05 17:00:08,3742,3297,1.162,7039,4,2,6,46,22,27007.9357,1089,246.744,8202
4578,e4ffaa0b9aef18ad81d50256d383773c3d44b9dc,0,0,0,2006-03-07 13:31:31,3742,34,0.0301,3776,2,1,6,58,22,86377.0,1095,248.8884,8029
4562,e069b08eeddebf707ec51a5ed15c4c6ade31f5b8,0,0,0,2006-03-07 14:10:04,3742,63,1.4978,3805,4,2,6,125,23,1180.3551,1093,234.6751,8022
4574,9a39eb68bd226d98b85f2310ee6d015fd883d874,0,0,0,2006-03-07 14:22:24,72,61,0.4529,133,2,2,1,113,30,29746.0603,1098,233.4882,7953
4581,1bc19b97abef63e17949f8ec9b1d645f671c8040,0,0,0,2006-03-07 15:21:13,3742,3297,0.0587,7039,2,19,1,38,20,79561.2865,1095,237.2303,8000
4556,740d1bc8ee263386d9ea2e53f728997d8ddb2157,0,0,0,2006-03-07 22:38:16,3742,3297,4.5298,7039,60,1,6,10,10,33831.7779,1072,243.5872,8071
4580,ca0c14f5834fb8d8a310b99d5d8f17d9f7cb947c,0,0,0,2006-03-09 16:23:45,3742,3297,0.0136,7039,60,1,6,8,9,67999.4899,1084,244.1003,8187
4547,197e3e11f378213c2d3af311a242e5630735c955,0,0,0,2006-03-09 18:55:50,3742,3297,0.0378,7039,2,19,6,76,17,7739.5433,1093,238.7566,8014
4569,83de2fbe53ebcb2dbe921cac1ef16674dc3033be,0,0,0,2006-03-11 16:42:59,3742,3297,0.012,7039,60,19,6,13,9,58841.7033,14,8.9704,12545
4576,cb3bf30d5a5f7e6340767231527d0364d82a810d,0,0,0,2006-03-13 19:32:05,3742,3297,0.9656,7039,3,1,1,6,12,24323.8217,95,51.5898,721
4582,07482081f3d93c67f8a0cd649d0c467fe44ad09a,0,0,0,2006-03-22 21:15:48,27,3297,4.5298,3324,60,1,6,16,11,69981.4949,1069,243.5117,8050
4563,f73e6919d653a23682af048f28dd3c1404942589,0,0,0,2006-03-25 13:01:22,3742,3297,0.0478,7039,2,19,1,1038,20,45603.1041,1092,238.8071,8249
4571,878018b82731d0aed58fe929072fa8f38975e0a8,0,0,0,2006-03-25 19:35:13,69,75,4.5298,144,60,1,6,17,11,79774.3063,1066,245.3264,8029
4586,5ffeeade0afa6a1bd204d04b173fcf9e6fc7db1a,0,0,0,2006-03-27 16:53:34,3742,3297,0.9631,7039,3,1,6,91,24,74767.4146,1066,246.9707,8233
4584,c3f6b95554a7300e022e7dc6d93270c10255c7a9,0,0,0,2006-03-27 17:59:10,38,3297,4.5298,3335,1,19,6,91,20,4878.601,1091,238.5555,8022
4575,a23c89cbd57482e17ed2ef47bc0da6ac9d0ffb31,0,0,0,2006-03-27 20:18:40,3742,3297,1.0446,7039,1,1,6,84,24,9383.7495,1066,245.1972,8013
4583,12707d32eb67d675dfe97c5b2336d99af9376974,0,0,0,2006-03-28 14:55:42,26,3297,4.5298,3323,1,19,6,13,9,1791.0836,1084,242.8267,8083
4585,e2c144ccce02d0262b5a43471f23bb48f4fd1bf2,0,0,0,2006-03-28 14:58:10,13,7,4.5298,20,1,1,6,15,9,86377.0,1085,240.4171,8093
4592,ac448b39ce8efd6a8708c12d3973c879f9995b2c,0,0,0,2006-03-28 16:08:18,39,3297,4.5298,3336,60,19,1,75,21,71817.4101,1066,244.821,8236
4577,875117355ca24dbcc678b0d1c002b585bbf9376d,0,0,0,2006-03-28 17:11:43,82,63,0.5742,145,2,2,1,35,14,36909.3044,1068,246.798,8029
4588,6b8e71e72511c2f12106ae1245fa7a1443385bfd,0,0,0,2006-03-28 19:40:08,3742,95,4.5298,3837,60,19,1,91,22,13743.0642,1060,246.6084,8009
4589,ec385d3d32f8fe8b466dc22c91c5e72b4dd8bd5f,0,0,0,2006-03-28 23:59:12,39,20,0.0333,59,1,1,1,61,16,19194.8688,1097,236.1661,8005
4546,c13994ea07956717a1f3c8b2def273896c5430c4,0,0,0,2006-03-29 21:14:05,25,21,0.7535,46,2,2,1,51,21,18305.4873,1087,238.911,8189
4587,1cf3618e6fb18efbcf14fdbb55a6c70ffa056cee,0,0,0,2006-04-03 18:22:42,143,79,0.0739,222,3,2,6,196,51,5225.7748,38,18.6351,12545
4593,8b82de8d3fc4e560b0b42fa9e71c1bf03af67c2f,0,0,0,2006-04-09 10:17:33,34,3297,4.5298,3331,2,19,6,1038,4,2281.8637,268,65.7357,501
4594,9702d4e1b454431fe36a90b31f579a7475f0ab4d,0,0,0,2006-04-09 10:35:06,271,49,4.5298,320,60,1,1,1038,4,1659.5163,264,72.3843,504
4595,37214a748e7e6987f4f54707f043b358c494fb1b,0,0,0,2006-04-09 16:49:03,49,11,0.024,60,1,19,1,20,15,76522.1944,278,66.0032,673
4601,289905878850e1b3f22372ce45e245f0fff3098f,0,0,0,2006-04-17 12:56:57,197,234,4.5298,431,2,19,1,12,3,7828.7837,296,73.7609,469
4596,e411ac6454e5e07c4b2baf6cc040309b0b9dd14f,0,0,0,2006-04-24 19:55:23,3742,3297,0.0468,7039,60,19,6,22,22,25499.1559,181,93.1052,538
4604,4c6c59a1087dd38365a8f53bac6680df2aa57821,0,0,0,2006-05-30 13:15:26,3742,3297,1.0731,7039,4,2,6,179,50,49736.7801,45,36.1768,601
4609,7ba32a5232b5d8e44bafacd27386c860354115dc,0,0,0,2006-05-30 17:27:29,122,18,0.0245,140,60,1,1,13,8,7404.3978,1086,239.4484,8201
4606,50dd3c59a000cbee60905c0f38f2f51a3a34f006,0,0,0,2006-05-31 21:10:07,3742,3297,0.0351,7039,2,19,1,76,17,11267.8028,1090,244.7271,8201
4616,7f521fead701974b83222e28c918af93b21449a4,0,0,0,2006-06-05 06:22:21,95,3297,0.0996,3392,60,19,1,196,48,63578.8169,195,100.6685,226
4600,e64aec47d1adec547e0b0b18fbcf23c0e2ffd4fb,0,0,0,2006-06-06 14:28:44,3742,3297,4.5298,7039,1,19,1,24,10,10551.4686,1088,240.4474,8057
4610,3b74136133e16e993c80270823afc4e21938737b,0,0,0,2006-06-06 14:29:36,3742,3297,4.5298,7039,60,19,1,7,5,56134.602,1077,242.543,8136
4619,f129925dfcbcb58fd1cff04eef9c2f97f636b2f8,0,1,0,2006-06-06 14:33:48,3742,52,1.702,3794,12,4,2,166,53,52534.1859,1121,259.2721,7780
4611,20b0cb5bbca92cd7424ce44b4229ff1e009cbd38,0,0,0,2006-06-07 12:09:44,63,48,4.5298,111,60,1,1,63,18,83078.9539,1093,235.8522,7901
4612,5f9f35fff749c54fdc9a352eb271d57c11fb3d33,0,0,0,2006-06-09 11:22:20,43,243,0.0399,286,2,1,6,14,4,6079.5045,76,47.4423,376
4615,b3338f138adb793c447ad61b3526f8894aecca90,0,0,0,2006-06-09 14:58:32,3742,13,0.4223,3755,1,2,1,1038,10,19559.4884,79,41.3137,591
4602,4e3002187ffb2179dd5b8784b2c7ca9fb13a2082,0,0,0,2006-06-13 22:15:02,152,20,0.7059,172,3,2,1,78,13,59590.6863,0,5.4964,117
4618,93243d82abccefd069e2bac590f6a161f8724c43,0,0,0,2006-06-15 13:19:27,16,3297,4.5298,3313,1,19,6,6,1,8836.1797,1071,244.2584,8159
4621,76476311207351f4ade938cff4e00e11dc5a0009,0,0,0,2006-06-15 13:20:20,16,91,0.01,107,1,1,6,10,5,67959.1433,1086,242.9768,8061
4599,0fe2890ea06cd2fca13a903092e3d2f98c71f532,0,0,0,2006-06-15 15:54:28,3742,3297,0.0309,7039,2,19,6,80,17,5564.6617,1092,245.9122,8214
4617,36f9c8fe50b39a6690273702ad31aa6acad54ba1,0,0,0,2006-06-15 17:21:33,3742,3297,1.637,7039,4,3,6,37,13,31128.2986,1069,245.1452,8031
4625,b3a49db6f9dc849f8735417f4bda02212ac1c903,0,1,0,2006-06-15 20:42:01,143,3297,1.9708,3440,6,4,6,117,24,19186.5884,1111,247.1278,8361
4607,33b3e04c78049f800c3330442b04ae0859b1400e,0,0,0,2006-06-15 23:08:14,3742,3297,0.014,7039,1,19,6,91,13,2838.4584,1071,239.0269,8067
4622,07d95548d62dd2dd0bd0a38e5639b7f46de15b61,0,1,0,2006-06-16 08:15:35,3742,3297,4.5298,7039,1,19,1,11,4,42008.2337,1076,243.8747,8042
4624,f3b06372718c95dc5aac2a6f93e8f09cf6e50d44,0,0,0,2006-06-16 10:48:56,64,30,0.4435,94,2,2,6,18,9,69463.371,3,5.0219,12545
4626,a0e548e9e8d189fcf108f7bc5e096578a647ccaa,0,0,0,2006-06-21 14:29:40,86,3297,4.5298,3383,2,19,1,43,15,79230.2313,40,506.65,305
4614,b17bbec99ce99dc80778bced8b170cc515a59762,0,1,0,2006-06-23 11:05:01,456,57,1.7742,513,8,2,6,127,32,54006.4478,150,79.7179,207
4627,0f23ebf63090839a2dcad0d792823527f93fe23a,0,0,0,2006-06-23 15:15:16,3742,24,0.0385,3766,60,19,1,8,3,855.3068,175,92.6278,340
4631,85ef958e6d7bc7adc1b370267c984507abe9fe36,0,0,0,2006-06-23 15:25:19,54,36,0.4981,90,3,19,6,68,20,43190.8019,1099,246.9947,7975
4636,0b124468365ac4d1827088829fb44ee91275449b,0,0,0,2006-06-23 15:26:04,68,3297,0.1965,3365,1,19,6,111,23,73131.8518,1064,237.5035,8023
4629,cb3df6cd5b006333115025dcf61d121a35411e2e,0,0,0,2006-06-25 18:17:17,57,44,4.5298,101,60,19,1,26,22,27471.2961,1100,249.5766,8236
4633,c13b52205517fd301697e3dbf844df858eb425c9,0,0,0,2006-06-25 18:52:00,3742,27,4.5298,3769,1,19,6,29,9,12671.4523,1074,245.0506,8031
4637,e72904a5a516f97fdfed14e1c38d78d66c6bd015,0,1,0,2006-06-25 19:58:43,2,3297,2.3606,3299,6,4,6,167,29,51755.0004,1059,234.2975,8232
4632,ebdea1112f7424fb7aff8a6466a3bdcdc1813a1e,0,0,0,2006-06-27 15:29:26,230,39,0.6314,269,1,2,1,190,48,37772.658,156,80.8194,281
4642,3068192eb67a1bef9f7951d10a41687462c7521f,0,0,0,2006-06-27 15:53:35,96,3297,4.5298,3393,2,19,1,197,50,86377.0,136,80.9516,292
4643,320c1c7f61824009cb03948681dec4765fc9189a,0,0,0,2006-06-28 12:59:18,4,1,4.5298,5,60,1,1,8,5,85047.8319,1081,242.1732,8131
4620,e45c43d5634bb26b6edc97b5e70fdf34213bfa04,0,0,0,2006-07-07 09:49:13,3742,3297,4.5298,7039,1,19,6,55,20,48960.4497,1071,236.4288,8232
4630,c4f6e136108e195220f0f1b34ed03c7dea5e1c64,0,0,0,2006-07-07 10:49:16,3742,62,0.0614,3804,1,19,1,10,20,60836.7405,1102,247.1645,7947
4640,956004bf37163a2473dc9d75888d03a91f6ea64e,0,0,0,2006-07-07 10:49:57,3742,23,1.3914,3765,4,2,1,46,7,40210.0695,1092,238.3062,8286
4653,0794113561901f4512f02140c09fc13f63199379,0,0,0,2006-07-11 21:06:23,18,18,0.7855,36,2,2,1,29,21,13842.9302,1087,239.9479,8178
4639,034e4640e994b8503ea5c39eea45ccd76777d76c,0,0,0,2006-07-14 15:40:10,3742,3297,4.5298,7039,1,19,1,12,1,19480.3251,178,83.08,364
4646,8b0e93a7dcc92f4e9b3d5a2dbbee22f98e28378c,0,1,0,2006-07-15 16:35:18,108,0,0.9821,108,3,1,6,6,2,38065.7592,158,92.5731,500
4650,225d9f2097f4a2ae986c53382d363deea24afade,0,0,0,2006-07-16 13:51:06,69,57,1.3569,126,4,2,6,32,8,82575.4337,91,53.3791,612
4641,73e0aee0d51efb46a03e2b3c3119eaf404c97646,0,0,0,2006-07-17 07:19:46,3742,3297,1.5841,7039,5,2,1,33,8,60616.9833,96,56.1209,633
4649,1d02d917ef7e08c0e617a69159856a84007aac70,0,0,0,2006-07-17 09:18:43,77,28,4.5298,105,1,19,1,10,1,83329.9553,146,95.6871,582
4654,229c9e65fd0f72e041c67ba8a5c3d95dbe2e78d9,0,0,0,2006-07-18 08:35:00,28,69,1.8495,97,5,2,1,15,6,5477.5361,127,53.4436,664
4645,bf1d08069d6d2da409b3eff61fd2ecd72709900f,0,0,0,2006-07-19 00:11:46,63,3297,0.4692,3360,1,2,6,67,24,34561.2207,300,61.9387,781
4652,948f39deeb2c6f83041df53a16a9838031ba8db7,0,0,0,2006-07-21 17:13:50,64,3297,0.7833,3361,2,2,6,15,7,31583.7418,123,43.6023,755
4659,ec4bb1d0abf03bce6fb297ded29f86d8b766377a,0,0,0,2006-07-24 07:34:15,42,3297,2.0144,3339,4,2,1,13,6,64239.3223,97,55.2733,942
4648,368c66a5af6079a56ba1abc14225a4c23cfa4eef,0,0,0,2006-07-24 12:46:08,182,3297,0.8174,3479,4,2,6,145,31,72612.8577,1059,236.4728,8001
4657,71dcb6d75aaf9c53dc4b05ab0965a5dc54cff95e,0,0,0,2006-07-24 18:41:18,3742,49,4.5298,3791,60,1,1,72,22,20419.0891,1064,246.9564,7991
4660,e49f2d5518f472899ebe1c4e3238a1cecf227bdd,0,0,0,2006-07-24 19:00:37,102,3297,1.3628,3399,2,2,1,16,7,40480.1344,122,54.4632,722
4647,b6247fb4bda84a4ef45fbaa0448a1cc33a1c8a3a,0,0,0,2006-07-25 06:48:10,76,3297,1.2315,3373,2,2,1,36,8,43519.42,95,43.6562,979
4658,62d4fb2e1d5b58efbaa8803503f7cfefbc6d91ca,0,0,0,2006-07-25 13:07:17,3742,37,0.0441,3779,2,1,1,59,20,10614.7592,1092,233.9748,8212
4665,dd4d6938abde10aed81d608637091a8ea4ef816f,0,0,0,2006-07-25 19:28:57,3742,3297,4.5298,7039,1,19,1,23,10,13893.4497,1074,239.434,8189
4634,40c30193843eceedf968f9decda1843bd9d9e935,0,1,0,2006-07-26 11:18:27,3742,3297,0.0204,7039,1,19,6,17,10,57219.4069,1077,240.3892,8151
4655,d2f90a29d5c847e1d653be1eb95205ddfad08243,0,0,0,2006-07-26 19:30:44,11,54,0.7788,65,3,2,1,114,25,30062.8162,1063,248.0898,8217
4661,da98d3c37a6422706a4f7bbcde0c9e1a6c982b22,0,0,0,2006-07-28 11:05:06,39,41,1.1927,80,2,2,1,18,7,14738.694,120,45.6258,961
4638,de228da091f4328f93a7b477cd2c6ccc77c04b16,0,0,0,2006-07-31 07:50:28,56,36,0.9536,92,1,2,1,17,7,74270.2102,116,44.9509,880
4656,2f03950aa7548e9820a77e683ab085792af92515,0,0,0,2006-07-31 17:22:51,59,3297,0.9533,3356,2,2,6,20,7,33737.0166,100,51.2452,746
4664,b5dca6f34a523c0409c4129f60d22f6ced710a08,0,1,0,2006-08-01 09:14:58,149,30,0.9944,179,2,2,1,13,9,57332.7277,287,71.645,659
4669,926357dc5da69095d4d99fadaf689c675a4771bc,0,0,0,2006-08-01 09:35:18,65,3297,1.1017,3362,3,2,6,27,7,65472.1716,102,46.4995,743
4663,4a0498513122f3221e08c501b8cb67f566765efa,0,0,0,2006-08-01 09:50:46,3742,17,0.0304,3759,1,1,6,23,15,69208.5152,276,73.1081,676
4666,007d5614d19709e560238d1786dd275f812ff04e,0,0,0,2006-08-01 10:08:44,17,3297,4.5298,3314,1,19,6,79,13,40343.9246,291,67.2495,492
4670,267f6e31f384757909a7e74b53e731b5b6576a7d,0,0,0,2006-08-01 12:05:12,24,9,4.5298,33,1,1,1,17,9,10614.1028,291,66.6123,544
4644,f0adebf32c44b1f68edc83b6c5399d42d4262623,0,0,0,2006-08-04 04:43:13,218,3297,0.9885,3515,2,2,6,94,13,41472.0223,1,11.0265,12545
4662,c06b52e69769e60cea8accf03e32da26d0c1a639,0,0,0,2006-08-07 08:26:07,71,3297,1.0909,3368,3,2,1,39,8,81662.3906,89,44.3367,673
4673,d691c9a163ba4bd9aed60cfb3951c0d5933d6cdb,0,0,0,2006-08-08 21:15:43,3742,11,4.5298,3753,60,1,1,91,13,59232.4082,1073,243.5151,8163
4677,cb33b493946d05d3bd2eec5449d19144f13f979e,0,0,0,2006-08-12 10:29:18,3742,37,0.7724,3779,1,2,6,76,12,48084.6168,80,51.0824,579
4683,eb1581d5a18aca35756b09052df5fb438c5a10bb,0,0,0,2006-08-17 11:06:02,92,102,4.5298,194,2,2,6,219,47,50417.7607,1122,252.6972,8529
4682,10eba81d240b561cf472e2d9f5638e3f7a14b64c,0,0,0,2006-08-18 09:15:33,3742,20,0.9798,3762,2,2,6,6,14,55549.0296,291,67.8335,548
4676,6a50264d03bb26111a4b8dde4ff9d7559bef0c4d,0,1,0,2006-08-18 10:25:52,153,3297,0.963,3450,2,2,6,1038,2,19234.1153,272,71.8752,540
4679,b6f916339c7b7377f0b2b2ab79352a5999efd955,0,0,0,2006-08-22 14:52:29,18,18,0.0376,36,60,19,1,11,6,13067.392,155,84.4119,504
4623,323323aea19bb834a0f563b0dd438bfef4dae84a,0,0,0,2006-08-22 15:51:49,3742,3297,1.3255,7039,3,2,6,1,3,57926.8107,154,91.1939,343
4680,4dd4ba7fd523d03d4ef9d336a9c04e49cabd7980,0,0,0,2006-08-22 16:25:26,3742,54,1.4327,3796,3,2,1,117,25,29876.1806,1069,248.8131,7982
4684,06346709fdc48b74b26379b8e8645b74266930df,0,0,0,2006-08-23 07:40:35,3742,49,0.7984,3791,1,2,6,15,8,84987.6075,125,43.4879,982
4667,e21ed8ac11f3362b0fcf862110d11693984f6aed,0,0,0,2006-08-28 11:36:59,3742,24,0.0216,3766,60,1,1,83,21,68226.6325,1091,239.5008,8188
4678,f8fe8a2165511062f9fed9fbb28116baa6e0d294,0,0,0,2006-08-28 14:42:05,44,32,0.3537,76,2,1,6,109,23,40148.2438,1093,247.4246,8251
4685,78ca80a6a0f7a6d67ca6dbd5582dc52f89b4d976,0,0,0,2006-08-28 15:36:53,33,3297,0.6767,3330,2,2,6,89,22,30984.9418,1065,245.7081,8209
4691,d5401a467eabe32426447cd174ec329948a88b3c,0,0,0,2006-08-28 16:10:20,28,22,0.47,50,2,2,1,90,21,8940.5928,1073,244.0446,8016
4688,b31e096358e810a9c8c531a0c3eb2e60ee9c8df0,0,0,0,2006-09-06 20:39:20,52,32,4.5298,84,1,1,6,30,21,48761.024,1061,247.0155,7964
4695,69dd3ab01df0c37cc86de13f53be6231e8a92cad,0,0,0,2006-09-06 21:53:20,39,34,4.5298,73,60,19,1,6,14,44697.0446,1092,244.8365,8189
4672,9dd69da01eb7ee28ff2bd84455b4883ac0e4e213,0,0,0,2006-09-11 19:18:27,49,40,0.9652,89,1,1,6,23,10,13772.3101,1063,247.4436,8201
4687,02686db48d8df56f3a6692681c9096a3ce1c8650,0,0,0,2006-09-14 06:16:46,34,3297,4.5298,3331,60,1,1,14,12,82127.2484,153,91.9825,508
4693,88c06a350b27952ccb5c5bf3cbc41ebfc66ee3a3,0,0,0,2006-09-20 17:26:36,2,3297,0.9051,3299,2,2,6,27,9,59486.4525,289,70.6808,530
4699,486786204109100eef7e8604ffbedd6bca5dcc3b,0,0,0,2006-09-21 05:57:49,21,10,0.0159,31,60,1,6,13,7,61753.4549,13,6.643,12545
4686,de1983928186a43c95e9c6b052bdf74aaf4ad052,0,0,0,2006-09-21 15:56:23,65,3297,0.0854,3362,2,19,6,173,50,16217.7366,184,80.8666,552
4692,21f5f3f25cb9d1d807f2c7699be6ecf064727fce,0,0,0,2006-09-21 21:21:40,6,16,0.9546,22,4,2,1,7,7,38572.9941,1455,10.2521,12545
4702,f3994c0d9a4eb61ef10343ddd4f182e47a299c5c,0,0,0,2006-09-25 20:20:50,3742,23,0.9381,3765,3,2,1,182,48,12261.9886,274,72.2843,669
4671,ca96248541b81850ac5c553b9cc101c036c83bd5,0,0,0,2006-09-26 19:51:42,28,3297,0.5216,3325,2,2,1,16,12,52903.9445,295,66.2081,676
4700,3c7119c48ade95483ce303bd8384f05a12e50cb8,0,0,0,2006-09-26 20:25:25,3742,43,4.5298,3785,60,19,6,38,16,6040.937,298,63.7757,688
4705,d2ceb34ca779f64d449b110f1e4c5a4c5e760e9b,0,0,0,2006-09-26 20:36:00,3742,21,4.5298,3763,60,1,1,37,17,1637.9337,296,73.8824,461
4694,6dd15bd448fa045acef27585e2df6d9cd6c0c9ae,0,0,0,2006-10-11 09:30:27,15,3297,4.5298,3312,60,19,1,1,6,53918.1882,1076,240.1921,8082
4704,db56c0fbc47cec3a1f1dddf6a4497035d588bb99,0,0,0,2006-10-11 21:51:55,13,8,4.5298,21,60,1,6,11,9,2528.5468,1078,243.406,8153
4697,af9f2ea56414308d9737d889c45271741f430aae,0,0,0,2006-10-12 10:41:48,3742,79,0.8155,3821,4,3,6,33,1,82931.2272,1398,19.0201,5751
4709,4436fc2d8b80a24f351053b203c320e5d1a5ed6b,0,1,0,2006-10-12 10:50:04,34,46,1.0471,80,3,2,1,16,3,33578.5088,1422,48.0495,6322
4698,903df1c6920db792b4249a2f9e3e130fef8bcc20,0,1,0,2006-10-13 13:21:25,748,220,3.2568,968,13,7,6,285,58,40599.8867,1013,268.0362,8817
4681,a97e74e0301dd9772cc2cccc384bfc34f80602fa,0,0,0,2006-10-13 13:35:52,3742,38,0.0602,3780,60,1,1,36,20,1911.5819,1101,247.8957,8256
4707,4eb43ba0ca2032ea0766404c27333474d42debc0,0,0,0,2006-10-13 14:04:16,13,3297,0.4068,3310,60,2,6,1038,5,10695.2509,0,32.7659,6259
4714,b318770dd4cf6907bdfb9a6d7a6df7b64090e38f,0,0,0,2006-10-13 14:47:35,20,33,0.5015,53,3,2,6,14,5,1517.4466,1445,41.6892,6066
4722,baed16c60d8798dc81ef74e2773bd0cc8f9ea605,0,1,0,2006-10-14 08:57:24,419,408,1.8878,827,7,4,6,1038,6,58172.4167,1427,23.9652,6448
4715,a267fddafa86b6116f8324b69c274bb9ca849600,0,0,0,2006-10-14 21:52:14,175,3297,0.3099,3472,4,2,6,218,47,42303.9824,0,56.9945,5708
4701,ae633172a1c74bb54fe58534df170edc2fc66523,0,0,0,2006-10-17 12:50:50,5,3297,4.5298,3302,60,1,1,0,4,69232.6722,174,91.8476,525
4713,c0044f46c67508313a6ed323608e18f85b515223,0,0,0,2006-10-18 03:00:12,3742,3297,0.6138,7039,3,2,1,1038,3,56842.7281,1437,27.0495,6298
4720,35837f7e8a714f2181ba68fc6a3b79a1afeb48dc,0,1,0,2006-10-18 03:04:39,65,3297,0.0304,3362,60,1,1,1038,9,51398.9551,0,40.3615,6289
4717,b4d286729855fb3a44876a931e9a37811f23a044,0,0,0,2006-10-18 10:31:47,75,3297,0.0987,3372,2,19,6,1038,5,25800.0958,0,47.7616,6370
4729,18756913584dd3d2cf96e7ecbe3d5b39cbd4af1d,0,1,0,2006-10-20 22:13:06,172,3297,2.4483,3469,7,4,6,2,9,62399.8547,0,48.3979,5818
4725,7790220e182880953ae7fe20bb4db7b7365b2fb3,0,0,0,2006-10-21 06:23:11,96,3297,0.9166,3393,1,2,6,46,11,19146.5245,1427,47.4256,5975
4731,fcac7bdc160ac751b67617485e59fcc2a921ce50,0,0,0,2006-11-01 19:35:26,42,38,0.8317,80,2,2,1,97,24,28328.929,1095,247.1856,8015
4737,6a76af98fa32ff6e736890a0824bdbb0d6409c6b,0,0,0,2006-11-01 21:57:39,129,99,4.5298,228,60,19,1,168,51,62579.4702,1455,17.5731,12545
4744,fb69679c0009498135bc6f5c0a85a9d5582f4656,0,0,0,2006-11-02 11:57:59,3742,5,4.5298,3747,1,19,1,79,17,15951.9791,1096,237.6464,8280
4727,3f30a452e844ee70d5ce9063964fbbb022ea6e87,0,0,0,2006-11-02 12:17:15,62,3,0.6039,65,2,2,1,20,11,22316.3213,1089,247.3566,8236
4735,15e7adaef8bb9ec33e72bff799b8e281ba5cf7fb,0,0,0,2006-11-03 07:24:44,28,2,0.0061,30,60,19,6,3,1,68764.6967,1078,240.8734,8136
4747,1b5ab8c28f25785c0b3b63acce078bc1fe89bad0,0,0,0,2006-11-04 16:23:56,71,74,1.0952,145,3,2,6,175,48,12734.7009,1455,506.65,269
4748,dd67ac94892da5f706d9ee7783f9790c6494b50c,0,1,0,2006-11-13 11:18:35,1,3297,1.5741,3298,4,3,6,93,23,55158.7562,1086,243.9887,8182
4732,01638486a10314c9c1b0474a5a76028ccad1ef70,0,0,0,2006-11-14 16:31:51,3742,32,0.7219,3774,2,2,1,27,22,13763.1525,1088,238.8363,8026
4745,e925c3e5677d40999659b961fb9b96c15f96e93a,0,0,0,2006-11-14 22:35:08,3742,3297,0.0237,7039,60,1,6,23,13,22983.6956,1071,239.1583,8038
4750,1db2196c547f0a46b61d5af01ddaa68ef06305df,0,0,0,2006-11-15 10:48:33,73,77,0.0627,150,60,19,1,1038,7,10280.7412,0,27.5009,6302
4719,f6812517a05faca6acce11fb6fc6f80095adb222,0,0,0,2006-11-15 12:48:11,43,3297,1.3867,3340,2,2,6,116,24,36353.4699,1069,237.7515,8257
4739,35f29a1b39e13b8b2caeabb4d518d6b0efbea5dc,0,0,0,2006-11-15 14:45:22,3742,2,0.0104,3744,60,19,6,5,3,59562.9814,1077,243.0501,8093
4746,5f5600f9465fa550c0aeef6844982635235fd173,0,0,0,2006-11-16 10:47:28,3742,3297,0.037,7039,1,1,1,1038,8,11836.4961,1073,238.142,8068
4754,85dcf1f191fa4820f119234bd431bafaee9b3f46,0,0,0,2006-11-16 20:22:10,3742,3297,4.5298,7039,1,1,1,7,10,24501.1167,1089,238.854,8059
4736,5370c3eaa633a0d6e2213edd6501973cb5a0ed1e,0,0,0,2006-11-16 20:24:26,3742,3297,0.0261,7039,1,1,1,1038,3,20756.6438,1088,245.6144,8053
4749,19e32b8e146712d176f16a0d9d672bd56d47d85e,0,0,0,2006-11-16 20:25:27,13,85,4.5298,98,60,1,6,25,22,12902.5534,1064,235.8437,8323
4756,2c22eb968f2514fa94f5e912bc3bbe2c30d1f1ca,0,0,0,2006-11-17 10:45:58,3742,26,0.029,3768,2,19,6,47,22,50903.7251,1098,238.1827,8019
4752,441387913b442bdba8c11315c9d76b9c06fb8f60,0,0,0,2006-11-20 17:51:22,27,3297,0.8438,3324,2,2,1,9,3,37507.8625,177,90.9583,495
4762,f554c1fe1a32256a423f632f02bc674f5a7bd51d,0,0,0,2006-11-22 11:26:24,161,3297,4.5298,3458,2,1,1,27,6,13068.8631,0,28.6493,5923
4740,fb3119f83731f8a5cde1c912ce9c661a80123b02,0,0,0,2006-11-23 20:52:23,79,3297,4.5298,3376,1,2,2,19,26,15033.8742,1045,256.638,8587
4768,527f17ab3809ac29f5f23f4da1b9eaecd75ad296,0,0,0,2006-11-25 13:27:06,23,3297,4.5298,3320,1,19,1,18,13,22746.1739,1067,244.6495,8028
4753,bcbd3c4efe59671ad2c8a39a1b9f069c1d7a16ba,0,0,0,2006-11-25 14:47:21,3742,18,1.5976,3760,3,3,1,149,25,53218.6322,1087,239.7501,8078
4765,2a96e2d1e2cac3bfb5c202f9e22a5f3dfe8fc065,0,1,0,2006-11-27 19:44:20,80,74,1.4318,154,4,2,1,223,52,44240.2955,1094,250.3729,7972
4771,f7d1b4708d131c992a8fa6bb4f0e0c7f2f422829,0,0,0,2006-11-27 21:43:01,57,58,0.8423,115,3,2,6,31,22,20719.1809,1062,247.6049,7991
4755,92269dc3df969d6e6ff55ad1bef585f8b95df58d,0,1,0,2006-11-29 07:55:25,24,95,1.433,119,2,3,1,37,11,47500.0295,0,31.7182,6286
4764,bc3758378ac48fdb684c9be64c238eb290798b3b,0,0,0,2006-11-29 10:23:37,26,2,4.5298,28,60,19,1,19,10,3816.949,1072,244.5807,8181
4758,dae2d1f1ff6f4fe76c437d0aea413b041af0cba9,0,0,0,2006-11-29 11:40:19,6,3297,0.0359,3303,1,1,1,1038,0,41547.6327,161,86.5406,533
4769,75d3f837a3c71ed0b0300a83d7d2b8c10a47e837,0,0,0,2006-11-29 12:17:43,51,27,0.0161,78,60,1,6,4,3,2969.7282,173,84.6218,384
4774,b5e52b44b40bbab55f374b0334a9e62a008e55dc,0,1,0,2006-11-29 18:15:12,94,80,2.3049,174,7,1,6,31,3,22708.7393,149,83.144,281
4763,fe37e737b645bbd7d316199290ea796b1387f114,0,1,0,2006-11-29 20:11:37,11,36,2.3429,47,7,19,6,11,5,6270.7793,185,92.4564,268
4776,b8896ee201898d162fefe7f6664d66245a14b88b,0,0,0,2006-11-30 12:10:38,3742,3297,4.5298,7039,2,19,6,17,1,58283.6645,179,84.19,542
4743,1a6766ab255531fef451d24fdc53a78ebcb29848,0,0,0,2006-11-30 12:47:32,60,3297,4.5298,3357,2,1,6,28,2,60706.9027,146,92.5356,265
4772,a0c6c27a055715a9387313e672f4965a449046a8,0,0,0,2006-12-01 08:28:32,25,12,0.9088,37,2,2,1,17,9,1820.2016,1452,35.9104,6174
4757,ffefadbc7a9a297e8747a7b964d12883df591425,0,1,0,2006-12-01 21:17:30,35,3297,0.9849,3332,2,2,6,19,9,3112.8468,0,37.773,6140
4777,b574c09c0028a579d65b75017c6876b0da3b7193,0,0,0,2006-12-02 06:29:38,3742,52,4.5298,3794,2,1,1,47,18,55894.1846,0,33.1737,5973
4782,930346419163a8cfcecb4d62992a88df619a464f,0,0,0,2006-12-02 07:46:14,3742,3297,4.5298,7039,60,19,1,32,18,2533.4497,0,28.4871,5943
4773,04cb772210d3e3738ca3613edcdc862a565c5e4a,0,0,0,2006-12-04 14:53:23,0,1,4.5298,1,60,1,6,1038,3,15514.5439,153,85.6607,322
4778,9316a2e7fd631f3bf91ac98b969021363d0af6d8,0,0,0,2006-12-04 15:49:58,78,21,0.0418,99,1,1,1,20,3,11316.5538,154,85.2849,540
4785,8bff9971d1f660a45eec20ecf6d01b91c45d5d52,0,0,0,2006-12-04 17:04:04,3742,20,1.0172,3762,2,2,6,1038,3,7380.9463,174,85.5337,393
4759,bd221023cdf50ae07478877fb160436867536da1,0,0,0,2006-12-04 19:55:25,3742,111,4.5298,3853,3,2,1,246,52,86377.0,1049,259.741,7512
4780,9791d2d00682ec413ce0b4db8069fafb7bfb324a,0,0,0,2006-12-04 19:58:56,168,3297,0.1916,3465,60,2,1,175,52,86377.0,1139,265.0947,7607
4786,affd9030d14eb7989768faab5f69a45a71b68a27,0,0,0,2006-12-06 03:32:36,3742,64,0.3912,3806,3,2,6,50,18,60417.2522,0,41.8764,6057
4789,2f8bb13542115cfed8ffb631791616b63bc0975f,0,0,0,2006-12-06 09:44:38,53,3297,4.5298,3350,60,19,6,1038,6,52240.3253,149,84.6872,538
4766,d690c3169502e10d921d4cde8aababc4b0edd41c,0,0,0,2006-12-06 22:00:07,157,3297,1.1113,3454,3,2,6,42,6,27541.2838,122,52.942,891
4787,37a99d1e663dfd1bc6fed8dba6ef1453ffc5f6e7,0,0,0,2006-12-07 11:23:16,68,35,4.5298,103,60,1,1,1038,1,76745.164,179,86.2292,550
4793,40361fb994657b3df912b2e0b8d652ec1de55fad,0,0,0,2006-12-07 11:46:41,3742,24,4.5298,3766,1,1,1,1038,2,66443.7817,155,93.3303,335
4726,d3a2bc4fa531b1ce59dadf9d396674186ee93042,0,0,0,2006-12-08 05:22:19,93,26,1.0387,119,3,2,6,26,7,25871.5363,97,52.1369,898
4784,8ff47ee5eec275a5a52d8803d84146cc91c5245e,0,0,0,2006-12-08 13:23:46,3742,3297,0.0203,7039,60,19,6,9,2,7822.6866,158,91.3549,346
4792,a65da9842eee38911e6a58a435cb538f07d0f78d,0,0,0,2006-12-08 18:23:13,204,3297,1.1944,3501,2,2,1,29,6,46048.2645,98,51.4464,935
4798,6bae73c8835ac5f5dd5ada278ddcbcb652932ae1,0,0,0,2006-12-09 00:26:14,3742,81,0.1368,3823,60,1,1,72,19,19791.2814,1406,26.6024,5893
4783,63751e70d485c743713bba1326a002fb14eb9303,0,0,0,2006-12-09 01:52:14,58,42,1.0087,100,2,3,6,63,32,21056.314,1439,45.398,6372
4795,884bab9941aa0f31e1f476c82cbec367be42033e,0,0,0,2006-12-09 03:28:00,97,53,1.9743,150,6,1,1,201,36,38358.0885,1439,25.2006,5933
4742,89fe391f9db265609cc431f5f3bac0cec8a604bd,0,0,0,2006-12-11 15:15:36,40,36,4.5298,76,2,19,1,20,2,11847.7593,180,93.3116,349
4790,3566e1a7ad8b593e1e164b778b867ec924da1894,0,1,0,2006-12-11 19:21:50,159,49,0.9417,208,2,2,6,6,9,30910.0406,171,90.9976,480
4797,7b99e8953ffdbcd8399bfa3336e66be64a3eef65,0,0,0,2006-12-13 21:14:22,3742,3297,0.072,7039,2,19,6,58,18,3.0,1093,251.1278,8363
4801,5fef92dc0c8148e2f1aca5702923ba7cb2da9f37,0,0,0,2006-12-14 18:26:38,93,61,1.3664,154,4,2,6,55,8,83532.1472,85,40.5802,682
4802,6046fce03c1361b917855bb8bc16d20ceab953ce,0,1,0,2006-12-16 12:54:31,48,66,1.0466,114,3,3,6,90,19,54352.4371,0,33.1773,6272
4805,fb2c71b0b2d5aa383f3cf1bf54becfd964d6b573,0,1,0,2006-12-21 09:23:51,77,3297,1.5888,3374,4,3,6,90,30,32449.8948,0,45.1636,6280
4813,6486ac36db04a357ad238b6e851e004d37faef17,0,0,0,2006-12-21 17:34:36,3742,16,4.5298,3758,60,1,1,1,4,26623.0206,1085,240.2259,8053
4803,14d9b6d6a1ac5bb9eb827a0108050716b05ea16a,0,0,0,2006-12-21 19:01:02,129,3297,0.5444,3426,2,2,6,197,31,38839.6777,1064,235.2893,8251
4812,66fc7a6a339db37076390f46065daa4a8f68f672,0,0,0,2006-12-21 19:07:22,3742,28,0.0373,3770,60,19,6,64,18,15563.3158,1063,246.9276,8243
4816,34a0c1df06bf832627dfcf2e08e642884318726a,0,0,0,2006-12-21 22:22:40,5,22,1.0135,27,2,1,6,14,5,6759.8911,1085,244.5288,8057
4800,7505fa32962af360d2772151051c7e0f2540e7f3,0,0,0,2006-12-21 23:54:28,4,40,0.584,44,3,2,1,64,24,33110.7238,1092,245.035,8054
4814,54f0f15a9fdf81170710d6cba44beb7544d500b2,0,0,0,2006-12-22 08:33:36,43,34,1.3093,77,2,3,1,33,15,63604.8331,0,30.4005,6016
4817,f5bb6057559014a501b0e0547e21666c20227ea5,0,0,0,2006-12-22 22:19:01,3742,3297,4.5298,7039,60,1,1,9,9,21008.9734,1084,239.7488,8143
4807,a6698b446e1ee7337587439c1ccde58d69e44538,0,0,0,2007-01-02 14:26:37,93,37,4.5298,130,60,19,6,30,5,15347.3873,0,234.8184,6387
4799,11bf499e3b2f75d3c4d11755f022adfeb6204c6e,0,0,0,2007-01-02 18:38:17,68,46,0.9629,114,3,19,6,7,2,37949.6841,97,42.6086,882
4823,caf6936edfc2da5f083cf10f5b2a46f19f725e40,0,0,0,2007-01-02 19:35:47,3742,3297,1.0801,7039,2,19,1,167,31,9024.9586,1054,326.2852,7954
4833,401e8d04eb7281da7788e83b28e3c6f13e2f78c4,0,0,0,2007-01-04 05:05:07,36,3297,0.035,3333,1,19,1,1038,8,34362.7745,0,237.576,5989
4824,cb8a1de6890086a7070c870601aded128898e781,0,0,0,2007-01-04 05:38:14,3742,3297,0.0711,7039,2,19,1,20,3,26622.7052,1442,238.546,6042
4828,bf5e4ce9defee22bea4915572089183dd3f80207,0,0,0,2007-01-04 08:03:26,3742,66,0.0573,3808,60,19,1,78,12,44062.5332,0,237.4421,5955
4831,da40c2c067e718c8f0b5c9376a17c962db1cba23,0,0,0,2007-01-04 13:21:22,52,28,4.5298,80,2,19,6,39,18,61499.5214,1444,238.4903,6261
4832,26b4fd4db1ed341103cde93cad7065807affed7b,0,0,0,2007-01-05 09:41:38,67,3297,0.8805,3364,3,2,1,47,22,64862.5983,1089,312.4158,8020
4825,7de8b056e7298464815611299884a1f6ce2dde1f,0,0,0,2007-01-11 16:18:47,89,18,0.0279,107,60,1,1,44,11,59880.7707,1065,314.4998,8030
4830,20d7c712fe13090db4a60e0adae5c6744d0bd17c,0,0,0,2007-01-11 16:21:06,14,18,4.5298,32,1,1,1,35,11,86377.0,1085,316.0814,8161
4835,6b36e0a8c6e8f4ac7f295e5c4c5b93a89da417e9,0,0,0,2007-01-11 16:28:39,77,87,4.5298,164,60,1,1,69,22,25650.7511,1061,328.0515,8302
4804,d504ac05e6e48bf7d51df265245e9dec0408da59,0,0,0,2007-01-11 19:10:11,40,3297,0.727,3337,2,2,6,11,10,51495.0474,22,11.6333,14
4827,0e03cf3975b449d5fc1cece8606a301e1946bf30,0,0,0,2007-01-12 11:25:31,70,3297,4.5298,3367,1,1,1,1038,8,15582.0214,44,17.2238,232
4829,62ea79373d7f4a856ced9c22af28a91488633107,0,0,0,2007-01-12 13:59:29,3742,98,0.0254,3840,1,19,6,13,7,8875.6124,172,68.7902,379
4839,92b179205f5bd1262c7d73f0ca693c2331256388,0,0,0,2007-01-15 13:06:13,70,3297,4.5298,3367,60,1,6,116,22,59275.3791,1095,323.6222,8338
4834,8503f2fad09d67fb655ad177c013f21bcd28bc19,0,0,0,2007-01-17 20:12:26,3742,3297,0.0283,7039,1,19,6,9,8,33165.7183,1073,322.0951,8224
4836,ec146467a4c2ba263f706b6e2f3a9fad321348ff,0,0,0,2007-01-21 09:04:24,48,48,4.5298,96,60,1,6,1038,2,50416.4102,0,247.0314,6273
4841,c4cd859cef3414a6854579931802f64ea66ae0f3,0,0,0,2007-01-21 12:14:15,32,21,0.8917,53,2,2,1,37,12,51476.9482,1073,319.8771,8195
4846,bad5f9e8eddc40d9c18bb9dfffc06663a6a1d215,0,0,0,2007-01-21 18:40:09,56,3297,4.5298,3353,1,19,6,1038,8,82876.0075,1090,322.8282,8193
4837,f7496d8ba1bcc82f0f3c82bc99f20306a7f18cb0,0,0,0,2007-01-21 18:45:05,3742,50,4.5298,3792,60,1,6,12,0,79761.4218,1090,312.8314,8193
4844,7fa41234904e0f6b82311d482ee41994c88b1322,0,0,0,2007-01-21 18:46:05,47,39,0.0579,86,60,19,1,42,20,79613.3069,1095,325.2202,8262
4847,3168d1168ff8540400dc9282b81446e90db6d98a,0,0,0,2007-01-21 18:48:20,68,3297,0.0572,3365,2,1,6,93,22,21296.5134,1094,313.9088,8278
4852,c35ad8215c3558d6a23df79e019854e34ff6dd04,0,0,0,2007-01-21 19:48:51,42,3297,0.6006,3339,2,3,6,42,12,20522.0029,1065,325.6476,7978
4850,d1cc54c029c04becb9dda74945ec118ec5e72a68,0,0,0,2007-01-21 23:30:22,27,3297,4.5298,3324,60,1,1,9,14,1836.8774,12,21.7527,12545
4821,13454df864616bb33e782b64a42ebc5c4b64a2f7,0,0,0,2007-01-21 23:40:13,3742,3297,0.0163,7039,60,1,6,1038,7,1920.838,14,17.2028,72
4848,432e0fd30e6900823938ad62449f892a895d256f,0,0,0,2007-01-22 00:26:32,3742,35,0.0309,3777,60,1,1,120,21,5495.2113,1059,321.1412,8210
4851,d8a507b8072f7ff439609898c02822e3fae333fe,0,0,0,2007-01-22 00:27:59,3742,3297,4.5298,7039,2,19,6,14,5,25687.0405,32,22.6547,159
4853,f1a43e271d3637102ae610afd38377010a079f1c,0,0,0,2007-01-22 02:06:31,98,3297,0.8532,3395,1,1,6,88,24,5940.1998,40,9.8494,12545
4838,214a12f9c3a0cfd0ce92d4e65f257523903e50e0,0,0,0,2007-01-22 11:39:24,71,3297,0.8438,3368,2,2,6,18,9,29239.6773,163,73.2928,493
4854,1f89c35c9caab2d23e95a0f9e13f2e42f6d82c4f,0,0,0,2007-01-22 12:47:14,114,3297,4.5298,3411,60,1,6,166,51,57149.9967,1036,335.9671,8516
4855,ce5f63f9a214dd1aec1e84d15edee2cfecfaacd1,0,0,0,2007-01-22 13:02:18,3742,27,4.5298,3769,60,19,6,22,10,61571.5035,1065,313.9336,8036
4856,58faf881e49848bf82a90b7f0859346660df26b0,0,0,0,2007-01-22 13:10:47,35,3297,1.1426,3332,2,2,1,35,17,58796.062,1093,313.1208,8192
4849,4d1e457f8a193ac23222de777bdeb6c5d209d030,0,0,0,2007-01-24 11:05:51,17,3297,4.5298,3314,1,1,1,11,8,79260.8372,1089,314.4401,8035
4858,59201342a48d8796f36ea0a1bd6ee3315fe7c799,0,0,0,2007-01-24 16:11:41,3742,3297,0.8613,7039,1,2,6,194,49,42459.4857,1065,310.9338,7988
4861,a9a1e375b27920941064ae5ca56f486678aad4a3,0,0,0,2007-01-31 12:57:10,10,3297,0.0947,3307,4,2,6,183,48,74066.1572,1455,18.9361,12545
4857,99fd0476b7fa65ca4f9e4e422c7278ded9b069f0,0,0,0,2007-02-01 19:11:36,152,32,0.7643,184,2,2,6,11,1,68092.4962,152,74.8147,359
4859,74b09cb93052f1827e5fc2c3d1430e3b4fa55efa,0,0,0,2007-02-07 14:51:41,85,66,4.5298,151,60,19,1,15,12,60658.9794,286,61.1481,567
4867,160f6fb8e72dd761c26a97b8b2091a0ea0eb11e0,0,0,0,2007-02-08 01:30:32,3742,3297,0.0184,7039,1,1,1,10,1,24859.6981,1089,320.7886,8180
4870,5309594367cf984d952ac88822c1b3989e9979d3,0,0,0,2007-02-09 17:25:19,46,3297,1.2891,3343,2,3,1,86,12,42145.2646,152,73.7337,373
4860,28851b4c6196304728eebd62e152f252a9b90214,0,0,0,2007-02-09 17:28:41,33,28,4.5298,61,60,1,1,47,11,22740.8487,180,74.5616,529
4865,9ff245de02978980e007adacfdd70133e1ee9206,0,0,0,2007-02-09 18:20:49,3742,64,1.1824,3806,3,2,1,97,23,9682.7469,142,75.9604,588
4862,5aec1216d8a2fb7f267cb62bcbe79111f7e2b525,0,0,0,2007-02-17 09:47:50,10,3297,4.5298,3307,60,19,6,36,10,29986.0334,15,21.221,12
4864,3cd7a5079e43b61dbf1ff74e8021bd28889cc707,0,0,0,2007-02-17 14:29:43,3742,3297,0.0521,7039,2,1,1,13,1,53032.3513,154,79.0774,343
4869,4d3a020b5cd8b9549498716e48f45c1b79ab8e99,0,0,0,2007-02-17 17:50:09,3742,3297,0.0308,7039,1,1,6,22,11,32939.9028,10,21.431,87
4874,13f5a8625c227ac009bff66c161be5b103903f55,0,0,0,2007-02-19 00:24:11,20,3297,0.0378,3317,60,19,6,11,11,23292.3228,10,15.3232,142
4875,e3b04bef43e2256fa54ad3767423b856a89dddcd,0,0,0,2007-02-20 00:52:37,3742,3297,4.5298,7039,1,19,6,1038,7,84172.3266,13,17.1873,12545
4866,14b1b84e59db2927c10c914b0a5bf89b287b5455,0,0,0,2007-02-20 18:34:20,4,3297,1.0434,3301,4,2,6,90,21,44033.1295,151,76.1138,286
4878,c1cc2b16d643518ac079753575729d39640e167b,0,0,0,2007-02-20 18:37:01,70,46,0.9621,116,3,3,1,90,13,41581.8336,177,74.5123,575
4882,aaf071926a00ff53a70cfdfa920008be884003fa,0,0,0,2007-02-20 19:19:03,41,42,0.5531,83,2,2,6,198,49,13343.8155,179,64.9768,599
4877,ae71a57a76b4bc792da50fd2b2e5619b9651164c,0,0,0,2007-02-21 10:58:24,38,3297,4.5298,3335,2,1,1,82,21,43030.2466,1073,322.1559,8235
4879,5cc94acf824c9aacaffd139df59d67a9f0289eac,0,0,0,2007-02-21 10:59:02,3742,3297,0.1108,7039,3,1,1,239,50,53168.3451,1054,300.6224,8463
4884,0401a83f05384e5acfb8f308bf5287f4ceb69f73,0,0,0,2007-02-22 20:51:35,75,145,4.5298,220,60,1,6,6,7,31109.5742,1072,321.3635,8176
4880,8e552b59689e5fe956033698dfe32aa96869d316,0,0,0,2007-02-23 14:48:01,130,133,4.5298,263,60,19,1,180,46,17046.2171,1144,306.9637,8592
4887,e923f809206372a950345031caeda059ac19ee83,0,0,0,2007-02-23 14:49:28,162,149,0.1973,311,60,1,1,163,52,86377.0,1116,338.721,7734
4891,6298b8730e84087551b1e97ee82d753e61d1f423,0,0,0,2007-02-23 15:15:26,3742,3297,0.0482,7039,60,19,1,6,13,7602.2517,1064,320.906,7973
4894,95232b2612b529078850c0cd9df18bdc2de346e6,0,0,0,2007-02-23 16:17:37,53,3297,4.5298,3350,1,1,6,1038,0,59371.4938,74,49.7229,77
4889,37f4e03c62163ecbff54d99ce215c909eb3c7752,0,0,0,2007-02-24 16:05:11,3742,39,0.5947,3781,4,2,6,144,21,20396.4176,47,47.4513,15
4893,117357c7818abe04b86fa031093b084bad861332,0,0,0,2007-02-25 09:54:28,42,25,4.5298,67,60,19,1,24,6,63740.2592,52,57.647,82
4898,640213774bae0b77be0c21ccb265412b49a59666,0,1,0,2007-02-26 00:28:32,3742,37,1.2168,3779,3,3,6,38,17,53010.9093,41,8.6695,147
4899,5c83fe519f348aa95367ee2e907a8122adcfa492,0,0,0,2007-02-26 18:26:40,179,1039,0.8688,1218,5,2,3,139,30,43674.8878,1455,36.7333,12545
4901,48f3c4f213ac272e02a477df624db86b7e316f17,0,1,0,2007-03-03 09:25:57,165,3297,1.3288,3462,3,3,1,224,50,33394.7791,1439,249.5717,5986
4903,76db8bd22d8d7ac634ac4f80c23e928078eb2623,0,0,0,2007-03-03 09:56:10,43,44,0.0559,87,2,19,6,28,9,83198.601,1441,249.4522,6265
4902,8e0653e5463aa20e42e93a50bb60777aa5ff5e79,0,0,0,2007-03-03 21:51:42,3742,36,4.5298,3778,2,1,1,1038,2,16112.893,0,238.5133,6268
4897,c919c6f1a41ab3ff747bfe907bc4e81806f2ebc5,0,0,0,2007-03-05 20:34:08,26,39,0.0246,65,1,19,1,10,6,23962.0235,31,14.8937,12545
4911,2d7c36e9306a2ed62681859082b7128e9b4fdcb7,0,0,0,2007-03-06 11:09:00,66,42,0.0778,108,60,2,6,172,17,41247.5323,0,236.8597,6000
4912,75aee771038d9857dcad78e0d5537a786904bb69,0,0,0,2007-03-06 23:44:57,59,153,4.5298,212,1,1,1,10,9,17963.8154,1448,237.9069,6264
4900,eaac48964cea22a19cc5be9465453a4f746b772d,0,0,0,2007-03-07 05:37:47,42,61,4.5298,103,60,1,1,22,5,67835.873,0,241.8264,6114
4908,f428eb6818455509cf16c954e8ab265900f5b279,0,0,0,2007-03-07 06:46:55,3742,3297,0.9089,7039,2,2,1,11,15,34846.1207,0,249.2505,6065
4909,03d16a3e1c7c98cd39a7fa908637b597a1cf2613,0,0,0,2007-03-09 08:37:17,114,3297,4.5298,3411,60,19,6,1038,13,5830.852,1441,250.8814,5937
4916,b6dc4279a5fad80b0257d0e03fce51268448f402,0,0,0,2007-03-10 06:16:01,32,35,1.0654,67,3,2,1,14,15,61262.4135,1442,240.9315,6087
4906,21c57aaa19798d243e0c5959312627b3c10564ae,0,0,0,2007-03-10 11:37:24,89,37,0.2953,126,3,2,1,1038,1,23259.984,0,248.2345,5989
4913,de8d93e9d5974cc545232a5e221e1f70a440abe8,0,0,0,2007-03-10 12:06:10,51,28,0.0486,79,1,19,6,20,5,24322.6524,1440,249.892,6023
4910,3f9ddd0ca4446f41589cea187589ab5a4c4d411a,0,0,0,2007-03-12 11:43:31,25,3297,0.1653,3322,3,2,6,7,10,43427.4633,1444,247.8238,6060
4920,fd282f9ccdca5c7a933292953d0b7f9896c35ee6,0,0,0,2007-03-14 08:18:15,25,12,1.8415,37,4,3,6,2,11,34498.2904,1446,240.0304,6046
4881,8eafeb8d87917e87becadda51c6181e790ee5849,0,0,0,2007-03-15 00:18:17,58,48,4.5298,106,2,19,6,1038,10,83885.419,1440,236.0652,5945
4915,27bf83e41c1f67920a59c4c07ace880b1430013b,0,1,0,2007-03-15 01:21:42,31,3297,0.9337,3328,1,2,1,23,17,20829.9423,1446,239.1094,6223
4925,dcc5efc8284dd269ffa015d898518a6130ed81b8,0,0,0,2007-03-21 20:51:57,17,3297,4.5298,3314,60,1,1,1038,6,77721.6003,27,20.7343,83
4895,fc83be67b35213b49e222a150438a5c8eaee4727,0,0,0,2007-03-24 06:41:12,44,3297,0.7702,3341,2,2,6,1038,3,80107.3858,1445,241.3569,6092
4924,6a5eda43e537077c910d3eb4fbeba0136d600ba7,0,0,0,2007-03-24 07:01:55,37,30,4.5298,67,2,1,1,31,10,17097.4607,0,245.9882,6035
4927,67616736fcdf4068d8d29f9555a79b8bf85a0ec4,0,0,0,2007-03-25 13:11:46,28,37,1.1359,65,3,3,1,1038,5,45440.0703,1449,247.5455,6088
4929,1d55c495c9ca713b08287ea98468436504c697a5,0,0,0,2007-03-26 23:55:09,9,102,0.6243,111,3,1,6,123,23,42875.9841,28,14.1957,12545
4922,7848fc9bf2f91438f32537cfaff68e93eb49160f,0,0,0,2007-03-29 11:39:30,17,37,4.5298,54,1,19,6,11,2,64532.8115,0,241.7341,6214
4928,7b676c5ca630bbf73cff11b55b09f7b1ab623198,0,0,0,2007-03-29 11:40:27,83,11,0.0482,94,2,19,6,62,20,30137.7961,0,238.9732,6295
4934,12d39381f6057f1ac28a395d81681377ed7b7a3e,0,0,0,2007-03-30 07:51:34,14,3297,4.5298,3311,1,1,6,8,2,73021.1136,1452,241.5059,6184
4931,262847b6a882847f94fac61e1e5b832e98ff3de0,0,0,0,2007-03-30 22:35:40,45,45,0.9416,90,3,1,1,1038,60,79982.7539,85,54.9245,971
4937,a40409fddbd8c58395d33357e99119ab43b42d22,0,0,0,2007-03-31 00:51:32,3742,3297,1.0348,7039,4,3,2,14,12,10508.9379,0,251.2923,6424
4936,7ab6d671c0facc387e7b99ff2b17db25b59290cb,0,0,0,2007-03-31 01:19:30,3742,62,0.1038,3804,2,19,1,1038,5,11431.4567,0,234.5428,5928
4938,76927cea64dbacc4ffbd648c16cb7d62f8a67d1f,0,0,0,2007-03-31 02:47:53,3742,58,1.4507,3800,5,2,6,1038,3,14103.9777,1433,252.6952,6284
4945,f1770bd192a6b4282f222648795b50d21a974064,0,0,0,2007-04-01 02:39:05,3742,40,4.5298,3782,1,1,1,27,10,59937.6108,1442,247.9435,6017
4943,4e3e1d2bac858eb37750fb9d7d91a7271debce3f,0,0,0,2007-04-04 17:46:47,70,3297,1.7406,3367,4,4,6,1038,3,63867.4379,98,42.3325,953
4947,96bda46c343e03cd179b2e425453ed968a21cb5f,0,0,0,2007-04-06 04:28:03,38,3297,0.925,3335,3,2,1,12,12,52549.5666,121,34.1488,1770
4948,d62e5d2778424bd44bfe4d7753cf9bd91502d2c6,0,0,0,2007-04-06 10:32:48,3742,40,4.5298,3782,60,19,6,7,7,55071.4483,1083,316.7004,8134
4939,4f2b4a6040b1d324db573705da29e8ce92c8bf11,0,0,0,2007-04-06 10:34:31,3742,28,4.5298,3770,60,19,6,6,15,39168.0419,1068,313.3567,7980
4944,2c5b3afae67291110ac9729f596299c5f18002cc,0,0,0,2007-04-09 16:24:51,99,75,0.8016,174,3,2,1,18,13,42300.534,84,38.2869,2009
4951,0af989ac0dc7988a3741440d6ba8fe1b044d5703,0,0,0,2007-04-12 12:51:19,154,3297,1.0606,3451,1,2,6,232,50,44171.0731,1455,18.3016,233
4935,ef683efb1e184a9cbad9e4899752ee53ed707fbb,0,0,0,2007-04-12 18:51:08,44,34,4.5298,78,1,1,6,120,22,67189.0051,1071,313.472,8029
4946,22d5aa429beae17aa27fca26732009a43a6e32f9,0,0,0,2007-04-12 20:30:53,44,38,4.5298,82,2,19,1,123,22,4898.3924,1070,323.8352,8244
4949,385b22827b7a1679a2eacaa17f5f3e52fd814638,0,0,0,2007-04-13 00:08:01,29,3297,4.5298,3326,1,19,1,39,10,76674.866,1075,314.969,8160
4952,0c77dd66e834754b9d73a7c50438825609a21c70,0,1,0,2007-04-13 00:09:08,3742,3297,4.5298,7039,60,19,6,10,9,15350.8919,1085,319.0384,8173
4942,2369b4296a63270a9fd882e96b59fd60393ab115,0,0,0,2007-04-13 00:20:33,3742,25,0.0276,3767,1,19,1,40,15,13844.6686,1069,314.6493,8242
4953,46b374451158886b9ea83893b644215a08da6ca4,0,0,0,2007-04-16 15:15:42,3742,95,0.0817,3837,2,1,1,17,24,72757.8032,98,38.4917,317
4956,28ad3caf076beee82d01fb890aec0a8456a284fd,0,0,0,2007-04-16 19:06:57,70,3297,0.485,3367,2,19,1,188,32,12560.0812,94,65.0949,12545
4955,f85db7acbe456a7e6da494cd94d5ec222dde83ed,0,0,0,2007-04-17 19:15:10,89,59,0.9985,148,2,2,6,13,11,8886.7468,96,25.1607,1789
4958,b5b8df7b414963da895bda5c822f5e50072825bc,0,0,0,2007-04-18 20:44:05,17,27,4.5298,44,1,1,1,1038,6,9014.7034,1072,320.7504,8021
4960,6a749951b744d61eeaccefdb877920dac593c92c,0,0,0,2007-04-20 10:30:04,3742,3297,4.5298,7039,60,19,6,4,10,68293.91,54,54.8048,201
4954,d8d36e5f72b7c8e6fe00a1ba03177841e7f275f9,0,0,0,2007-04-20 10:31:35,78,3297,0.7964,3375,2,19,1,34,17,41652.0679,43,58.8314,36
4957,8ebe8f3910b3028ef08f97bc58188a7099698410,0,0,0,2007-04-20 15:43:40,3742,4,4.5298,3746,60,19,1,19,10,1823.5901,1078,317.2646,8094
4961,5ac78dcd40766806665a15ac47e305ba0ff488ae,0,0,0,2007-04-26 16:48:51,3742,3297,4.5298,7039,60,1,1,67,18,65407.9472,1099,324.8201,7972
4972,4bf159bd155c27f0d2bc873402a1871b83410fa7,0,0,0,2007-04-26 20:10:03,39,3297,0.3137,3336,2,2,1,39,10,72638.3927,1085,315.401,8071
4969,c5c7ee6974065497e69f8c6ce6fbda05c25b2e36,0,1,0,2007-04-26 22:25:07,11,18,0.9666,29,2,2,1,1,5,27467.337,1089,320.6673,8008
4975,e6182a43e02a74afda2f6752a90f0d9165c6f231,0,0,0,2007-04-27 14:52:32,135,3297,0.164,3432,3,1,1,241,48,59700.0102,1042,336.8834,7828
4962,ee7b74db09c689b4fd88d637915dc940270c644d,0,0,0,2007-04-27 15:35:14,3742,3297,0.7262,7039,1,2,6,14,9,71797.0445,293,54.1943,772
4970,8fec295a839c2e5e993a9bdc54df21a2029b013c,0,0,0,2007-04-27 16:05:29,3742,3297,0.8997,7039,3,2,6,231,49,43643.9915,309,69.0294,812
4974,4b69769c9f17ed70723fc95142adc836fd655b07,0,1,0,2007-04-27 18:50:53,11,3297,0.2467,3308,2,2,1,16,11,77510.0684,1086,315.7694,8080
4979,fb3b750bfdfc18bef2d91327a60957fbe5763743,0,0,0,2007-04-27 19:03:05,3742,43,0.0778,3785,60,19,1,70,17,84888.5989,1101,324.2696,8312
4977,28890aca0ce1c1096b7f3f2feb4deee66e71c499,0,0,0,2007-04-27 22:05:37,3742,71,0.0506,3813,60,1,1,126,20,3216.459,1063,313.5028,7940
4984,ff98e6a7460ea991463a8770a9c7a6fca5db7769,0,0,0,2007-04-28 03:50:49,46,3297,0.4166,3343,2,2,1,41,12,43129.3859,0,241.3575,6221
4966,5bd86628e4b3a07e8a8f3443b202e4636520fa06,0,0,0,2007-04-28 15:39:47,65,76,0.8963,141,3,3,6,26,8,23386.6426,1451,241.8736,6192
4983,7891943845b2f53878f36864a055c6a0acbf4346,0,0,0,2007-04-30 09:16:50,3742,20,0.9781,3762,2,2,1,104,21,39500.2807,1091,313.9255,8194
4981,a499384db2d13a29bdb9c17d90a20e2a6b9e67b8,0,0,0,2007-04-30 09:59:07,3742,59,0.0457,3801,2,19,1,9,60,34485.4645,0,239.1782,5915
4986,f9a772e39f7d8735bd20b3c4765fc7d009757939,0,0,0,2007-04-30 19:35:21,3742,3297,0.9284,7039,2,2,1,58,21,53624.9297,1066,313.9606,8176
4978,e86c1ea65406d7766c22a7cf691a8ae7c6158426,0,1,0,2007-04-30 20:07:39,1487,76,2.1295,1563,8,3,6,38,10,72061.236,30,44.9676,447
4985,b3584f3bde0808218a93dcd4eeba302123344ac0,0,0,0,2007-04-30 20:13:58,3742,13,0.0145,3755,1,19,1,5,4,605.0295,64,55.1995,194
4988,6b1265a9df0c5e8099793959b6e024c2a7f1a951,0,0,0,2007-05-08 22:40:49,45,26,0.321,71,3,2,6,37,15,69344.8773,6,24.8394,182
4994,6d45753aa5804dce6afc76ebf07281ce56d21482,0,0,0,2007-05-10 15:43:51,33,3297,0.0374,3330,1,19,6,1038,2,61765.7242,1071,312.9363,8204
4987,db181de2fc3d13adec62308ac9926f5ab2f14aa3,0,0,0,2007-05-10 15:56:48,110,3297,4.5298,3407,60,19,6,104,22,1952.6728,1061,312.6759,8258
4993,9f079b77adcfb163500d1c674f1bc6cf5b6eaeb9,0,0,0,2007-05-12 01:24:49,3742,108,4.5298,3850,3,19,6,188,47,31958.7632,1415,227.9782,5860
5001,daa1f06c7a155d8c9740539c35271e23d6435cff,0,0,0,2007-05-12 02:46:24,171,3297,4.5298,3468,60,2,1,186,48,86377.0,1390,227.8626,6631
4996,1c3efc0f8c936efbaca44515591d843cb759160b,0,0,0,2007-05-12 10:58:33,150,118,0.4451,268,60,3,6,190,48,9851.034,0,230.2122,5710
4999,c7d041aadfe26ee3e40d384a39b8ec3f90848189,0,0,0,2007-05-13 00:13:29,3742,3297,0.068,7039,60,19,6,1038,1,21640.9491,0,250.4178,6348
5006,a8409bf33dc73c53ce0c056d4ca73c68c958d841,0,0,0,2007-05-13 20:19:38,44,3297,0.4724,3341,2,1,6,13,3,40908.0618,0,247.3154,6232
4990,dbb06195249aeb0788415c16e5af094a1f417590,0,0,0,2007-05-14 09:00:56,2,3297,0.9589,3299,2,19,1,1038,4,45113.1678,0,247.1153,6049
5002,ea461d3270b3f82efceeb5773e8c336b9957b1f4,0,0,0,2007-05-14 19:43:11,3742,3297,0.0284,7039,60,19,1,1038,4,6265.3951,117,42.4268,757
4995,40e501d43b7f5e837f788f21e7aee1bb293e990c,0,0,0,2007-05-15 15:47:40,3742,44,1.1656,3786,2,2,2,1038,10,56605.4662,86,54.1225,685
4991,5bfe3eb72c8f4730dc1175b1176285c59ce056b3,0,0,0,2007-05-16 15:15:50,70,34,0.5891,104,1,2,6,243,50,9210.5608,38,47.9603,25
5007,69c13587719df03923d8cc81d6461a8eca702b62,0,1,0,2007-05-16 17:41:13,56,92,1.8249,148,8,4,1,294,33,9178.5765,1105,323.8662,7854
4982,12d22e8e54ca1d36fc66b1d98b8f26b67446ab4c,0,0,0,2007-05-16 17:45:56,42,48,0.0157,90,1,19,6,1038,3,26283.0887,1075,315.736,8152
4997,1543feafc81c29d9d6b802031809931064d86cc6,0,0,0,2007-05-17 11:46:30,71,38,0.0555,109,1,1,1,1038,4,65305.6958,1071,312.4996,7967
4992,a1b8a5741cb9c92358b2199a537e4a1e82dcd319,0,0,0,2007-05-23 20:09:36,3,3297,0.8578,3300,2,2,2,108,13,44573.7525,23,11.4129,159
5008,5166cfda6859b439a6cd4bcb6a7fa02850572e8d,0,0,0,2007-05-29 14:47:59,6,30,0.0373,36,60,1,1,10,2,24194.6823,178,75.0245,348
5010,bfa0e581ab18eddcf8a1b9fc1daf5518eca3aa3a,0,0,0,2007-06-01 08:17:51,3742,53,0.0676,3795,60,1,1,21,5,23264.133,0,247.721,6282
5014,8290407e98098164392f23801004a0e8cc3ab5f6,0,0,0,2007-06-04 11:40:15,38,4,0.0115,42,1,1,6,1,8,46157.4976,54,55.2357,204
5019,f8efb9c344684a1baf4c550933da89fc688d8343,0,0,0,2007-06-04 16:05:15,3742,3297,0.0253,7039,60,1,1,4,9,56978.1789,1074,320.8183,8054
5023,01c5b0acea4768edffd1b2609c651bfeb5121889,0,0,0,2007-06-04 17:06:20,3742,3297,0.0301,7039,2,2,6,89,18,4770.7954,1091,310.9423,8269
5020,f8d872ed00eadeb7317d14be9638726f0cb919ec,0,0,0,2007-06-10 02:36:22,3742,3297,0.1011,7039,60,19,1,202,48,39093.8274,0,229.5203,6432
5022,19a0a119e0db4de660373247f659526bbd13e284,0,0,0,2007-06-10 08:57:10,93,3297,0.6465,3390,3,2,1,218,48,52087.8978,1421,254.4181,5979
5017,8c976cc5db08ab41377ff34f1a9538faad3097d0,0,1,0,2007-06-11 08:57:40,1899,517,3.346,2416,22,6,2,122,17,28709.2318,0,275.52,5628
4001,be973fcaca5f14fa353e4758d6bd720637334ae4,0,1,0,2007-06-14 09:13:51,1407,1447,1.3402,2854,21,6,6,471,30,62779.4334,1343,205.6905,6601
3997,e662c8d5d20546fd83309a00be74e69184f70800,0,0,0,2007-06-15 11:00:35,54,43,4.5298,97,1,19,6,1038,3,2370.9432,1077,316.7843,8088
5018,b8b960128e85f7121d0417cd80e56e928ed60f6d,0,0,0,2007-06-16 01:56:38,337,215,4.5298,552,2,1,1,40,12,35649.6981,0,251.8557,5923
3996,0926ab687f4735cebcd84c834adeb86f50f85b7e,0,0,0,2007-06-16 23:31:20,42,51,0.6078,93,2,19,6,88,23,15846.3721,0,248.332,6292
3994,06a919c4df4e283e12ffae1c0ae4ccfd74360cdf,0,0,0,2007-06-16 23:31:52,24,3297,0.0302,3321,1,19,6,7,12,30714.2234,1444,245.6211,6063
4005,83dc044d1987a92103ba260852a7ef53e0f1e30b,0,0,0,2007-06-19 11:29:01,3742,83,0.9362,3825,1,2,1,225,50,38264.8223,43,20.0221,12545
5025,2f4b849263e3a7a1f6a86e7051af825f23af771d,0,0,0,2007-06-19 13:13:49,42,3297,4.5298,3339,2,1,1,1038,12,79648.6326,49,50.7775,275
3992,c8b650f66850e6c004327b7c638492499f337c87,0,0,0,2007-06-20 00:47:52,27,3297,4.5298,3324,1,19,6,30,13,40219.9565,67,56.9214,102
3999,00ad5c928a91d368dced140986f76703c4b67924,0,1,0,2007-06-21 15:36:22,682,143,2.2814,825,12,5,1,1,29,44737.5429,1136,296.8591,7679
3998,1e54518c95cec04cbc13970cca017aaf842609d1,0,0,0,2007-06-21 19:09:30,32,39,0.9537,71,2,2,2,29,12,53094.477,43,17.6878,238
4004,3c550dcd5fbae5a7230e5b8c5025ac81a16031e4,0,1,0,2007-06-22 08:34:31,28,28,4.5298,56,60,19,6,16,12,23181.061,0,239.1125,6060
4009,8ec1fdfe00bb42d95cbaadc09600ff4c2331f47f,0,0,0,2007-06-22 15:36:20,39,3297,0.0285,3336,1,19,6,3,5,8861.5142,1069,319.8357,8069
4002,0eec193b7ff1cb709e0b424b402b4f98326ddea6,0,1,0,2007-06-23 00:15:24,166,0,0.4636,166,1,2,6,69,18,65316.7711,1440,237.7846,6058
4011,59b50353cc28ba769a5a38d7949f5030f45f63f5,0,0,0,2007-06-24 04:06:45,3742,3297,0.0144,7039,60,19,6,6,3,74496.3335,1451,245.9668,6220
4017,f6d34303b7e725f9ef61380425eea52fcf6397c1,0,0,0,2007-06-24 10:38:42,3742,3297,0.0492,7039,2,19,1,1038,9,2678.0918,0,250.6309,5954
3995,12929de7afabc3b6b02fcb0970f6372a0235b5b8,0,0,0,2007-06-24 16:54:27,41,38,4.5298,79,1,19,6,22,8,4202.9921,1086,316.6313,8148
4007,ceccc4cee84d80fe390b01fa7aee8d4f4d53d954,0,0,0,2007-06-24 17:10:22,37,23,4.5298,60,1,1,1,24,14,5235.4192,1069,314.5877,8236
4012,034b666de2f202507c2ca661c38ba57f7d70ff3c,0,1,0,2007-06-24 20:13:27,27,58,1.3512,85,5,2,1,138,23,27302.9955,1093,313.7382,8294
4018,0702d0e528a2957aadb43ab119e66cc8b14137f8,0,0,0,2007-06-24 20:29:04,3742,3297,0.0398,7039,60,1,1,111,21,86377.0,1067,311.8866,7947
4006,142b9becc3c415edda7347a706f172a7703d5857,0,0,0,2007-06-24 20:50:14,44,3297,0.2465,3341,3,2,1,13,13,7917.199,1063,320.7686,8228
4014,2b174a00700a8055cb5269172785099a343fe351,0,0,0,2007-06-24 21:10:05,12,9,4.5298,21,60,1,6,36,10,66642.1748,1084,316.4221,8048
4020,735b003976d34eb8ad9914d47269f4c59718ceaf,0,0,0,2007-06-24 22:33:42,46,25,0.9441,71,3,2,6,15,6,38466.6731,1098,312.7913,8038
4000,e1fed9265c70127adffa163fc1ad15e7d512523d,0,0,0,2007-06-24 22:50:24,18,3297,4.5298,3315,60,1,1,36,10,6482.6661,1074,315.6674,8167
4013,64a00c725f739d22221ff58976849640d50c9759,0,0,0,2007-06-24 23:17:27,3742,3297,0.1298,7039,60,2,1,215,52,41162.9663,0,258.9562,6451
4019,ae8d702dccb8776ab0d6cdd228010fa6e0ed0c76,0,0,0,2007-06-25 00:43:40,3742,171,4.5298,3913,2,19,1,51,9,8035.113,1433,248.1372,6340
4023,9074369555a06d6a8a561da8bebbd6d0344a5faa,0,1,0,2007-06-25 06:43:16,9,3297,1.9615,3306,10,5,1,54,7,60348.2707,89,52.7283,995
4029,e0f3f02ce475fd6c816677be53b42e28634c1902,0,0,0,2007-06-29 02:28:18,3742,3297,4.5298,7039,60,1,1,22,3,26009.7801,1439,236.0443,6312
4010,eee7da22ac76eb6815a70a0599e5f244ee8d3b0d,0,1,0,2007-06-29 03:16:06,3742,3297,0.6839,7039,2,2,1,11,4,46489.0124,1444,239.8508,6068
4016,b34e9036c4eec13d7edd55e0e63aa59247ea7887,0,0,0,2007-06-29 09:20:05,36,3297,4.5298,3333,2,2,6,54,19,27193.5206,130,54.2766,666
4037,7eb1e6ee1f0f9dceea2899603e7ac07b5448de22,0,0,0,2007-07-01 03:13:35,128,3297,0.9267,3425,60,3,6,269,47,60579.4475,0,232.7458,6335
4041,f4f3d81b1b5e335dc9de43f27e72d58f94ef88fc,0,0,0,2007-07-01 03:17:03,153,3297,4.5298,3450,3,1,1,273,51,2032.6438,0,232.4993,5699
4015,cd6dca6f22e95076a219af87bf76b9973338e640,0,0,0,2007-07-01 06:10:14,139,81,1.0575,220,1,2,6,9,9,75230.2498,1431,252.769,6318
4031,d129f2097ff75f54ac33fff163dae117da2529f3,0,0,0,2007-07-01 11:30:06,3742,3297,0.0281,7039,1,19,6,29,13,65479.1758,1065,312.3108,8043
4033,0d804290a8445ec49cb49869cf8f5e45aabf2568,0,0,0,2007-07-01 13:15:43,47,41,0.0576,88,2,1,6,24,18,43816.0315,1098,313.5272,8211
4003,616c0a4049cb33e29a1d17fa15e53a990d45c135,0,0,0,2007-07-01 15:31:05,126,77,0.7358,203,2,2,6,216,52,23768.3429,1036,334.3681,7682
4024,792dfc98545f4728e5635226e772e51c6582e8db,0,1,0,2007-07-01 16:59:12,45,5,1.5382,50,3,2,6,16,3,38957.0349,1090,319.7205,8160
4038,bc7c5a173f31ffe13adf12a13501f3757abc959f,0,0,0,2007-07-01 18:08:03,3742,3297,0.016,7039,1,19,1,12,12,83066.391,289,56.7759,559
4042,87fe152321b778e6da4fd13b789b3b25422c3214,0,0,0,2007-07-01 19:05:14,3742,104,1.0412,3846,4,2,6,262,48,21226.2894,1109,333.9736,7916
4022,45e82f5c5da15bd1b7dfa28ccd09c3748dd11bf2,0,0,0,2007-07-01 19:47:52,99,3297,0.7418,3396,2,2,6,7,9,18409.9804,1071,314.0038,8053
4036,7c07749a55d6ab8b18c32845a2f526c8bf31ea31,0,0,0,2007-07-01 22:37:22,81,3297,0.9239,3378,2,2,1,27,12,7108.3157,1095,320.7108,8217
4045,d72bcda23fa6b1e4c0d7a290725533195300d097,0,0,0,2007-07-01 22:54:25,3742,3297,0.8721,7039,4,2,6,262,50,23999.9497,1057,325.0992,8385
4021,d7e08039407fdf56bb9a25187560557501a8390f,0,0,0,2007-07-01 22:57:42,160,93,0.1857,253,60,19,6,201,51,3755.5172,1047,300.5071,7693
4035,033fe4813e3f2f9675f25e26b40103262d29e379,0,0,0,2007-07-02 10:15:00,61,3297,4.5298,3358,1,2,6,82,21,55581.6789,1094,323.8529,7966
4049,4cfbda7702f8d856371ebd4ec72ffd37871b252d,0,0,0,2007-07-03 13:48:36,25,21,0.023,46,1,1,1,30,10,47505.5781,1084,319.7784,8181
4032,b5230c1a84c2ac6bd5607323888e5c6a36e0305f,0,0,0,2007-07-03 15:28:01,3,3297,0.8528,3300,1,2,6,136,22,12707.8602,1095,321.2421,8216
4043,824d1c89098f1ff608675039aafb709e8410b82f,0,0,0,2007-07-03 20:09:32,3742,20,0.0273,3762,1,1,6,13,8,82851.7787,1066,321.8242,8009
4050,233a89aa6bd813e40015c7950102edc04b306efe,0,0,0,2007-07-03 20:12:21,43,3297,4.5298,3340,1,19,6,14,3,82950.1163,1095,314.1071,8188
4054,e53a22853cf50ce826d78f9613217efcaa5b712f,0,0,0,2007-07-03 20:14:18,9,3297,4.5298,3306,1,19,1,7,3,86377.0,1077,318.6876,8101
4034,81a86dbce6163df1cf03083c3a9bf8144abdec69,0,0,0,2007-07-03 20:22:35,10,7,0.0069,17,60,19,6,8,3,300.7659,1078,316.8688,8100
4048,fed5af8e879d891abe735d7b0359d190f7e59f85,0,0,0,2007-07-03 22:28:16,27,3297,4.5298,3324,60,1,1,12,3,7089.8092,1072,314.5618,8046
4052,9e63a714934d6757a37815ddce7d6cd071a6be4a,0,1,0,2007-07-04 20:01:18,893,3297,1.9264,4190,6,4,6,1038,11,55350.3628,93,65.6142,379
4053,a201db03624d69e53a314099f2b6ec6f60818d5f,0,0,0,2007-07-05 10:08:18,48,35,4.5298,83,1,19,1,10,12,58330.0434,1091,323.5799,8042
4062,a0d4d79f179a8259b0d31e8ae725091da057db36,0,0,0,2007-07-07 11:39:18,148,3297,0.52,3445,60,2,1,226,49,50439.7185,0,235.4285,5797
4030,8a12022c767d9613219e6dcf2ebcf2efd2f31813,0,0,0,2007-07-08 00:44:18,22,48,1.0049,70,1,2,6,18,14,33273.6025,0,240.5001,6246
4027,a4816df1494535ad3949664163264f55bc76095c,0,1,0,2007-07-12 19:48:52,221,55,1.0224,276,3,2,6,50,19,63567.594,68,48.6296,65
4051,b684478df8011ab3977b3c7450acaa7110e09696,0,0,0,2007-07-14 03:19:09,3742,26,0.0233,3768,60,1,6,12,7,71618.8715,0,240.9982,6213
4057,a2737f6fef305b697b83062a846d778e29334355,0,0,0,2007-07-14 05:53:17,119,45,4.5298,164,60,19,6,10,13,70566.0419,1442,249.6256,6299
4061,c7125cf887caec401a7ba0fb8ecff0024492e2a1,0,0,0,2007-07-14 07:44:14,62,55,0.6622,117,3,2,6,46,16,46448.4241,9,19.7441,245
4044,d8096ccf881b49ddc8ff58824e8d8033b764d6ae,0,0,0,2007-07-15 00:12:26,0,3297,0.7734,3297,2,2,1,30,12,21648.4957,1444,246.8506,6098
4059,a778081c4fd25416e0a92e4ad4bb3968317f998a,0,0,0,2007-07-16 09:26:34,3742,74,4.5298,3816,60,19,1,1038,17,64925.0217,6,21.0748,270
4071,03e8d94e192e49df4c33bdcaab51f937ef898d45,0,1,0,2007-07-17 15:20:41,127,52,0.9632,179,3,2,6,77,22,27842.9673,71,55.9601,93
4046,7b92ced60e08aa01ffb453b95361364d02c81be4,0,0,0,2007-07-17 15:59:25,3742,3297,0.9593,7039,3,2,6,61,20,1487.0088,72,58.6956,284
4066,018599cfb373ab5056651edcf387c4ddc2c58db2,0,0,0,2007-07-18 14:42:05,3742,84,4.5298,3826,60,19,6,84,20,80477.4856,87,58.9501,9
4070,e9915285c0689894df73355cae653599a11f4f89,0,0,0,2007-07-18 22:32:24,3742,3297,0.0153,7039,1,1,1,4,4,24778.5223,1076,319.5419,8089
4073,90dd81b779a4d6dab02b45dd80a86cf30a86838a,0,0,0,2007-07-20 10:37:42,3742,3297,0.0857,7039,2,19,6,62,20,72694.2074,23,64.0003,12545
4060,edae5ec57bcea053dc65aa9d9df2c7b7984b1abc,0,0,0,2007-07-20 16:13:41,47,19,1.012,66,3,3,1,97,21,36982.6891,1072,314.7841,8063
4080,5c4921b6bf13059596ad9793fcfa204aad25b370,0,0,0,2007-07-23 01:42:23,11,34,0.8406,45,2,2,1,21,8,50571.1753,1441,247.6577,6079
4063,e635199c2c8a027f2bc2e2d0441c7056c14b79b8,0,0,0,2007-07-25 10:51:24,97,54,1.8044,151,5,2,6,66,25,36017.4772,77,57.8736,21
4075,bb413d8eace01b7030feff8a5e3c60199bfa2587,0,0,0,2007-07-26 09:10:00,55,3297,4.5298,3352,60,19,6,90,20,78264.6064,27,61.9689,445
4065,c657bf8c518d679f9353c3272c4980d3267c872a,0,0,0,2007-07-30 12:37:52,54,3297,0.0528,3351,60,1,6,21,16,75011.732,41,58.1479,307
4074,bc30f90768e49137544d081d2107aa1a29f3879d,0,0,0,2007-07-30 19:39:45,37,3297,0.0566,3334,60,1,6,25,10,3916.5368,97,24.0916,1710
4072,21d991895fe8dacad74964d81ad5bf5d344a8ff7,0,0,0,2007-08-02 21:29:53,102,38,1.8393,140,5,3,6,7,5,23916.3949,87,25.071,1981
4084,9ee7ebf2eeee0a77323ab8dd0c2a59ca3bb5de4c,0,0,0,2007-08-03 12:13:19,3742,42,4.5298,3784,2,19,1,26,17,83914.0328,83,48.3214,12545
4086,7c65597c7a47efd21937c8fb38a09793cea00a5b,0,0,0,2007-08-08 22:21:42,3742,3297,0.7698,7039,4,2,1,275,50,24816.3819,46,18.5226,337
4068,bac77379e06b791c1e1f3839efa2dee7063976d2,0,0,0,2007-08-09 13:02:12,10,26,0.9378,36,2,2,1,86,21,44486.9586,43,50.2079,269
4081,5ac65ea3f6e08c2f31673cb9f3e339accd05c31b,0,0,0,2007-08-10 11:22:39,44,15,0.0235,59,1,19,6,1038,6,67803.1209,52,54.9287,104
4085,fa6a7b908ca155449a314a0dd61e8bbf3a09da66,0,0,0,2007-08-10 19:11:37,23,3297,0.0384,3320,2,19,1,1038,6,27477.8865,67,50.8554,222
4055,ea752ed9a0cba9a9e002b2262e2d51697bbeaca3,0,0,0,2007-08-10 21:02:35,21,3297,4.5298,3318,1,19,6,7,6,6882.9524,53,51.0542,208
4078,d7c393eb64c974482c9787e2baefd825d55b09b2,0,0,0,2007-08-11 14:53:19,28,52,0.8053,80,3,2,6,30,21,56302.5144,25,17.539,12545
4091,84dc055f88a8ff4f6a3bb73d776070f101219b56,0,0,0,2007-08-12 00:02:35,3742,90,1.1381,3832,2,3,1,244,51,32452.881,33,24.8052,12545
4090,4e04daf110cc352aba3e8388fec2a6c8cb7dd34d,0,0,0,2007-08-12 10:32:07,26,21,4.5298,47,1,1,6,9,6,48812.157,10,13.8179,52
4076,2d9c04a61c194f9c9156aaef9ee85d23e9de6aa3,0,0,0,2007-08-12 16:05:07,3742,36,4.5298,3778,2,1,1,1038,0,58687.0904,2,16.8393,169
4087,204f62b3c4c4a2e1f758a38ebaab850aa416b715,0,0,0,2007-08-12 21:35:20,3742,3297,0.7482,7039,60,3,1,206,47,75686.5348,1455,24.2561,344
4093,90adbd21a0afe67cd7d3927e934a53d2f3e5a5f2,0,0,0,2007-08-12 22:46:49,3742,52,0.5958,3794,1,2,1,252,50,41931.1753,35,7.0579,216
4058,6cff712b0b0ece99723b488035574daf0869d614,0,0,0,2007-08-14 04:49:58,31,3297,0.0454,3328,2,1,1,14,4,39505.4904,75,68.5756,495
4088,9fee73fc4a36bcefd1cc7e96a0f7236db984ec13,0,0,0,2007-08-14 19:29:55,36,33,4.5298,69,60,19,1,17,7,83481.0204,1091,321.5086,8206
4095,7736a7ff2c75a12dca5b12bb2a4be7b1cc0cfa1d,0,1,0,2007-08-14 19:38:43,556,3297,0.4029,3853,7,6,1,151,27,47818.9758,1115,303.9286,8495
4082,7fc706376defdf77aeb60eac7da186abfca65695,0,0,0,2007-08-14 19:49:17,34,3297,0.9457,3331,2,2,1,7,6,86377.0,1092,321.0186,8172
4094,7482f926842303488e2e395797688bf27a2f474d,0,1,0,2007-08-14 20:30:24,13,3297,4.5298,3310,60,19,1,6,3,16913.0868,1085,316.4728,8077
4097,0e3c8b4647572921d45d0c39202985053724849e,0,0,0,2007-08-14 20:36:43,3742,50,4.5298,3792,2,1,6,91,20,28887.0164,1093,310.9385,8274
4108,bd7e205ef6cf5e6099432935b436f855a2059d00,0,0,0,2007-08-14 21:02:37,127,136,0.1266,263,3,19,1,273,50,82527.2745,1053,303.7368,8598
4089,1f335047a8761d988e2ccef6322954fca6778214,0,0,0,2007-08-14 21:04:52,3742,135,4.5298,3877,60,2,2,74,27,33771.62,53,72.0469,230
4096,520724e87af10c5c20eb478cff23e47f4bfbe5af,0,0,0,2007-08-14 21:05:33,3742,3297,4.5298,7039,2,19,1,47,17,23586.2874,1101,323.4285,7914
4100,6766e45e8e9fe05752b9acca2e9294113708730a,0,0,0,2007-08-14 21:08:38,16,9,4.5298,25,1,19,6,4,4,19713.0886,1084,316.8597,8165
4098,2bc99ae0e87635427b6b31086a019f39f169c69b,0,0,0,2007-08-15 19:00:04,3742,3297,4.5298,7039,60,1,6,17,14,64841.6891,95,61.5894,462
4107,15152cebf8aad43bfc365b99d2efe6191fe60e5a,0,0,0,2007-08-15 22:08:02,3742,215,4.5298,3957,60,1,1,23,26,4848.0925,103,58.3269,285
4102,81396120129e83c90313395e18f59bc5fd1a88bb,0,0,0,2007-08-15 22:11:39,8,6,0.0508,14,2,19,1,11,5,35476.4692,78,59.3376,527
4106,61e075c08051098d810b6e5527cbdf862046301e,0,0,0,2007-08-15 22:17:24,52,54,0.8122,106,4,1,6,40,15,18999.8607,67,67.9227,495
4110,9a7c26af9b487cdca62f893b2998b385d24c888f,0,0,0,2007-08-16 15:39:19,34,47,0.0709,81,1,2,6,7,12,67875.3906,96,34.9748,1997
4103,d3176203bc120c2c5f42a1b97f45c2578b567d3d,0,0,0,2007-08-16 19:30:17,82,3297,0.0414,3379,2,1,6,1038,60,69330.9495,76,59.0337,520
4109,5d121eff3d68c24c104b0f23df43889c6811059d,0,0,0,2007-08-16 21:15:27,95,26,0.0313,121,60,19,6,11,1,1390.9689,78,58.9767,320
4114,59ea50b43e206c71852448286a4e8b52f6b45da0,0,0,0,2007-08-16 21:19:10,25,20,0.0223,45,1,19,1,8,2,1137.4986,96,60.9627,330
4116,9a3dc6824454c64099666d2f51ad83e6e97fdd91,0,0,0,2007-08-16 21:46:42,3742,3297,0.9182,7039,4,2,2,20,11,6847.2991,115,57.3015,641
4113,7da2d4045df75ee92c2afe7947c0dbded9a8ae6d,0,0,0,2007-08-16 21:55:53,71,3297,0.2872,3368,3,19,1,10,3,86377.0,98,67.1686,500
4115,877ed1273973decf6b056fc1142a87ad36530508,0,0,0,2007-08-16 22:03:48,36,3297,0.032,3333,60,1,1,16,1,86377.0,97,67.0614,534
4111,a7d0c754c423704fe2147c514abbf0a5237a67f7,0,0,0,2007-08-16 22:17:14,53,3297,0.9491,3350,2,19,1,1,8,50808.9316,78,70.3231,252
4119,027662a990ed150a0ea76f4a24cc884385485d3a,0,0,0,2007-08-19 07:02:51,3742,3297,0.1285,7039,3,19,6,211,47,37860.5874,1424,236.2587,6520
4120,5eb67cf681ba5bd537db1d7267d7f9bcab477ea9,0,0,0,2007-08-19 11:28:00,66,3297,1.361,3363,4,3,1,67,18,56123.9289,0,248.9379,6307
4105,ced449e1c230535b74ef49d5d92a4d3d34e3736c,0,0,0,2007-08-21 00:32:34,58,3297,0.0712,3355,2,1,6,32,21,47928.4822,102,68.3732,176
4118,557afc7ccbce8ea810de39fc90bdc913c2e30873,0,0,0,2007-08-21 01:42:48,108,71,0.7419,179,1,2,6,239,48,55271.0068,0,251.1267,6364
4123,1f0deb5f1502de063dc91fab392efe9c44332c94,0,0,0,2007-08-21 18:53:57,3742,109,1.1324,3851,3,2,1,229,48,62102.1816,1420,234.3993,6478
4099,febf47b67d77950e24cf08aed27a5b13d112bf16,0,0,0,2007-08-22 08:59:48,3742,3297,1.7702,7039,5,4,1,1038,1,33996.442,73,57.739,518
4121,da4c8fdb7c304b57d7553a924c94e7a9b07e5b6d,0,0,0,2007-08-22 09:09:27,3742,3297,4.5298,7039,60,1,6,29,18,48279.4268,40,59.8738,293
4122,cc5a73a91c38b0c3176766eae400fc5c740d2050,0,0,0,2007-08-22 12:05:17,30,3297,0.0327,3327,60,1,1,8,1,198.5355,75,67.9449,326
4127,73b8f6fea9ad4802c32c4f394db85e73bac78f0d,0,0,0,2007-08-22 12:06:00,114,225,4.5298,339,1,2,2,103,29,5876.8165,58,56.1044,805
4124,d12d126b916ea2eb0316c9466fbde89e707ecf8d,0,0,0,2007-08-22 12:40:07,59,50,0.0589,109,2,19,1,10,1,45048.6378,102,57.8061,534
4126,21f27c582561dac2d922aa5b037563c10efd8da4,0,0,0,2007-08-22 14:01:31,71,3297,4.5298,3368,1,19,6,10,0,6329.9544,79,67.866,243
4128,95b03b7c104049214a9885020dbb3e6b0badaddd,0,0,0,2007-08-23 02:04:18,3742,3297,0.7925,7039,3,2,1,1038,5,86377.0,110,68.0731,305
4132,1c0b5a36771d50d00fca8f428ea5b5fd0ee3b09a,0,0,0,2007-08-23 02:08:04,3742,34,4.5298,3776,1,19,1,9,2,710.9127,78,61.5386,473
4138,7fa40d35c97681880e4fb374d1e6f7a4f5976814,0,0,0,2007-08-23 03:48:41,3742,32,4.5298,3774,2,1,6,1038,1,86377.0,97,60.2215,520
4141,7be26cf3f507eef961572c8628abf6152f4c9cd2,0,1,0,2007-08-23 08:06:56,106,23,1.5651,129,5,4,6,20,7,42814.1088,0,247.6041,5990
4144,6e89c4de5656dd45c37e240d7a0231ca59ab482c,0,1,0,2007-08-23 10:42:37,8,3297,0.0077,3305,1,19,1,5,6,53821.0715,1084,317.1697,8087
4129,33b2f1bd0a90bb7ff353b33146b64e2fd4670aab,0,0,0,2007-08-24 06:36:17,26,3297,4.5298,3323,2,1,1,1038,3,37.0808,76,60.6667,486
4140,5c794e87199e1eb3190df44c166c3df0392d2a64,0,1,0,2007-08-24 09:39:38,386,198,2.8152,584,10,3,1,1038,3,24062.1195,114,53.8178,579
4131,67ceedcb1e0f151fe9267de6e151a39318f668c3,0,0,0,2007-08-24 10:48:30,32,63,1.2393,95,4,2,1,19,5,15002.8991,67,70.1706,535
4142,6d4643fc44a0f23f7a6ecc727aa073f04a0aadf8,0,0,0,2007-08-25 01:03:45,45,3297,0.0427,3342,60,1,6,14,5,51378.7718,50,49.3556,226
4146,c6ebc5379734ac8008eccfe9e72e2dcbb2481ef6,0,0,0,2007-08-25 01:04:45,25,3297,4.5298,3322,3,2,6,28,15,42477.4356,70,68.3321,261
4149,7d53e89026cf241abd9fbecaca558d976017e03e,0,0,0,2007-08-25 01:26:57,85,3297,4.5298,3382,1,19,6,1038,1,54085.5536,105,58.8021,519
4145,150e89044c3191dea6b4553e64431ec15516a2e6,0,0,0,2007-08-26 05:31:22,3742,73,0.0941,3815,60,19,6,147,22,36619.7526,0,250.7092,6323
4148,5bb50bae7eac70ab1d9faeaa5bf55676bdc5dcdb,0,0,0,2007-08-26 11:50:12,52,3297,4.5298,3349,60,1,6,1038,60,41837.9548,0,238.3377,6292
4147,eb68bdf6884e8924855e9ae6ce5b50138b015cc8,0,0,0,2007-08-27 01:58:02,3742,32,4.5298,3774,1,19,1,16,0,1614.6217,83,23.3784,2044
4152,0cc659adf4bb182a38b8d407e03ef07bdbf50921,0,0,0,2007-08-27 03:44:20,3742,3297,4.5298,7039,2,1,6,11,1,5847.4971,93,24.3662,2076
4153,ecdd9486d57b67d63f50cb022dbc194fefb51a8b,0,0,0,2007-08-27 13:49:36,59,387,0.0667,446,2,19,6,27,26,31218.8838,193,69.2533,12545
4157,b81124641e7451d78367607a2634a4bf1bfc0370,0,0,0,2007-08-27 14:09:46,3742,15,0.0271,3757,1,19,1,16,8,29791.303,218,56.7788,2096
4159,12f7a14bf0a3dbb45a04971022eb37aa297fd29e,0,0,0,2007-08-27 14:20:17,70,3297,4.5298,3367,60,1,6,2,7,1931.1966,246,54.2651,2112
4158,1b8fe0ec2132b916760148014967003cb6ed2c8d,0,0,0,2007-08-28 00:16:36,42,3297,0.0297,3339,60,19,6,10,3,16629.1159,74,67.4068,566
4161,603ea187fe5fac883b1200c5b9102b887e841b3e,0,0,0,2007-08-28 00:18:00,3742,3297,0.0305,7039,2,19,1,20,1,83170.4133,73,67.7862,324
4166,2130ffe5da932dc2df6c0fb3376d4807313a03ac,0,0,0,2007-08-28 07:05:25,27,30,1.0339,57,2,2,1,22,2,14058.4792,97,68.6237,268
4155,90c353cd2c645480f157af24448fbdadfd44bcad,0,0,0,2007-08-28 07:06:19,3742,33,0.0216,3775,1,1,1,4,1,86377.0,74,67.9987,476
4173,f9fb43f6e4569f7b3d7085834e0c0838f7a8abde,0,0,0,2007-08-28 16:00:37,9,37,4.5298,46,60,1,1,26,18,25941.3687,1099,312.1847,8021
4174,6e114625c0ee3ef4d1c71b3e02d484d7e84c58a5,0,0,0,2007-08-28 16:08:37,3742,33,0.0482,3775,2,19,6,30,16,1411.9309,1065,313.5277,8222
4154,de7d20a9d32032d1b951db1f565eeff5592aaed4,0,0,0,2007-08-29 01:40:35,158,3297,4.5298,3455,2,1,1,17,1,4910.9219,120,38.6445,1711
4171,68543f11927b19aff21e859eb9fe59168192bbbe,0,0,0,2007-08-29 09:31:55,47,3297,0.9639,3344,2,2,6,25,2,7988.939,96,68.4443,259
4151,f5545c75d562a24b4bd0de1bd779669124bd9035,0,0,0,2007-08-30 03:33:26,3742,3297,0.0272,7039,60,19,6,35,11,78075.2338,74,59.6469,308
4167,e60f566795ab57ed639cd75643cc37600f52c069,0,0,0,2007-08-30 03:33:48,39,27,0.0565,66,60,19,1,37,16,76334.4153,66,68.7213,521
4177,b4b0dec957421fb76361bd6ad9888f720ffd0fb6,0,0,0,2007-08-30 03:45:04,3742,3297,4.5298,7039,2,19,6,15,1,18952.0151,106,67.6188,275
4156,662ce8fb526d1c7fb7ce0e485e7fefc788df877e,0,0,0,2007-08-30 03:45:34,3742,34,4.5298,3776,2,19,6,18,2,19341.4844,107,67.5074,264
4170,867b6efc032a43a0b2e362e57d0734078ebddb1e,0,0,0,2007-08-30 03:47:16,27,21,4.5298,48,60,1,6,17,1,726.7685,94,58.901,287
4178,0bf607378d0b58ea8bc210020f2394e4b4fa0d9e,0,0,0,2007-08-30 04:31:56,93,62,0.9469,155,1,2,2,21,12,22703.6543,105,58.7996,600
4180,fa758bd3af8b288a43a083b8d6fa33d3f947307b,0,0,0,2007-08-30 12:18:03,3742,3297,4.5298,7039,60,19,6,18,9,78493.7794,1086,320.8557,8021
4168,5c6bfa3c5f205fb2ab45794b0164674896f502eb,0,1,0,2007-08-31 13:27:25,48,3297,0.6867,3345,2,2,6,67,20,36237.22,3,6.0568,4
4176,ddcf27daef03bb9e9e4eed8eb0e1b20fd8c9e67d,0,0,0,2007-09-02 07:10:40,52,11,0.0336,63,1,19,1,2,5,64527.7382,1450,245.7218,6216
4183,9c49db39eb277327f417a58702997b4ee96944bb,0,0,0,2007-09-02 19:12:58,55,32,4.5298,87,60,19,6,45,18,14475.4178,102,57.9893,570
4184,c4080c4b1881a843ab2f919163f275719e088c17,0,0,0,2007-09-02 19:30:47,94,44,4.5298,138,60,19,6,29,16,85.0235,99,70.2715,488
4169,a22926209e8400d24bd4dd05e01eeb43c89ae7dd,0,0,0,2007-09-02 19:43:36,32,3297,4.5298,3329,60,19,6,23,16,212.6232,72,60.8206,285
4179,48001ab24be76dc3d3f2aa4bbb2bfee0a0eab330,0,0,0,2007-09-02 19:45:46,48,50,4.5298,98,60,19,6,1038,17,14464.0608,110,58.47,597
4185,71a593024006ff77fb4db3af6a6c64ad00e34b0c,0,0,0,2007-09-03 11:23:41,37,32,0.052,69,60,1,1,26,19,54705.0745,62,70.9012,622
4190,81fce84516488e7dce1a48c7c5d1f572994804b2,0,0,0,2007-09-03 12:05:27,3742,3297,0.0765,7039,60,2,6,36,22,32047.796,1433,233.6313,6339
4196,98a92e4df055acd1b98ff56a93984ba7d61b7230,0,1,0,2007-09-03 14:38:02,135,8,1.8574,143,5,3,6,26,12,43510.6281,12,15.1486,98
4192,72bea5b9f4704472601ae7fc155ad6a7cc1785a2,0,0,0,2007-09-04 09:27:36,3742,65,4.5298,3807,60,1,1,1038,3,542.9255,1436,250.687,6369
4191,f860adcf0a6e82affa4cc668273ab4ef8360228f,0,0,0,2007-09-04 20:58:51,11,10,0.0118,21,1,19,6,15,12,43469.6005,51,55.1469,194
4198,f3fdadb9df7b2f532550e612fa86f01b25b68c0c,0,0,0,2007-09-05 13:42:49,7,5,4.5298,12,60,19,6,11,8,4920.6983,56,52.7808,176
4200,b2601e69fedfb96e0060d78e8c511a21da3f5f1e,0,0,0,2007-09-05 19:25:38,127,3297,0.6946,3424,3,2,6,88,20,58209.4875,70,58.1731,79
4193,20b4070f83261f25c3f17ce7aaccb6259a33f7e9,0,0,0,2007-09-05 21:02:51,3742,29,0.9043,3771,1,19,6,102,17,19458.3074,1090,313.6029,7970
4203,30dae759eccabe88742cb36e5d970bdb868df3f2,0,0,0,2007-09-06 00:56:12,167,3297,4.5298,3464,60,2,6,274,51,69473.1604,1121,302.09,8540
4204,7fcf28b1cc90fe4281cd7e970d230c4679dac606,0,0,0,2007-09-06 00:59:36,53,3297,4.5298,3350,1,2,6,25,9,84391.1041,1090,312.9248,8034
4189,773d675e43769a9361620fca6abdafb368ed253d,0,0,0,2007-09-06 01:00:54,6,56,0.1217,62,4,3,1,51,17,38884.4164,1061,314.1576,7957
4201,412a6785f74e0db702610da6ca5bc91d0c3e9cc6,0,0,0,2007-09-06 14:32:30,83,3297,0.1128,3380,2,19,1,269,50,50057.1948,247,51.6501,875
4202,0c61e9f9d038554188a339ab0e99f1130ef92db1,0,0,0,2007-09-07 21:42:20,49,3297,1.445,3346,3,3,1,30,11,51280.4965,89,36.1802,1724
4187,9d8b95b81fd33dd4e16510c5f1cecb5485f1d6e5,0,0,0,2007-09-08 03:57:00,3742,81,4.5298,3823,60,1,6,17,1,2152.0448,0,235.4595,6411
4199,f73c4c3feca55df3bc86497174bdce88eab27063,0,0,0,2007-09-08 03:57:38,65,3297,4.5298,3362,60,19,1,19,1,21473.655,1436,235.8539,5984
4211,7d4883a8f7c64688fc94678e8047679229280b4a,0,1,0,2007-09-08 06:11:47,221,447,1.7481,668,9,6,6,125,27,30241.0481,1427,228.0738,6529
4212,9ddf9ca888d0799a0582380f5acab5c8aa045d88,0,0,0,2007-09-10 22:38:12,89,38,0.476,127,3,2,6,93,21,36026.4936,74,50.6057,23
4195,e8b760a70944b792e9bf10a0541718b559dec9cd,0,0,0,2007-09-11 04:27:06,3742,34,1.0362,3776,1,2,1,92,20,21547.5505,232,54.5865,2153
4206,4cdb0a263e3acc809df3e6efa2c9b00699b00131,0,0,0,2007-09-11 14:50:55,53,3297,4.5298,3350,4,3,6,54,16,44497.6225,1057,312.1882,8224
4213,ae62acd174f623cee85a40a97498cf7fe4124693,0,1,0,2007-09-11 15:31:28,57,3297,1.024,3354,2,2,6,6,9,49900.5988,1073,320.2174,8070
4175,446e5b34f6406765f3b181838ff872ad92129d5f,0,0,0,2007-09-11 16:31:34,22,25,0.0445,47,1,19,6,15,6,85113.8329,1097,312.0198,8252
4205,f7d53e73026a754a224f4d571af522ffd4a02454,0,0,0,2007-09-11 17:13:56,89,3297,1.5611,3386,5,3,1,22,9,23955.2655,1061,321.6867,8031
4214,6ef9f42932147838399319aab65991e1f3aa49aa,0,0,0,2007-09-11 18:02:52,0,46,0.5647,46,1,2,6,121,22,58448.9699,1091,313.2,8243
4216,da3e3b25e89420afef89ffaf59548caef745bf89,0,0,0,2007-09-11 19:10:41,105,61,0.9295,166,3,2,6,30,11,78693.6998,119,38.8623,1770
4208,046a4544e315f05a4f0a60df99a7530637d0bb74,0,0,0,2007-09-11 19:42:14,6,29,0.5994,35,2,2,1,12,4,40230.1141,88,25.6978,1740
4217,08150a8b832496655874a80562fcd707dee98dfd,0,0,0,2007-09-12 22:41:10,3742,42,0.0854,3784,2,1,6,62,20,67650.9959,31,17.4562,12545
4223,846e7032bf22cf2bdf2ee65d1935844ff37f75fd,0,0,0,2007-09-13 11:20:55,3742,3297,0.0183,7039,3,19,6,1,10,20088.5514,1070,313.9359,8075
4228,3335ba046e793bcf2fb2d37ed91a995e91b1f5b7,0,0,0,2007-09-13 17:58:02,3742,24,0.0394,3766,60,19,6,1038,2,71728.1709,1063,314.7186,8019
4219,2ab1cc5346ae5616591664f9ab9155cb4ec8bfcf,0,1,0,2007-09-13 19:38:08,58,3297,0.2886,3355,4,1,6,1038,10,24080.2775,1068,314.337,8215
4224,c3c81179c48121a480f8318cd533bdb11c64e312,0,0,0,2007-09-13 21:09:52,17,11,4.5298,28,60,19,6,9,9,5141.8669,1086,316.3407,8169
4231,c77c55bdefdac5296214c354ef3b912043be2aae,0,0,0,2007-09-13 21:10:38,3742,3297,4.5298,7039,1,19,6,21,8,21659.8226,1086,315.8061,8206
4237,888b04c980d8fc4704b7a201a27eb2f49768e73f,0,0,0,2007-09-14 16:40:16,102,3297,0.819,3399,1,2,6,267,50,18396.6153,1455,2.6858,175
4225,c02faefdb2ab51308cc5b08557da0c9da104b278,0,0,0,2007-09-14 19:50:44,60,52,0.8573,112,3,2,1,24,7,37809.1547,1091,314.6095,7975
4222,213e36a39779aaf0a80586567cebeb91de2b6e56,0,0,0,2007-09-15 19:25:06,45,3297,0.6314,3342,1,2,6,90,21,78674.9013,1068,323.4437,7989
4232,f29dc2fa71e5cd56494bea0c658492464761f383,0,0,0,2007-09-17 20:01:21,120,63,0.1418,183,60,1,6,230,47,34716.0566,1046,299.17,8350
4234,9866d61ec44e58e929c9bddb1793d67f14d6152e,0,0,0,2007-09-18 10:42:54,3742,30,0.9454,3772,3,2,1,89,21,72955.3252,0,240.4726,6259
4243,caea23302e1851081d5bce67739344d3290e8720,0,0,0,2007-09-18 12:06:29,100,3297,4.5298,3397,60,2,6,219,51,55190.0659,0,225.9073,5796
4240,3a63649f8be74285f2acfa50000617ae3fd360e9,0,0,0,2007-09-19 15:10:52,32,3297,0.042,3329,60,19,6,18,11,3.0,68,56.382,243
4229,281e1cd03cdd10e43b9e4b283dad963c698f3909,0,0,0,2007-09-19 17:15:30,3742,3297,1.5678,7039,5,1,1,7,3,39621.0103,1089,319.7374,8185
4236,cfcd223960af6cbb003b1d803a1003536eb0b13b,0,0,0,2007-09-20 14:17:24,37,19,0.9135,56,2,2,1,10,7,82864.1937,2,6.958,17
4242,7a6e1bc56a16cade47a82af7078d899623c3a1e8,0,0,0,2007-09-20 19:51:05,3742,247,0.0457,3989,60,19,6,15,5,68672.7433,1067,314.5727,7993
4233,a0a2310ed94b18cbdef26ef740b6d15e81425684,0,0,0,2007-09-21 00:58:38,225,3297,0.7701,3522,1,2,1,16,0,4605.5455,2,5.3564,12545
4241,acc97950a3038d608048f21fb36b59f9e1a28e03,0,0,0,2007-09-22 04:35:27,37,129,0.7651,166,1,2,6,13,5,14044.7274,122,38.4099,1971
4247,c2ff883430c1188459366ee804af4455731c2b0c,0,1,0,2007-09-22 11:28:47,50,3297,0.3185,3347,2,2,1,1038,7,59902.1368,0,241.8898,6203
4235,3c4845df3e12bc28627a7537373ebecc8c34b42e,0,0,0,2007-09-24 22:01:46,3742,3297,0.0304,7039,60,19,6,9,4,63180.5655,13,4.8533,140
4244,2b09801e74cb7cf2c737371de76146f6310b244a,0,0,0,2007-09-25 22:08:45,26,3297,4.5298,3323,1,19,6,7,12,24737.049,47,49.7149,85
4251,07b44301b70319ab3936b420702755785a03ff46,0,0,0,2007-09-25 23:13:47,3742,73,0.1268,3815,60,19,6,209,50,80531.3103,4,70.4637,12545
4253,449bb5c250106260b9ef778b3624cec067534a7d,0,0,0,2007-09-26 13:08:26,49,31,0.6004,80,1,2,6,56,20,31119.058,207,51.238,1821
4221,1b7bc8226bb64784bb081974f12580696d994297,0,0,0,2007-09-26 13:23:25,3742,37,1.3104,3779,4,2,1,90,23,24946.0579,202,53.9445,2126
4257,38f5e513710960a6092d50b54895dea81e302470,0,1,0,2007-09-26 23:08:09,211,290,1.199,501,6,3,6,75,22,42647.4911,0,233.7847,5999
4246,dd16e89395139397ae24b8bda58351fb4c60704d,0,0,0,2007-09-27 01:15:55,21,1,0.9314,22,2,2,1,1,7,8193.5859,1447,241.3242,6062
4260,92fa68c011b92078f252a40373ced0bb87319fd1,0,0,0,2007-09-27 05:42:04,3742,62,4.5298,3804,2,19,6,1038,8,2112.1263,1436,235.9388,6024
4245,14936fff96b675b17547e5d01d08a7bf30c3c83a,0,0,0,2007-09-27 09:07:12,3742,3297,0.0327,7039,2,19,1,1038,7,13183.4551,1444,239.6137,6330
4254,72a0e90be6b8128905436440b17f5a7824a56e90,0,0,0,2007-09-27 20:52:58,52,3297,4.5298,3349,1,19,1,1038,6,3700.7429,205,53.2401,2185
4259,ee15cbdc834e6dfeece50ae3a329ff4a9c7380ce,0,0,0,2007-09-27 22:17:53,193,49,0.74,242,1,2,1,8,11,48128.4474,128,38.0629,1719
4263,7830367ad57aab4054a511b4fd2da5d8c1594bce,0,0,0,2007-09-28 17:05:27,8,3297,0.8491,3305,2,2,6,60,11,59851.5098,1070,322.6679,8018
4250,c26bb1b82e81d919256993e6cc552a506012dd5d,0,0,0,2007-09-28 22:09:41,53,28,4.5298,81,60,19,1,14,6,85018.8702,0,236.4534,6350
4256,a7d8b465c18ec2d669b36d46514d82192583cccd,0,0,0,2007-09-29 07:41:12,43,3297,0.4619,3340,2,2,1,4,10,24700.4205,1443,247.6344,6268
4265,f7401ec32415d45e7c0e8697ff29e7761315e08a,0,0,0,2007-09-29 07:57:32,26,17,4.5298,43,1,1,6,14,12,9754.5433,1069,321.7928,8193
4261,6a28ca79b33afd72801d9bf9141539fcf0dac67b,0,0,0,2007-10-01 08:00:56,33,3297,0.0591,3330,1,19,1,9,6,36570.1783,104,67.6163,548
4267,e56441ee08d91296ec1449b7daa399f5bc12ca56,0,0,0,2007-10-01 16:05:52,74,59,0.1715,133,2,2,1,12,12,45046.7558,120,35.1078,2104
4266,fb05c014bd4b2ef444005af27a9c2be1c9a2aeb7,0,0,0,2007-10-04 19:29:45,3742,3297,0.0487,7039,2,1,1,69,17,54607.1615,246,66.6337,1878
4279,af82f25d9624dfda822613f1748c81a867de5e73,0,0,0,2007-10-05 11:25:15,3742,49,4.5298,3791,2,19,6,12,4,83335.6369,236,54.3951,2110
4264,ed823bd58d2b9fd49d493fbf2f45f4505cd1bf3f,0,0,0,2007-10-05 21:16:07,151,53,0.1888,204,1,2,1,233,48,59521.2096,39,30.0106,336
4270,ccedbe192519a82b7336882194dcfe3f554d1b2a,0,0,0,2007-10-06 02:36:32,34,3297,0.5547,3331,2,19,6,1038,9,21474.2253,73,66.9771,316
4278,c4cf0ba6269fe07ec3a43b31b3ecdf8ab4916110,0,0,0,2007-10-06 11:35:56,23,28,4.5298,51,2,19,6,14,12,12349.9552,290,55.6509,521
4248,8dac17df3bdd6a9f10e59459695813ca602d68f4,0,0,0,2007-10-06 20:27:41,3742,3297,4.5298,7039,2,2,6,31,10,54511.1621,33,24.1438,12545
4272,5eab90b91ce9548b537dd1651cc5e6d3497a34f8,0,0,0,2007-10-06 23:55:39,83,172,4.5298,255,2,19,1,31,10,11888.6737,0,250.978,6250
4268,043d76b1cdd6f4c33548b85fa33baffd08f4aecd,0,1,0,2007-10-07 05:21:40,292,283,1.9639,575,10,3,1,12,8,31656.5177,69,55.823,612
4282,4cbad60140e80674a5aff61ef54d4429ecd37e0a,0,0,0,2007-10-07 05:31:24,21,3297,0.0279,3318,60,1,1,1038,3,1006.8235,94,60.5062,463
4258,544d4b54e3a53ea528f228fc56be812ebd78802a,0,0,0,2007-10-07 07:33:06,110,3297,0.829,3407,2,2,1,22,4,15309.2461,102,61.1709,307
4284,e7f58d99f20c7396b37b3f87a97b977a5ad87fbc,0,1,0,2007-10-07 12:20:16,45,47,0.9007,92,2,2,1,1038,7,42951.0063,1444,245.8741,6052
4280,54ce2365c8538556e643d76906d24aa2fd21fb8b,0,0,0,2007-10-08 07:20:17,87,3297,0.0671,3384,2,19,1,82,22,68350.9066,208,53.173,2158
4286,7ddf8fec87df15b756f71335290e8b9534c73cbe,0,0,0,2007-10-08 09:14:15,112,915,4.5298,1027,3,19,1,1038,24,56260.6786,1397,270.1231,12545
4287,185eccc45f9e6810a8f1f412b05f884470f47b4e,0,0,0,2007-10-08 10:18:26,42,3297,0.0489,3339,60,19,6,1038,5,14367.0505,66,49.5563,271
4288,dcb00b785dea154bf8c4b011d65de2e61f6f96bc,0,0,0,2007-10-09 11:49:57,3742,31,1.0131,3773,1,2,1,24,10,31061.5259,211,65.2727,1887
4290,8addfeca2f9f4e7c03061b792dc8d1bfa63d5062,0,0,0,2007-10-09 12:41:04,3742,66,4.5298,3808,60,19,6,1038,3,16424.7307,1438,253.9173,6340
4289,06cd0384d460b40a691c274519800a6990f4ac7b,0,0,0,2007-10-09 16:22:41,3742,59,0.0848,3801,60,1,1,1038,1,60100.6212,209,52.0743,1778
4292,a709dc2fc0ca4478d932355787736a64f2e0f5a2,0,0,0,2007-10-09 23:13:57,3742,3297,1.329,7039,3,2,1,114,25,31466.7865,1450,245.6951,6255
4281,621131bb49dad96cbb98fed83bdb5badc56e9769,0,1,0,2007-10-10 00:14:09,41,32,0.8467,73,3,2,6,38,22,42594.207,1442,248.1257,6338
4291,058083780827750a397b7eb5bf33196e7049dafb,0,0,0,2007-10-10 10:46:10,104,25,0.9879,129,1,2,6,13,0,37958.4907,0,246.5612,6228
4298,a29048d066f1a9b4d6d42c619937b4ab65b92b7d,0,1,0,2007-10-10 20:56:37,452,3297,2.2096,3749,8,7,6,235,29,61200.3369,1051,334.5708,8564
4300,c1276faa92c6418e15385a1c47ed2b3d0a9ca84d,0,0,0,2007-10-11 12:44:58,192,2,0.0762,194,60,1,1,28,2,4697.6657,0,254.2521,6281
4302,62d23ed5d88e911bc5358acadca23b3a8dcc4342,0,1,0,2007-10-11 18:11:03,144,41,1.0854,185,4,3,1,145,20,66364.3149,1067,322.8673,7979
4306,71dcef447583ab87094ecd3cd97b823d5238f20b,0,1,0,2007-10-11 23:58:43,4,18,0.9231,22,2,2,6,31,14,47195.7996,1086,314.503,8191
4295,cc1a71c0edd3b7d4b6b23debe02df7f6f9dc8fa1,0,1,0,2007-10-12 00:46:23,27,22,0.0141,49,60,19,1,14,6,2658.8184,1085,317.0316,8149
4299,4ef6c11f98d04a383ba9dc3899781f1aeec8e549,0,0,0,2007-10-12 07:25:46,3742,3297,0.0514,7039,2,1,6,21,9,57155.4397,45,57.8549,5
4305,e347ad1d525b54166c72b758645910ef3b56c1eb,0,0,0,2007-10-12 14:01:28,3742,3297,4.5298,7039,60,19,1,11,3,12933.7673,119,51.7707,928
4308,dce0b176c44930378c17386134db84aa22600ea3,0,0,0,2007-10-12 16:20:57,49,45,0.0342,94,1,19,1,13,12,16344.3476,1455,8.5778,132
4294,63f1fd80b4bebf99873c99e9c38a206673a2b405,0,1,0,2007-10-12 17:43:40,94,31,0.9628,125,3,3,6,84,21,29401.2777,1092,320.2561,8022
4309,7c59d0bee58684bb5d6cd394cc19b9526092ccc5,0,0,0,2007-10-13 00:14:57,3742,3297,1.6131,7039,5,2,1,22,3,33344.7076,0,250.978,5912
4311,cfde903d91e6d5a6e48a30127fc26d298a6b181b,0,0,0,2007-10-13 00:15:32,67,3297,0.0395,3364,60,1,6,16,3,36336.8748,1440,249.2611,6033
4297,a7afc22dc0896576ae960c44615e5e9da9447761,0,0,0,2007-10-13 16:45:11,3742,52,0.0544,3794,60,19,6,117,22,28512.4135,242,51.9283,2209
4303,e5ef353c24155668dc4f54178bf512495c333101,0,1,0,2007-10-13 21:35:40,58,3297,0.8176,3355,2,2,6,52,15,34786.7056,1072,320.551,8182
4312,fb1df6b1910f4d0390a734f92cf0e8954e6b699e,0,0,0,2007-10-14 01:37:20,103,86,0.9161,189,1,1,6,1038,5,28782.2791,0,236.4184,6002
4316,7fccbed079447b8e6c8c495c215c07029ca3dc7a,0,0,0,2007-10-14 04:23:55,34,3297,4.5298,3331,60,19,6,4,6,83968.7708,1440,247.239,5947
4314,98e346e8ced09072ecd046010c34d8737900b7d9,0,0,0,2007-10-15 03:03:38,66,61,0.778,127,3,2,6,280,50,17436.6269,0,237.0319,5965
4307,5d82019da7d6249083a854e72755a015959438b5,0,0,0,2007-10-18 05:05:00,37,3297,4.5298,3334,1,19,6,1038,7,71126.2011,41,3.319,157
4320,1b6332586a5ada51a9f9b54386362c1706978a07,0,0,0,2007-10-20 11:21:56,60,40,0.0474,100,60,19,1,44,9,51027.1938,1444,248.0127,5991
4310,967e4024b751960a9d36f1f3c9a29e8987bc0611,0,0,0,2007-10-21 03:30:06,54,3297,0.9743,3351,2,2,6,15,11,54646.6946,100,24.9536,1958
4328,b7fd4236d14f54e0ba5f9e3ea8a305f6dd9257f6,0,0,0,2007-10-24 05:16:46,3742,3297,0.4678,7039,1,2,1,60,20,11162.8263,0,237.5918,6288
4324,d5c7e6b8d25b1182715f6d0b9d5629334e37f6f6,0,0,0,2007-10-26 04:22:36,3742,3297,4.5298,7039,60,19,6,1038,60,16890.3664,10,13.1279,12545
4317,2cdb6de0d96f4b7ca0b905537c6a6f5580423163,0,0,0,2007-10-26 07:45:11,90,96,0.0453,186,60,1,6,1038,4,42240.8377,0,240.9114,6047
4322,5e629a69c210ec994f8ddd16fba76b54ffd41203,0,1,0,2007-10-26 08:16:25,35,40,0.5541,75,2,2,6,26,10,38493.1427,1445,240.74,6108
4325,2ba882d97c5dbca9f8db1b3749b0db34d86a984e,0,1,0,2007-10-26 09:29:11,39,1,0.982,40,2,2,1,5,4,67678.262,102,49.7646,781
4323,a7ca194fb371071bfbd27adc2ef15fee2d90f3b1,0,0,0,2007-10-26 15:02:22,65,3297,0.9687,3362,2,2,1,22,6,61006.2865,1064,321.4266,8028
4336,25a0b5f2fabdd0b997d83152411f01c93fd0bda9,0,0,0,2007-10-26 15:08:06,3742,68,1.0066,3810,3,2,1,286,48,59800.7275,1114,304.0496,8424
4319,f4048251535b857a4cf1e759630cbc6f40789cc7,0,0,0,2007-10-27 14:59:46,148,3297,1.4262,3445,4,19,1,11,12,19743.5135,1435,251.2626,6242
4333,aa4267e75016e93f22081952f4dda5791f0eb616,0,0,0,2007-10-27 22:54:54,80,3297,0.3413,3377,60,2,6,261,51,38992.9431,1058,310.5044,8293
4335,91188c4be78e7e775a79de3f94bfc099284191cb,0,0,0,2007-10-28 01:12:35,57,15,0.7378,72,3,3,1,88,18,28000.4793,1445,240.7228,6241
4337,92214e01b69972c76174b05b3c86a63ba25b6a99,0,1,0,2007-10-28 09:57:12,67,3297,0.0119,3364,1,19,1,17,4,70490.6577,1450,245.1802,6117
4340,ffb945367cb893d246c4716040adf7984551db17,0,0,0,2007-10-28 18:22:27,3742,35,1.3838,3777,4,2,1,146,20,52523.634,1064,313.5886,7994
4329,cffe1cbed98aedb48d1d2673246baa88ff0fb0bf,0,0,0,2007-10-30 01:00:12,3742,48,4.5298,3790,2,19,1,1038,3,74890.0367,13,12.4763,12545
4345,d50bb2346128af180f8247c12da311f3cf26e14e,0,0,0,2007-10-31 10:41:48,9,31,0.5714,40,1,2,6,23,5,16082.8394,0,247.7893,6340
4352,243c52b140cf8adc9656c641a66d5808a4ccd49b,0,0,0,2007-10-31 11:16:29,73,42,4.5298,115,60,19,6,37,9,84807.9564,1428,251.8513,5929
4332,83629dc16c88975c082249f71d8c566b9cac4ee8,0,1,0,2007-11-01 08:31:10,645,342,1.0949,987,8,3,6,131,25,60388.4911,249,46.4426,1865
4348,2a138098cd8b4f17d77e85747d780fd0de38173f,0,0,0,2007-11-02 07:36:43,85,3297,4.5298,3382,2,1,6,25,4,7439.9902,0,254.8277,6355
4350,39cafd6fb895372a721e53572cbd7de153673813,0,0,0,2007-11-02 08:51:25,76,13,0.0381,89,60,1,1,20,6,2262.7544,202,62.8777,1881
4334,bdaeb800effbfc845dac0d847cbda4e3e7386ee5,0,0,0,2007-11-02 09:31:00,3742,36,0.0978,3778,2,1,1,1038,4,5651.3366,0,235.1973,6032
4346,4c5029be3df3c24554209d649f3b7a1bc876ff4b,0,0,0,2007-11-02 09:36:45,83,65,4.5298,148,2,1,6,1038,6,1603.7482,0,250.0997,5986
4353,92cd5d12f42c88b1d80044ad2c8cccb1a2622c41,0,0,0,2007-11-02 09:47:11,3742,3297,0.0657,7039,2,1,6,1038,6,1499.9072,1427,237.8229,6303
4357,4404db8aeefd044a3d4547b848e2d7c12ebdeff6,0,1,0,2007-11-02 14:10:00,0,3297,0.0103,3297,1,19,1,1038,3,31832.2453,1077,317.1818,8135
4339,aa930207069324964b6653336f3583c5d17ece52,0,0,0,2007-11-02 14:27:42,3742,3297,0.0423,7039,60,1,1,144,20,71506.7746,1091,322.2532,8022
4349,d825e206eb0c6b5e5b430b6f393bb16663c9e678,0,0,0,2007-11-02 15:11:34,10,3297,0.0168,3307,1,1,1,50,10,13882.9267,1075,319.482,8068
4354,efe311214367bc2fbcb708468f20b65249eb853e,0,0,0,2007-11-03 12:12:32,3742,40,0.0285,3782,60,1,1,1038,6,9895.3005,207,64.6248,1919
4360,71677ec60be4f581f583ab3a35cc468a8a7a195b,0,0,0,2007-11-04 13:46:06,46,24,1.2365,70,4,3,1,37,8,32044.4451,1068,312.5597,8001
4358,1f3c65c64d27e21f727d321517a49059a04e4aaa,0,0,0,2007-11-06 18:23:00,4,41,0.0309,45,60,1,1,16,1,20239.8732,37,6.0129,201
4362,cc2258506435f06f6b155b623d1cbe2f5aa46f1f,0,0,0,2007-11-08 04:53:20,65,3297,4.5298,3362,60,19,6,120,22,29922.3465,198,66.8427,2142
4331,c0eb547fc02a7f3fed8abd830fd030eb8f6c1283,0,0,0,2007-11-08 11:49:20,156,3297,0.0624,3453,2,1,1,1038,6,9115.6889,0,250.2346,6345
4364,bf9407cefa62c2c29efc2e9b73b691da55197546,0,0,0,2007-11-08 12:45:25,3742,3297,1.0743,7039,60,2,6,292,50,46940.0537,0,253.5079,5958
4369,d65eb99cf44a8c43a0cb40a40db81905b338af8e,0,0,0,2007-11-08 12:57:35,48,3297,0.8603,3345,1,2,1,264,48,43187.3826,0,237.2481,6321
4367,ce7aa9ad2cea0df2c005fc0b5dcbe2d3d834048c,0,0,0,2007-11-08 13:51:14,59,3297,1.7964,3356,4,2,1,21,10,43628.7838,20,12.1496,23
4359,d0e7e8b489695266908392fee018c3b9bc93561e,0,0,0,2007-11-08 15:25:42,3742,8,0.0143,3750,1,1,1,13,9,5481.4965,8,6.4826,48
4365,d0fe26c417d2782d86b22e96be3e0535db9736f0,0,0,0,2007-11-08 19:49:10,40,3297,4.5298,3337,2,19,6,37,16,55814.3367,8,13.1634,209
4370,8507ef5c509b9f7cb4a6e4bc384174f2e634a2e0,0,0,0,2007-11-13 17:32:29,3742,39,0.0566,3781,2,19,6,24,9,72498.9455,237,56.0493,1950
4373,634a569079901cd90eda4157bd66520833f843d3,0,0,0,2007-11-13 17:56:44,3,3297,0.0015,3300,60,1,6,19,7,21286.9701,282,59.4023,606
4355,ffb26b48af193d3e6600a1480e7006e461790361,0,1,0,2007-11-13 19:51:42,19,3297,0.9043,3316,1,2,1,14,9,20219.5077,208,55.4065,2158
4371,77791cd17d917aaf212e605ca4d17adac6b76b20,0,0,0,2007-11-13 21:16:52,15,21,1.0476,36,2,3,6,47,14,44359.1604,229,63.1772,2149
4377,a71f35b3ed502d66967c477b3a2676055ff2ec64,0,0,0,2007-11-13 21:47:37,3742,35,0.4624,3777,1,2,1,65,13,7882.4572,238,65.2374,1908
4351,b5f3ddc979554adc835f167db35bfd5befa16ec5,0,1,0,2007-11-14 12:23:30,43,7,0.9988,50,2,2,6,88,18,64834.3185,1449,241.1177,6088
4372,a94c344ab5d6c795dbb81887b9576b31274142dc,0,1,0,2007-11-14 13:55:25,93,29,1.233,122,3,2,1,63,9,52263.4291,215,55.7325,1907
4378,db366eb024d00441c2b3a582e55af65c70bfd58d,0,0,0,2007-11-14 18:16:42,52,35,0.0598,87,2,19,1,66,11,16293.1976,211,54.1955,1901
4330,f85c3ff1a0e65219f27e25cfd9f2551646dc0074,0,0,0,2007-11-14 19:46:36,3742,50,4.5298,3792,60,1,6,290,50,30700.7458,246,70.5251,312
4374,0bc29cf3986090cdd078e07993f6f84b192fb52c,0,0,0,2007-11-15 13:54:57,42,16,0.7855,58,2,2,1,12,5,54616.1267,1071,314.237,8035
4381,bb933c5d480d92f17ced210454297d14965cc688,0,0,0,2007-11-15 14:08:55,3742,26,0.9007,3768,2,2,6,25,10,40369.3753,1090,322.7492,8038
4382,1f1bd18da2d5d93198cd9ae5bbf030943a69fd17,0,0,0,2007-11-15 20:17:45,105,27,1.1409,132,3,3,1,16,7,47130.8812,1074,315.9284,8052
4375,073020c3dc91813bea23abcb1897164b7e321aa9,0,0,0,2007-11-16 00:13:26,3742,42,0.0387,3784,2,1,6,93,17,41368.2896,1096,324.2384,8243
4385,4af73976f9669a95c4e6cc266cf74a70b59d090e,0,0,0,2007-11-16 07:53:13,58,31,0.9817,89,2,2,6,12,8,34707.8661,1448,240.064,6215
4384,fc919c637394f1c8f295c5b9fd05b584273a3c88,0,0,0,2007-11-16 13:50:55,37,3297,4.5298,3334,60,19,6,16,6,64054.4657,1092,315.4216,8224
4363,b978bec06a34de3d417ffc3499767bcd21ff7059,0,0,0,2007-11-16 14:10:57,58,3297,0.9707,3355,2,2,1,19,10,20537.3358,0,240.5325,6079
4390,02857c09edd833afab9e241689f922b1959fc3a8,0,0,0,2007-11-17 10:35:32,3742,3297,0.0301,7039,2,19,1,17,6,75380.1838,216,55.8313,2153
4376,23df4399277354bcbb5ab91677249cf6fb4021c0,0,0,0,2007-11-17 11:54:15,3742,3297,4.5298,7039,2,19,6,19,5,3636.7057,208,65.5832,1888
4388,c930c6a60f8befba0ffb556c993f9ca95b86963c,0,0,0,2007-11-17 20:07:29,3742,140,1.1051,3882,3,1,1,323,47,80489.8173,1455,506.65,12545
4387,7ce00d136e466abe41f0458fdf044fa286234914,0,0,0,2007-11-17 21:25:47,13,22,0.0139,35,1,1,1,10,4,36003.1432,1074,315.9696,8158
4395,a5f4a95205e6eeffa45b69af250713c3499090e1,0,1,0,2007-11-18 03:14:44,38,23,1.3443,61,3,3,6,166,25,32870.5608,0,245.336,6111
4383,2d458e0a61e3e647e743e1e282c400ce86055573,0,0,0,2007-11-18 03:29:47,51,36,0.0415,87,2,19,6,18,2,53483.8218,0,246.6795,6267
4391,17ade06f30ce98532da91b713a952905233ac89f,0,0,0,2007-11-18 03:33:57,73,3297,4.5298,3370,2,1,1,18,3,86377.0,0,252.5921,5971
4398,113f4a353e108e24bb48be49acf4b58f34bb2956,0,0,0,2007-11-18 09:41:01,23,46,0.6636,69,2,2,1,13,5,83493.7864,1443,238.6014,6232
4394,0a246a002904697e8f70ab3b7cbd4388b978783b,0,0,0,2007-11-19 04:54:38,116,65,0.8015,181,60,2,6,295,50,29404.037,1455,20.0047,12545
4400,11e90a91db84efe296ae70b793aac7003e11913b,0,0,0,2007-11-19 05:13:02,3742,80,0.1379,3822,60,19,6,245,47,86377.0,1455,506.65,12545
4403,44cbd031a50154d1d14af71470c94a465823fd74,0,0,0,2007-11-19 05:14:25,3742,69,0.1382,3811,60,2,6,256,50,86377.0,1455,21.0703,12545
4393,b81ae2aa66fbc53fe93397e4f585709c28152142,0,0,0,2007-11-19 11:03:44,123,86,0.9673,209,1,2,6,291,48,22702.0205,0,252.1124,6278
4399,22cb44fa1a00063d4623eacea109db5b45af2751,0,0,0,2007-11-19 12:02:28,3742,16,1.0372,3758,2,2,6,15,6,9283.7233,1446,239.5738,6059
4402,c759adcb1f5b8e429169c5e471931e4cf6dee41c,0,1,0,2007-11-19 13:19:47,439,162,0.9143,601,3,4,6,70,23,28476.6836,1096,324.1033,7956
4389,5d6b367aa7f576e432ad55548b5dfabe30a69bf7,0,1,0,2007-11-20 00:49:16,91,22,0.1161,113,2,19,6,10,10,49082.3478,1074,316.1401,8157
4404,170bbb270b8435470a2c5147ab8b7941f76964a8,0,0,0,2007-11-20 09:13:17,161,3297,0.4064,3458,60,2,6,250,48,80410.8748,1414,223.1962,5711
4405,667cd7f3e3bfc24660f472242d3a0429974645bd,0,0,0,2007-11-20 09:46:08,3742,70,0.0619,3812,2,19,1,34,13,72475.1285,1442,237.3944,5958
4401,e4544b887da07a347bf50835b62c03741d75af24,0,0,0,2007-11-20 13:06:02,3742,66,0.5309,3808,2,3,1,31,20,46277.7709,1098,312.2981,7993
4406,b85342ab645e1abfb7aea0986f5a603863a14491,0,0,0,2007-11-20 23:52:13,41,3297,4.5298,3338,1,19,6,33,15,38182.1695,1092,324.1812,8010
4411,5177ffed80436c32bc83f9c515de02d955e5a7ee,0,0,0,2007-11-21 07:55:25,41,3297,0.0964,3338,60,19,1,15,5,7546.6935,0,238.419,6282
4413,dd9b3d812674c61274ae5b8eb3bdd8b2ec778b82,0,0,0,2007-11-21 11:41:42,3742,72,4.5298,3814,60,19,1,15,15,43777.8889,0,250.3168,6258
4396,afad57e238bdfa4e93a8684ba3e9dc12b0b68b7d,0,0,0,2007-11-21 20:09:05,73,36,4.5298,109,60,1,1,131,22,61794.5427,1097,308.8532,8246
4407,a49ba96a4e965707cabc5ef033d7726a86493266,0,0,0,2007-11-24 00:05:55,3742,39,4.5298,3781,60,19,1,21,10,39334.2066,1445,247.083,6274
4415,69cc6c6f5e736e0ff5df051fbe6a9e0f92b2759e,0,1,0,2007-11-25 11:50:44,3742,55,0.8762,3797,3,2,1,132,22,55522.0675,1432,249.1605,5976
4414,ab82caecfc06faa3d6be6c82c20bd2f186f6eea0,0,0,0,2007-11-26 14:30:52,86,103,0.897,189,2,2,6,28,12,44080.2528,204,52.9475,1923
4420,246aaae492af094410397e436ceeff03348b9c18,0,0,0,2007-11-26 18:04:34,3742,33,0.9993,3775,2,2,1,147,20,46549.9598,1069,313.5176,8023
4392,a8acecd8ef17b1c4a268b711149e690b00c7b4f6,0,0,0,2007-11-26 23:38:01,123,25,0.2025,148,2,19,1,13,4,66723.9256,1066,311.3977,8212
4416,d6e9a23d64ca8fa9444530f2c89f0e11fa8cc9a6,0,0,0,2007-11-27 04:44:45,3742,3297,4.5298,7039,60,19,1,11,18,31110.8535,6,14.6295,204
4417,5f7ad0b1bc8b0cc5057c7b85de0ba96bb5ede12e,0,0,0,2007-11-27 09:18:59,69,25,0.9764,94,1,2,6,7,2,33412.0451,209,53.671,2139
4422,3b2cf206789898a390dfbc6e1143b9c428bd75af,0,0,0,2007-11-27 09:59:53,61,68,4.5298,129,2,19,6,29,13,69463.6595,1443,247.2519,6314
4418,d9712659f9b1b40bb2b730e7a190f9290165e668,0,0,0,2007-11-27 11:39:36,3742,75,4.5298,3817,60,1,6,85,22,83923.667,205,47.3611,1888
4409,4cb2646520dc5edb2fa116eb7abc355d4ee917c4,0,0,0,2007-11-27 16:31:06,3742,32,4.5298,3774,2,19,1,108,13,3999.7425,1094,313.7721,8052
4423,e24f807b84a70082d101298ee108fba07ec2fa54,0,0,0,2007-11-28 11:59:10,107,29,0.7894,136,2,2,1,13,7,22326.3504,1087,315.0853,8233
4426,d74e99650070bc2deeb691f93f987e8681dfc7c2,0,0,0,2007-11-28 12:59:55,213,3297,4.5298,3510,3,2,1,328,47,86377.0,0,222.7464,6577
4429,7da8511cbc62481d597091f813e5684394d058e4,0,0,0,2007-11-29 13:12:29,3742,98,4.5298,3840,2,1,6,271,51,2430.3702,12,39.5972,376
4397,d80cb98fb65cf4bbee0cb403e3636c2ca6034048,0,0,0,2007-11-29 15:43:22,54,3297,0.0304,3351,1,1,1,35,17,40195.9293,48,49.8004,330
4427,cdcbafc40e18bda1d1f3638fe12f5422f57aaede,0,0,0,2007-11-30 01:12:57,74,17,0.2541,91,2,2,6,21,9,62629.8481,0,245.801,6109
4432,79323211561011026cb9ac46d4bf31c3c3c6f700,0,1,0,2007-11-30 11:41:31,139,105,0.5122,244,3,2,1,163,23,51309.0104,0,238.12,6057
4434,f0ad471786c47dadd1a940066f9876408e582817,0,1,0,2007-11-30 12:00:37,3742,3297,0.9933,7039,4,3,1,79,19,45875.7464,234,56.0786,2154
4430,314a877158ed362b4e5a8fd2cc6affa6931ba04b,0,0,0,2007-11-30 12:41:33,155,3297,0.7261,3452,1,2,1,311,49,47812.3509,1431,237.2242,6305
4437,033359d56bd617553e4bd94f46085a51ac57d03f,0,1,0,2007-11-30 14:14:09,57,21,0.8218,78,2,2,1,26,6,67130.2355,213,62.5631,2115
4419,18745713c060c3092c1c4ead424766139b642d7e,0,0,0,2007-11-30 21:34:59,3742,13,0.0178,3755,60,1,6,0,7,77363.771,27,16.8054,12545
4436,07cb9b353fc522d4bac798d6fa17fe191abed0e5,0,0,0,2007-12-01 03:54:54,182,3297,0.7263,3479,3,2,1,282,50,43304.6964,0,248.7874,5960
4440,7394f963773b52d3e12076c819c527709c99863b,0,0,0,2007-12-01 04:46:41,112,3297,1.0085,3409,3,2,1,314,48,45282.6588,0,251.1898,5959
4443,066e95304678ae9854a85cd10cb0b98752e60b78,0,0,0,2007-12-01 11:13:02,3742,25,0.2715,3767,3,2,6,101,20,73410.4165,0,248.5267,5988
4431,a344fe0b252fb56d927c8aa5d922523538bb3f11,0,0,0,2007-12-02 17:57:26,94,3297,0.9432,3391,1,2,6,1038,4,45977.2812,241,62.4217,2167
4439,0d48b6ef5b83808731e308eaaff5841fac4e1fe3,0,0,0,2007-12-02 19:39:37,25,30,0.9305,55,2,2,1,24,10,69904.931,215,55.3834,2118
4445,f7b6a1395689301bae2927e30885034e57fc3036,0,1,0,2007-12-03 12:33:35,3742,3297,4.5298,7039,60,1,6,8,9,71019.5251,1071,314.8617,8039
4428,d4351e509908463dbfd1e2c8b6b917a01e9829b5,0,0,0,2007-12-04 03:48:24,0,53,0.5214,53,3,1,6,15,0,14739.904,7,13.9365,12545
4441,c2a94abd0d5eff9bf9524ee2349a49bb3837e099,0,0,0,2007-12-04 19:58:09,28,3297,0.0378,3325,2,1,6,49,13,36529.7959,1070,310.4389,8206
4447,326fdcac324198cc75f10949d6c1cc3a5ca410ba,0,0,0,2007-12-06 11:30:26,121,62,0.1348,183,60,19,6,270,48,21613.7207,93,39.9766,12545
4450,60622a1b405ad6e6a3ae0a02abe8e620378ac970,0,1,0,2007-12-06 22:01:03,103,67,1.1202,170,3,3,1,110,22,40976.5566,1088,320.6095,8174
4455,e3754daaaa4fe1c754cf87c1fbae36c9adc5a420,0,0,0,2007-12-06 23:05:48,22,16,0.0204,38,1,19,6,8,4,6333.4141,1084,315.499,8160
4442,551fe746b0afb135ddc1b85cd3c3675c9f1d73f5,0,0,0,2007-12-07 10:30:13,377,135,0.0337,512,60,2,1,321,50,64326.9138,0,257.5908,5695
4444,2ac9ef99eb3aefe4f0f5eeade1da14fa0e0e8292,0,0,0,2007-12-07 10:53:47,0,27,4.5298,27,60,19,6,18,7,73817.2528,277,61.141,652
4449,ac18ce1544de0f6d22aa47849656a5102064f040,0,0,0,2007-12-07 11:16:50,3742,20,4.5298,3762,1,19,1,23,7,1947.5566,270,64.8599,714
4453,7f0886671db503607f28ac0d229f4619fb5e4481,0,1,0,2007-12-07 17:20:57,18,6,0.0023,24,60,1,1,18,7,21775.7575,282,59.9751,594
4446,d577e372b7e46dde3948e137db0e40dcd4e19f9f,0,0,0,2007-12-07 17:34:24,3742,3297,4.5298,7039,1,1,6,12,8,138.3819,292,54.4217,518
4448,8b73f313c51639b0a2c2538ad3d208efdba0dffe,0,0,0,2007-12-10 17:52:49,3742,45,0.048,3787,60,1,6,26,7,1789.262,267,64.9308,500
4457,48497020b9ba790936fc65e2643de27de6d17e5e,0,0,0,2007-12-14 07:06:58,35,3297,0.8726,3332,3,2,1,1038,1,79987.6932,242,63.7658,1844
4459,306a2582d3de4f742f5f79183983535db1eb9402,0,0,0,2007-12-14 08:13:20,1,44,1.0236,45,2,2,6,8,4,37192.8675,239,65.0539,2118
4462,ed884ee602612131522dd974b6c8d3cef6db5c15,0,0,0,2007-12-14 08:54:03,141,63,1.499,204,5,2,1,3,5,45820.7442,1440,249.48,6011
4464,0e791091e3b93faee3d0ad381fa2d3bf94bf9ff0,0,0,0,2007-12-14 13:54:54,3742,3297,1.1147,7039,60,2,6,316,50,37000.8562,27,506.65,12545
4470,56482a743746607e9e0132ced60b93fd58738880,0,1,0,2007-12-15 09:57:55,119,164,0.3465,283,2,2,1,1038,6,47463.018,1445,240.6423,6262
4461,d62b603f9b6245092ba7813549b05168193a9c00,0,0,0,2007-12-15 23:02:11,111,79,4.5298,190,1,1,1,25,8,19130.1273,233,61.8786,2110
4472,85ad4df9fd2cbd8ea7ace2eba74ebcb4237ee00c,0,0,0,2007-12-16 06:14:59,3742,50,0.0408,3792,2,1,1,13,2,83940.5051,0,248.7367,6324
4484,11a9b9687d22d87df4d9a39ffe065eb012953ecb,0,0,0,2007-12-16 20:16:49,116,88,1.0721,204,3,2,1,281,50,41188.6386,1455,14.8618,12545
4469,2f8dee204e2621927f7a5dade018f2eea5737a34,0,0,0,2007-12-17 10:13:57,65,3297,1.063,3362,1,2,1,4,11,66777.9783,0,236.8081,6332
4471,14048ea41268ed455be541bdaa7c7d9ef700def9,0,1,0,2007-12-17 18:06:01,46,20,0.9083,66,2,2,6,69,15,52445.832,1088,320.6734,8058
4477,d0d6cbd8f0403d2474181f5eb36ecb190957eb7a,0,0,0,2007-12-18 05:11:14,3742,3297,4.5298,7039,60,1,1,1038,5,47865.2831,97,38.9909,1698
4483,9c3544f3837b86dba6d537728e35db3145ef5f7b,0,0,0,2007-12-18 09:00:02,339,2290,4.5298,2629,60,1,2,164,25,74641.5486,203,33.5745,12545
4466,9d15fd89c27e7631359e91193acda4e25df139ea,0,0,0,2007-12-19 03:23:42,23,16,1.2332,39,5,2,1,13,7,34005.6594,0,247.544,6075
4478,df208cd66510f1f95370105b801f659eef4872c6,0,0,0,2007-12-19 03:30:59,4,3297,0.0452,3301,2,19,6,1038,4,79500.4998,1447,248.6755,6070
4482,50c1fa742a843ab378b1714c753182fc12a7ced0,0,0,0,2007-12-21 05:25:42,71,3297,1.4994,3368,2,2,1,43,11,71334.7442,1442,249.6345,6280
4467,519330ec1bdca8a3ae5b183653cfb4d0fc196015,0,0,0,2007-12-21 10:41:54,41,12,4.5298,53,1,19,6,10,7,47219.8814,1073,316.215,8194
4474,f519c3050b3b9d1db2af811d53090c9115d58130,0,1,0,2007-12-21 12:24:00,9,3297,0.5215,3306,2,2,1,53,13,39720.3796,1088,312.6934,8031
4487,d2b9d5043a970be4270f2c70e480d73f6487161d,0,0,0,2007-12-21 12:32:15,3742,5,4.5298,3747,60,19,1,5,2,33021.6646,1078,316.7502,8138
3483,54f1ba3f8ac919370b01b654b10133c38f76c7f7,0,0,0,2007-12-21 13:53:58,3742,19,4.5298,3761,1,19,6,18,9,63877.9364,1089,313.7736,8209
4473,1a757edbaba508cd3b9c1a74f4f84fc2dd1a0c43,0,1,0,2007-12-21 14:27:59,10,0,0.0065,10,1,1,6,12,9,1938.1441,1083,316.9739,8138
4486,4473ae6caa913c41667644dad2beb0c959a930e2,0,0,0,2007-12-21 15:02:43,149,51,4.5298,200,60,19,6,283,47,68917.1335,1105,326.4867,7754
3482,3e758add5242dac42280a6a1d27761dec8dbd52e,0,0,0,2007-12-21 17:45:46,3742,46,4.5298,3788,60,19,1,10,3,25979.857,28,10.7459,127
3487,cd05e7d670255a416fcaa468e29b696027432ae4,0,0,0,2007-12-21 17:52:52,40,1,0.8958,41,2,2,1,18,5,42948.0602,1090,320.5192,8236
4480,cc8ca12ebd0dc6134f5349ff103969f80d61d23f,0,0,0,2007-12-22 05:52:13,3742,3297,4.5298,7039,3,2,1,337,50,50689.466,1400,263.2441,5899
4485,754881db2e04085b65ab1055644ea343fcbc5012,0,0,0,2007-12-23 06:34:18,126,90,0.9513,216,1,2,1,288,50,14890.1125,0,233.5651,5794
3486,4a16003d5b1f00330c7a366a2fe64b12d2355d4d,0,0,0,2007-12-23 08:07:11,81,3297,0.4454,3378,1,2,1,94,17,27790.0437,1442,247.7958,6283
3494,bd50d6810f461f5f0b85088503d3594658ce9fce,0,0,0,2007-12-23 09:31:28,3742,64,0.5928,3806,3,2,1,317,48,36311.7998,0,236.7189,6393
4475,baba31df95577f6d18a2b526c18fc8c1f54c0d4a,0,0,0,2007-12-23 11:13:10,49,37,0.9736,86,2,2,6,58,15,60855.994,1450,240.9174,6087
3485,9c6db3dfc7e4f7b77532584dfb4dd8a36524b738,0,0,0,2007-12-23 12:04:25,53,35,1.0046,88,1,2,6,99,18,7339.3077,0,251.4912,6060
4468,757c3a6383039e3e264e43b0ce924a798c33c50f,0,1,0,2007-12-24 01:48:53,3742,13,0.8592,3755,3,3,6,29,9,22429.9381,0,244.9214,6120
3488,dd06d3ad2a13a297db089b394d52c3e17d9cce44,0,1,0,2007-12-24 02:48:40,93,39,0.3906,132,2,2,1,1038,2,78194.2073,0,246.0812,6082
3497,5be0d766dc7f5f7d331d97c93d73ba902968772a,0,1,0,2007-12-24 09:18:06,38,3297,2.069,3335,5,3,6,61,12,39683.5577,1445,248.1367,6259
3484,b981dc1247c96ebfe077162bd981664fdf722202,0,1,0,2007-12-25 01:32:58,140,63,2.0087,203,5,4,1,113,20,49079.9776,0,233.5397,6404
3499,162e94579c27347f7e5f59ed4d1b79a3f46a55e0,0,1,0,2007-12-25 07:13:03,182,47,0.4624,229,1,2,1,9,3,55874.0939,1438,248.4668,6238
3500,77ce02c1aa937c3dd429f7cb45ae3414e5c1e990,0,0,0,2007-12-25 09:51:54,3742,49,0.0379,3791,2,19,6,36,21,32745.7964,0,249.8129,6002
3489,3b57855646d1ff4db4933c74cc539467cca6b103,0,0,0,2007-12-25 09:55:19,87,89,0.1258,176,2,19,6,27,19,86377.0,0,253.8036,6390
3501,56aff51202bef1e238130b6b3035f3dbe6147c76,0,0,0,2007-12-26 20:22:19,242,64,1.5293,306,2,2,6,36,19,60115.3357,0,236.2289,6310
3498,9001d2c4bf950daefe7aa3478ee7ccf688029706,0,0,0,2007-12-28 09:10:11,3742,3297,0.6643,7039,1,2,1,36,10,12410.5198,1441,240.3743,6004
3503,9201aa53b115a254d677a29237a4b2cbc8c36ae1,0,0,0,2007-12-28 11:32:25,34,45,0.4681,79,1,2,6,8,9,10547.4445,1432,235.6713,6054
3510,4ca1a32f41032ea2c6d41d402728f3b54e394e29,0,0,0,2007-12-29 03:01:34,3742,3297,0.9211,7039,3,2,6,327,48,23129.9273,1431,252.7483,6021
3502,b5840e97bd607665a72bd4ee0c7f1ca4151db73b,0,0,0,2007-12-30 08:33:01,282,208,4.5298,490,2,19,6,39,8,55173.1604,1442,248.7254,6309
3507,f7ae54f45f0c7896d5b4f0ca52cc6cafefa68079,0,0,0,2007-12-30 09:10:54,3742,3297,4.5298,7039,2,19,6,40,9,1013.0468,1435,253.5635,5920
3493,659352cf2c03837293dd7d5185bf6fd2ba6be3e4,0,0,0,2007-12-30 22:07:48,52,3297,4.5298,3349,60,19,1,129,22,39151.6316,1432,253.9047,5882
3508,cdc80ce69b6f052e7778602cfc1c5a4298e7e4f0,0,1,0,2007-12-31 02:47:52,41,3297,0.8278,3338,3,3,1,96,18,32853.5246,1450,240.6807,6095
3511,e53dec16155a99fb8d817100c00796a60b6f0450,0,1,0,2007-12-31 03:15:38,9,3297,0.8776,3306,2,2,1,13,8,1217.0018,1447,245.3873,6077
4481,49b93fff1ed0809ea01510a44f074c538c482e0b,0,0,0,2008-01-01 07:17:21,3742,3297,4.5298,7039,60,1,1,3,7,14837.3838,1448,379.7422,6088
3506,c0b0e93e67c27985da10aa4d4fb403ebb250cb20,0,0,0,2008-01-01 11:31:03,3742,43,0.8817,3785,3,2,6,99,22,40446.7891,1441,390.7326,6273
3513,6d9b53785a8be6504a2f73a2bbd15d6f7bfa3f8c,0,0,0,2008-01-03 09:32:53,3742,3297,0.6541,7039,3,2,1,158,21,38627.4453,1443,374.455,6013
3518,9009f7ae303ba9821455bde49e7008a241d0b1dc,0,1,0,2008-01-03 11:33:09,18,3297,0.571,3315,2,2,6,311,49,32641.6468,0,379.3593,6062
3505,385ca0b973f90dcf933156035c0db929cef598ed,0,0,0,2008-01-03 19:59:10,3742,3297,4.5298,7039,60,1,6,22,7,7937.5918,29,11.5213,118
3516,83e4b030af68ee87914452c0e55e7a249b4d4c05,0,0,0,2008-01-03 21:38:13,114,3297,0.4073,3411,3,2,6,346,52,29151.3918,1107,283.2837,8452
3519,edcc7a2efaf32cfb653ca0d681bb44d0d66762cb,0,0,0,2008-01-03 22:14:20,34,21,1.3132,55,3,2,6,21,6,50560.5782,0,384.0066,6122
3496,8a98b2b74d86449ba513c43cc86eb1751176aaa3,0,0,0,2008-01-04 05:42:37,24,3297,4.5298,3321,1,1,1,13,3,26527.0933,1448,379.559,6075
3512,59c3803c88d4241f176ccd2a380979f5f71ef952,0,0,0,2008-01-04 10:37:18,44,13,4.5298,57,60,19,6,21,7,22780.734,0,380.6584,6090
3521,d70a09b2c7735808adf4cf14fc27c6b05fd1bf21,0,0,0,2008-01-04 22:02:23,46,30,0.0348,76,60,19,1,9,9,60517.1909,1443,377.5384,6285
3522,9b120ab00468f377cf5a8eb38ed401b7e7b552b0,0,0,0,2008-01-05 01:06:45,7,17,4.5298,24,60,1,6,17,7,72702.6975,1448,384.8516,6096
3504,c6dea92df51793bac0dd682a69ceddcb8fdb7fd4,0,0,0,2008-01-05 06:04:51,47,1,4.5298,48,1,1,1,6,3,1154.8595,1453,383.3828,6138
3514,86bfb48887bbb4a22c661a83035be761fb80ae15,0,0,0,2008-01-05 10:50:56,80,16,4.5298,96,1,19,6,26,8,6271.8959,0,383.6265,6120
3524,80bbe7cde0acc45baf4d9c0a3a5c3c6304172fa8,0,0,0,2008-01-06 03:46:49,6,31,1.1513,37,3,19,1,5,8,68423.9099,0,378.4156,6208
3526,56272a8d92aff0ecb9dc0ed1ea82e1cb49aad3df,0,1,0,2008-01-06 07:35:11,314,103,0.4123,417,4,2,1,43,8,44987.7893,1439,379.6895,6282
3517,ace55ac8bc49cab48dea7381fba6f21001c2d73f,0,0,0,2008-01-06 09:12:34,55,57,4.5298,112,1,19,1,19,9,64120.0966,0,385.1703,6235
3523,15fcd5ff8c68877fb374dbd31f44e43b5e1d7ed0,0,1,0,2008-01-06 09:52:53,2,45,1.5413,47,3,19,6,34,13,43889.8288,1440,387.9191,6265
3528,1264515bb392871fff940861b8b1007ae8662a41,0,0,0,2008-01-07 10:51:07,9,10,0.013,19,1,1,1,27,8,11618.778,1451,384.3286,6120
3525,4ca00813123f7749513f88bb00470780890345e5,0,0,0,2008-01-07 11:38:00,11,3297,0.0181,3308,1,1,1,27,8,3123.2008,1450,384.3056,6180
3529,88fed339257159d51ca3a78da43210a05dca011b,0,0,0,2008-01-07 11:49:50,69,37,1.1192,106,4,3,6,312,51,2375.1235,1440,379.0464,5963
3509,9bd383ba43b33d3b8190fa43870d20f13e138679,0,0,0,2008-01-07 12:11:16,3742,3297,4.5298,7039,2,1,6,6,3,57532.5251,1446,380.3084,6053
3530,07e6f6f0177839f09990cd2bf8cb64a676704fdb,0,0,0,2008-01-08 11:38:39,101,61,0.0643,162,1,2,6,308,48,56981.5778,0,392.9496,6360
3520,f542f251cfe5bc608998a004f85ae6ae4fe12607,0,0,0,2008-01-09 00:19:43,111,64,0.0608,175,2,1,6,294,48,44120.8435,1455,16.9919,317
3536,fcc93d65e642e4b852a46293d25d974f3db8208d,0,0,0,2008-01-09 10:57:45,7,2,4.5298,9,1,19,1,10,2,5002.2596,1451,385.3139,6182
3535,f856ef138c9e9f2db42e97c5c61c9b79ceb98d72,0,0,0,2008-01-09 12:18:18,63,3297,1.0835,3360,3,2,2,7,10,17271.5873,1445,379.7489,6294
3540,7d6bb6d6f912eaf0fb2c680d6521521be99e5f26,0,0,0,2008-01-10 08:31:10,2,3297,0.8462,3299,3,2,6,123,21,46528.3724,1432,387.9223,5974
3545,673b7ac7ff05f6b2a0c1e253b3a1988b9f6621d2,0,1,0,2008-01-11 01:49:31,25,20,4.5298,45,1,1,1,19,7,28419.7348,0,383.9986,6199
3550,3ba50b2c7b7a4d58b4a0c10c963a776dfbef581d,0,0,0,2008-01-11 12:58:30,12,23,0.9374,35,2,2,6,338,50,54001.5415,0,377.6182,6306
3543,008ff503c1fefccdadfc5df8343de0f65e825df6,0,0,0,2008-01-11 13:19:14,3742,73,4.5298,3815,3,1,1,301,51,16.232,0,373.9677,6400
3542,7289bb7d30ceac49f779a8d13aea5f0ce7efcba2,0,0,0,2008-01-11 23:13:47,92,48,0.972,140,3,2,6,106,20,41730.6598,1439,378.9183,6280
3547,4a033f1520214a275d7f44afb528ac565625f947,0,0,0,2008-01-12 00:13:01,3742,3297,4.5298,7039,60,1,6,47,17,38695.0376,0,379.2407,6087
3549,4bbb968f914b4836df73c970cce05be5c7fcc9d4,0,0,0,2008-01-12 00:33:53,22,17,0.0318,39,60,1,6,31,13,19497.0416,1448,385.0017,6070
3541,4d945807aa9e5347d2ceb9dd8b0da94c42629026,0,0,0,2008-01-12 02:38:58,3742,3297,4.5298,7039,60,1,1,56,18,7506.3005,1442,378.7948,6238
3544,70e3577a15fbc28f1b23de244af85db9370db9b2,0,0,0,2008-01-12 10:42:14,24,26,0.0287,50,1,19,1,30,11,65162.2483,0,379.9027,6051
3548,22374defd137d3deeef9f88afe15480590f26939,0,0,0,2008-01-12 12:28:41,132,3297,0.9464,3429,2,2,6,25,9,40128.2771,0,386.4465,6103
3575,f6e89f62ed1752778a9a9c2c857a94c5c849c20d,0,0,0,2008-01-13 17:15:47,3742,42,1.2589,3784,3,3,6,20,4,35660.4176,155,53.7055,607
3551,e244b60c14f2b0e46b0fb847adcf14f6c8d4d5d6,0,0,0,2008-01-13 20:01:31,36,3297,0.7583,3333,1,2,6,26,10,27985.9913,0,386.4124,6274
3553,acca4a1d9093b38a1e8eed339c35741487d1ecff,0,0,0,2008-01-14 12:39:43,3742,3297,4.5298,7039,2,1,6,347,47,82033.212,0,393.3169,5829
3554,0ed6ebd6b57d2dc58b7e3e58a440c44b84d10fdf,0,0,0,2008-01-14 12:47:20,72,3297,0.0815,3369,60,2,1,290,50,1996.9279,0,374.8278,5797
3539,44e449dd215335843c6e6b2a16da3406a7c6e18d,0,0,0,2008-01-14 21:44:11,55,3297,0.9433,3352,2,2,6,11,6,47657.805,123,76.3571,1949
3538,e492118e3820f633c8ef28e7aec908bb8697ee01,0,0,0,2008-01-15 14:40:02,3742,3297,1.5003,7039,3,2,1,10,18,67273.9246,11,5.5217,12545
3537,8baf14466269ee688be887a5164f1936836b8b92,0,0,0,2008-01-16 11:33:12,3742,45,0.5509,3787,3,2,1,311,48,54690.8228,1439,388.5559,6304
3559,65d6f5b3bc5032fabaf5e0534da71907e3bd8ca8,0,1,0,2008-01-16 13:50:56,31,4,0.7686,35,2,2,6,121,21,63875.9933,1082,277.4449,8090
3564,5c422998a0bd63c48d5ed1147161d5c5610541fa,0,0,0,2008-01-17 08:18:01,12,17,4.5298,29,60,19,1,7,9,43676.9055,25,10.1254,51
3558,1bbb2bf706ca064b2a23378140bcd23aafa3eb2c,0,0,0,2008-01-17 13:21:47,166,3297,4.5298,3463,3,2,6,293,52,10123.4666,1027,292.9382,8387
3561,facda469f0c80450e2818b16dae18f2ff993074b,0,0,0,2008-01-17 16:01:09,3742,3297,0.3225,7039,2,2,1,101,21,71110.2508,1068,274.357,8011
3566,92b2cc0d5e31bdb4bbad0482fd8756bd3346cca5,0,0,0,2008-01-17 19:32:20,3742,34,0.8211,3776,2,2,6,59,14,56752.2866,1064,272.3642,7993
3568,866f92c66be16472db81da3096cedbf7c0d61240,0,0,0,2008-01-17 20:11:17,48,36,0.7102,84,3,2,6,153,23,43855.2742,1071,272.7783,8272
3563,e1329833841cda44777f51fc84f809015b8d3efa,0,0,0,2008-01-17 21:19:18,1,3297,0.5409,3298,2,2,6,36,11,58115.4973,1071,273.9681,8194
3567,995bca8b281e465a3233591f20ef240f17ca3d5c,0,0,0,2008-01-18 15:09:41,66,39,4.5298,105,3,2,6,23,11,33564.9964,47,24.6597,82
3570,fa3499228efc2aba23b7df77dc1f34d788f22d7d,0,1,0,2008-01-19 06:52:21,210,141,3.6045,351,11,6,2,63,13,57035.0657,0,365.8935,5938
3569,cbb5301f73f4a5248ae5199897b9cabaaf6ac2b5,0,0,0,2008-01-19 07:29:14,77,51,1.0318,128,3,2,6,311,48,46665.716,0,392.2957,5980
3565,366836e9a7104bdc6516870c742ed8438d793459,0,0,0,2008-01-21 07:28:03,110,3297,0.6885,3407,60,2,2,351,48,43778.3625,0,392.9588,5912
3577,f85e84280ae76d3b3c80334368642dd0bfde1eb2,0,1,0,2008-01-21 11:58:38,3742,3297,1.8749,7039,5,4,3,2,13,24761.5417,0,390.1142,6382
3560,b4c930c2f8fe769300d97b40e7c3e033166dd9df,0,0,0,2008-01-21 13:37:19,3742,3297,1.0413,7039,4,3,6,10,13,50295.7218,0,386.0568,6235
3574,d601a5189cfaf6ac8571283cfb6e9e57a4e50472,0,0,0,2008-01-22 10:27:39,103,60,0.1029,163,2,1,1,346,50,68109.8417,1415,371.9536,6366
3579,e4c3e74b48e26511f8bd5a8a7c057b6d311e9287,0,0,0,2008-01-22 10:45:31,3742,3297,0.873,7039,2,2,6,33,15,62386.2516,1446,378.3582,6050
3585,826f3a6959f254385c421a2d57b31b72e3b17f31,0,0,0,2008-01-23 06:31:57,48,3297,4.5298,3345,1,19,1,32,17,14686.1102,1444,387.1607,6280
3586,49e6aa60195f33d6da06e78bfdcd7114721de1bb,0,0,0,2008-01-24 11:25:01,62,4,0.9922,66,2,2,6,15,8,29075.0108,229,125.7037,2107
3573,3c6efbbb39a9b12b6fae19a93838a397e3e90265,0,0,0,2008-01-24 12:24:30,26,3297,0.0288,3323,60,1,1,97,17,35183.2303,1443,388.2425,6039
3581,d886808bf760d7782a1520e8b742215d0e14c78f,0,0,0,2008-01-24 14:56:55,50,3297,0.389,3347,2,2,1,8,7,11518.5811,208,132.4914,2173
3580,f2eb8f2e88c5aeef3348920337aff2645088ef0d,0,0,0,2008-01-30 14:26:45,30,3297,0.7634,3327,2,2,1,148,21,35463.8177,213,131.5857,1936
3594,b68f2e989a791ccccc2674611ee439e51afa38f5,0,0,0,2008-01-30 14:42:20,3742,91,0.5714,3833,60,2,1,353,48,35540.1872,255,116.4797,2376
3588,80229fc56e706d99f678a6d8ee70533786cbff04,0,0,0,2008-01-30 15:33:17,28,20,4.5298,48,60,19,1,3,5,23112.0213,95,83.0576,1776
3589,cea1cb0b4d584d5430240ed57066a027e644acec,0,0,0,2008-01-31 13:12:54,2,43,1.357,45,2,2,6,11,5,24963.9428,207,134.321,1874
3597,12346815c1aaf0a96fc4006354b91bb91b6f90e0,0,0,0,2008-01-31 14:45:25,72,46,0.9422,118,3,19,1,153,22,9625.1176,1065,273.5313,7963
3555,35012b1ca15080b46abfb5d365cb55d64bdb16bd,0,0,0,2008-01-31 16:38:09,15,3297,0.8167,3312,2,2,1,89,17,36596.8326,1086,280.6514,8167
3584,659dd5cd2bea6b104f8ee0f206284722c17ad8a2,0,0,0,2008-01-31 18:19:36,68,3297,1.0228,3365,2,2,6,1038,6,54602.9041,1071,278.8583,8184
3587,068ce3d445d0b5ce5c77517acb86e4cc11648b3b,0,0,0,2008-02-03 22:18:22,3742,3297,0.0461,7039,60,19,1,137,22,28375.3105,203,136.1947,2205
3598,886831cd89a878b986d679e804bd660ab6585615,0,0,0,2008-02-04 11:10:47,19,25,0.0223,44,1,1,1,1038,6,61309.4891,292,56.288,640
3599,416fe51d7fd2ddd1b22decdf889741c0b2904433,0,1,0,2008-02-04 23:54:19,75,29,0.8944,104,2,2,1,26,10,67118.0498,1446,381.185,6242
3606,9ca5c7c32f611c8ef9b49fa90e05a494b9138c87,0,0,0,2008-02-05 07:49:37,106,3297,0.1033,3403,3,1,1,307,48,62787.9801,0,391.1641,5957
3595,1abce64f106acab8a5831c6a3e62345037824750,0,0,0,2008-02-05 18:31:48,74,73,2.6614,147,9,2,1,18,3,51532.0986,131,73.9046,2058
3605,b80a51118c8fee5124d7db7a2c947bb76008401b,0,0,0,2008-02-07 12:32:54,24,3297,4.5298,3321,60,1,6,27,12,6129.1569,0,385.1583,6076
3610,d80749021182251be4a2ae2b8618e10331a6ec53,0,0,0,2008-02-08 12:48:55,3742,3297,4.5298,7039,60,1,6,34,8,4646.3707,1451,381.2904,6117
3600,0453d7c32eab0d5d888b337d959564038eb78095,0,0,0,2008-02-08 23:09:51,3742,3297,0.0251,7039,1,19,6,29,8,37956.0893,1444,386.9717,6099
3604,2871e0a3622889ee1faac4cebbdd0cd061045e46,0,1,0,2008-02-10 08:51:29,86,17,1.2184,103,3,2,6,13,5,59579.4166,1450,386.4598,6224
3613,a084bfeb47e1289647b8ba4f97a4453f988b4296,0,1,0,2008-02-10 10:03:38,162,85,1.4184,247,4,2,1,4,4,30034.8723,0,385.5183,6272
3601,f97738e891b3496715120012ba13dbd5de66c7e9,0,0,0,2008-02-11 00:34:37,102,3297,1.5463,3399,3,2,6,236,25,35408.6604,1089,279.5321,8043
3614,0f4a687077b33a4ad60491954555abb237fa999f,0,0,0,2008-02-12 13:42:37,99,31,1.0147,130,3,2,1,351,49,2942.1744,1439,386.0128,6264
3607,c4ce6d6155d8ae91c1b01977e7a6d435b5938dd0,0,0,0,2008-02-14 12:23:27,3742,3297,0.0397,7039,60,19,6,14,3,13112.5753,209,133.1728,2112
3615,13f8370f2d4c5e59ca827f7d847c6b27003675d9,0,0,0,2008-02-17 13:17:33,3742,3297,0.0605,7039,60,19,6,180,22,16482.7965,202,119.6592,1878
3617,f6572105672fc83919af352fae0005788312cca6,0,0,0,2008-02-17 13:18:06,37,3297,0.0439,3334,2,1,1,1038,3,18075.7527,214,123.1621,2185
3590,2a69815808a223535716d25ba92241b9ff1d0994,0,0,0,2008-02-17 13:19:09,3742,33,0.0808,3775,60,1,6,7,11,49229.117,209,123.9655,1858
3612,146005c7bd80c463feab57d212e0ecddfde975b6,0,0,0,2008-02-17 13:36:28,3742,3297,4.5298,7039,1,1,6,29,6,18989.1583,240,124.4399,2101
3616,3fba05ea8c2d322a5b8a99ae4dbcc0f6e4afec9e,0,0,0,2008-02-18 21:03:32,3742,3297,0.0182,7039,60,19,1,21,10,27611.8792,229,126.4387,2052
3627,7bb86b7fa6ae84e7680e7040f165a8b1dba68a3b,0,0,0,2008-02-20 03:10:15,85,3297,4.5298,3382,2,1,1,354,47,10825.7739,1431,393.8231,6427
3623,7a368463fb1ddbdb06e22ec6dd609ae45d3704ea,0,0,0,2008-02-21 01:35:55,3742,93,0.0808,3835,3,1,1,124,24,22802.1447,242,137.6642,1861
3603,0c7e7a0d731bbd628478e96cd465874d75a1cd48,0,0,0,2008-02-22 23:06:59,3742,21,0.921,3763,3,1,6,15,6,16815.8005,0,377.474,6217
3621,ba137292c4ea428bd4b43ba06771f8d82ea06508,0,0,0,2008-02-24 16:50:04,3742,3297,0.0331,7039,2,1,6,1038,3,11904.7636,203,123.1647,1876
3629,fe12de4162fc6394b2046ef168bab2207a5440aa,0,0,0,2008-02-29 16:56:35,13,9,0.0086,22,1,1,6,1038,3,774.5462,1083,278.3582,8161
3622,de56b0d270fb0131eb1af9d7e638f7855d1db7a3,0,0,0,2008-02-29 19:27:42,3742,3297,2.2044,7039,5,3,6,1,5,19989.4545,82,84.9728,1676
3634,132786376bc85e07973f3ad6c6aaeb9a198b9016,0,1,0,2008-03-03 17:29:21,81,76,1.0522,157,3,2,6,18,24,3.0,123,90.0385,1662
3618,4395517c1f24586bd20a20be944e2f967c994603,0,0,0,2008-03-04 16:51:25,3742,51,0.0667,3793,60,1,1,15,18,83050.1243,95,85.5364,2019
3626,7cf32cd6fca6ef8c8e7343bd1f65e975be72cd66,0,0,0,2008-03-04 16:57:07,58,33,0.0652,91,60,19,6,43,16,944.8047,118,75.0695,1765
3633,05dc1cf2188d20b48d3e7198e65a81f2097bc10b,0,0,0,2008-03-10 01:50:55,3742,34,4.5298,3776,60,1,6,28,9,55384.4108,0,378.3529,6219
3631,0582e2690fb3279110673437c3a627a334f396af,0,1,0,2008-03-10 23:41:22,4,10,4.5298,14,60,19,1,131,21,45450.1217,1075,274.8715,8040
3636,781c109918b159563faf294973bd47f2df96de61,0,0,0,2008-03-11 14:33:05,3742,17,4.5298,3759,60,1,6,9,3,2147.0056,1077,278.6447,8156
3602,edb9a1b599448d3d2ba42dc092f4a4b7e82726f6,0,0,0,2008-03-11 14:35:03,58,3297,0.8951,3355,2,2,1,141,21,68344.6727,1088,274.7077,8169
3628,c964b11a8c388573a7fe8e73604e384b912c650a,0,0,0,2008-03-11 16:00:01,41,26,4.5298,67,2,1,6,19,8,65060.5311,116,77.5967,1757
3643,9579b1a08ab2f43f2ce31a4d6444924bba94588c,0,0,0,2008-03-12 13:08:25,72,6,0.2103,78,3,2,6,23,4,22053.5202,94,44.924,687
3644,3092a1f3a71e24b0b82aeed231984877535a5e71,0,0,0,2008-03-13 09:05:52,71,34,1.8462,105,4,3,1,25,3,34694.1377,95,46.4711,922
3645,db2d89fae65af0538ac4db8c0727c8ac8f9bd763,0,0,0,2008-03-14 09:21:46,3742,70,1.4827,3812,6,3,6,35,5,2424.9584,91,49.6636,967
3637,3abb56c0441e81d5e4c83678921c0bc35bebc3fe,0,0,0,2008-03-15 05:43:29,3742,3297,0.0226,7039,1,19,1,39,11,75429.9426,1443,379.5414,6256
3640,d33dc319f535649f54fc3722f39a22bad5a8fef4,0,0,0,2008-03-15 06:28:26,26,3297,4.5298,3323,1,19,6,25,5,60354.1671,0,386.5802,6199
3647,891323cb5ec29f1b05c0d26a4e7e999600ae60f6,0,0,0,2008-03-15 13:46:12,19,8,0.0098,27,60,19,1,6,5,6556.1495,0,384.3511,6205
3652,1c25451bace06f05dcde893dbc46f9b7c42ab7fa,0,1,0,2008-03-16 08:28:41,77,46,1.3849,123,2,2,1,336,50,63779.4681,0,386.7542,6010
3641,493cdd729360230f956bd4a90b6e83cc7dcaa532,0,0,0,2008-03-16 10:00:28,3742,42,0.841,3784,1,2,6,330,48,43646.7468,1432,378.204,6042
3651,98f57c88e55787998d23da28c7e286f5546d3973,0,0,0,2008-03-16 11:30:05,55,33,0.9029,88,2,2,6,348,49,8064.3936,1444,387.0527,6081
3649,977a0998a08d40a6baed4d6dea90b6e19f93d9f4,0,1,0,2008-03-16 12:12:57,46,25,4.5298,71,60,19,6,62,10,70634.0606,1084,279.4981,8182
3639,275589aab5a3f98fc23a7fd5ded414280dc2211d,0,0,0,2008-03-16 12:25:29,28,3297,0.0264,3325,60,19,1,57,10,226.6909,1073,273.2636,8071
3646,b19f23701c2e2eb09037bb3dd934edc5083e677a,0,0,0,2008-03-16 22:10:29,102,28,0.9228,130,2,2,1,328,50,43405.703,1435,388.2156,6240
3642,2441cc90ec0f7a315d25081308660cf7aea9ba27,0,0,0,2008-03-17 08:19:39,97,6,0.5283,103,3,2,6,6,5,82061.6188,90,38.3865,656
3650,a9967df6cfb7ad04edad1f74cabaab757fa66c45,0,0,0,2008-03-17 13:15:18,147,16,1.3939,163,3,2,6,21,7,44434.5744,5,4.5535,29
3658,afb3fa0a37a4ffab85d0e50b005b83748ff065a4,0,0,0,2008-03-17 22:01:06,85,35,0.0603,120,60,1,1,323,48,40111.4746,0,389.487,6291
3657,31c7f0e430138669e480ef9df0ca05636ac88508,0,0,0,2008-03-19 09:18:23,58,3297,4.5298,3355,3,2,6,158,20,60900.2038,196,119.8541,1752
3661,800ad356459fcb086072527eaf63523db2edd2c0,0,0,0,2008-03-19 19:51:11,64,60,1.9921,124,5,2,6,42,16,28325.6588,93,89.5569,2026
3654,a5affac4f882138949ff6c8637e27c9785808f3a,0,0,0,2008-03-19 20:25:30,3742,3297,4.5298,7039,1,19,1,1038,6,1191.1196,127,74.2191,1954
3659,7c804fde3ca8201093e7c7590f9763ac5e9198a9,0,0,0,2008-03-20 16:29:58,4,3297,0.0265,3301,1,1,6,13,6,73236.256,98,83.8009,2008
3664,c848180155dfbdccf844fe21ac5473da90bea33f,0,0,0,2008-03-20 18:07:40,3742,3297,1.3947,7039,2,3,6,6,4,22035.8491,99,46.8694,670
3656,797b6210fbb1aab60722b125397b6c6525f2458b,0,0,0,2008-03-21 09:41:42,1,3297,0.662,3298,3,2,6,350,48,43987.484,0,375.9121,6251
3660,4d72abd20072db007e5e73db1cdfff1488350c88,0,0,0,2008-03-21 22:58:09,139,205,0.0292,344,60,1,1,1038,6,22490.5714,1446,378.0036,6256
3663,b768162d216174d95ff986c4247e7e00e88e62b3,0,0,0,2008-03-24 10:15:19,42,3297,1.4193,3339,3,3,6,1038,1,57941.0808,88,47.9846,695
3667,f06b889851399f93395b5636da1c6285bc7b7a65,0,0,0,2008-03-24 12:32:45,36,3297,1.4937,3333,2,3,1,1038,1,30198.4032,89,48.8342,989
3666,a4cc836a17f961702f33cb19a9c58f3a9c15b249,0,0,0,2008-03-25 11:33:07,46,3297,0.3226,3343,2,2,6,19,5,80632.302,69,15.5756,135
3669,265d4f2e1d11bb9200346fcc1ef72271467f9bd0,0,0,0,2008-03-25 19:02:43,36,3297,1.0379,3333,3,2,6,30,4,17131.3444,128,36.6215,898
3672,ddd8b52cbd68682a649513acb2c94a1b9da10416,0,0,0,2008-03-27 10:02:35,61,3297,0.8144,3358,2,2,1,131,22,47200.6745,1098,271.0345,8043
3675,ae736a0757de482b09f5c72831d1cce37dbed119,0,0,0,2008-03-27 10:46:38,3742,34,0.0435,3776,1,19,1,80,16,64433.4564,1097,271.0429,8037
3674,4d8f6a56f4bc9f4d7e4671a234c33790eb8ce1a4,0,0,0,2008-03-28 04:01:35,77,3297,2.1257,3374,6,4,1,1038,5,65659.4128,126,72.148,2029
3671,7026b1bb51a4a1614ee1b0059d7a705f64e50542,0,1,0,2008-03-28 05:23:53,40,24,0.915,64,2,2,1,6,9,20353.0702,231,130.4209,2081
3673,daf6bd235bf1c41a91b83fa77849de196c151255,0,0,0,2008-03-28 08:34:34,69,34,1.1788,103,2,2,1,3,2,34215.5023,129,46.4344,668
3680,d5775fabdfeda9af581b076ccc05f295f8500a61,0,0,0,2008-03-28 11:09:25,3742,53,0.8774,3795,2,2,6,12,4,45542.0866,1088,281.373,8050
3670,d92d9a138e3bceaa206303124c7c023a0f9f7f95,0,0,0,2008-03-28 16:12:14,164,3297,0.2379,3461,1,2,1,1038,3,66901.0651,96,88.538,1663
3676,964c7a1db9b0acd2ba067742892470f26eeff169,0,0,0,2008-03-30 23:48:20,30,3297,4.5298,3327,1,19,6,8,1,26388.8975,1448,385.7744,6231
3678,106a89c2e5c60a974a6c3b4c8898d177dfa59bad,0,0,0,2008-03-31 04:48:00,27,42,1.4117,69,3,3,1,80,16,43969.2828,210,125.046,1897
3679,c4cc61f9a41000f27fe74750ce6e33c6debe3a59,0,0,0,2008-04-02 06:01:44,27,3297,0.0253,3324,60,19,6,1,3,29270.091,212,131.9373,1926
3683,42056a1b6cc60e65f189d0e6808266a37a94f2aa,0,0,0,2008-04-07 13:45:07,3742,32,1.027,3774,2,1,6,1038,3,55396.6247,117,86.1433,1960
3689,c9fbd1c921f04aff5a5e54e6c2a3f3594f55cfc1,0,0,0,2008-04-07 15:12:28,3742,3297,0.0317,7039,60,19,6,28,5,70710.8295,91,76.0458,1948
3681,ace7be589f505a55e845565e9288310a9b522402,0,0,0,2008-04-07 15:26:38,3742,69,0.6148,3811,3,1,6,1038,0,55766.6681,97,75.5946,1749
3668,7fc954a4e531f90fa072f6d671304aed839863ae,0,0,0,2008-04-07 21:50:04,30,3297,4.5298,3327,60,1,6,9,1,22574.827,120,78.0249,1804
3682,ee9b4fcf9822ff8a6acc51d85b50570e38750700,0,0,0,2008-04-07 22:18:15,37,3297,1.0483,3334,3,2,6,1038,5,23393.9998,114,84.1529,1761
3691,5591233c67f62fbee6c30e1d44348e7cfe6fea23,0,0,0,2008-04-08 11:02:55,21,11,0.0254,32,1,19,1,1038,2,38473.9517,1449,385.8332,6218
3677,15613d6299f2370a5913b2ca61288888eff51f3e,0,0,0,2008-04-09 08:16:44,3742,52,0.0372,3794,2,1,6,15,12,70160.3443,1443,387.2482,6272
3690,370b93021020e3fd8df980fa803c9364ebdddf58,0,0,0,2008-04-09 11:19:06,28,17,0.025,45,60,1,1,20,12,10622.8003,0,384.2998,6220
3697,39b89f7713e0a164248ad9f035882c6146804c16,0,0,0,2008-04-10 00:26:56,3742,33,1.4236,3775,3,3,6,56,13,54490.54,1059,280.1231,8015
3700,c3aff66351130f91cf607bdbd61c4184a0f190e0,0,0,0,2008-04-10 01:36:26,18,30,0.9458,48,2,2,6,38,11,3621.2568,1092,280.1844,8038
3694,dbfdfd427880f8b2f00937bc4f5ce25488c478ef,0,0,0,2008-04-10 02:12:03,3742,3297,4.5298,7039,1,19,1,83,22,34054.9147,1093,273.027,8001
3696,a472ef0b7384fc7e74e93c8cf8a413d34e6b0efe,0,0,0,2008-04-10 15:33:16,3742,48,0.0587,3790,60,1,6,79,18,63463.8753,1068,271.6489,8259
3692,b3aa87adb63e27a3272a814d878e669c795ca9f5,0,0,0,2008-04-12 14:29:09,3742,3297,0.4831,7039,1,2,1,54,12,76063.9648,1446,388.0859,6330
3698,7c2c73e74c0e04e980dc3ff001fe00e8c2b56aa3,0,0,0,2008-04-12 14:59:34,3742,13,0.0127,3755,60,19,1,18,10,27209.5571,1447,381.4925,6099
3704,035451f5ca8a024bc00a80c9378d57f8c2d55329,0,0,0,2008-04-12 15:33:29,53,3297,0.323,3350,3,19,6,39,12,24306.3696,1443,388.0943,6216
3687,a8755d16f91710b7f9e1e210b8b59ea180fd8956,0,0,0,2008-04-14 06:17:01,57,83,4.5298,140,3,2,1,374,48,1292.781,0,393.9991,6444
3701,5528b880a988ecbb9f83daa27b660a775ea3dd24,0,0,0,2008-04-14 10:27:19,95,83,0.1065,178,60,1,1,333,48,16064.1753,1433,393.24,5951
3712,f4527a52ec59ded75168aa1e8fe56de72d9d1f73,0,0,0,2008-04-14 12:15:43,134,3297,0.0731,3431,2,1,6,329,48,5298.6339,1417,371.151,6477
3716,49c24b0ba25948e1e9bc26c2e908243317f3e96c,0,0,0,2008-04-14 13:00:11,3742,3297,0.1254,7039,60,1,1,370,48,3851.4803,0,393.7488,5822
3693,c4addbd4d7a0c72e378002a9038a0cff1e359d12,0,0,0,2008-04-15 10:47:26,153,3297,4.5298,3450,60,1,1,363,50,77332.6744,1422,395.1197,6438
3703,e78fb7dac488cd4d71ddf4ec64148da1d17fcaba,0,0,0,2008-04-15 11:31:38,80,64,4.5298,144,60,1,1,377,51,4957.1005,0,371.192,5973
3710,d4e0ddde37bde686fbebdfc52c8c733b31c30198,0,1,0,2008-04-16 00:51:38,3742,47,1.5131,3789,4,2,6,138,26,41630.5755,1434,375.7978,5964
3715,1a2569ec9d0fb964f129439b8a1402d6ee8c35b7,0,0,0,2008-04-16 16:25:09,50,3297,1.3843,3347,4,2,1,1038,6,41072.7071,123,85.1615,1780
3702,abc0e29467e83a65e34269c45f290933de8f7f07,0,0,0,2008-04-17 00:20:35,39,16,0.8593,55,2,2,1,21,12,33883.4404,0,378.7504,6262
3709,896bf926a12b7652828b0ef7fb8f8974bc128116,0,0,0,2008-04-17 03:59:42,77,3297,0.2018,3374,1,2,6,20,8,38530.2796,118,85.4043,1753
3718,ccc566aed46dab58815ab72c6cfdf21b8545dbcb,0,0,0,2008-04-18 07:58:43,71,45,2.3753,116,5,19,6,40,11,52087.1683,1455,10.1546,194
3708,2561fdafbec7c73705386b2c55d677864c83aea2,0,0,0,2008-04-18 07:59:14,50,3297,0.042,3347,2,1,6,17,14,55809.3183,28,20.3924,209
3717,a1bee613094cd29421f99628579c91b120cdbeb4,0,0,0,2008-04-18 07:59:57,61,3297,0.0676,3358,2,19,1,104,18,77689.6546,33,24.9797,12545
3719,515b3f719450280043105c7eada52c3f62ed7547,0,0,0,2008-04-18 08:01:55,3742,3297,4.5298,7039,1,19,6,26,9,76652.4232,1455,20.2962,12545
3705,cd5a7c717f34f71c569774ba48aca392e8eb9170,0,0,0,2008-04-18 08:02:52,92,21,1.0986,113,3,2,1,0,9,47117.7509,25,18.2697,117
3713,c7097529ce1e67ad68dc1d0cb53d9d3ad4fc25b1,0,0,0,2008-04-18 09:19:40,451,36,0.9753,487,5,2,6,18,9,25445.7435,1,17.706,163
3721,9d86275813aa5f4ed862262225666c3160aee9b4,0,0,0,2008-04-18 09:42:34,35,3297,0.0198,3332,60,1,1,6,9,39825.4198,27,11.581,12545
3706,0cf445ab88d2d6ceb406ab69a638fac23f30811a,0,0,0,2008-04-18 09:43:12,64,3297,0.1626,3361,2,2,1,10,9,17955.981,13,13.6998,81
3720,3b75bedfeaf1558d292fd4d849dc00e002e1c43c,0,0,0,2008-04-18 11:22:59,3742,17,0.0257,3759,1,19,1,68,10,81856.5273,23,11.6939,12545
3728,b1ae51324e0d416c5426bca0b8232d3bd88d5185,0,0,0,2008-04-19 02:33:55,3742,3297,0.0163,7039,60,19,6,7,1,5852.6494,1447,385.7712,6093
3729,6400f205eb69beef9c2f53f8c58bd7b69717a154,0,0,0,2008-04-19 03:30:20,3742,44,1.9077,3786,3,2,6,49,11,45896.6643,0,387.1261,6227
3734,08b8018fbfdb2068bc8a9c6fef61977e4baff04b,0,0,0,2008-04-19 05:31:31,40,11,4.5298,51,60,1,1,1,2,66396.3933,1449,381.6514,6201
3724,cb195c60e020ba7b182c6eb05833f4bcf3369f94,0,0,0,2008-04-19 10:34:13,24,3297,2.021,3321,5,2,1,5,4,35234.709,1445,379.4785,6208
3731,dca11ae82aee339402cd5424c9a0947d7156264d,0,0,0,2008-04-19 11:10:59,3742,3297,4.5298,7039,60,1,6,9,1,2532.8694,0,384.7673,6124
3741,83d1009fc7225c1527d7fccf3b167719ea858641,0,0,0,2008-04-19 14:11:30,42,3297,0.9976,3339,3,2,6,346,50,36773.4774,1442,385.5571,6261
3727,c77a54780e258fbae7fccaffb7b14f253bd43650,0,0,0,2008-04-20 00:00:03,81,3297,0.9375,3378,3,2,6,349,51,39779.0355,1438,386.6703,6230
3740,fecce596d8dbae19146836e9488e8f457d544324,0,0,0,2008-04-20 01:06:56,53,53,0.9057,106,3,1,6,339,50,336.3819,1436,378.2122,6034
3725,8da14d1867e6178384754cf8c3dfd4fb2deddce9,0,0,0,2008-04-20 01:40:37,68,41,1.0383,109,3,19,6,344,48,1126.4695,0,376.8058,5949
3733,6a654ae8296d2a35986275719dc6dec5d766f643,0,0,0,2008-04-20 02:18:20,73,76,4.5298,149,4,1,1,345,48,4199.1102,0,394.6429,6330
3739,7967012bc56ceb212ca0b81f3a617b6d6ac9ffc5,0,0,0,2008-04-20 04:24:43,24,1,0.0119,25,1,19,6,8,7,7410.2701,0,383.8697,6172
3738,b8e21fc35069519980d72b2c0fab91ebc7a0063f,0,0,0,2008-04-20 04:42:58,17,12,0.0128,29,60,19,6,6,2,65125.4142,0,381.6679,6206
3732,f318259372c8ccf38fb0d63463cf4dcbc4a59b50,0,0,0,2008-04-20 07:03:49,3742,31,0.966,3773,2,1,6,353,49,13001.9567,1450,385.579,6066
3742,0556429c3e15f5c819e7755e026cb869628f7050,0,0,0,2008-04-20 07:21:44,81,3297,0.0754,3378,2,19,6,333,50,2709.4578,1419,395.1177,6426
3743,9bb7b175d1282b404ef90ddc9133756050c615be,0,0,0,2008-04-20 08:55:49,69,48,0.8774,117,3,2,1,83,22,21213.1096,0,376.3768,6349
3707,afa6d37388178777891ed628afe7502ad9983df1,0,1,0,2008-04-21 08:48:44,427,149,1.6117,576,9,4,1,170,22,40786.6258,199,122.911,2255
3749,e6c483079bcd77a265d023b9f240417fa1a7d435,0,0,0,2008-04-21 10:48:52,3742,37,0.9347,3779,2,19,1,368,49,12385.2938,0,386.3102,6084
3752,632d78a7de02b2cf73a4179681d6261874a32e78,0,0,0,2008-04-21 12:34:50,5,3297,0.8726,3302,2,2,6,384,50,9359.052,1446,386.2623,6115
3747,c7199df6b5d7b28882d823be13c9a0ae8dfd29bd,0,0,0,2008-04-21 18:46:53,1,9,4.5298,10,60,19,1,5,6,79497.2099,1083,275.6973,8095
3754,ee5725772af13521476cd6eff724679d321aacd3,0,0,0,2008-04-22 08:51:39,23,23,4.5298,46,1,1,1,8,3,1290.4279,1452,383.4979,6179
3761,be21f287957c4ac5d6857f9f2fd0de6e21b17be6,0,0,0,2008-04-22 11:16:46,3742,26,4.5298,3768,60,1,6,8,2,21104.9912,0,385.31,6115
3745,7d85468e4025317eff04038fe66c958e0e6a62ef,0,0,0,2008-04-22 12:10:37,23,22,4.5298,45,1,1,1,3,2,3505.0585,0,382.0008,6191
3748,df78476e56c6c986f9b9b37095ba88d69e165252,0,0,0,2008-04-22 22:46:55,3742,3297,0.0277,7039,1,1,1,0,2,38697.28,1447,384.7478,6085
3758,9eedeae1918da3fc2f2d43175c413aae332f95c3,0,0,0,2008-04-23 00:35:17,71,3297,0.9886,3368,3,3,6,381,49,27094.4243,1441,385.7477,6044
3760,82d8b5ee6ee1b339b30cb8b80b5ebda8092c7f4c,0,0,0,2008-04-23 00:40:19,1,3297,0.0217,3298,1,19,1,3,2,6560.1919,0,380.3857,6120
3699,bf0d97f1098fe4981806ff540fe6032b47a8e626,0,0,0,2008-04-23 01:04:30,27,3297,4.5298,3324,1,19,1,5,2,1619.5383,1449,383.758,6184
3751,039a6f53084cbca90c7e93b88755fa516aa2b9dc,0,0,0,2008-04-23 01:16:09,3742,17,4.5298,3759,1,19,1,6,2,909.0719,1450,384.1957,6110
3759,bec2e90dd5f70111308276240909c71d2e31751b,0,0,0,2008-04-23 02:11:13,16,7,4.5298,23,60,19,6,14,2,3486.3594,0,381.1896,6132
3765,1a3b19004ff5ecb790be0a5a9e2ecd0aca421bd5,0,0,0,2008-04-23 02:33:32,3742,3297,0.0083,7039,60,19,1,15,2,992.8938,1452,380.9158,6106
3723,631a0c0e6f62c4cfd15044172fca2e9d1aa6edee,0,0,0,2008-04-23 04:25:14,36,46,4.5298,82,60,19,1,8,2,6445.7683,0,380.4461,6192
3757,a4834526e02ec7126b5f83edfde3e302a7100af5,0,0,0,2008-04-23 04:47:07,3742,23,0.0117,3765,1,19,1,10,2,1028.0844,0,381.4404,6121
3767,dc89bd5c80bb77251fa293cfa4cc23b7aaf5b871,0,0,0,2008-04-23 08:39:04,113,3297,1.4845,3410,2,2,6,31,1,13643.4552,90,45.9469,1005
3772,eedc8fa5bce67dcf019d339bcc3d07e64beb187e,0,0,0,2008-04-23 20:17:56,3742,3297,0.1297,7039,60,19,6,405,47,67035.5316,17,32.6412,12545
3762,356720e7a390fd3a1b0926727a5a6e899e829859,0,1,0,2008-04-24 13:19:59,413,132,2.1105,545,4,6,6,163,25,44011.0213,1117,267.6047,8385
3768,521090452750d1fd93532c9f9c70968d106b13b0,0,0,0,2008-04-24 13:40:09,3742,3297,0.4387,7039,3,2,6,159,22,37124.0763,1441,388.931,6315
3744,37f5126a464a0f48c84e9f7539e9e64442aa9b2d,0,0,0,2008-04-24 18:56:51,3742,3297,0.716,7039,2,2,6,154,23,27733.14,1071,272.4346,7995
3771,f7c95ed7628e4854c0c0e031eab2c121dd978bd5,0,0,0,2008-04-25 01:22:21,3742,3297,1.4476,7039,2,2,6,382,50,38147.9566,1431,391.367,6275
3769,75f4c838f5529772aa5cbed8e3d39f8f5a0c70ef,0,0,0,2008-04-26 20:38:04,27,3297,1.6374,3324,2,2,6,80,23,54669.6154,118,75.1233,1790
3770,1ab05c5802761aa1398f93820a6fceaf723b6da0,0,0,0,2008-04-28 19:49:17,65,3297,0.0813,3362,60,19,1,1038,8,54508.6853,126,84.4657,1743
3778,337be0a1ea96c96ef4a2c2a4046444067803dd52,0,0,0,2008-04-30 15:12:54,45,3297,0.868,3342,2,2,1,180,21,13142.438,237,133.3027,2088
3782,e49ba000b781ed841addb87b6d071768f10d512a,0,1,0,2008-05-01 12:52:31,144,13,0.4157,157,1,2,6,57,11,39958.2123,1069,279.1692,8007
3773,26f071f2317b6df042876a652ac909a0001af9eb,0,1,0,2008-05-01 19:24:56,10,3297,0.0094,3307,1,1,6,9,6,10092.1887,1077,277.6768,8082
3780,f7410074c483e37ddd74f28f175834700026cd3e,0,0,0,2008-05-02 10:18:16,2,3297,0.0172,3299,60,1,6,15,5,4206.9475,1085,278.2508,8160
3784,7f6cb54181520a9c888c59685b177c6e1315165e,0,1,0,2008-05-02 11:13:05,102,73,2.0365,175,7,4,1,293,30,39783.2312,1096,271.1809,8008
3779,5ad0514f5ffbbd48e900da6c3ddc265aad9b41c4,0,1,0,2008-05-02 12:15:46,60,13,4.5298,73,2,2,6,105,21,72045.0652,1074,279.0709,8034
3783,a506e1cce4b66c3529ab915fe68fc47118f91e50,0,0,0,2008-05-02 13:25:39,25,50,4.5298,75,1,19,1,8,4,58291.8992,1089,274.045,8166
3774,6da0dd9627648d6ce4f628651d2a7ee7eadf1d48,0,0,0,2008-05-04 09:15:00,0,3297,0.8062,3297,2,2,1,12,2,19210.8249,95,37.8233,319
3781,c3a8f6baf8a69fdc05378b020c36839a0c5da3ec,0,0,0,2008-05-04 09:44:50,3742,11,0.0218,3753,1,19,6,1,3,2172.2392,82,37.2879,370
3766,10e9c7effb44bc26be8d3d966b1fc0c6beae5535,0,1,0,2008-05-05 04:00:19,87,55,0.8024,142,2,2,6,15,10,53846.3459,116,85.1567,2010
3791,5566a0130c713772e28a26b276bbe3d405c375e5,0,0,0,2008-05-06 22:01:50,4,3297,1.1991,3301,4,2,6,88,22,40428.6809,119,86.9372,1735
3793,86a02e8a5c5bc7e10f26e4dae9c50b863fe7c70a,0,1,0,2008-05-13 11:27:27,3742,3297,4.5298,7039,1,19,1,67,15,80044.5492,1451,384.0008,6100
3796,52fb07734dd8d22c4c31b576daa6934a4e26d3c7,0,0,0,2008-05-14 18:23:13,257,34,0.9596,291,2,2,6,11,4,60753.5186,12,5.807,12545
3802,6915f2bd48ccf5a02c766444efc212883b38a881,0,0,0,2008-05-15 09:30:17,79,52,0.1071,131,2,2,1,64,15,57460.1145,209,123.0146,2123
3792,24a55a6819c5c36f2f2ddc83a8d2a26eb2bffcb9,0,0,0,2008-05-16 11:07:11,9,10,0.8034,19,2,2,1,106,21,62889.7091,1083,275.6833,8130
3795,74dd93d2114759f57513374f443be2107fc6e0a9,0,0,0,2008-05-16 12:03:20,3742,62,1.0478,3804,3,2,6,6,3,58059.3099,238,134.6783,2203
3803,052efb3a2704473ab4eebcf7dadc31a047e62b11,0,1,0,2008-05-16 13:22:00,11,3297,0.9541,3308,2,2,6,76,15,7381.4359,1076,274.3299,8151
3790,8c39be18c51773f755ae991ce52c07ad8f9ac169,0,0,0,2008-05-17 13:41:34,3742,81,0.0691,3823,2,19,6,1038,2,66091.2352,207,122.2843,1836
3797,afa0a0b2ce204e72a722478705fa9899ca4be7d7,0,0,0,2008-05-17 17:09:08,32,3297,1.5479,3329,3,2,6,107,16,14967.5052,232,125.6827,2098
3804,acfb5bbb0700d503f8bbb21c12929b0efa160080,0,1,0,2008-05-18 05:16:32,243,148,1.3458,391,7,4,1,316,30,53320.566,1435,371.0287,6438
3777,40e419ae234224b22ac370f5f2d51a3982f61d48,0,0,0,2008-05-19 18:30:26,3742,69,1.5824,3811,2,2,6,24,17,86377.0,1455,23.9894,12545
3800,182970bbcba534696a6d39bb528457c795d8cb1d,0,0,0,2008-05-19 18:48:40,43,3297,1.7381,3340,4,2,6,35,17,19567.4331,29,18.3477,137
3798,b3bc22e4bbeadc6ce5e352ffea7533d54706a049,0,0,0,2008-05-19 19:55:04,3742,48,1.2564,3790,4,2,6,111,20,3602.6956,30,19.5781,12545
3801,cb54210f655c8f11454e71289b2b18be5ba6c089,0,1,0,2008-05-21 11:14:33,1832,521,2.7701,2353,16,3,6,39,12,40219.0293,176,151.0913,2376
3807,3201ca8341a407283e1675b0b192ccac136d68b4,0,0,0,2008-05-25 04:20:19,55,72,1.4572,127,5,4,6,1038,3,17938.7833,86,90.0563,2118
3812,b0c11113f748ffa74ce1916b379542317b342c0f,0,0,0,2008-05-27 20:41:34,34,3297,0.9388,3331,3,2,1,66,14,64579.5993,296,53.8734,520
3817,f78d9a352569c4f5aecc8df395447b13487ff520,0,0,0,2008-05-28 04:06:48,91,3297,0.7205,3388,1,2,1,367,48,74277.429,0,392.9514,6387
3811,490f10c8a61774b4e5b68b9fcc8edc78941339d4,0,0,0,2008-05-28 10:24:42,13,3297,1.0205,3310,2,2,1,23,9,52182.2929,0,386.1032,6071
3816,75fa0a15e8f2672ceb5f4d4b5abec5da1c0d4cdc,0,0,0,2008-05-28 12:46:51,47,30,0.9336,77,1,2,6,361,49,38101.8547,0,377.9895,6269
3820,b9d78bd66203eebb74b0cd8983a77299c8895cad,0,0,0,2008-05-28 13:07:12,100,3297,0.1172,3397,2,19,1,400,48,3195.1011,0,394.4183,6426
3818,5b03a0f045aab010af7dc5a8a4bafda0514db54c,0,0,0,2008-05-30 12:57:59,35,29,0.4013,64,1,2,6,11,3,14850.9711,0,387.1552,6233
3813,0baabb83b076640c63ba6443324caf622062c2e9,0,0,0,2008-05-31 11:37:41,3,15,4.5298,18,1,1,6,4,2,10256.5382,0,384.2318,6176
3819,512ce4dac1c73412a2b5ad74964f26244e0326e5,0,0,0,2008-06-01 07:49:34,85,63,0.7075,148,1,2,6,420,49,48379.3469,1428,393.0836,6308
3826,f817da4d62116ef57e30d10b17e95d01290547df,0,1,0,2008-06-13 13:17:28,27,3297,0.9936,3324,5,3,6,120,19,50797.149,34,10.8443,142
3827,c5c02f64a8a55e8a4469f3d8e9715b6df212ccc8,0,0,0,2008-06-16 08:50:19,43,31,0.0304,74,60,19,1,34,10,83814.1868,1442,378.394,6074
3833,90c43cd47db24821b2a1b4d50b8b0647af0b379b,0,1,0,2008-06-17 11:40:12,105,33,0.9775,138,2,2,1,395,50,14258.4752,0,384.444,6121
3825,4fa75c721ae209565192032e7f0e40bf5bdf8353,0,0,0,2008-06-18 12:10:10,111,21,0.8842,132,2,2,6,380,49,9775.7423,0,381.4301,6089
3832,6365250b066b77ef8bcb07e7d83a80f8dd26cdf0,0,1,0,2008-06-19 11:00:13,4,4,0.0077,8,60,1,6,22,8,8060.1372,0,383.9879,6139
3835,81ea5af5822c85947c7888ac32c582ab942fa3f7,0,1,0,2008-06-20 10:06:56,216,385,2.0674,601,8,3,1,46,9,35166.2411,196,115.0502,2201
3834,e2fcc1018373248577e9d1cd1dcfddb6f58be119,0,0,0,2008-06-21 00:14:42,121,98,0.9982,219,2,2,6,6,6,47235.0935,1447,385.3605,6208
3837,6adbc12b6e2c64e5b09101ea7ae75013a07be2ff,0,0,0,2008-06-21 03:47:30,3742,3297,4.5298,7039,2,19,6,106,16,52666.8636,1443,387.6696,6221
3841,87ee2c1dcdb0a4c49240bbc2b0702a24781efae4,0,0,0,2008-06-23 13:14:23,134,3297,1.1404,3431,60,2,6,350,50,35992.5897,187,119.0395,2421
3822,659532b7b02627adf4efc89e9a6c28288b3f19ae,0,0,0,2008-06-24 11:52:20,3742,100,0.1393,3842,60,2,1,355,51,64335.0651,164,150.0411,1504
3840,1c8566e84a3cf77dfcf9656fedb378b2c17ffdf9,0,0,0,2008-06-25 08:06:27,3742,62,0.7455,3804,1,2,6,398,50,73675.6695,0,374.0252,6357
3847,3feeecb98eb6ebc9135f48b886601dca382fa5b6,0,0,0,2008-06-25 08:23:00,44,20,1.0306,64,2,2,1,385,49,7816.717,0,380.33,6075
3843,08a277756f99f47541e5142920f7079eecf33915,0,1,0,2008-06-25 15:34:39,272,29,1.5884,301,4,3,6,1038,5,45299.634,91,75.3535,1973
3836,dca0d4654477726800cad00c604470ea070bcd16,0,1,0,2008-06-26 00:00:53,45,35,0.974,80,2,2,6,7,4,30856.6009,112,83.4839,1812
3842,1208bfc1666890afeb7ce49ba4fa3e7b58ef49ba,0,0,0,2008-06-26 00:12:54,3742,45,4.5298,3787,60,19,6,16,3,1574.9487,95,75.2268,1737
3844,27c2230c0588ed8e6be1b8bd3fb439f86fa35063,0,1,0,2008-06-26 04:42:08,3742,34,0.0326,3776,2,19,6,1038,3,15547.2236,118,76.8197,1765
3839,92b730e4294bcbc4e05cd0dafbc597ef85d24f51,0,1,0,2008-06-26 05:22:33,24,29,0.0044,53,60,1,1,2,4,2233.8986,1453,382.085,6177
3846,f836c73749195f43a2f2414b7b34c30feaf9e65c,0,0,0,2008-06-29 02:16:52,3742,3297,0.009,7039,60,19,6,12,5,77350.7212,1452,380.6709,6191
3845,2d04102d0eb4a1967380481d50c8903c28f027da,0,0,0,2008-06-29 02:26:47,14,3297,4.5298,3311,1,19,1,8,5,411.7205,0,381.4791,6136
3850,f4eea3fc9b2d8979a1625b71cd2774bc9419a314,0,0,0,2008-06-29 09:23:06,3742,3297,4.5298,7039,1,1,6,28,7,73013.0112,0,380.6796,6103
3848,b7124a41e822c0a0abe1b876c84870952588a0da,0,0,0,2008-07-02 04:32:14,45,3297,0.6993,3342,3,2,6,396,50,43461.7592,0,376.9657,6336
3849,f4dadbacdb9971a753741fe81942d41eaf1b9a1a,0,1,0,2008-07-03 04:37:42,1584,308,3.6253,1892,18,6,6,63,4,23701.6866,187,53.6351,2368
3852,3142aed216c5667b78936e0d043f4d2500f60bcd,0,0,0,2008-07-04 12:23:46,63,3297,0.9332,3360,2,2,1,394,49,55627.6202,1439,390.1327,5962
3857,061c81a3bbb62c52d60d5042989ad8ec7a9e2d5a,0,0,0,2008-07-04 14:39:48,2,55,0.7712,57,1,2,6,383,49,34138.2757,0,379.9317,6257
3854,125853e7df1dee4efa413a3a067917101e12428c,0,0,0,2008-07-05 00:05:18,3742,108,0.0719,3850,60,1,1,396,48,32895.1923,1434,377.4916,6011
3860,570d023b0c16eec5f73fe2b447fd0e7e8347d91c,0,0,0,2008-07-05 01:01:26,3742,3297,4.5298,7039,2,19,1,361,50,2292.5466,0,390.7822,6457
3863,f9f3eef087f953e12c829afd437d1e49a4d0ad75,0,0,0,2008-07-05 01:16:19,119,86,0.0565,205,60,1,6,407,51,2002.1808,0,371.0885,6513
3838,aa32488007c0b97444727206f591d828e7f8ebe6,0,0,0,2008-07-05 02:46:32,139,3297,0.4473,3436,2,2,1,406,49,36382.3139,1447,377.5331,6085
3856,4dbe0080255b8b48788d811a8528206b3b5fdcc1,0,0,0,2008-07-05 06:23:07,3742,27,1.0252,3769,2,2,1,11,9,38012.914,1448,380.4691,6065
3861,b5bed2da507fadcaf1dc14ea47161c59f6f6ee1d,0,0,0,2008-07-05 11:42:44,3742,39,0.0347,3781,60,19,6,110,17,29060.124,1438,389.0619,6302
3862,95f8a57c47d52324270cf9da316596238efc7de6,0,0,0,2008-07-07 01:04:46,28,26,0.0334,54,1,1,6,1038,3,23076.8414,1450,380.5524,6107
3855,b900689cca16fba60f30d67563e2c4d49c38d2f8,0,0,0,2008-07-07 07:45:53,3742,3297,4.5298,7039,2,19,1,374,48,19150.7681,1435,371.6854,6355
3858,065788a6b96a2c68f43d552655a39d9bd1ef67cf,0,0,0,2008-07-07 20:12:09,5,59,1.0625,64,4,4,3,24,7,32028.8314,32,4.9554,158
3859,8f1b2387d6806718e194f261dfffe741377cc2e1,0,0,0,2008-07-08 15:39:17,3742,3297,0.9381,7039,3,1,1,14,3,40815.2523,128,85.733,1730
3876,014b5ceb4ad3b2c1dae31cc8d25ba5f9e5f9ce97,0,0,0,2008-07-11 08:07:15,3742,3297,0.9519,7039,1,2,1,29,6,57841.8547,236,135.317,1927
3872,8e7b8c7f2706d476ff111aa2da8e99f2615dca63,0,0,0,2008-07-12 01:27:09,66,25,0.0416,91,60,19,1,377,48,43760.9346,1444,379.0192,6050
3871,fd824e02eeb81380e924ce16b461df25b354d4ba,0,0,0,2008-07-12 12:34:31,29,32,0.0301,61,1,1,1,14,9,37813.565,0,378.945,6041
3878,388946e151452798b6e77d31cb31b0cb853b0d77,0,0,0,2008-07-14 04:07:10,151,3297,4.5298,3448,2,19,1,29,10,56862.2365,0,379.4368,6256
3874,9740251456e21df459d4a4a05bbc4845ecf070e1,0,0,0,2008-07-23 12:15:13,3742,3297,0.0335,7039,60,1,6,41,9,12981.1031,239,120.8461,1832
3875,5f37202585b8b92dc5a0fb751bcdee2870756943,0,0,0,2008-07-23 18:23:19,83,41,0.0593,124,1,2,6,34,6,38462.8275,234,132.2943,1890
3881,4571dccd11d55ebd22f1a55203bca5f15599214e,0,0,0,2008-07-23 19:33:51,62,25,0.0599,87,60,19,1,17,3,38871.8136,243,135.3153,1935
3853,57a70a6d9a1cee62178124563eba5a03b9ceb608,0,0,0,2008-07-23 20:48:20,65,3297,4.5298,3362,2,19,1,1038,3,3569.959,202,122.2152,1920
3873,26f3e809e49965db5915670af1d8700ba5054fa3,0,0,0,2008-07-24 17:01:11,72,3297,0.2211,3369,1,2,6,145,22,54192.8856,211,136.6946,1820
3883,c63ac8a5a6eec74619533500326897e9397fbd9d,0,0,0,2008-07-25 12:40:36,6,12,1.0086,18,2,2,1,33,9,8342.5562,0,383.9705,6130
3886,a78f2774e54874b5b898c2b8414877c150705956,0,0,0,2008-07-25 15:16:00,3742,55,1.0348,3797,3,2,6,140,22,81847.5342,203,120.4579,1792
3870,27dce557a68252340978de3d441df4b87d628d97,0,0,0,2008-07-25 17:11:20,3742,3297,0.0439,7039,60,19,6,157,20,6362.4718,241,122.938,1843
3882,6e349cd98f91b45a13f99230d51329580a71953a,0,1,0,2008-07-27 14:37:15,48,100,1.7265,148,4,3,1,164,25,33058.4697,208,135.6858,1881
3888,e51f36f72429c43a58607334ea04852cd272b756,0,1,0,2008-08-02 19:41:14,268,96,1.5302,364,3,2,1,63,15,47174.5875,1095,270.5175,8233
3885,62f749104c6e6a734088bd6aa790e88be68b9c42,0,0,0,2008-08-10 18:26:54,94,3297,1.1643,3391,3,3,1,71,21,36481.6206,212,135.3666,1930
3887,a5affd092eb4f7a141af29c57c67ce2596e661a1,0,1,0,2008-08-10 20:04:39,96,117,1.206,213,4,3,6,105,18,15177.4173,215,124.9289,1891
3879,b87865550a9410982940429e1a711da6e3aa04ea,0,0,0,2008-08-12 17:47:10,28,53,4.5298,81,2,2,6,34,10,79114.6276,236,131.4052,1875
3889,1480ee7b54244e83d1510f0e0e996d8699871809,0,0,0,2008-08-12 21:03:14,30,3297,0.9452,3327,2,2,1,32,12,12340.6803,1087,272.3044,8058
3893,a4715666df1b531fba2cfcf0edb77cd6ac01c671,0,1,0,2008-08-17 19:16:51,766,19,1.0449,785,4,2,6,1038,5,74394.2928,15,12.3922,12545
3898,3645ce1a41b7fe280e23961cf2a9f82bb88dc027,0,1,0,2008-08-20 16:38:11,60,34,1.6139,94,3,2,6,86,20,54794.9397,1066,272.7991,8251
3890,9e972b6c2eff8be2587b63a3d591e0f144c2900d,0,0,0,2008-08-25 00:09:08,33,16,4.5298,49,2,1,1,1038,11,34051.6066,1442,378.463,6261
3899,eeb97f9d004c5818af678458fe5145a681bd0065,0,0,0,2008-08-26 15:12:20,120,3297,4.5298,3417,3,2,6,138,18,82288.1246,1069,270.0955,8255
3900,7e7b34994f731f3c7775431ddabe1c9e42f33d12,0,1,0,2008-08-28 04:00:50,411,78,0.9787,489,2,2,1,26,8,42829.947,1447,385.6822,6060
3880,f433a5ea14a731f65318f3c66efc5e7c01e2bb44,0,1,0,2008-08-28 11:25:17,128,60,1.0177,188,2,3,2,27,12,23222.6098,1444,387.8619,6273
3895,2ef6afb72c22a816fa9befe68a86bca95dbbc603,0,0,0,2008-08-28 21:45:50,3742,25,4.5298,3767,2,1,6,100,21,81103.834,0,378.4188,6049
3903,7f4889fa88c5d9a76b0e631210a7685031a16c6a,0,0,0,2008-08-28 22:40:06,3742,37,0.6131,3779,2,19,6,52,11,10030.4189,1440,378.8139,6086
3884,38b8ca957c91f467788ed56883de69cf0a37a93c,0,0,0,2008-08-28 23:11:38,12,3297,4.5298,3309,60,1,6,14,3,55343.7771,1443,380.1636,6209
3901,52d71df16a7f6f1bb8ec8905afce407a6b8ceb0d,0,0,0,2008-08-29 03:01:42,3742,41,0.0678,3783,60,1,6,379,48,36372.583,1433,378.7815,6022
3905,40f19cb84e5e63fdc1582797fbfd2ed43a46297b,0,0,0,2008-08-29 03:08:35,50,43,0.1235,93,2,19,6,368,48,86377.0,0,375.5505,5938
3909,b3e943c68c6211bd23beb059c72fda5cd99cfb68,0,0,0,2008-08-29 12:35:35,49,3297,0.4281,3346,2,2,6,102,19,24719.0982,0,379.7808,6023
3891,1ec467b04ccd41a3d62d61159ceb08e21e294d6d,0,0,0,2008-08-30 04:21:33,3742,3297,0.6006,7039,2,2,1,10,4,51832.1768,1440,385.2679,6215
3904,e88478eaa996614099231ea6fa2eb6ad00675d2b,0,0,0,2008-08-31 00:46:53,51,113,4.5298,164,2,2,6,62,14,39512.0387,16,16.6504,12545
3911,beb02b73e15b21bf96aa6eed8630787860a9e79e,0,0,0,2008-09-01 06:01:31,3742,46,0.5752,3788,1,2,1,212,22,70854.3007,0,377.9759,6023
3869,13978e0aa61be521731952b8b69e135a52a2aa91,0,0,0,2008-09-01 06:15:05,5,3297,1.2667,3302,3,3,1,49,13,30195.1951,0,386.0723,6104
3920,700d847323227142acdfe77fb941dbd0282e768d,0,0,0,2008-09-06 01:19:10,161,3297,0.856,3458,4,1,6,425,51,86377.0,72,26.7687,283
3907,4d0e0567abc613623b74b5c00bc5978d4429938a,0,1,0,2008-09-06 07:53:48,3742,19,0.4794,3761,1,2,1,1038,3,76999.5118,1442,387.7278,6245
3917,fa10d8243265c7fbd688f7e00fca5e925ddfb6a1,0,0,0,2008-09-06 13:20:18,3742,37,1.3063,3779,3,3,1,426,52,26134.2418,1437,377.4326,6005
3918,7e6f4c7b992ff17b5fa0d61d8598e07f1351498c,0,0,0,2008-09-06 13:47:56,3,15,4.5298,18,60,19,6,29,10,1525.6475,0,381.9423,6192
3896,2f6d37df937b26c3619a1ce49cf80c201634a513,0,0,0,2008-09-07 02:40:14,45,3297,0.0826,3342,60,19,1,98,20,16886.9588,8,16.411,12545
3915,0fcf728865273b3fa3994835be12f65dc7f5ea76,0,0,0,2008-09-09 13:41:06,3742,15,0.9912,3757,2,2,6,2,2,34172.5109,114,83.3674,1938
3902,cac44b7994a29f1b93e876483090f476702044c4,0,0,0,2008-09-10 02:13:28,119,3297,4.5298,3416,60,19,6,87,20,3.0,1455,1.8626,381
3916,a8d33b8ca09784159f9e5144a59705ea2874c789,0,0,0,2008-09-12 06:50:26,129,3297,1.1616,3426,2,3,6,18,3,57538.8484,200,122.9051,1795
3892,2a9c41e71c34dd9996729e79d01a09aa52429133,0,1,0,2008-09-12 06:54:29,62,3297,1.2667,3359,4,3,6,30,8,40446.6961,205,124.6601,2133
3919,0d35dfa5291c81ce225549947fb99759b237050e,0,0,0,2008-09-12 08:22:14,7,3297,0.663,3304,1,2,1,10,5,4165.0153,203,133.6974,2175
3922,7afb6656413c5fab2778d864b145750be883fed0,0,0,0,2008-09-12 16:55:05,3742,3297,1.072,7039,1,2,1,404,51,18761.4994,1050,286.4761,7907
3923,381b232dd0845f4f200ffadcfd17713a285c7193,0,1,0,2008-09-14 06:04:22,50,10,1.6804,60,8,5,1,423,31,50814.5419,0,372.6289,5730
3929,19439cb25942ef15c8ad1e7d38f636b7a254e09f,0,0,0,2008-09-15 04:42:53,3742,3297,0.0203,7039,60,1,1,1038,6,54111.915,1444,378.2996,6079
3910,8ee7c0ffa642068d6877c507f297cf191a3f897f,0,0,0,2008-09-16 02:53:17,91,94,4.5298,185,3,2,6,55,22,72737.7238,125,90.3733,2109
3926,3bbf59705aed70a7ee6213a2a64ec1c58095dd7e,0,1,0,2008-09-17 08:10:23,327,3297,1.8003,3624,5,4,6,139,23,29120.4739,237,118.2839,1896
3932,44ddedaa05394ab2ad503f77f1fbe6e41deb4f4e,0,1,0,2008-09-19 15:04:00,549,3297,1.286,3846,3,4,1,23,1,52854.5228,0,392.7972,6292
3927,a515eb118d517e87ee9bbcf1896c63a12bf815cb,0,1,0,2008-09-20 01:45:29,51,3297,0.8467,3348,2,2,1,23,13,41633.8905,0,386.1754,6072
3934,51bd0af8bc2014130148e9851dbb613f3dcede71,0,0,0,2008-09-20 03:03:50,9,27,0.6538,36,2,19,1,1038,4,54919.0216,1443,377.5643,6073
3938,8259b884b178160e5e5313da3f11c1808055ce24,0,1,0,2008-09-20 05:10:45,36,9,0.8935,45,2,2,6,5,9,10313.7643,1452,383.801,6193
3930,bb3b33ece93355931dc9c5db9fe47c3e1071a3b2,0,0,0,2008-09-20 05:39:21,3742,39,0.9396,3781,3,2,6,51,22,70013.3413,1430,390.8339,5942
3937,3b4265077bf95b95ce7cba4edca56f0cef945c84,0,0,0,2008-09-21 09:21:31,3742,49,1.5875,3791,3,2,1,148,23,20918.2997,1446,389.8054,6009
3945,e45de9abeaec5df479d7c87e9c3460225a9a7771,0,0,0,2008-09-22 07:07:33,54,3297,0.9725,3351,3,3,6,12,10,24413.3508,1446,379.3465,6051
3931,d7ef328d697218824c8c214a801aa6e9b4739330,0,1,0,2008-09-22 11:18:37,52,31,0.0839,83,2,2,1,1,9,14696.5765,0,384.9891,6054
3936,9af4670e2dbd4e27e534f96d88d063ffc0684360,0,1,0,2008-09-22 13:12:12,44,3,2.296,47,13,7,1,45,10,45215.9872,262,116.7076,1624
3933,1c7f32bf454304d33dbd7dec33ade6742538d166,0,1,0,2008-09-24 07:54:28,238,3297,1.4672,3535,4,4,1,30,12,54117.3357,242,137.5835,1895
3924,8a184b886467f227e3c6a0b07207bad934c413d1,0,1,0,2008-09-25 11:19:43,9,22,0.0139,31,60,19,6,8,9,86377.0,1450,381.7282,6176
3939,27dfb7f0f8c9bc0d174834c003c7d5d413a9d3cf,0,0,0,2008-09-25 18:50:22,3742,100,4.5298,3842,1,1,1,102,16,18901.0124,202,123.5384,1933
3948,4372ac9dbd8ce0f04a0638a116d353b5d6150ee1,0,0,0,2008-09-26 19:57:00,125,3297,0.0675,3422,2,19,1,420,51,8747.9173,317,68.317,319
3950,1175a86a32954f37753d58e615575dfc3368eac3,0,0,0,2008-09-28 01:43:45,100,3297,1.1737,3397,2,3,1,440,50,49064.8611,1430,377.2126,5996
3935,8f330ce205e662ff3793c673425502d1e384e6fe,0,0,0,2008-09-28 13:12:39,3742,3297,4.5298,7039,1,1,1,30,12,72680.7499,1441,378.3011,6227
3943,2c9e8125c59e6472a117c9035cc49b811058fb5e,0,1,0,2008-09-29 06:17:56,27,43,1.4802,70,3,4,6,67,13,48265.1704,208,131.7406,1959
3947,0157edec62d5de726525daadd70aedd0c7e8b68c,0,0,0,2008-09-29 08:19:17,99,45,0.1001,144,2,19,6,131,20,84798.236,246,115.6843,2197
3928,def6e9aa652a63d11b1c67003d914cefe934e0de,0,0,0,2008-09-30 09:55:41,50,3297,4.5298,3347,60,19,6,145,21,6692.5472,232,132.3782,1917
3941,97d63612b8d863cdbf4a8d4cb93de71b7079bd95,0,1,0,2008-10-02 00:24:28,237,204,0.929,441,1,2,1,30,22,20052.7536,129,76.6933,1968
3946,0be3568d201923217c1698402be6d9c076a5104c,0,0,0,2008-10-02 02:24:09,3742,3297,0.079,7039,2,1,1,31,19,7884.4091,96,75.7886,1716
3954,95602a2773a840ecab722938291526de6b4b2002,0,0,0,2008-10-03 01:46:19,45,142,0.8027,187,4,3,1,380,47,5571.5653,1455,506.65,381
3940,f428c604e1540cd15a7786b527a5dec16b004a77,0,0,0,2008-10-03 03:50:41,3742,3297,1.0551,7039,3,2,1,12,17,16327.1163,120,86.4771,1801
3952,fc4cf5d6ae35bcfe2212092d28da7851806c83af,0,0,0,2008-10-03 04:27:30,3742,142,0.1396,3884,2,1,6,383,47,11425.8615,156,71.2059,1489
3953,64112e739fc9cec265f2de1c27332313c9afe4ed,0,0,0,2008-10-03 08:23:53,7,6,4.5298,13,60,1,1,8,5,16525.2009,0,383.8257,6125
3908,ca887abfe76d441663c3bccaef1f732397ce8faf,0,0,0,2008-10-03 15:15:40,3742,32,4.5298,3774,2,1,6,19,7,52856.5671,1073,273.5711,8046
3957,8031486310d0a4ccb71492b1bb02a1d1761afd1b,0,1,0,2008-10-04 03:31:47,311,3297,1.3752,3608,4,3,1,1038,60,11689.202,1429,389.8978,6358
3942,5af408fd338f559a9180407bf4f0a04d9aaf9531,0,0,0,2008-10-06 14:05:20,10,24,1.0202,34,2,2,6,1,13,47831.0983,2,2.6783,12545
3951,9ac6a7cb4243b2e48d2acbe183180cbf9e492770,0,0,0,2008-10-07 04:22:23,65,56,4.5298,121,60,2,2,42,14,30922.8505,138,67.8357,2109
3955,323fd35e697bc8109f0b23e9153a3ae3ecb61917,0,0,0,2008-10-08 13:52:51,3742,3297,4.5298,7039,2,1,6,15,7,42731.8109,94,84.4922,1974
3960,b18ff1cbdf88c62fe1600104b1852fb7d03f577a,0,0,0,2008-10-08 19:05:54,183,20,0.1763,203,2,2,1,30,12,48696.4065,287,56.6857,631
3963,82e456e6921c2ea2f56943e5fdd6b8e3e5048303,0,0,0,2008-10-08 23:47:37,25,24,0.0229,49,1,19,1,17,9,50244.4351,1089,273.5481,8066
3969,b29b054536d418fc98b52acf5e99caa456a924a4,0,0,0,2008-10-09 01:13:03,3742,3297,4.5298,7039,60,1,6,179,21,42287.6779,1085,278.3754,8158
3962,19f0272de1853a826cf320b3a8938078540ceabc,0,0,0,2008-10-09 13:23:30,32,43,4.5298,75,60,19,1,64,17,67286.6585,1091,279.9207,8250
3967,785ea8f8fd57b682a5117ebd7224e7ae9e396dde,0,1,0,2008-10-13 14:14:08,321,69,2.0714,390,6,3,1,1038,5,46368.4825,127,73.8891,1676
3968,fb9c2369233e1ebbc5234d3018dcdd7b064ca875,0,0,0,2008-10-15 07:59:57,3742,45,0.4947,3787,2,2,1,68,21,31667.8763,1439,386.165,6331
3970,f1d8ad8774de0a9d5432605178e90eb394c0e233,0,0,0,2008-10-15 08:32:50,41,3297,0.6136,3338,1,2,1,110,16,54886.6079,242,135.6125,2138
3976,85e97254964c0c0ed9bd4b03391e2eb3b051573a,0,0,0,2008-10-15 09:51:16,41,25,4.5298,66,1,19,1,1038,2,77686.875,1448,386.2993,6234
3964,adde46608c8068bae729449dbea0eb9bdbc94d7c,0,0,0,2008-10-16 11:17:34,3742,1,1.2067,3743,4,3,1,83,18,31292.4261,1438,389.3514,6002
3974,faf85cdc28c0e73153290f8a6014db01bc694e6a,0,0,0,2008-10-16 19:33:54,147,3297,0.6223,3444,60,19,6,444,49,39835.1675,59,506.65,12545
3979,49aa01a5901f9fd92ef68ec65f6bcacff6589ca6,0,0,0,2008-10-16 19:48:31,164,3297,0.8642,3461,3,2,6,384,51,8865.9668,40,22.6437,12545
3972,8e98b30f14a83afafad90b37830e93ddd8e7835e,0,0,0,2008-10-17 11:32:44,7,105,0.1996,112,2,2,6,93,16,11368.6154,1063,280.942,8228
3978,bbe26aa39019864e1f493b12bc06f28e019f1a39,0,0,0,2008-10-17 13:43:01,12,3297,4.5298,3309,60,19,6,1038,1,23636.6434,211,122.2374,2146
3982,5b1da9eb22e695951b6d430cad3f8430b0c4877f,0,0,0,2008-10-18 01:00:46,7,4,4.5298,11,1,1,6,21,5,67523.1451,1453,383.8206,6171
3973,0695d2a5d518816059e43d6fe842faa010219064,0,0,0,2008-10-18 13:28:43,26,28,0.8455,54,2,2,1,431,50,35509.8132,1445,379.3785,6076
3980,9ad846e0e11b3037dae8638b9488146cc8ca21a8,0,0,0,2008-10-18 13:40:07,3742,92,4.5298,3834,60,19,1,391,50,2902.3467,1432,373.1817,5828
3991,34cebcb0c3594d55917bccee7d7f5a12f9d46370,0,0,0,2008-10-18 14:13:04,33,3297,0.7906,3330,3,3,6,442,49,15475.6423,0,379.3832,6207
3965,9963ad157782da4bd5d7ab5dab03838114e97bb8,0,1,0,2008-10-19 00:58:00,70,64,0.0181,134,1,19,1,100,18,43573.7875,1443,384.7602,6101
3984,195e4ede6b1733d2e0ba471a4f42cc6466ea1610,0,0,0,2008-10-22 14:51:57,14,21,4.5298,35,1,19,1,5,2,2168.2199,1074,278.6981,8185
3981,0f0ea54c6d9fc40cf40b93870f389d1cab8dd510,0,0,0,2008-10-23 14:54:06,86,3297,1.4651,3383,3,1,1,6,2,40309.9972,270,62.3625,701
3987,4e1d1d0f73300c1ed873d1528b811e09a01d0ac2,0,0,0,2008-10-23 20:55:59,5,35,1.0935,40,4,2,6,220,21,65580.3195,1066,280.6331,8033
3993,290736c2a2c706ad85408dd711e35b4832a4b1c2,0,1,0,2008-10-23 22:39:07,171,31,0.8186,202,6,4,1,191,24,37275.257,1070,272.0957,8258
2918,6b2613f3c350b7e34ecad1d4eb0d3cee192651b0,0,0,0,2008-10-24 12:35:20,3742,36,0.9188,3778,3,2,1,188,22,10773.2816,1088,272.302,8011
3971,0af31efcb3a23a96f5e41f8f4ea165a2f4e43f50,0,0,0,2008-10-24 13:22:50,3742,3297,0.6329,7039,2,2,6,11,4,44065.5396,290,60.9797,526
3989,ff5077e362e261623a658bdc962303ff77a76a14,0,0,0,2008-10-27 16:24:08,60,44,0.9546,104,2,2,1,14,4,10369.6446,298,53.8777,697
2917,3a120ee868d081a22db844c34e380afb89656ff4,0,1,0,2008-10-29 20:35:06,148,19,0.1305,167,2,2,6,75,11,20693.6915,1089,274.2102,8041
3958,366c1e43bbec136a38a79172cd01a747cdac90e9,0,0,0,2008-10-29 20:36:56,5,6,0.0072,11,1,19,6,6,4,16251.258,1082,277.1731,8090
3986,4ac2ed415bbe13ae6d587f4907bf69c46e836d56,0,0,0,2008-10-30 12:45:11,3742,59,0.7458,3801,2,2,6,180,20,86377.0,1092,269.9075,8242
2916,2480d39799e47bf95c514bfa21c8aa4c960bf32e,0,0,0,2008-10-30 15:09:01,8,3297,1.0492,3305,1,2,6,106,20,35571.3501,271,66.0685,698
2921,7d8857c6aa6b76d1bf3fb9a9a781df94fc3c8f9b,0,0,0,2008-10-30 15:32:37,43,18,4.5298,61,60,1,1,11,9,81872.4546,1085,278.5003,8059
3983,c1805b4053d5fe987d2f0d3fe80d57b2d72dea93,0,0,0,2008-10-30 17:40:33,41,3297,1.0108,3338,2,2,1,40,9,65439.0541,1073,278.7126,8175
2925,ffe5a956dbb5cdb510c2bdce518403a15f8a5dbf,0,0,0,2008-11-01 14:39:38,20,12,0.0111,32,1,1,1,1038,2,68911.2536,1450,381.2519,6206
3990,2b747c4ed638ea559315a07dc24644a07cccf012,0,0,0,2008-11-01 14:50:08,15,12,4.5298,27,60,19,1,5,3,71524.3488,0,380.4689,6228
2920,6a8086defc3712006c47625c41c5dc75247fa3a5,0,0,0,2008-11-01 16:22:46,41,3297,1.4262,3338,4,2,6,89,19,6458.4683,1442,389.9829,6280
2919,6c617a4a0803d6ba61c460c7d01df060fafcf129,0,0,0,2008-11-04 13:44:16,32,21,1.2618,53,5,2,1,33,12,9827.3235,17,12.0369,12545
2923,c483fcb9929eba7d293a8a7f98a604cefb21f090,0,0,0,2008-11-05 14:47:07,1,47,0.5166,48,2,2,1,29,5,5530.5643,292,66.1102,679
2927,f4023c085e3ce26b753643336f012597eb7b06a5,0,0,0,2008-11-07 09:25:24,3742,15,4.5298,3757,1,1,6,3,4,19173.8675,290,60.3803,533
2930,596abf9758141bea4b7af5e86f65a97628dac442,0,0,0,2008-11-12 13:44:49,52,57,1.9498,109,3,2,1,1038,5,72319.7224,122,75.9986,1953
2931,58239fe4904d2180b3cf08c459c3b03e1e800850,0,1,0,2008-11-13 02:52:27,202,54,1.9346,256,5,2,6,1038,4,48166.2585,97,85.1941,1918
2926,ed15691b7872e68eddf9b7613f1a851eaf85d8de,0,0,0,2008-11-15 20:51:14,38,38,0.0321,76,60,1,1,45,12,34277.8817,1445,386.8426,6239
2929,2c2fe347193993a8e60635f86d381ad4e086d492,0,0,0,2008-11-15 21:33:26,56,9,0.9563,65,2,2,6,23,4,24071.2226,0,380.8181,6089
3966,1c65c58fc514bfbe9ce8094dff3590cc2f6b5546,0,0,0,2008-11-16 12:59:05,8,3297,4.5298,3305,1,1,6,2,5,26910.4821,1451,384.0509,6124
2935,3cbd52e4d78644e05f2ce210fe827f6809688da2,0,0,0,2008-11-17 02:14:49,67,59,2.398,126,5,4,6,20,10,16775.3496,77,13.9059,139
2928,af88ab30ec5d2b89bf57cc0a60fa30505f644f0e,0,0,0,2008-11-17 06:19:04,3742,23,2.0294,3765,4,2,6,1038,3,36737.8694,47,17.003,360
2936,001972671fdf07bd431434796a6968e1bee27385,0,0,0,2008-11-18 10:49:51,37,3297,0.8687,3334,2,2,1,1038,2,893.9386,0,379.8917,6075
2945,66d7c676930988235abf224cea1e946e2a09576f,0,0,0,2008-11-18 12:30:56,3742,3297,4.5298,7039,60,1,1,6,2,5681.5867,0,385.4208,6190
2924,3de4ff0a1775d4a9ecf2828de14fdd201b216f63,0,1,0,2008-11-18 13:51:18,24,3297,1.0422,3321,3,3,3,36,11,38173.333,41,17.0488,408
2940,920ab538e2c1f488d335d221d280bd767b546a9d,0,0,0,2008-11-18 15:21:53,3742,3297,0.0154,7039,60,1,6,24,4,10865.164,289,61.1683,654
2944,444c449f2af9d6c707a31e76f6839cade7c17e65,0,1,0,2008-11-18 16:13:55,17,3297,0.8822,3314,2,2,1,9,6,46881.1494,289,57.1352,575
2951,059bdd495bc3fabb9af9a97ac92b3bc5c4b783c0,0,0,0,2008-11-19 13:52:43,49,2,0.0272,51,60,19,6,4,3,52267.6703,1446,385.3205,6230
2937,3e8531a4c83526736f99a77fb0d5474e669266fb,0,0,0,2008-11-19 14:52:49,3742,3297,0.038,7039,60,19,1,141,20,57707.1135,1068,280.7984,8319
2946,f1358e172f2ac2d3eaf49ee4180a1af2a638e390,0,0,0,2008-11-19 21:23:27,42,37,0.0161,79,1,19,6,3,2,39921.5333,1087,278.8919,8153
2949,4f1072daad82162f4f16cdb0a3c68891bbee214b,0,1,0,2008-11-20 04:01:05,35,46,1.2753,81,3,3,1,30,6,36820.9785,1444,380.6833,6058
2939,15eb04568cbf5b5bde987974387f8fae9c0a9f69,0,0,0,2008-11-20 11:16:48,208,3297,0.8428,3505,60,1,6,369,52,62709.6246,22,35.0276,679
2948,e2223e5828b68d56577b7b4fdfa0080a9b0906db,0,0,0,2008-11-20 13:01:22,19,3297,0.9712,3316,2,2,2,20,5,42230.0773,0,376.7637,6019
2953,2ca42c96885984c0edf613188545b3f7ecf2ca57,0,0,0,2008-11-20 20:20:56,27,3297,0.0384,3324,1,1,6,1038,2,26860.7409,1443,379.1106,6245
2955,16ac7817bc0e64276c5822852607c5f083795d56,0,0,0,2008-11-21 00:16:39,14,3297,0.0103,3311,60,1,1,3,7,16289.1721,1084,274.7616,8159
2947,c8d8c8a8550c75245ca9e4ca375b964a4040ce90,0,0,0,2008-11-21 06:58:41,3742,103,0.1173,3845,60,1,6,446,48,73060.366,1455,42.7008,12545
2957,4b5f9831c1e5dd7d6bd0a67a600935aa18370672,0,0,0,2008-11-21 07:08:55,3742,77,0.1494,3819,2,19,6,444,51,3405.7473,93,33.0847,686
2963,01062e8a44ce87f47ae8395e23a1b396a3c1e5d1,0,0,0,2008-11-21 11:43:51,3742,109,0.8763,3851,60,2,6,440,48,26531.6745,327,49.8542,366
2942,9796ea6a67786efd9cc760f4fe4bd28ccaea3ccb,0,0,0,2008-11-22 03:19:58,122,169,0.1607,291,3,2,6,450,47,52983.8511,104,31.6145,609
2950,5edf29a40187fb8cf6cf733ff5f6e67c88d92b6b,0,0,0,2008-11-22 07:26:30,40,3297,1.0337,3337,1,19,6,1038,3,52287.2197,0,377.1212,6003
2943,09df618b7a224e9fe19bea03ad329e7c13673016,0,0,0,2008-11-23 20:54:20,66,16,0.7421,82,2,2,1,18,8,27347.7675,53,23.6354,189
2964,e58f24be98fa7aa6f5b6ef9da894922e6b0e2a45,0,1,0,2008-11-25 05:42:11,52,3297,0.516,3349,2,2,1,19,7,45129.8286,54,22.4019,229
2967,20c41feaf610b4af627eda3620f0cb747a218f09,0,0,0,2008-11-26 07:04:04,101,90,1.5252,191,5,3,6,439,47,8700.0849,86,32.3429,22
2958,1db4b451ca8d9c11257ab24c57eea5824799772f,0,0,0,2008-11-26 12:58:16,41,3297,0.2454,3338,2,2,6,40,10,35932.1023,271,55.9636,469
2965,52703654d247af8eec14c023330aee0dec719bc6,0,1,0,2008-11-26 15:52:39,87,80,1.5192,167,2,3,6,67,16,66572.8629,1061,280.9948,8223
2970,3618b4b60c7487e7c4953dcc0fb524a8dd473743,0,0,0,2008-11-26 17:20:55,70,37,0.8636,107,1,2,1,102,17,15546.7908,1093,280.2036,8010
2962,fc2a52e5f79f17d7da02f955ac51608b539c2631,0,0,0,2008-11-26 18:33:50,95,82,0.6864,177,3,2,6,437,50,43394.8488,39,10.9657,605
2974,f605d7b849061433d27307787b4d821ed9535e16,0,0,0,2008-11-27 13:16:28,3742,3297,0.6541,7039,4,2,6,55,14,32881.3769,1088,270.5255,8216
2961,485c04b63ab6cce2bb7e271aa559bf13d4b47f6b,0,0,0,2008-11-27 14:30:17,4,20,1.0244,24,1,2,6,94,15,61097.4816,1087,274.3832,8174
2969,f80899dc4a659b21ecbcaf0fb25cbc419d65ca74,0,1,0,2008-11-27 17:19:55,21,3297,0.9611,3318,3,2,6,109,21,36339.9029,1071,280.0875,8193
2975,14343a32bfed9b1930e2847d5cbb6a804026e96b,0,0,0,2008-11-28 22:36:21,3742,44,0.0453,3786,1,19,6,31,9,58852.2789,0,388.8747,6297
2956,3a4fb11e55077e9f6d17128ab61ace22c3b617fa,0,0,0,2008-11-29 04:21:07,44,76,0.0549,120,60,1,6,179,22,56934.8177,1440,377.4551,6239
2966,4f7bf9925957fbe3100e1a963423ff1d03ce8c5b,0,0,0,2008-11-29 12:33:51,3742,3297,4.5298,7039,60,1,6,179,20,28785.8927,1435,375.6123,6000
2973,45c728771d11f2309cdd8a44c3ed3ba6cf94c679,0,0,0,2008-11-30 01:55:11,3742,43,4.5298,3785,1,1,1,0,8,6884.3504,123,74.0631,1963
2980,d9885305aa944c390617d1459c2eb97723256cd5,0,0,0,2008-12-03 16:25:28,39,3297,0.0046,3336,1,1,1,3,5,1334.8174,1082,277.3409,8141
2959,4fa39ba12339e37d5461afe50ea5ca6b29dd7616,0,0,0,2008-12-03 20:34:39,3742,44,4.5298,3786,2,1,6,119,18,12577.761,161,19.6218,579
2977,80c35d9047436a19b59cb6bfc6e1e7b514b5e162,0,1,0,2008-12-04 00:35:34,92,44,1.6232,136,2,3,6,156,26,43115.9513,1061,270.3807,8000
2982,126d4dc3538301923b768ae42e79281d098abfef,0,0,0,2008-12-04 18:51:10,3742,3297,0.9735,7039,2,2,6,187,24,24346.0741,1070,272.9294,8200
2952,31bedcdd4611a32545fe084cf20d3cd28fd5204e,0,0,0,2008-12-04 23:17:07,40,29,4.5298,69,2,19,1,104,14,80415.2409,1091,280.695,8293
2983,af544cb4a3615e7c124bf0235bcad85a6195048c,0,0,0,2008-12-05 12:12:04,200,76,0.8833,276,3,2,1,408,50,52644.6953,1441,377.3809,6322
2971,8df43bd36e63132210287da6c9a750c79c2be25a,0,1,0,2008-12-05 20:46:18,12,11,0.8809,23,2,2,1,8,8,51278.5374,169,17.1273,507
2984,49f3655436a97c59254a8b81d84896bb7a6f9f61,0,0,0,2008-12-06 12:06:31,3742,3297,0.077,7039,60,1,1,13,4,34132.8317,152,6.3063,280
2988,f0b0d17939acb3b87a64640441a159e9dc27f014,0,0,0,2008-12-07 09:34:33,181,38,0.8008,219,2,2,1,6,1,35231.034,0,387.1966,6288
2991,8dfac1ca7fd8d6089afdaf4d92d40596c920fa65,0,0,0,2008-12-07 09:41:00,3742,3297,4.5298,7039,1,19,1,1,9,52637.1153,0,379.881,6057
2979,cac249ea52aefad322dad086aa8705bd054785b0,0,1,0,2008-12-08 20:13:31,3742,3297,0.8801,7039,3,2,1,98,16,74115.8109,193,10.4163,280
2990,ab59cc5af44e26f4e8841c711e65901054f88ff5,0,1,0,2008-12-09 12:31:44,52,13,0.0101,65,1,1,1,6,9,10118.962,0,383.9207,6115
2997,0c438cda17bfcc6f36ac38b9ec4fee03ac145fa7,0,0,0,2008-12-09 18:30:56,3742,124,1.1302,3866,4,1,6,393,51,36547.3371,192,112.1689,1756
2972,3a89a18e72c0d3df6aab8e23d0b88c69716a6b25,0,0,0,2008-12-09 19:08:08,3742,3297,0.0288,7039,60,19,6,10,17,74407.462,1093,281.5551,8262
2986,6bcc8174aaae6cb150534a4c3e3910059206e5be,0,0,0,2008-12-10 10:45:03,3742,33,0.0493,3775,2,1,1,17,7,57914.2718,0,379.2543,6030
2996,6fc313e98b9ea7e3fdecc197f91130533d754a54,0,0,0,2008-12-10 11:09:37,50,57,0.4602,107,1,1,1,429,49,31325.7775,0,379.4202,6304
2995,1708a25712852a08370eb51867cbc1bd01eb68c1,0,0,0,2008-12-10 13:28:22,56,61,4.5298,117,2,1,6,37,17,67433.3808,1438,376.3784,6338
2978,6714ae05ffe18be11a6ea0d4aa6278a87bc0fc93,0,0,0,2008-12-11 00:48:07,100,65,0.7573,165,1,2,6,175,22,12943.1603,198,5.5607,216
2992,575db4caf7cc4cf18d866ad78b01715dc8ef105b,0,0,0,2008-12-11 04:24:41,91,41,0.5838,132,60,2,6,213,20,13205.2431,201,7.3887,157
2993,5b93bfd7daf038b318810d483220ee8ba451e779,0,0,0,2008-12-11 08:13:09,71,43,4.5298,114,1,1,6,7,4,36264.5065,1447,379.392,6213
3001,ad48df7156b801575db4c9e8dfcd661dc2090e8c,0,0,0,2008-12-11 08:14:24,3742,9,0.0109,3751,60,19,1,13,4,284.8106,0,382.1647,6115
2989,1eb029ca2b910bb8e28e341e1b63f33bbe2f9ac1,0,0,0,2008-12-11 11:00:29,73,3297,1.6749,3370,3,2,1,11,4,24818.5356,0,378.201,6028
2999,f533ae4e0c853d3f9a67e0d3b6dc55f4a1610f0b,0,0,0,2008-12-11 14:25:07,22,61,0.981,83,3,3,1,183,21,45380.0398,156,21.7682,536
3003,342d1109194a3c22e7c83263d832f0984e55463b,0,1,0,2008-12-11 18:05:44,28,3297,0.9611,3325,2,2,6,3,4,53396.3707,171,12.1399,360
2994,e0a011c70a1318f10fb9ba09fe249c168e6b909e,0,0,0,2008-12-14 03:07:42,30,36,4.5298,66,2,1,6,30,10,47035.9865,1445,385.5407,6229
3008,8cb87d8f15d37ec8cd6a936b0473ae8c98525cdc,0,0,0,2008-12-14 10:38:36,3742,13,4.5298,3755,1,19,6,3,6,7878.8321,1450,384.0244,6205
2981,c3cad5627d2c25fb17809430a8aaf02c8468aa69,0,0,0,2008-12-14 15:52:13,3742,27,0.6338,3769,3,2,6,14,5,15753.0597,1455,10.2534,12545
3007,b5d322886cf297031d84724b6e6328a5729961cd,0,0,0,2008-12-14 22:54:51,3742,103,0.1965,3845,3,3,6,388,51,65034.6355,1455,506.65,360
3009,b4380c99f6142d0b0c709057e85071210fb0e69f,0,0,0,2008-12-15 11:22:42,46,3297,0.5601,3343,2,1,1,7,6,76536.0892,66,24.7484,248
3012,ede659229a3c9e4e7b1c083948f1ea0e3f0d2704,0,0,0,2008-12-15 11:23:05,3742,3297,4.5298,7039,60,19,1,9,3,77618.431,0,385.6163,6231
2998,cf7dd2b919d94147c516a5eecf9fd986446af66c,0,0,0,2008-12-16 01:34:18,56,3297,0.4621,3353,1,2,1,14,4,20172.1998,163,7.3568,548
3010,6f6076f1be46869250d57f78e529704f826d95e7,0,0,0,2008-12-16 10:19:06,59,20,1.0142,79,2,2,1,23,6,23251.0391,0,386.5545,6080
3015,905763231dc518269d063cbc0f5b928e500d3496,0,0,0,2008-12-16 11:42:29,23,3297,4.5298,3320,1,19,6,14,5,4644.8345,0,381.7169,6119
2987,045e81ee68a462a5f7b5d1c0c68a4d14c7639cc0,0,0,0,2008-12-16 12:03:27,4,17,0.0182,21,60,19,1,15,9,67078.2776,1073,274.4268,8087
3006,21ffa34a4f8972f1013a86066e06013ae3bbe9ed,0,0,0,2008-12-16 13:07:51,3742,3297,0.4828,7039,2,1,6,200,21,42202.496,1069,281.4728,8279
3013,b756588e47282bb27f8982e3789f5f16e37e32ce,0,0,0,2008-12-16 16:10:57,3742,3297,0.552,7039,4,3,1,57,27,7629.7766,1104,281.3466,7986
3018,94854a5a7e51a613aa297e157bdd3d20cff58888,0,0,0,2008-12-16 21:40:48,3742,16,0.0187,3758,60,19,6,65,10,3355.4823,1088,280.3557,8167
3004,a9c15b3096c43e604f2adf7d90abd7a92fd6872d,0,0,0,2008-12-17 09:18:57,3742,36,4.5298,3778,60,1,1,45,16,3468.0139,264,64.3157,435
3002,9309ce2b167459e97765d86dcc3e24df86a584ab,0,0,0,2008-12-17 21:24:32,23,19,4.5298,42,1,19,6,7,2,46093.9466,0,383.7341,6184
3020,5155cf29c8a93437315965ceed2ef5d2936ce3a9,0,0,0,2008-12-17 22:09:51,3742,3297,0.0569,7039,2,19,6,411,48,82427.0968,1430,389.874,6278
3021,c8e504cb9ab788d14767124d4eefa23234a24a49,0,0,0,2008-12-17 22:25:21,53,36,1.627,89,4,2,1,331,29,17644.9113,1059,269.3862,8305
2976,37999d099151e768640f206c0de3573b80bb63da,0,0,0,2008-12-18 01:21:38,53,36,0.0399,89,60,19,6,186,20,11694.5727,1062,271.991,7989
3016,f698907bf760d2e8a799b7ab1a87ab19da04079c,0,0,0,2008-12-18 13:25:58,51,22,0.8896,73,2,2,6,120,17,62540.1209,1087,279.6206,8207
3017,832fd10297a5b2adfb563ad7e02c1bea10bc8fb8,0,1,0,2008-12-18 15:10:28,3742,16,4.5298,3758,1,19,1,28,15,21302.9385,280,57.9246,556
3023,3e684201917261f7bf1b0973b9e01a56ec0f26fc,0,0,0,2008-12-18 19:54:12,3742,3297,0.0294,7039,60,1,1,15,4,57857.6482,52,18.2195,333
3005,b1040f68ec8ffa59856bf9c617fd8b068cbd37a5,0,1,0,2008-12-19 04:48:42,81,3297,0.5148,3378,4,3,1,153,20,24196.6839,122,73.0934,2064
3025,9b41cdd2e079e5fb5a47111b18c64aecec6428ac,0,1,0,2008-12-19 10:05:40,99,32,0.9517,131,3,3,6,28,6,49836.9371,0,386.042,6224
3026,34f573eb17d6c50dfb94d5338f44a85457b40150,0,1,0,2008-12-19 15:46:00,15,39,0.8669,54,1,2,1,106,15,36388.6252,162,17.7673,362
3011,695ad3accf5c9b8fee9767b1455fcb97a1a8861e,0,0,0,2008-12-19 18:21:31,5,27,0.6448,32,2,2,6,24,5,56815.9257,189,17.865,340
3022,7e3a29d03b3a6388775f87045a21cf8c9a1cb833,0,1,0,2008-12-20 09:48:39,64,30,0.9491,94,2,2,6,6,8,46220.3148,190,15.8985,346
3030,b01ba25ab78fd74c153ed770136c509ecebb4370,0,0,0,2008-12-20 11:19:58,47,86,4.5298,133,60,19,6,24,9,40760.1122,1445,386.0506,6234
3031,9e650aee1b60eef42d7e1610ce5662a121f07df5,0,0,0,2008-12-20 13:27:02,10,3297,4.5298,3307,1,1,1,8,7,5051.901,1451,384.7903,6120
3033,a805680cf8069c44e836d9e294c8d780a553ff9f,0,0,0,2008-12-21 14:39:44,3742,45,0.557,3787,60,2,1,178,23,7417.2684,83,14.6247,89
3024,0a9be9240a4ca36cb58e0114d597ffd065eb3157,0,0,0,2008-12-21 18:37:25,3742,15,4.5298,3757,60,1,1,16,8,963.2568,1086,278.6455,8149
3036,4211cfd1e25d57d71ae11dad404f10d591642adf,0,1,0,2008-12-21 20:45:52,19,3,1.5062,22,4,3,6,124,20,14031.7956,1063,273.1664,7947
3038,08b06bdae0c1ecc6000f765b32d8993698263051,0,0,0,2008-12-21 21:27:37,3742,3297,4.5298,7039,1,1,6,13,6,76143.0662,1077,277.861,8098
3029,6211a4147f0ce00baafce64988e5ce81623594b1,0,0,0,2008-12-21 22:49:21,38,3297,0.4904,3335,1,2,1,220,22,53333.9991,301,65.7918,752
3034,fa1defabd80bbcb4072957bb3a6b0cec21c20d79,0,0,0,2008-12-22 06:27:29,17,112,1.3006,129,2,3,6,10,9,80247.2682,0,388.3415,6241
3042,7bcf4b87f87bc974f4be6a81a4c5f1e489a663ba,0,1,0,2008-12-22 06:59:54,115,50,0.9927,165,3,3,6,438,53,32407.7456,0,385.2475,6047
3027,894089d1705c27270bf74532e72ffb26c51f0e47,0,0,0,2008-12-22 16:38:04,70,22,0.9423,92,2,19,1,22,9,74937.2381,25,7.587,12545
3039,1c8bf5faf5f0beaa6b6c47f386d56fc9d5d01260,0,0,0,2008-12-25 07:17:17,3742,112,4.5298,3854,60,19,1,456,51,86377.0,26,3.0905,570
3043,f4cf4dae78aae0157485d7c57fdb8923a613dc9b,0,0,0,2008-12-25 18:57:52,3742,3297,0.0906,7039,2,19,1,394,50,44598.2002,23,36.8398,565
3035,21d5b78e2c0f09129b93407ddfbeec9a0020fc22,0,0,0,2008-12-28 06:47:20,82,40,4.5298,122,60,1,6,441,48,59862.6487,1430,391.6373,6316
3040,039917234e872046f21f64b4dc31af8f04665aba,0,1,0,2008-12-30 22:58:30,13,13,0.0098,26,1,1,6,11,4,17745.1752,0,383.6083,6132
3046,f0bb479bd0ca5f21ff4a5162d6171077148fe3f0,0,0,0,2008-12-31 08:36:39,30,24,0.9804,54,2,2,1,429,50,14825.945,0,384.3348,6105
3052,74db31057dbaeeaa3f3e64515f9dae10b14b0eae,0,0,0,2008-12-31 09:03:00,99,3297,0.7806,3396,2,2,6,423,49,682.9377,1435,375.83,6326
3050,3dd64b0ab28c5818ab95ba789f5dc7ec8bff8db4,0,0,0,2008-12-31 09:04:24,3742,46,4.5298,3788,2,19,6,407,47,2580.8353,0,396.6722,6349
3058,b046ca9f5fe95ba1b797703c2302351557ecc1fe,0,0,0,2008-12-31 09:06:14,119,99,0.1044,218,3,19,1,411,47,2277.3848,1415,393.2878,6331
3056,0f4527523747406c58227bf7198c501782dc7ba1,0,0,0,2008-12-31 11:20:49,3742,3297,4.5298,7039,2,1,6,444,48,9476.6061,1423,388.9548,6456
3041,c2be0065368cd7a4b2663115747c0025993ba7de,0,0,0,2008-12-31 20:13:19,3742,34,0.3285,3776,1,2,6,68,12,80831.1066,203,19.6792,286
3051,17fd89e94d1c5dfdcad98168947e715aa50692ac,0,1,0,2009-01-01 00:33:10,42,3297,0.8814,3339,2,19,1,28,9,52445.2446,0,442.9918,6213
3053,d7b58339c96e553068cbd83293084ddfd075caf1,0,0,0,2009-01-01 00:35:26,29,3297,4.5298,3326,60,1,6,6,4,61924.9091,1448,442.6968,6123
3067,8b911286b3da2b0b0ba8c3da1fea74990205ff5e,0,0,0,2009-01-01 00:38:46,110,41,0.5841,151,1,2,1,446,51,50568.8625,0,432.4283,6271
3049,9f1cc3ad607d3e0f24af9c13fcd80ff964e764fa,0,0,0,2009-01-01 01:59:20,42,3297,4.5298,3339,2,19,1,47,15,43577.0855,1432,447.3307,6259
3055,e4de5a2e0d23d52a7670becba667f942d3eecd25,0,0,0,2009-01-01 02:03:51,21,3297,4.5298,3318,2,19,1,23,14,86377.0,1445,438.221,6258
3066,aedd1530cfa0734cbf580468da05e03780caf5c9,0,0,0,2009-01-01 04:38:03,3742,69,0.2911,3811,4,2,1,427,51,28966.3046,0,433.7111,6335
3044,764c9081094db12d24e52623587aa5c8b4511e05,0,0,0,2009-01-01 16:44:26,3742,3297,1.5759,7039,4,3,6,11,8,21372.2166,1442,436.6095,6018
3060,27693aaf69a39265f55409c57bcc9fc0bdc2672e,0,1,0,2009-01-01 16:44:58,939,736,2.8432,1675,13,4,1,65,7,26370.2365,1429,453.6435,5764
3068,71268ca08e6c7146799d1ffdc3e3b49775ec1d84,0,0,0,2009-01-02 03:42:32,72,20,0.7134,92,2,2,6,9,3,27462.1347,183,111.246,383
3057,49656b75d5cce43da674dbdb25fb0381adfc8e5b,0,0,0,2009-01-02 04:17:56,34,3297,0.8599,3331,3,2,2,41,9,28394.6293,0,435.6888,6340
3065,65ce2b9dd2ae9151f16e93f96c0e8203c4a6ffcb,0,0,0,2009-01-02 06:11:20,26,3297,0.0389,3323,2,1,1,1038,4,49208.5496,0,436.6643,6222
3073,f6dc6b7a663c7b1fa456f9f7c5754bc8bcfffed3,0,0,0,2009-01-03 02:15:35,3742,36,0.7381,3778,2,1,1,12,2,8768.795,0,438.7727,6221
3076,b81559bd7d3be180c56f91566bfc9252c44fe9dd,0,0,0,2009-01-03 04:40:18,99,3297,0.1156,3396,3,2,2,72,25,40412.1244,1428,429.472,6053
3079,6cc466a0b5d53973abeb1b43cd970489f983455a,0,0,0,2009-01-03 09:50:36,91,26,1.4871,117,3,2,1,25,2,18235.3152,1453,442.5805,6186
3082,c0fb1575730403b233384f917a9666cab4b8c44f,0,0,0,2009-01-03 12:02:20,79,59,1.7597,138,6,2,2,5,12,65061.3934,0,450.7543,6021
3071,e879f16221d7daeee95cd756ff952b12f2c76991,0,1,0,2009-01-03 13:49:58,85,56,1.3271,141,8,4,2,35,10,33556.0589,1437,451.3838,6039
3087,27b9b2281a71d3768f13ce2c2dccd6b1f1a07f41,0,1,0,2009-01-03 14:03:07,3742,9,4.5298,3751,60,19,6,18,4,81851.3063,0,440.5612,6172
3061,694104d2f08d69a19bc20fd6da6b38b658646ae4,0,0,0,2009-01-03 21:55:12,52,59,4.5298,111,60,19,6,1038,0,33394.7978,39,37.7851,54
3077,ec54f9b9f2d8f1c874d247d1a5376d5e21e1cfa5,0,1,0,2009-01-03 22:05:35,54,3297,1.6818,3351,4,2,1,1038,6,32633.0421,97,58.4379,1805
3091,51d4fee01a8aff0cba509ddf6acf4631577d4962,0,0,0,2009-01-04 19:09:25,3742,135,0.7485,3877,60,3,6,418,47,20344.6415,10,40.7768,12545
3085,63da78c83324c7d5d910b2e519bd6f3a114b63f6,0,0,0,2009-01-05 04:16:14,40,3297,1.4613,3337,4,2,1,19,2,32412.206,1447,443.4077,6093
3092,23d4c9e671e2e778c9e8a2dc08e57bef3ec2d7aa,0,0,0,2009-01-05 07:26:27,13,13,4.5298,26,60,1,6,22,4,62748.4955,0,442.361,6113
3074,1b91592e84d4f4ba1ee31b62a3da1a08af4d0f09,0,1,0,2009-01-05 08:50:39,45,6,1.4758,51,3,2,6,30,2,16669.9525,1453,442.2526,6126
3088,f1b9c9a83befb4208aa086c55cd0b1ca750dfc10,0,0,0,2009-01-05 09:32:45,64,3297,1.3543,3361,3,2,6,36,1,2967.2411,1445,438.9153,6218
3081,9934defbcc92e551ad91be7e523f1f44cff1ab29,0,0,0,2009-01-06 02:37:07,22,25,0.7041,47,2,2,1,95,19,28651.2362,52,31.1124,226
3093,3d207374d7e05768e838120cb2b4d38f01423f59,0,0,0,2009-01-06 03:01:37,196,116,4.5298,312,60,19,6,405,51,30137.5013,22,18.1727,12545
3099,b7aaf17ff621d517db826d9b9288a9502d7c431b,0,0,0,2009-01-06 05:37:50,3742,133,4.5298,3875,3,19,1,419,47,7019.6967,101,11.5123,12545
3072,2b11478fd0fe8eb2d7e5969e77d3dd45dbb34a05,0,0,0,2009-01-06 05:39:02,162,72,0.1375,234,60,2,6,468,52,3022.5671,12,11.9533,23
3086,f02155ead62b915b7bf6019215df68ae7172b903,0,0,0,2009-01-06 09:03:58,24,23,0.0236,47,1,1,6,28,9,75818.9728,46,24.9317,190
3100,974c945c2c974e88476ca5c1132dc81f4d13493f,0,0,0,2009-01-06 09:37:21,3742,63,0.7694,3805,3,2,6,430,51,22651.2404,115,13.173,676
3103,3a48994b2313dad7b7ebba837d4b899af98d3123,0,1,0,2009-01-06 12:02:46,115,54,1.1597,169,3,2,6,22,2,9597.9025,1445,438.1718,6081
3089,e56cfad73c3e3dd58546b1f9f3d0fd4e15c86c2c,0,0,0,2009-01-06 12:27:04,3742,3297,4.5298,7039,2,1,1,432,50,9100.7682,1429,445.7754,5918
3095,285b615f20efd238c4565df089de2913a9de067b,0,0,0,2009-01-06 12:30:39,3742,13,4.5298,3755,60,19,6,6,1,35459.6688,1448,442.7798,6115
3102,0b9ae8a6c016a155b312c665f1a07b0fe1fc922d,0,0,0,2009-01-06 20:02:46,187,16,0.7722,203,2,2,1,9,7,50932.3254,73,32.2967,358
3104,9022dafb4c8a0db410930d1ac10ceea23c581e17,0,0,0,2009-01-07 02:37:49,121,3297,0.2737,3418,3,3,1,413,50,39295.8666,112,19.797,12545
3108,b479beb69656c78b7b737a050915896e84b4d84c,0,0,0,2009-01-07 10:32:20,3742,3297,1.5075,7039,3,2,1,41,2,52589.7746,1443,436.0452,6268
3098,891ef1d20bd9c84353a2134bbb1844e738a52078,0,1,0,2009-01-07 20:10:23,29,19,0.7611,48,2,2,1,36,2,34464.715,1451,438.6751,6209
3106,2ba609c2e1e225deda57c1dc932162f211a7d3ea,0,0,0,2009-01-08 03:51:36,46,56,0.057,102,2,19,6,109,18,3088.1923,46,21.5356,128
3110,fd547e70a2748306297c2166d6ca5b18d533eb06,0,0,0,2009-01-08 14:15:38,73,68,4.5298,141,2,1,1,138,22,82719.9296,191,99.4976,1857
3112,a8e55f2dca5a035e9872f057423a9213e9e6a899,0,0,0,2009-01-08 15:15:12,87,39,1.3771,126,3,3,1,60,11,10859.9698,233,115.351,1853
3101,20efbe60a2c2c9a872d6b4c15687ca342244e455,0,0,0,2009-01-09 10:27:28,26,76,1.4133,102,4,2,1,43,1,75987.7201,0,444.728,6260
3109,7349983c11b26a84120659aea6f1d6cf553ffc99,0,1,0,2009-01-09 12:58:38,75,20,0.4743,95,3,1,1,40,2,35167.9463,0,442.9756,6058
3113,21c1e4b041c95bac940e8eabbc8849a320fa12ef,0,0,0,2009-01-09 14:10:33,3742,17,0.9575,3759,2,2,6,9,5,29721.4079,0,443.5879,6196
3105,710f384025b36c0a3de57d6b9ecd6634cc9e5c3e,0,1,0,2009-01-10 02:10:11,140,126,2.299,266,7,5,6,25,6,38618.5845,1436,448.6412,6313
3116,e4a60c29901c6da2eb1ded49bc7efdf808404adf,0,1,0,2009-01-10 03:34:38,65,55,0.8308,120,2,2,6,46,4,29179.4045,1449,439.3154,6195
3094,590381282836eb9ac5d3d96321e5980175814546,0,1,0,2009-01-11 13:08:56,626,88,2.0636,714,7,3,1,56,1,39690.4168,0,432.1677,5950
3120,3b79d11b90b02448056af3f9521b156b7ec05cad,0,1,0,2009-01-11 21:24:47,12,3297,4.5298,3309,1,1,1,21,2,29866.3889,1454,440.6318,6141
3080,a3f73100e1e5beb2406771b98f907ea30fd8f52e,0,0,0,2009-01-11 21:36:25,4,8,4.5298,12,1,1,6,31,2,30373.4065,0,440.7905,6146
3107,85335847b5465e9b2877cbfcce7379043ad2dd0e,0,1,0,2009-01-11 21:47:13,1,3297,0.0091,3298,60,1,6,21,4,65302.624,0,442.1409,6186
3114,d8017240a64391c394271b2364ba0701efcd1fc3,0,0,0,2009-01-11 21:51:47,26,3297,0.0277,3323,60,1,6,33,4,86377.0,0,443.8068,6073
3118,a12cb6d854d931d04dc1d0969c91d07b8ef2c049,0,0,0,2009-01-13 19:00:32,74,3297,1.4361,3371,4,3,6,128,18,14279.4954,191,113.1632,552
3096,660fb74416971bcde11bfda950a7ac676ebf838e,0,0,0,2009-01-14 07:54:41,3742,28,0.0357,3770,60,1,1,88,15,62347.7465,235,106.4856,1912
3111,06e07590d4fa4eac41e2831af8f356c21d36f4fd,0,1,0,2009-01-14 10:35:50,66,31,0.7479,97,3,2,6,36,12,70751.1493,233,114.9117,2169
3123,f9c9d5294f02b2df51db6ff6eadca3f61c644095,0,0,0,2009-01-16 04:57:21,117,31,1.191,148,5,2,6,19,12,20982.5595,123,58.5856,1953
3132,2271111c9ccef03d693a1f112dcc582387a70d08,0,0,0,2009-01-17 19:03:27,3742,92,0.1095,3834,60,1,1,470,47,38503.4679,2,38.6641,12545
3117,3bc5c14b66fe24d31ba5e99c915039259a32ec50,0,0,0,2009-01-17 19:31:47,3742,106,0.1774,3848,3,19,6,409,50,86377.0,92,7.9321,529
3128,90e0cebf786bc4f46310d4b24bc12730f804f187,0,0,0,2009-01-18 02:04:15,99,3297,0.1693,3396,60,2,1,470,51,26038.5692,6,9.3548,12545
3130,8a76c0d7fc2481549ea873e2b8c5199f8d937ed8,0,1,0,2009-01-18 12:28:29,218,244,1.2035,462,5,4,1,64,4,40762.9026,0,438.2341,6279
3133,54a75531d5be9af76b5273dfd03fdafb1782a23d,0,1,0,2009-01-18 21:45:22,71,49,2.2364,120,8,3,6,74,4,48272.1171,0,448.651,6016
3122,79eecb219cbf8d060f605e8734c73698dddf3e9f,0,0,0,2009-01-19 03:13:37,59,3297,0.9445,3356,2,2,1,86,10,25214.8961,167,112.665,373
3136,e89feb3c5ec34dfc10c46334a28cd7b5fc876f09,0,0,0,2009-01-19 19:39:57,33,76,4.5298,109,1,2,6,90,9,60009.3464,187,113.3527,589
3127,eedfb77e511a1910845976a177f3aeb619c4c275,0,0,0,2009-01-19 22:19:14,50,37,0.8943,87,2,3,6,111,17,41641.3119,292,71.5523,463
3135,50b6efb6eb4bb3696d3f4b6bbca83789020533cf,0,1,0,2009-01-20 13:18:06,116,53,1.2443,169,3,2,1,7,5,30620.3187,0,445.3781,6255
3143,bb91263abf7f58b6ae38b77189e539074af345ad,0,1,0,2009-01-20 14:14:44,3742,76,1.6407,3818,7,3,1,322,29,59402.793,1063,258.3845,8355
3144,d815753ca4f428aebfacc58dbd124c6b72f8fd4a,0,0,0,2009-01-20 15:28:43,74,3297,1.1655,3371,4,3,6,302,24,50133.294,300,58.7533,407
3129,d0485b9f65e1d113003f8e596558d716571b2b5a,0,0,0,2009-01-20 16:38:25,3742,115,0.3142,3857,4,1,1,487,47,29514.4813,1455,25.4439,511
3142,08ba123818ad7f45f4099457fbe9ed78eb82b5f3,0,0,0,2009-01-20 18:11:39,127,3297,0.795,3424,4,2,1,431,47,2022.2316,1455,506.65,289
3147,e901fbf19a690138d6b9f40d0063a4993ef379d2,0,0,0,2009-01-20 23:15:32,23,3297,0.0256,3320,60,19,1,7,2,36285.1477,1445,442.9101,6098
3121,6b98ca0a1ed9a198d5cb8e73a832572b3ef16746,0,0,0,2009-01-21 21:11:19,3742,52,0.6919,3794,1,2,6,14,60,77696.3191,269,59.359,765
3137,af6f900d3e522225864daef283f1906837d1e230,0,0,0,2009-01-21 21:43:56,3742,35,0.9488,3777,3,2,1,18,7,75890.1241,263,69.36,522
3146,984a7d0565a136492b43633d0ed2fb0002fd4c8f,0,0,0,2009-01-21 22:12:58,5,40,0.2945,45,2,2,6,108,17,21964.3911,291,59.6977,684
3149,f8e11fb0899c67b74453b89c7c229b14f936ab5f,0,1,0,2009-01-22 13:02:28,47,41,0.9779,88,3,2,6,23,12,58271.1025,290,63.4119,542
3141,2bd44f21d80d88f9cb5a228a4bc2e2b30136ec2a,0,1,0,2009-01-22 14:40:42,18,3297,1.4319,3315,4,2,6,73,20,45949.3922,1093,259.4794,8269
3150,f4685c4b439295ee4ee486a1486530ad5bb7f9d0,0,1,0,2009-01-22 17:26:03,21,31,0.7692,52,2,2,6,60,19,10362.2611,1091,254.8344,8198
3153,3252a8e908f432e8b2262fb0d31d396be2a80427,0,1,0,2009-01-23 15:19:32,113,113,0.4881,226,2,2,1,18,9,57297.6255,0,443.7158,6078
3155,ced6d5d57332f38e83e677727b0be7402d9aed84,0,0,0,2009-01-24 00:46:36,30,21,4.5298,51,60,1,1,11,7,39899.8806,0,444.2496,6247
3156,d388473640a2a7959a079af694b546d17e2803c0,0,0,0,2009-01-29 03:04:34,57,22,4.5298,79,60,19,1,21,7,80482.1393,65,31.1696,330
3139,c9d623e3eff5394351cbf01544c2571dc792c357,0,0,0,2009-01-29 04:47:32,3742,20,0.014,3762,1,19,6,40,2,25667.7808,0,442.545,6204
3151,7723b7b2a9b406e35d00464f0918627ce90fd150,0,0,0,2009-01-29 10:53:36,3742,24,4.5298,3766,60,19,6,9,2,71709.0733,298,60.9864,727
3154,91465f9bda32eb7ee24031c17f9ab5d8b351975c,0,0,0,2009-01-29 17:25:50,3742,3297,0.0595,7039,2,19,1,80,19,47887.7657,193,115.93,236
3158,77743a6f83188ac39faf71bcc1a4c5f25bed5a4b,0,0,0,2009-01-31 12:50:55,49,3297,0.9499,3346,2,2,6,92,15,64124.77,170,111.4111,499
3145,20f06c00d27dd316b082eb1a5d0f61cdee96c6bf,0,0,0,2009-01-31 13:05:28,3742,3297,0.0103,7039,60,19,1,100,15,1099.2818,173,110.4314,404
3148,ac0fa63832bdcb2a693b575ee37efc48570bee73,0,0,0,2009-02-01 10:43:58,3742,3297,0.0376,7039,60,19,1,64,11,53548.7573,43,12.7512,160
3159,28d12459a83f3016ba948f58b90bcf35823de7df,0,1,0,2009-02-02 16:34:35,306,95,1.5393,401,3,2,6,1038,5,66678.7724,1060,256.4001,8245
3167,514ff7b89472d54174176452e6e6a5cb2932a408,0,0,0,2009-02-02 16:37:13,65,49,4.5298,114,2,19,1,425,47,79592.1021,1047,262.8835,7817
3166,88d649bb90fa2a12a1c4d3f0f2d468d97a1538a9,0,0,0,2009-02-02 17:17:08,37,3297,0.9203,3334,2,2,1,65,12,18573.126,1067,256.4457,8031
3160,db04cbf242957601739acb5222ae6a382e5ca40e,0,0,0,2009-02-02 18:11:03,11,3297,4.5298,3308,60,19,1,6,5,6775.8903,1085,254.494,8079
3163,24fa231fb105c2e4cb409a4707e885dceddc4820,0,0,0,2009-02-02 18:20:41,3742,22,0.017,3764,1,19,1,5,11,48497.8401,1072,254.8478,8058
3170,82d2093315c2bef6848c44c3a940046c6422b789,0,0,0,2009-02-02 22:47:23,58,3297,0.4125,3355,2,2,6,1038,3,35150.8954,1449,438.1796,6240
3126,cbaaec32ce977eba19b109023b4c230c6c261dee,0,0,0,2009-02-03 14:57:32,24,3297,0.0209,3321,1,1,6,12,9,53113.9098,20,14.1914,132
3161,4c7bdacd52f39d88b8051b04b0e08462935c06ff,0,0,0,2009-02-04 16:04:15,3742,30,1.0039,3772,2,2,1,177,22,71539.1387,162,114.5151,615
3168,52b2d82bcff17ca0df3fd10f20d6a3ad7915cac5,0,1,0,2009-02-04 17:43:39,3742,36,4.5298,3778,2,19,1,173,20,7099.0582,164,102.9708,315
3178,5fc582dc2925545bf6cbc9d54fd1748fa4e2de30,0,1,0,2009-02-05 07:54:40,29,26,1.6467,55,7,4,6,58,3,51007.6165,0,445.904,6030
3169,836f78ff1f39a1e50d69b890944e7cc80f0f1082,0,0,0,2009-02-05 08:44:51,16,13,4.5298,29,1,1,1,0,2,79081.8452,1450,439.3026,6205
3173,fb68e7e0102de01c2a96b369ae31659acf545c17,0,1,0,2009-02-05 11:02:08,28,3297,0.0336,3325,2,2,1,58,4,30168.1243,0,444.4058,6097
3180,02b2b9dbe318a08da25f4887145ca8bc8c225f14,0,0,0,2009-02-05 11:50:06,3742,3297,0.3511,7039,3,2,1,53,3,9756.1439,1433,448.3033,6321
3162,10260632d790e3951f42313693906903edaebb62,0,0,0,2009-02-06 00:48:19,3742,29,4.5298,3771,1,19,1,7,4,67305.1541,1076,254.0613,8076
3171,228ec23f1d86e5e744ce9cf09f87b20aa2c4fc6b,0,0,0,2009-02-06 01:16:36,3742,22,4.5298,3764,60,19,6,120,17,10387.8771,1091,256.5781,8225
3177,208fd14481392e7a8b9e62c2bd68ddfa237cee79,0,1,0,2009-02-06 04:05:23,44,7,0.7931,51,2,2,6,175,21,33966.5458,172,107.2975,392
3174,8cedfd8e1850fb5f13cabfc30dca9190a8473cf5,0,1,0,2009-02-06 15:27:47,213,36,0.876,249,2,2,6,1038,6,20410.9354,1074,255.299,8068
3184,3bb3c270a89e892ac000edb9c728f1eefc74176f,0,0,0,2009-02-07 02:00:08,62,26,0.6596,88,2,2,1,1038,6,38678.5974,164,113.6083,353
3165,e02e9e66db11166abd5f890eb5a4d4e763c84be7,0,0,0,2009-02-08 10:21:41,37,26,1.0345,63,2,2,6,49,2,78006.2558,1449,437.9536,6251
3175,7a5e8610bfe999fef5f4b80ed73b43299053bcfd,0,0,0,2009-02-09 11:37:34,55,3297,0.2542,3352,2,2,6,1038,5,66446.4351,1088,254.5486,8221
3186,c2a43880f21f660dc8bd8eee045e25b44b719e06,0,0,0,2009-02-14 13:30:59,3742,3297,0.4323,7039,2,19,6,4,2,40355.7405,0,443.3752,6200
3152,e5907791f5988a94b3e3f1cce0bcdcb2189057e4,0,0,0,2009-02-14 18:31:55,62,3297,0.9689,3359,2,2,1,35,10,52984.8145,1089,249.6033,8065
3176,acbcf4334abe09cd114812ebf091ba4c98fbfb0b,0,0,0,2009-02-15 06:17:58,16,20,4.5298,36,60,19,6,14,2,59995.1408,0,439.5062,6084
3187,35573a6c1b3800564d63a31ab229235b68b0e50e,0,0,0,2009-02-16 11:57:37,3742,3297,4.5298,7039,60,19,6,154,20,29551.4539,1432,446.0033,6051
3189,69ed0cf2dbfd76bd8b0e5fdd6567baab82df3bcd,0,0,0,2009-02-19 17:17:14,3742,3297,0.8571,7039,2,2,1,96,15,10186.1534,183,111.3359,405
3172,88cc218d2f7ddfe88582d47906a60fe07716eeb5,0,0,0,2009-02-20 02:59:18,3742,36,0.0331,3778,60,19,1,1038,5,8796.2217,120,58.1414,2010
3183,d74977661a7f68711248176feb32a7f7b80b9358,0,0,0,2009-02-21 01:24:39,29,3297,0.0276,3326,1,1,6,173,22,49085.6885,0,437.9651,6070
3196,78cd2ff484c9b87aebd83d8a54a94f64a2f6e9cc,0,0,0,2009-02-21 10:39:52,27,43,0.4616,70,2,2,6,45,15,24506.7749,0,438.0492,6248
3182,27828cd2fd41cdded97ca85c46156f914bda0e54,0,0,0,2009-02-21 11:14:26,33,24,0.0404,57,60,1,1,42,8,85082.4881,0,443.9138,6237
3190,b3ba3d6b5edeeca2e0939ed39d42ea08be91ae5c,0,0,0,2009-02-21 12:17:10,3742,45,1.0237,3787,3,2,1,449,48,54098.2186,1433,446.4932,6255
3194,d66e8109f32b81ba868f78dd4bdae10ecb73eec6,0,0,0,2009-02-21 15:15:18,11,34,1.0968,45,2,3,1,1038,6,36568.5069,165,111.7681,344
3179,e82601daef067d2a9955809c19b3efe72d8adfa6,0,0,0,2009-02-27 17:34:42,10,10,0.779,20,2,2,1,206,21,35563.0319,180,107.4857,404
3192,39be6af284a07ef70e0ffd66ec6e69635132a66a,0,0,0,2009-02-27 23:28:56,43,18,0.037,61,60,1,6,25,5,47510.1395,0,443.757,6249
3195,808af0db907c4206b0ce40adfa8deeeec8dd1ed6,0,0,0,2009-03-01 20:43:40,3742,3297,0.0316,7039,60,19,1,13,5,65912.6771,37,19.8398,12545
3199,27f8f2ab5c56033d973fe3e1856e3dc51b05ff48,0,0,0,2009-03-01 20:50:53,14,0,4.5298,14,60,19,6,35,10,2138.3589,26,17.5759,87
3188,83cb612395ea81a8d409a10207b77e37a7308b63,0,0,0,2009-03-04 03:27:06,3742,35,0.7544,3777,1,2,6,196,21,24654.8137,163,112.7649,306
3198,dceb540695de24de90d712e54a998065ee46cf50,0,0,0,2009-03-12 19:31:23,31,12,0.696,43,2,2,1,1,4,51745.4264,187,111.0021,472
3203,ac0e06501b291cb1a1c39bb2408616d0a09efff4,0,0,0,2009-03-13 13:54:18,59,3297,0.8588,3356,2,2,1,121,21,68086.5638,1085,255.3121,8197
3181,3cd2fddfe5fd365d808d23b18b01d70f2f67bc93,0,0,0,2009-03-14 13:09:15,4,27,1.4237,31,3,3,6,47,12,40632.8795,189,112.9662,346
3201,92fc70b872a38bfe74dd46c07f2bee658fb396f0,0,0,0,2009-03-18 17:58:09,120,60,0.0636,180,1,2,6,220,22,57008.3846,199,102.8908,303
3204,177dc4de150e34bba5f1f9a982d28da3e86d9fac,0,1,0,2009-03-19 03:38:59,2,7,0.0073,9,1,19,6,32,8,32940.9153,180,108.0669,420
3164,65802dd7370c8d266c348656cbd9a33ea5e06930,0,0,0,2009-03-26 17:40:54,3742,3297,2.3526,7039,6,19,6,21,4,11630.2678,47,22.2889,323
3205,d95b34197404c63fd5087ce4701760044528e134,0,0,0,2009-03-27 16:08:49,86,3297,0.2038,3383,1,2,1,15,5,33527.9532,233,103.8044,1841
3200,9c0385a768d1c9a3ed175ab6efc97b6617b103bb,0,0,0,2009-03-29 20:46:04,25,21,4.5298,46,60,19,6,5,4,62570.2073,38,13.4805,177
3207,2ce3d70ef959228ce961a8682f2c25e0d39de29b,0,0,0,2009-03-29 21:34:20,40,40,4.5298,80,60,19,6,103,16,74665.3945,47,26.7548,387
3210,f5be9f93a80e2f81bdefcb1abc76609cfe7f8af7,0,0,0,2009-03-30 20:25:34,66,3297,0.7522,3363,3,2,6,204,22,29125.2677,1058,258.3331,8264
3206,f76084329f444bf80dba7f2ac1c123ad3ff76206,0,0,0,2009-04-01 08:09:00,65,49,1.0488,114,2,2,1,11,6,50856.9164,238,105.1244,1853
3193,f39a50e37254261d6c513f3bef44663bf0f0f298,0,0,0,2009-04-04 04:27:52,3742,3297,0.0407,7039,2,1,6,445,50,24708.9021,0,445.3895,6367
3212,fde51817489aa31086a8dc6147c716d5b51990a5,0,1,0,2009-04-04 10:49:41,3742,214,3.0221,3956,11,9,2,314,33,58779.0533,0,414.629,5776
3197,9d541228bd272fb8c9980375bbc932ff463c2de5,0,0,0,2009-04-05 11:10:16,121,28,0.9271,149,3,2,6,468,51,53855.0334,0,449.4315,6362
3213,275068baa9f33dfac77f4d3249d8353af3498c2c,0,0,0,2009-04-06 21:28:57,45,3297,4.5298,3342,2,19,6,196,21,37417.2899,1098,247.1663,7995
3216,53bdb45ba21c702188ca1bd8233ff9d839c6b0b2,0,0,0,2009-04-06 22:00:32,24,6,4.5298,30,1,1,1,9,4,8588.9457,1074,253.5673,8149
3218,5595c7ab576a9cdf4fa9429cc25916ce2d719c88,0,1,0,2009-04-06 22:24:35,191,86,1.9118,277,7,2,1,1038,4,56171.7841,1053,245.5079,7854
3211,eff83abc506a934d9e6d4ea361da9c80901638f3,0,0,0,2009-04-06 22:43:01,91,34,0.6165,125,2,2,1,9,1,60686.578,1063,246.4551,7976
3219,21470cd8f9e4add3405213bf0f347d6deb69817c,0,0,0,2009-04-06 22:55:04,65,35,1.3098,100,4,2,6,10,4,38888.849,1071,256.9734,8218
3202,3c30372e9afa5be3e2a3b0d7d03f4d2c754788b3,0,0,0,2009-04-06 23:38:46,60,3297,0.9969,3357,4,2,6,431,50,58231.3509,1111,259.9186,8272
3221,8bf9d8db2197fb970f70a7a93fc6a0869d96a721,0,0,0,2009-04-07 11:03:23,20,3297,0.01,3317,60,1,6,18,3,79330.6829,0,440.125,6182
3222,f0bc8e8cab01965e6bd11797b512f1da0d4d9b94,0,0,0,2009-04-07 12:02:17,3742,3297,0.0125,7039,1,19,6,34,8,3062.9079,1452,439.8753,6201
3208,927b64e9400d1cebe625786d49f304dc9da59e63,0,0,0,2009-04-08 15:36:44,63,3297,0.0583,3360,60,19,6,71,20,18423.5917,1096,259.8078,8227
3220,c42f0d395c385ba91dfab8b897cb96f71fe87fa5,0,0,0,2009-04-09 06:57:52,31,21,0.0357,52,60,19,6,1038,9,67141.0013,1445,445.6287,6232
3224,6c797545eaf497f95bd6d706b249556127cb07e6,0,1,0,2009-04-10 19:07:08,33,16,0.8015,49,2,2,1,69,10,49085.9768,183,110.5561,475
3225,e77aec0688cb27e2b536480f8240c28946e53bc0,0,0,0,2009-04-13 00:04:48,36,3297,4.5298,3333,60,1,6,193,20,8130.0845,14,26.2654,273
3223,363b345a56aec0680e149459c5f4e959fb644246,0,0,0,2009-04-13 00:21:20,90,85,0.0702,175,2,1,6,135,20,16088.9698,9,9.2631,213
3229,ba2284567133792a438de09c2912694d795fc2fa,0,0,0,2009-04-14 03:43:06,3742,3297,1.322,7039,3,2,6,111,20,14095.2995,157,101.9733,258
3236,9172f1be01c1cb7ab760f2e7353e8815e6e2a423,0,0,0,2009-04-18 18:16:33,54,30,0.3832,84,2,2,6,45,12,30201.1939,169,105.2686,369
3231,83b6c0aa3ee2c97c1d982b1d02cec82533d5b335,0,0,0,2009-04-20 23:43:27,79,3297,4.5298,3376,60,1,6,16,7,29970.2137,275,68.8685,497
3234,afeb29c9af823d812b1b6ef781511e32dd019399,0,0,0,2009-04-21 00:35:11,31,54,0.0319,85,1,1,6,48,8,44281.9821,1443,438.7154,6046
3228,27284f51e21b477b99c9d03d77d7c251a76512ca,0,0,0,2009-04-21 08:54:32,60,3297,0.3928,3357,1,2,6,27,7,6456.5641,0,436.2057,6000
3238,9e196f55116c7da7b4cdc16c4f9cc58cda7f38ce,0,0,0,2009-04-21 17:37:44,76,30,0.4849,106,1,2,1,101,18,69193.4723,154,114.3869,531
3244,ccaab864fbedf0edf2bc789c1ff681d811931484,0,0,0,2009-04-21 20:09:56,54,30,1.3663,84,3,2,6,42,8,41122.9275,0,444.6235,6245
3232,c5909564f4dc4a2e02248c1a00b253673568bef5,0,0,0,2009-04-21 22:04:17,43,3297,0.0192,3340,60,1,1,36,8,6212.3995,1443,444.4417,6244
3240,4fde4a4e4be37d36f7a2b1d47332d976303d9324,0,0,0,2009-04-22 04:47:27,3742,3297,0.0333,7039,2,19,1,5,2,19193.9665,1444,438.0962,6227
3245,d8a7436e3939f9a3382a0f13ed696e120553d83e,0,0,0,2009-04-22 05:31:57,24,3297,1.0245,3321,2,2,1,39,8,29717.548,1450,437.6851,6220
3249,0a704ce6fc34f3a2aec9d489cd9e2a413bd21a77,0,0,0,2009-04-23 20:08:28,3742,3297,0.038,7039,60,1,1,39,8,51956.6221,0,445.1491,6094
3233,ecf873e8825a9225fd4805fc4398d90bed96d508,0,0,0,2009-04-24 15:29:37,3742,21,0.9179,3763,2,2,1,15,3,12592.3824,1449,439.1777,6076
3247,3d5a28acf6e3b2f15d2115722d9aad00d4b56987,0,0,0,2009-04-25 14:01:55,35,3297,0.4923,3332,2,2,1,106,15,52811.0903,184,106.4647,494
3235,977bd0f45c584ee53a8c1eea67b9fa145f8ea6e4,0,0,0,2009-04-26 18:02:55,30,10,0.9788,40,2,2,1,109,15,19216.6415,170,106.9125,390
3243,6e34736989292f4c16106937274b0f6a0be006c9,0,0,0,2009-04-27 17:34:24,67,28,0.2465,95,2,2,6,16,4,49514.3366,186,104.1038,320
3251,9e137a7185a99f87ac8fd0be60bed98cee8177c8,0,0,0,2009-04-28 08:45:38,3742,3297,0.0405,7039,2,1,6,26,6,10333.6477,1444,436.8839,6289
3227,7c49a478370e40d67d330a423e61ea8f6488d146,0,0,0,2009-04-28 10:11:33,15,18,4.5298,33,1,1,1,1038,4,59448.6469,0,444.6564,6085
3246,5ee4c42e46875b2ee290d8642e15cd9ed4cb5e86,0,0,0,2009-04-28 11:17:27,51,21,0.6637,72,2,2,1,2,4,33658.552,1450,439.6001,6214
3252,47ca1a9319e6e531fafa1e8f54b0ef26f338c4ca,0,0,0,2009-05-01 17:46:56,32,3,0.7556,35,1,2,6,93,15,73875.435,187,112.667,544
3254,1b5705ca6e3a245ccde90d0fc4a97010de4f8720,0,0,0,2009-05-01 21:06:41,32,22,0.0247,54,60,1,6,65,11,6654.7033,185,106.1301,315
3239,68ccb2edc87d39b09f3e02169f12c9f7446d6cb6,0,0,0,2009-05-04 20:26:26,3742,3297,0.4014,7039,3,2,1,63,9,52208.0951,236,116.1393,2116
3255,e7809aaff4233f454a57c4fdd0e0ada1f5953b7c,0,0,0,2009-05-05 08:57:44,92,37,0.322,129,3,2,1,475,49,26492.1116,1435,446.2917,6262
3257,860577a6e59e6c086ded4b23f9120b5d55430d35,0,0,0,2009-05-07 21:43:27,44,3297,4.5298,3341,60,1,1,89,19,16174.1954,293,69.322,692
3264,5a6440401d7f417561c16d51081be6629deeaa64,0,0,0,2009-05-07 22:32:33,235,3297,0.0091,3532,4,3,1,435,46,68979.9746,220,87.9377,874
3253,40df541f8a95abe8fa7ba6d680dbdebd94d6c444,0,0,0,2009-05-08 04:10:58,28,16,0.6927,44,2,2,6,40,10,21240.8122,185,112.4387,362
3258,72f3bfef599173305a9f0d4a4504f5ccb5b822a1,0,1,0,2009-05-08 19:59:09,49,15,0.9941,64,2,2,6,81,10,45655.0887,169,111.5909,488
3265,1e830f65926c804cf5091d9cea34713ccd518a46,0,1,0,2009-05-10 01:29:51,22,16,0.3802,38,3,2,6,9,0,6023.3497,1094,248.6015,8183
3250,3f850070b1363130c8b1ad4ff125d261f86c97c2,0,1,0,2009-05-10 21:58:54,120,3297,1.954,3417,4,2,1,17,4,45072.4077,8,15.3494,143
3262,0374ded7166b48d94fbfde6ae375a7024836ec1b,0,0,0,2009-05-11 02:02:39,206,3297,0.9702,3503,2,2,6,1038,2,63833.2325,30,16.7635,12545
3266,511ee06150e0ba3ad842a500adc06cd0535b5865,0,0,0,2009-05-11 02:27:08,87,3297,0.8461,3384,3,2,1,14,3,2347.4479,8,16.6183,141
3256,3fff6ae45735b450792907dd28592c9ad0e5f114,0,1,0,2009-05-11 06:05:35,77,3297,2.0372,3374,7,4,1,16,9,36758.9609,91,60.3225,1967
3271,1f8be54efd2073c7916c7fa183cdae7772012725,0,0,0,2009-05-13 16:20:47,3742,1544,4.5298,5286,3,2,1,142,28,37096.5463,0,412.698,654
3267,e8b0c1027dfdf8e98bf9809d734df9bda42bb8b7,0,1,0,2009-05-13 16:28:57,125,82,0.0887,207,2,2,1,5,7,36347.6216,1085,253.9761,8056
3269,609f86e09a19f9c150998b80fcb1fc1429179a94,0,1,0,2009-05-13 16:54:24,871,850,0.3056,1721,60,2,1,60,10,63616.531,0,448.6344,6560
3268,7c4c6856ac75010aeb069396bfc7ac2fefa09298,0,0,0,2009-05-14 08:57:32,33,3297,1.0222,3330,2,2,1,22,9,79825.4013,1444,437.3449,6228
3274,1ec799dadf104575e4e1b494619622e9e6806faf,0,1,0,2009-05-14 09:03:05,1375,368,2.737,1743,20,11,3,93,27,44278.232,1152,229.2545,7646
3261,3cdd67115530cb6092a7d664cf4b446781e39995,0,1,0,2009-05-14 09:24:40,31,24,4.5298,55,1,19,1,22,8,1509.7112,1083,253.9983,8146
3272,ea0853d8274149f020d27b7d8e5d7b8f126390c8,0,0,0,2009-05-14 09:40:43,45,45,4.5298,90,60,19,1,46,20,56379.7868,1060,256.7378,8222
3276,7bff2ad49f5ced8614013d48afdff27f73ca6080,0,0,0,2009-05-14 09:50:28,35,26,4.5298,61,2,1,6,70,21,86377.0,1062,259.1736,8219
3277,451b5e5aa754f0d05164c343c1525f9fe4107b3f,0,0,0,2009-05-14 11:14:31,37,52,1.1286,89,3,3,1,35,10,47531.8423,1093,250.117,7995
3275,fb129bea6815213f8ca922fa34126813e52c5b78,0,0,0,2009-05-14 15:40:59,54,3297,4.5298,3351,60,1,1,451,50,62449.7412,0,432.9355,6349
3273,8613714ea2183fc3d91896eb57d22f9114ed1a5d,0,0,0,2009-05-18 09:34:47,26,29,4.5298,55,1,19,1,114,15,57348.1837,1067,247.636,8193
3282,1e3fd4053440433ce57e48f31c2861c02a32a975,0,0,0,2009-05-18 12:57:43,61,3297,0.7911,3358,2,2,1,228,22,44355.9187,1065,246.028,8016
3259,857a371250f5c56491fc3b2064477ef42f91b98e,0,0,0,2009-05-18 15:19:12,29,23,0.0219,52,2,2,1,32,6,37974.4001,1085,249.9865,8075
3270,8bf7910c1b3b890b79dcd679a003663f1ac51671,0,0,0,2009-05-23 21:03:46,49,3297,0.8197,3346,2,2,6,14,7,15237.4624,182,110.6215,473
3279,428f5f769a031b1e3483270d0e34611e941c9b54,0,0,0,2009-05-24 08:19:18,3742,26,4.5298,3768,60,1,6,75,16,21089.6458,157,103.8149,553
3280,5dffe45cee5025c3d06fe354b4d4bfec127fe9b2,0,0,0,2009-05-24 19:22:20,32,48,0.702,80,4,3,1,6,7,68005.0811,164,113.3745,502
3281,cdc629219b467e3b57697f1a4d06153a901e714f,0,0,0,2009-05-25 21:22:33,3742,3297,0.0155,7039,1,1,6,14,7,44496.487,37,17.9404,99
3283,e6e8ac0ac5da29fe30b51adfbd6a54d67b97ba47,0,0,0,2009-05-25 22:25:41,3742,25,0.7915,3767,2,2,6,3,8,12838.7706,39,14.8453,185
3288,18f6f8271ed3bfb7c06ab0360dee80fb5be46cb0,0,1,0,2009-05-26 18:54:11,3742,26,0.956,3768,2,2,1,176,22,44890.903,189,105.9065,505
3286,56df6c3ea7ba4b7448af01442719fb685cb14835,0,1,0,2009-05-27 17:52:11,35,12,0.8704,47,2,2,1,92,17,19209.553,173,106.4163,477
3289,43966e02d5963647c60494f14736a8eb6dc5354b,0,0,0,2009-05-28 00:50:50,3742,16,4.5298,3758,1,1,1,53,8,79054.1617,0,445.0048,6099
3293,77120ba1ced6b99d27585cc691ed0bdfa36e9a8e,0,0,0,2009-05-28 02:47:02,81,45,0.6038,126,2,2,6,11,6,39861.4504,1447,444.2054,6257
3284,c961c785d8ef814b8f383755d3460f0c8219ee7c,0,1,0,2009-05-28 08:18:40,71,63,0.9294,134,2,2,6,3,8,10071.6419,0,443.5442,6075
3290,7aa81eadb1fe5005fb48480f53192908ee5715a4,0,0,0,2009-05-28 08:19:03,20,18,4.5298,38,60,19,6,9,7,86377.0,0,439.4051,6094
3294,eb2d85df1e35ab1e92f4d89b0ff5944a60593948,0,0,0,2009-05-29 22:29:30,3742,37,4.5298,3779,2,19,6,94,16,45172.4063,16,7.2932,9
3296,68cd24b19edf91d5472e6889786644468109ed9d,0,1,0,2009-05-30 01:15:11,3742,3297,0.0,7039,29,10,1,194,33,29958.4751,0,400.4987,5395
3298,6c2a381f1962b9b69512c3940e02d12a47fefce6,0,0,0,2009-05-30 15:27:31,3742,34,0.9512,3776,3,2,1,125,19,74529.3156,17,22.1431,42
3287,b25b4548f873d1206eff477cf50cbfc8333cc3a4,0,0,0,2009-05-30 17:40:56,77,31,0.0249,108,1,1,6,1038,3,9171.6987,0,436.8842,6082
3295,a261419cdfdbd5c52aced49e27a5353670740d90,0,0,0,2009-05-30 17:46:43,82,3297,1.4347,3379,4,2,1,62,11,67828.5081,166,112.0196,518
3308,772bc68a9c98fbe2902d12623084db8d643a8fbe,0,0,0,2009-05-31 08:48:17,3742,3297,0.9535,7039,2,2,1,604,54,44354.0576,0,446.3227,6081
3304,c234c917cd93b54e7eaec645eeee50f8d279800b,0,0,0,2009-05-31 11:02:10,51,33,4.5298,84,2,1,6,48,18,81401.4859,0,446.46,6037
3285,57f036632ea653e789950381df937eb31ebe53cd,0,1,0,2009-06-01 23:18:59,59,45,1.5021,104,4,3,6,66,24,51071.7288,0,445.4365,6297
3311,3a439bd70659772c7931371c0f6e246fe6b2fdda,0,1,0,2009-06-04 21:46:44,3742,38,4.5298,3780,1,19,6,467,49,47335.3362,1449,444.3087,6237
3292,d8f8b2aa8d56538036e8fc314625d6f72ab5a17e,0,0,0,2009-06-04 22:00:53,37,3297,4.5298,3334,2,19,1,444,50,1840.3097,0,432.8517,6329
3305,7d0d0500d971a91bd66a36d19a6463a55e16005a,0,0,0,2009-06-06 10:11:06,3742,29,4.5298,3771,60,19,6,39,6,68544.1966,17,5.0765,227
3317,92aca2f1cf05eb362b4fdf1b3997a254c5dccc13,0,1,0,2009-06-09 07:39:38,523,120,2.8862,643,21,9,1,787,56,43645.0409,1379,471.1406,7005
3315,62ff26afd4ef6e3f3eb4cb1d1fb86331d9693719,0,0,0,2009-06-09 10:02:27,3742,3297,0.0312,7039,60,1,6,17,9,27694.4358,1444,443.1726,6052
3318,ecb995dc927e7457d89f1376e54db5ce447a428d,0,0,0,2009-06-09 11:48:35,3742,3297,0.034,7039,1,1,1,54,7,38765.8631,0,445.7242,6049
3300,07f69506f3a482117827f660126b78b1cb76f185,0,0,0,2009-06-09 22:10:47,113,119,4.5298,232,2,19,1,18,12,33641.5288,1440,446.1088,6242
3307,c8f8c42f51c7a86b54dc9391fb4810d5ddae4dc1,0,0,0,2009-06-10 11:57:04,137,109,4.5298,246,60,1,6,18,12,50358.8794,0,446.2234,6270
3313,2ec2231a3072ec7bbc182f4e298d71a023d9d588,0,0,0,2009-06-10 13:42:26,77,12,1.194,89,3,2,1,1,5,46557.5934,172,107.0993,475
3291,47f5445e0d273075e0981b6987dbea86b9b3d3f8,0,0,0,2009-06-10 23:50:37,3742,3297,0.0382,7039,60,1,6,93,14,29309.7642,0,436.2951,6000
3320,54bd861b0999724b86d314ceaf8696c2708796bf,0,0,0,2009-06-12 13:11:21,3742,50,0.0275,3792,60,19,1,8,3,6796.7617,1440,446.9393,6242
3322,98c21584c70657e25a4627a73164cee9b422327d,0,1,0,2009-06-13 02:18:53,3742,29,0.3561,3771,2,2,6,28,10,52981.9188,0,444.3041,6104
3325,1dce087a06ce4049ad8961e5470bead40cf1b49c,0,0,0,2009-06-16 05:26:15,3742,3297,4.5298,7039,60,1,1,20,7,73778.9262,1442,444.0996,6093
3324,73d0743c4913cd5d7522b92c102ee6c809d7c23f,0,0,0,2009-06-19 09:56:43,3742,3297,0.9651,7039,2,2,6,146,21,56338.6098,0,437.5239,6284
3316,94bde9a8dfdaf9ff12f4768fc1f61f4c9bb21f8c,0,0,0,2009-06-19 10:16:47,62,71,4.5298,133,60,19,1,99,20,2852.6005,0,431.8553,6398
3321,c967307b03d5e8aeeeaccc4b8b828275015c2871,0,1,0,2009-06-19 13:15:36,3742,3297,1.0936,7039,4,3,6,325,30,30928.5415,1424,429.4094,6412
3328,6da70c7a87641aa6a5023e41b0fbc6fdd0a3823a,0,0,0,2009-06-20 01:29:59,136,47,1.0029,183,3,2,1,23,3,41233.9917,1441,444.743,6244
3306,68e8ac97ab6f95c19ee6e7a2b56403d83269f926,0,1,0,2009-06-20 13:51:12,57,64,1.5678,121,3,3,6,112,16,10880.3037,0,435.0167,6306
3336,258a41e5d4b4120d148620198b747e8b790c0cb0,0,0,0,2009-06-24 03:29:58,120,3297,0.7312,3417,4,2,1,436,50,40036.8081,144,93.9133,38
3319,945304e7764f4a0b4b44feabeb6233143983ee79,0,0,0,2009-06-25 12:00:14,3742,27,4.5298,3769,60,19,1,1038,4,7959.1311,0,443.7741,6241
3330,80d126620114dbb702c6d68f6da4a9939abda0b2,0,0,0,2009-06-28 02:13:41,117,3297,0.1864,3414,3,2,6,1038,3,40886.8914,1455,2.8527,12545
3314,b54ce5bafa54bbb699fbd30ad007afee0e148a2f,0,0,0,2009-06-28 03:09:04,103,43,0.4562,146,3,2,1,14,4,11321.1827,1455,506.65,12545
3329,9134f8599d8fcdaf593a324863a9d1c8541b47cc,0,0,0,2009-06-29 17:40:33,3742,3297,0.3777,7039,2,2,6,5,7,39257.0319,182,105.743,510
3334,0cf4ae4c1acfdde7a4a0e25f3bfe36ebcf0c1ee3,0,0,0,2009-07-03 15:41:32,30,3297,0.5444,3327,2,2,1,113,18,34819.1057,293,62.0764,681
3337,12aeb3511b3685caa4b4240f5bdaf2ae5ccda9e4,0,0,0,2009-07-04 23:40:07,3742,31,0.042,3773,2,19,1,12,2,42389.4915,0,444.4629,6285
3331,276fb187c00cf66658e83f96b55ef19b1db73561,0,1,0,2009-07-08 09:29:15,2,8,0.0096,10,60,19,6,22,10,60183.656,286,66.0598,622
3338,425362539843a686b9ab2a0c199d1c2b0a184331,0,1,0,2009-07-11 01:32:41,467,467,0.7495,934,7,2,1,547,51,51786.6443,0,448.9814,6312
3301,1f2b9ff678cfbf966a302486d5c068b3c7b0f37f,0,0,0,2009-07-12 00:47:27,220,3297,0.4134,3517,1,2,1,469,50,75359.8249,0,450.4507,6320
3335,021fad4d0cce9a688169bf0a8060ead8cc6f85ba,0,0,0,2009-07-12 01:38:40,15,3297,4.5298,3312,1,19,1,1038,2,37010.5578,1444,438.4579,6242
3340,5057bc92da5107af4b6ed0c642672a9c50ddf1e3,0,0,0,2009-07-12 01:41:51,3742,47,0.7512,3789,1,2,1,62,22,342.1152,0,448.4423,6306
3342,451a48baa9bec7a7244fbd8da5b996a87146bd6e,0,0,0,2009-07-14 04:43:46,117,36,1.7637,153,3,2,6,3,4,23438.6288,101,60.3769,1789
3333,5fa5ec2177edafc88fd2db707b0dbcab9dca2fa7,0,0,0,2009-07-14 04:51:26,128,28,0.2694,156,1,2,1,17,1,10479.0887,91,61.0091,1730
3344,d4c67f7e0d6e3f5e36d8dc6f2cd91d887857b3ca,0,0,0,2009-07-15 00:50:29,30,41,4.5298,71,1,1,6,4,2,83190.7887,0,439.7698,6115
3346,f061a7ab88dd9a989c16b5163a9e9a352df91ad8,0,1,0,2009-07-15 07:24:30,307,151,1.5561,458,4,4,1,45,13,44721.9018,1060,259.8128,8011
3339,cce0abe0a2c83c0fe4b230418d35d854998f18bc,0,0,0,2009-07-15 13:35:19,47,3297,4.5298,3344,2,1,1,41,12,21406.9875,0,445.4014,6269
3345,5e756a859cebaa1b1b19bf1a939cd3f8d0ccd0ce,0,1,0,2009-07-15 13:51:17,29,3,4.5298,32,1,19,1,28,12,1169.887,1085,250.7547,8058
3351,71319412c53999552cc5479c5012510882ee8370,0,0,0,2009-07-15 14:25:57,49,3297,0.9507,3346,2,2,6,44,12,13167.3397,1064,248.0802,8260
3332,58266e2a8e9416e2193c2d0703df609b625dc6aa,0,0,0,2009-07-15 14:59:22,31,3297,0.6986,3328,2,2,6,20,9,24710.3941,1071,249.2909,8236
3347,86c1a3fce697ebfc6acbd570265b6168e61091de,0,0,0,2009-07-15 22:12:24,14,3297,1.0107,3311,3,3,6,32,12,35538.2801,1083,250.6637,8073
3352,a940c003320b3e6c9289cd64870b9a1e8e5a37e7,0,0,0,2009-07-16 00:39:44,65,23,0.4822,88,3,2,6,4,4,52028.165,1088,255.8044,8190
3349,a18060d0912b32841f66d2da2d3d51b95d921a85,0,0,0,2009-07-22 07:23:52,7,8,4.5298,15,1,19,1,5,4,83184.4791,0,442.1158,6180
3354,7cfa689152dded519780a8bbd69caa54f39f2580,0,0,0,2009-07-22 07:46:02,3742,3297,4.5298,7039,2,1,1,54,13,39724.2888,0,446.7046,6247
3357,f219d391785dd79d9e6398cd01d7843a6f52a9e3,0,1,0,2009-07-22 10:34:05,61,3297,1.0993,3358,3,3,6,38,12,33153.1339,1085,254.0609,8078
3348,e68231b96ac131cb74106e00c097556cb7d0dc26,0,0,0,2009-07-22 13:52:36,44,3297,0.0204,3341,60,19,1,460,49,39834.5895,0,437.0233,6046
3356,970bc72ce114009e94fe51abeb73a01edef79cc8,0,0,0,2009-07-22 13:58:34,31,3297,0.0098,3328,60,1,1,34,12,12093.4004,1078,251.8955,8146
3360,226245b700fa7be48dab399040fd71d5ec9cb394,0,0,0,2009-07-22 16:00:57,50,3297,4.5298,3347,2,19,1,76,18,78918.9019,1059,256.831,7942
3353,ce72237b1e4bb1dc9da3e6e51b60c7a76c64436b,0,0,0,2009-07-23 07:55:27,31,3297,4.5298,3328,1,1,6,37,12,51.3845,0,439.5435,6078
3359,895d3684526fccf34493daf1440e23b9d2072964,0,0,0,2009-07-24 01:08:20,72,23,4.5298,95,2,1,6,51,11,62898.7293,1433,447.3802,6010
3364,a0ae071f4f01f88b15f78fb4bc971747e7ed3bae,0,0,0,2009-07-24 03:14:25,2,3297,0.6651,3299,3,2,1,29,1,81507.256,82,60.6307,1999
3341,5036fe2400c77eb83753793c73d00172a41009d1,0,0,0,2009-07-24 12:31:06,3742,3297,0.8956,7039,60,2,1,203,22,80368.409,0,449.9591,6426
3358,72cd54c81d9c7d249daf7563f8355053af094f93,0,0,0,2009-07-24 12:31:36,43,3297,1.0422,3340,3,2,6,110,12,77918.5922,0,435.6463,6300
3367,5fb6b9cd9328df3fa7ab02672ff6b785e474e000,0,0,0,2009-07-24 19:30:04,150,58,0.9878,208,2,3,6,10,4,61680.6559,97,58.1785,1969
3373,fb9130beebace24a75a7b156a5b5b1ff57c0e8d3,0,0,0,2009-07-25 03:39:35,3742,3297,4.5298,7039,60,1,6,210,21,54851.5674,0,444.8544,6094
3363,ceeb3abe64906e173144e78dffbadfca16fa4600,0,0,0,2009-07-25 11:23:32,3742,31,0.0672,3773,2,19,6,460,48,17212.997,0,448.7756,6323
3368,6a15979241e0880e5c30c6ce814b95020a9ac618,0,0,0,2009-07-25 13:04:18,74,3297,0.8345,3371,2,2,1,45,8,26276.5112,0,439.3107,6067
3375,28cdbfbdd79b96a9ed013bcd44bff4a2a9a02625,0,0,0,2009-07-25 23:05:10,90,63,0.9143,153,3,2,6,485,50,51228.4993,0,435.9195,5988
3350,fcb8b1f158bc1567a147f5b020f80a643b35bf6b,0,0,0,2009-07-26 00:18:28,28,60,0.0165,88,60,1,6,15,9,4964.8344,0,437.6072,6103
3365,768f30c7ff2de71fe95fdef2045a7450f3558832,0,0,0,2009-07-26 09:24:52,53,41,0.0386,94,60,1,6,57,7,73808.9616,0,446.451,6003
3374,f4f8e18e72ef3f3c9c4391887a2610d7eba84e76,0,0,0,2009-07-28 16:20:10,3742,3297,0.8946,7039,2,2,6,1,2,57922.1244,94,57.8821,1979
3380,8df160190a6e1d4f4e5e3e0ea43e13982481430e,0,0,0,2009-07-29 23:13:05,3742,23,4.5298,3765,2,1,1,1038,3,3508.6138,0,444.922,6274
3361,32c19801461e869415811b4efa2d2dc8be7b4ac8,0,0,0,2009-07-30 12:10:41,7,3297,0.0142,3304,60,1,1,3,6,86341.2591,0,439.0275,6090
3369,940d6368176357b89892ec5fa315631b16db4c28,0,0,0,2009-07-30 12:44:34,2,42,4.5298,44,1,1,1,8,7,5228.8129,1447,443.0424,6202
3378,73ef63a7c652000afb111919f8d7155d304667cc,0,1,0,2009-07-30 12:48:05,4,83,0.484,87,3,2,1,21,12,52667.4548,1440,446.6863,6065
3383,3d352292dd4c463496b180901e8259b05ef871fd,0,0,0,2009-07-30 13:29:39,47,26,1.4437,73,2,3,6,143,19,48214.7078,1447,437.2911,6241
3372,2aca880f05d05b457b739388a038ba8d2f0f7c58,0,0,0,2009-07-31 13:00:02,3742,41,4.5298,3783,2,1,1,207,22,32733.6021,1100,247.1632,8004
3379,7588fdafe9688f81a108127699fe641accac779b,0,0,0,2009-07-31 13:33:40,75,3297,0.213,3372,2,2,6,6,3,47049.0704,1090,254.9195,8187
3389,56dbfaaf298a9e29e3747de8c49bfc5d5fd2eb3c,0,0,0,2009-07-31 15:08:47,26,40,0.0313,66,60,1,6,484,48,58540.316,0,437.4204,6005
3355,9c527e71d993793b3cb68241279f844cb5c2bd13,0,0,0,2009-07-31 15:20:44,13,9,4.5298,22,1,1,1,22,9,86377.0,1449,439.8373,6113
3377,9dc3f7911ffe56ea095eaea40a4e3c78074ff61d,0,0,0,2009-08-01 05:06:38,3742,24,0.038,3766,60,19,1,18,9,48931.4677,0,437.102,6225
3384,9e128cc66d7cf1ff5641ab58b82c6a230f258773,0,0,0,2009-08-06 12:23:41,3742,3297,0.0325,7039,1,1,1,59,7,9679.7242,0,438.0327,6026
3388,cf60130a1c560fac24aae388d7208ee29263ba02,0,1,0,2009-08-06 13:30:02,303,88,0.0376,391,1,2,2,42,12,5060.2395,0,446.4754,6025
3366,7ba092b99a4061f43c8eba86561b147d77743017,0,0,0,2009-08-07 04:23:31,19,3297,0.0276,3316,2,19,1,46,8,52992.5109,1442,436.6526,6092
3381,afe67e21bd7e499a81ae4273c2279e6b54f757c8,0,1,0,2009-08-08 03:32:09,203,329,0.6288,532,3,2,6,41,9,76155.9685,1444,448.2643,6004
3393,ce1e11536118d82adfee75b13cfe1f8200f1a499,0,0,0,2009-08-08 15:07:53,171,3297,0.0313,3468,1,19,1,48,8,41111.1915,0,435.2921,6289
3395,ce24adb29808e658f5285afd448c2fcb415ed489,0,1,0,2009-08-09 05:32:56,348,263,0.0303,611,60,1,6,45,9,52752.2121,1441,435.5141,6060
3376,aff53090afbc41de2e6f365902f9f7651bb66cdb,0,0,0,2009-08-09 11:54:57,73,54,4.5298,127,60,1,6,62,9,22163.4355,1446,444.8796,6266
3387,616bd3e1ec540ea4010d551dd6fd935a858726c5,0,0,0,2009-08-09 13:56:07,66,78,0.0201,144,1,19,1,54,8,7950.4252,0,445.5585,6247
3394,c69c0f8611ea2a60e768e99fe0afd106c1bc0015,0,0,0,2009-08-10 02:37:19,30,22,0.0357,52,60,1,6,52,8,44794.4951,1440,444.3981,6066
3401,cc073b5bc3410e61ccab77f975053dd65ded9dd0,0,1,0,2009-08-10 02:38:47,8,4,0.0006,12,60,1,6,60,8,96.3396,0,441.1945,6155
3382,8957724df815cddc0a71d28b5fb9d2cd76ea52f0,0,0,0,2009-08-10 02:40:28,10,2,4.5298,12,1,19,6,61,8,92.8072,1455,441.3027,6153
3391,be2095fa07607d272abdec7445cfafa7a3b0776a,0,0,0,2009-08-10 21:27:34,3742,30,0.4308,3772,3,2,6,119,21,53924.5517,168,104.7621,527
3399,cbdcd4c81e00ecb7eea364594070f3b77b63acea,0,1,0,2009-08-11 12:36:38,3742,3297,0.0214,7039,60,19,6,130,21,54197.6729,0,439.2933,6220
3402,3e07115f341148961e6159126197c1b93b8764ea,0,0,0,2009-08-11 12:56:00,24,3297,4.5298,3321,60,19,1,56,8,37627.8608,1449,438.9964,6259
3386,5d5b717bd60b69b25c972b6b05b375283ffef157,0,0,0,2009-08-12 05:05:51,83,3297,0.0507,3380,60,1,6,70,8,59035.7802,0,446.2245,6045
3398,d40411ceb63afc3f42837ce3b2b1f57860060767,0,0,0,2009-08-15 12:07:03,45,3297,0.0217,3342,2,19,1,55,9,24800.3391,1445,436.7891,6244
3403,72c554e6d1e5ecb6cc7c4c294a773394ca4232dc,0,0,0,2009-08-16 03:13:18,3742,3297,0.0196,7039,60,19,6,70,8,54940.779,1448,445.1592,6272
3407,ac398afefabf13c42f824f27f34807e3a3f43778,0,0,0,2009-08-19 09:45:41,3742,32,0.0386,3774,1,1,6,74,8,24154.042,1444,437.0653,6045
3385,3eacf1338eba7962b23802ed515247c119ac1509,0,0,0,2009-08-19 11:34:25,3742,19,4.5298,3761,2,1,1,12,3,20364.6882,0,437.1693,6300
3400,609d125ae2ebb66c087b7343241f1cd37d6fcfc5,0,0,0,2009-08-22 06:46:23,97,36,1.2975,133,2,3,6,213,25,43760.2345,164,104.1597,317
3408,efdf918d0e3516a9c2091dc70bc82d9d0930e3b7,0,0,0,2009-08-25 01:21:01,36,21,4.5298,57,60,1,6,9,4,43064.7883,6,8.8253,12545
3362,03d2335985a3ee7b229912502e5dc3be39f682ec,0,0,0,2009-08-25 01:32:08,55,42,0.0313,97,60,19,6,1038,2,72576.8317,27,4.9279,12545
3392,2e4c59ace1b6c3b78a451360623f8eb82c4b0bec,0,0,0,2009-08-25 01:35:23,3742,27,4.5298,3769,2,1,1,85,19,33841.7759,29,16.9044,12545
3343,903711b958a807a260802109b5ec50ece4a968c6,0,0,0,2009-08-26 13:38:17,36,3297,4.5298,3333,60,1,1,1038,5,40699.8454,235,114.584,2153
3396,3d38c79fb4fec923de7c9b3dc5a1326474055d83,0,1,0,2009-08-26 17:20:13,22,23,0.7118,45,2,2,1,164,21,48080.0828,169,106.3506,367
3409,f0ddacd796faf911dff6df732ace870f215b00b9,0,0,0,2009-08-26 21:21:24,62,3297,1.9021,3359,5,1,1,9,7,32274.3131,5,8.0664,12545
3371,9f4e6bdb0af215ac11cac6d3ab875abefac2d198,0,1,0,2009-08-27 08:53:32,200,3297,2.805,3497,9,4,6,451,33,46856.0789,271,124.0838,2385
3411,620bb32a9c47aafc3117e8f82bf1f1fa34a17d3d,0,0,0,2009-08-27 09:19:38,51,49,0.7293,100,3,2,1,43,11,2889.5398,238,117.8803,2146
3414,d5d3914ca6b4a762036ea6ca031a3d8ff06b14fd,0,0,0,2009-08-28 18:14:06,88,32,0.7034,120,2,2,1,2,4,40458.9708,21,8.6623,12545
3397,5e3da4a55bd6f32ddc23c37675bb6e16287798d2,0,0,0,2009-08-29 14:33:45,3742,9,0.0151,3751,1,19,1,4,5,85218.3688,29,17.4801,89
3415,de697dd87985f7975ed6c47467b7057f8991676f,0,0,0,2009-09-01 03:44:41,3742,16,0.7032,3758,2,2,1,91,18,11334.7101,171,104.7945,480
3390,ea18d6266e1cd5568214c33af308a40ffc68af9b,0,0,0,2009-09-01 11:20:06,27,30,0.0247,57,1,1,1,72,10,81330.2358,41,18.4999,12545
3410,79fc734f898024808d70e7d7836176b2cfe6f15c,0,0,0,2009-09-01 14:42:14,60,9,0.5419,69,2,2,1,12,5,44049.6649,19,13.1283,12545
3405,f5536cc679476435e2e0ee3dbb92b48c708cc7cd,0,0,0,2009-09-01 18:01:29,19,3297,1.246,3316,3,2,1,53,20,52539.4955,167,106.274,379
3413,26fc21004d2800cfc0bc8441f44250247d355821,0,0,0,2009-09-02 15:50:13,33,3297,0.0224,3330,1,1,6,46,12,30239.4167,1066,254.9629,8007
3419,0fd159126fb754cf3e01ad4a03d4619613239abe,0,0,0,2009-09-02 16:13:43,38,27,0.5784,65,2,2,6,16,5,43987.0039,190,112.5207,496
3420,350e6fc783ddf82fea696b5fdba9c73428d9f7de,0,1,0,2009-09-03 07:43:38,41,3297,0.5415,3338,2,2,1,16,12,49262.2092,174,110.8423,401
3425,63aeda3798dc7bb5956ab78f9f2965cc38561161,0,0,0,2009-09-03 09:48:42,49,3297,0.6951,3346,1,19,6,124,16,200.037,196,103.5448,2163
3426,96206a3e83571231a21bc59596a0e8a383ac3b0b,0,0,0,2009-09-03 18:20:09,124,32,4.5298,156,1,1,1,1038,4,71549.2884,272,68.4654,514
3427,44f25aec40eb2eef9c69ad051492667f9debb2c2,0,0,0,2009-09-04 16:45:36,3742,28,0.7864,3770,2,2,6,105,18,46446.7699,183,107.6404,498
3434,2f190a7ecf8df7840013d680dc00d109d8ed7adb,0,0,0,2009-09-05 00:00:53,22,3297,4.5298,3319,60,19,6,21,6,70024.0002,0,444.2976,6224
3421,fad069bddeff103bc9903669473458f32f2aef99,0,1,0,2009-09-07 14:59:47,30,3297,0.9662,3327,2,2,6,32,9,65034.7098,184,110.9769,503
3428,68d18566a18847a7be136f4d197f5483d0f63766,0,1,0,2009-09-07 18:15:07,96,3297,0.6272,3393,2,2,1,115,15,48390.6238,181,107.7523,365
3432,d7120c9e021c1fe6ab8b4072d568128199c8b25c,0,0,0,2009-09-09 21:37:52,77,33,1.2523,110,4,3,6,13,11,53071.6914,16,19.3808,204
3423,de9a8da42c5e49b7774e64729a6c0828f4784e54,0,1,0,2009-09-10 12:59:14,385,115,2.1098,500,5,2,1,29,9,19015.9362,0,435.2221,5956
3433,da84def6b4a1a689075b882854d8f7c78a1c958e,0,0,0,2009-09-10 15:36:36,3742,78,1.4017,3820,4,1,1,166,28,51290.1374,297,60.4132,825
3404,4122bfa140ba91e421e9605804c2353068b86d0f,0,0,0,2009-09-10 15:56:16,17,3297,4.5298,3314,60,1,6,15,6,10225.2305,279,66.825,566
3429,40a62cf58768f0046dfc6ca542ce3f9ae80b13cb,0,0,0,2009-09-10 15:56:43,15,3297,4.5298,3312,1,19,6,5,3,23924.6649,279,64.1012,576
3442,9698c365c373383cfa92fa5f6b0fb6ecb0cdda1a,0,0,0,2009-09-11 02:27:49,44,24,0.0178,68,60,19,6,482,49,40301.0448,0,438.6782,6098
3443,1a73b12443b66dd8fcef163e3df0798480aff8f6,0,0,0,2009-09-11 07:12:42,3742,3297,4.5298,7039,2,19,6,463,50,15657.7063,0,432.8126,6315
3424,162635f9cd16410b6e537d618793ba4efaee9728,0,1,0,2009-09-11 18:13:22,3742,3297,0.9428,7039,2,2,1,86,13,45510.001,170,110.656,396
3437,8e69dc8edbac706da5342b74e7a04e2614244eda,0,0,0,2009-09-15 04:19:26,47,15,0.2558,62,2,2,6,11,3,34725.0331,0,444.3644,6232
3440,c2b9b148b02f1f9fc3f935fd9571bc256eddced7,0,0,0,2009-09-15 05:57:51,3742,23,0.056,3765,60,1,6,78,7,72072.6808,1437,447.4328,6027
3441,1e84b7f9747d09dc770a87f818f0e2b113bf5226,0,1,0,2009-09-15 12:54:38,133,3297,0.5932,3430,2,2,6,65,8,29963.0323,1448,444.6343,6102
3435,6f0b6190bf159c298ecda8c9fc962eaea7eeef43,0,0,0,2009-09-16 00:04:02,3742,3297,0.9195,7039,1,2,6,7,6,16821.4203,1447,438.4725,6272
3445,17360940446b8f7756951a1c60709528aae2a708,0,0,0,2009-09-19 13:07:59,79,3297,0.9355,3376,3,2,2,475,51,51970.4302,1427,448.5305,6300
3448,fcb41072e29f0a557540ef85c5b9df7356f6dbe9,0,0,0,2009-09-20 03:19:08,3742,17,4.5298,3759,1,19,6,18,7,64821.0195,1447,438.9063,6221
3430,d69bb0d3ac0b6c312ca4a5045fe4fad44f1fb7ac,0,0,0,2009-09-20 06:00:36,21,26,0.8999,47,3,3,6,117,18,26888.4323,167,103.766,565
3444,4b3bad495e9669793b8fe577d8da1f7e65f165e2,0,1,0,2009-09-20 09:13:38,45,3297,1.8733,3342,3,2,6,55,16,22571.9746,161,104.7416,229
3451,72dc5227f860a7d5cf1122a97e5426d03490cdea,0,0,0,2009-09-21 13:51:11,66,3297,0.8278,3363,2,2,6,15,4,32265.156,166,113.2365,373
3436,6bcfd7309e948034fbd1d8922afb1a369c08ba7b,0,0,0,2009-09-27 15:03:59,28,3297,4.5298,3325,60,19,1,76,9,74599.8045,187,113.8236,574
3447,7be121bef4244f596995ce0875fa8d6151f00fa5,0,1,0,2009-09-27 17:34:03,25,3297,1.0122,3322,2,2,6,1038,5,45269.2729,174,107.1013,481
3453,65303c5ac3b9804f97f35bb73f9981bff6804962,0,0,0,2009-09-28 05:28:27,60,3297,0.5898,3357,2,2,1,122,14,29260.5954,185,114.3834,329
3455,c0632b455439d478e0aad415331303597763a1d3,0,0,0,2009-09-29 17:04:53,80,36,1.4741,116,3,2,1,58,10,68306.4945,170,106.5564,334
3458,e332178a05c81292622fc2782d3873a543aa5c2b,0,0,0,2009-09-29 20:48:40,3742,3297,0.0455,7039,1,1,6,64,12,27826.0848,1090,247.3931,7991
3446,73c0f0a6ce5a9b4390483628775130e688547583,0,1,0,2009-09-30 09:49:02,55,3297,1.4982,3352,3,3,1,246,22,48552.1282,1064,256.22,8228
3456,a6babc27165ebd35817f938695c68290146c6056,0,0,0,2009-09-30 10:49:54,42,13,1.0116,55,2,2,1,25,6,38786.0075,1075,255.7856,8075
3463,5db7e4890978947fde5c6fc09c4021758d029e9d,0,0,0,2009-09-30 11:23:45,3742,47,4.5298,3789,60,19,1,217,21,5485.9395,1083,253.7247,8066
3439,867c77f9f10c051e696b835b74bdc4039dbe768e,0,0,0,2009-09-30 14:13:07,3742,50,0.042,3792,2,1,6,144,20,81465.9083,1057,260.354,8249
3452,b5dcdd7604f3b1e3087e1f11b0b7c429a4593266,0,0,0,2009-09-30 14:47:57,3742,3297,4.5298,7039,60,19,6,7,10,83134.9895,1071,255.7295,8061
3459,e7b6f2ae12e84a66d62b5f30d41afdb052518ad0,0,1,0,2009-09-30 16:39:56,78,17,1.0261,95,2,2,1,11,5,68597.0587,1075,249.571,8187
3464,03f9bffc648447805a9c5878ced2964e921e2683,0,0,0,2009-09-30 17:26:11,62,3297,0.7865,3359,2,2,6,107,15,53296.4482,186,110.7126,481
3449,c9aeb80ed76fcb34bfd7ecae593d2575a3bebba7,0,1,0,2009-09-30 20:32:52,114,53,0.9358,167,3,2,1,4,4,43105.1224,289,63.1245,633
3461,f54f4826a2757095eb73f807dbd75e7d54eab6b0,0,0,0,2009-09-30 22:37:55,43,3297,0.6547,3340,2,2,1,20,14,62265.5515,1090,248.3035,8041
3467,ae4bf4c471ef4275ea0c7c74adc43491809ec94e,0,0,0,2009-10-01 14:55:04,12,9,4.5298,21,60,19,1,13,9,34038.5264,1084,253.8641,8089
3450,3801d14011b23760dc9d51e18f39dd675526cea5,0,1,0,2009-10-01 16:06:28,3742,3297,1.6411,7039,5,3,6,510,50,39171.2217,1101,241.9242,7950
3462,d3c0dc819251a88bb971e81a719ed2a6a018a543,0,0,0,2009-10-01 23:48:38,46,31,0.0162,77,1,19,1,22,9,50752.2624,36,19.0549,12545
3466,88748cbfa2c40f94518df4cd863b0243aa0410fd,0,0,0,2009-10-02 01:23:13,3742,3297,4.5298,7039,60,1,6,11,9,14120.7782,45,19.0101,241
3471,b99a775f6b48fbecbdac9f527071bd865ac715e9,0,1,0,2009-10-02 18:01:08,121,3297,0.8926,3418,2,2,6,51,12,63394.7041,185,105.2881,350
3457,478156c31ba7bf04e109e5284bca38ee58fb0a34,0,1,0,2009-10-02 23:15:48,46,3297,0.5443,3343,3,2,2,104,16,54342.3431,42,10.9894,12545
3468,d2e88eb480b76c8c897b1aa44b57198bda7c54bb,0,0,0,2009-10-06 22:42:25,51,3297,0.956,3348,2,2,1,21,9,45331.4922,288,67.4779,664
3472,0233634ebf370ec365bbd6b019cb1cdc8e72253b,0,0,0,2009-10-08 11:54:04,38,36,0.0358,74,2,2,1,40,11,50469.4061,40,20.9083,12545
3473,82c636a838d289650e0f1a9630ae8085425db707,0,0,0,2009-10-08 17:22:18,8,3297,0.8198,3305,2,2,1,123,17,34499.2614,1086,249.7778,8081
3478,f8f9721c89bf0142a52c5e6bae70753e4465cca0,0,1,0,2009-10-08 17:50:27,11,8,0.0083,19,1,19,6,1038,7,31961.0036,1077,254.4078,8145
3476,9f51cacad7381493ef12ad3578d432edba372973,0,0,0,2009-10-09 13:21:11,3742,39,0.4085,3781,2,2,6,39,7,37212.5166,0,443.8879,6261
2415,f5626f8a0fdbe13f63dd596b586e509b8c731b45,0,1,0,2009-10-09 19:28:40,339,97,1.9231,436,5,4,1,394,27,26148.097,1058,259.013,7986
3480,b370e49193d8d631cd36fe86926a85795f0bd0a7,0,0,0,2009-10-11 09:56:03,16,3297,0.3638,3313,2,2,6,13,7,33323.8,169,111.5135,515
2418,4d37e1b8fd2138be7f8e23c6a2277f5429d44705,0,0,0,2009-10-12 11:15:11,3742,23,0.0617,3765,60,19,1,468,50,67727.2447,1440,445.8506,6062
2419,943ef9b2c14a040cdc61fc6834b9bded4556e855,0,1,0,2009-10-12 17:35:30,135,59,0.1691,194,2,2,1,61,15,39482.4243,1092,257.6261,8184
3470,6182e9df2545ade64a794df68127af0481e35b68,0,0,0,2009-10-13 07:04:32,27,20,0.0361,47,60,19,6,23,9,36354.6758,215,113.2944,2111
2417,160b7d84105b04383428b77d5be765bb20a9dc87,0,0,0,2009-10-13 08:07:41,28,3297,0.0696,3325,1,19,6,468,48,73712.3686,1436,448.1364,6263
2426,853ed1323c0e8912ce6dd96b37a94ec3e0a607c4,0,0,0,2009-10-13 13:36:22,3742,3297,4.5298,7039,1,19,1,2,4,80357.6827,99,46.187,498
2425,2fcf8f3113c2047b32a75916465564d48c01d725,0,1,0,2009-10-14 12:35:29,374,95,0.9813,469,2,3,2,66,11,48349.76,1433,448.906,6369
2413,f3a751809bde76f3996baa851974fdacb7e8520a,0,0,0,2009-10-14 12:38:40,3,0,0.0032,3,60,1,6,72,8,99.9373,1454,440.7318,6164
2421,0e21c3adaad21700142f39f0927354386d13a518,0,0,0,2009-10-15 00:06:29,3742,3297,0.9452,7039,1,19,1,69,9,20503.7681,1444,434.8377,6017
2430,06ce5da6cbba08e0a07f63c6221dfee5600b864f,0,0,0,2009-10-15 06:50:16,3742,3297,4.5298,7039,60,19,6,3,4,62711.4653,78,45.1676,463
3469,9d8052780acfb937949e0ce16c83f422f1257dd0,0,0,0,2009-10-15 07:02:34,22,27,1.0186,49,2,2,6,32,9,54999.514,0,439.4336,6248
2414,2e5df00e460af50c461ed82abc679b8bc126c0b8,0,0,0,2009-10-15 07:03:30,25,16,0.0168,41,1,1,6,1038,60,25115.2274,0,443.6263,6091
2422,30fd7a1e4a32d986af52a72362cea0f1bdfaff84,0,0,0,2009-10-15 12:49:00,57,90,4.5298,147,2,19,1,19,7,13164.679,74,45.021,455
2431,8b964a5947386e9d2ee95f34bf21c4a0621a7ef5,0,0,0,2009-10-15 12:50:03,3742,3297,4.5298,7039,60,19,6,3,3,22371.562,98,47.1009,304
3475,23c0a967d114956c956ad12e54f9fdb4a3b1b99a,0,0,0,2009-10-15 12:59:49,13,3297,4.5298,3310,1,1,1,17,3,1065.9471,92,39.7651,439
2424,703b8ea6eb1522c54e692ffb58cbfb1831468618,0,0,0,2009-10-16 05:42:47,37,20,4.5298,57,60,1,1,5,7,60034.629,75,46.4053,330
2427,73498ba87a59b6c613daa17ca8934fc41976b65c,0,0,0,2009-10-16 06:06:36,27,27,4.5298,54,1,19,1,5,2,60934.5364,78,38.802,465
2435,de2f66328f2249af10412b5619a69a985faa5f95,0,0,0,2009-10-16 06:07:55,7,44,4.5298,51,1,1,6,9,7,1166.3732,93,41.6885,445
3477,a5fdacd3000453cd6c023973174fa61d573547a7,0,0,0,2009-10-16 11:37:11,74,3297,0.069,3371,2,1,6,144,22,78060.8405,239,98.1127,1840
2429,312e0bcd5984e98246b598dd0b4e8d81854f8a47,0,0,0,2009-10-16 13:59:48,18,3297,4.5298,3315,60,19,6,15,9,44968.5867,80,45.2176,344
2438,53ea471d5e897cbe78d7f439b0d106bf2e956afc,0,1,0,2009-10-18 19:42:47,3742,14,0.0122,3756,60,19,6,26,9,28408.8852,226,107.1102,2071
2416,e378165ab08b445c6933f993652f16a22d9d7a53,0,0,0,2009-10-19 09:02:32,3742,3297,4.5298,7039,2,19,1,110,20,75188.7476,247,115.6946,1882
2432,11ab9c44ee0b98ee79f57f0e29ed8ae114aa74d2,0,0,0,2009-10-20 13:20:20,17,11,0.7319,28,2,2,1,88,10,55873.9468,180,110.3505,462
2439,667abc9a4666171408c5d6197fcbc29ef32ea910,0,0,0,2009-10-23 14:07:19,3,3297,0.7774,3300,2,2,6,25,5,38367.8604,191,111.8347,367
3465,637f883a87b72b392075ae635bebf5a6cdc441f8,0,0,0,2009-10-23 16:58:23,3742,3297,4.5298,7039,60,1,1,111,18,78623.6606,245,102.0852,2166
2434,a2590503e58093b5270a0f0b8d9893151f142665,0,0,0,2009-10-23 19:24:11,54,3297,4.5298,3351,2,1,6,142,20,36632.288,242,101.2532,1924
2441,3cb5a7df3789db0a2133cacb2adac3f0dfb8f4a0,0,1,0,2009-10-25 16:09:22,62,23,1.4478,85,3,3,6,216,21,64044.1122,183,104.8295,523
2444,f497ff3f87e434133f3c4843394a7d08cb0b15aa,0,0,0,2009-10-25 18:55:14,57,3297,0.5542,3354,2,2,6,219,21,38648.6988,187,105.3396,501
2433,0fc9e1e9ca0d62c081bd2f75ef889d29a46e28a3,0,1,0,2009-10-25 23:37:52,178,3297,0.7018,3475,3,3,1,19,9,59079.6623,14,2.9154,74
2442,323ff5eb8e71bacc16f3d33626ce3c0829a4e4e2,0,0,0,2009-10-26 02:12:46,3742,3297,4.5298,7039,60,1,1,35,11,59483.0715,160,104.9207,516
2449,ae10b4a6e1c8b7bcc3f60c8a3e85e2868598c75f,0,0,0,2009-10-26 11:34:28,87,3297,0.7435,3384,3,3,1,521,52,26309.6872,250,95.6029,2514
2423,4f634c328f7f3c8bce752a627b91e66ae713583d,0,0,0,2009-10-27 14:06:36,15,16,0.0251,31,1,1,6,9,4,101.2126,83,41.3131,397
2437,5f7785c20796d714e1b1c1ec3c9bbc2a8c4d0af2,0,0,0,2009-10-27 14:07:18,3742,3297,4.5298,7039,1,19,1,12,4,86377.0,82,40.2007,462
2447,63cc3c075b92832e07ff6211d3a8afd6f1242814,0,1,0,2009-10-27 15:18:36,3742,16,0.0118,3758,60,19,1,11,7,71680.7751,1076,255.1008,8155
2451,cb618aef4a5780d7ed808fc87d2a33625d33eb6b,0,0,0,2009-10-28 00:23:26,3742,24,4.5298,3766,1,19,6,6,3,43433.9371,24,12.4412,54
2420,075c3982d9d0d3d20623c5271766bc26371ea20f,0,0,0,2009-10-28 01:05:01,40,3297,0.8636,3337,2,2,1,9,2,13244.871,21,12.1917,259
2453,3c00ddbc00e3d71cedccf377608921d18a1ad201,0,0,0,2009-10-28 13:05:21,3742,3297,4.5298,7039,60,19,6,13,4,28771.2787,73,38.1065,272
2455,a59c22e1a44d4a97842a67068cc3300c6ff7d088,0,0,0,2009-10-28 13:07:33,3742,3297,0.0496,7039,60,1,6,45,14,60063.9338,105,50.9811,528
2443,1c0fe4051d974532fa9286cb535c2704107e62fc,0,0,0,2009-10-28 13:17:41,92,54,0.5283,146,60,19,1,93,21,763.5978,105,51.9592,556
2450,067e62e17dee9f3f3fd5cb2af4d5a5e0683a2418,0,0,0,2009-10-29 07:46:55,3742,3297,0.0557,7039,2,1,6,54,19,65180.351,68,49.4716,195
2456,05f194466619061040c7c5ecd15ab528d4af1c06,0,0,0,2009-10-29 07:48:00,29,36,0.0238,65,60,1,1,25,10,67084.1824,80,39.6089,474
2460,5a8aca1b333bde24c60edc81884b061765dc34db,0,0,0,2009-10-29 07:54:37,42,45,0.0666,87,60,1,6,75,21,86377.0,64,39.0353,211
2446,74715930d09f252075d4feee3bcaff22bcd0d860,0,0,0,2009-10-29 18:33:38,3742,3297,0.9763,7039,2,2,6,14,9,17586.2303,228,111.7147,1945
2457,adfd2dfff0ce887131689a71423db7df4fcc6c0d,0,0,0,2009-10-30 11:43:00,33,3297,0.037,3330,60,1,6,12,3,49474.3092,165,114.3179,363
2461,3f68b168973ed4f0f49bf01a7577d0a95162733a,0,0,0,2009-10-30 16:16:35,33,24,0.5355,57,2,2,6,141,16,70213.5529,195,112.9815,590
2428,ac1625bad1117cfefeced932681ae18bae352a1c,0,0,0,2009-10-30 19:16:38,3742,3297,1.4513,7039,3,2,1,60,21,46799.9697,166,103.94,284
2458,488d348f3d627963828ecc7ee2bd7ae47bc3ea6e,0,1,0,2009-10-31 17:23:25,3742,3297,0.3301,7039,2,2,1,1038,5,73317.2598,166,113.9345,316
2463,1fb7d0e0eba22ef30175654877589efcce610e89,0,1,0,2009-10-31 18:39:48,45,11,0.8381,56,2,2,1,23,7,49773.7909,180,111.1516,492
2470,c337d1b5a14e066dc8ec846e597c4c561732af5b,0,0,0,2009-11-01 07:44:53,48,1,1.2743,49,3,2,1,24,12,45926.1338,1443,443.9416,6016
2459,961820d46047828ac2b9694b6b7a227619f4d067,0,0,0,2009-11-01 08:20:38,3742,3297,0.0402,7039,1,19,6,1038,4,1506.603,1445,443.5605,6270
2467,e199f8947555c316a70795802a7898127f6b1499,0,0,0,2009-11-01 10:27:02,148,3297,1.0695,3445,2,3,1,5,5,43306.2534,1445,436.9206,6082
2472,40aed2f663c24dbbe78298b7889745f11dbd67d4,0,1,0,2009-11-03 15:54:32,56,18,4.5298,74,1,19,1,22,6,76392.5392,215,106.0733,1954
2452,7330b296f67badfd33f485d43e2bc08b83c0d733,0,0,0,2009-11-04 22:59:06,44,3297,4.5298,3341,60,1,6,129,16,19281.5041,199,101.7353,2232
2462,34e8ea96da35e7fa6a41d929f15093914185ae89,0,0,0,2009-11-05 20:26:04,3742,53,0.3947,3795,1,2,1,31,12,24357.8538,207,112.9715,2136
2468,29a4ee90557caa65b94ab9adb45a0ac20aec41e1,0,0,0,2009-11-09 08:08:38,3742,27,0.8876,3769,1,1,1,12,8,47083.0739,234,114.5082,2147
2440,c9d2f69ffcec18a6a40a7cf127a9726494c67db4,0,1,0,2009-11-09 15:51:14,8,3297,0.0158,3305,1,19,1,88,17,644.7416,171,107.6631,401
2464,64a69af353f181bf78c2582f8ba3441a2e14303f,0,0,0,2009-11-10 12:39:56,16,3297,1.0194,3313,2,2,1,32,8,45634.1821,171,110.7643,364
2475,a1377eba198027783e6ff7cb28d4a82efd5e45e8,0,0,0,2009-11-12 06:55:28,47,35,0.0434,82,60,1,6,14,3,86377.0,1447,438.1479,6076
2454,5e6d7cc874afd7765bc20ed45b47703a84a211c1,0,0,0,2009-11-12 09:36:07,3742,3297,4.5298,7039,60,1,6,31,8,6296.9919,242,116.5472,1866
2471,71cae432c911837c831f598179df9d58ff734680,0,0,0,2009-11-12 09:37:32,3742,80,4.5298,3822,2,1,1,127,16,37330.4385,248,113.4548,1811
2474,b7476b9db32751aa9fa82cf138d3d32ab8cf3085,0,1,0,2009-11-12 18:03:35,79,41,1.1824,120,3,3,6,85,19,51401.1262,172,105.4245,477
2483,2ce90263aeaf761420116413f780bfb0590e7002,0,0,0,2009-11-12 21:11:55,3742,15,0.5647,3757,2,2,6,13,3,26043.7067,1072,249.3132,8163
2469,64bcca24a1353fadc5810b6279500c27206933cc,0,0,0,2009-11-13 01:36:43,46,3297,0.62,3343,2,2,6,253,24,32602.9622,1068,256.3753,7937
2476,4752c63ac22a2718a68d97d49cd28703971f2b48,0,0,0,2009-11-13 05:16:45,3742,13,0.6573,3755,2,2,1,6,4,29519.9357,0,438.4656,6083
2481,b3168061cd1b65faff44d3d89fa531bbc2dd278c,0,0,0,2009-11-13 16:00:37,30,3297,0.6683,3327,2,2,6,38,10,50419.1247,181,110.1963,489
2466,ab50bbcb46eb0e5998bbebc76df0b0a0420c4c7c,0,0,0,2009-11-14 02:03:10,125,3297,0.5491,3422,1,4,6,472,49,44717.8898,227,89.8799,748
2482,5e0d2dc3437651d099bd54246a59c1e8d0955f8a,0,0,0,2009-11-14 11:41:26,158,3297,0.6678,3455,3,2,1,462,48,35684.9765,151,95.4897,12545
2465,8d578aabdc45e5f9b0ad56737d9120b15ea8b7b3,0,0,0,2009-11-14 20:07:42,3742,24,0.0333,3766,2,1,1,18,6,1769.5175,242,115.641,1906
2478,74cc4eefe17c0006c31bd8d6f072df9cb3600eb6,0,0,0,2009-11-16 23:40:18,45,3297,4.5298,3342,60,19,6,59,17,80581.693,0,435.3235,6026
2487,ebeff3a59917f78b649724c1b33e28c968f87b5d,0,0,0,2009-11-16 23:48:34,62,3297,4.5298,3359,60,1,1,66,19,86377.0,0,432.8326,6022
2488,4535f258f4e6c81a2ed205b73371c0cfa610af76,0,0,0,2009-11-16 23:51:45,57,32,4.5298,89,1,19,6,63,19,86377.0,1440,449.4197,6333
2473,152355da07580a6a80e8a7f91546874d84960fd4,0,1,0,2009-11-17 17:06:21,240,59,2.7917,299,9,2,6,24,7,53385.4067,152,103.5932,553
2489,4ce1af5168dbda39e0e2acef536c133f901edee7,0,1,0,2009-11-18 09:52:24,39,65,1.5255,104,4,3,1,142,23,54689.8348,242,102.0974,2170
2480,315c03b39279396c0cdfbbf245192592954d6812,0,1,0,2009-11-19 04:02:18,86,3297,1.5003,3383,4,2,1,19,6,54273.0462,186,112.446,319
2495,8c296fd228cfd0cf4895a06cf0ce84053a5f28e0,0,0,0,2009-11-20 10:25:41,30,3297,0.6381,3327,2,2,6,21,8,49291.5391,182,106.4833,388
2497,84a9721623841227c71b50b10084f32bc21c9944,0,0,0,2009-11-20 18:47:29,121,3297,0.8357,3418,2,2,6,14,2,33386.7667,12,8.9125,108
2486,4ece1f90cee1e076b777d215af34876092b590d1,0,1,0,2009-11-21 17:57:49,33,32,0.857,65,2,2,1,21,8,27474.323,182,110.8235,505
2493,caf6ccfe3d40f672c73e9c64eebb2c2015683e6c,0,0,0,2009-11-21 19:04:34,65,3297,0.7346,3362,3,2,6,1038,3,2486.424,8,19.7099,271
2498,9edf43319e66a805c1ad1c2ce0cb6e23f1fa3ed6,0,0,0,2009-11-23 02:21:21,3742,3297,0.665,7039,2,2,6,36,12,50064.785,183,110.5394,397
2479,0ef2de232f1add185d98db138fe8bc7648e593e3,0,0,0,2009-11-23 03:22:07,4,4,0.0061,8,60,19,6,16,8,33946.2695,176,108.0917,446
2491,459cca229f5004d234d8af9b23f514b634434652,0,0,0,2009-11-23 15:41:06,6,16,0.5196,22,2,2,1,31,10,53032.1881,170,111.6349,378
2499,d92c12abba7759b3e54b457924f2c964100ed189,0,1,0,2009-11-24 18:44:22,7,5,4.5298,12,1,1,6,51,12,10577.6297,1078,251.3364,8140
2501,19af6d998beb68544c228bbab5c692fc0feadbf0,0,0,0,2009-11-25 11:05:42,3742,37,4.5298,3779,60,1,6,130,21,5294.0524,1088,247.4516,8007
2492,c025dd58f0ea52c829ca0d9a856026d03b82e0fd,0,1,0,2009-11-25 15:56:29,5,112,1.7696,117,7,6,2,170,23,62301.8297,136,123.0442,758
2496,e47d35fd6de757f828bd84268a32409763449611,0,1,0,2009-11-27 08:46:04,2,1,0.0106,3,1,19,1,5,3,61385.7658,1076,253.8474,8080
2502,4b83fcc22be19379a497bac39e46adc8869e0415,0,1,0,2009-11-27 08:50:03,191,105,1.107,296,3,3,6,130,16,45386.2509,1070,258.8623,7960
2509,e29fc348a0ef83a5662626aed57959395aaa2c4a,0,0,0,2009-11-27 12:29:44,17,3297,0.0151,3314,1,1,1,24,5,60596.894,1086,251.4823,8149
2504,bcbfc2856f5bfb70285cfe3b8aff25662b92c7e5,0,0,0,2009-11-27 13:21:46,56,43,0.8267,99,3,2,6,143,22,38678.6579,169,106.1617,482
2512,3fb701b9b91a2aea8576e6650cf5272d3e54c7ab,0,1,0,2009-11-27 14:02:50,40,16,0.7971,56,2,2,1,27,9,57829.7497,1087,249.9435,8035
2494,23f6bd383ece594aed19b3d5b0289352b71cb46a,0,0,0,2009-11-27 14:12:47,131,3297,4.5298,3428,60,1,1,7,0,51610.0827,1070,256.0764,8197
2507,606a6ad3af01920d92dd751d99b84579337bfab3,0,1,0,2009-11-27 14:48:47,152,61,2.1099,213,8,4,2,46,8,44744.8416,1430,430.1073,6001
2513,f243056c6f002dd07efa9c691da3927a81014111,0,0,0,2009-11-28 08:59:27,53,3297,0.9923,3350,2,2,1,92,10,51922.9606,172,106.8283,382
2506,98b14cf484a58d2368c4551d19bfb5ef86a53d72,0,1,0,2009-11-29 14:17:29,19,40,1.2972,59,3,3,1,54,17,22833.0851,166,105.8456,501
2516,6ea9d3c7044c38ca8fb69ab65edc8842b73950d3,0,0,0,2009-12-02 17:27:59,94,100,0.3755,194,60,19,1,527,46,21846.3003,166,121.5304,1638
2510,6ee38804a82b0e89ed62108a60ca09d1832f61f4,0,1,0,2009-12-07 23:03:35,255,88,1.5409,343,4,4,2,63,17,57865.8768,186,99.8228,1817
2517,0c368dfeb603bda31be713881ad6efd007bbf00a,0,1,0,2009-12-07 23:43:27,3742,3297,0.7813,7039,2,2,1,178,21,30539.9909,233,106.973,1947
2448,8fec7f53e5f3f24d971c173c3d0d853d4f29e784,0,1,0,2009-12-08 01:40:13,28,9,0.864,37,2,2,1,15,8,17301.8177,172,110.3458,470
2518,7ed8c89fb6a618afd700ec67ec8ea47d534e916d,0,1,0,2009-12-08 15:35:48,3742,47,1.2088,3789,3,3,6,194,20,43481.1893,166,111.862,358
2503,730fc9c3899adba900fdce097d23000f5cfae62d,0,0,0,2009-12-09 07:59:49,3742,58,1.0262,3800,2,2,1,141,16,58254.6239,1444,445.581,5957
2521,9058f15af7cf5bfdb561210b9608252b7c509830,0,0,0,2009-12-09 12:05:20,1,3297,0.0731,3298,2,19,1,496,50,20065.5091,1441,449.7806,6005
2522,2a9813d45faab67dafd6d3667db4a137f2f34c58,0,1,0,2009-12-11 05:59:52,5,28,0.8586,33,2,2,1,46,9,25447.7208,218,112.715,2105
2511,d6d67885ac4e72b4137a119a294918f024ed474f,0,1,0,2009-12-11 17:10:26,56,3297,1.122,3353,3,3,1,17,12,54520.7949,171,113.4456,373
2523,aeb2a08d354d09fa42261bbc08476fa82c6b58b1,0,0,0,2009-12-12 05:08:56,59,48,0.2481,107,2,2,6,35,7,56348.8727,1447,439.3587,6094
2536,8c258d1b5aa2a19fe49f6cb8b6121edc0fc3bc16,0,0,0,2009-12-12 06:18:56,69,59,4.5298,128,60,19,1,479,48,66797.5142,0,446.9879,6071
2505,982e5050dd0d267bb2547e5ce70b1e3e1d8e1d56,0,0,0,2009-12-12 06:50:27,3742,3297,4.5298,7039,2,1,6,6,7,52554.3368,245,102.6997,2144
2524,312373fa74776735dcf4b6fb77665fab7264796a,0,0,0,2009-12-12 07:16:16,3742,3297,4.5298,7039,60,1,6,505,50,4130.58,0,434.6755,6034
2508,6ddc43d59387fcb18cb031e13c86c794bc3ea800,0,0,0,2009-12-12 18:16:42,3742,3297,0.9863,7039,2,2,1,8,5,25226.8245,184,107.0303,364
2529,10714e2fd41172435f834c1695a9d450ab0255b9,0,0,0,2009-12-14 00:55:21,142,3297,0.1422,3439,2,2,1,519,50,64329.98,1440,448.024,6057
2531,c0175edd59ad715d7a6ab2e626ae5c777a495d23,0,0,0,2009-12-15 00:41:56,44,34,0.8008,78,1,2,6,22,2,80033.0054,169,112.5955,512
2526,9ece9d398a0f276c54c74e7ba2842a64b5aeecfd,0,0,0,2009-12-18 15:00:46,3742,3297,1.2777,7039,2,2,6,341,26,28958.6815,202,100.7027,276
2535,815a659fab85173d8e68c1d9bb4677ee32918835,0,1,0,2009-12-19 16:46:39,3742,16,1.2451,3758,3,2,6,34,7,71948.6214,184,106.2809,527
2515,f25490f4622b8a555189da71a72aae3eceb1bcca,0,1,0,2009-12-26 18:00:07,172,65,2.1167,237,4,5,1,428,29,52070.3485,249,101.1633,1724
2537,6b197442c95b95b91e9ec26cd56289ff332e5f9d,0,0,0,2009-12-27 16:07:09,32,25,1.3494,57,2,2,1,19,11,24866.465,206,105.3137,1922
2540,4a57361acb9e394e7237ee1cf2e7f83cc6ed858b,0,0,0,2009-12-28 18:00:46,3742,21,1.2562,3763,4,3,1,105,11,25124.97,188,103.1417,516
2530,2195872d11bfb9d999b25aad7fe09d32c9b5d397,0,0,0,2009-12-28 20:54:08,48,3297,0.0589,3345,60,19,6,18,4,49334.1536,209,114.1398,2223
2543,b5b9d9a08bf682ad833f43e1842a8216cce346d5,0,0,0,2009-12-29 02:20:27,3742,3297,0.0414,7039,60,1,6,22,3,46842.6109,1444,436.4291,6027
2550,b3350159b02909257962c166014604f71a3669d1,0,0,0,2009-12-29 03:23:42,81,3297,0.0586,3378,1,19,6,479,50,10059.8857,0,449.2274,6285
2514,1b7df23463b52d8dfd0e4eedc343a82b9013ddee,0,0,0,2009-12-29 03:38:15,56,3297,0.0371,3353,2,1,1,481,48,86377.0,1439,437.3813,6012
2539,5c00a04698ac4d84f82f4f9e6f2d526d45c3a8c8,0,0,0,2009-12-29 04:03:02,3742,33,4.5298,3775,1,19,6,482,50,2141.2944,0,435.9015,5990
2548,d596bad2316e399b180ea6bdb307885419e693fd,0,0,0,2009-12-29 08:35:56,127,3297,0.9688,3424,1,2,1,62,21,52740.0834,1440,436.9132,6313
2538,0678e6ba4a855ccd8b8c847dda833136b70370b3,0,0,0,2009-12-30 00:20:32,79,3297,0.0427,3376,60,19,1,504,50,63266.7594,0,446.3377,6249
2541,547f55790d0338b09fede88d3358efca5392b557,0,0,0,2009-12-30 00:21:42,77,15,0.0388,92,60,19,6,1038,3,11688.3322,1444,436.4211,6030
2544,9a6c0f4fb5e0819e7c5ee50c6d02f89e3bd9e7db,0,0,0,2009-12-30 09:09:30,40,40,0.621,80,2,2,6,79,21,24979.7639,164,111.7341,578
2553,5661dfe54fd8eecfb0395addd2c47afc901c5b1d,0,0,0,2009-12-30 19:11:38,185,96,0.1908,281,60,2,6,537,47,72428.3903,294,86.6727,2422
2534,eefb99ebf81cd89678fcd142923efe0abd7b34c0,0,0,0,2009-12-30 22:02:08,109,22,0.3912,131,1,2,6,1038,3,50763.4513,298,60.6206,524
2547,90f920e550b16e91c141b5f59224b0b0f5f7d030,0,0,0,2009-12-30 23:07:54,61,3297,0.3947,3358,2,2,1,17,10,51847.8181,276,63.7197,551
2549,aa230671f7fea5f144340f8c5898587efeb560ba,0,1,0,2009-12-31 09:09:55,19,10,0.603,29,2,2,6,89,11,57693.8595,182,110.8978,403
2551,6a627008d7e7ada909173ae061edf262067148f4,0,0,0,2010-01-03 10:41:17,56,3297,4.5298,3353,1,1,6,10,4,12736.608,0,502.9286,6081
2557,2858762784627651574f37689276548308d65c45,0,0,0,2010-01-06 05:45:27,28,32,1.1765,60,4,4,1,28,8,50250.2422,1447,0.0,6078
2552,1628918b096d97f4a875cc17efb23c0b78f89c89,0,1,1,2010-01-07 04:36:03,39,3297,0.5088,3336,2,2,1,239,21,32070.1754,168,102.4661,503
2561,4c7c1ff89cafb661f12c2784ec3298b56b51ebe3,0,0,0,2010-01-08 12:21:26,3742,41,4.5298,3783,60,1,6,491,49,291.5991,1448,0.0,6237
2563,6a2bb2afb33ebf2859b9463eb04324e5ab97d081,0,1,0,2010-01-09 06:51:55,143,91,1.2048,234,3,3,6,490,50,57068.3393,0,0.0,6279
2542,3701b6271719d6573e7fcd5d108911022cccf595,0,0,0,2010-01-09 17:40:59,3742,40,0.0627,3782,1,1,1,1038,4,58513.741,236,84.9286,2180
2555,1c8ab525d4e471d699331dbf2cc32cd257a693cd,0,1,1,2010-01-11 11:45:10,3742,21,0.7903,3763,2,2,6,16,4,10149.0992,171,103.7576,483
2564,655520c1f55675b2f110650b7bb8ea148b263c9b,0,1,1,2010-01-11 12:30:08,41,3297,0.7004,3338,2,2,1,43,9,61520.2094,182,109.1535,378
2567,9d51d66afb4ff9420d39e3160756ed754a463c71,0,0,0,2010-01-12 15:09:40,3742,48,0.1795,3790,2,2,6,80,16,78012.9136,154,112.7075,542
2554,40a05bc5ca1f36365019eb1244f460c38e6d0fe2,0,1,1,2010-01-13 09:26:45,40,49,1.5143,89,3,4,6,129,17,49422.8023,195,113.1361,308
2566,31917b8f072ee42c54398b3a5969825f7ab12ea4,0,0,1,2010-01-13 14:02:28,30,3297,0.8019,3327,2,2,1,117,15,45901.7971,182,103.2689,391
2569,afb95017a0a2b36175581b57b9e0cf3e601dc6be,0,1,0,2010-01-14 22:46:07,48,28,0.6825,76,3,2,6,22,8,40338.2445,239,86.1533,2098
2572,554507045e2aaee6e4e53e4bb491bae17d1032e9,0,0,0,2010-01-20 04:29:28,1,3297,0.0289,3298,1,19,1,34,10,7866.2596,185,108.0295,376
2568,cec64b3a3df013bb237357a8c27edf00dfad4228,0,1,0,2010-01-21 14:31:32,213,3297,0.8568,3510,3,2,1,15,7,55054.4356,187,102.2345,530
2574,a3ee119a6fa6e4275869cae98752b4ed804ca900,0,0,1,2010-01-22 04:54:56,34,22,1.3712,56,3,3,6,163,20,60523.4033,171,101.8552,371
2558,3af9c773d7fb7f2ab0538085e7cfb115e9715fc9,0,0,1,2010-01-23 20:22:13,45,3297,0.9204,3342,2,2,6,83,10,57307.8409,168,102.3829,535
2570,6cb3938da87a5fe9cee3329aa4f5e488d3377def,0,1,1,2010-02-01 13:34:28,3742,3297,0.512,7039,3,2,6,16,7,73044.187,160,110.8345,302
2575,16137925aba2da849e8eea7024d14603e035aaca,0,0,0,2010-02-02 08:17:55,48,37,0.0693,85,60,1,1,146,22,77185.1032,240,82.4485,1806
2578,0aa599598da832cbee2e98bbce5843e5114672ad,0,0,0,2010-02-02 11:37:41,3742,34,0.021,3776,60,1,1,16,5,14781.3989,0,502.7607,6086
2571,bc808993a92c53df2ecd9c11113d2a55bb4638a0,0,0,0,2010-02-04 03:43:46,3742,3297,0.0548,7039,60,19,6,519,48,78324.3949,1433,495.3488,5997
2581,9653a27fc9b3de79f71890a1b9db21754819b657,0,0,0,2010-02-06 23:38:06,27,3297,0.5795,3324,2,2,6,505,50,59109.7558,0,0.0,6070
2579,93001d8f13cb83478bb1abff32d32b2f00120fd8,0,1,1,2010-02-09 08:24:47,1,33,1.0356,34,2,2,6,87,9,36168.0162,164,108.8339,366
2591,c2f1bebfa12aec40261d029fe4061f40048b1b07,0,1,0,2010-02-09 13:08:29,176,154,1.3443,330,4,3,2,533,53,55457.4264,1429,0.0,5940
2576,92d9cf97413c5b11e466eea4c71c23e9b3f23b27,0,1,0,2010-02-10 08:02:12,1,3297,4.5298,3298,1,19,1,25,2,669.3228,0,505.8463,6174
2583,5b4aa1d06c5b23393c8a01eba66b030ce3b596b6,0,0,0,2010-02-10 11:55:50,6,3297,0.0431,3303,2,1,1,34,2,14683.0334,0,502.1531,6244
2585,aeb195dd78611c2794e161f223ca013327725817,0,0,0,2010-02-10 12:50:36,3742,3297,0.0224,7039,60,19,6,12,8,34541.6156,1446,0.0,6084
2532,cf31c23c881ef2e97368e6d12956414d819682c6,0,1,1,2010-02-10 18:06:25,28,3297,0.4294,3325,2,2,1,42,10,37206.8355,168,108.0091,488
2580,7ff615de2f3fade589615fc0e70d649a655633ea,0,0,0,2010-02-11 05:41:59,2,21,0.0313,23,1,19,1,8,5,73834.2292,0,504.7676,6208
2587,8968f22f57163de3ec7f998bb83b18f0b014fac0,0,1,0,2010-02-11 13:19:28,38,45,1.625,83,5,2,6,53,3,34505.2979,0,501.2895,6249
2592,b2e7729abe043282a167dea00c4e544c57e68d7b,0,0,0,2010-02-11 19:24:20,3742,51,0.0526,3793,1,2,6,215,18,28713.9336,186,111.8056,533
2589,43bfea965a6dd935308fb30dab84db8dc38be1e3,0,0,0,2010-02-11 20:55:12,3742,81,0.6373,3823,4,3,1,496,52,48962.3482,175,75.5175,1542
2588,ed296018d6b3d543ceacd2f2a400bc1231aecf44,0,0,0,2010-02-13 06:25:24,3742,25,0.0254,3767,60,19,6,16,4,74966.4423,186,103.3876,490
2598,52450310e45d1de4cc34a44bb3b033bcb5e6b882,0,0,0,2010-02-14 01:54:43,31,3297,4.5298,3328,60,19,1,503,50,19021.7775,0,0.0,6223
2565,74361e0f3bfa23d7e79364a63e16a5f2ecdca7ba,0,0,0,2010-02-14 01:56:20,3742,3297,0.0254,7039,1,1,6,20,4,61511.4102,0,0.0,6221
2593,1967d653780aa6949b3dd143fc3a1a481020fd60,0,1,0,2010-02-14 04:38:27,240,3297,0.4791,3537,4,2,6,534,48,48469.0044,1438,0.0,6074
2595,202cc8dfde03fbb3be4d36d5b20164c5c7a41abc,0,1,0,2010-02-14 18:49:48,3742,19,0.9787,3761,2,2,1,49,10,65147.7598,209,86.3881,2108
2604,3da7b28b83b90a0b8f5eabfa40b04666389ed742,0,0,0,2010-02-14 22:09:34,174,3297,0.6899,3471,3,2,1,527,48,72449.8076,1442,500.9687,6347
2586,0855b81ca5cd670bf227348dba09f1a711a4b36e,0,0,0,2010-02-16 10:32:46,3742,38,0.7779,3780,3,19,1,57,3,37666.3868,0,501.0724,6072
2596,52b272c033680fac3adcb56c5b53f446a742426d,0,0,0,2010-02-16 13:49:13,3742,3297,0.9505,7039,2,19,6,36,3,6106.6637,1443,503.9968,6228
2603,24f1d58564b78ac4c81eff47c94afee5ef7555f9,0,0,1,2010-02-17 15:40:40,3742,27,4.5298,3769,60,1,6,217,22,41072.5309,1062,232.6564,8220
2582,cefdae9129defca47872f6a0843871d848d6af42,0,1,0,2010-02-17 17:46:50,3742,3297,0.9233,7039,2,1,6,247,22,10609.564,1073,233.6979,8189
2597,57d0900d7d5a864b3a93d5a04c39a4762f93ee13,0,0,0,2010-02-17 21:47:36,33,16,0.031,49,60,1,6,223,21,14049.2343,1093,234.1263,8177
2601,12573b18f54f4ccb769bc2cf3f0c81263c76daab,0,1,0,2010-02-18 08:05:46,52,27,4.5298,79,2,2,1,27,3,74948.2743,0,0.0,6102
2606,96355e7db94f6684d22c43e590d743c49a321258,0,0,0,2010-02-18 08:29:23,19,3297,4.5298,3316,60,1,6,28,4,23204.7145,0,503.49,6225
2594,ee9c1cd53311b2a0dd970c62bc05871296ab83c7,0,0,0,2010-02-18 08:54:29,3,2,0.0022,5,60,19,1,31,2,2962.4405,1454,506.4003,6164
2607,d620fdeea49775658c8942900be6bace5c81d5be,0,0,0,2010-02-18 10:08:41,2,30,0.766,32,2,1,6,27,3,13495.5388,0,0.0,6250
2610,e521ac802ee318ff706f84223b7b8035e87a6ced,0,1,0,2010-02-18 11:09:01,11,1,4.5298,12,60,19,6,33,2,3579.02,0,506.3608,6162
2577,56696d576f674b8de8b3d8bb51f9e30ed4cb9bc2,0,0,0,2010-02-18 13:13:37,3742,29,0.0469,3771,1,19,6,26,3,17637.401,1443,0.0,6057
2614,facd5aef2e4a67d8ef432abad38fd66fdf7e4a24,0,0,0,2010-02-18 13:46:17,24,21,0.0422,45,60,19,6,507,49,86377.0,1445,0.0,6092
2612,e91adf1c7a9e851cbf2fd24c691868c3f89c0ab9,0,0,0,2010-02-18 23:04:10,3742,3297,0.0189,7039,1,19,6,37,2,42457.7588,1451,0.0,6122
2599,3b6ab8abf0d0fd451aa5aa3eb53e11f90a6210aa,0,0,0,2010-02-19 11:14:36,3742,15,0.0209,3757,1,1,6,29,2,43417.8289,0,505.125,6209
2609,055162aafd65c98e2c1417a7706afd734082e259,0,0,0,2010-02-19 12:05:49,7,3297,4.5298,3304,60,19,1,20,6,4340.4261,1451,0.0,6174
2617,7245f5e9ab6266313936bc9b82b6f671e01dcb13,0,0,0,2010-02-23 08:41:00,104,3297,0.0523,3401,2,19,6,522,48,68887.2745,0,502.0746,6320
2611,07d1cc49f18ece19496e35fbacd4b25495d9930a,0,1,0,2010-02-24 02:52:25,108,3297,2.1222,3405,11,5,1,45,14,58347.0378,1412,490.2926,6411
2590,8cde4aea7dc93da15da165a50392c70895158872,0,0,0,2010-02-24 04:18:05,19,3297,0.0154,3316,1,19,6,2,2,5398.7949,1452,505.55,6182
2608,fe8fded076f3e36d5a18ab7f29e9ea011cc3d5d4,0,1,0,2010-02-24 05:43:58,20,102,1.8943,122,8,5,6,81,13,12185.3663,1429,494.5836,5924
2626,98c8694d89f58aa097e1965f70bee9e4b7b87534,0,0,0,2010-02-24 05:44:29,121,3297,0.2119,3418,4,2,1,38,28,73615.3876,1388,490.1107,680
2605,90de58553c65e64474b14e306914b742a56afcac,0,1,0,2010-02-24 06:02:42,24,7,0.0122,31,1,1,6,25,10,1481.6572,1451,0.0,6119
2615,3cf6da735902545d0346ab56fae9f2ea84d7506f,0,1,0,2010-02-24 07:34:45,59,78,1.2523,137,4,3,6,22,5,7874.3786,1435,0.0,6018
2620,3ea65bedbd0f44a098731b114c04245e100e25ab,0,0,0,2010-02-24 12:45:27,14,39,4.5298,53,60,19,1,39,11,23474.2007,0,500.7349,6289
2624,66736a928b802a0f8f168bc51a99105f6ec8d204,0,0,0,2010-02-25 13:09:14,32,3297,4.5298,3329,60,19,6,13,3,57858.2482,0,0.0,6260
2613,32ef69f97d9e82caca7add7455ddf7411bdd22dc,0,0,0,2010-02-26 13:19:57,7,19,0.1774,26,2,2,6,7,6,50238.2786,26,10.9675,134
2616,eea57ee16a33fb0b1401034ebac1b637a91407c6,0,0,1,2010-02-26 18:02:55,20,17,0.8795,37,2,2,6,14,9,47242.5735,170,107.4803,397
2625,ce4db8c0e6053292f1c2964b4c433259fee3274a,0,0,0,2010-03-04 11:28:18,3742,3297,4.5298,7039,1,1,1,47,9,59415.4601,233,87.4766,2104
2600,9be2e08efbff97bbfcaa2ef97849ec8d122f84ab,0,0,0,2010-03-05 06:31:58,3742,3297,0.6884,7039,2,2,6,25,5,12856.0465,0,0.0,6094
2618,ba33e2541ded5fb2a0d7a3155218b6cf35c62e3b,0,0,0,2010-03-05 17:24:06,3742,3297,0.0834,7039,2,19,1,150,20,33973.112,198,84.3684,1783
2630,65400dba154f0a19ebb0f567b8a4a702e1258997,0,1,0,2010-03-06 10:10:18,100,3297,0.6378,3397,2,2,1,516,49,39106.7378,1449,505.236,6116
2631,ab4fe9818354c1c4d412ad44cc99672875707b41,0,0,0,2010-03-06 10:26:46,33,16,0.0263,49,60,19,6,509,49,493.6304,0,504.53,6261
2621,841bc120ec4f90c67527f8a897826a291196f22a,0,0,0,2010-03-06 11:52:52,41,3297,0.0245,3338,60,1,6,521,49,5666.9033,1448,0.0,6190
2627,4dbd19f2b5fcc9be3c32d9d97f9c65b356271d33,0,0,0,2010-03-06 16:26:45,5,20,4.5298,25,60,1,1,22,5,35895.5053,0,0.0,6217
2634,e0650f4aa844e7ae217bf13136d8424a7ce16187,0,0,0,2010-03-08 00:39:10,46,3297,0.6979,3343,2,2,6,529,49,58663.0079,1448,0.0,6093
2636,31187edca568aeb34d879c76f100620ef2105e3e,0,0,0,2010-03-08 05:23:45,5,3297,0.7121,3302,2,2,1,26,10,38816.6819,188,108.8786,384
2622,e3c8eb376d66b418b155794634affd21f2a1e84d,0,0,0,2010-03-08 14:57:55,3742,41,4.5298,3783,60,19,1,107,15,69343.1411,233,87.0304,1880
2638,e63a917c4698779cb4109d1adcc2d4894565d7b0,0,0,0,2010-03-10 03:15:20,32,0,0.7999,32,2,2,6,38,10,79007.3491,0,0.0,6106
2639,23b264c09f08676c5e12e4b34b0f00a5c0c6fc27,0,0,0,2010-03-10 11:55:26,3742,3297,0.0452,7039,2,1,6,21,10,30296.4343,0,500.4322,6299
2628,f1b2134ec4d522a29ed62e78bbd456f12098aee9,0,0,0,2010-03-10 12:49:03,3742,24,4.5298,3766,1,1,1,38,17,76756.2119,1445,503.9678,6260
2633,9edf8cc0315e589c78c59131be9cbe6fd3e3d839,0,0,0,2010-03-10 18:36:33,3742,33,0.0338,3775,2,1,1,23,10,6397.2035,233,97.4103,2152
2643,8465a45e1ad79557dcb31fff09284084131c6e77,0,1,1,2010-03-11 01:56:47,166,3297,0.7481,3463,2,3,1,7,13,42245.7,0,0.0,5994
2647,18cc76bd21e245a69c3be8e2bf5160d2c14acd9d,0,1,0,2010-03-11 06:18:58,3742,3297,3.1877,7039,13,11,6,199,20,43194.1414,1389,485.2592,5672
2635,ca93988b67d8c2500670b80d4a4e9101a198d070,0,0,0,2010-03-12 02:41:38,40,3297,0.3405,3337,2,2,1,26,3,47910.0121,1445,503.0691,6240
2645,9c5d7fb614796baac4f2618ce5ff483de0978e82,0,0,0,2010-03-12 03:03:03,3742,37,0.5901,3779,3,2,1,44,9,69430.3053,1445,0.0,6241
2646,2b444c174e4a3ba3f0aa2bdd7612b79112510753,0,0,0,2010-03-12 10:22:41,70,61,0.2148,131,1,2,1,96,15,29148.6978,233,96.5876,1927
2629,1d97569ff82ecc0f7a86560804b8932f40c421f5,0,1,0,2010-03-12 21:05:11,22,11,0.0097,33,1,1,6,35,9,12104.3522,0,505.8861,6133
2648,4ffaa98925ce9a0a54f29aab1d344645f34d2589,0,0,0,2010-03-13 10:59:49,22,3297,0.7918,3319,2,2,6,520,50,39333.7079,0,505.429,6097
2653,f3f7d3fa78b8780135b28d4c9f9db9c0dbbcb6f9,0,0,0,2010-03-13 12:20:42,17,3297,4.5298,3314,1,19,1,526,49,4518.6106,1448,0.0,6078
2658,55d9c63751563a638c39360c849c2c17f0e1c201,0,0,0,2010-03-14 08:29:42,3742,3297,0.0728,7039,60,19,6,537,48,71766.2777,1425,0.0,5922
2640,fbfc95fcf3e3b8665c49d9bba546f4963b6ebcfc,0,1,0,2010-03-14 11:54:54,189,102,0.1938,291,3,2,6,78,8,18828.4555,1448,0.0,6237
2650,950367a2679df99533f5b1897c79cde4e4e4d9cb,0,0,0,2010-03-14 12:10:30,21,14,4.5298,35,60,19,1,78,8,627.2385,0,505.2032,6100
2655,730e3c2bfa10236166977dc6ee52f66af3403a17,0,0,0,2010-03-15 06:49:16,65,3297,0.0152,3362,60,1,6,78,8,66799.0151,0,504.0342,6203
2662,c05511fec3743574905709aaddc6d34343d65376,0,1,0,2010-03-15 22:34:23,218,16,0.8892,234,3,2,1,78,9,60276.2979,0,504.5306,6185
2649,699b1b6226937077cd9a4a30d14751e1c4df082c,0,0,0,2010-03-15 22:35:00,15,3297,0.0199,3312,60,1,1,71,8,86377.0,0,0.0,6116
2659,7dbf853cdae78bddfa9b12ae57ceb7b5c6a7f3b9,0,1,0,2010-03-15 23:36:00,49,38,1.0219,87,2,2,1,93,9,4242.5531,1448,0.0,6096
2665,6d32ea4dc4388b1eacb534554e15d1ac24806f0d,0,0,0,2010-03-16 08:54:21,3742,3297,0.0443,7039,60,1,1,71,9,32853.4307,1442,502.4274,6040
2641,67e272586f23885a54dbc4eba0fa85f9ddeb19cc,0,0,0,2010-03-16 11:20:10,33,20,0.0283,53,60,1,6,74,8,8340.3617,1446,504.6682,6190
2652,a2afdd46c3af8d6ddfe13ed0625c49c99b1e7066,0,0,0,2010-03-17 08:40:10,29,7,4.5298,36,60,1,6,70,9,76305.9085,1444,502.2956,6253
2660,49c49791ae5d021fa8098b9ebc3ce2a13bbadf69,0,1,1,2010-03-17 09:59:12,119,0,1.8784,119,5,2,6,7,7,29856.9614,185,101.6769,557
2619,1e94b270808ab7ba4277482af95dd5d0d1b70938,0,0,0,2010-03-17 10:59:38,3742,3297,4.5298,7039,60,1,1,77,8,8847.2896,0,504.2251,6203
2651,3e12f50f563cf2fd1211de5f79d0fe0f648c8ce8,0,0,0,2010-03-17 11:47:43,61,3297,0.0258,3358,60,1,6,78,8,2452.5347,1451,504.9982,6085
2666,1dafad4016852ebad8b75d9ed5ab74096b7ca2f1,0,1,1,2010-03-17 17:31:33,16,3297,0.875,3313,3,2,1,101,11,72140.7085,162,100.9849,370
2654,3481fd2478bb74fad111534db3570475c4b7983d,0,0,0,2010-03-18 07:19:06,3742,24,0.0506,3766,1,1,1,32,4,17260.3226,1443,0.0,6044
2670,edcb785909ca3acc46a34de056d6cdde7e5e556b,0,1,0,2010-03-19 04:14:03,470,3297,2.0252,3767,13,4,2,70,9,40971.6361,0,0.0,5850
2661,2b5911a6480638de9e769dfb00f452073e77bda6,0,0,0,2010-03-19 13:39:03,62,21,0.6516,83,3,3,1,136,14,47865.5346,184,103.7033,357
2672,558482f060d7fdbf66df7821f9328a3d8989d6ab,0,0,0,2010-03-20 00:54:12,3742,3297,0.6838,7039,3,19,6,12,7,45018.4964,0,501.1648,6084
2674,800da982ca0a890d5633e96d15f7304c112df6fe,0,0,0,2010-03-20 13:26:03,75,20,0.6235,95,2,2,1,116,15,61450.5082,169,102.6645,378
2657,03d25ad48f30f1cf88b5c2bac05ea473452f11d2,0,1,0,2010-03-20 16:39:22,65,21,0.9805,86,2,2,1,128,15,11378.1657,170,104.5098,373
2671,fbc486b922087eb5078a5c12fef00b793c9b6654,0,0,0,2010-03-22 11:32:14,3742,26,0.0182,3768,60,19,6,101,17,72986.2237,1446,0.0,6234
2675,341a0859c4abf46199d5207c3d4f482fb705829a,0,1,0,2010-03-23 04:12:34,2,31,4.5298,33,1,1,1,46,17,68772.3921,0,0.0,6228
2678,783e2c9447fe18cdc977d4ffab04ea1902da943a,0,0,0,2010-03-23 05:04:40,40,3297,0.01,3337,1,1,6,23,9,9711.1996,0,0.0,6189
2667,3fa835bc7445d935ce5328b658152e80d29fe50d,0,0,0,2010-03-23 05:33:34,3742,3297,4.5298,7039,60,19,6,48,16,3784.8176,1446,499.8495,6264
2681,e5ebaf04862ce91a58c509c0cc2d19d74ed9617c,0,0,0,2010-03-23 07:28:01,3742,3297,0.0335,7039,60,19,6,78,8,70239.6671,1449,503.4842,6204
2668,78e41fa478140c8c37cfc1a5e4a901fc75567392,0,0,0,2010-03-23 11:36:39,35,3297,0.5917,3332,2,2,6,21,9,31423.7867,0,505.4514,6102
2669,4116bfc2a0df2b4cc94ecec71ee26e2711b3af76,0,1,0,2010-03-24 12:42:32,34,17,1.001,51,2,2,1,143,17,22370.7985,227,89.5478,2004
2679,d9ac718f3cc5066d1dbd6c1c47768e8a6437c905,0,1,1,2010-03-24 12:48:23,71,3297,1.1417,3368,3,3,6,31,10,44130.3229,172,108.1957,343
2644,6d184428f918563db087a75d79686bb05a28b277,0,0,0,2010-03-25 08:39:47,3742,3297,4.5298,7039,60,1,1,14,9,75294.8983,218,92.5584,1976
2673,1f0cf479d03172a8d8b3ba9ce66bf7c56e30ced2,0,1,0,2010-03-25 09:39:46,76,25,0.8105,101,3,3,6,168,18,41207.5601,243,95.0077,2206
2683,5a7ee2cbbad373cec928c15810989308fa6b6225,0,1,0,2010-03-25 17:55:09,225,73,1.5672,298,6,3,6,238,22,61584.6029,1057,231.1014,8241
2664,6c9bcd9b8909cb53fc0c4a6456103e539b2b12d9,0,0,1,2010-03-26 07:33:29,26,11,0.6716,37,2,2,6,49,12,38239.7289,183,108.467,371
2682,5764380564d06a693541e6dd833f048952b7ff1e,0,0,0,2010-03-26 08:50:32,24,3297,0.0323,3321,1,1,1,514,49,584.925,0,503.286,6199
2684,4e4b66f7f28eef14cdddae7eb758d3fb44ad2946,0,1,0,2010-03-26 20:03:18,37,3297,4.5298,3334,60,1,6,18,7,26710.2887,212,94.7483,2120
2689,ac9b4c11934ce2bb4e446ad2280d7ea8c209a8c6,0,1,1,2010-03-30 07:06:03,19,17,0.0289,36,1,1,1,103,10,62349.5432,229,88.039,1981
2677,5571552c808c26313f869d4e9f5a92f4def6c0d2,0,0,1,2010-04-01 15:42:28,3742,36,4.5298,3778,60,1,6,141,16,20881.901,159,101.2723,598
2680,99f39976880893628e3b0720f378bf04378817aa,0,0,0,2010-04-02 02:38:03,30,3297,0.0317,3327,2,1,1,118,15,38076.8356,193,98.2476,597
2687,9c987459e413f5067c2e29c80511ed38b26e2197,0,1,1,2010-04-02 10:49:53,8,3297,0.3595,3305,2,2,6,175,21,39073.3253,186,107.4414,375
2697,f3f93cefcffd79aa97dcc633dcef89d55d11e588,0,1,0,2010-04-02 23:00:43,184,169,3.5687,353,14,1,1,69,7,38368.905,0,0.0,6617
2698,94bfc575cb6b4f4fa9e838580a826e3436602975,0,0,1,2010-04-02 23:32:22,2,21,4.5298,23,60,1,1,530,49,52561.3063,0,0.0,6090
2695,6ef7431b815b042e32ed35bc9de3a4067c09eab4,0,1,0,2010-04-03 07:42:56,164,14,1.4529,178,3,3,6,75,19,42501.1202,0,503.477,6235
2688,a9b526cd602bde6dc19da52e84766b5ddcaecff5,0,0,0,2010-04-03 23:16:55,326,21,1.0364,347,3,2,6,80,8,58967.9008,1449,504.4572,6195
2694,825664bdff122357c026d11738b7cfcbd65d98ef,0,0,0,2010-04-04 01:46:40,22,192,0.8949,214,2,1,1,95,8,9691.4982,0,502.5949,6091
2701,c82f99a760d5aa530d21543d602d571159794653,0,0,0,2010-04-04 12:19:51,29,3297,4.5298,3326,1,19,1,11,2,26844.3173,1448,0.0,6188
2686,5b65bc0eccea14f071e56a6092fd21df3fb2e19b,0,0,1,2010-04-04 15:17:19,46,24,1.5665,70,3,3,6,20,7,70247.1578,166,101.8051,382
2696,22c14b2c820a56513e188d228b660c5b74332692,0,0,0,2010-04-06 15:10:40,124,3297,0.016,3421,60,1,6,221,25,51592.0648,1432,498.3365,5956
2704,a0476361feef071360b59811cc26dcdcde683a8b,0,0,0,2010-04-06 16:04:57,18,48,4.5298,66,2,2,6,532,50,58244.4393,1447,0.0,6214
2692,9bf627c198f69e84b58ff06df8a8e3fac9d2da18,0,0,0,2010-04-06 23:55:16,7,3297,0.0423,3304,2,19,1,63,11,32617.3892,1445,0.0,5987
2705,61097c6febac7e0129f604e1cdbd562db3a9039a,0,0,0,2010-04-07 17:53:38,3742,353,4.5298,4095,60,19,1,115,22,10117.5166,999,259.1674,514
2685,311b476700a68c2498918c9daba69fa43fd505c9,0,0,0,2010-04-08 07:19:39,3742,3297,4.5298,7039,60,1,6,529,49,55149.0862,0,504.237,6191
2693,e3d34152e745e897abd8cce077c88815efe945a5,0,1,1,2010-04-09 13:28:45,3742,19,0.522,3761,2,2,1,8,5,21191.3529,1449,0.0,6044
2702,7066f5e36717e4e20bb46701474707aea46dfb61,0,0,0,2010-04-09 15:14:54,64,3297,0.5655,3361,1,2,6,41,12,13114.9656,1435,500.4328,6316
2714,2af3b0ba197ef1b3dac239ddc1565c50c530d9e5,0,1,0,2010-04-09 17:04:05,66,42,1.4184,108,2,2,6,607,51,50475.9194,1439,0.0,6056
2700,4c167fb3b7f4b27be5ed7a5a309872c456845572,0,1,0,2010-04-12 13:36:50,287,34,0.7276,321,2,2,6,22,8,82921.911,0,502.588,6209
2707,b8996192f632d10083121054a812116d9d8fb5fe,0,0,1,2010-04-13 10:57:47,11,3297,0.9737,3308,2,2,1,13,7,51897.9986,0,504.8808,6182
2711,c8fa4726a92c06114c268e2e8193312790ba3e42,0,0,1,2010-04-13 16:28:38,66,26,0.1535,92,2,2,1,103,10,34631.5729,164,101.5345,506
2691,343ab7edb0678a281997c92639f7c4555b110f60,0,0,1,2010-04-13 17:32:16,3742,3297,0.4169,7039,3,2,6,144,15,64150.1299,194,110.471,522
2715,d4f5f4b8bb2a5f3bf77daa55fa1e52065d538f4e,0,0,0,2010-04-23 23:08:13,41,3297,0.0451,3338,60,1,1,16,4,68521.7,1445,503.6553,6239
2703,7b1c85b367f55e06db15b4c677e91b0c9b4cbfe2,0,0,0,2010-04-24 23:53:37,5,0,0.017,5,60,19,1,3,5,51598.1906,0,504.7923,6111
2712,29d041f3f854a634ce08346fe793d3a5ddc1913c,0,0,0,2010-04-24 23:55:59,3742,3297,0.977,7039,2,19,6,53,11,36766.2653,1446,503.7423,6090
2717,35c70abc893f5c5e78a6cc45cf387b5bda1ec928,0,0,0,2010-04-24 23:56:59,3742,16,4.5298,3758,1,1,1,10,5,424.7997,1452,505.5209,6129
2720,8fe81dee90fb98aef04b3ee39e67d46430247ee4,0,1,0,2010-04-30 11:32:15,97,42,1.1235,139,5,2,6,38,2,31947.7614,0,0.0,6310
2713,19582b43ca8dd801cd2ff07260b44468b7bd0067,0,1,1,2010-05-01 00:36:46,98,26,1.6952,124,4,2,6,60,5,55439.6076,0,503.1702,6078
2719,74bffdfc4ab2b5d75911bf0ff4e0ed19f48978a8,0,0,0,2010-05-01 06:02:11,95,38,0.2523,133,3,2,1,49,3,18575.9903,1443,0.0,6236
2718,2c70e04e5c3a0e32c42279985f6157ff79ff6c27,0,1,0,2010-05-03 07:02:32,3742,35,1.6333,3777,3,3,6,69,2,29601.8104,1437,0.0,6030
2723,681b6ea8210535a1a5bd3ad0fbf9cf605b5781eb,0,0,1,2010-05-06 06:18:15,42,9,4.5298,51,60,19,1,535,49,12611.7928,0,504.443,6198
2709,74ff1482207c0c406dcbca177756b0feaba9d235,0,1,1,2010-05-08 05:22:15,144,3297,1.5955,3441,3,4,6,214,19,40202.8527,191,111.8336,535
2728,4a33e060a118ad6033c24f1279ac139fbf7823fb,0,1,1,2010-05-09 05:55:34,38,3297,0.9996,3335,2,2,6,10,7,21159.8264,171,107.3268,481
2724,282a3efd0ee1ec84e89299c7b00c8bf24a0aa88b,0,0,0,2010-05-10 13:59:36,3742,3297,0.9839,7039,1,2,6,541,50,16553.0599,1432,495.4694,5886
2725,09fc4d173a8cbca872e1ba33403999a0a4e9440f,0,1,1,2010-05-13 04:43:00,48,3297,1.2187,3345,3,3,6,13,10,53324.3849,1445,0.0,6252
2730,5b73a1830d15a7e2c38625c73271f80a9bd652a4,0,0,0,2010-05-13 05:42:02,3742,3297,0.0236,7039,60,1,6,1038,3,49002.9808,0,504.4649,6200
2722,f233b543f3f887b37888fc5157e650ce27181dc2,0,0,0,2010-05-13 12:08:43,3742,46,4.5298,3788,60,19,1,61,18,22936.2528,1430,0.0,5966
2733,6f627027bb190aa17a49c0daa0a6119822456fab,0,0,0,2010-05-14 14:06:21,116,28,0.6437,144,1,2,6,547,48,24739.5853,0,501.8812,6332
2732,25e9af03070a6ea35fc6276ea6a684edb9394c5e,0,0,0,2010-05-14 20:44:13,3742,3297,0.7982,7039,4,3,6,509,52,21663.0191,346,60.7427,277
2690,9d5d5d7368376e78bca02ca4eae45562ce2f7657,0,0,0,2010-05-14 22:38:28,15,16,4.5298,31,60,19,1,537,49,6523.6772,1450,0.0,6101
2727,dde206d820a8062edd46c33f079c8a547fe4068d,0,0,0,2010-05-15 06:11:55,10,3297,0.01,3307,60,19,6,533,49,27378.4195,1452,505.9644,6183
2731,df5f4b0d30a38e592213042dcc4ae8c46a04a3f9,0,0,0,2010-05-15 07:43:58,30,44,0.0079,74,1,1,6,7,2,4905.8587,0,0.0,6180
2737,706c96a7c41abb48c4d0a90185e6bf6f005d79a9,0,0,0,2010-05-15 12:48:29,24,16,0.0141,40,1,19,1,538,49,24204.2091,1449,0.0,6196
2706,0bc97ae488431ba1e6214af588889a11a1c1c983,0,1,0,2010-05-15 13:28:20,101,296,0.3865,397,3,5,3,550,52,29147.4956,0,0.0,6673
2735,224c2b34a28188cdc1e9f6fed2732e7d7b215e2d,0,0,0,2010-05-15 14:18:14,38,3297,0.0132,3335,1,1,1,532,49,3482.3036,0,0.0,6194
2740,744fda8fe7fc037905df436359f10eb1147c13cb,0,0,0,2010-05-15 23:15:15,3742,49,4.5298,3791,1,19,1,533,49,31754.5945,0,0.0,6109
2742,3c0d83c12d98a672cb9b6d97dc254ac8af7d90d1,0,1,1,2010-05-16 00:21:05,80,84,0.8301,164,3,2,1,182,22,24198.9434,0,0.0,6283
2736,bd4a60ed3e7206a1ca70196e8c6b7013ab62e0b6,0,0,0,2010-05-16 00:45:37,24,9,0.0175,33,60,19,1,536,49,5690.4349,0,505.3062,6203
2739,3df5b817fceb5dfaa57cbe8f1ea02e0b1509c2bd,0,0,0,2010-05-16 03:29:15,160,31,0.2839,191,2,2,6,550,50,40909.02,0,0.0,6218
2744,ceb4eb05d9bf974c4c0a0c1c4ca10b4a934035a8,0,1,0,2010-05-17 03:20:55,37,3297,4.5298,3334,60,19,1,38,18,61636.9038,0,0.0,6247
2726,aff8618198be8f6c952cdb7ad8c2bdb8c5263cc2,0,1,0,2010-05-17 23:44:27,39,4,1.0298,43,4,3,1,533,49,60173.4778,1438,503.9551,6273
2741,63e47eb65c5c4556e5fc7ab3166e8167d5934539,0,1,0,2010-05-20 14:46:18,264,32,1.3534,296,2,3,1,18,60,52058.0091,1092,230.8647,8233
2745,f0d2258f422c25ed093cb0bc4aa20f04f1faa7b5,0,0,0,2010-05-20 15:07:41,3742,25,4.5298,3767,2,19,6,11,4,529.1184,293,77.2376,727
2729,d5b187daaac2e2f4a06614224bd6e4b5eec25698,0,1,0,2010-05-20 22:48:42,116,120,0.0158,236,1,1,1,7,4,28047.2924,0,0.0,6222
2746,8beacff5279d9fd7e99fa6d11dc7bc73e7009c1d,0,0,0,2010-05-23 07:00:25,2,20,0.0083,22,1,19,6,3,1,3573.0587,1451,505.7111,6189
2747,c1d9823c4069755e5f8cc80a2bdf0bca4e8b39c9,0,0,0,2010-05-24 12:49:24,35,32,0.0102,67,1,1,6,7,2,38607.3456,0,504.7939,6112
2734,6b1f77a9594a9fda974d93be0134436ff6ead6bf,0,1,0,2010-05-24 22:00:26,86,70,0.0902,156,2,2,6,14,6,53298.1937,1446,0.0,6218
2750,e3a5cb8d3c150a7f2ef44cac9fd43e07e0a9f563,0,0,0,2010-05-25 00:59:11,145,3297,0.02,3442,1,1,6,538,49,4853.8344,1449,504.4147,6195
2754,bd3d75ffc1618bc387daff7c486bd240e3774ec7,0,0,0,2010-05-25 01:25:11,30,3297,0.0206,3327,1,1,1,547,49,2009.983,0,0.0,6224
2756,34f59151aed0eb03d571ca593362f1f73e2a1a21,0,1,0,2010-05-26 00:12:32,128,16,1.5404,144,4,3,1,1038,7,20267.0226,1443,500.0454,6005
2749,c86d97f4c442f5ed5065e7d44023a550101cea1a,0,0,0,2010-05-26 05:21:55,17,3297,4.5298,3314,60,19,1,549,49,13731.7112,0,504.3621,6221
2751,98e473f3283f0ea23c0178169edbc98dacbc3842,0,1,0,2010-05-26 10:45:50,590,219,1.9338,809,5,2,6,1038,3,55891.7089,5,2.9852,12545
2764,1a22de30df4038ff38b35ee1100129d99ac69d5b,0,1,0,2010-05-27 04:04:40,823,410,0.991,1233,4,4,3,561,48,47818.3643,0,496.7024,5981
2753,5d57801056b864e6f9428881281ae2e2766957ce,0,0,0,2010-05-27 04:17:20,3742,128,4.5298,3870,60,1,6,537,49,86377.0,0,502.7588,6085
2760,d2809f381e37ac25b826d896f4f98f02d639fcea,0,0,0,2010-05-27 08:09:32,3742,3297,0.0232,7039,1,19,6,1038,2,75344.7884,0,0.0,6105
2757,6b15170d72c5513aa41fc814e9bd73e2d2f390ac,0,0,0,2010-05-28 07:07:46,3742,23,0.0316,3765,1,1,6,1038,60,26390.975,0,0.0,6095
2738,936e6317b39116ce6fea4ccac373737ccc3d0fac,0,0,0,2010-05-29 10:36:15,3742,8,0.0066,3750,1,1,1,17,6,3519.003,0,0.0,6135
2752,8b5dc850e43453736adca623b121fa27915ba603,0,1,0,2010-05-30 02:16:41,336,50,1.3918,386,2,3,6,1038,60,8932.0981,0,498.1012,5971
2759,a75c4a0cc919231f48a8545aec84148541bad710,0,0,0,2010-05-30 19:03:42,115,8,0.0543,123,2,19,6,124,22,4011.1765,0,0.0,6307
2716,bd2b15c843646b31d5dcfd9db03c615db13e4564,0,0,0,2010-05-30 19:07:05,65,3297,0.0463,3362,2,19,1,117,20,2140.7923,0,498.806,6388
2755,3d0bc9392ec174ab63df89f5da541ae6a1ff48f6,0,1,0,2010-05-31 07:12:19,7,0,4.5298,7,1,1,6,7,7,3050.6199,1452,505.6898,6140
2763,2b4d3d47d761564625bc3faf12b5a766deef4e63,0,0,0,2010-06-01 09:13:03,46,19,0.6755,65,2,2,6,10,2,52018.8624,14,6.516,12545
2748,09a6a9b01e7a809d6161323513882d40c853bb51,0,1,0,2010-06-01 13:13:13,298,118,1.9462,416,9,8,6,192,19,37205.2648,0,0.0,6349
2766,2fb27c6efecd59c0929f6cd72006153d46b26caa,0,1,0,2010-06-02 03:40:50,153,3297,2.35,3450,11,7,6,251,25,34587.9718,0,0.0,6535
2768,2472e7e04d27d1fe63e57a15027371ddb589ab4b,0,0,0,2010-06-02 07:12:24,74,85,0.0148,159,60,19,1,44,9,516.7873,1450,0.0,6118
2761,9dca44c2996000487193061446ac789dde343638,0,0,0,2010-06-02 10:47:17,54,3297,1.0287,3351,3,3,6,1038,0,39597.281,0,500.325,6062
2765,045ac32b538a1ff1b3f1cd9d2fc305567364ee86,0,0,0,2010-06-02 12:21:48,60,13,0.9479,73,5,2,6,1038,4,40256.8705,290,83.8505,519
2762,c5bae0be1b69cf00cac619294284e5fa39f7d34e,0,1,0,2010-06-03 15:48:32,45,4,4.5298,49,1,1,6,45,12,33910.3901,280,82.2612,559
2773,fb7ad167dbbc4e6dc95a08036e0583b12835d31b,0,0,0,2010-06-04 00:36:11,54,73,0.0232,127,1,19,1,25,9,27551.0389,1443,501.9309,6056
2774,fc4cfdd7d63393b2eaf095579398427b44ede3ed,0,0,0,2010-06-04 03:25:21,3742,3297,0.0744,7039,2,1,1,24,14,3.0,0,498.741,5937
2778,3ddca01198636c805510abbabbe95da90243dde2,0,1,0,2010-06-04 03:27:52,101,3297,1.1199,3398,4,3,1,280,26,33135.0145,1437,0.0,5920
2769,45eeb1a3bcc32c77bf23c22fffc3b5fbc079c8a4,0,0,0,2010-06-04 08:18:49,87,46,4.5298,133,2,1,1,49,18,29014.1424,1430,0.0,6354
2775,e8ea36945bbbfecb0e7f974113172ebcdb780a9d,0,1,0,2010-06-04 10:09:50,182,117,0.8498,299,3,19,1,95,21,39603.6084,1440,502.6143,6240
2776,980b73880a6ff136aeca1174e2ab746674a86b5e,0,0,0,2010-06-06 12:05:36,3742,28,0.0265,3770,60,1,6,3,7,17923.6407,1443,0.0,6220
2780,dd50e3a5566883aa743a2c561b0e00f2ff848d17,0,0,0,2010-06-06 23:35:54,14,3297,4.5298,3311,60,19,6,9,4,47084.7166,0,0.0,6215
2785,5a4a752de238deef30f71d9a5efd000d24fc5361,0,0,0,2010-06-06 23:38:12,3742,3297,4.5298,7039,60,1,1,8,4,86377.0,1452,505.4621,6102
2787,f583d878260e49ed5d52f50492a4bbfe0cfbb736,0,0,0,2010-06-07 14:11:49,12,27,0.8626,39,3,3,1,50,12,47853.8432,169,107.5771,337
2781,9886ba685345ccfef4e80d97fb15847b6e77e08c,0,0,0,2010-06-08 14:58:57,173,3297,4.5298,3470,3,19,1,570,51,42228.2743,319,95.1527,47
2783,2c7c1bdfa1fca8a77ca82a3b0eeadd2c8bfa0c6f,0,0,0,2010-06-09 09:52:29,83,3297,0.1894,3380,1,2,1,181,21,34214.975,272,84.3782,497
2777,80b38a41412668ee4c460ddd840369833f6babbd,0,0,0,2010-06-10 19:40:38,71,26,0.8056,97,2,2,6,1038,3,38972.6301,1076,235.8551,8052
2788,793e09e020f35a314001ede346bbc4bf5653b599,0,1,1,2010-06-14 06:23:31,70,3297,0.126,3367,2,19,1,39,9,66200.1478,1449,504.8768,6227
2789,ca1181923f5606497d502c98f557d9d74e9b438e,0,0,0,2010-06-18 05:56:39,3742,22,4.5298,3764,60,19,1,12,7,59483.0936,1441,501.6234,6097
2794,b0e737e6b15fbc802f93eb6863b934c2ef666008,0,0,0,2010-06-18 17:06:05,142,61,1.0638,203,60,1,6,583,47,36761.1704,143,117.7202,833
2799,5fade3fd31cf72f3fc84f53e28efb50e543ec58c,0,0,0,2010-06-22 02:35:24,41,3297,0.0233,3338,60,1,6,541,49,33428.3336,1445,504.7503,6242
2801,bec6694c8ef810ee019f02224967ea886700d6f2,0,1,0,2010-06-22 10:21:29,59,48,4.5298,107,60,19,1,549,49,27253.895,0,506.1191,6129
2795,032632080f7f9b0572bd30710346f70ce33507a3,0,0,0,2010-06-24 00:40:49,75,38,1.4614,113,2,2,1,122,22,24476.9604,1443,501.9804,6037
2797,04996759d2741567c7775c012974a501edf325e3,0,0,0,2010-06-24 05:02:01,3742,10,0.9263,3752,2,2,6,149,18,20989.2462,220,89.1743,2057
2790,a495888a811d7b53dd8bd02831986d3ce53a4bc6,0,0,0,2010-06-24 05:24:59,76,41,1.5822,117,3,2,1,30,9,33256.6183,1446,502.4895,6237
2796,eae34b11c5e3dbf07e39a3c705cfd26bd4ae974d,0,1,0,2010-06-25 22:06:48,143,3,1.231,146,3,3,1,17,9,28035.3423,0,0.0,6073
2803,70b431f8bfd2b4f7effdc226546634b898cef614,0,1,1,2010-06-26 12:49:25,41,15,0.7948,56,2,2,6,12,7,52603.3763,0,504.7646,6197
2791,3a0ae7890cf1c1420778180cadec957471556f19,0,1,1,2010-06-26 22:15:15,74,3297,1.3883,3371,3,3,6,22,7,22140.7071,1438,0.0,6253
2798,1b81cab8d3173d8a02554b3020e0bb64299371c2,0,1,0,2010-06-27 07:58:38,0,3297,4.5298,3297,1,1,6,24,9,6040.5667,0,0.0,6100
2804,76693e4502f2ee05aa8b5a5c3d43b5f817cd1a3f,0,1,0,2010-06-30 08:14:20,38,50,1.4542,88,2,3,6,119,11,56281.4044,1439,0.0,5990
2792,a3f1e376e213ca25a58774719efa6075b2a17ca3,0,0,0,2010-06-30 12:18:30,3742,3297,0.9569,7039,3,2,1,105,11,13795.9262,0,500.4781,6042
2793,e87951832bfb55dd65c32f3f64f1c953f9fb5c25,0,0,0,2010-07-01 11:45:00,3742,32,4.5298,3774,2,1,1,112,11,83556.1707,234,84.7856,1921
2802,72b80f7f857e2b4aeb168b1c126bff6ce5aa8341,0,0,1,2010-07-01 13:17:25,76,35,0.3291,111,3,2,6,11,2,41047.7465,188,101.9686,317
2806,03236af910f117b3e8f1fee80aee9cffa9d0428a,0,0,0,2010-07-02 13:07:57,116,3297,0.9975,3413,2,2,6,11,7,47577.2523,182,104.4296,465
2809,a11e4f6a4ed7545a026adb52b7853900c16af124,0,0,0,2010-07-02 17:38:27,71,36,1.0601,107,3,2,6,219,22,62480.6633,49,13.316,12545
2805,bcfe83e7ac315fcb647d2bd7ed43115a10e4a476,0,1,0,2010-07-02 21:09:43,5,72,2.226,77,8,3,1,16,8,65087.6599,20,13.0058,268
2810,85c788f7b6b3dd5a882f2c7504f270604adaa1a6,0,1,0,2010-07-03 19:54:58,52,22,0.7018,74,3,3,6,129,20,45375.8262,166,103.6489,344
2812,991e281db4ed3a51c1299c5a20015f82aff66ea7,0,0,0,2010-07-05 13:26:07,3742,3297,0.0348,7039,2,3,6,20,10,44412.2796,0,503.7221,6069
2808,df535d0a3a48f31d8782522930d00121f9cafe5b,0,0,1,2010-07-08 01:46:15,32,3297,0.7293,3329,2,2,6,90,17,13064.9419,166,107.936,347
2816,73ced656444385b5828fb677506920a75cd5e314,0,1,0,2010-07-10 00:04:14,326,46,0.025,372,60,19,1,547,49,50296.4718,1446,0.0,6240
2817,98b6c7d25965922377083b82dbbdcf7dd5cf3bdd,0,0,0,2010-07-10 01:20:03,91,13,4.5298,104,60,19,6,550,49,4329.0808,1452,0.0,6180
2822,bdb105eb0b1ce0229d21d574136bf3a6fb8d2821,0,0,0,2010-07-10 01:34:32,30,10,4.5298,40,1,1,1,558,49,1343.6689,0,0.0,6113
2814,3d0cbc763d3cd0b8a46198d3a1b7c7abd86b3b5e,0,0,0,2010-07-10 02:18:18,52,13,4.5298,65,60,19,6,559,49,3007.651,1449,0.0,6183
2815,123a5abe23f5f47f922b139d87167639b42e995e,0,0,0,2010-07-11 23:16:47,3742,3297,4.5298,7039,1,19,6,26,8,85172.213,1439,0.0,6269
2820,87f5706dbbe6b1a08982d26f4535b9470405c1ca,0,1,0,2010-07-12 22:45:25,136,32,1.1646,168,5,3,1,94,16,44725.2374,1440,503.6872,6023
2811,867392b9c13f57e8ddf93c4074822108711f34bc,0,1,0,2010-07-16 14:40:33,104,3297,2.4863,3401,7,1,6,59,12,47383.5797,0,496.3215,6444
2818,64c5a1cdded6417f2259fb1920bd57ef45b43a27,0,1,0,2010-07-17 00:11:14,40,3297,1.2242,3337,3,19,6,1038,1,12459.8729,1446,0.0,6210
2807,cd9db4bfcaa62ba6ac839a2a9d77c740758b194f,0,1,0,2010-07-17 10:07:31,3742,10,0.9757,3752,2,2,6,26,8,76009.4244,0,504.7499,6084
2825,66e55c0245281cb7e187c542247f386b635ae2b8,0,1,0,2010-07-18 10:24:56,1000,1669,0.0,2669,55,8,5,212,22,43595.5571,0,0.0,8533
2821,8c15b15500c692e26e8b7ec2bc7b5afbf78827e7,0,0,0,2010-07-19 02:45:32,84,3297,0.3897,3381,60,2,2,25,0,33138.9186,1435,0.0,6917
2824,d83b5b637761f721292df00d7b65fdc7504e65e8,0,0,0,2010-07-19 02:53:50,90,3297,2.0331,3387,8,19,6,17,2,8031.1299,1424,0.0,6285
2827,cf6855c1901795da8c4f9308fbf51a75a1f188b1,0,0,0,2010-07-19 15:18:13,58,3297,0.1339,3355,2,2,1,13,4,61703.0147,299,77.4463,431
2819,7fc87f6242237277a7bf11cd158d20bba0f58e57,0,0,0,2010-07-19 19:24:28,40,26,0.4422,66,2,2,1,8,4,57345.8631,29,22.1557,185
2828,6f8fd0d1f1a4840b8bafe2bdc637e15948443e9f,0,0,0,2010-07-20 01:27:45,79,3297,1.2442,3376,2,2,1,75,19,35907.8059,1441,0.0,6269
2835,beadf2aa95ff711a3b0ed04da85da555fce5fa87,0,0,0,2010-07-20 09:53:58,6,3297,4.5298,3303,1,1,6,555,49,27157.941,0,0.0,6136
2836,e53ac58786b6778bc3def0d573ad5e3b3fb4d125,0,0,1,2010-07-21 09:13:37,3742,3297,0.4614,7039,5,3,6,610,52,80784.75,332,63.9601,1229
2833,243df8bd4a0eb74b46c9e21d4e854715cf58e4c3,0,1,0,2010-07-21 12:20:01,3742,3297,4.5298,7039,60,1,6,37,12,80274.0265,274,78.928,542
2837,f9b5a00b51d729f3b65f47d594f58842c8e7bc2f,0,0,0,2010-07-21 13:40:54,111,110,0.9859,221,60,1,1,537,47,13128.1099,312,60.1348,161
2826,45bcc3ef7029b69f7f84d6c6895644dee0f324b3,0,0,0,2010-07-21 22:17:21,37,3297,0.0281,3334,60,1,1,122,16,61263.4972,0,502.669,6078
2830,baa6156bfbb3b517c6d81139f8bca9a2a7eb17e3,0,1,1,2010-07-21 23:22:22,25,48,0.766,73,2,2,6,56,11,36810.6071,296,77.4206,711
2838,172aa3a900631bcd99fa9da710218d0acd21b8af,0,0,0,2010-07-21 23:37:18,3742,118,4.5298,3860,60,2,1,529,47,39385.671,351,64.1345,264
2840,ea746f4a8265cceb2cc43044746fdcb7a393a2e5,0,0,1,2010-07-22 08:30:23,178,3297,0.5513,3475,60,3,6,633,50,29827.0336,251,68.2008,201
2829,1a7365d97184679081ae95e487e2591fe415302e,0,0,0,2010-07-22 11:58:06,30,23,0.0306,53,1,19,6,14,5,43452.1423,275,85.3365,682
2831,3021b3068a3dafc2d284a89e3ea3417cfaafbc1c,0,1,0,2010-07-24 20:38:31,313,57,1.7534,370,5,2,6,18,60,75922.7024,258,85.3035,850
2845,2bf307b02cad0cf66e1da875ad635182551fe8ce,0,0,0,2010-07-25 06:33:53,67,3297,4.5298,3364,60,1,1,572,48,80258.6945,0,0.0,6002
2841,b8b06ac83e838fe3b3b79b508eb1c17f16038b25,0,1,0,2010-07-26 11:10:56,135,9,1.3331,144,5,2,6,1038,1,41963.9372,294,84.1111,694
2842,c3f79a18bd8aa84560d91b64bf150500c2d36439,0,1,0,2010-07-30 19:40:34,106,79,1.6981,185,6,4,2,36,6,56243.616,1455,8.6608,12545
2847,9d0215490471521cfa3fd088ac86f5d329b6073b,0,1,0,2010-07-30 20:14:18,330,166,2.2342,496,8,3,6,21,6,27041.6423,26,8.9412,12545
2848,eeac9591885e3960976c80a8695b49e5eb214ce0,0,1,0,2010-07-31 03:54:41,461,678,4.0391,1139,42,14,1,653,38,39522.7013,0,0.0,4593
2853,0e063f83b1ad2a021d4253ba2b07bdfa25a5cea9,0,1,0,2010-07-31 07:12:30,59,613,0.0,672,32,17,6,144,36,31997.6487,0,0.0,7047
2852,8fb856f2535fc23fbd0033380ec1390d6bbc9993,0,1,0,2010-07-31 20:00:27,3,50,1.809,53,5,3,1,14,4,66105.0221,1455,4.3608,12545
2844,b52636756c4b1bbe65195f9d2a5a486dda0561b8,0,1,1,2010-08-01 06:49:22,714,487,0.9494,1201,4,4,3,630,49,47803.5154,1404,0.0,5976
2850,4eaf2155dead1c17666b79dcfe0937cc3d1094f9,0,0,0,2010-08-02 09:15:27,4,10,4.5298,14,60,19,6,41,6,7862.6403,0,0.0,6192
2857,a6c7817fe685dc8b4331e623771bac57db7fab21,0,1,0,2010-08-02 09:39:03,45,48,4.5298,93,1,19,1,40,6,1114.7677,1453,0.0,6182
2862,737bbe1f326ca1a43184dde7e544b67be546cc5e,0,1,1,2010-08-03 13:00:31,333,3297,2.1363,3630,5,5,6,321,32,22118.914,1411,493.3841,5850
2861,13b7219d29789fdec826ed5c2c3b6cc5c319a2a8,0,0,0,2010-08-14 16:20:29,40,3297,4.5298,3337,60,19,6,152,14,46240.4082,197,96.1732,2256
2843,cf3ea1af318378e86b6ae678e171f957cfe03cc0,0,0,0,2010-08-20 11:59:48,31,3297,0.2745,3328,3,2,1,37,10,46189.7925,0,0.0,6303
2859,8f199ce5d89b93a1a696c92588aa66fd486d1ffb,0,1,0,2010-08-28 07:15:45,3742,3297,0.4841,7039,2,2,6,28,9,34061.6127,1451,504.5108,6207
2866,b4f7e077e6222ecb543642b76c8484a61ce160b5,0,0,0,2010-09-03 11:50:44,3742,3297,0.0098,7039,1,1,1,5,2,42206.9767,1450,0.0,6207
2860,4bceea1501c457fca85892ab3397299778021848,0,1,0,2010-09-03 12:39:19,91,39,1.2701,130,3,3,6,15,11,19063.3623,1440,502.2038,6304
2867,761a98a51b5dafd4512a5f81843f2b9123b50ad7,0,1,0,2010-09-08 10:37:48,3742,8,4.5298,3750,60,19,1,2,3,26803.9052,286,82.9214,657
2868,af77080f52987b420dc083bba94b208e44cd955f,0,0,0,2010-09-08 10:46:21,3742,14,0.0162,3756,1,19,1,16,11,32924.1978,289,79.4322,624
2871,191e1222f0e14074b1b2760be62cb73370382f1a,0,1,1,2010-09-13 10:19:05,56,18,1.0197,74,2,2,6,128,15,50458.6193,181,108.6413,493
2870,3595063d7dc3ecbde3e88637b86c792de899b30e,0,1,0,2010-09-15 12:52:02,84,30,0.541,114,2,2,1,127,16,27229.7435,273,76.2532,692
2877,de7031e6a8d75b7f9f45193caa9fb98840449275,0,0,1,2010-09-16 13:11:41,3742,3297,0.8317,7039,60,3,1,605,47,47785.2212,143,125.9338,84
2874,3ef0a12e185823ee4d4ba27185bbd2203397a972,0,1,0,2010-09-16 15:22:27,109,3297,0.911,3406,3,2,6,183,23,44207.8818,266,76.161,704
2878,9bf77f79bb558a0680f1986e5a1bfd367fd15dba,0,0,0,2010-09-17 03:40:28,98,134,0.1515,232,3,19,1,543,51,48688.1254,242,117.9576,9
2879,022c318834f9f460703651d14515b11002a608fa,0,1,0,2010-09-17 09:58:45,172,167,2.2489,339,4,2,1,25,7,35231.1859,295,74.9881,719
2875,0149424c1bf42cf27ba80f87d822d63f1db4a804,0,1,0,2010-09-17 21:02:57,3742,3297,0.0108,7039,1,1,6,9,4,40151.5802,0,504.7545,6123
2883,106d24e431a0aff7641d032a72719a07673a7b86,0,0,0,2010-09-17 22:21:15,31,13,0.9745,44,2,2,6,577,50,54538.7565,1452,0.0,6212
2882,2d87ac2efa2ff9d9ea506439ab0a66c20ea9ffd4,0,0,0,2010-09-19 06:56:42,3742,24,0.0205,3766,1,19,1,10,3,9941.8735,0,0.0,6043
2872,62b7a9d2175ca22702db5b8ed02918451d14106a,0,0,0,2010-09-24 20:41:10,46,42,0.4059,88,2,2,6,57,18,22260.9788,22,14.2279,2
2876,9b06c55f39386199b72506b3bf63f7c6064baf8b,0,0,1,2010-09-28 14:14:11,3742,3297,0.8615,7039,2,2,6,1038,7,64721.538,271,83.4358,515
2881,5bf061577bb26498a95b2dfcac499fbba03c82df,0,1,0,2010-09-30 13:37:22,14,30,0.9347,44,3,3,1,20,8,82708.6114,1441,502.765,6221
2873,0ba23e60cb88c3771112401120d82735828acfab,0,1,0,2010-09-30 18:43:36,255,3297,2.1234,3552,7,3,1,86,12,54642.8255,192,95.9087,590
2884,0342aa8568591754d7f85c7509af5c1f56868090,0,0,1,2010-10-01 18:44:09,90,40,0.8731,130,3,2,6,151,17,61402.3212,192,99.7284,328
2886,a4482fd71d411509574135aa4ee0c8fbbf554166,0,1,1,2010-10-03 09:47:33,88,3297,0.8947,3385,2,2,6,139,17,45088.8275,181,107.7853,464
2880,a06200ab5e80e38002a3c0f5b2ed26199229092e,0,1,0,2010-10-03 11:55:00,63,16,0.0176,79,1,19,1,576,49,48488.6485,1448,504.0904,6079
2889,e94d3ba8bc92bc6297a70315170797a9de22ebfc,0,1,1,2010-10-05 10:06:59,76,9,0.8087,85,2,2,1,582,49,55355.3852,0,504.4774,6186
2893,d23dba4c083d28e2e858edd2640b628fb32d30ef,0,0,0,2010-10-11 15:46:36,41,3297,0.0244,3338,1,19,6,38,2,31793.6003,1443,0.0,6225
2869,16bde640ae6f0131b269b19db545f5b2c5efbff1,0,1,1,2010-10-12 19:33:15,37,53,0.1062,90,2,19,1,1038,2,46379.7055,1449,0.0,6095
2887,07bb6ed4112b06bac63c392f38f83d4b4eaa2ae4,0,1,0,2010-10-14 13:35:54,638,3297,3.3222,3935,13,3,6,48,17,47639.9518,236,73.095,384
2890,209124d1270fa3163ed95c7cd5a709e0f548656d,0,0,1,2010-10-14 15:07:09,95,99,0.8629,194,60,3,1,610,47,51205.141,333,93.3172,962
2895,50b31ea2cb42ae24302e30f5c8d9920da1eb9444,0,0,0,2010-10-14 22:37:08,3742,715,0.2014,4457,60,19,6,129,22,52110.2908,1008,216.147,605
2899,8e489ce9da4ebf21b6717b656e2ffff225244ca6,0,1,0,2010-10-14 22:37:20,90,81,2.018,171,6,3,1,236,24,40582.0395,1063,243.482,7902
2896,d8e7ba5b57c94d72ba34aa1e4a0b045123edc790,0,0,0,2010-10-14 22:37:27,3742,23,4.5298,3765,60,1,6,10,5,21835.7752,1072,239.9243,8045
2902,094afd61774705362fd7de072e065f4e7ae80120,0,0,0,2010-10-14 22:37:34,3742,14,0.0335,3756,60,19,1,1038,3,20952.3276,1085,235.2156,8033
2903,035977278a0576e64f8fd0169325a343baa1ab10,0,0,0,2010-10-14 22:37:41,3742,23,4.5298,3765,1,19,1,25,8,76201.3431,1074,240.5242,8154
2888,e26482b16cc013cc6dcb62f2c5e4eb1bd192a485,0,0,0,2010-10-14 22:37:55,3742,25,0.0415,3767,1,1,6,97,10,73589.8973,1092,232.9365,8015
2898,42443079118a9e13fab825fd3c77896d27622359,0,0,0,2010-10-14 22:38:02,4,3,4.5298,7,1,1,6,6,4,55566.7444,1079,238.7463,8124
2901,beec234892e7fda41f3b53aa613378343320303e,0,0,0,2010-10-14 22:38:09,3742,3297,4.5298,7039,1,19,1,19,7,67021.7592,1076,240.4564,8060
2907,21afcdac7f4b7e7b573564adba1b683961af489f,0,0,0,2010-10-14 22:38:16,3742,3297,0.0124,7039,60,19,1,4,2,23579.5308,1072,236.2525,8065
2891,c49a258f1271ca6f410b8ebd7db8342c39e8727f,0,0,0,2010-10-14 22:38:23,13,29,0.2154,42,2,1,6,5,2,61446.306,1087,241.6052,8187
2900,bbf64911f99543542461265e9f1515a1b6cfc9f8,0,0,0,2010-10-14 22:38:30,3742,3297,4.5298,7039,1,19,1,36,9,14428.4624,1089,236.8275,8044
2905,67f02470050bba630df74f919839012cb48822ed,0,0,0,2010-10-14 22:38:42,5,3297,0.0058,3302,1,1,6,11,4,52931.3503,1077,239.119,8091
2910,b313d000ca95bfd4fa3d1050038130faa300a5aa,0,0,0,2010-10-14 22:38:51,3742,3297,0.0199,7039,60,19,1,38,8,55877.5477,1076,237.0757,8151
2911,db3791418fc5662fed7dbd5f404a8e429bf9ca86,0,1,0,2010-10-15 18:08:13,3742,25,4.5298,3767,1,19,1,243,21,2696.6112,1083,239.6047,8086
2904,8db6d954601f43e3121f46f2c320eea20a955b7b,0,0,0,2010-10-20 20:14:58,3742,20,4.5298,3762,1,19,6,1038,60,72658.3589,1088,236.9292,8188
2913,e2ae549a5f677bde7164d5125521e67acb8c3804,0,0,0,2010-10-21 14:59:50,3742,3297,0.046,7039,60,1,1,30,7,39695.2074,205,83.7537,1873
2912,02b873b80cffe62abe5cc4a7193b656c7e7a0f44,0,0,0,2010-10-25 08:32:04,3742,35,0.048,3777,2,1,6,92,18,70372.3182,293,76.3188,487
2914,5a0cd14a721a72e9362ee3126441b980b618efe8,0,0,0,2010-10-25 09:35:36,22,3297,0.6306,3319,2,2,6,1038,1,36370.5552,288,82.1761,650
1880,ce3a8eb2de57dc2efe54ebbf7e4b3d8f348203c2,0,0,1,2010-10-25 15:34:53,32,23,0.0242,55,60,1,6,81,20,45001.0174,1093,242.3325,8011
2906,e344e538d0ad5e9743d76871c0b7c22df830a264,0,1,0,2010-10-26 12:35:23,57,55,1.7797,112,5,2,6,250,20,51363.8563,1069,245.0414,7980
1881,4186105140679435d4e7d7a06129098100bfd83e,0,1,1,2010-10-29 06:42:29,3742,27,4.5298,3769,60,1,1,46,12,64420.4134,273,83.9125,543
1883,119c9806120d84cea7bb1fd70606bd70450e4885,0,0,0,2010-11-04 12:17:41,3742,3297,0.871,7039,1,2,1,61,11,5286.2168,296,87.1391,723
2908,d80fa4b2cee5a3558a98b9feba32b0c7e1039231,0,0,0,2010-11-08 12:22:07,3742,89,4.5298,3831,2,19,6,228,22,3.0,319,71.4973,409
1887,54c09100696685357528fe014a4aea10cf0d747a,0,0,0,2010-11-14 14:34:31,269,3297,1.1888,3566,5,19,1,616,51,3.0,79,506.65,542
1889,72f39840a3f37e4c09f800d48c7cccd1598cfb0e,0,1,1,2010-11-21 12:09:35,3742,3297,3.1435,7039,11,6,3,62,5,51358.027,0,0.0,5572
1885,69b94abfb29efff5908f83b97378e7751d95fba6,0,0,0,2010-11-22 13:27:48,82,25,0.9628,107,2,2,1,93,17,31871.2452,273,75.2489,518
2894,4d975c161016ed3f744eccc2c95935804236b9bf,0,0,0,2010-11-23 12:16:06,40,41,0.5421,81,2,2,6,100,9,19701.8392,1443,503.6477,6064
1890,15c14202a69e2d69200cc9fdea9bccb3470adb0f,0,0,0,2010-11-23 17:54:14,49,24,1.0277,73,2,1,6,9,4,57495.3943,8,1.8904,70
1893,18823a326f94f408d0731e02a18bd3b97bd24cf2,0,0,0,2010-11-23 17:55:54,49,3297,2.4109,3346,8,19,1,17,60,66618.9411,16,506.65,12545
1896,f0a819afa4acef2f00dd8f263b11abd03ac7c9cd,0,0,0,2010-11-23 18:06:25,168,161,4.5298,329,4,2,1,518,51,10159.8235,1455,506.65,12545
1886,b203dc17c59e6492720f4c693e12ade96bfa0e7b,0,0,0,2010-11-24 15:44:15,43,3297,1.9341,3340,5,1,1,1038,6,21863.1674,1455,506.65,12545
1892,822569cc35f2b9203ab66166b7ea15eb0d14868c,0,0,0,2010-11-24 15:45:56,151,3297,0.9648,3448,2,19,1,1038,2,35675.5813,1455,506.65,104
1894,e801970665dc98cda4d06f05b667530af7fce43a,0,0,0,2010-11-24 15:47:41,3742,31,1.3283,3773,3,2,6,6,8,48856.611,1455,506.65,84
1897,965dd14adfe29178314bdeb9771626c71ad4c68d,0,0,0,2010-11-24 16:32:13,93,13,0.9888,106,2,2,6,7,4,56882.4281,1455,506.65,36
1901,0ccf61dfe1cec91c84b96bf6e515070547f6b265,0,1,0,2010-11-25 09:43:05,39,10,4.5298,49,1,19,1,578,49,55862.5147,1449,0.0,6220
1899,8c9fe69eef274e749b5794f66058b7253e8436b3,0,0,0,2010-11-25 11:01:11,85,3297,1.0285,3382,3,2,6,92,19,64370.4127,293,73.6126,768
1906,868941e0560e63910c427ea1809c436646dbb904,0,0,0,2010-11-25 13:37:22,3742,31,0.0399,3773,2,19,6,73,17,8183.7896,1437,0.0,6364
1898,a994f47ed43d9986413bd10500e922598d09f443,0,0,0,2010-11-25 20:25:01,20,19,0.9396,39,2,2,1,1038,2,38691.5797,170,108.0492,370
1902,d3f555bd70bd6ba2f4c9a87d5d4607509bff490a,0,0,0,2010-11-26 14:32:07,30,3297,0.0319,3327,1,19,1,14,7,26459.3507,10,2.9283,12545
1904,01332e82fee273d33fb1e59753d0ae9874126596,0,0,0,2010-11-30 18:32:11,52,39,4.5298,91,60,1,6,18,2,27390.9456,22,506.65,168
1905,760671f2e7f95e803ee1fef139f7a74b16998c0b,0,0,0,2010-11-30 20:31:24,71,20,4.5298,91,60,1,6,10,0,6644.3428,1455,506.65,12545
1909,0d47717eb0213ec6a3754a8e3c52150807ce47d8,0,1,1,2010-12-01 04:18:02,3742,16,4.5298,3758,60,19,1,9,4,41310.2427,171,108.5077,502
1900,e15933b497ddca5cfe3f0c1e2b9d50eef7782df1,0,0,0,2010-12-01 17:02:35,93,1,0.1872,94,2,2,1,5,4,20780.7255,11,506.65,12545
1908,59ecc21f2d3aefb403229c6fbf990922feb04eec,0,0,0,2010-12-02 03:06:03,3742,27,0.8975,3769,2,1,6,1,5,14455.0139,0,0.0,6079
1916,715ac17d70246a8194084368144bf70cc4c792df,0,0,0,2010-12-02 11:25:38,24,3297,4.5298,3321,2,19,1,51,8,45292.9573,1438,502.7321,6075
1915,973ba1ffdc03b65d4b2c0b156b66d48930751575,0,0,0,2010-12-02 12:33:09,68,42,0.9501,110,1,2,6,99,19,84482.3125,1432,0.0,6037
1911,9014956e9c5f89ff02e57dad64557e3204f0f333,0,0,0,2010-12-02 12:58:55,3742,3297,0.6136,7039,3,19,1,71,17,2782.3492,1434,501.1743,5974
1914,118d8a9e7fad6756e4c4f4eac7c8fc89741e4791,0,1,0,2010-12-02 15:45:23,3742,48,1.5018,3790,5,19,1,1038,5,49988.9989,1056,244.3953,7957
1912,aecac8188fbcfaa6d472ba59407b13f76b99c43f,0,0,0,2010-12-02 18:15:52,48,3297,0.0137,3345,1,19,6,3,6,5335.7185,1076,236.4802,8087
1922,05841ad2baeb09a3fef38ef5aacc61382fde885b,0,0,0,2010-12-02 18:16:08,58,3297,0.6372,3355,2,1,1,1038,5,32207.5138,1090,234.7513,8047
1895,b618e3af4b4355e8503d87d068e42b94f7498e46,0,1,0,2010-12-02 18:16:16,276,4,0.5637,280,2,2,6,1,6,33523.4378,1091,234.6307,8073
1918,3c33ce5cb005a19d5aabf96291c50a4081704e89,0,1,0,2010-12-02 18:16:31,356,48,1.9161,404,13,7,1,355,30,15270.8738,1050,255.6168,7677
1913,5ddd16c3dfd613c385a34429af8697c1c8861aa7,0,1,0,2010-12-02 18:16:42,24,7,2.1893,31,6,2,1,47,12,23109.9173,1061,244.2365,8002
1928,11c36dc0ede4cd5c0868da97e8b3065d5e50ae20,0,0,0,2010-12-02 18:16:49,48,3297,4.5298,3345,60,19,1,10,2,86377.0,1087,235.8291,8026
1924,c332479b2917cc36703594a5315dc3b0dcc58749,0,0,0,2010-12-02 18:17:06,95,3297,0.2359,3392,3,1,1,9,4,560.7671,1087,240.7657,8208
1929,47af0c2c98737f336882256536be26cea1e1f97b,0,0,0,2010-12-02 18:17:13,69,3297,0.6333,3366,4,2,6,273,22,86377.0,1097,231.3789,8027
1903,e57951a68446980e0fdb4a96f9427b033bd35ae6,0,0,0,2010-12-02 18:17:20,31,21,4.5298,52,1,19,6,1038,4,86377.0,1087,241.6681,8165
1921,f4a44210eedb7e99cf8979f12ec9f783b4d951d2,0,0,0,2010-12-02 18:17:33,582,29,4.5298,611,2,1,1,10,8,86377.0,1065,245.2244,7976
1925,2dcbb58a9e93def3dc178b0f06457cc5d4143200,0,0,0,2010-12-02 18:17:40,3742,11,4.5298,3753,60,19,6,243,21,86377.0,1077,237.2947,8142
1931,7f7d42e1ae592e524eff764e4bcbd4e743cda25b,0,0,0,2010-12-02 18:17:46,9,13,4.5298,22,60,19,6,25,8,279.5047,1084,240.0647,8151
1907,97d3f7a8df61cbc36ffed7a1faac65ae40f6b715,0,0,0,2010-12-02 18:17:54,3742,3297,1.41,7039,2,3,6,142,19,3430.6351,1094,244.7073,7994
1926,0a23a962a3a49acaefdb62bd3e68893fa3ee1a77,0,0,0,2010-12-02 18:18:00,38,3297,4.5298,3335,60,1,6,1038,4,301.5617,1090,240.7651,8056
1935,e2a78deeed1c2ce9a0a681fe45ffa2088054f583,0,0,0,2010-12-02 18:18:19,32,17,0.0194,49,1,19,6,46,9,24239.6243,1089,236.1035,8189
1939,2bc13c97fdf439978bf369cf7c36ff86fc28e42a,0,0,0,2010-12-02 18:18:25,3742,10,4.5298,3752,60,19,6,46,9,401.2509,1075,239.4307,8160
1919,547edf7a37e5cc86f36f06d3623bbaca375d1847,0,0,0,2010-12-02 18:18:31,3742,18,4.5298,3760,1,1,6,47,9,218.0604,1074,240.6687,8155
1933,db23ee4aad8132a2be06cf77b96c3f99f967ac21,0,0,0,2010-12-02 18:18:45,28,3297,0.0211,3325,1,19,6,1038,2,31973.4791,1087,241.0284,8025
1937,13c8cd7f8a735cbc8c1efd830c8eb445e63f9674,0,0,0,2010-12-02 18:18:52,18,19,4.5298,37,1,1,1,7,4,510.27,1085,236.0105,8043
1942,9d88e42716cd3d9a5508b535024f9ce440c40aab,0,0,0,2010-12-02 23:35:32,40,594,0.0824,634,2,1,1,34,8,20190.7895,1059,245.8436,7972
1923,1b49add43841cd6d23508c6bbcc895fe6f6cb652,0,0,0,2010-12-02 23:48:54,3742,3297,4.5298,7039,60,19,6,1038,2,19609.6501,1068,240.4149,8218
1936,d20ff0b7cad341aa6a578dcdbd26f7b39af7e945,0,0,0,2010-12-03 12:52:20,169,14,4.5298,183,1,1,6,4,60,46793.6021,0,503.9538,6086
1941,9bec09cd39c14e5b3a5ab71eb4fa517015e3da57,0,0,0,2010-12-03 13:02:59,3742,5,4.5298,3747,1,1,1,3,2,776.1207,0,505.858,6139
1940,856e1d4ad471d60caf0715dac90e91127a3e4547,0,1,0,2010-12-03 13:46:12,30,14,4.5298,44,1,19,1,29,7,12790.1616,277,78.916,542
1927,ff645eef206bfa7dd59dddee0dd3dbc23031a463,0,0,0,2010-12-03 14:49:32,3742,27,0.4936,3769,2,2,1,17,10,47552.012,1093,235.8185,8234
1950,7a56d9ef6f95843ab0276e281c26e9a686b44074,0,0,0,2010-12-03 23:40:34,11,33,1.2182,44,3,3,1,89,19,38414.7047,0,502.5417,6251
1932,f0430e80aa48ee90861b5525a5a6992c66c1bd55,0,1,0,2010-12-04 00:30:38,17,24,0.0208,41,60,19,1,573,49,9993.3816,0,504.8741,6098
1945,c7aa1ee4710c4400027d6099a3e1dc7633cb4355,0,1,1,2010-12-04 02:15:14,3742,7,0.0071,3749,1,19,6,580,49,6172.8354,1452,505.9998,6140
1943,8f768b7f4a7ea693e218fe5ddd6117acb78e3734,0,0,0,2010-12-04 15:49:40,3742,3297,0.0146,7039,60,19,1,5,6,77342.2661,1073,236.2842,8081
1946,ddc5e07990d816cdf7d10b2c173eabc4b53e7ca7,0,1,0,2010-12-04 15:49:59,2,3297,0.0073,3299,60,19,6,6,5,64966.5555,1078,237.6628,8132
1930,09bd1d10eefd2a677991a6242998ea945d674f0f,0,0,0,2010-12-04 15:50:22,85,58,0.3113,143,3,2,1,57,8,68762.496,1071,243.9824,8244
1944,4e6c1ae67e80b9320f394589543aeeaee25b214d,0,1,0,2010-12-04 17:39:14,55,10,4.5298,65,1,19,1,7,4,6392.5225,1083,239.6757,8089
1938,45c0e92b77c7d61f4eb28aa8d5711a02e36a4e01,0,0,0,2010-12-04 21:56:47,47,3297,0.3362,3344,2,2,6,27,9,19619.3449,0,503.9166,6208
1949,b6d0a26b5f188ac1022e8ec2e3b1fbfb63b1afb8,0,0,0,2010-12-04 21:57:14,55,10,0.2305,65,2,2,6,13,5,37545.7445,0,504.7857,6239
1951,f1375e4b8f093517ec47ae7b81a765ccbd2a3e10,0,0,0,2010-12-04 22:33:59,3742,71,0.4439,3813,1,2,1,26,8,10088.7612,0,0.0,6081
1948,6641c4e2157bc919afca09590b85c775bf89b037,0,0,0,2010-12-05 11:08:58,55,3297,4.5298,3352,2,2,1,99,17,52765.6334,1446,503.0274,6046
1955,c81523e9f93255b4ba1df9a88677f379e74b48e5,0,0,0,2010-12-05 13:45:33,6,47,0.0161,53,1,19,1,9,4,71958.1932,1084,237.1145,8064
1917,36fbc608dca1b7a4bbe46ce169779d0fbd02ba8a,0,0,0,2010-12-05 21:05:32,63,40,0.7076,103,5,2,1,13,5,42485.8276,8,3.7523,56
1953,73897ee6e3ac2fb17ea2cad06d61bb226aa2b894,0,1,1,2010-12-08 18:09:06,19,16,0.0085,35,2,19,6,22,10,29921.8481,1455,1.7524,12545
1957,2c9f4a09654eb91d15f8ad8672fc7ae648604a80,0,0,0,2010-12-09 11:22:53,21,3297,0.0115,3318,60,1,1,4,3,61749.9866,1077,239.3259,8098
1958,8e17131872af6a8e821341d5baad7987762000fa,0,0,0,2010-12-09 21:27:18,3742,42,4.5298,3784,2,1,1,16,0,18358.3417,1455,4.3885,111
1891,a42321f88b8047f4468bef688cd02ea1c9270454,0,0,0,2010-12-09 22:23:08,67,50,0.0751,117,60,19,6,55,20,756.0399,1455,506.65,12545
1954,c0ef535b9a43cf22d5d71eaefb8e8addca03c6d2,0,0,0,2010-12-10 14:46:41,49,24,0.8861,73,2,1,6,242,22,53314.5749,1069,245.0534,7956
1960,b6a3c87f4b75b58bd0304bcc59028a824a34be27,0,0,0,2010-12-10 14:46:50,8,3297,0.0089,3305,1,19,1,252,21,86377.0,1076,237.1221,8081
1959,a9e1d479af3e09c09e4cbaa26143d812ebbf80e2,0,0,0,2010-12-10 18:25:43,64,3297,0.0217,3361,1,1,1,1038,1,2108.2507,10,2.7453,72
1961,6fc820e803b327daf9e9a586841e48b2d12ca44a,0,0,0,2010-12-10 20:13:45,1,53,1.439,54,4,1,6,48,16,35262.7913,1455,506.65,90
1952,38969d539c84354c4be01ecc374ca1934d8d4bd8,0,0,0,2010-12-11 10:58:42,10,12,4.5298,22,1,1,6,3,3,51939.5743,6,1.7698,12545
1956,798c0af03d97d59f38101721090b530bed9c651b,0,0,0,2010-12-11 14:04:49,13,24,0.802,37,2,2,1,3,5,41103.4076,1086,236.1234,8174
1962,f8a5943c9ffcff1fa66ec4c29b7cfe3c5b72a075,0,0,0,2010-12-11 21:36:46,35,3297,0.3569,3332,2,1,6,14,3,46140.3066,13,4.3097,12545
1964,de80c75b3c695d2a743e26612a04ad418a82220b,0,0,0,2010-12-12 04:31:35,30,3297,0.027,3327,1,1,6,2,4,51529.0845,0,504.5746,6219
1968,d9b8672f1329a9b338a60e7891d9bf178b07a8ae,0,0,0,2010-12-12 10:30:11,36,3297,1.6539,3333,4,2,1,25,7,52263.7144,1449,0.0,6107
1976,8af61d431ea0a2f105edd09e4d5eaa68181e5b35,0,0,0,2010-12-12 11:28:28,37,33,0.0292,70,1,19,1,583,49,32561.5047,0,0.0,6059
1963,d871eb8a9891557b341c55a7bcda1f7c494da9bc,0,1,0,2010-12-13 15:16:58,2,0,0.0033,2,60,19,6,6,5,84355.1138,1081,238.0613,8124
1966,1ca4b5a1170d12bb3da9779c1940c9da4e8c77e5,0,1,1,2010-12-14 16:02:07,43,3297,0.9748,3340,2,2,6,21,4,35320.6393,1084,240.587,8161
1971,70c60e12ddcc9657c3fadd33e483072852e129dc,0,0,0,2010-12-15 13:23:18,62,24,0.0317,86,60,19,6,91,16,18371.809,1070,232.0776,7980
1975,fcd35a60e3fb707229bb1b550d1e33312d3e4b10,0,1,0,2010-12-15 15:02:05,71,33,1.3491,104,3,2,6,5,5,15642.9476,1092,241.9095,8231
1969,bdd732a0266063a1b708422c678368af9ccca29f,0,0,0,2010-12-15 15:39:40,19,3297,0.0077,3316,60,1,6,11,3,63986.6876,1076,239.6603,8160
1972,50ee7b01d5afd93636ea28277de2a0b17386830d,0,0,0,2010-12-15 18:24:38,73,3297,4.5298,3370,2,1,1,13,1,10432.7185,14,506.65,127
1980,f60ea0f923dbaba4cb0e1dcb4ceaa64d8d3d999f,0,0,0,2010-12-15 22:38:00,96,3297,0.405,3393,1,2,1,575,48,21280.7744,1438,0.0,5994
1982,dcbf8d1642278bdb152d599083cb6445d68f0e36,0,0,0,2010-12-18 00:02:04,45,9,0.0081,54,1,19,1,583,49,4871.7455,0,0.0,6173
1967,e88cb23010c8cb29edde4a60dddaa38260d05a92,0,1,1,2010-12-22 06:48:20,559,426,1.9597,985,7,4,1,71,23,30076.3271,1430,0.0,6308
1978,cd0b31587cea58b94e5a9a7850081d19627bddc2,0,0,0,2010-12-29 11:08:16,11,30,0.6308,41,2,1,6,47,11,51998.0768,1066,241.8488,8234
1981,2b1abb0048d5537143de77d88513574c25945e98,0,1,1,2010-12-30 13:37:55,21,23,0.4886,44,2,2,6,39,9,58985.4834,40,23.0074,217
1977,cfd9f4f62c60f3978e7e1366b960f42a206d1d44,0,1,1,2010-12-30 14:48:08,25,24,1.0117,49,2,2,1,38,9,28554.0958,29,17.7694,178
1983,427cd96a63ef2e0996cabf7d265467321c3f7d1e,0,1,1,2010-12-31 04:14:16,88,3297,1.0349,3385,2,2,1,35,9,40934.8729,0,0.0,6046
1986,7b24dc30bc9d206759dc8fdd586c3ea3159d0005,0,0,0,2011-01-01 19:18:33,76,40,0.3638,116,2,2,6,42,10,60011.3571,1444,413.0565,6218
1970,15b7b23f964041df20b874aeb7d07884b7ee091c,0,1,0,2011-01-15 12:48:59,73,3297,2.0029,3370,4,3,6,56,15,69775.2479,1053,261.8704,7956
1985,20b209074a5457d8c4af7a1f3abefce872c8f893,0,0,0,2011-01-16 20:35:47,3742,3297,1.0199,7039,2,2,6,1038,5,21541.5579,276,76.4099,533
1988,b990dac35a729f5d51953dcbc961fa90bdda9903,0,0,0,2011-01-29 13:47:36,23,3297,0.9855,3320,2,2,1,60,14,3911.3383,1086,273.41,8165
1993,81a9fbd803a138a7d533ff45c790667570014f02,0,0,0,2011-01-29 13:47:44,17,19,4.5298,36,60,19,6,4,4,3893.2441,1076,272.563,8154
1984,3a3db2c0f3cc55e4f677f5c08de6282468643a19,0,0,0,2011-01-29 13:47:51,6,4,0.005,10,60,19,1,7,4,102.5151,1081,271.7981,8102
1989,0af222246a2f8bb36d12a86367ea34c1370ee371,0,0,0,2011-01-29 13:47:58,7,69,0.9624,76,3,19,6,32,4,24167.4581,1096,275.7446,8185
1994,64f076b43f3117c88643a6e6b9c160461e948627,0,0,0,2011-01-29 13:48:06,6,6,4.5298,12,1,1,6,10,4,87.3829,1082,272.0247,8137
2000,a73d697f0f1808a05636a2e27d3f9f65a6e52d71,0,0,0,2011-01-29 13:48:13,3742,3297,0.8889,7039,1,1,1,11,4,86377.0,1094,267.9268,7991
1987,60e95f7696b007488b941cdb5ff4ebf9b8fc944b,0,0,0,2011-01-29 13:48:20,7,0,0.0041,7,60,19,6,15,4,106.2209,1083,270.5717,8099
1995,cdf3cc6ff927030caf04c5bb97471113b9797925,0,1,0,2011-01-29 13:48:27,6,2,0.002,8,1,19,1,6,5,81115.9709,1081,270.9615,8122
1996,5700e0f70a6e14844e5927e7d05cc600fde199e1,0,1,0,2011-01-29 13:48:39,24,3297,4.5298,3321,1,19,6,18,7,43613.9796,1071,273.2151,8190
1965,1ff73bdc77b64f82e74cf9344a3df3cd92d4a442,0,1,0,2011-01-29 13:48:52,250,3297,2.4036,3547,7,5,6,301,27,28030.383,1048,279.6471,8427
1992,291c110b06de5d8573bef50ffd10978489f53306,0,1,0,2011-01-29 19:13:31,20,3297,0.6651,3317,2,2,6,16,7,74420.4452,5,2.4132,12545
1997,3dd3fb3e180dbbb16782d256b38381e354cd34a7,0,1,0,2011-01-29 20:13:28,19,3297,0.6267,3316,2,2,6,12,9,63704.8676,1455,506.65,81
1979,dd4b1a52cd034a25e59d348f8e5e6ff3d892e317,0,1,0,2011-01-30 15:00:05,34,3297,0.0192,3331,60,1,1,129,15,4892.6311,1090,268.8069,8210
1991,2169014e5064dedfd606c793d4ec83e8d00ac1de,0,1,1,2011-02-01 12:32:14,53,3297,1.2583,3350,3,3,6,12,8,43230.6938,0,420.2653,6230
2001,548571d637b9f29c17134f99430273c4fe53ecfa,0,1,0,2011-02-02 14:27:45,537,593,2.4479,1130,8,5,2,66,27,49445.3098,223,93.8336,371
1999,b809ba78f885d3c0907ee15b13c2dc94cc2c217b,0,0,0,2011-02-02 23:39:43,3742,3297,4.5298,7039,1,19,6,11,3,7300.1397,16,3.4182,98
2003,19d28078faa18e28e8e0af815385a2e4865bbd0a,0,0,0,2011-02-03 12:27:21,64,3297,4.5298,3361,1,19,1,1038,4,62331.1819,0,414.0558,6238
2044,6b8ed918f3c139a64674df5ecf3ed45aac023991,0,1,0,2011-02-03 13:01:54,62,3297,1.0467,3359,3,2,6,53,23,45713.5006,237,66.8108,2138
2043,4e4a633c0ec3e3d3dfb452ed50d4e85f211b981d,0,0,0,2011-02-03 13:14:16,3742,65,0.0556,3807,60,19,6,99,9,51697.4696,236,60.2324,2104
2005,d9ed869e8ee35260bca053f79a4eb7706d18bca9,0,1,0,2011-02-03 16:50:28,3742,68,0.115,3810,2,19,1,595,50,58303.575,1106,257.245,7785
2007,0910aa866570522372f7b9829fc6b1b3ce622464,0,0,0,2011-02-04 09:20:16,180,3297,4.5298,3477,60,19,1,621,46,56730.4322,1455,506.65,636
2009,1f5055329ecc1264aed5e6cadecd8382a5c62f27,0,0,0,2011-02-04 12:40:05,169,63,0.8087,232,3,2,1,88,9,24844.2206,1442,412.0702,6056
2002,9923275792455e897738db5b1e350930c3320f56,0,0,0,2011-02-04 13:08:49,3742,301,4.5298,4043,3,2,6,10,9,55075.229,1097,266.9705,8209
2004,4b8d39a4dfdb6c0eb97557f0e70b0d6db35f5704,0,1,0,2011-02-04 13:24:29,5,25,0.5342,30,2,2,1,20,7,33142.0103,1087,269.4176,8049
2020,44e7a79e9bc16a6fcfb0b0692ac124f636290c3d,0,0,0,2011-02-07 22:00:09,3742,3297,1.0381,7039,2,2,6,13,7,40246.4916,293,82.455,509
2006,0a43d5fcf7203e77feca74f18ad0431b14126629,0,0,0,2011-02-08 10:54:07,90,70,0.1592,160,2,2,1,35,7,62465.6213,1091,274.3367,8014
2013,53787f2fa2153d4de36981f4d718bb378a6b1944,0,0,0,2011-02-08 14:59:17,3742,13,4.5298,3755,1,19,1,20,5,14530.5403,1075,272.6394,8072
2024,ffb525d63266b3f850aa64644cd00754b0e5b51f,0,0,0,2011-02-10 11:37:51,110,10,0.063,120,2,1,1,602,48,9253.1757,1443,409.5827,5966
1998,f62491091b2cff914624e9423b86c60bd2bf5564,0,1,1,2011-02-16 11:49:08,68,42,0.9692,110,2,2,1,148,14,73514.0807,1070,264.8309,8207
2015,9f1a54a37033dee1a8d0c74d42b9bb0d79bae41a,0,0,0,2011-02-17 11:10:36,219,1387,0.3124,1606,60,2,1,21,29,12482.969,1006,292.0289,12545
2019,a1a5f37c03b9177987319434fc26a75624b19618,0,0,0,2011-02-17 14:57:57,23,24,4.5298,47,60,1,1,16,6,61216.7282,288,81.2997,545
2023,162d47bd4f351e808b2a68197b2ce98362bf655c,0,1,0,2011-02-17 20:22:54,48,39,0.0479,87,1,19,1,240,21,20849.5327,1065,273.9112,8026
2026,f3fa3b7ae0c7d0db1cab637262b2955718eb5490,0,1,0,2011-02-17 20:23:09,29,20,0.0025,49,1,1,1,250,21,86377.0,1081,270.9762,8127
2011,276890b7a531e5f944f980f6831fdbb02364280f,0,0,0,2011-02-17 20:23:16,6,5,0.002,11,1,1,1,251,21,42.0169,1081,271.5601,8126
2017,da20c2ad620130b6d933d3b9e2c46156b49d88d2,0,1,0,2011-02-17 20:23:34,3742,15,4.5298,3757,60,1,1,54,12,49570.6459,1072,274.4668,8158
2029,0ec53706b4d9b111857409b9933aff97b567cd51,0,0,0,2011-02-17 22:18:39,59,3297,4.5298,3356,2,19,6,575,48,39835.593,1434,409.1684,6043
2028,142ed9a3231fd8b7ffbcf879952322b61572c90c,0,0,0,2011-02-18 08:29:12,3742,79,4.5298,3821,60,19,1,62,16,69053.366,1441,409.2569,6259
2014,eb3ac1d56fae50a27b3bb12d105c3dad1a6960d9,0,0,0,2011-02-18 08:37:09,129,162,4.5298,291,1,1,1,1038,0,31689.1527,1448,412.8103,6085
2025,3a9cc78c306033a7c76374b088b2d46066949fbe,0,0,0,2011-02-18 11:37:33,3742,54,1.0438,3796,2,2,1,39,13,22627.2751,1440,420.0573,6235
2030,344101e789c8ad11294d85dff949538973d47c31,0,0,0,2011-02-18 19:01:08,193,162,0.1308,355,4,19,6,613,47,7210.1277,245,103.5155,960
2035,ff83146281f4ee64f030f3398b6b4e4d2695bf5f,0,0,0,2011-02-20 04:55:52,49,65,0.089,114,2,19,1,605,50,36936.0687,0,422.5945,6302
2010,019dc9d9181a36eeaca07cef557b48dcf160736b,0,0,0,2011-02-20 09:44:49,45,3297,0.0171,3342,60,19,6,10,2,80948.5088,1448,417.6511,6109
2027,8486c67547bb17586381cea20006675b5f85cd5f,0,0,0,2011-02-21 00:39:50,3742,29,4.5298,3771,60,19,1,9,2,37261.7643,0,412.9466,6035
2032,80e05f0b7d24c7cdde201d337cffb0958be63c8c,0,0,0,2011-02-23 22:21:28,110,26,0.0209,136,60,1,1,592,49,62482.3271,1451,413.2303,6200
2036,cc6d3b2457d7378d7cef33b75631e14070896978,0,0,0,2011-02-25 16:00:02,3742,12,0.0291,3754,1,19,1,1,9,26407.7594,291,80.5808,645
2018,0f320780c45f775e3bd425f40dd22e654472baf3,0,1,0,2011-02-25 21:56:51,3742,14,0.0102,3756,60,19,1,587,49,85258.6759,1451,415.1047,6125
2031,dee3638dba8c8302e4c3c4d8deaffcde975db35f,0,1,0,2011-02-26 07:34:47,38,3297,1.0033,3335,2,2,6,151,17,36823.3966,1455,3.6683,53
2033,0ad704a437d23f9e2593d4abf716b830e07d8368,0,0,0,2011-03-02 16:56:50,4,3,4.5298,7,60,1,6,3,5,81609.6347,1079,271.4971,8112
2037,84451f648bcbcbdf4a08aed0a2e01686828d7151,0,0,1,2011-03-03 14:49:15,86,3297,0.7798,3383,1,2,6,142,18,39122.6656,271,84.2543,473
2021,d3d86b53819da75c34bda3e56ccf33b38186c2f1,0,0,0,2011-03-04 16:04:52,20,3297,4.5298,3317,1,1,1,1038,0,58395.7011,1069,267.8099,8170
2047,d190e9e68337ca8c3b06f9abc71280f9870fbd69,0,0,0,2011-03-07 09:19:39,3742,3297,0.2252,7039,3,19,6,561,47,36697.4951,239,91.456,1039
2040,78bb75f520386db6552bd476fb889f67ec9d0067,0,0,0,2011-03-07 10:05:49,3742,25,4.5298,3767,60,1,6,1038,4,4668.8547,296,81.4648,672
2042,00e22498621106e48a91d69d1d3904d2e9aafbb8,0,0,0,2011-03-07 16:40:47,41,27,1.9653,68,4,19,1,1038,5,3215.0454,298,83.2595,727
2048,dc6a2b49b414f9289b6a137809eb103dd5e4f44a,0,1,0,2011-03-15 13:34:29,244,81,2.048,325,7,3,6,235,20,43694.9104,266,70.7902,410
2046,f3b71e528f8e0e4db7a35f53681eac02536ec008,0,0,0,2011-03-16 16:40:14,88,31,1.1047,119,2,3,1,51,13,33026.9311,297,81.5652,681
2051,d38da33ce9ee0176f9f677f9250718a53fb522c3,0,0,0,2011-03-17 11:53:05,3742,3297,4.5298,7039,1,1,1,73,13,78646.5061,1065,266.3402,8006
2053,52e338bfc784fc5a2b5e3e2490127fe385ad8096,0,0,0,2011-03-26 06:21:41,3742,3297,1.8099,7039,6,2,6,616,50,940.9295,0,430.8383,5848
2061,5cb9bcd3e5c9356f4c6db16aad00470eb4ede9f3,0,0,1,2011-03-27 04:45:55,28,0,4.5298,28,1,1,6,597,49,80783.4601,0,417.1021,6138
2059,e8d050057fcf90b39ef7fda931a8d42c8513f9c5,0,1,0,2011-03-30 04:21:32,25,81,1.2745,106,5,4,3,7,8,41890.3963,0,427.209,6344
2063,8db296daf8ab963a9139806dd7f519ee2d3e9d0f,0,0,0,2011-04-07 18:41:47,3742,14,4.5298,3756,1,19,1,0,5,6566.5111,1074,269.4353,8069
2041,9ee73a73f5a68ca5581da0a450000857aa0223de,0,0,1,2011-04-07 18:41:58,3742,3297,0.3661,7039,2,2,6,1,1,36881.5661,1067,267.6882,8035
2057,303449c2010cfc43d18c9f5839138f6baffca37d,0,0,0,2011-04-07 22:06:08,252,3297,4.5298,3549,60,1,1,81,8,34722.0699,0,413.8548,6213
2065,511b6354fad98ede31fa0d3095d6d17e6ef74b18,0,1,0,2011-04-09 06:34:58,74,3297,1.5579,3371,3,2,6,29,8,42267.43,1448,413.1499,6246
2072,41ddf0b81061dc003ed39fe2fa81bac7a076f4a0,0,1,0,2011-04-10 03:41:41,50,31,0.8835,81,2,2,1,9,6,75453.5325,0,414.2745,6208
2055,4376f04514ace94d3507a40862fad54ecfb219f2,0,0,0,2011-04-10 07:02:57,26,21,4.5298,47,1,19,1,22,6,2360.4483,1446,418.8954,6066
2064,a293727e0b3eecfc77bb80c8704bbcdcff52d2f3,0,0,0,2011-04-10 07:04:39,71,48,1.781,119,4,19,6,1,4,33326.8792,0,411.2214,6020
2073,c613314dfc363bedbf60c3f7d4fe83603f027ee0,0,1,0,2011-04-10 19:55:56,3,3297,0.2943,3300,2,1,1,17,7,51887.134,1444,419.3969,6230
2056,73e8e31043adbc914f53d7bc2ee1ae4bca2685c6,0,0,0,2011-04-12 15:22:15,3742,19,4.5298,3761,1,19,1,8,5,67863.1818,1073,273.0095,8151
2066,98c77b5f7b32fd6b54a2f6f7016121676da4d575,0,0,0,2011-04-12 17:34:36,4,47,0.9707,51,2,2,6,4,5,62352.3737,13,3.9197,63
2071,c6f01f610bb9fce57711d0939af53acf9117e7e5,0,0,1,2011-04-12 17:36:53,3742,3297,4.5298,7039,1,19,6,24,6,84292.0512,1074,272.3496,8072
2081,47e82789e12e567e93bf2bef8ac80eb7c94fa0dd,0,1,1,2011-04-13 10:02:43,18,7,0.749,25,2,2,6,605,49,27261.3791,0,412.3489,6211
2058,7766122c762e9e01094bc6a9535135060f45e1de,0,0,0,2011-04-14 11:31:35,21,3297,4.5298,3318,1,19,1,1038,2,57786.0134,1455,506.65,12545
2080,b5b51e6ea0319ee43b4568d89ae9d73750cd3d3a,0,0,0,2011-04-15 14:00:42,170,3297,4.5298,3467,1,19,1,102,19,9510.4363,302,71.5465,692
2069,ddd71a62b384ae2ef6c9b8041a2b1e6851fa89ec,0,0,0,2011-04-20 09:56:11,69,3297,0.9671,3366,2,2,6,59,18,44591.3009,268,73.1181,433
2075,f9997f169ed9112294315f66e7764c3ac0e92e10,0,1,0,2011-04-27 10:30:30,518,171,1.5669,689,5,4,3,127,12,38199.9282,0,429.7815,6578
2086,f4ed81dfeae23b1fd03dbb618697b00fa3ea8639,0,0,0,2011-04-28 09:53:14,130,68,0.1724,198,3,2,6,578,50,82952.6044,968,181.7072,9789
2074,705e99301d55a45f64ee4b246b17dd8965abb98d,0,1,0,2011-04-28 12:43:30,25,143,1.7137,168,3,2,6,86,7,8874.6618,1435,411.3595,6029
2082,883fec1849efac4857002470101bedfa83447f46,0,0,0,2011-04-29 06:34:22,65,3297,0.0275,3362,60,19,6,82,9,63598.2964,0,411.6686,6049
2085,362d795d39c2254ab9d71f5cf9448d955712e0e0,0,0,0,2011-04-29 06:39:22,3742,3297,4.5298,7039,60,19,1,98,8,558.8249,1451,418.2029,6213
2077,a5664b522e92dd0fd596773d4f90b5101c81151e,0,0,0,2011-04-29 13:20:13,94,3297,4.5298,3391,60,1,1,576,51,15450.1732,1120,257.0303,7817
2083,da3e114d66645c2cbf9b9c803d5fbc5d2218dbe4,0,1,0,2011-04-29 13:20:24,332,105,1.2686,437,6,1,1,44,7,64695.7863,1066,264.6695,8285
2090,0621d529c52fc9c97d39f747dcd1ee150758826b,0,0,0,2011-04-29 13:20:33,312,24,0.6026,336,3,1,1,4,5,15464.3352,1068,274.2064,8053
2076,46ff900b3c710bf6a25dadcc62db4256e1e13540,0,1,0,2011-04-29 13:20:42,479,312,1.8769,791,6,19,6,23,6,10620.6703,1097,280.6529,7992
2092,6c58891e8cb0cd12e92de11405ae368b3928669f,0,1,0,2011-04-29 13:20:51,178,3297,1.0637,3475,3,1,6,7,5,15660.7954,1071,273.3935,8192
2052,837d4c32a8a11ee475e25fa9c664baf0c947ae41,0,0,0,2011-04-29 13:20:58,4,3297,0.0011,3301,60,1,6,4,5,86377.0,1081,271.0744,8114
2084,7e633e89848fcb33f3f95b5b4de82e6647eabaa1,0,1,0,2011-04-29 18:08:50,9,2,0.0055,11,1,1,1,3,5,17458.2434,1078,272.0833,8133
2091,f205658a0133e6a2c67fcbccca7cd6a48e8cdda9,0,0,0,2011-04-29 18:08:58,79,3297,4.5298,3376,1,1,6,4,3,24228.6082,1085,272.177,8086
2094,30e3a1060fd4714906b422473ca59f9e8d5d75d5,0,0,0,2011-05-02 05:08:16,51,50,4.5298,101,60,19,6,13,5,71157.848,1448,419.7902,6226
2070,aacf1acbe9d5923681d5f29a6d1d8e4eba201d98,0,0,0,2011-05-04 20:21:40,3742,17,4.5298,3759,60,1,6,3,3,7643.6458,1072,273.3723,8043
2087,e48c8dc7d59adb24b5f6d4a2e0f386964d6789d1,0,0,0,2011-05-09 03:20:57,49,3297,4.5298,3346,1,19,1,121,10,48082.0745,0,409.3495,6019
2097,4452622546e6553bfb361d308417973b90afea5e,0,0,0,2011-05-09 04:38:17,38,3297,0.0436,3335,3,3,6,187,22,46736.0857,1437,410.7467,6036
2100,5ec980cc88c01c47bf2bfaab88f21ef53e89348c,0,0,0,2011-05-09 05:03:04,3742,3297,1.4675,7039,4,2,1,36,15,39239.1865,0,412.7114,6221
2089,91057a0addaf32fa31e28a14bdc54f3723b0f79a,0,1,1,2011-05-10 09:16:19,49,3297,0.954,3346,2,2,6,44,12,62610.0099,924,203.7221,9410
2098,e5bbcb8243695504e861ad50af072259cbf6e185,0,0,0,2011-05-16 09:43:55,35,3297,0.9726,3332,2,19,1,1038,5,51672.6229,1441,412.6787,6097
2102,c09d86ca4877523f24f535d671524937d46ad5c3,0,1,1,2011-05-18 22:15:03,47,22,0.9346,69,2,2,1,1038,3,64787.0535,939,198.3479,9571
2088,b6c8fb7dbc98c4997855ec78b044d958b6e6dadc,0,1,0,2011-05-19 11:06:32,79,3297,1.4748,3376,2,3,1,25,10,61585.5343,0,409.993,6343
2096,4621c4a1d88e4b148052c937dff7e8e285006c9c,0,1,1,2011-05-23 21:56:56,3742,3297,1.7897,7039,4,3,1,36,9,37451.0128,0,422.0229,6060
2078,1b70492315263ed32dcbf6c27ee5bebdb94408be,0,1,0,2011-05-26 03:41:04,86,3297,1.4705,3383,3,2,6,13,6,41213.1487,1449,419.8509,6239
2101,171664a1be08a689dc15db096a656c2f580a4be6,0,1,0,2011-05-29 09:50:19,229,3297,1.9271,3526,6,4,6,51,11,47461.7117,0,422.1826,6060
2110,0b37b03442a6a2ed8bdfdd15e3a58d33f6761a32,0,0,1,2011-05-29 22:17:15,3742,3297,0.0148,7039,1,19,6,1038,3,45069.7224,0,418.8543,6099
2112,a9629a1ffe5544b2ebe59ab0d0811830c38dd7cd,0,1,1,2011-06-05 10:13:34,3742,3297,0.3235,7039,1,2,6,242,22,44084.3059,0,412.5502,6057
2095,39e619f3da66a31f5b16841f4317bab928b0648e,0,1,1,2011-06-06 05:21:58,3742,3297,0.405,7039,3,2,1,141,18,62768.0541,0,412.9381,6264
2103,7957f5fabfc67fd1c0a4a37394cace3d022cf176,0,0,0,2011-06-10 22:07:37,79,60,4.5298,139,60,1,6,4,6,19758.9738,0,420.0615,6075
2109,a0c8d2418286d46182ee647d5f3c6d48212a508f,0,1,0,2011-06-12 13:00:09,89,57,0.8786,146,4,3,6,15,3,23332.2078,1443,412.309,6221
2108,a46e0e795a17d0b05a8816f85fec775c9c41af0d,0,0,1,2011-06-16 09:46:21,187,3297,4.5298,3484,3,19,6,652,46,48930.223,332,91.8399,12545
2116,5f158aa59aa391366530efa3247cccbbf62dff11,0,0,0,2011-06-16 10:46:36,319,3297,1.1662,3616,60,2,1,574,52,22421.2915,231,56.942,1205
2117,621e5876cc12dbba84623cf36327f0ead3e05f82,0,0,0,2011-06-16 13:58:56,75,3297,0.8546,3372,60,1,6,646,51,13721.7181,352,92.0757,1012
2105,685a91a7ab08a8c299376cd24078514b19b82daa,0,0,0,2011-06-19 10:03:42,101,3297,0.4817,3398,2,2,6,90,19,75161.0101,0,410.7661,6063
2115,c638f71409ec1799b8eec610c8ff8300fc281e71,0,0,0,2011-06-20 20:33:55,47,3297,0.3558,3344,2,2,6,5,8,37683.1785,0,412.9683,6088
2120,1c7ad641087e1b6428ecb5251ce93608b7e18db3,0,0,0,2011-06-20 23:35:56,32,3297,0.9799,3329,2,2,1,623,49,34825.1439,0,417.61,6098
2106,4b83b61561dcd18f44bcb25299be1109dd9518fe,0,0,0,2011-06-22 00:42:16,57,46,0.259,103,3,2,1,610,50,20977.3254,0,409.7959,6004
2114,9428a852a98925ed5bf8a5f6b99bfad136054210,0,1,0,2011-06-24 03:44:30,192,3297,3.2907,3489,12,3,1,60,9,47403.3184,0,409.522,5831
2107,05b9f3be0c6d7b74a99e05113e4c3cc083e12e9d,0,1,0,2011-06-24 09:44:16,14,14,2.0117,28,5,3,6,0,7,21012.8559,0,420.3867,6052
2123,f1d10a2a4991da8758c46aec1b27a68011e028b3,0,0,0,2011-06-24 10:50:12,69,3297,0.0413,3366,2,1,1,617,50,34946.3357,1428,406.1063,6263
2124,dadc628fccb53e3d0cf2677c10ee5fc5adc30a2f,0,0,0,2011-06-25 10:26:12,3742,18,0.0188,3760,60,1,1,1038,2,66556.9957,0,413.5731,6073
2099,8e3b00b641785025f1ac9d928c6cf7f73482ee7b,0,0,0,2011-06-27 22:44:46,70,85,0.0407,155,60,19,6,593,50,43890.0382,1436,410.1017,6258
2119,9c641ee36ee8c6f7eda338379b24db696b472d08,0,0,0,2011-06-28 00:52:00,87,3297,4.5298,3384,1,1,1,592,48,6499.4493,1431,411.858,6003
2121,2237ac08186d5fb8a4ac848f154f1655047b697f,0,1,1,2011-06-29 09:12:48,214,110,0.8733,324,1,2,1,42,10,49303.6252,0,413.4052,6273
2126,bbbbdc27dd15c30e73881638085c1c46d66bb06a,0,1,0,2011-06-30 10:46:31,40,62,0.9317,102,2,3,1,47,12,31397.9633,0,418.8458,6211
2113,132aaf81b7fdb349963afa455a25374feaae03c4,0,0,0,2011-06-30 21:48:43,3742,15,0.0351,3757,60,1,1,23,9,64461.7975,0,419.5305,6077
2122,8871eba3233bd6414f0f63a9b7c6dc08cdbf8809,0,1,1,2011-07-02 03:29:59,75,37,0.9082,112,2,2,1,53,9,69661.7889,1449,418.276,6234
2130,a24a80c4e9793114afbe20830ee141984256ae42,0,0,1,2011-07-02 06:14:45,67,53,4.5298,120,60,1,1,164,22,4759.2875,0,410.4286,6362
2133,e6c8aca0f6542b92a967012733c0d2d9392d9633,0,0,0,2011-07-02 11:58:04,3742,3297,4.5298,7039,1,1,6,30,9,50331.2708,0,414.2783,6227
2125,db8da15c61ea43ec9af757e34234dda7b565c7ba,0,1,1,2011-07-09 11:18:58,70,58,0.9501,128,3,2,6,629,50,31112.1617,1450,417.5415,6208
2136,f180afb914e8f58ad031066145dbbb2c421f916a,0,1,0,2011-07-12 10:36:08,2,23,0.0103,25,60,1,6,24,7,32138.9541,0,414.0502,6186
2137,8b3079553e617c6a97043b3999b408bdf5017d8b,0,0,0,2011-07-12 16:00:09,38,3297,0.1535,3335,2,2,6,14,4,34032.7062,1073,269.1062,8066
2118,02c7256be72fbb9ad4c8c80800d3cc6d699e541d,0,0,0,2011-07-12 16:00:19,44,22,0.0083,66,1,19,1,17,4,86377.0,1081,270.6772,8101
2128,f795a7f72d0f78467dadfd4dd34dd09805b62fbb,0,0,0,2011-07-12 16:00:27,14,11,0.0087,25,60,1,1,22,4,86377.0,1083,270.5882,8140
2138,8de83c2d8e16754cd10ff41545eebc7146a83513,0,0,0,2011-07-12 16:00:35,6,9,4.5298,15,60,19,6,20,4,86377.0,1083,270.6911,8096
2143,8661ec8eb70ce2ee67e8dceec4f01dea449a7ae6,0,0,0,2011-07-12 16:00:44,16,3297,4.5298,3313,60,1,6,20,4,144.8626,1078,272.2393,8135
2127,14d576fb2a351ed42e4a2f68c9c4937a65de1d07,0,1,0,2011-07-12 16:00:53,158,95,4.5298,253,1,19,1,20,4,202.9754,1076,272.15,8157
2148,dc6e0130220f6fbd70cb279cc3fcf0658a2ce837,0,0,0,2011-07-12 16:01:13,3742,3297,0.0052,7039,1,1,6,23,4,86377.0,1083,272.1236,8090
2129,416cbe393ce73f28232005c06af058d69a9cdce2,0,0,0,2011-07-12 16:01:21,31,24,0.8781,55,2,19,6,3,5,2676.3572,1089,275.0364,8181
2142,6d425039c8bf0f3ddf8aa7bd35a4bfb268c2adde,0,0,0,2011-07-12 16:01:29,3,3,4.5298,6,1,19,6,8,5,20.3487,1080,271.1597,8118
2147,85f2f10e079363cdc0a614d33c4b2f6189a3d267,0,1,0,2011-07-12 16:01:38,7,2,0.0006,9,60,1,6,9,5,86377.0,1080,271.2903,8115
2111,a30416918cccbf1c695ec0354d4777dc0f26eefe,0,1,0,2011-07-12 16:01:50,73,35,0.4355,108,3,2,1,53,11,6739.7446,1096,268.3068,7989
2139,9a2ed739a988abff2904ec34b9682b8d8ffb3aee,0,0,0,2011-07-12 16:01:58,1,1,0.0009,2,60,1,6,11,5,86377.0,1080,271.333,8115
2146,8f160d28c1a7536e11b6ead79d81a5e7c7cd043e,0,0,0,2011-07-12 16:02:06,2,3297,4.5298,3299,60,1,6,12,5,32.1693,1080,271.083,8120
2152,e2b53f440b6b5935aa2130b58d98715380267833,0,1,0,2011-07-12 16:02:39,215,175,0.3206,390,3,19,1,52,5,86377.0,1089,273.8194,8015
2135,fe443e59cb509413450a999a2ec1f471154dec59,0,0,0,2011-07-12 19:27:01,52,44,1.3131,96,5,1,1,19,5,11539.6873,1094,274.2784,8017
2149,5a0ac7c5e4cef001d88cfac1be4c6fdf0eb1d7a1,0,0,0,2011-07-13 08:14:17,50,3297,0.8937,3347,3,2,6,95,16,47100.2741,1437,412.3952,6031
2156,fc7fb14d1790ed1e9a166fa5368142b4bb725167,0,0,0,2011-07-13 12:01:01,3742,42,0.0362,3784,60,19,1,38,9,64255.869,1446,418.634,6041
2141,b999d7cee4dcd3cf7a00fbe38eab64164208d14e,0,1,0,2011-07-14 15:21:30,22,5,4.5298,27,1,1,6,24,6,78410.6208,1078,270.1756,8132
2155,10c98eb659ecfc303ab2b9856d725b7636884d40,0,0,1,2011-07-14 16:43:15,3742,3297,0.1315,7039,3,1,6,586,50,21424.7351,1031,260.9788,7658
2161,09c725c83c4541a28c3bb7adf31204c224cccf42,0,1,0,2011-07-14 20:43:56,59,48,1.5593,107,5,4,6,761,54,39640.2663,0,409.1054,5931
2132,6fb7a61c6c4fdfb0190e86779a0c57e243bb5649,0,0,1,2011-07-14 21:19:50,3742,54,0.4765,3796,3,2,1,273,20,37718.3151,1096,266.6071,7938
2151,a36aa19068689d3ab9e7388bcfe34bf4cc16bd14,0,0,0,2011-07-14 21:29:27,47,30,0.0401,77,60,1,1,161,16,1947.0168,0,410.85,6044
2154,a6f6492d2f3341daff662a2210475ba0efd1557b,0,1,1,2011-07-15 16:46:15,26,41,0.9649,67,2,2,6,6,6,8825.196,1073,269.1076,8009
2158,e704b7435fd1b06b7e9a5fa41440eca1dfecf0b9,0,1,0,2011-07-16 07:18:20,31,26,0.5588,57,3,2,6,38,9,44424.4803,0,411.5818,6040
2145,27bd18c28c555f58fa1790f1d1f1848ba85f7471,0,0,0,2011-07-16 10:39:46,58,3297,0.9415,3355,2,2,1,54,9,9918.0126,1444,412.4408,6236
2160,70b894b93fccf547c571baf5d8ccce5abe620deb,0,1,0,2011-07-18 19:39:17,27,16,0.0063,43,60,1,1,612,49,82392.4757,1453,415.5655,6133
2157,fd3e8ec0ff18efa41ddd9da2774e7d9aa9636831,0,0,0,2011-07-18 22:02:50,3742,20,0.0186,3762,60,19,1,51,9,40658.9793,1087,272.5626,8054
2140,b698a0130614a3cc78badbf8f735f5c96747a979,0,1,0,2011-07-18 22:03:07,37,32,1.6021,69,5,4,6,188,22,55167.7164,1065,275.2305,8236
2162,6b70fb6ba311e755fdb22078d2bf6cb857bde56e,0,1,1,2011-07-19 13:25:19,338,79,1.1677,417,4,2,6,76,2,24367.8361,0,409.4268,6316
2170,da924f3237a46563d66eb940941ca41e9dbce892,0,1,0,2011-07-19 14:16:44,80,3297,4.5298,3377,1,19,6,616,49,66683.2966,0,414.0429,6225
2153,e51e76ca19b92583f6a756b3e3026c890a9671f8,0,1,1,2011-07-20 09:11:23,18,3297,4.5298,3315,1,19,1,28,7,64308.2228,1085,273.064,8062
2163,59729edc7c8fcdd9c8a056cc07425549154bf234,0,1,1,2011-07-21 09:15:42,39,3297,0.159,3336,3,2,6,2,7,49662.2808,0,419.3995,6106
2169,4e8d203936cf974cbb185486be5c576e3dc8809b,0,0,0,2011-07-21 09:43:30,3742,24,4.5298,3766,60,19,1,15,7,2310.0932,1447,419.6711,6100
2144,37bad7517284d144cf44bb1287498719988b931b,0,1,1,2011-07-22 16:04:33,13,31,0.0163,44,2,19,6,9,5,36788.2681,1072,273.5095,8191
2164,f43e5c227bbc841e1aff4b821d62d09e62a94710,0,1,1,2011-07-23 01:49:43,76,3297,0.8273,3373,2,2,6,14,7,32744.4149,0,418.5127,6203
2171,f676d0d1f1e91c4cc0c2fe3804302c145caa74af,0,0,0,2011-07-27 04:42:13,15,14,4.5298,29,1,19,6,0,5,67856.9432,1448,418.1629,6097
2174,91042d4b09447c8730ad07707397caec70d0d721,0,0,0,2011-07-27 05:49:16,43,30,0.02,73,60,1,6,3,3,69112.9422,1446,414.2799,6091
2166,c83b3c7aec400afa635d4706451d7c6e3bcf9b3c,0,0,0,2011-07-27 07:45:54,991,93,4.5298,1084,2,1,1,639,48,61530.8647,0,424.2394,6325
2175,eeae5513a8ae154c09e956ac6011e380d7c27b72,0,1,0,2011-07-30 02:48:37,159,134,1.5321,293,7,4,2,674,49,55870.0154,0,429.6694,5943
2179,85df4a9b73aa2e73c9524ea80cac205713aa2d6e,0,0,0,2011-07-30 11:18:10,248,35,0.6328,283,3,2,6,624,51,30976.7802,0,413.4752,6072
2159,63ed73fc4ac0ae8e5a2e6154f4edcabbb6aa25c5,0,0,1,2011-08-21 10:07:57,43,21,4.5298,64,60,19,6,36,3,71416.498,38,24.6706,132
2176,fc4fccf8e7e2ecf71116827aca4a5739e36ff2ee,0,0,0,2011-08-24 19:13:06,34,30,0.015,64,60,1,6,3,2,80743.4662,3,4.7,12545
2131,793cd19e3495cdbcea5121aabe2561a7bdc3f9cd,0,0,1,2011-08-29 15:43:05,3742,3297,4.5298,7039,1,19,1,73,12,21668.3615,13,24.1109,192
2168,80f6461cf92c3e255cff00ac52dbc542e775c126,0,0,1,2011-08-29 15:44:39,3742,24,0.023,3766,1,19,6,37,4,19506.1353,42,30.7314,196
2177,3d30588c294fe5cb7b5ac1fba7bb7c6c7814bde9,0,1,0,2011-08-30 11:07:43,516,3297,0.2967,3813,3,3,1,1038,5,57989.4481,12,22.6536,12545
2181,c9d4c7f821d142e45fd5d56e1298f265fd5dc211,0,0,0,2011-08-30 16:04:45,3742,19,4.5298,3761,1,19,1,1038,6,18207.8338,37,32.6682,12545
2165,b4ccfabb125b7f731821ac9a53c0bb18a78ac485,0,1,1,2011-08-31 08:21:28,14,3297,1.0062,3311,2,2,1,1038,4,33398.5748,939,202.1457,9447
2178,a6515c5cd89f064b66d683e03258651c3cad586a,0,0,0,2011-08-31 10:18:56,30,18,0.0278,48,1,19,1,23,5,20814.1747,40,24.2501,134
2185,ac379a5837c593f7803048c71d9fc29951bede15,0,0,0,2011-09-02 15:47:44,23,3297,4.5298,3320,60,1,6,1038,6,50479.8693,36,31.2098,10
2192,1f54e5ccc7ef166a7981a81940cb82e5b29c6904,0,0,0,2011-09-02 17:07:28,3742,27,0.0228,3769,1,19,6,24,5,8868.8287,23,30.1553,4
2180,bbbacbb7cf297e8287f71c20ffc272373faaeb08,0,0,0,2011-09-05 15:14:54,70,3297,0.0442,3367,2,19,1,1038,7,13983.6489,13,22.3156,143
2183,f41228147b5cf7a344ad976c973f46ad8b69e62f,0,0,0,2011-09-06 19:21:49,231,3297,0.3721,3528,3,2,1,41,9,22941.9705,21,33.3603,12545
2190,17000facb3b7ab34dcd50eebb53f486ec9ee81db,0,0,0,2011-09-06 19:30:10,19,15,4.5298,34,1,19,6,1,2,799.808,32,26.4208,27
2172,c33e189aa93a7b2c924be4bbde3c3072604faca8,0,1,0,2011-09-07 17:53:26,3742,4,0.9272,3746,2,2,6,14,9,23313.5619,34,26.678,27
2184,0e0ac3786b47769294ff28d7f23da67b297ec45b,0,0,0,2011-09-07 17:54:39,77,3297,4.5298,3374,3,2,1,284,19,83606.6403,1455,44.2358,359
2150,fa995f14d52d9c0d18c19cffb448d021b29025e9,0,1,1,2011-09-08 22:04:39,68,79,1.5818,147,4,3,1,259,23,28598.2201,40,32.2846,12545
2188,a4bf2c97e62c687e2becabc09547cfe49bbc2603,0,1,1,2011-09-09 14:19:39,8,5,0.0087,13,60,1,1,12,4,1226.3969,31,26.9535,39
2206,eef406c2370f639e5102eb5d04c0e012e8bfb4aa,0,1,0,2011-09-13 01:30:05,3742,3297,0.953,7039,2,2,1,609,50,42745.3853,1443,412.8668,6068
2187,1a3121d38abf82479923f5e88aeea14eb842d16f,0,0,0,2011-09-13 07:55:38,9,24,0.1879,33,2,2,6,15,7,29268.8655,0,412.2949,6060
2186,6c3c5359f979a5096d9e62e9af1fe40ddafc8183,0,0,0,2011-09-16 22:54:08,20,3297,0.8862,3317,2,2,6,18,2,72777.4473,1448,417.5622,6113
2197,6705e214f8ef16e6ef2a9d7253448995ad0c88da,0,1,0,2011-09-17 00:24:33,276,306,0.0382,582,60,19,6,26,4,44555.6353,0,409.4586,6268
2201,9027c03c49b14782275d4d7cf945626911db2dea,0,0,0,2011-09-17 00:25:36,30,3297,0.0257,3327,1,1,6,19,4,594.5923,1446,412.4665,6083
2205,1316bf0665893b2745812866e0acc2fdc386af67,0,0,1,2011-09-20 06:10:45,3742,18,1.0119,3760,2,2,6,35,9,65200.9972,186,69.7802,530
2193,14dae03ee9dc14815540623a127d7b27cb2a9083,0,0,0,2011-09-20 17:18:19,3742,12,4.5298,3754,1,1,6,45,9,7611.0959,33,26.9457,26
2200,d73e1835ec4a45058c63e0cbd3506cb59375ebdb,0,0,0,2011-09-21 13:55:27,7,3297,0.7742,3304,2,2,6,175,22,38322.4075,19,30.6203,175
2207,3d32010065d9e67db3d46006253a8c6f9d6e6f2f,0,0,1,2011-09-22 06:29:11,3742,42,0.5333,3784,2,2,1,152,15,63560.4881,164,79.2967,586
2210,8958a9b37445591c68cd0d3c01bda1974e4df0cc,0,0,0,2011-09-22 08:46:47,3742,3297,4.5298,7039,2,19,1,201,20,69894.1119,65,39.7712,12545
2199,433a5a86e311363b6ba2a6c637b71ac552efdd1c,0,1,0,2011-09-22 12:38:31,10,31,0.281,41,2,1,1,51,18,23827.4764,0,418.3982,6099
2208,264e16bf8f6c060b411f9675f4b5d14373c9bca9,0,1,0,2011-09-22 18:15:07,179,18,1.0244,197,3,2,6,27,5,25387.8276,34,24.927,32
2214,ac24f169ebb3a1d73e41288df0a9005b71b415fc,0,0,0,2011-09-23 09:47:06,139,52,0.9222,191,2,2,1,10,5,39939.3429,291,81.3783,653
2194,aa0f775a072d4f2a4ae1abf1eba7ae0a35812076,0,1,1,2011-09-23 15:19:35,67,20,0.1628,87,2,2,6,19,6,61806.5424,33,29.9149,139
2212,be7e76536e8aec62e08a527143fe8a1998dc1dfb,0,0,1,2011-09-26 11:39:39,45,44,0.8548,89,3,2,1,106,18,36189.1767,0,411.2593,6255
2189,f61732f0741604fc192c38563b9da6094c64f381,0,0,0,2011-09-27 09:47:11,3742,137,0.1941,3879,3,2,6,590,51,86377.0,1455,54.7723,12545
2211,34400b554d6b830ce3c1b6dfd9bee5f16c8a4bca,0,0,1,2011-09-28 09:21:06,26,3297,4.5298,3323,60,1,1,7,5,44572.043,0,413.0441,6090
2213,65670cbd0a22d4e86874a316a26c00a667e61cb6,0,0,1,2011-09-29 06:18:32,15,17,4.5298,32,1,1,6,4,7,5151.9766,12,2.1258,34
2217,6b8e1fc0bc72873d276bb54e4749b01c5fb85983,0,0,0,2011-09-29 19:27:16,3742,3297,1.0925,7039,2,2,6,54,6,5636.479,16,33.1029,12545
2204,c87561089e066236ef0dd971bc32779de2bb73e2,0,0,0,2011-09-30 09:07:00,79,19,1.6037,98,3,3,1,32,5,38987.7305,19,30.0336,136
2221,6f0a3786519a1f7aef03aa41598ba3e6f7b9ed7d,0,0,0,2011-09-30 14:05:44,3742,3297,4.5298,7039,60,1,1,605,48,43140.602,1440,410.1328,6326
2215,cdc39843d361a1d6c519432913c5d30f20782e68,0,0,0,2011-10-05 02:23:31,90,40,4.5298,130,2,19,6,75,13,41284.9499,1455,6.0843,110
2223,ebbec02bece58bf94a22b1f164be7a2b775f3692,0,1,0,2011-10-05 16:17:14,360,37,2.1174,397,4,2,6,1038,6,52151.5455,948,194.7553,9672
2225,62bfb68d0caef74ef1b656a212171258f3f48ea8,0,1,0,2011-10-06 14:44:03,815,749,1.4069,1564,5,6,1,139,20,40858.3346,876,182.0882,9261
2222,8299b68c168904102a1b4c8d43e14dc7d0325794,0,1,0,2011-10-06 15:41:13,25,3297,1.5477,3322,2,3,1,58,16,23720.3261,947,203.7191,9354
2226,bd3bb3a12996183ea2c28e091fcf2d9459b59267,0,0,0,2011-10-07 15:45:07,24,22,0.0195,46,1,19,1,49,10,5797.292,1086,268.9082,8173
2227,bd86e81719da2ab54050eb3a5ab14d905e62a4f0,0,1,0,2011-10-11 15:43:34,50,110,1.4988,160,2,2,6,385,23,30814.1473,900,191.1078,9711
2230,bd9b2ffd93d02debcb84a9e0aafd2911a24498ad,0,1,0,2011-10-12 08:08:50,56,32,0.3016,88,3,2,1,18,8,47524.6566,926,202.0829,9397
2229,3e0a768e5fc2bcac47eecb357cdaec8089d086ac,0,1,0,2011-10-12 15:29:14,138,3297,1.5071,3435,4,2,6,1038,7,76632.3659,921,195.7973,9334
2202,815e41833c8bee77c4858f2d6678d01a613e04d2,0,1,1,2011-10-14 06:15:51,51,3297,0.8062,3348,2,2,1,28,6,61151.2061,1450,419.5883,6101
2228,eb0c291f1e498f91dacfe30d9a4bd00bbf6ee6a8,0,0,0,2011-10-14 09:37:24,3742,17,4.5298,3759,60,1,6,15,5,66146.5562,291,76.5472,712
2236,d6d58860f20e56bf0cff39b1c2b90ce2d6d2739c,0,0,0,2011-10-14 10:16:18,3,3297,4.5298,3300,2,19,1,15,6,1823.3592,295,82.0159,518
2239,d4a602aecf33e04ccb37b02dad56d3dfd7b92bf7,0,0,0,2011-10-14 10:16:18,3742,3297,4.5298,7039,1,19,6,3,6,1671.4031,295,81.6064,716
2237,6de942d2f3242fd858d79a4127bb98010ebcd83f,0,0,0,2011-10-14 14:38:06,75,19,0.6398,94,2,2,1,5,7,50074.0518,928,202.126,9431
2219,43c1e9a41d0e9588ae338ad75324212fc91eab21,0,0,0,2011-10-14 14:56:37,68,3297,0.7936,3365,2,2,6,18,6,42442.4464,944,197.8392,9592
2243,efb5509bd66ee0005242f3fd2b945b3bfd8c7755,0,0,0,2011-10-14 14:56:37,72,3297,0.802,3369,2,2,1,17,6,42410.1369,943,201.7571,9547
2234,5bffc7215f3eb6c7a92d64491177a7e0cf9fc2bd,0,0,0,2011-10-14 19:01:46,27,3297,4.5298,3324,2,2,1,20,6,15646.2284,944,198.0107,9583
2244,4af635e51bd02618f7eff0bdcec8b53362fcda89,0,0,0,2011-10-14 19:01:46,3742,3297,0.0213,7039,2,2,1,23,6,16004.505,924,203.3971,9568
2249,06eef42e88340e36ffcbdcb92b52f51451db1931,0,0,0,2011-10-14 19:16:54,3742,26,0.4658,3768,3,2,6,10,6,6725.5729,925,195.4282,9592
2235,2fb9e31463f413f843c15dd0e646ada666c99a7b,0,0,0,2011-10-14 19:16:54,48,3297,0.4715,3345,3,2,6,24,6,7783.6147,919,202.7482,9590
2247,e1c827c2f47a88a639cada394f8723a37553f96a,0,0,0,2011-10-17 13:26:54,98,3297,0.9666,3395,2,2,1,16,6,34016.0598,928,202.4176,9455
2241,aaa68c5145177dc43e5cf6c463773a0fb993dce8,0,0,0,2011-10-17 13:26:54,133,3297,0.9625,3430,2,2,6,17,6,33358.1909,927,202.5393,9553
2248,4452816fcd235add7453d1adc18913ab18cdb69a,0,0,0,2011-10-17 13:51:25,13,14,0.8293,27,2,2,1,31,6,2084.8755,921,195.8401,9578
2238,9227c19e7a9a524a2139c3c58aa619aa225e00e0,0,0,0,2011-10-17 13:51:25,65,3297,0.8344,3362,2,2,1,28,5,1131.1183,941,197.0416,9397
2256,a853335cb0bffa50a3e17cfee66f9292807754ac,0,0,0,2011-10-17 18:00:35,229,35,1.0038,264,2,2,6,36,5,47515.976,927,203.3352,9622
2251,09a367d2002927bd281a67afef577668be672ac3,0,0,0,2011-10-17 18:00:35,217,3297,0.914,3514,3,2,6,30,6,47556.1256,919,194.826,9613
2245,af2d8656c62883459602bebf74ddfdec0d94f59f,0,0,0,2011-10-17 21:09:28,3742,5,4.5298,3747,60,19,1,25,6,11473.6434,1077,269.9849,8136
2232,45594d899206037a179bee9b7cc249b22ca0e61b,0,0,0,2011-10-17 21:09:28,3742,3297,4.5298,7039,60,1,6,24,6,11547.7706,1077,272.6228,8145
2252,58de5af1dfd5d94bf6eba425aa7a8a1aea594460,0,0,0,2011-10-17 21:44:11,39,27,0.845,66,2,2,1,38,6,7236.3553,924,195.3712,9385
2258,cd685773c4801352c67c991d6c283f7ec4ab0fe6,0,0,0,2011-10-17 22:23:59,45,3297,0.9642,3342,1,2,6,23,6,17126.3596,926,204.0603,9571
2242,ab4eaa7dc92baf39f0446eb8127a0fece6d1cfc5,0,0,0,2011-10-17 22:23:59,3742,3297,0.9702,7039,2,2,1,21,6,15793.3474,925,202.0527,9586
2259,bea5359820dda3b4c9784ca17db57fa4e237c2ee,0,0,0,2011-10-18 07:09:25,71,17,1.0183,88,2,2,1,37,6,32435.471,928,198.0307,9448
2254,eb787b863272deeec44b59e56c8666cbb3b335e5,0,0,0,2011-10-18 07:09:25,68,14,1.015,82,2,2,6,36,6,33119.6239,927,201.4074,9470
2240,404d4826c0761569466ff8e744482bf9807cb39e,0,0,0,2011-10-18 08:10:20,157,3297,0.6652,3454,2,2,1,24,7,19211.7159,925,195.2067,9386
2253,212c0e98042dc20c41ce81ea0dbe957f7f019695,0,0,0,2011-10-18 08:10:20,143,38,0.6479,181,3,2,1,40,6,19686.4888,943,194.5965,9592
2260,166643cd000f6fb2b2ebfe09fce3314ad688d939,0,0,0,2011-10-18 09:47:15,175,3297,0.9825,3472,2,2,1,31,6,36466.0124,927,197.8038,9445
2224,44bc0924418e7acf3f1c7f01e13bdbeb770d797a,0,0,0,2011-10-18 09:47:15,137,24,0.9298,161,2,2,1,40,6,36205.6454,943,202.0547,9579
2257,e241ac7a6f175cf700ecfbec02a9d08deba64787,0,0,0,2011-10-18 12:41:43,191,39,1.2296,230,3,2,6,31,6,14916.4839,951,195.9868,9415
2269,c512b5af5ef83824e53ab8c09033d51fea1cf65b,0,0,0,2011-10-18 19:54:20,143,28,1.0215,171,2,2,6,31,6,25457.5851,924,202.7004,9618
2265,ffd7ee50818ff4e4d1ee822eac90ef4cfd3cd2a8,0,0,0,2011-10-18 19:54:20,198,3297,1.0321,3495,2,2,6,33,6,26340.4088,943,195.6203,9394
2273,aeca6df3efca0fa3aafb404238c5957abdf0c61a,0,1,0,2011-10-19 07:23:30,115,12,1.333,127,3,2,1,15,11,48796.6667,934,200.0,9499
2267,185a4afac9b5f795452de66ae0c701d0766aeefa,0,0,0,2011-10-19 07:23:30,115,12,1.333,127,3,2,1,15,11,48796.6667,934,200.0,9499
2264,e46e6649a0707b0c8da045a036419618f7a2f2de,0,0,0,2011-10-19 07:29:30,3742,13,0.0166,3755,1,1,6,0,11,655.4356,937,201.0991,9521
2271,aee65947370f66b02c24b5664d1754233150664a,0,0,0,2011-10-19 07:29:30,3742,9,4.5298,3751,60,1,1,1,11,571.3252,937,198.5435,9528
2276,a4dafe523781699a221bbe2158e55674d370df64,0,0,0,2011-10-19 07:43:07,67,19,0.9279,86,2,2,1,17,11,997.0,934,200.0,9499
2255,202254d93a249f8b0f8dd91fe5bc7d44e088c2b9,0,1,0,2011-10-19 07:43:07,67,19,0.9279,86,2,2,1,17,11,997.0,934,200.0,9499
2268,870bd78015d5a079e9417c96205f0fd194d90051,0,0,0,2011-10-19 11:51:54,213,1,0.9537,214,3,2,1,7,13,39559.3333,934,200.0,9499
2278,078ec96f459a7a8916705858bf4c2f3d97bb1e77,0,1,0,2011-10-19 11:51:54,213,1,0.9537,214,3,2,1,7,13,39559.3333,934,200.0,9499
2261,8a3ab51d1a3645e337e9fc623cf466c26a868d00,0,0,0,2011-10-19 12:00:36,101,84,0.0,185,1,1,1,9,11,522.0,934,200.0,9499
2272,01b61d3c1ab2b08123cb9c8d7b9ba3c00eeab940,0,1,0,2011-10-19 12:00:36,101,84,0.0,185,1,1,1,9,11,522.0,934,200.0,9499
2281,3f59dbf6e1ea4997d55d0a3068146d66a4936a4d,0,0,0,2011-10-19 12:45:54,52,13,0.8883,65,2,2,1,21,11,7001.477,929,200.9953,9524
2284,b4502c9fc7595403ac92ba1220623e6495dd49ab,0,0,0,2011-10-19 12:45:54,48,3297,0.8567,3345,2,2,1,15,11,6451.0154,931,198.7538,9455
2270,f1c40d72ecc84c00bacd9834fbbe0eb28405eb64,0,0,0,2011-10-19 14:16:25,45,0,0.2623,45,2,2,1,15,11,42291.0,934,200.0,9499
2279,b7d8a24b1c3d16ed98aa48b3b02de01617b8de61,0,1,0,2011-10-19 14:16:25,45,0,0.2623,45,2,2,1,15,11,42291.0,934,200.0,9499
2285,720423c1a45bb84c9d124d492815902c1f87ee47,0,1,0,2011-10-19 16:06:01,61,0,0.3492,61,2,2,1,15,11,35868.5,934,200.0,9499
2263,9d727bd60c198f4c4e5d5c4d649c2a69d64ff40d,0,0,0,2011-10-19 16:06:01,61,0,0.3492,61,2,2,1,15,11,35868.5,934,200.0,9499
2277,2ab4cd3212850cbb4d698c16af28f9bbe1aee131,0,1,0,2011-10-19 19:17:41,133,39,1.2683,172,5,3,6,51,15,32050.8473,952,205.5388,9391
2266,be1b3312087ae201a4e2004de0f67d32f47ac526,0,0,0,2011-10-20 07:39:10,20,20,0.0,40,1,1,1,21,11,38080.0,934,200.0,9499
2282,d76eac022dade8fffa769cd5a4c8d18943a15758,0,1,0,2011-10-20 07:39:10,20,20,0.0,40,1,1,1,21,11,38080.0,934,200.0,9499
2288,72015215e5ba400f2f8c95c4cfb393467073ca27,0,0,0,2011-10-20 08:54:17,28,3297,1.475,3325,3,3,6,53,9,37917.0827,926,204.6861,9440
2280,f9f674b255c00a78464ff6f4deb68d48c7d4058e,0,1,0,2011-10-22 07:54:42,13,2,0.0,15,1,1,1,44,6,45421.0,934,200.0,9499
2293,f8aa81a7222248e080cdd75e1365c91340f22aaa,0,0,0,2011-10-22 07:54:42,13,2,0.0,15,1,1,1,44,6,45421.0,934,200.0,9499
2290,5578a5a72aeab8a03d8fd5419b3228398e78d986,0,1,0,2011-10-24 07:22:24,6,0,0.65,6,2,2,1,7,9,37074.0,934,200.0,9499
2295,6c4e02da5af4b3879a13f1cc70de7993248862c7,0,0,0,2011-10-24 07:22:24,6,0,0.65,6,2,2,1,7,9,37074.0,934,200.0,9499
2233,02a71997bf79c6761672f21060314ed2cee8c9ea,0,0,0,2011-10-24 07:25:03,3742,34,0.022,3776,1,1,6,17,6,59812.8846,924,204.2995,9585
2300,0ebd50403412b21c5e967efcb5cd26cab80f252a,0,0,0,2011-10-24 12:17:25,9,3297,0.9819,3306,2,2,1,31,11,28231.4777,931,198.9191,9527
2292,1dd3a34ea8a73e4c48e4e7227e6a9260ec7548d0,0,0,0,2011-10-24 12:17:25,27,12,1.0105,39,2,2,6,30,11,28819.4622,937,201.6972,9544
2299,aea30b5b06406b09d7f3eaa53b5de91a9ed66449,0,0,0,2011-10-24 15:12:49,3742,30,0.7504,3772,2,2,6,276,21,72230.945,1068,279.3153,8294
2301,79723a58171d7302e4a6dc604e6065e87871f4d5,0,0,0,2011-10-24 16:40:44,48,3297,4.5298,3345,1,19,1,2,2,79897.0812,945,203.0229,9628
2302,ebe4668f547c9c28c25c5128197c4aa73e214aeb,0,0,0,2011-10-24 20:32:57,280,3297,4.5298,3577,60,19,6,1038,1,80835.0026,1086,275.6598,8065
2291,2e67b16e6d6b52de7b180febe2b94a22415614e4,0,0,0,2011-10-24 21:15:08,3742,40,0.0705,3782,60,1,1,1038,1,6056.2661,921,207.2014,9694
2304,1aa7f6be4f9d2c4c7bf78dc950d53023e12014f5,0,0,0,2011-10-24 21:15:08,3742,3297,0.0528,7039,60,1,1,12,2,8238.83,945,193.7009,9297
2298,b5bccb901381feb08258afc6b3e9358d7842493f,0,0,0,2011-10-24 21:22:47,17,3297,0.0057,3314,1,19,6,13,6,50376.2764,936,200.3094,9482
2303,0cff0f41d7da4ca545d060bf22b6a4444f8d9f65,0,0,0,2011-10-24 21:22:47,9,3297,4.5298,3306,60,19,1,11,6,50347.4555,933,200.4916,9513
2209,21b8f8e468ede3eca1b56dc83758c847a1eda57e,0,1,0,2011-10-25 07:49:23,43,2,0.0055,45,60,1,1,3,6,50068.9656,935,199.5881,9491
2294,7c814d00183fa777cb1e107351e8ef4da83fcd17,0,0,0,2011-10-25 07:49:49,26,62,0.0298,88,1,19,6,2,9,73072.5327,928,195.7349,9580
2305,e3a4e5a1146bc19b2c09bed8f52de25fcdebf8c9,0,1,0,2011-10-25 13:56:02,22,24,0.4943,46,2,2,1,46,13,32283.042,943,202.6604,9441
2307,7a697c16eaf23bb37b909a43829395e3ec982d37,0,1,0,2011-10-25 13:56:31,551,77,2.8035,628,11,3,6,27,5,62642.9328,962,216.6289,9854
2317,8c36859d13806f4cd2b9c9e91365d1d38de6e9a1,0,0,0,2011-10-25 14:44:53,3742,3297,0.771,7039,2,19,1,18,4,74179.8232,939,202.0941,9435
2311,d1623c91e1d5db2c4c39e5449d98cc5eda9a6da6,0,0,0,2011-10-25 14:44:53,3742,3297,0.7729,7039,2,19,1,6,4,74175.7633,926,202.5878,9417
2320,19eac110e55e137d58f6d54e9ff5154caece61ae,0,1,0,2011-10-25 15:05:15,18,11,4.5298,29,60,1,6,35,11,4504.2043,927,198.7467,9564
2306,f7ad3e8475f1428130b200f4f7e16b1bae860fe7,0,0,0,2011-10-25 15:06:01,45,41,0.056,86,60,19,1,1038,5,5010.4745,951,196.3217,9428
2322,b8ff086d432e21342344707a4f0be0926eadd3d5,0,0,0,2011-10-25 15:06:01,35,25,0.0559,60,2,1,6,1038,4,4676.1409,943,205.4801,9405
2313,ff9f530fe02c3cfdc5685edbf84b757977540bab,0,0,0,2011-10-25 19:14:05,98,3297,1.3262,3395,3,2,6,27,5,58548.8772,919,203.7004,9613
2323,9eee81d2425c03d611bca50146da47f3b915f314,0,0,0,2011-10-25 20:43:12,3742,13,4.5298,3755,1,19,1,0,6,46643.0769,940,198.0913,9541
2327,e8a54cf850006dffeb472a4836d0d9551e8f2d81,0,0,0,2011-10-26 09:19:52,3742,35,0.9613,3777,4,2,1,34,11,69816.8382,926,202.7079,9445
2324,8738a90fa3053bcd3b74bdf3e6ba49c564a8294e,0,0,0,2011-10-26 14:24:59,6,25,0.906,31,2,19,1,19,4,76744.983,926,196.1533,9453
2315,d81e548a0d42f145ea0c142d2e32dd9c5d216747,0,0,0,2011-10-26 14:24:59,55,25,0.9556,80,2,19,1,22,4,76677.6532,924,197.863,9591
2326,303cd91916d03b80afbcd5ddd9a68d7ee0bf11cf,0,1,0,2011-10-26 15:59:05,62,3297,1.4386,3359,2,3,1,147,17,12037.2803,954,204.401,9271
2332,a4ea75b3ee5f8302b1e94f6a2c11de89ef81add6,0,0,0,2011-10-26 22:16:10,50,3297,0.9439,3347,2,2,6,10,13,34678.5191,12,7.2431,79
2316,13e9f063ed739c387beb35be008a438b2f3619ee,0,1,0,2011-10-27 07:00:34,86,29,0.7867,115,2,2,1,43,11,55022.7324,925,196.13,9401
2328,feb9a4b661fb0923bff2dfed9f44ba9cdae71c90,0,1,0,2011-10-27 08:57:44,202,52,1.0757,254,3,2,6,47,11,29994.4136,929,202.2243,9448
2333,29d4617cc7fd7a643195fdf1fde37645d9f216fa,0,1,0,2011-10-27 13:02:26,31,28,0.8923,59,2,2,1,16,4,72468.1555,945,202.3754,9581
2319,4e0d3fcd1cf80f5666a0fa7103887bb83748a42a,0,1,0,2011-10-27 21:23:47,3742,3297,0.0502,7039,60,19,6,11,4,29351.3523,923,205.0601,9653
2325,d2d7dd7c9124cb856de6daad67999c2e1b8d9a6f,0,0,0,2011-10-28 11:18:47,25,3297,0.0197,3322,1,1,1,6,9,12922.2452,943,202.3173,9436
2336,8200c6c5606af814e9abd7b8c5c5c0f5b62dd407,0,1,0,2011-10-28 11:26:17,24,11,0.7103,35,2,2,6,44,11,8623.4932,940,201.3147,9545
2340,0e1314e54a61942f012ef63fd28fb4ebdc920ec7,0,0,0,2011-10-28 12:21:38,3742,3297,4.5298,7039,1,19,1,6,5,58690.4907,1084,268.5084,8178
2343,74def2d09852a1987371badc099a6ac485845b0b,0,0,0,2011-10-28 13:21:54,3742,3297,0.7958,7039,2,2,1,7,3,58441.7266,928,197.8335,9582
2335,22d327cfbe4a3114ece4b4e2374de243a8d70730,0,0,0,2011-10-28 13:52:21,21,8,0.9339,29,2,2,1,49,11,13046.9518,937,199.2338,9516
2339,e652b9e0582f91c269506a2a0b166f172eb842a4,0,1,0,2011-11-02 09:24:40,244,3297,0.5228,3541,3,2,6,36,11,35571.4922,926,202.7206,9438
2344,637b2def4ca97988d0739ce40d416f1d63791c01,0,1,0,2011-11-02 10:38:41,30,3297,4.5298,3327,1,19,1,16,9,80107.2403,939,201.8415,9567
2329,895a57e65b546f45fe72f909c984aaf02db226cc,0,0,0,2011-11-02 15:38:50,3742,3297,4.5298,7039,2,1,6,1038,60,58870.8469,917,207.8671,9342
2342,8077e574797828b2f7ccac634bad6d24b66aa39d,0,1,0,2011-11-02 15:41:06,33,21,0.0213,54,1,1,6,11,9,18440.7062,927,202.7484,9432
2347,4ceaf1ec8dbf4c8d208376bd903a1f1aa6267bb3,0,1,0,2011-11-02 15:48:18,3,3297,0.016,3300,1,1,6,42,11,23345.7303,927,197.7053,9541
2351,82c4574837b0274953f1b00e428cd31c0664f7c6,0,1,0,2011-11-02 16:32:10,3742,18,4.5298,3760,1,19,6,34,11,3023.0411,928,198.5229,9536
2334,77baf6b79c35da8c8440776f947acda2f7e53282,0,1,0,2011-11-04 08:28:24,554,96,0.9105,650,2,2,1,2,7,29925.6537,926,194.1884,9645
2348,48d5d21b7afa0c0aff8e19a97620f1ac68a528a8,0,1,0,2011-11-04 11:32:33,142,17,1.8546,159,7,3,6,63,16,44756.624,944,204.241,9330
2349,a13f25b2b8900107c017e93af1ebb25cee7a9147,0,1,0,2011-11-04 17:59:43,267,80,1.1481,347,6,3,6,252,22,23286.2881,904,189.3515,9258
2309,d987a7ae83c5d3a84d81dd1262558e5c5ff54b01,0,0,1,2011-11-04 19:52:20,21,3297,4.5298,3318,1,1,6,58,11,83226.7828,940,201.7184,9462
2318,a7a55b6b3a4a6489613df7b1f66d0e623cc259d7,0,1,0,2011-11-06 19:20:35,35,32,0.9611,67,2,2,6,50,11,14683.6715,936,201.0839,9525
2352,f20e5d7f5af487fff1fd23b1eaf56ea276b2d2ac,0,1,0,2011-11-07 20:18:57,34,5,1.343,39,3,2,1,50,13,11468.6983,940,201.2538,9564
2338,407ea9f0ecfe40a629f9aa35d7d37c2ca6e5f90f,0,0,0,2011-11-07 20:50:52,29,3297,1.2516,3326,3,2,6,53,11,14596.8511,930,198.7423,9455
2356,08df2548ad584eb8dd023555cee2d04b855ce81a,0,1,0,2011-11-07 21:18:41,8,28,0.2421,36,2,2,1,56,11,1339.6374,941,197.0547,9571
2359,a5ef433570a2f84fa7857dbf05b4d169a498f00b,0,1,0,2011-11-07 21:40:08,13,3297,0.6687,3310,2,2,6,41,11,15230.0783,925,197.686,9433
2321,a947f476c302955195271a9feb359e6b5c593c42,0,0,0,2011-11-08 09:39:27,34,3297,0.0523,3331,60,1,1,1038,1,37607.3841,945,205.6612,9650
2354,6db85f794dda7659fb3daeb1b3b01a50edf424b4,0,1,0,2011-11-08 10:15:49,23,3297,0.9155,3320,2,2,6,47,11,25811.4771,939,201.5211,9527
2358,1d6a86800ac37b00e49fadc8b04114bda1c8aa9e,0,0,0,2011-11-08 10:46:19,34,3297,2.1021,3331,5,2,6,53,10,40121.5917,914,204.3892,9621
2341,8e21637c504e31a2be15d6fbad66ee9ec6c6b34b,0,1,0,2011-11-08 11:09:51,46,3297,0.9619,3343,2,2,1,52,11,25206.8429,929,198.0071,9470
2357,93d2daa765c16d28eed7e10469878c699ccc7401,0,1,0,2011-11-08 13:07:32,95,34,0.9123,129,2,2,1,48,11,6879.1492,938,198.2237,9542
2363,dbaa331f21d4173c6e4169c617d7c987caf999de,0,1,0,2011-11-08 13:34:51,3742,3297,0.9344,7039,2,2,6,56,11,6181.1224,930,202.1533,9528
2368,a9e71a129ad53fac9c4ae35419e5d7465d58cf2d,0,1,0,2011-11-08 13:59:56,69,44,1.3121,113,4,3,1,90,12,35165.4188,926,204.2919,9420
2360,44d7afa31f9fcefbd3319a01091c1b13857a2102,0,1,0,2011-11-08 15:19:30,109,3297,1.3245,3406,3,3,1,91,12,8483.993,922,195.9215,9565
2367,4ea5973247c33d6627af19303577cfddcd4acffa,0,0,0,2011-11-08 15:38:08,52,3297,1.5026,3349,2,2,6,20,3,48991.5633,948,205.2791,9423
2350,6e10cd30a0e1c71a4573cece567375dc2e689917,0,0,0,2011-11-08 16:03:04,8,22,1.6262,30,2,2,1,61,11,5837.3899,921,196.3624,9424
2365,d659fe21b584ece4fe6f300c418c763a1d6c911d,0,1,0,2011-11-08 16:14:43,15,3297,0.5744,3312,2,2,6,59,11,4999.206,929,198.5064,9544
2370,f75116f303ebbe99d3da313ddad680decb4f6416,0,0,0,2011-11-08 17:33:26,31,3297,0.4167,3328,2,2,1,59,11,4786.0076,936,198.2668,9532
2345,eb1664bda7b7f236b9a64efbaadb32e3b8fcaf8f,0,0,0,2011-11-09 02:08:34,18,3297,0.0223,3315,1,19,6,14,5,72540.6842,0,418.3623,6098
2361,ee79bf48fb789982a46dac48af28ce27438573bf,0,0,0,2011-11-09 02:42:46,3742,3297,0.0346,7039,60,19,1,25,14,69806.2549,0,420.2808,5987
2369,0697eb6259408c42fc7503b720ee39293f51b6a2,0,1,0,2011-11-09 08:46:14,240,181,1.3055,421,4,3,1,77,20,36175.4183,1443,420.2819,6045
2372,9da09301a632105cf97c1fbd3709cf11bf59ec77,0,0,0,2011-11-15 08:13:20,69,3297,0.4959,3366,1,2,1,135,21,51735.3778,955,192.405,9696
2364,771f24606568f87e5f0164df436f568e8de3c0a1,0,1,0,2011-11-15 16:16:12,247,0,1.9354,247,6,5,6,1038,11,52500.6057,950,206.2352,9309
2376,7772fd0c3c9c9b6a3cc64bba6bca69432dfcedc0,0,1,1,2011-11-15 16:28:13,36,3297,2.213,3333,6,4,6,66,14,43050.6059,920,204.8698,9618
2362,ed54650a87e00da12df96175fe18d16dd59fbc6e,0,0,0,2011-11-16 14:15:01,17,12,0.0155,29,1,19,1,5,2,611.574,1075,268.9194,8163
2373,106a0cadf8a19a1ecdf43c719c67e39b0bf58dbe,0,1,0,2011-11-17 16:26:05,15,3297,4.5298,3312,60,19,1,61,11,86089.3555,930,198.902,9465
2378,8a413a512c454d307ab724dc16770bcf51ae001b,0,1,0,2011-11-21 14:01:07,483,3297,1.4416,3780,9,5,6,74,12,61962.1624,965,208.8521,9211
2374,cc959d2bd95484319deb8aaadf58a1eaad2002d5,0,0,0,2011-11-21 15:06:50,19,3297,0.0136,3316,1,1,1,1038,3,18689.2584,1084,272.2028,8140
2377,1e606fb4463b55456d4e3f785c2dc8a2302c866d,0,0,0,2011-11-21 15:26:45,3742,3297,0.0099,7039,60,1,6,5,3,954.6328,1082,272.2458,8090
2381,48678b7d98f2afb80127a5f7bf34e18d56599ccf,0,0,0,2011-11-21 15:27:53,13,14,0.0153,27,1,1,1,2,3,86377.0,1077,272.2459,8137
2312,6cc2b7a4ac4f6cb19e556bc2b5e7eab96f018514,0,1,0,2011-11-21 15:32:39,135,3297,1.4843,3432,8,7,2,311,33,43485.0333,1115,282.4119,7690
2382,00aee15a22531faccdc25f7c2108497000dc92ee,0,0,0,2011-11-21 16:11:09,6,3297,4.5298,3303,60,1,1,8,5,2172.7285,1084,272.4347,8136
2385,d2e8f694fa9e22bb4c38136d7b2315c58ae43940,0,0,0,2011-11-21 16:21:02,8,3297,0.0175,3305,1,1,6,1038,3,3120.9444,1076,272.8719,8083
2310,36023827852a8124482842d8bbe14c823c562304,0,1,0,2011-11-23 12:27:12,218,87,1.7388,305,6,4,6,46,11,77336.252,954,207.7261,9639
2384,82b8719940cd9f4140e1ce96e9ae32df446ebd89,0,0,1,2011-11-23 22:35:34,3742,49,0.578,3791,60,2,6,281,20,53899.9074,902,190.9376,9245
2390,3f4da09e8b1a86983df2ccf7cb7edabc60c24a30,0,0,0,2011-11-24 11:50:05,60,33,0.6118,93,3,2,1,66,13,50243.3776,927,201.7032,9456
2375,c8e03f190f4e954996964332f422587506cd04e7,0,1,0,2011-11-24 16:03:53,42,42,0.9552,84,3,3,6,57,11,15197.707,929,197.3981,9584
2386,cfc81507b380c60b6e98673749f3b75dd26301ce,0,0,0,2011-11-24 23:12:32,3742,3297,0.2442,7039,1,2,1,649,48,30911.1431,0,420.1705,6244
2395,270b4f7aff9626e415746aa6ba9b8e050d91277c,0,0,0,2011-11-25 00:49:11,61,3297,0.0583,3358,2,19,6,636,50,4817.1092,0,420.9248,6367
2366,68a63f25ba7122e7a0e9955bcc91089fb6fb0416,0,0,0,2011-11-25 15:51:24,29,3297,0.0206,3326,60,1,6,16,9,7724.6595,941,197.6584,9469
2383,043195788e6b33550e628614077bec35821be5f1,0,1,1,2011-11-25 18:48:31,121,40,1.4114,161,2,2,1,82,13,18557.1814,945,195.6917,9593
2388,0238491bf8677469cb4b45ae16a40c875e85e734,0,0,0,2011-11-26 11:46:46,57,37,4.5298,94,2,19,6,630,50,38466.1371,0,421.526,6017
2392,17a94916cf2b05c5c8a5796136770bace2f8f7a4,0,0,0,2011-11-26 11:49:58,62,3297,4.5298,3359,60,19,1,604,50,1506.4846,1425,422.061,5929
2400,4326fce5a1488c6fc278d2a4218022a91bc7572a,0,0,0,2011-11-26 12:40:54,3742,33,0.9686,3775,2,19,1,617,49,9684.9515,1439,422.5431,6019
2379,db140d57b822aae4825e915eb7969350243e04ec,0,0,0,2011-11-28 10:36:51,51,36,0.6678,87,2,2,1,15,3,60917.9896,1065,266.2963,8252
2391,ca642bf749ee9f915b110f4d3ea7c60bc5bd5be1,0,1,1,2011-11-29 15:27:12,105,3297,0.6107,3402,2,2,6,19,7,35222.5839,940,198.3451,9450
2371,93ef24db14049767f7d88636992252d551d675af,0,1,0,2011-11-29 18:40:17,76,3297,0.3718,3373,2,2,6,1,3,28640.9451,1089,274.5917,8192
2394,05dd85e3b576b09fac18b56dba56471671d1cccf,0,0,0,2011-11-29 20:47:54,22,5,0.0258,27,60,1,1,1038,3,7194.5845,1087,268.0623,8181
2397,4ddaa73e23da1463d7915162f5946c783ab7f331,0,1,1,2011-11-30 02:48:49,77,31,0.5673,108,2,2,1,30,5,32405.8612,164,76.4245,348
2403,3683b8cee251d121676d12dcb664d6bc1bdf015a,0,1,1,2011-11-30 03:59:45,76,44,1.4675,120,6,4,6,193,24,53295.8279,167,70.359,508
2396,4253dabb3a109d2eacb9b8e9a26cf0ae0a2d51e1,0,0,1,2011-11-30 08:35:55,31,33,0.4089,64,2,2,6,1038,4,48907.3108,927,202.4484,9572
2407,0648cfc8fda75da1602220b649f10672826f8504,0,1,0,2011-11-30 19:10:00,205,3297,1.8607,3502,4,5,1,380,29,32862.7637,974,189.6084,9937
2387,45dc7b47cd8ed11f3ef41a5018a70d2553a195a9,0,1,1,2011-12-02 15:45:55,155,3297,0.968,3452,2,2,6,80,11,76157.3492,922,202.574,9385
2401,8992101ed3853a40c8a083eb26ad20ae602b3b16,0,0,0,2011-12-03 07:23:57,3742,3297,4.5298,7039,1,1,6,1038,3,40648.3359,182,75.723,489
2389,75c63243d6a3f5ff982f433832b7626bcbd67649,0,0,1,2011-12-03 17:12:20,90,27,0.9772,117,2,2,1,1038,3,49307.2653,185,70.721,336
2405,befaf13bd4033ca4c83b2cab60bae0886adcf920,0,0,1,2011-12-05 08:22:18,33,18,0.8151,51,2,2,6,38,10,60072.4593,189,77.5176,367
2408,407a90435c2b2fc0a0c52cf44aa25b4e60e9f6ff,0,1,1,2011-12-05 13:17:29,266,41,1.6272,307,6,4,1,128,14,55905.7455,920,208.4368,9653
2411,6284ea2ed6a5da82e94044f63f5a81ca9d5f3454,0,1,1,2011-12-05 16:39:56,30,11,1.0129,41,2,2,1,71,11,11075.646,937,198.6148,9544
1398,888ca7f4a4d19a137df1fadd336bcd8ca25b90dc,0,0,0,2011-12-05 21:34:21,17,20,4.5298,37,60,19,1,1,3,42574.3953,1074,272.9596,8184
1400,c4a1fa81128f50bde7bd680b63c93e0832f0b9e3,0,0,0,2011-12-05 21:55:49,35,16,1.2244,51,3,1,1,37,5,19078.8376,1091,268.5352,8211
2412,81c10b5e80e35a1a0e894379baba21eca410dacc,0,0,0,2011-12-05 21:55:49,3742,3297,1.2361,7039,3,1,6,26,5,18161.4388,1069,274.2425,8174
2404,0d8b8aa74d22d278221154ccc20e8d431436ab44,0,0,0,2011-12-05 21:55:49,3742,3297,1.2827,7039,3,19,6,37,5,19049.5097,1074,274.7832,8189
2410,0e63a0cd27c621ad2388ae7b13585937abe23462,0,0,0,2011-12-05 21:57:36,14,55,0.0272,69,1,19,6,1038,2,11206.5947,1069,273.2424,8070
1396,2ee9eaa13edb0a12eafd9ef7210f0ee6719d3f6b,0,0,0,2011-12-05 22:00:16,3742,19,0.2917,3761,1,19,6,43,7,23593.1424,1067,267.2637,7988
1401,812354582dedb3b52bb3d8f7143200efddd2b68f,0,0,0,2011-12-05 22:02:08,3742,3297,0.0706,7039,60,19,6,18,17,27621.5832,1103,266.7425,8282
2402,1f3302a0772be0d4d7f21a1c2bad3eceff06cce1,0,1,1,2011-12-06 15:00:00,75,43,0.9676,118,3,2,1,73,11,47312.3433,941,204.1897,9395
1395,9a54a302d3d4d3c3d3b463342b744bb7077de56a,0,1,0,2011-12-06 18:17:03,65,3297,0.0195,3362,1,19,1,10,3,77656.0608,1087,268.7715,8158
1402,4b76d3ecd00aec3d7702deb3746f3231a7893968,0,0,0,2011-12-07 10:12:10,3742,3297,0.0226,7039,60,1,1,7,2,54407.9767,1073,269.3291,8212
1406,d10ac663e381b4ed6876d6db3765757aee285ec4,0,0,0,2011-12-07 11:24:04,20,12,0.0237,32,60,1,1,40,4,51599.3208,1089,273.2581,8029
2409,687907644b5af01eb74ba07fed6793cebadb5409,0,0,0,2011-12-07 12:37:58,37,1,0.1793,38,2,2,1,38,9,62878.0,934,200.0,9499
1403,2e8e92c39a76bf795ffac6bfacaad9f066bbb6c7,0,1,0,2011-12-07 12:37:58,37,1,0.1793,38,2,2,1,38,9,62878.0,934,200.0,9499
1408,f307311f98cc0b386d6407ba3c4ad73efc0be5b8,0,1,0,2011-12-07 15:55:13,294,3297,2.0519,3591,7,4,6,98,12,37009.1911,920,196.3397,9332
1399,bc8a065a602619acadd7ddb61d7dc113005f32cd,0,1,0,2011-12-08 13:46:30,10,18,0.8603,28,2,2,1,80,11,42332.0635,943,196.666,9585
1405,b18fbb656c075fda598b1d32fc7e6a3b6d094db5,0,1,1,2011-12-08 14:34:23,8,14,0.5321,22,2,2,1,38,10,36701.5751,937,197.994,9548
1444,1ecf534e45ad6c4215e7db1bd027b31a3adab746,0,0,1,2011-12-09 08:40:51,3742,3297,0.8963,7039,2,2,1,165,16,40555.4284,187,70.4241,329
1404,13e0f7e9c607f5ea87eab8552686d9ee199e5201,0,1,0,2011-12-09 09:33:53,204,3297,0.7089,3501,60,2,6,94,21,25453.7724,946,205.2265,9391
1411,fa75d2d46da9e6f7c8034a9a0e24b2b3b6d1581b,0,0,0,2011-12-09 16:29:15,50,59,0.0717,109,2,1,1,1038,0,1753.4993,921,203.8251,9349
1417,4632e2eaaa3df63ebea9ba47c814a0b441195569,0,0,0,2011-12-10 04:54:28,50,30,4.5298,80,1,19,1,619,48,57667.4887,0,413.0172,6034
1419,c19dc84ecb5967648372bbdaeee40e051b10dd4b,0,0,0,2011-12-11 04:04:23,38,15,0.0072,53,1,1,6,624,49,83465.909,0,417.0834,6165
1407,0d4db37a41fffd751ebbcd637f89f5a6d3628397,0,1,0,2011-12-12 13:59:08,44,35,2.0568,79,5,3,6,79,14,48900.4229,923,194.5029,9651
1414,74dbf58a6df1772b4fb98062075bcb3a9c8f4d31,0,0,0,2011-12-12 16:21:38,26,27,0.0225,53,1,1,6,80,19,2359.8765,1093,274.2259,8198
1418,0092a5cb1e3964a264729ed892dc559c7480f3f3,0,0,0,2011-12-13 16:21:22,49,3297,0.6949,3346,2,19,1,71,13,7995.8781,939,196.6735,9566
1410,883491f84fcf39c0593aa2ef3bea87812052009e,0,1,1,2011-12-14 11:15:55,17,16,1.1335,33,4,3,6,77,13,70939.9518,920,203.7017,9382
1421,b633c9dafac76e574d62ac1229fdabe0bd766ec5,0,1,0,2011-12-14 16:31:52,217,3297,0.6604,3514,3,2,6,100,13,13377.1811,947,203.0615,9387
1426,e5d719872bca3ca896cbd409728c10a470afe0d6,0,0,0,2011-12-14 16:42:48,58,24,4.5298,82,60,19,1,68,19,836.4044,1068,274.9188,8194
1409,9cf249049e50ae9629044f83bda62b81df7b9789,0,0,0,2011-12-14 16:44:01,16,3297,0.0322,3313,1,19,6,9,2,70313.2104,1075,268.1182,8045
1415,e8daad8961a8cc5d83d968e62dd4f2605b27bc9f,0,0,0,2011-12-14 16:44:59,3742,3297,0.8929,7039,2,1,1,16,7,22046.3453,1072,268.5461,8060
1424,0a75bfe179bc22e36a5623e6b758785da5db6400,0,0,0,2011-12-14 20:15:12,21,30,4.5298,51,1,19,1,12,3,7483.1351,1074,274.6527,8064
2380,753b4f6416105d920a7b1b776b51db426fb31156,0,0,0,2011-12-15 04:38:15,46,24,0.0459,70,2,1,1,60,17,68460.8484,187,68.9502,542
1413,69d57b70dd7134e5b37182cca86db2588ba4d8fd,0,0,0,2011-12-15 23:59:29,3742,18,0.018,3760,60,19,6,11,3,13183.3108,1073,273.3401,8045
1423,54fe29cb2f64302c005fa7cdc208427d882c8702,0,0,0,2011-12-16 08:39:19,3742,3297,4.5298,7039,60,19,1,614,50,15089.8463,1437,409.9873,6312
1412,a8d22bbfb096adee64bea938d71670a945d16f81,0,0,0,2011-12-16 15:47:41,14,17,4.5298,31,1,19,6,19,5,30941.7114,1076,269.3361,8147
1422,f684bba53ec9e659ceb2acdedbca012cd81d35d5,0,1,0,2011-12-16 17:19:02,126,36,0.6993,162,2,2,6,1038,5,36809.6001,924,196.7902,9591
1427,f03fd15f2922982bedfaf60a960d9bc198f9d312,0,1,0,2011-12-19 14:31:12,4,11,0.0151,15,1,19,6,79,11,78908.4247,928,201.2623,9459
1430,305c39b2ea71a3abb0d5cc89938e9d42a198dda7,0,1,0,2011-12-19 14:51:12,121,3297,0.7388,3418,2,2,1,11,3,82387.1898,947,203.4042,9381
1434,88dcb4da5efecc040ec7af2fd2dbcbcc404ff1fb,0,0,0,2011-12-19 15:11:24,3742,13,0.0125,3755,1,1,1,65,13,84703.8027,931,201.4643,9460
1435,32ffde07b06649784d252c6632d6d5f6b6da11c7,0,0,0,2011-12-20 09:26:12,4,1,0.0,5,1,1,1,76,11,68100.0,934,200.0,9499
1428,3ed7a597481684f37ee6439b4b6798c35df03f6b,0,0,0,2011-12-20 09:26:12,4,1,0.0,5,1,1,1,76,11,68100.0,934,200.0,9499
1416,52d0dbfab3581f8e8457a0a13541bbefc043902e,0,1,0,2011-12-20 09:26:12,4,1,0.0,5,1,1,1,76,11,68100.0,934,200.0,9499
1440,462df8bce6dded9be3f2e1bb42412b76d2fe30b0,0,1,0,2011-12-20 13:13:40,298,3297,2.3837,3595,9,4,6,16,10,56244.8096,966,187.2462,9228
1437,8cea68c5ec8a7da4282aa2def95b17bd45790ea9,0,1,0,2011-12-20 15:07:44,182,3297,1.6911,3479,5,5,1,290,27,59429.4819,905,214.4286,9154
1442,a0c57999f13625eb3f0289c6dc89018673759bcb,0,0,0,2011-12-20 15:16:21,20,88,0.0298,108,60,2,1,249,22,27721.1758,961,211.1081,9704
1439,d00a96727b8e0f2d4fcef0394602eb43615df37e,0,0,0,2011-12-21 12:16:06,3742,3297,0.974,7039,2,2,1,73,11,37311.0829,940,197.778,9440
1441,300a158c549570708f1a56fd176af867d44ef94f,0,0,0,2011-12-21 12:16:06,1,3297,1.0086,3298,2,2,6,74,11,37249.6004,942,203.0845,9452
1445,8c3369de70c1492e71ea6af36e996b33a58a8661,0,0,0,2011-12-21 12:16:06,36,19,0.9665,55,2,2,6,74,11,37297.5817,925,203.1086,9406
1446,c45aa7c1d2e5c35355957ea1a0035a2c10af103c,0,1,0,2011-12-22 15:59:56,202,3297,1.5403,3499,5,7,1,333,24,33682.8525,982,219.7805,9849
1420,6bf3ca2a571d4a9ae08476972eb6e8dd60fb6a68,0,0,0,2011-12-22 22:49:36,13,3297,0.1525,3310,2,2,6,92,11,29663.7375,925,203.1423,9397
1443,2d136d61b66bd82ef15b305aa6c91039d28f7f4f,0,0,1,2011-12-23 08:16:44,3742,3297,0.4492,7039,2,2,1,51,10,51607.2587,945,196.9772,9423
1451,014adcd98ae89efbd835bf828e8fa95b8381befc,0,1,0,2011-12-23 10:21:37,129,17,1.599,146,3,2,6,119,14,63521.97,907,195.1579,9331
1425,5e2c99d43a9452564f28ebb28c611fb718fbfdd3,0,1,1,2011-12-26 09:32:29,69,3297,0.1223,3366,2,2,1,33,9,55998.2281,925,202.5653,9403
1449,08092af71c6a9ad128df31933f245e021becb0ee,0,0,0,2011-12-26 16:30:45,3742,3297,4.5298,7039,1,19,1,80,11,21813.2356,929,197.9451,9536
1447,8cb70848868ae8bee73b66b9440dfb3075b56139,0,0,1,2011-12-26 16:30:45,3742,12,4.5298,3754,60,19,1,81,11,21879.7533,941,198.4965,9451
1454,95ca5d64e3e6cb34f783c2acbcfafb09dad4aa4d,0,1,0,2011-12-27 18:08:49,156,82,0.8684,238,2,2,6,92,11,11301.4581,926,201.9115,9461
1438,d1f892e9aa7603ceb26af9ee9a9c9b9f39af2cb6,0,1,1,2011-12-29 16:21:37,3742,3297,0.7237,7039,2,2,1,94,11,50228.5849,944,202.6333,9455
1452,0d47ca0d2d64bef05f8059c019f7d85762a82caf,0,1,0,2011-12-30 08:19:25,12,3297,1.8087,3309,5,7,1,156,23,63605.255,954,212.9343,9212
1458,454650cc6b9e613af3a6cd3d26d4d7d8571bf99a,0,0,0,2012-01-01 11:15:16,18,3297,1.3237,3315,3,3,2,1038,8,45880.0613,0,393.3961,6502
1459,c660a074f128b8fad107ab3a4f71c0f76c15c0cf,0,1,0,2012-01-02 12:43:14,13,3297,4.5298,3310,1,19,6,10,3,45929.0995,1082,311.4964,8141
1453,b0ff1997d7a23179805fe882e9f61ce5326aec59,0,0,0,2012-01-02 19:40:57,35,37,0.0285,72,1,1,6,1038,5,21464.5285,1455,506.65,12545
1461,9447836c035bd748f097edc67c810d1bd00c602e,0,1,1,2012-01-03 18:34:25,697,3297,1.4864,3994,3,2,1,119,12,25798.1339,914,444.6519,9742
1468,9c3e2f62365955be785e7621621d805c4746f21b,0,0,0,2012-01-03 21:00:00,3742,3297,0.0508,7039,2,19,6,58,17,49252.0815,1090,306.0431,8029
1469,4c35131dc92366539d570a8f598d793b86babc2d,0,1,0,2012-01-04 15:34:16,254,3297,1.8062,3551,7,4,6,104,17,23327.9149,957,442.5138,9623
1472,d35ad0081e1eb83f27388bcb3e5b157f7bf43934,0,0,0,2012-01-04 16:37:27,113,0,0.9749,113,2,2,1,102,11,2370.5,934,436.0,9499
1476,e8adc0b29752f46ed9b24bb7a50a10fad989ec87,0,0,0,2012-01-04 16:37:27,113,0,0.9749,113,2,2,1,102,11,2370.5,934,436.0,9499
1479,cfa16c4c897cfe0e50a2578ab4f7fca2f6a60880,0,1,1,2012-01-04 16:37:27,113,0,0.9749,113,2,2,1,102,11,2370.5,934,436.0,9499
1474,b1a2c4d69ac282b9c599519eda0f349f543970dd,0,0,0,2012-01-04 17:28:48,3742,33,0.0268,3775,2,19,6,16,2,69670.4762,1095,316.1751,7977
1477,bbf15fff629bba0da180759cb66080cdb1e92d85,0,0,0,2012-01-04 19:06:17,3742,3297,0.0296,7039,60,19,1,5,3,23253.1639,1073,307.6354,8078
1484,eb5f1350394c6a385c649a9d41825ee73b9c7d1d,0,1,0,2012-01-04 19:26:30,113,3297,0.6743,3410,2,2,1,5,3,48336.927,937,434.1104,9473
1471,f792361392724ac100968eac49c7e35fac93cdad,0,0,0,2012-01-04 20:55:49,29,13,4.5298,42,1,1,6,8,3,6297.1311,1084,312.7226,8087
1490,730a37651d858d7d21e7ff1ccf56a303924e42ac,0,1,1,2012-01-04 22:12:29,33,19,0.9826,52,3,2,1,99,11,29293.6667,934,436.0,9499
1482,95649429c31998354840ffcaec488c572d579628,0,0,0,2012-01-04 22:12:29,33,19,0.9826,52,3,2,1,99,11,29293.6667,934,436.0,9499
1473,a190146b862fd443adb7c6784c3daedb9e5e37ce,0,0,0,2012-01-04 22:12:29,33,19,0.9826,52,3,2,1,99,11,29293.6667,934,436.0,9499
1486,d119ce2669ae5fbbbb0d494212f7294d7c5de1a6,0,0,0,2012-01-05 08:36:08,14,13,4.5298,27,60,1,6,9,3,42433.4394,1084,313.0754,8166
1491,f94c83e40aad29ada1af3a24e123e807c1af80e1,0,1,0,2012-01-05 09:15:57,103,98,1.8051,201,5,3,1,2,5,48117.1258,922,440.8302,9609
1480,0a205a5fe41e37b89f4c11b21fa237157aedbd27,0,0,0,2012-01-05 11:05:19,3742,36,0.037,3778,60,19,1,14,2,62505.5948,1065,306.5172,7968
1487,9d7a14b2f220210a582bac418ca0a865749c4db2,0,1,0,2012-01-05 11:06:12,71,34,0.4451,105,2,2,6,25,5,7136.9765,1069,315.08,8261
1494,640ce5e1d5085e2922a70c087345cd38917115a7,0,0,0,2012-01-05 12:24:23,3742,3297,4.5298,7039,1,19,6,8,2,10745.4281,926,433.752,9418
1475,a18bb057f2759d654e3ce0af48fc60fc2f8cb262,0,1,0,2012-01-05 12:52:02,159,117,0.0193,276,2,1,1,117,13,64102.202,941,432.8034,9601
1497,7b1b868511e789dbde64f2510cf68b2f531480bc,0,1,0,2012-01-05 12:52:02,169,120,0.0262,289,2,19,1,112,13,65236.1981,944,440.1154,9558
1481,a8d3a59df344a5aa6038f9186484d63ddbbc3578,0,0,0,2012-01-05 15:22:00,3,2,0.0,5,1,1,1,34,9,8998.0,934,436.0,9499
1465,243e552a46e288765de286778f17dcb825a588b4,0,1,0,2012-01-05 15:22:00,3,2,0.0,5,1,1,1,34,9,8998.0,934,436.0,9499
1493,bfcb57decd756e63c25dc2faaa740defc2b61518,0,1,0,2012-01-05 17:27:18,115,57,1.576,172,6,4,6,48,8,37688.8738,949,439.704,9698
1470,4c875990a93b3561b1497cfbc400f33cf9b98490,0,0,0,2012-01-05 20:36:22,138,1,1.3512,139,3,2,1,39,10,18015.6667,934,436.0,9499
1492,74112cada441eeacf90cfef7d285cd50b3751a4b,0,1,0,2012-01-05 20:36:22,138,1,1.3512,139,3,2,1,39,10,18015.6667,934,436.0,9499
1501,455b8a10b1790a53f8f6b0c9ba808769c885302c,0,0,0,2012-01-06 12:02:54,45,2,0.9911,47,2,2,1,103,11,75194.0,934,436.0,9499
1503,8bb71c04573179dbca6cb479bed0aa5d479148a4,0,0,0,2012-01-06 12:02:54,45,2,0.9911,47,2,2,1,103,11,75194.0,934,436.0,9499
1495,afb4882718642ae27ed187d4ae1016a6986ca840,0,1,1,2012-01-06 12:02:54,45,2,0.9911,47,2,2,1,103,11,75194.0,934,436.0,9499
1488,540c7d73844e9ed0d049f345a1274c8b5113fff5,0,0,0,2012-01-06 13:58:55,5,3297,0.9792,3302,2,2,6,16,7,68256.818,943,433.1477,9596
1502,78ae05c9a997c4d9a5a34e941a25a9ab4d3c98bb,0,0,0,2012-01-06 13:58:55,3742,18,0.9687,3760,2,2,1,15,7,67332.3281,939,434.3068,9566
1500,6af8a8a4ae4608dbcaa099764019342737b5724b,0,0,0,2012-01-06 14:40:57,34,1,0.9975,35,2,2,1,108,11,34395.5,934,436.0,9499
1478,cfdbdac7c2c42a9afb7d6d27f1c53bc44a21180f,0,0,0,2012-01-06 14:40:57,34,1,0.9975,35,2,2,1,108,11,34395.5,934,436.0,9499
1510,4f2b9b3e93927f92b20ffb51fda0645c4a634385,0,1,1,2012-01-06 14:40:57,34,1,0.9975,35,2,2,1,108,11,34395.5,934,436.0,9499
1509,61a8c4193707d74cc9c22d9c75e78655cea3eb99,0,0,0,2012-01-06 16:00:27,27,22,0.036,49,1,1,1,22,3,8638.8397,1092,313.214,8180
1511,bcba75653bff55d2de2a76700b68864313b127ae,0,0,0,2012-01-06 20:10:18,38,7,0.0084,45,1,19,6,15,3,14756.7692,1083,311.6952,8148
1496,00cdb059eb6067f2b5d20d8157435668803b3b79,0,0,0,2012-01-06 22:16:59,40,3297,0.628,3337,2,2,1,21,5,33340.57,1087,313.2804,8197
1507,72e296f057bc26f1f0a1b63a5e4a830060c67522,0,0,0,2012-01-07 09:22:11,110,131,4.5298,241,3,2,6,34,60,67893.4772,1418,387.7029,720
1512,f553e90f1316c5d4961461d6dad66b57a4277a1a,0,0,0,2012-01-07 09:26:02,142,3297,0.18,3439,60,2,6,1038,60,86377.0,1397,379.9793,780
1513,ca085412bfb7b3998e384200850736e7a53c7bd6,0,0,0,2012-01-07 19:51:54,41,22,0.0308,63,60,1,1,24,3,77026.4304,1089,306.8808,8177
1518,60f5b5a969deec4c0dc0d561a73d806b79fb5356,0,0,0,2012-01-07 20:35:37,3742,2,0.0069,3744,1,1,6,22,3,2483.3856,1081,311.5926,8098
1498,67be779d0d39c43d62999f0c756cdc828e0f2b14,0,0,0,2012-01-07 22:15:50,15,3297,4.5298,3312,60,19,6,16,3,5611.478,1074,312.5477,8155
1508,018de5ab17212020aaa3ac15610263098e16ec56,0,0,0,2012-01-08 14:24:38,49,20,4.5298,69,1,19,1,16,3,57678.9684,1087,312.5901,8041
1519,45ce4144fabfe200129039343fcc06304e8680e7,0,0,0,2012-01-08 15:11:24,15,13,0.0063,28,60,19,6,24,3,2933.9608,1082,311.6021,8139
1504,933bd4b8f5454c64444c4a7993f2965d8866a1a1,0,0,0,2012-01-09 16:18:14,90,9,1.2448,99,3,2,1,109,11,27817.0,934,436.0,9499
1525,b133f43aac386620164ed77ba439bfb4091e4954,0,0,0,2012-01-09 16:18:14,90,9,1.2448,99,3,2,1,109,11,27817.0,934,436.0,9499
1520,48ac334b99d0647632db261da99afab40a45d04e,0,1,1,2012-01-09 16:18:14,90,9,1.2448,99,3,2,1,109,11,27817.0,934,436.0,9499
1531,25a5e23d733b213a7884977d08d78ed03e77eaf3,0,1,0,2012-01-11 12:30:12,225,156,1.8965,381,6,2,1,157,12,61050.0578,953,428.2111,9707
1517,7f12ff825aed2b72a29fc56ddd2a12826b0a3c40,0,1,0,2012-01-11 12:30:12,333,106,1.6263,439,5,2,1,148,12,53675.5251,956,444.7255,9384
1514,17ac1b65fcca7675b9719004ed1480f1512b5abc,0,1,0,2012-01-11 13:13:42,34,1,1.1459,35,3,2,1,133,13,2610.0,934,436.0,9499
1529,a8da687a7db9e3cbc8fd2883c84776afd9a43876,0,0,0,2012-01-11 13:13:42,34,1,1.1459,35,3,2,1,133,13,2610.0,934,436.0,9499
1524,c845df3ff3539c950195168a6014546863a65428,0,1,0,2012-01-11 13:13:42,34,1,1.1459,35,3,2,1,133,13,2610.0,934,436.0,9499
1527,fa8cc38b7189e8aab37601e0f3421c639c42bb7b,0,1,0,2012-01-11 20:34:43,169,1,0.7443,170,2,2,1,13,4,47403.2102,926,432.936,9533
1530,46576df543477b1fdedabe677c7f45e70c2175f2,0,1,0,2012-01-13 12:41:06,131,41,1.8767,172,5,3,1,4,8,64676.8465,924,431.9542,9353
1532,4ca0f3e5706fc90e71e4baff489fb4687a8124a5,0,0,0,2012-01-13 13:55:33,10,0,0.8813,10,2,2,1,121,11,44436.0,934,436.0,9499
1485,6944d044f293cd0c8b1a4c4b735cac33a9a54dfd,0,1,0,2012-01-13 13:55:33,10,0,0.8813,10,2,2,1,121,11,44436.0,934,436.0,9499
1522,a1e0fbd31b51fe04984349f2c3600aecc4ad5478,0,0,0,2012-01-13 13:55:33,10,0,0.8813,10,2,2,1,121,11,44436.0,934,436.0,9499
1521,b3fb7a1be73ed4f9903ed5d9dffb0a3dc172709e,0,0,0,2012-01-13 15:30:35,16,3297,0.0178,3313,60,1,6,116,11,6190.9985,939,438.4115,9443
1528,1334abcf159d9549086c0d35e1d484d7198eef89,0,0,0,2012-01-13 15:30:35,3742,3297,0.0223,7039,1,19,1,118,11,6093.6626,926,438.9738,9534
1534,6f272ec8b04f9d95fa3c274317cda452579e03e3,0,0,0,2012-01-14 03:50:08,32,33,0.0266,65,60,19,6,1038,3,55725.3169,0,399.6453,6048
1506,6673608a3da2d6da01596b5c71f26d45a47c15de,0,1,0,2012-01-16 09:35:49,182,60,1.966,242,4,4,1,379,25,43881.4141,899,426.069,9170
1537,50ea21c2a13e20eac0908f4262828b3ab8eff21f,0,1,0,2012-01-16 10:50:31,116,67,0.8551,183,2,2,6,136,11,34649.1048,938,438.1025,9563
1535,667771f97f26183fd6725b43a141be6f49857c7b,0,1,0,2012-01-16 14:56:53,246,90,2.0822,336,9,6,6,146,16,22994.7733,981,448.9928,9261
1547,09cb852b6fe1df8982d1f9c75c04d2f15f3570d2,0,1,0,2012-01-16 16:14:08,34,3297,0.3633,3331,2,2,6,21,6,13877.1609,941,433.5997,9567
1539,235e7ef98424b0c08d1799c2a6502a81114ffbe0,0,0,0,2012-01-16 17:51:12,46,3297,0.9664,3343,2,2,6,11,2,39375.1185,929,434.8345,9445
1544,acc7c7ca221e5eb7152ccfbf6e343296a6df5d22,0,0,0,2012-01-16 21:04:21,38,19,1.0042,57,2,2,1,17,5,24249.8068,942,439.3915,9418
1551,11ff9ff092ce2bf28781db7c18c37f6a96a4e4b9,0,1,0,2012-01-16 22:56:23,85,61,1.2654,146,3,2,1,41,10,32905.6951,0,399.9932,6198
1549,a8ba177f4309b92730f446db3b31a7e9f9cf97d5,0,0,0,2012-01-17 12:18:29,3742,3297,0.0422,7039,1,1,6,29,2,76726.9093,1072,314.8571,8003
1554,1be94f4993edca8b35f5e3fcbccce2388bfd6937,0,0,0,2012-01-17 20:03:11,9,3297,0.0096,3306,60,1,1,23,3,28105.3437,1077,309.703,8135
1556,7a29ee608b6a51d280b3d46f67ea9e23f98d2b05,0,0,0,2012-01-17 21:41:45,18,3297,4.5298,3315,1,19,6,29,3,6289.2229,1083,309.0386,8162
1550,da3e46ae5ff17bb9512fcb6560f47321051d7a89,0,0,0,2012-01-18 10:07:10,3742,18,4.5298,3760,60,19,6,121,11,68342.2963,945,431.9473,9399
1542,bbf7370fcdbc2fd6ca5ff8e571b9ce36e6585366,0,0,0,2012-01-18 10:07:10,3742,25,4.5298,3767,1,1,6,120,11,68441.8206,944,431.9493,9451
1555,ec2c7cc9f8e5531b992bfdc4725e19d5122e4df6,0,0,0,2012-01-18 10:07:10,3742,32,0.0385,3774,60,19,1,136,11,69544.5243,927,439.6301,9561
1559,d4dc5313220cb3a9e4a01d3b6c47d8de9bf62232,0,0,0,2012-01-18 10:13:26,11,4,4.5298,15,1,19,1,29,3,44976.0385,1082,309.9108,8133
1545,c0bde71c9f38963093b017df23b3ed902ba41a36,0,1,0,2012-01-18 12:30:39,121,19,1.4244,140,4,4,6,23,5,65940.4605,945,431.7453,9553
1558,d92f55190c25e7d63f04a35efa2847392c5f28e7,0,1,0,2012-01-18 13:10:07,44,8,0.8563,52,2,2,6,8,4,39189.2009,938,434.3881,9534
1563,ff7a079da37247fb54cfd84172f675dc0b406020,0,1,0,2012-01-18 13:32:12,57,13,1.008,70,2,2,1,31,3,5703.5934,1083,308.7367,8073
1546,2872b91f99971425f62de385423fe5b618bf9460,0,0,0,2012-01-18 15:04:44,14,11,0.0115,25,60,1,6,33,3,5327.9769,1083,309.5878,8167
1560,26c00bad97cae4ae7f6c44f0d2f7ef7c08210a1e,0,0,0,2012-01-18 15:29:03,65,3297,0.84,3362,2,2,6,5,4,9765.0785,940,433.4576,9548
1561,3411450779e2d5ccbff7e5801663c8a140448c28,0,0,0,2012-01-18 16:46:15,16,1,0.9887,17,2,2,1,133,11,13268.0,934,436.0,9499
1565,72c02581e1774e765062d19ff70430e26f9a3918,0,1,0,2012-01-18 16:46:15,16,1,0.9887,17,2,2,1,133,11,13268.0,934,436.0,9499
1541,862b84b64bf97903c438912db7464c39e7fb79e4,0,0,0,2012-01-18 16:46:15,16,1,0.9887,17,2,2,1,133,11,13268.0,934,436.0,9499
1573,543859907ef1d94459c72fbb86e8c1c3612d7ea7,0,0,0,2012-01-18 17:27:54,36,5,0.888,41,2,2,1,137,11,7620.0,934,436.0,9499
1568,7f64be374bed96039105f20907b7b5d007dc4146,0,0,0,2012-01-18 17:27:54,36,5,0.888,41,2,2,1,137,11,7620.0,934,436.0,9499
1557,e53116ed0ebe0721e30207e83a50e7e0fbde2c58,0,1,0,2012-01-18 17:27:54,36,5,0.888,41,2,2,1,137,11,7620.0,934,436.0,9499
1569,5078bf2826375cb8e947f0c8fc1843a9182f8f52,0,0,0,2012-01-18 17:42:35,16,2,0.0,18,1,1,1,137,11,881.0,934,436.0,9499
1543,0d3ff9836a9a7ef0da799e3941a045f6ece20d5a,0,1,0,2012-01-18 17:42:35,16,2,0.0,18,1,1,1,137,11,881.0,934,436.0,9499
1574,892c38512456f158409e4dd1da441d510ab3e498,0,0,0,2012-01-18 17:42:35,16,2,0.0,18,1,1,1,137,11,881.0,934,436.0,9499
1571,4559107396fcd34adb15d08fa6093e02bca5ece4,0,1,0,2012-01-18 19:55:03,36,19,0.6618,55,3,3,6,152,13,12278.0431,928,438.5668,9566
1536,6d7abfc0176993ff10b2932dd88b9cbb407ea50e,0,1,0,2012-01-18 19:55:03,38,21,0.6994,59,3,3,1,161,13,13193.3033,928,434.4137,9541
1581,a223469d2266654b23b9cd648107b7c35fa47a0f,0,0,0,2012-01-18 20:25:16,22,3297,0.1343,3319,2,2,6,141,11,2149.7992,941,432.7257,9409
1567,14b42bf53a48e04966bdfb3843c6ea5d5a2272a4,0,0,0,2012-01-18 20:25:16,64,20,0.191,84,2,2,6,150,11,2343.1721,928,433.2933,9589
1575,ca22192aa9845cd416a972a6c40380ca8b480ccb,0,0,0,2012-01-18 20:25:16,30,3297,0.1327,3327,2,2,6,151,11,2302.6443,928,439.3933,9429
1564,a21135b7fddd2b362b0cc6f7b457ac018c6a648e,0,1,0,2012-01-18 21:31:51,24,9,0.386,33,2,2,6,16,4,28274.2909,938,434.379,9478
1577,e0f357a7d2bb46c4bd109451964e0555e0e328d1,0,1,0,2012-01-19 00:00:02,17,13,0.2371,30,2,2,1,35,11,9829.1907,2,506.65,56
1553,f840836a4086bb16d6d67cfcd2ab425aa6654fd6,0,0,0,2012-01-19 10:14:04,30,19,4.5298,49,1,19,6,14,9,65370.8581,1455,0.7975,12545
1570,c9f096654d00c9ef1b4f01dc78bb3b8523c54747,0,0,0,2012-01-19 10:14:04,31,22,4.5298,53,60,19,6,12,9,65925.0868,1455,506.65,12545
1579,d6eeb1be5a56becc6d33e0f385d9ed3ff2f16701,0,0,0,2012-01-19 10:14:04,3742,17,0.0183,3759,60,19,1,5,9,65135.5901,1455,0.1393,79
1584,a1d559c31e05a7cea0896b3d6482b9bfb8c3caca,0,0,0,2012-01-19 10:24:12,39,14,1.4821,53,4,2,6,43,12,34936.227,0,395.7581,6113
1552,f37a383ff8014a0f5a765f4c351ce2a72a05a55f,0,1,1,2012-01-21 06:56:30,55,67,0.965,122,2,2,1,28,11,3018.2219,0,398.7466,6069
1587,cb20cdd86f9cd87f9b077d233e841fab7a78578a,0,0,0,2012-01-23 13:37:47,189,19,0.9779,208,2,2,1,146,11,57309.0,934,436.0,9499
1590,c0124fec9c11e90c7fb939657e864d35f24b9743,0,0,0,2012-01-23 13:37:47,189,19,0.9779,208,2,2,1,146,11,57309.0,934,436.0,9499
1580,f40d674341fec6a77c4587acb4db9fedf7ae2db8,0,1,1,2012-01-23 13:37:47,189,19,0.9779,208,2,2,1,146,11,57309.0,934,436.0,9499
1576,d8e99c987105d7370d3675b97bb83edbb32b7281,0,1,0,2012-01-24 09:32:23,81,57,1.0695,138,4,4,1,172,13,69450.9946,952,442.6057,9631
1582,c77e4c8e3477bb26b7e4c9481b40167438debf6e,0,1,0,2012-01-24 10:34:58,87,33,0.9596,120,2,2,1,154,11,27316.7995,937,437.4812,9542
1594,65bebd9b4e3c2bd0dae4b565f725031957e18357,0,1,0,2012-01-25 09:34:20,188,3297,1.0613,3485,4,4,6,154,11,39557.7946,913,431.0716,9644
1599,6c2412f6c6a3c66aa32951c297ef19c6c0d87374,0,1,0,2012-01-25 09:40:03,23,1,0.9656,24,2,2,1,155,11,24015.0,934,436.0,9499
1589,e421c3c001f3147a29e398ae67152107dcb7b4b0,0,0,0,2012-01-25 09:40:03,23,1,0.9656,24,2,2,1,155,11,24015.0,934,436.0,9499
1592,7fcf681cefb74dfef353e9392c752d28fcd10ef1,0,0,0,2012-01-25 09:40:03,23,1,0.9656,24,2,2,1,155,11,24015.0,934,436.0,9499
1583,d4af2ef8aab7b8cc3d235204d8cbb508c0bf63e3,0,0,1,2012-01-25 10:32:46,141,21,0.3067,162,2,2,6,48,9,21847.3626,920,432.7157,9609
1600,4ddfd99fb81f09efd70b8c9922f5aa723c0a3fd3,0,0,0,2012-01-26 13:39:49,26,1,0.0,27,1,1,1,45,9,86220.0,934,436.0,9499
1572,e1358aa2459e1c3eacbcae46563423d7e6ae7527,0,0,0,2012-01-26 13:39:49,26,1,0.0,27,1,1,1,45,9,86220.0,934,436.0,9499
1591,4f1667258b6ecf455eaf9248301ba346d7543e9e,0,1,0,2012-01-26 13:39:49,26,1,0.0,27,1,1,1,45,9,86220.0,934,436.0,9499
1598,9b56a86e0b968733ab4617f3f2d909950d1ab7a9,0,1,0,2012-01-26 14:49:58,413,219,2.3824,632,7,3,1,24,1,48720.1397,899,443.4185,9209
1585,c48dfb8996c788db5dc259ce578aecd5de59e777,0,1,0,2012-01-26 15:24:56,3742,52,1.9003,3794,6,5,6,82,15,38663.9669,971,446.3325,9763
1597,528ccceb943e20a515808933ff44fab5821a2497,0,0,0,2012-01-26 16:44:10,3742,51,0.0653,3793,2,19,1,142,12,24230.8263,915,443.5388,9394
1586,d2e07a35608324b155c91853a8cc20b9a1f0ca40,0,0,0,2012-01-26 16:44:10,3742,3297,0.0443,7039,60,1,1,139,12,26213.5973,956,442.0658,9349
1606,1f81d386299b723e536a57d48b4b2fdd0788fb13,0,0,0,2012-01-26 16:44:10,42,3297,4.5298,3339,60,1,6,164,10,24107.7763,952,443.4939,9687
1605,94a47d2251fb51f38fb4944f47280eb2c5ffd3f7,0,0,0,2012-01-26 16:44:29,31,3297,0.6122,3328,2,2,6,6,4,34570.1845,937,436.9417,9534
1607,9c9287e6f83737b207cee65ad2783a72a4fc0385,0,1,0,2012-01-26 19:43:57,93,35,1.7353,128,6,4,1,21,6,44289.6365,914,430.5047,9701
1602,634cde3c6b697ac34ee99ac77248d2037de04994,0,1,0,2012-01-27 10:00:28,79,3297,1.6188,3376,5,2,1,290,22,60432.4126,902,425.4449,9832
1548,e26332aa6367ef5c32a8932eee7654630cda5db8,0,0,0,2012-01-27 11:40:40,3742,3297,0.3849,7039,3,2,1,18,4,59478.403,951,441.5357,760
1566,32bbf68935ece970685c60daea627cd219f3349b,0,0,0,2012-01-27 11:40:40,3742,3297,0.252,7039,3,2,1,15,4,62157.2896,912,431.3968,520
1578,853a0a088635e61e049171b44bed7ee382f10d6b,0,0,0,2012-01-27 11:40:40,3742,43,0.381,3785,1,2,6,1038,2,58945.5093,918,428.9216,834
1612,65649e805662de2f49a9673742071d36edf80472,0,0,0,2012-01-28 06:52:12,3742,92,4.5298,3834,60,1,6,18,4,13912.474,1425,410.2214,834
1456,97f999ca081db1adf6994fc4f872216a09f0f878,0,0,0,2012-01-30 14:15:57,3742,3297,0.8365,7039,2,2,6,8,1,28724.0086,11,506.65,114
1596,ecdcc4af929a7fbfe96c547a5b72f42b78ec31b6,0,0,0,2012-01-30 21:26:26,21,3297,0.0286,3318,60,1,6,1038,3,31231.4861,16,8.1861,109
1603,64d6a2927d9e579532033805db1767e9ea5f0ee9,0,0,0,2012-01-30 21:26:26,37,3297,0.0348,3334,1,1,6,1038,3,31340.0204,1455,0.327,12545
1610,074d2d40e2aaef9ed293a0e56e815528216eb6f8,0,0,0,2012-01-30 21:26:26,36,3297,0.0396,3333,2,1,6,1038,3,30017.228,15,0.1007,12545
1616,dffbb8198bb81665f8b9146b727e1e2c1ee625d4,0,1,0,2012-01-31 09:54:39,543,64,0.6479,607,2,3,1,611,50,42103.0743,956,441.5019,9288
1611,6ee1d818507467fc4f713c3cc95048f02ad86ed0,0,0,0,2012-01-31 13:37:26,265,107,4.5298,372,2,2,6,1038,60,82410.2615,0,382.5491,151
1613,1f854be49dc326d0dc062e587ffaacebe497be71,0,0,1,2012-01-31 16:53:09,49,15,0.2098,64,2,2,1,22,4,67397.8907,939,437.751,9440
1625,09bb00443d0a8e9eb30387aae997b1829c248ba0,0,1,0,2012-01-31 21:28:39,173,211,0.6774,384,3,3,1,655,49,49329.3349,947,442.7726,9591
1614,db1733a7ed270c8193727c0764005856bfcf7919,0,0,0,2012-02-01 03:47:25,198,42,0.8025,240,3,2,1,662,50,59211.7658,1426,389.5164,6273
1621,e903c81a9a06138e1b991ec886239e41c33e950a,0,0,1,2012-02-01 11:51:00,41,3297,4.5298,3338,60,19,1,176,22,63506.7624,1057,316.0748,8008
1609,e30ce8ced6049f69e9cc57a184bb33ce2d492a07,0,0,0,2012-02-01 13:48:22,23,32,0.0196,55,60,19,6,1038,2,58401.93,944,434.1958,9567
1608,b1bb2abfde414950238ff4d895bf5e182793500a,0,1,0,2012-02-01 16:50:57,60,3297,4.5298,3357,2,19,6,263,22,25464.1177,1102,316.1565,8014
1593,ac69628fe11b261e5e3e99cd9c7c50310df5e4e0,0,1,0,2012-02-01 17:57:57,87,3297,0.0143,3384,60,1,1,22,5,2200.5604,938,437.7368,9543
1619,0c936e47a184646fbff776f4828c6ca9df7f2e43,0,0,1,2012-02-02 09:21:59,3742,23,0.0242,3765,60,1,1,9,1,24902.0974,0,400.4812,6216
1627,4e7d7d91eb8a6abbedd3fb6ba0ae45b00feb92e7,0,1,0,2012-02-02 12:29:10,197,396,0.8175,593,3,3,2,147,26,64539.5202,954,427.3806,9302
1629,656d909a6f03ee33562aaf631bdaa670db68028b,0,1,0,2012-02-02 17:31:55,3742,3297,4.5298,7039,1,19,6,15,5,7872.7674,938,434.7602,9475
1615,8eff47473fed4fbffe16f6ff5a34dcabcae5cf8a,0,0,0,2012-02-02 20:18:03,3742,15,0.2826,3757,2,2,1,13,10,51340.2848,927,432.2753,9588
1628,5f5973e38a094f7307621e847d7aa1182934a1af,0,1,0,2012-02-02 22:18:22,67,20,0.8422,87,2,2,6,162,11,51457.5779,924,438.7681,9588
1626,188441e28acd4d2801f209994363e6eef59a7a32,0,1,0,2012-02-03 14:07:40,0,3297,4.5298,3297,1,19,6,7,4,28538.5037,1081,311.0143,8110
1604,f6ffa90f3530da8c6022d53c33ee8a4ec9639ab5,0,0,0,2012-02-03 15:19:32,6,11,4.5298,17,60,19,1,33,3,696.9497,1078,309.3733,8149
1623,e35557e5d4e9488ecc48055e06f71206a09f2f81,0,1,0,2012-02-03 16:05:47,113,3297,1.5487,3410,3,3,6,14,5,32951.1126,944,432.483,9437
1634,245ac8d0673b91a4d3d367d9177784cef0b0660e,0,1,0,2012-02-03 16:59:59,3742,17,1.2246,3759,3,2,6,173,12,25076.3059,942,434.1827,9545
1617,f1f4e5c33804126f1f594c5eed6a77c1cb9e2f17,0,1,0,2012-02-03 17:55:32,207,3297,1.997,3504,3,3,6,21,8,6031.956,908,425.631,9759
1631,fccda1f6bbe529561fa075815b2d13d39a445c44,0,0,0,2012-02-03 19:15:36,3742,3297,1.1485,7039,4,2,1,404,24,29630.4244,948,440.9392,9678
1637,01d061a860c3df518b155df7550806e34380ff3a,0,0,0,2012-02-04 02:41:41,3742,42,0.0232,3784,2,1,1,32,4,59550.1795,0,393.8005,6235
1618,4f25eca83b3f5d4470d8c3572b7e3d3deea3a79f,0,0,0,2012-02-04 06:19:55,243,92,4.5298,335,60,1,1,1038,60,61778.9098,0,411.043,66
1635,8610319254f47a5e85078446d9bdb49e574dc75c,0,0,0,2012-02-05 21:00:54,88,52,0.8734,140,3,2,6,656,48,60793.1246,1440,405.3344,6033
1641,67d86396115f7ad0897a2b8cc1fc1c663362f66e,0,0,0,2012-02-05 21:26:21,3742,3297,0.0545,7039,60,1,1,616,50,3128.8517,1441,389.5613,6000
1638,dda7e0a0f5de7fdd676a83d482dbdd5ae4f82f7f,0,1,1,2012-02-06 10:57:13,86,3297,0.9802,3383,2,2,6,1038,4,6048.581,941,437.7374,9558
1632,cf575a19faa83a0ccd3145e32690011b8551212b,0,0,0,2012-02-06 13:12:09,3742,3297,0.7931,7039,1,2,1,1038,5,72024.3712,263,81.1422,742
1646,9e07a3edeae39b2b45dec63e754a63fa628f1145,0,0,0,2012-02-06 16:17:21,3742,3297,0.8229,7039,60,1,1,577,47,7753.2212,86,506.65,770
1643,3fa4ed5cb5ee5cebd4625552df34431a35234d81,0,0,0,2012-02-06 17:49:00,9,3297,0.671,3306,1,2,1,197,20,44056.4085,919,439.2526,9385
1640,1932a60ee5b3ad4fa710b5ce284588bc79d3dc48,0,0,0,2012-02-06 21:13:07,3742,155,0.2131,3897,60,19,1,687,47,17481.2213,332,57.0766,197
1650,319631db05fd511c4bd37afbd3c4b6a5cbb834b0,0,0,0,2012-02-06 22:34:25,3742,48,0.8281,3790,1,2,6,665,49,53096.6159,1436,400.8008,6054
1639,3920c30f3a8a1f6d452d37fa7b843d3511dbe201,0,0,0,2012-02-07 07:28:06,43,35,0.2867,78,1,2,6,200,21,49578.2585,925,432.9513,9604
1645,f415b37e379be8fa79536d9dc818c905759354e1,0,0,0,2012-02-07 10:10:12,3742,30,0.5626,3772,2,2,6,183,11,65108.267,942,433.4406,9606
1653,f0213c0dea6be606da51354e45396d58aac73e74,0,0,1,2012-02-07 12:31:11,3742,50,0.8873,3792,2,2,1,2,8,79549.1568,1063,317.3538,7953
1620,63fe98c8f152a4926af829615cc31cc46223b046,0,0,0,2012-02-07 13:21:56,90,95,1.0679,185,60,2,6,1038,5,31130.2345,1102,325.712,12545
1648,b0bf92dd8bbb3d6337aac407d5626e236f467683,0,0,0,2012-02-07 13:22:17,23,15,0.0143,38,1,19,1,164,11,11952.885,929,437.1651,9542
1655,5b952357002c8226912351352bf2a836b899acba,0,0,0,2012-02-07 13:22:17,3742,3297,0.0162,7039,60,1,1,158,11,11869.0045,928,434.4555,9453
1644,fe2f610da22f88727e41c199ea5b3cd1220316fd,0,0,0,2012-02-07 13:27:06,3742,3297,0.0091,7039,60,1,6,165,11,441.2147,937,436.6435,9518
1636,e77b1d60ab2a4ed807b0eea36282f38037c104c4,0,0,0,2012-02-07 13:27:06,9,3297,0.0087,3306,1,1,6,161,11,81.1442,938,436.7138,9527
1654,92c5b3ab698800f310a2c3b2cf14a55bdd6e04ca,0,0,0,2012-02-07 13:51:48,143,25,0.3973,168,2,19,1,15,1,29207.0396,943,439.9199,9439
1658,5e5252f0dca9449cc936fafb5bdd1561ebefdbf3,0,0,0,2012-02-07 14:57:02,47,3297,0.023,3344,1,19,1,4,4,76145.0869,921,440.0831,9623
1664,400ec55c8377b517acb4d9873d8004d8cfdb7a04,0,1,0,2012-02-07 17:34:15,161,18,1.3216,179,3,2,6,1038,3,53226.0642,926,433.3903,9456
1652,8a603158723e33df951646b518df6db6e3fb8cfc,0,0,0,2012-02-07 18:41:17,3742,21,0.0275,3763,60,19,1,35,3,11566.5646,1076,312.3299,8198
1660,eb9b080f9d1af19b018436054a8ea5ff2d503872,0,0,0,2012-02-07 19:37:04,115,6,0.0177,121,60,1,1,34,3,3076.0587,1083,312.3658,8077
1656,6db1b5ad172792b0913defc69d5611aa02d02ed8,0,0,0,2012-02-08 07:19:52,33,21,0.0244,54,1,1,6,58,9,56537.9782,941,439.7508,9428
1662,3a7f6bf791f408296bf173a0deee7c3a1e0be92a,0,0,0,2012-02-08 07:19:52,36,3297,0.036,3333,60,1,6,40,9,58090.8441,926,439.3299,9558
1665,16825ba44ccb4e7f26160780dece169bd2b45f16,0,0,0,2012-02-08 07:19:52,22,3297,4.5298,3319,60,19,6,41,9,58035.2168,941,440.4068,9564
1666,318b90efc7589fb24d4456650a8b7e2f5eb0d32c,0,1,0,2012-02-08 07:20:30,280,15,1.1066,295,3,2,1,10,4,52494.793,929,438.3561,9424
1642,83148d6fef697e242a1a4990651c60d7f55b39aa,0,1,0,2012-02-08 10:06:13,11,3297,4.5298,3308,1,19,1,21,4,43589.5196,938,434.977,9515
1661,6dce89ea4fda87048332bcd479c1127b972baab0,0,1,0,2012-02-08 13:18:11,95,70,0.6078,165,2,2,1,9,2,20879.6,943,437.7098,9567
1670,0723a0257daeb1750f1866d3dd6a7fb1cb64785c,0,0,0,2012-02-08 13:40:56,112,3297,0.4004,3409,2,2,6,179,11,25745.4514,949,430.5227,9342
1671,cdcb8feaf9daf8eaae29d804a72bdda4065b038e,0,0,0,2012-02-08 13:40:56,103,37,0.2968,140,2,2,1,156,11,26206.2262,916,442.5649,9595
1668,5e807cf20b30de4df0b83cefcf935cc2212e2514,0,1,0,2012-02-08 18:50:52,33,3297,0.015,3330,1,1,1,281,21,21325.3005,927,438.3243,9447
1672,2d4f5cd282fb1beb907fa486eaf8b783d66fc71c,0,1,0,2012-02-09 15:28:41,77,46,0.9657,123,2,1,1,42,5,10177.1519,1074,312.9015,8038
1657,a175626b8aabac6f4f8cd885fe99195b5d31a5c2,0,0,0,2012-02-10 16:49:34,65,8,0.4929,73,2,2,1,55,10,53487.0,934,436.0,9499
1669,7bebe355a9fc32bea05c05f5906e795abb175049,0,1,1,2012-02-10 16:49:34,65,8,0.4929,73,2,2,1,55,10,53487.0,934,436.0,9499
1674,3e05f0f2d622920993986b60cfb6a1bb7198394d,0,1,1,2012-02-12 09:24:01,71,19,1.0401,90,3,2,6,14,2,74047.2647,1451,398.5906,6232
1630,e31c763a3b7c221d2e716d0fe15e48528c54bcec,0,0,0,2012-02-12 09:24:40,9,87,0.8439,96,3,2,6,1038,1,41961.2496,0,392.1746,6256
1673,ce58e5d9904643b1a09a28165bb13bd085d81cfb,0,1,1,2012-02-13 07:54:53,3742,20,0.0193,3762,1,19,6,38,9,22620.4945,0,394.1927,6092
1677,7d045c229e5d84e3aea9a2d60e4fa4fde50906b4,0,0,0,2012-02-13 10:45:42,3742,18,0.0207,3760,60,19,1,49,17,79175.6139,1447,398.8197,6101
1682,4c5c29d76e0d16a144e42b21bec3eec2fff38caa,0,0,0,2012-02-13 11:27:28,56,32,4.5298,88,2,1,1,42,18,1740.6101,1438,390.2527,6332
1675,84f034bf972298e4e90ecfa283f255c6fed6235a,0,0,1,2012-02-14 10:23:10,46,3297,1.6361,3343,2,2,6,49,17,25673.5159,948,440.3372,9373
1680,537dda1f761e49996054c7489985d0c0f17db91a,0,0,0,2012-02-14 12:15:17,39,3297,0.0395,3336,60,19,1,1038,4,84937.7306,1090,306.4749,8214
1690,fea88aec7562c6dcdcc418e359facaf5b5dfc0cd,0,1,1,2012-02-14 13:49:23,3742,170,3.8359,3912,18,9,2,197,27,50665.0665,1025,340.9633,8616
1684,732cfddd4216a2bbf1e1b73e1c4e50195eff2ced,0,0,0,2012-02-14 16:25:17,246,18,1.4979,264,3,3,6,8,60,62138.5622,17,9.3687,47
1676,892733f19edc72ada3abb66ec52436dcb3ca61d2,0,0,0,2012-02-14 18:24:54,85,3297,4.5298,3382,60,19,1,179,20,38107.8954,913,430.0125,9312
1683,40ad6622f878c7aaa5f666f7db9eeb685b6ca8ab,0,0,0,2012-02-15 10:42:48,3742,3297,0.0214,7039,60,1,6,14,5,72094.1083,1446,399.5578,6234
1689,677fa85400347b5d12b5bf6e38cad28ead168c24,0,1,0,2012-02-15 14:10:44,79,27,0.988,106,2,2,1,7,5,12095.3142,939,437.3661,9440
1678,5477683f0b85cf29a706902ac6426f14cfbc5cd1,0,1,0,2012-02-16 20:41:49,345,87,1.073,432,4,4,1,1038,7,58065.1111,48,12.413,12545
1687,7458cab47f46ee528c55d9542466f478d768a3a3,0,1,0,2012-02-17 14:53:51,123,28,0.5266,151,3,2,1,23,5,42609.4679,942,439.5717,9426
1688,d8aba22987983db7d631cafb32b7daf98d5210f5,0,1,0,2012-02-19 07:20:35,106,64,1.512,170,5,4,1,6,7,40676.2409,0,399.4862,6207
1697,ef86419bd5916248a082d959b12e749f71f63efc,0,1,0,2012-02-19 10:58:02,77,48,0.3889,125,2,2,1,5,6,40141.6713,0,395.3464,6216
1681,1efa5d7566cb81e15d30036630d360dbe9715f21,0,0,0,2012-02-20 21:17:22,71,3297,1.0156,3368,2,2,1,2,4,62078.1214,1450,399.0869,6242
1685,38b1c94ed0ce70d01dfbfb5376d2ee8bc6562210,0,1,0,2012-02-21 09:09:18,105,33,1.4432,138,2,3,1,29,10,75087.7248,44,1.8564,231
1696,5c7c02d32099fe8228f9820ab9178cbab5df2125,0,0,0,2012-02-21 13:02:50,3742,3297,0.0214,7039,1,1,1,8,5,69469.3091,925,432.4643,9396
1700,052ed0afc271acc1e4f77b05eac8b00bdbf45a04,0,1,0,2012-02-21 22:54:19,115,3297,0.8104,3412,2,2,1,13,6,74982.7593,36,5.5976,138
1695,954e5175a7b3c4749bf0063a98612db2ae0ca2d2,0,1,1,2012-02-22 06:51:57,278,224,1.6298,502,8,4,1,144,24,33997.6522,1429,391.1344,6355
1701,6ad91cdbb8b16a964e22dae7d98ba4bc0507f55d,0,0,0,2012-02-22 12:14:25,28,0,0.9815,28,2,2,6,27,11,11304.6004,0,399.1835,6214
1679,b3169cabac09d34a53be4974093c3a84c7d0f04c,0,0,0,2012-02-22 18:09:18,3742,3297,4.5298,7039,1,19,6,9,3,14184.6895,924,438.0233,9588
1694,2199693f7ef87e4de724e3cecd9f214f28331514,0,1,0,2012-02-23 11:38:52,3742,33,0.7582,3775,2,2,1,282,22,70464.2057,948,439.2143,9556
1702,feaf687f3d2f3b4804405db1f36efeefdb453d68,0,0,0,2012-02-23 15:03:04,3742,22,0.3769,3764,2,2,6,186,10,37741.3445,920,432.5267,9352
1703,63d22d8d08016a3cd0c0b8ac8b31f3319a36d9c1,0,0,0,2012-02-23 17:16:20,13,31,0.0571,44,2,1,6,18,7,72813.7605,25,6.9138,12545
1691,8c8a1fda63dcc5a9255c1af4b1e01bc52a1254fb,0,0,0,2012-02-23 17:30:07,13,24,0.0064,37,60,1,6,10,7,672.1361,14,2.5774,7
1706,3d898f3f6b151bb4943a897e4a8d8dc04a3245ca,0,0,0,2012-02-24 08:05:10,3742,3297,0.897,7039,60,2,2,13,3,42884.8722,62,506.65,12545
1714,1b939002402524828c92dd13edc06748edbaff1d,0,0,0,2012-02-24 11:28:39,45,47,0.032,92,60,1,1,624,49,12011.2377,0,393.2602,5981
1699,84900d791bd0c29074af4bb0b2425ef1f4409cdb,0,0,0,2012-02-27 11:53:18,48,44,0.9124,92,60,19,1,206,12,70525.6115,1455,7.5372,237
1708,b28a767455ba5b21411c214bdb5c6e05889f3847,0,0,0,2012-02-27 17:00:47,13,3297,0.4405,3310,3,2,6,186,12,42498.2933,1455,506.65,12545
1710,0f40c66917bb68074cb79024d79936164eeb1abf,0,1,1,2012-02-27 17:52:50,46,25,0.011,71,1,19,6,11,7,76437.2803,280,78.7143,619
1698,8141f6098f930f4b8fa5f43d5982aeaa203207f0,0,0,0,2012-02-28 09:03:57,3742,3297,4.5298,7039,2,2,6,25,1,64101.1503,1071,316.1019,8025
1711,74e9603031a8f8eb16b9d281e4bbe58feee91819,0,1,0,2012-02-28 10:42:58,26,18,0.9341,44,2,2,6,166,11,63395.6177,938,434.5568,9552
1713,2a8abafe4ea66e7de95471b40256d2c32444b495,0,0,0,2012-02-28 10:56:12,26,21,1.3466,47,3,3,6,23,6,68637.285,925,438.1302,9426
1693,32e11505675a1785b1a3424690d457c27cef0313,0,0,0,2012-02-28 19:11:25,3742,85,0.413,3827,3,2,1,352,28,18002.7943,1052,320.5359,7947
1712,a466f24a95bcc179106520cfdea4fe9b2a71ec4d,0,1,0,2012-02-29 08:42:45,362,3297,2.5266,3659,7,7,6,159,11,56512.0352,879,419.6946,9032
1709,9be2126972971a81f4243207e7e54ad1248db49e,0,0,0,2012-03-02 23:11:53,3742,22,0.9989,3764,2,2,1,19,6,40558.5068,13,506.65,12545
1716,0c6533e1297fa2272eb91b247de9557d75db54a4,0,0,1,2012-03-05 12:19:32,3742,93,4.5298,3835,3,1,1,34,8,3425.8178,0,381.9782,811
1717,ab3a28e5f2698924057dc9f72f2324a8dd492c01,0,0,0,2012-03-05 12:19:32,41,3297,0.0428,3338,1,19,1,105,8,2148.5835,0,399.7166,6100
1715,d09be2dbc424260d0eab7a295dca2fb3b5fa0b98,0,0,0,2012-03-05 14:55:05,3742,9,0.008,3751,1,1,6,10,6,78370.2956,279,79.3391,560
1718,d457ee5eaaeda674fa0d4933efc8ef2161fcc736,0,1,0,2012-03-06 14:11:00,265,3297,1.3624,3562,6,4,1,195,14,56555.1354,946,441.4147,9661
1707,4e66413c75ef0099d2109c4e908d052bb11ab054,0,0,0,2012-03-06 15:27:32,36,32,0.4553,68,2,2,6,23,5,41926.7442,273,72.7062,506
1719,dbb833baf0ba3b6a17cd454f0fa544764adb6bb0,0,1,0,2012-03-06 17:13:57,101,3297,0.8364,3398,2,2,6,178,11,38808.4978,942,432.7362,9397
1721,cd91a0bd25f210d9be615b86325ab893f6d6e39b,0,0,0,2012-03-08 10:56:50,3742,3297,0.0105,7039,60,19,1,37,3,43190.8824,1076,309.4282,8087
1726,b41fd425f340a8694ebe34e15e80a452f8bd32b9,0,1,1,2012-03-14 12:16:41,337,219,1.3408,556,2,3,1,669,49,39544.8817,0,405.6882,5984
1729,8e1188880d90484493c828b3e98701e6b603b11f,0,1,0,2012-03-15 10:45:00,184,3297,2.0595,3481,8,4,4,615,46,72109.9824,1372,381.4085,6087
1727,525f3695525eb239b02837a6f318763b7b2b9526,0,0,0,2012-03-15 11:45:46,52,285,0.0617,337,60,1,6,164,10,1912.919,1444,401.6097,6300
1730,ed0ec44cbc1da1e27ee5b026889ff514189787bc,0,0,0,2012-03-15 11:51:14,177,39,0.0771,216,60,19,1,187,10,1520.6412,0,392.1291,6038
1734,c851ef8aaeb16a6af017aa8b677e34eba324093f,0,0,0,2012-03-15 15:23:48,3742,21,0.0173,3763,60,1,1,1038,3,81748.2334,930,438.182,9452
1725,e547a7c31904b0dc6af9e1a6f53c429c5007e37c,0,1,1,2012-03-20 11:45:48,396,241,1.7732,637,3,19,6,1038,4,63666.1633,917,429.1506,9663
1741,61e13d6e61be0f168727a79b0084463521493200,0,0,0,2012-03-29 07:56:01,3742,108,0.9886,3850,5,3,3,39,14,64486.4791,1053,302.4505,7789
1732,2533673dba45f0e43cd05a025ce561c7e8ff9c55,0,0,0,2012-03-29 08:09:36,10,3297,4.5298,3307,60,1,1,12,5,598.3132,1078,309.377,8144
1735,5d2cdfd86813217e5ca8d05f503e008fea059f66,0,0,0,2012-03-29 15:18:43,79,12,0.9337,91,2,2,6,7,6,71425.8971,941,437.7608,9446
1738,1d83059d68afdc9286acf299994f7f8e755f259b,0,0,0,2012-03-30 10:00:11,55,11,0.9125,66,4,3,6,1038,3,37140.4613,0,390.9411,598
1747,ed77845e1d44dd318630304bdf3f40d0e3acabe1,0,1,0,2012-03-30 10:53:27,187,3297,0.5003,3484,1,2,1,648,49,10616.6193,1442,400.9781,6000
1744,1f75d7ca0494936dda4ee1caa1499793a7fe17fc,0,0,0,2012-03-30 11:00:18,26,17,0.8523,43,3,2,1,72,19,63368.1723,1068,314.1133,8167
1736,b2b9566c0a75be47966a9b9d65722f1ba417ef16,0,1,0,2012-04-02 14:20:20,186,32,1.1554,218,3,3,6,93,20,44421.1438,919,440.4565,9680
1743,3e04c8e7b550cd533baccc280ce36e79c8243181,0,1,0,2012-04-02 16:08:20,151,22,1.2132,173,3,3,1,171,10,44259.4194,920,432.7345,9389
1749,979153f5ce8308c1ceebea8c81cd6db8eca54eda,0,0,0,2012-04-04 11:42:54,25,3297,4.5298,3322,1,1,6,20,4,75467.604,1447,399.0749,6076
1739,ae55f0cba690f5b9f0b39ca29f1fc3466e670ad1,0,1,0,2012-04-04 16:22:20,82,3297,0.9916,3379,2,2,1,175,11,32875.7305,941,439.2176,9541
1746,35848095a083b951524ae3708f3d9ace1424d93d,0,1,0,2012-04-05 12:19:32,3742,30,0.6351,3772,2,2,6,44,10,18155.7967,941,439.3664,9452
1751,bca2eb813f9d3ee834d1867017f090d69f9daae6,0,1,0,2012-04-05 12:58:15,3742,3297,0.8465,7039,2,2,1,17,7,5083.6696,942,434.212,9428
1737,7b4fd83bed300125e338609c159bbcabba387292,0,1,0,2012-04-05 14:54:18,7,2,4.5298,9,60,19,1,20,5,7114.4782,931,436.5414,9512
1750,5618e6d187a537ca9ca7294ba987ffc130b54722,0,0,0,2012-04-05 16:21:44,8,6,0.0103,14,60,19,6,21,5,5066.0626,937,434.9291,9524
1754,89f4ad8facf193f17cf990f3374ee4560023ab76,0,0,0,2012-04-06 01:00:08,15,14,4.5298,29,2,2,1,15,6,71060.6561,1445,393.37,6081
1758,8ebd3e5c32c54d45630f59511b992f768b714896,0,1,0,2012-04-06 10:04:52,110,3297,1.0014,3407,2,19,1,1038,3,52732.1757,926,433.3502,9403
1745,04a9bf940c37a3a5732a5facd6defa8354a7b347,0,1,0,2012-04-06 11:53:41,50,3297,1.0126,3347,2,2,1,53,10,37646.4874,940,438.8974,9439
1756,f7ce180a540830c962a7a84f9e781c77304f3f76,0,1,0,2012-04-06 12:37:30,69,3297,0.2733,3366,4,3,6,157,19,43723.1675,918,430.6025,9426
1760,e08c389d67809a421f4f33c27012c54294f98259,0,1,0,2012-04-06 15:20:20,191,3297,2.1286,3488,9,5,6,113,10,22738.7477,897,427.8051,9644
1757,0c2b64e2e508227c647b82ad866785d237066736,0,1,0,2012-04-06 16:12:18,25,22,0.5012,47,2,2,1,181,11,55938.9893,922,433.555,9567
1765,0a7d04a16c9c65862559c0e9c3fa42f17b842c34,0,0,0,2012-04-10 11:45:57,3742,3297,1.0015,7039,60,3,1,691,52,64630.0384,1455,506.65,496
1733,7f883f105e647f1aeaf9f0d8827fdc85aba721df,0,0,0,2012-04-10 23:41:21,3742,62,0.5052,3804,1,2,1,638,48,74069.7259,1435,390.7019,6270
1722,f44ce37699af574035089023cfb91b6a6419b895,0,0,0,2012-04-15 18:59:03,3742,3297,4.5298,7039,1,19,6,12,6,5212.3458,27,9.2064,187
1766,e165eae300fe72507a2627add8fb04965fddebda,0,0,0,2012-04-16 02:44:13,23,3297,4.5298,3320,2,19,6,655,48,55347.3866,0,400.8381,6037
1764,b5bc5ce221e3a0d33495da416a9f0629855f2e5c,0,0,0,2012-04-16 05:24:43,17,3297,0.01,3314,60,1,6,1038,3,79994.5478,40,9.8698,12545
1748,742bf88dbaf52c0b23af27c3dd78c7abdb799f4f,0,0,0,2012-04-16 06:29:48,75,18,0.8782,93,2,2,6,32,6,29437.0652,1448,399.0956,6087
1762,a8e8b240d4516b5822a3995800fe4aabf46874b8,0,0,0,2012-04-16 08:27:44,3742,53,0.556,3795,2,1,1,12,4,29997.3667,0,402.6603,6243
1768,5d4d65174ea2b8ce27899754eecdfb0592815c26,0,0,0,2012-04-16 10:22:06,15,16,0.0146,31,1,19,6,4,2,40915.6111,1450,398.7181,6200
1759,b87c763303b5f2c573764499d8c48838c62042d8,0,0,0,2012-04-18 13:38:01,61,14,0.9884,75,2,2,6,16,6,58508.1511,279,79.833,555
1767,500b8d4da0702498df263f6c389cc2da7da62c69,0,0,0,2012-04-20 07:13:34,29,25,4.5298,54,1,1,1,1038,5,63791.4468,289,74.2736,696
1771,b7e9cd648cd13d6f88803ed556b49ddc4e18d3da,0,0,0,2012-04-21 09:36:19,55,28,0.0235,83,1,19,1,19,4,52107.3619,1446,399.0009,6097
1772,39a5690abda6ed476e6d8a09cacd53124c4921ff,0,1,0,2012-04-24 00:39:22,539,129,0.7183,668,2,19,6,676,52,43203.9046,0,404.7072,6290
1773,69b7bce04afe137f49efa6a19a464dda087da23b,0,0,0,2012-04-24 02:03:15,3742,16,0.0267,3758,60,19,1,7,6,5279.0753,0,395.0985,6094
1774,7331e5d15d879f8f9b26510eac07256ab89d584c,0,1,1,2012-04-26 16:05:25,112,30,0.9777,142,2,2,6,196,11,50135.9867,947,433.6734,9610
1769,e007accae60aae2a421ce09597bb0e228457e6b9,0,1,0,2012-05-02 12:26:13,44,9,2.5885,53,8,2,6,24,7,41829.7817,0,393.6666,6093
1776,73c3eeb4ab66eafd43717000a6797ec5641c2923,0,0,0,2012-05-02 12:38:17,8,3297,0.0115,3305,1,19,6,8,3,963.0276,1452,395.3968,6189
1763,63ab975e1f3e80488f1ebeee097e75aec9d4e429,0,1,0,2012-05-04 11:04:54,1446,781,2.3218,2227,12,8,1,115,14,52413.8466,872,450.849,8835
1740,3a0abd4180df4181f4ff0d0d5929d908d6c7a840,0,1,1,2012-05-04 11:16:57,3742,3297,0.0072,7039,1,19,6,16,2,52979.5925,1083,309.8503,8139
1777,3cdc975151d774419c345894dd1032a3eaade7ab,0,0,1,2012-05-09 07:56:12,50,11,0.8735,61,2,2,6,188,11,60660.7286,940,434.8682,9543
1779,21197a20b3384adf320c1b0fadd573dd4e8c918f,0,0,0,2012-05-11 13:59:59,3742,3297,4.5298,7039,2,1,1,37,4,73043.9113,923,439.1673,9414
1782,db2f8c9e80754be97e1bb220ccb32ba68e17e448,0,0,0,2012-05-11 14:26:56,3742,16,4.5298,3758,1,1,6,11,5,11758.0025,939,438.1634,9437
1775,2791a111fb940141c0d4d185c0d45b925af7a2d7,0,1,0,2012-05-14 15:27:25,124,37,0.9609,161,4,2,6,54,10,52400.7208,920,431.7952,9626
1788,09634f8ba8cd463c749945bbdf318d0f72b8489e,0,1,0,2012-05-15 18:23:15,346,3297,2.6642,3643,17,11,6,1038,1,65511.7697,798,463.2973,10965
1786,9943dde06743dac0357906a4c6893376897afc0e,0,1,1,2012-05-16 12:37:32,75,51,1.292,126,4,2,6,218,13,57083.1966,943,441.4858,9431
1793,970a4e62dc24855230d3845eb814419bb8eabfca,0,1,0,2012-05-18 09:59:30,85,20,0.9966,105,3,3,1,178,11,54758.8105,946,433.0902,9574
1778,65204f19539c778512134c1c5a543ef23a8b24ac,0,0,0,2012-05-18 11:55:24,31,3297,0.0313,3328,1,19,6,1038,3,84117.6978,1449,393.8534,6089
1792,da7794471e53ee8f333338b3ebd3f3e76aa8909b,0,0,0,2012-05-18 11:57:09,45,3297,0.0391,3342,1,19,6,57,2,30339.213,0,400.3101,6090
1797,3f01bfbff8b26877da09edd8347cfb14790b6e71,0,0,0,2012-05-19 06:38:39,27,3297,0.9733,3324,2,2,1,43,9,40675.7565,1444,400.062,6092
1790,0d5be30dc80d371a5a2684b3fceb6819051b5b42,0,0,0,2012-05-21 12:49:59,52,3297,0.8106,3349,3,2,1,1038,4,69673.2557,951,442.3422,454
1787,473bec448ae28180d0149492eeb6d618f9059b37,0,0,0,2012-05-21 18:45:11,20,3297,4.5298,3317,60,1,1,5,2,27818.1364,938,435.1003,9468
1789,d8852452f3c39ef3d9efe72e66322d8f3799b669,0,0,0,2012-05-21 22:22:33,108,3297,0.6527,3405,3,1,2,1038,6,10315.8747,971,447.493,327
1794,acd74d31e5322f54ae20a90fb7dec3404cd43d29,0,0,0,2012-05-22 07:18:38,3742,3297,0.0247,7039,60,1,1,6,6,41830.2421,925,432.5448,697
1795,b3020f46aa346647e4b5e94455522aeefc3127a7,0,0,0,2012-05-24 10:27:02,82,3297,4.5298,3379,3,1,1,28,8,12262.322,968,444.2366,899
1784,06507f671ebdaf73854bc3389a87255bfc1d95ce,0,0,0,2012-05-24 10:27:54,27,33,4.5298,60,2,1,6,44,17,11785.0643,952,443.6751,9585
1796,fef9298b6e80d84791cf8ff8978d65ae81e370ef,0,0,0,2012-05-24 15:38:54,3742,44,1.0666,3786,13,19,1,21,60,65261.2688,258,85.3971,12545
1791,1471143a19591ea94aa6f726c15ffd3e684727a4,0,0,0,2012-05-24 19:33:52,3742,3297,0.0118,7039,60,19,1,1038,6,43806.1795,939,433.3835,709
1798,55c6243dd32e677f9351dd83e3b175c08823d91c,0,0,0,2012-05-24 19:49:17,3742,3297,1.0868,7039,60,1,6,15,6,13747.1709,961,444.6693,382
1800,8a4554b8812500733e6d3ec070d162fb91ab3990,0,0,0,2012-05-25 16:05:48,35,3297,4.5298,3332,60,19,1,1038,1,66136.9548,1093,314.9603,8025
1806,7802df0932957d57e558a5f4efdf47fec23d4797,0,1,0,2012-05-25 23:05:21,3742,3297,2.5303,7039,5,2,1,32,8,66331.633,1439,404.6569,6274
1802,4e7053bcc32605fee31e69910635235269962076,0,0,0,2012-05-26 00:49:06,70,3297,0.9398,3367,3,2,2,16,2,45656.8879,1435,404.6712,6378
1809,9eb497497224d6fd152ea3e227810f753cac3b9a,0,1,0,2012-05-26 04:54:31,3742,3297,3.0013,7039,11,3,3,47,5,43520.492,0,383.1255,6584
1801,3a382245e193adb86ca58385583250a804c12eb4,0,1,0,2012-05-28 13:09:43,3742,3297,1.4458,7039,3,4,2,106,23,14779.9747,1429,403.8756,6488
1811,54804dac8e25ffbdc11244c5c0ccf12bb4897c16,0,0,0,2012-05-29 20:04:08,87,3297,0.3477,3384,1,2,6,15,5,30187.8854,1069,314.5299,8045
1815,600c8683e9b1f2b8f952c22b0fa2f7b2be4c0695,0,0,0,2012-05-29 21:23:20,48,45,1.1349,93,3,3,6,297,22,13754.0526,1062,304.2136,8231
1808,8f2da5bec79f96e9399961b704218cdf5c1cb083,0,0,0,2012-05-30 15:26:20,15,29,0.7047,44,1,1,6,44,3,34346.1787,1094,306.8841,8028
1812,c88cabf510a8b24df3f7850dfc9aecf1afc9ea7f,0,1,0,2012-06-01 15:32:29,98,3297,0.9993,3395,2,19,1,10,0,63814.4091,1094,305.547,8202
1814,f56f0e86a14f44cdff75d9fed05f23cd71680ce0,0,0,0,2012-06-06 01:45:43,16,6,0.0077,22,60,1,6,27,4,66175.6068,1452,397.8322,6138
1818,6b572d153dae9380d7d2c9de0d302587cd3a3795,0,0,0,2012-06-08 23:40:23,3742,3297,0.0366,7039,3,2,1,94,16,66687.1179,1439,403.0613,6305
1799,d8a4a2494f803bc6c7ee912daef468579f8c4294,0,0,1,2012-06-10 15:24:58,25,10,0.883,35,2,2,1,195,11,14958.2845,938,434.9008,9476
1817,5ee3ee7775198bc725215961db1ca0070b1ba645,0,1,0,2012-06-11 09:31:48,68,32,0.7354,100,2,2,6,183,11,75590.2469,947,439.4395,9576
1822,0c427c26d9b634f64eff2ffb52c3c64d9651ac21,0,1,1,2012-06-12 13:24:00,51,24,0.9671,75,2,2,1,199,11,45384.0441,941,437.8235,9441
1826,fdb5a14338154932cddb8a748f53f0abbb6d9814,0,1,1,2012-06-12 17:33:20,114,3297,1.4064,3411,4,3,1,68,13,49846.0779,952,430.2407,9600
1819,1c57dae0b9e7435295f9e0d75c821c3f086ea6e8,0,1,1,2012-06-12 18:58:48,70,23,0.1914,93,2,2,6,184,11,13288.8723,942,438.7949,9552
1825,fb15771e9bf524c957b7d1157e8e521796bf214e,0,1,1,2012-06-12 20:20:35,78,3297,0.8598,3375,2,2,6,194,11,4365.7036,943,439.2029,9539
1832,8ceb7ce443cafa2983d63a8562c58a5e314cd249,0,1,1,2012-06-13 07:31:20,34,13,0.6945,47,3,3,1,12,5,75090.1942,928,437.7713,9587
1820,4e49afec67fcdf9c3cdd2564549a05ed1f7de888,0,1,1,2012-06-14 09:05:52,50,34,1.0144,84,2,2,6,199,11,48306.9472,926,439.7789,9406
1828,178d36e07ed56ebfd9e23844e0257fd80cdc6029,0,0,0,2012-06-16 04:31:41,3742,3297,0.941,7039,1,2,1,1038,3,50705.3733,0,405.6646,832
1831,f3e9a4680beeeefac74e57aa65cbeb15f3d59db4,0,0,1,2012-06-18 09:24:28,5,3297,0.68,3302,2,2,6,193,11,33349.5272,928,433.3788,9420
1816,e9e08fbbcb75504c2b4d7ad32f1c8f6771f2f9fc,0,1,0,2012-06-18 10:18:49,106,41,0.8658,147,2,2,1,191,11,36167.7962,941,433.024,9577
1829,51b7bb1aa054a4e31b33afeda5cd871d5195b9bd,0,1,1,2012-06-18 12:24:19,21,20,0.992,41,2,2,1,202,11,41312.0489,939,434.6451,9554
1833,283419407ef42f92506f1dae1166afb23ed470f7,0,1,1,2012-06-18 13:10:05,49,25,0.9747,74,2,2,1,203,11,3223.1812,941,437.5411,9552
1807,1a2fecb800ac8be9a16059fa1681b0b5f3024dea,0,0,0,2012-06-18 13:54:03,3742,3297,0.0461,7039,60,1,6,52,9,73934.2633,914,431.9284,9402
1824,1564de162d01a08dfcf08bbd20d2135375547560,0,1,0,2012-06-18 15:55:27,15,11,4.5298,26,60,19,6,58,9,7534.5487,938,434.2847,9542
1839,a01ad27b378cb3bf7ecd4991ad1ea7f762518be7,0,0,0,2012-06-19 00:17:44,241,52,0.8487,293,60,2,1,638,50,62914.7966,1440,388.4728,5900
1838,3ffd8f6884586c2a0a6b87d4fa6dac7b46dfe573,0,1,1,2012-06-19 10:17:10,3742,3297,4.5298,7039,60,19,1,210,11,76836.3461,1092,304.6183,8030
1821,592ec05e5dc900fc73d0f9263b526e82fcd76408,0,1,1,2012-06-19 11:35:35,61,3297,1.3016,3358,3,3,6,230,13,29826.3909,948,431.33,9590
1834,0f9aeae5ddff8b864ed687dc7e609c7d312714a6,0,1,0,2012-06-19 12:21:29,3742,19,0.9524,3761,2,2,1,194,11,43781.4745,927,434.7031,9543
1835,5cfa02dd7bf5e6657c36823575565a655291c205,0,0,0,2012-06-19 13:05:09,34,3297,0.8472,3331,2,2,6,83,9,81514.3216,927,438.7978,9431
1823,83bc988a49af635f906e8d62574a94daf1ab16ce,0,1,1,2012-06-19 21:11:12,90,65,1.3013,155,4,4,1,236,13,33011.1756,922,427.198,9383
1836,8fa44c19f2d2f59a3786798eb3c12cbbbb990d20,0,1,0,2012-06-19 21:16:40,13,3297,4.5298,3310,1,1,1,14,1,30534.7107,937,437.6991,9524
1841,2155a8ca1a91175c61e7115b049f1acfc03a6db7,0,1,1,2012-06-20 09:42:55,97,53,1.0937,150,3,3,6,19,4,43858.0855,922,431.8252,9443
1827,3c24a76924bf4b5712bb9777efa46f708a3ed993,0,1,1,2012-06-20 11:34:06,57,37,1.151,94,3,3,1,59,7,36221.9235,945,439.5115,9582
1837,04934f55eb3278d9048f31993769f7d8204cda29,0,1,1,2012-06-20 14:15:29,80,41,1.5922,121,3,3,1,25,5,19334.4648,947,431.1672,9367
1843,644d512324dd213d78909c14048edeab8a555a76,0,0,1,2012-06-20 14:37:28,60,3297,0.6793,3357,2,2,1,60,9,11186.1928,928,439.3006,9436
1830,94ec77f01c3a667f14cc5c6407cc29fbcc4d1e3d,0,1,1,2012-06-20 18:59:33,17,3297,0.7411,3314,2,2,1,74,10,21521.0318,930,438.5322,9558
1840,58944f764557a72e7fdb202d81748f739ac01ce1,0,0,0,2012-06-22 15:13:35,57,3297,0.7687,3354,1,2,1,308,22,65083.7627,1065,317.4142,8013
1844,fae9adfb75c86d231e257e59ef0001379e4b9ff4,0,1,0,2012-06-27 15:16:22,91,17,0.8854,108,3,19,1,7,60,61472.5779,949,439.4918,9595
1842,57bda643c548976d5f69f6096ae03c414138d220,0,0,0,2012-07-04 11:44:36,15,3297,0.0115,3312,1,1,6,1038,4,5292.0743,0,398.1717,6094
1849,5c659565e8985d39a4fea862c07c7ec49e63574c,0,1,0,2012-07-05 06:35:10,1179,146,3.1513,1325,14,6,6,90,15,41747.6978,891,413.5042,9820
1854,5c3f81e02e3ffd43d6d3985b1e721b8de76d6dcf,0,1,1,2012-07-05 17:01:37,6,27,1.4464,33,4,3,6,213,14,54559.0129,922,428.1629,9379
1850,8fbe064b90ae09abc80b083c5c0afef15bebf909,0,0,0,2012-07-05 17:32:36,3742,3297,0.0315,7039,60,1,1,7,2,35693.9066,942,439.4241,9437
1853,da1663e38308b2d041291863158755ba291c81c8,0,0,0,2012-07-05 19:37:30,2,1,0.0021,3,60,1,6,201,11,9386.3905,935,435.8169,9504
1858,f3c168c3d86ab2536d8cd105e9368e3f0b2562ac,0,0,0,2012-07-05 19:42:54,2,10,0.884,12,2,2,6,211,11,11855.5746,928,437.5886,9451
1847,eef077c318a5012f497de69a1b61ee65942cc5c1,0,1,0,2012-07-06 13:41:11,65,3297,0.9457,3362,2,2,6,16,6,80429.0926,926,433.6784,9548
1852,c89819bfe15fca5ad33a1dc428198a4747a6b7a3,0,0,1,2012-07-09 14:30:37,8,3297,0.7102,3305,2,2,6,34,4,509.7756,939,434.3172,9568
1856,417cc57dd74c266fd8fd2db6d5e53085725219a6,0,1,1,2012-07-09 15:18:52,151,48,1.2809,199,3,3,1,217,13,50882.6427,953,428.884,9672
1863,30898f5dae54ac95d56c0ea541955b5c5bcfdd72,0,1,1,2012-07-09 16:51:42,110,60,1.5802,170,3,2,1,198,12,26277.5556,949,441.0874,9592
1855,840c878ce3e0620c29296b5689bbdaf636fffe30,0,0,1,2012-07-10 09:50:28,81,3297,1.089,3378,3,3,6,61,10,42256.1116,928,439.5697,9418
1862,a9cba6b1ba223c51293c59c462d1a18bf9854578,0,1,0,2012-07-10 10:18:50,68,31,0.1314,99,3,2,1,220,10,54615.2232,919,431.5256,9383
1867,04f5721979ff92d825108e90187a2c7f8d30a68a,0,1,1,2012-07-10 12:11:59,155,41,0.9996,196,3,3,1,272,22,45367.7889,948,441.6226,9603
1857,fca2156e91e7d20b57683275cf4a0714dde1bbdb,0,1,0,2012-07-10 12:56:07,2,2,0.0013,4,1,1,1,206,11,9475.3889,933,435.8222,9504
1864,f1949efe02f1115ba4f032ab9b4175ac4332b481,0,1,1,2012-07-10 13:24:05,37,3297,0.9803,3334,2,2,1,201,11,3412.4554,941,439.1414,9555
1871,48ece9e117a15c42d60ae4d005513b6338e9c3f4,0,1,1,2012-07-10 14:35:10,104,44,0.9046,148,5,5,6,253,12,12959.8396,920,442.7793,9658
1869,7ac73d83d5b9817c05b025cc72d4d04ef1b9cd06,0,1,1,2012-07-11 10:08:00,4,3297,1.4095,3301,5,5,1,246,29,51802.2789,901,427.5258,9797
1859,87ce7b076adb74682318d574adf7fbb68c5dd9e5,0,0,0,2012-07-11 10:54:37,3742,3297,4.5298,7039,1,1,6,29,6,31827.8076,1451,398.569,6184
1870,083ad129d6e3de72ae6da1d753698cd202e59e81,0,1,1,2012-07-11 11:42:49,66,29,1.0679,95,3,3,6,238,13,44086.3783,921,438.8592,9425
1876,b6616834ecf1f10ec114923e9aebe376b5f1a528,0,1,1,2012-07-11 13:42:32,8,21,0.7943,29,2,2,6,9,3,34405.1437,289,76.3931,561
1851,e548c9ffa80c3692d909ca3f9abc4ef7c1c5406d,0,1,1,2012-07-11 16:26:13,87,8,0.9073,95,2,2,1,217,11,17152.952,931,434.643,9472
1868,688ecd7802bffdd64fdaad14b1ea6efaab40fdce,0,1,1,2012-07-11 17:32:03,34,13,0.8013,47,2,2,6,37,5,15308.6994,941,433.034,9450
1878,a794bc01988b07952eff497786ca34a970f84043,0,1,1,2012-07-12 11:53:53,224,48,1.6653,272,3,3,6,232,10,58313.3727,922,444.8686,9699
1861,3a630a4abf8c8561c699f2940a4e65153931a772,0,1,1,2012-07-12 14:53:18,15,14,4.5298,29,1,1,6,214,11,10918.9905,937,436.7864,9523
1872,0e44444390170afa3f059fd5f579c5fb67f50414,0,1,1,2012-07-12 16:18:05,3742,3297,1.4904,7039,3,2,1,40,6,37847.2345,1090,307.8041,8179
1882,6c4657f658bf842621907e40fc355f9ec7bf6eaa,0,1,1,2012-07-12 16:47:35,4,11,0.7042,15,2,2,1,213,11,11936.6183,929,434.9209,9462
1874,641c6a8d4b6b3046f4d8a1a2ac5f08f1f2769f0f,0,0,0,2012-07-12 19:25:41,49,3297,0.026,3346,60,19,1,1038,1,43681.4372,295,83.6299,467
1873,1ba9d72e676568c4b9214272ef6980d021f39c0a,0,1,1,2012-07-13 11:22:58,42,3297,0.8361,3339,2,2,1,13,4,59500.1555,287,80.062,646
868,e10e10b7cfa7e9cc8e4c1a44ad355e53a8ff41e3,0,0,0,2012-07-13 23:51:34,45,9,4.5298,54,1,1,1,654,49,85236.6978,0,398.5944,6100
870,ebcc1242c150f0f5e383bb0d349e6f4a11ab2313,0,1,1,2012-07-16 08:44:20,3742,14,1.0152,3756,2,2,6,212,11,57090.3499,926,438.0429,9450
1865,c85dd637dd49005dcda5a86c2ebdd70a0e4de5aa,0,1,0,2012-07-16 09:17:00,13,11,0.0117,24,60,19,6,218,11,2079.617,932,435.1407,9466
1879,4604aa82c3995d2b3281b4bee18abeaf9f5621ad,0,1,1,2012-07-16 15:42:42,65,14,0.6875,79,2,2,6,1038,3,7077.9215,938,437.6275,9526
867,2f2b33f5bfc6fbd87b9d9af6ddf45357adbede0d,0,0,0,2012-07-17 12:08:10,58,3297,0.0597,3355,60,1,1,15,2,85850.0357,296,73.5072,12545
872,95fb29d6d61b676a82a6045da1bbb2172d81ecd0,0,1,1,2012-07-17 19:32:00,201,34,1.1695,235,5,3,6,276,16,31128.1369,920,431.988,9410
866,ac04af686e493aa18a0188076bffa8fa0a76e3fa,0,0,0,2012-07-18 08:43:22,24,24,4.5298,48,60,1,6,29,7,47767.0521,927,434.0809,9575
871,c021d56974d70fd98c412b2418eac9b880efcb20,0,1,1,2012-07-18 09:56:28,71,8,0.8861,79,2,2,6,218,11,55205.6792,939,433.7044,9459
876,b32af4d3f3e9b3a6dda83180cfa0ba505ad7243e,0,1,0,2012-07-19 09:54:34,102,3297,0.9364,3399,4,3,6,219,13,60423.8031,262,83.6581,492
1877,0646f2aa4562e929aa79d6afec2984be3c1f46b7,0,1,1,2012-07-19 10:46:27,13,11,0.0128,24,60,1,1,32,5,62420.1363,931,437.8853,9547
869,97b905654df7dbb0d46c2c71e72b4c933185b997,0,1,1,2012-07-19 12:04:19,68,11,0.9476,79,2,2,6,27,4,5257.3542,937,434.5015,9523
877,513c51c2898c06ac00ca3b868e69ddc79f53e7ea,0,1,0,2012-07-19 15:01:48,3742,15,0.0158,3757,1,1,1,34,5,15659.3225,289,76.3275,564
882,6d55972e7c0b4f9b975825987cf29bb731cd8413,0,1,1,2012-07-20 10:20:23,52,18,0.2517,70,2,2,6,231,11,2493.1129,928,439.8716,9438
1875,b6df2c30692a5ea290f7b08ee91117547093c91a,0,1,1,2012-07-20 12:36:18,186,17,0.5898,203,3,3,6,217,11,10043.5872,922,438.4747,9434
873,ff12bd2e908c7fb50aeac0f95da758e7bae64465,0,0,1,2012-07-20 13:48:25,72,3297,0.6907,3369,2,2,1,65,9,64055.0865,939,437.8872,9551
878,62535031211743ea627a043144c27877cb4889ee,0,0,0,2012-07-20 14:27:17,3742,3297,0.0442,7039,60,1,1,209,10,5242.9551,299,84.6393,424
1846,5e11616d2f989c35a68ef7ec4a1b3bf7def296cb,0,0,0,2012-07-20 15:34:24,17,11,4.5298,28,1,1,6,1038,5,80460.5705,275,79.7908,553
875,17d22284bb2a6f5b12ab054885a922d44bddb75f,0,1,1,2012-07-23 14:45:25,393,13,1.6028,406,11,7,6,506,30,47923.2979,896,420.9271,9022
886,8e89fec0fbae98a4d3748fee08a3dc88f626e4b7,0,1,1,2012-07-23 18:09:17,96,23,1.3429,119,6,3,6,64,7,11633.5,949,441.4543,9383
879,fe77279e19c0405ef19c2c0683cec1719347562c,0,0,0,2012-07-25 12:10:22,3742,15,4.5298,3757,1,19,1,5,4,79238.3074,11,4.6673,82
883,249d36206d569fcbcf8daa8543bf3d2a54b56fa1,0,0,0,2012-07-25 12:11:40,3742,3297,0.0511,7039,60,1,6,14,3,11618.5619,16,506.65,162
885,19634989dda7a1629c684ca9eba457cf4f30f17d,0,0,0,2012-07-25 19:36:44,99,46,0.1239,145,2,2,1,59,6,49015.6205,1067,305.9325,8220
874,b070367cf15285f9838cd8fee823b9c4c22f14bf,0,0,1,2012-07-28 04:43:27,3742,17,0.0119,3759,1,19,6,1038,5,76474.9522,1452,395.7665,6119
884,2f58e9606424cceee391b7fa69b525cf1a9b1ece,0,0,0,2012-07-28 05:24:19,8,9,0.0087,17,60,1,1,25,6,66483.003,0,397.5022,6174
888,1fc42bf2e3d40d6388ab176d1e554288f6d6e782,0,1,1,2012-07-30 13:22:05,32,34,0.8814,66,3,2,1,238,12,72144.1585,294,71.5329,703
894,be0bf7ade628ce1c9edd42901ef99ed6e6320ae6,0,1,1,2012-08-03 09:52:31,3742,3297,0.9174,7039,2,2,1,16,4,63966.7412,939,432.575,9547
887,ae9df20f8a0df94ceeb214cf73966b4e4ad23bd7,0,1,1,2012-08-03 13:44:12,96,3297,1.3545,3393,4,2,1,269,12,29028.6815,946,441.8522,9630
891,b4a6b2934e274c605e91a6b0a96a711fc6dafe99,0,0,1,2012-08-03 16:32:54,19,3297,0.7456,3316,2,2,6,10,2,47048.498,928,438.2011,9536
893,8db949cb070c2b611a06672b0e31d0750c0d02ca,0,1,1,2012-08-14 13:06:10,3742,3297,0.0612,7039,60,19,6,1038,4,63117.5957,1065,303.0622,208
881,037ad5f7e4b59c5e06e90ad655ae36f18080cbaf,0,1,1,2012-08-15 19:16:43,104,3297,1.49,3401,4,3,2,46,11,21898.5433,1051,303.7366,7885
896,4f4c2c5d0d3c774a788f188acea468a0e1fbd2c3,0,0,1,2012-08-19 06:14:59,90,3297,0.9187,3387,1,2,1,1038,5,67705.2328,1420,386.1998,313
898,b2bade6c42694b22c9d464873246d4083b003918,0,0,0,2012-08-21 11:36:18,1,3297,0.0282,3298,60,1,6,1038,3,85563.7929,1449,394.634,6253
880,d68ed618bd7effcc39a4ca9ee4029023c49bbb01,0,1,1,2012-08-21 14:25:39,3742,3297,1.8043,7039,4,4,6,73,11,16325.5249,949,441.8414,9297
901,3f9eb2a2412169b2ab4525dc564a964699d5f7ae,0,1,0,2012-08-22 09:33:50,73,47,1.2229,120,5,2,6,270,14,61003.9864,917,431.8617,9417
902,81a5dd3c257a1077994fd3a14759f4557bbb9f75,0,0,0,2012-08-22 10:26:08,87,3297,0.0298,3384,1,19,1,7,5,68560.1486,1089,314.8602,8219
904,110a57e1631b4d04d3739cb3c5ff3e4c0fb61bdc,0,1,1,2012-08-27 14:35:51,51,3297,2.4075,3348,9,5,6,264,15,15451.3268,964,447.4823,9937
899,4a1a3cdf1b06d57647fcf9cc9c49a512043da7ff,0,1,1,2012-08-28 11:30:53,25,30,0.6673,55,2,2,1,35,6,35402.712,929,434.1707,9533
889,35ee91edd375146a478e79266575e7419c3ae510,0,1,1,2012-08-29 12:37:14,14,13,0.6368,27,2,2,1,79,9,81140.0551,940,433.6338,9443
897,d6c6c7568c4e1cff7a7e3f5b4f7939a74901db2c,0,0,0,2012-08-29 15:14:44,21,22,4.5298,43,60,1,6,10,5,70170.984,1069,308.7244,8039
1804,3692c307904956c621c4fc2486a565445771a22e,0,0,0,2012-08-29 15:15:10,3742,3297,0.9136,7039,2,2,1,39,9,54514.0103,1072,314.0781,8054
906,951acc06af50f932da7bf7a08f6769dfb99dbd23,0,1,0,2012-08-29 15:22:17,63,61,1.6478,124,4,4,1,24,5,24922.6462,955,443.9244,9698
900,9f264203e7aef0f81f12b49929b0a6c8284dcbcb,0,0,0,2012-08-30 11:35:22,8,38,0.3501,46,3,2,1,47,5,43165.5025,1067,315.7662,8238
908,f1cbdf193bde61e39816b4578f93a0dbd01abceb,0,1,1,2012-08-30 13:10:14,144,55,0.9349,199,5,3,6,285,15,44372.4497,919,441.0968,9581
890,8c1f0e6275df15619de55947dc2078f9edb28a79,0,1,0,2012-08-30 16:17:08,25,25,0.9624,50,3,3,1,252,12,11691.9166,927,433.1975,9588
911,ea5ba5ca9195077f967e1adcdb274b98f2cbad65,0,0,0,2012-08-30 20:41:14,69,3297,0.0283,3366,1,1,6,640,49,75684.5291,1446,392.9116,6239
909,6dcc01f4566b69c4635418d2a5918981e81cca5b,0,1,1,2012-09-03 07:44:04,30,3297,1.3509,3327,3,3,6,64,6,74531.8969,929,434.8143,9547
915,96c2036aad601cae2120417a3e843f9d9e6b4989,0,0,0,2012-09-04 22:11:31,85,39,1.5219,124,2,2,2,43,10,26037.995,0,391.568,6754
916,6ad974308a3e391bf7eca4f4022c5b9ccff5b7d6,0,0,0,2012-09-05 13:35:14,3742,3297,0.0104,7039,60,19,1,3,2,4284.7945,1076,311.484,8087
914,a3969c51c99055717c5bfcaf80c4703a635b42e6,0,1,1,2012-09-07 17:33:13,94,3297,1.2258,3391,3,3,1,241,11,9093.2577,945,441.0401,9597
919,11137a47f6440536e11df60fe46ae1a57c0891c1,0,1,1,2012-09-11 17:20:21,18,104,1.9443,122,4,4,1,295,12,41923.971,955,447.8424,9760
907,cf7c6b44784557529ab7903fbe23a510a110a133,0,1,1,2012-09-12 09:09:17,5,17,0.7587,22,2,2,6,22,4,31177.2952,937,434.3939,9535
920,0914362c1be5c9789d28417dd748496570a7b34a,0,1,1,2012-09-12 12:13:11,15,42,1.1612,57,4,3,1,255,11,73081.5811,952,441.2407,9350
926,110732487e27b5420d3ddcf00901b5a7005b2be1,0,1,0,2012-09-13 12:08:02,76,3297,0.9597,3373,3,2,6,247,10,82231.8688,917,441.9777,9636
905,a37aceba09175d896049b580c44cd66b0e34da3a,0,1,1,2012-09-13 14:22:59,3742,13,0.8427,3755,2,2,6,246,11,8524.9011,929,438.2375,9439
922,9c1eb38d260bbb5fbcc7a74a0ff69de2371fe447,0,1,0,2012-09-13 14:54:47,3742,2,4.5298,3744,1,19,1,235,11,1794.7118,933,436.4435,9484
924,6d21f42efc6d69db80253d1c773f675629431888,0,1,0,2012-09-13 17:37:54,285,114,1.3522,399,6,4,1,223,23,41816.8754,1063,316.1811,8239
925,2ad06e20c512d335eb3067b5ee407683b5b91baf,0,0,0,2012-09-14 12:57:02,3742,14,4.5298,3756,60,1,6,33,4,4606.8483,1077,308.4461,8067
929,6605fec3e35c90900d7018e6082350ecc2eb30f6,0,0,1,2012-09-14 13:30:51,46,3297,0.8326,3343,2,2,6,233,11,43291.4051,938,434.8802,9557
912,ee6a2c9ffe2f135a8eb2f4512a167301c8af8daa,0,0,0,2012-09-17 11:17:40,3742,42,4.5298,3784,1,1,6,3,2,64286.0633,1088,307.6142,8189
923,3a8b4d02ba2f4eaf82ec3324b3b32e8b72a64b2c,0,1,1,2012-09-17 13:43:53,8,3297,0.3718,3305,60,2,2,18,4,28031.1508,1110,304.6292,8350
927,c1fd0ad2375526d4909eb387ec10ce7552f7be60,0,1,1,2012-09-17 14:37:12,87,3297,0.953,3384,2,2,1,16,6,29095.4871,295,73.7695,654
932,3d730d29329800e4075df9b3c664d712df5d5bcf,0,0,0,2012-09-19 11:38:08,43,3297,0.0481,3340,2,1,6,116,18,65855.739,1099,317.5141,8207
931,bfabacbfd1d809cc7367ad559ba19f613a26d0ec,0,1,0,2012-09-20 09:44:04,288,3297,2.2516,3585,4,4,1,289,12,56065.8274,962,450.863,9143
930,e76a07670a266d6c041a917f8af893e518d4eec8,0,1,0,2012-09-28 12:45:06,44,3297,0.7921,3341,2,2,6,216,21,17830.5123,1090,315.1162,8188
937,6c4c0bb5ff840e8ce00bad35885502092b0b6094,0,1,0,2012-10-02 18:24:21,272,177,2.0516,449,9,5,1,255,15,33415.2487,957,452.1763,9084
936,78988fed1e2be1bfc64c7e1dd1c74edd9b11ea3a,0,0,0,2012-10-06 04:15:03,35,3297,0.0189,3332,60,19,1,649,49,84065.9253,0,395.4312,6082
943,0728bb83ece6187ec2a90c9442db143a41fac982,0,0,0,2012-10-06 05:34:33,39,54,0.0617,93,1,1,1,645,48,5655.3993,1439,391.2734,6053
928,f3558d878a658f80cfc98ce33add893182fa390f,0,0,0,2012-10-09 12:16:35,14,3297,4.5298,3311,60,1,6,36,3,6352.1745,1089,309.0486,8045
938,5478bc33bb848fa2d3dda430dcea2b335ab16539,0,1,1,2012-10-10 13:17:56,60,3297,0.5796,3357,2,2,1,239,11,69209.0095,926,437.7483,9441
940,5fe0df9e353f56fc65924e35ae68d6a0048ba40d,0,1,0,2012-10-22 11:25:45,176,3297,1.2521,3473,5,4,6,250,11,50849.9642,950,440.5695,9656
934,4f87b0288fbf188331cf6dfc3a1effe4d27d1db3,0,1,0,2012-10-23 11:44:21,431,363,2.5293,794,9,6,6,330,11,48010.6977,978,447.0055,9097
947,9f4b37265595df1f4d8f224b79c8e4b4455093b6,0,1,0,2012-10-23 17:28:44,166,81,0.4756,247,4,2,6,286,13,16443.2846,945,432.7171,9399
942,8c7cf14d71b1872aba985f190b0a2b254cb9aa07,0,1,0,2012-10-23 20:22:03,632,719,0.2527,1351,2,1,2,113,28,33804.6479,1104,327.8004,8684
948,208a06df540514976c04121bf090efe8a65fe8ac,0,0,0,2012-10-23 21:35:22,0,3297,0.0118,3297,1,1,1,1038,3,4596.7507,1083,310.0178,8139
952,7975986c528c663d6fd41b88a168937d43f6f22e,0,0,0,2012-10-24 13:15:35,54,38,0.6623,92,3,1,1,35,5,57537.1125,1089,307.9759,8005
933,cd1bfc93095261986aafb458de0b3edc9aba215c,0,0,0,2012-10-24 14:43:26,3742,13,0.0113,3755,1,1,6,5,3,5608.9431,1084,312.3377,8144
945,015d65933650f9b7659f04c144a3c85ac5ca5130,0,0,0,2012-10-25 08:05:08,42,3297,0.0463,3339,60,1,1,1038,2,63042.2198,1068,315.9815,8253
951,37855cc1983b49cd0f16a27ab9a4c42bd22d63f3,0,0,0,2012-10-25 08:30:01,19,3297,0.0023,3316,60,1,1,6,3,1522.5827,1081,310.4005,8110
944,8ae2f27a20956417da583b09658a452db3ce26c4,0,0,0,2012-10-30 09:30:12,31,3297,4.5298,3328,1,19,1,202,20,72250.5318,1069,304.2602,8192
954,ad122e53989370ee91d153544f742214d39741cc,0,0,0,2012-10-30 14:29:40,22,3297,0.0038,3319,60,1,6,6,3,927.6235,1079,311.261,8107
957,5137c95adf4fb90a50a58ebf0822b07a8b8e0f34,0,1,1,2012-11-02 15:14:50,3742,3297,1.2904,7039,3,3,6,260,14,49036.9085,946,439.5488,9682
939,0fdb0128a8e35209098b493197ad0b2d6b88b36e,0,0,1,2012-11-05 19:52:48,3742,3297,0.0258,7039,1,1,1,58,12,54918.1892,62,14.1195,160
950,49c8c049ec51e2912524560c1490b930f58e9076,0,1,0,2012-11-06 16:24:14,414,73,1.8477,487,5,2,6,229,11,38587.7207,908,424.2782,9793
963,5960aabbbcafc3d162f5fe3955262b85da3fbedd,0,1,0,2012-11-07 08:03:33,62,68,0.9354,130,2,1,1,239,12,55632.5974,927,439.3153,9449
958,c84aa3874a01d064b65c5dcd103c58f482427b64,0,0,0,2012-11-07 08:23:03,3742,3297,4.5298,7039,1,19,6,244,11,1263.3399,935,435.6245,9484
959,fb5c1a41d677a9fb7bc5ac1a994559d64705767b,0,0,0,2012-11-07 12:06:06,3742,19,0.0346,3761,60,19,1,12,3,78223.0095,1068,313.2432,8029
962,f7ff361b356a1c553b2f6bc87279d6076a1d3770,0,1,0,2012-11-07 15:03:10,3742,3297,1.6324,7039,3,1,1,262,11,53958.7188,904,430.6088,9751
946,336d0456b7e43bea9a1ac4cf48bc4c66547f7421,0,0,0,2012-11-09 14:17:47,3742,3297,0.0148,7039,1,19,6,15,3,7304.6549,1088,313.6803,8207
961,cfb646884dc496edf407b25f9aac68e7d3cf5cf7,0,0,0,2012-11-09 14:57:10,3742,3297,1.019,7039,2,1,6,7,4,33516.0505,1070,308.2749,8221
965,1a821d6e12f4b70ce843459c8ee3b283ff81c8cb,0,0,0,2012-11-09 15:54:31,3742,25,0.8904,3767,2,19,1,57,4,4317.8133,1073,308.2712,8074
918,bc671e7ca0bf32c373debd01b7361959b8372ba6,0,0,0,2012-11-09 16:28:59,7,3297,0.0016,3304,1,1,6,11,3,2026.355,1081,310.9216,8108
955,5e2b4d1412fa1f99a26841a92b1cbbb4d5d82f10,0,0,0,2012-11-11 14:17:31,82,3297,4.5298,3379,60,19,1,29,10,25279.3541,38,12.258,125
966,22d6f194aca25478b263a436b191e67f573da7d5,0,1,0,2012-11-12 15:44:26,433,5,1.0651,438,6,2,2,372,32,45917.7273,978,427.5698,9273
973,af26ccb0151f58920eb6f0d26322bab3da2d5f86,0,0,0,2012-11-13 09:19:55,37,27,0.6818,64,2,2,6,37,8,56270.0672,1063,308.0926,8217
960,df70518bf5ff774a89f916be7e98086fdfb9a1d3,0,0,0,2012-11-13 09:21:51,52,16,4.5298,68,1,1,6,11,2,74455.3361,1093,307.828,8000
967,bcaed214f1d234acb2ad739f1edc81d5fc9efc6b,0,0,0,2012-11-13 14:10:38,3742,3297,4.5298,7039,2,19,6,266,22,79907.8138,1068,315.3733,8286
970,fae0c413f9f5ac886e6c8fe0892dcc3ad6c2eb54,0,0,0,2012-11-14 12:32:03,3742,44,4.5298,3786,60,19,6,44,10,60887.0085,1062,313.5905,8260
964,adfa79bab74c23161dd62f7138c698af154e4d71,0,1,0,2012-11-15 14:45:02,44,17,0.8362,61,2,1,6,22,4,48986.7935,1086,313.3422,8014
978,b30e77fbfd3a6af546ebd73b10a42cc86c001ba0,0,1,0,2012-11-15 17:07:51,541,85,1.2473,626,11,7,2,398,36,28067.3058,984,421.1636,9096
972,486f3e772765563b11b68d488e39247d34fdf9a7,0,1,0,2012-11-15 18:47:39,3742,47,0.6751,3789,3,19,6,63,4,11629.0432,1094,304.9833,8052
979,c775ee48c47471348366b556b3c87851ed36bca1,0,0,0,2012-11-15 19:18:13,3742,3297,0.0204,7039,1,1,1,5,6,19485.2698,926,438.2083,9438
982,b6f48cfc8e5f4a3066ec0221257b2bea70840bf2,0,0,0,2012-11-16 09:30:09,11,9,1.0341,20,2,19,6,7,5,59646.1843,941,438.6254,9600
969,6f4e111ab562827b7be9eaca798ddeb842e1868d,0,0,0,2012-11-16 09:59:37,8,8,0.01,16,60,1,6,18,3,54881.7886,1077,309.3524,8138
977,d2265b00799b08b2c92e735830589518d7b01311,0,0,0,2012-11-16 11:11:08,124,8,0.0216,132,60,19,1,6,2,6428.2813,939,434.5156,9459
984,78b1215f4101607793285557ba59b25a74dfe717,0,0,0,2012-11-16 11:35:35,70,3297,0.8338,3367,3,2,1,219,23,5419.8564,1095,306.5901,8281
953,4bee4ee755d80d604d537ff4807b9d41879615ab,0,0,0,2012-11-16 13:31:58,27,3297,0.0123,3324,60,1,1,22,3,6738.0064,1087,313.6229,8171
974,5cbe57d927fd3dac3a95336a20846b3b5b6cdcfb,0,0,1,2012-11-18 00:06:42,3742,3297,0.0274,7039,60,19,6,136,21,79730.3246,0,390.4008,5981
983,d9d4feb923443ef90f03887cdca79a5696bc8181,0,0,0,2012-11-18 22:31:16,9,3297,0.8504,3306,3,2,6,18,7,65120.6397,0,394.4369,6099
991,de1dafc5a0fb62fae036f3a958a79fa2321d9cce,0,0,0,2012-11-19 12:29:46,3742,13,4.5298,3755,1,19,6,14,4,82007.1457,1092,308.4861,8052
968,6f4bdec42f41a744ed9633be83674a576a232415,0,0,0,2012-11-19 14:09:22,9,15,4.5298,24,1,19,6,15,3,5755.7829,1084,309.0056,8090
986,ca41a08d35ca44827554d4129c053cfef4c22b75,0,0,0,2012-11-20 09:13:09,0,3297,0.5645,3297,2,2,6,31,4,66041.9501,940,438.5385,9442
949,fc3ed900ae4d02b6bfcf8472d0c9c0d1bfac081b,0,0,0,2012-11-20 09:28:34,16,1,0.8113,17,2,2,1,259,11,53048.5,934,436.0,9499
992,5b998aff2d7538ae4daf5c4c5e715152091af409,0,1,1,2012-11-20 09:28:34,16,1,0.8113,17,2,2,1,259,11,53048.5,934,436.0,9499
990,a6ae6d231f76d3626dc1d3aa4982808cc18d958e,0,1,1,2012-11-20 10:47:30,29,3,0.8498,32,2,2,1,259,11,37303.5,934,436.0,9499
981,367bf2d4d38306f49f6996db37d318208ce5ae22,0,0,0,2012-11-20 10:47:30,29,3,0.8498,32,2,2,1,259,11,37303.5,934,436.0,9499
995,4de58c2d1774c73364f67cb8442a08b7b40ce77a,0,0,0,2012-11-20 12:12:17,3742,30,4.5298,3772,60,19,1,186,21,1474.1586,1071,307.9601,8032
976,6e5938fde1aacbcd78a5c664f5142d68902ac5b9,0,0,0,2012-11-20 12:55:22,3742,3297,4.5298,7039,1,19,1,13,3,81362.8018,1092,308.4216,8225
998,53b149331b19dfa38df35cdbd05fe821833ce04e,0,0,0,2012-11-20 13:22:58,27,5,0.9911,32,3,3,1,70,6,72267.3333,934,436.0,9499
985,ed35c6e0f93edc0f50c69ef775c6c946d0a635a0,0,1,0,2012-11-20 13:22:58,27,5,0.9911,32,3,3,1,70,6,72267.3333,934,436.0,9499
971,006ede12098bfbc71a1e4ab437df0e91bc1c8ead,0,1,0,2012-11-20 14:05:58,3742,37,1.3788,3779,3,2,6,278,12,55170.4436,920,430.5742,9319
994,b3a91c17e18ded9c109b43e5a985d840ed35a2b1,0,0,0,2012-11-21 08:39:10,3,3297,0.0021,3300,1,1,1,7,4,29145.0824,1079,310.5959,8110
997,2a937ce272452034425182f11fb39026409a95fb,0,0,0,2012-11-21 13:36:34,7,12,0.0076,19,60,19,1,21,3,2607.2675,1082,311.5174,8135
1001,5390742c322e17955d52adf20de36149a5916587,0,0,0,2012-11-21 15:06:26,3742,1,0.0144,3743,60,19,1,19,3,5104.6407,1083,309.7528,8075
988,775125ef949b1df527ce698449a0c266bf43c72f,0,0,0,2012-11-21 16:04:49,60,27,0.6702,87,3,3,6,250,10,31514.472,947,439.0273,9552
999,55f9e70ea1789dffc094614c91886afd502440eb,0,1,1,2012-11-21 16:57:08,3742,27,1.6161,3769,3,3,6,280,11,32342.2906,921,431.752,9407
1006,1cd76913db793359e7a48f7a0b6aebb44d10e0ae,0,1,1,2012-11-21 17:43:47,60,3297,1.8129,3357,3,3,6,255,12,7177.3603,959,428.7096,9279
993,c67759ecedbe2d7c375e37ecc3781444ee677fac,0,0,0,2012-11-21 18:09:38,32,26,1.0312,58,2,1,1,34,9,57882.2474,1455,3.9576,58
1002,e67323eceec63f7494b15a559eb034973298c1c7,0,0,0,2012-11-22 07:19:18,54,33,0.9515,87,2,2,1,74,9,63207.9571,941,440.0654,9393
989,80a756f792475c8781fc813f9706cb34f96b4d60,0,1,1,2012-11-22 07:38:22,21,3,0.7025,24,2,2,1,267,11,57899.5,934,436.0,9499
1008,2e0afaa4f9bbe2a633ecc1d9588fd3e864ed58f3,0,0,0,2012-11-22 07:38:22,21,3,0.7025,24,2,2,1,267,11,57899.5,934,436.0,9499
1003,60ef6370a9b8b1501be81011c3d82cc40cd78f66,0,0,0,2012-11-22 08:08:33,18,3297,0.837,3315,2,2,1,265,11,39216.8984,931,436.9645,9467
1009,f5aa8d69bd6f9bc695c464a9c163889dc2865e33,0,0,0,2012-11-22 08:20:10,3742,3297,4.5298,7039,2,19,1,14,2,61213.4961,1090,307.0189,8038
1004,d4d6cd06540b5960d103b1ee9595db0c5f5e0dc4,0,0,0,2012-11-22 09:21:15,24,0,0.9183,24,2,2,1,263,11,34773.5,934,436.0,9499
980,7af0f5abe2d37c23db5ae1a9c5e587cd885824c0,0,1,1,2012-11-22 09:21:15,24,0,0.9183,24,2,2,1,263,11,34773.5,934,436.0,9499
1010,ac855214c47d400226862db4e0a344ca7d4651db,0,0,0,2012-11-22 09:44:40,11,8,4.5298,19,1,19,6,23,3,4841.6854,1075,309.0784,8077
1013,111eccf1676e911ff81a9410c682fd09bdce85b6,0,1,1,2012-11-22 12:19:09,7,3297,1.0836,3304,4,3,1,103,13,58145.4351,926,438.5111,9564
1014,e4e69c1bca00d8bef0e0e6f979cb7a0a680fed9e,0,1,0,2012-11-22 13:28:27,436,225,1.6587,661,9,3,1,135,24,45535.4455,1110,304.6813,8350
1000,92950e648be16c4f63ec65aa0e5d38c376f13790,0,0,0,2012-11-22 14:57:26,3742,23,0.9189,3765,2,19,6,34,3,5894.9531,1088,307.7978,8183
1011,dac2a19800a74c9626281e860848d00b63e4d238,0,1,0,2012-11-22 23:23:21,143,212,0.9899,355,2,2,2,51,21,52912.9755,1437,404.109,6514
1018,61575c201abd0d1544aba3254bcae2dc689c03b6,0,0,0,2012-11-23 15:41:41,24,3297,0.9002,3321,2,2,1,273,11,14820.3881,939,433.3276,9454
996,bb4d4dfb0b052b208bc1a7b2d4391278c69d1129,0,0,0,2012-11-23 21:32:25,3742,50,4.5298,3792,2,1,6,26,9,57854.1973,1446,402.8532,6312
1015,348da9e70e626bc21d037136b074d641be99d8e7,0,0,0,2012-11-26 12:11:47,13,14,0.5725,27,2,2,1,262,11,73268.5089,943,434.0587,9579
1021,f8422ab336755a5dd30253bfbc370fa76e12e861,0,0,0,2012-11-26 12:11:47,49,15,0.6079,64,2,2,6,272,11,74168.8143,926,438.1361,9453
987,be264c854750c752d4ec2dfc2f13a354266506ec,0,1,1,2012-11-26 13:27:39,18,0,0.9183,18,2,2,1,270,11,4552.0,934,436.0,9499
1016,3df6252768a8d3b6e6cee4e3f8f8dbd8194b7be1,0,0,0,2012-11-26 13:27:39,18,0,0.9183,18,2,2,1,270,11,4552.0,934,436.0,9499
1007,d72ec8bcc2fbd54f9590c5b2652a42624695a7c6,0,0,1,2012-11-27 09:32:23,3742,3297,0.031,7039,2,19,6,274,12,73054.9153,918,429.5699,9336
1023,ceed7d2811dc5c7b9326cb1bb2b7626396bab51b,0,0,0,2012-11-27 09:32:23,49,42,4.5298,91,2,1,1,279,10,71095.8573,946,443.1429,9633
1024,5758fa22fdec87e56a5c104974890b0a7402c3d3,0,0,0,2012-11-27 09:55:50,47,49,0.0657,96,1,19,6,183,22,79128.7311,1068,317.6697,8300
1027,2367e56c6d86d6f00ee4f147a525f24663576b48,0,0,0,2012-11-27 14:55:52,3742,23,0.6786,3765,1,2,1,107,17,9220.5898,923,440.362,9661
1028,c377bc45e954e4eb461be63afd759fad835dd37a,0,0,0,2012-11-28 00:29:03,3742,3297,0.0388,7039,1,19,1,12,2,16628.4924,1455,5.9167,12545
1012,bc0c837f38b6c8bb3885195dfb38545ba3f3d5df,0,1,0,2012-11-28 13:14:24,49,92,1.5702,141,6,4,6,290,15,51179.1339,969,429.8727,9645
1029,7f5ebe8dbec80bfc987b6effecef32b93c137b3b,0,0,0,2012-11-29 07:21:51,172,3297,1.5861,3469,3,2,1,3,7,29367.1513,1091,313.7972,8202
1034,740ae7c25684d52d531b98aca4a0dd3c939d0bd6,0,1,1,2012-11-29 09:32:57,96,17,1.3363,113,4,3,1,73,6,64129.4189,923,438.0731,9552
1017,535e40fb5b9064ec3515e47ea017ca354f66fea1,0,0,1,2012-11-30 13:31:22,39,11,0.6239,50,2,2,1,281,11,8117.8036,927,438.3957,9531
1033,05560106f9fe5549326feb5076172c400f2330c1,0,0,0,2012-11-30 13:31:22,28,11,0.6263,39,2,2,6,273,11,8068.5173,926,433.1409,9531
1035,4ce7d906117fd6006a95af90420f3df40057b8e0,0,0,0,2012-12-01 14:06:42,172,3297,0.0256,3469,60,19,1,1038,5,61876.1838,60,7.6896,86
1022,55e34d3378e4f7162bfe98c53bd8743dfcbec23f,0,0,0,2012-12-04 14:42:18,29,32,4.5298,61,2,19,1,289,10,72302.6038,918,440.3592,9409
1036,9d2898b1efdf1bbf860f2c1cd5723e93b8202d3a,0,0,0,2012-12-06 08:49:52,3,8,0.9397,11,2,1,6,48,9,33468.3693,940,433.454,9584
1020,5892bd793e75fa959ece289b129b914dfa48ab66,0,0,0,2012-12-06 11:13:03,23,26,4.5298,49,2,2,6,9,6,35808.9324,943,438.4603,579
1038,5a98e81e8f8b1a02826ae68b3ce23edb0df1d832,0,0,0,2012-12-06 13:52:11,340,3297,1.873,3637,56,15,1,1038,1,71386.4285,0,445.7573,12545
1045,a3030ce98de1ff671c1efd7d7c6f6986065a868d,0,0,0,2012-12-07 04:24:38,3742,3297,0.0392,7039,2,1,1,47,18,85685.396,1449,399.858,6088
1040,05ab44685996264ea50ddb64f85262d7d272a79d,0,0,0,2012-12-07 12:07:18,58,8,1.0747,66,3,2,1,11,6,17269.4552,1082,311.4304,8132
1044,67243e15fddccc54354f7ac21cdeef57209d3de8,0,0,0,2012-12-07 14:41:17,56,18,1.0174,74,2,2,1,5,3,8779.4987,1077,313.4219,8159
1043,95bce890edb88f03dc7c5a75a602256f03c4c462,0,0,0,2012-12-11 08:45:36,0,12,0.0241,12,60,1,1,6,5,83993.484,927,434.4278,9434
1046,836f1513ada9243f06c98e6ac1129ead7b18a15d,0,0,0,2012-12-11 15:11:53,39,34,0.7708,73,3,1,6,2,4,7338.6442,942,432.5447,9551
1037,a6763cbb2682c3b08215ae97f540979fc281ce0a,0,1,0,2012-12-14 09:03:17,51,28,0.0153,79,1,1,6,27,6,79134.6116,0,394.8924,6197
1041,908ade0f86b4389c461a666fdc82f79a9dcf56b4,0,0,0,2012-12-14 12:14:04,55,3297,1.3628,3352,2,3,6,22,6,19615.9723,2,506.65,116
1047,833425b0a0e382e4af961bcf7a9fc856ce9841be,0,0,0,2012-12-14 20:58:29,195,250,4.5298,445,2,1,1,1038,1,23144.0823,0,382.7889,302
1053,0d272c07f8674c62153964ae09247d9b20802f9e,0,0,0,2012-12-14 21:30:34,44,44,0.0183,88,1,1,6,13,4,54296.1861,1449,399.1685,6074
1042,4cf5263ec0310befcbf5a377bb2bb62385746501,0,0,0,2012-12-15 07:10:20,3742,101,4.5298,3843,60,19,6,38,3,4842.1163,1426,388.6948,276
1049,d1e5b5946b689cf78b61002c266a89a3106e8336,0,1,1,2012-12-16 22:47:13,206,90,0.5663,296,9,6,2,76,28,53308.134,0,407.8125,6836
1845,6f8c84143cc5633085fa632a4dacf2eef75b8b01,0,0,0,2012-12-17 10:29:11,28,3297,0.9825,3325,2,2,6,17,3,34751.568,937,435.171,9474
1048,e8aa5b4c5db2cdea3360c84e569f63ecf9ab231a,0,0,0,2012-12-17 11:07:13,3742,3297,0.0385,7039,1,1,6,56,19,11305.0745,911,429.7826,9664
1051,df16854c92c062d0daf50081348cee203b8622a1,0,0,0,2012-12-17 11:45:30,3742,3297,0.017,7039,60,1,6,17,6,5736.8671,1076,312.0295,8081
1055,389b00704af48379befb3103528f71951633dbf7,0,1,0,2012-12-17 11:46:24,161,11,0.2778,172,3,3,6,78,19,73169.9488,1066,304.954,8257
1039,e030ca75fdb5a18f99bf0466ee7fc099c1340141,0,1,0,2012-12-17 12:18:06,58,8,1.1866,66,3,2,1,17,6,16945.4141,1078,311.7552,8144
1052,8697c9bc32341bb1c68750434161447f87551dbb,0,1,0,2012-12-17 12:52:09,8,1,4.5298,9,60,1,6,4,3,2095.9324,1079,310.5264,8113
1056,f2b3dc06228a17f00d7d969b465b57def49d04c8,0,0,0,2012-12-17 13:11:07,62,3297,0.9294,3359,2,2,1,10,3,2808.1829,1086,309.5017,8086
1057,fa46fccd71c65d350faa33d2b258c6b144d77815,0,0,0,2012-12-17 13:48:28,23,3297,4.5298,3320,2,19,1,6,1,23055.7036,944,431.3852,9424
1050,0dbdf3d686693bab168ec8509e1bdfdceeb94166,0,1,1,2012-12-17 14:45:36,126,67,1.6135,193,2,2,2,1038,4,8266.4643,1109,320.6018,7998
1060,c8cd3cb46142ed383258439a49ae255c4e7418fd,0,0,0,2012-12-17 15:54:56,3742,33,4.5298,3775,5,2,6,12,2,28380.4007,926,432.8787,9574
1054,8fee984375a634059616af43ccd44d8c539d01fb,0,0,0,2012-12-17 16:43:33,3742,3297,0.0202,7039,60,1,1,57,9,55721.1894,1455,7.5471,12545
1058,d75e51f512c80aab5bc7b53fcb5e58e05cdbce79,0,0,0,2012-12-17 23:29:58,68,3297,0.1155,3365,60,1,6,295,13,4418.9378,1455,11.4913,12545
1061,ced8f3808de5cb9989117fd54eede851234e1b58,0,0,0,2012-12-18 12:01:58,72,42,4.5298,114,60,19,1,1038,3,82750.6708,1068,314.7799,8030
1063,fe756a9f74a886331ad9d18aef9beabaa322161a,0,0,0,2012-12-18 12:53:39,3742,3297,0.0033,7039,1,19,1,7,3,3158.2502,1079,310.353,8101
1069,a4c056ce9e691c402ced21d02118b50b2fddb64c,0,0,0,2012-12-18 14:04:26,3742,9,4.5298,3751,60,1,1,7,3,4124.1615,1083,311.5672,8139
1071,263ee19d207cc9082887ccf3468e0746cf3695e9,0,0,0,2012-12-18 16:14:20,69,58,0.1356,127,2,1,6,77,27,82365.4047,903,444.3872,392
1074,ab5a434bb90e08a6f6ad0db4e8399912e2f0a655,0,0,0,2012-12-18 17:34:07,45,36,0.0306,81,60,19,6,1038,2,28383.6919,23,10.7298,12545
1072,de7cbfc73114d309452342c3555c0ed24e1b66ae,0,0,1,2012-12-18 18:34:52,40,68,4.5298,108,2,1,6,173,22,10446.8138,27,506.65,266
1078,0d82b68dad368d4ec89a7fc0f1337f6d2196f7c1,0,1,1,2012-12-19 15:32:27,10,3297,0.8265,3307,2,2,6,283,11,44601.1948,930,438.3714,9462
1068,8121f81e3cc5b8d4172cd88c447db9b9c2b3d36c,0,0,0,2012-12-19 21:17:35,62,53,4.5298,115,60,1,6,1038,1,24248.8574,0,385.0627,695
1076,b7a2fe44f359c23de8065fbd3e0523b8cd088461,0,0,0,2012-12-19 21:18:36,3742,98,1.1717,3840,2,2,2,262,13,38163.8161,1430,382.73,6817
1079,468b4bd95fc966640f1cb3906c473cd2bd22592e,0,0,0,2012-12-20 07:39:08,3742,83,0.0961,3825,2,19,6,30,7,35502.7366,0,406.2799,675
1075,89d30c4b4e35f1d782c5a376478ae899597e6785,0,0,0,2012-12-20 11:02:36,3742,3297,4.5298,7039,1,1,6,10,5,86377.0,290,74.3716,672
1080,14f28c39fc6790acc29a34eade4b3192be9e6d09,0,0,0,2012-12-20 11:40:54,3742,3297,4.5298,7039,60,19,1,1038,5,2939.3765,272,81.3021,712
1082,8d440b36038c6d4a3b767ca091619543a8cc321d,0,0,0,2012-12-20 11:44:30,32,30,0.0477,62,2,19,1,1038,5,86377.0,299,81.6354,699
1073,d078449cc027385c000f3f4743ea09836e6de914,0,0,0,2012-12-20 15:23:10,13,17,0.0152,30,60,1,6,8,5,4122.7192,39,8.464,39
1086,1ee3436ad2d7f72fb58e502f925c36b2980bde65,0,0,0,2012-12-20 23:44:26,24,3297,4.5298,3321,60,19,1,1038,5,62755.2913,1450,398.9762,6222
1094,4cf32b9e1c77a1a14b8e1808dc590d705afd81a2,0,1,1,2012-12-21 06:58:01,121,3297,1.8677,3418,5,3,1,21,5,67412.316,0,404.0511,679
1077,37a20933df38ed8ed1ffde0345bd04dda61e35ad,0,0,0,2012-12-21 14:10:57,3742,4,4.5298,3746,60,1,1,0,5,8516.0147,57,12.05,142
1085,173ba5036eb6d40110b6a1baebd0bf1e3f8a135d,0,0,1,2012-12-21 21:10:13,3742,36,4.5298,3778,2,1,1,49,17,34906.0017,51,506.65,12545
1095,d18a45b00426c3a14e60e450ba2424c1bfdcfc29,0,0,1,2012-12-23 10:21:24,38,3297,0.5893,3335,3,2,1,76,18,30816.4852,1441,393.8156,6326
1089,5dbaf6680509408d6719341bacc8dcbe27fddfb1,0,0,0,2012-12-30 11:53:00,57,26,0.7426,83,2,2,6,13,7,30437.4607,57,13.3135,124
1092,42fad079ff136302566fcfb86a47a702f18c2082,0,0,0,2012-12-30 19:47:37,39,3297,4.5298,3336,60,1,6,11,4,22304.082,41,14.7613,12545
1083,5850e7d8785dea6687b5adbb4417001f67d78bf1,0,0,0,2012-12-30 19:59:23,3742,3297,0.016,7039,60,1,6,3,5,474.694,42,8.9566,127
1088,9ef568c0053d5f8d0a282912bade6f50967b6b7a,0,0,0,2012-12-31 10:35:08,3742,3297,0.04,7039,2,1,6,12,60,40768.7349,62,15.5276,103
1101,27aff53802f15db329e2dfc749c630821a614dcb,0,0,0,2012-12-31 16:40:41,3742,31,0.9471,3773,2,2,1,45,9,69471.8347,57,12.5748,12545
1098,f7ada69242ab68e1522f3ec91b5fcbc6b0920469,0,0,0,2013-01-01 06:49:51,48,3297,1.0113,3345,3,2,2,67,19,38831.1234,0,340.9009,5911
1093,af2e92444b88a7eeda400647fd01e0b0da0f7ed7,0,0,0,2013-01-02 06:30:21,92,93,0.1187,185,60,19,1,28,4,19964.1639,1422,339.5733,807
1096,9b05e2df2fceb2253b075a85d0e18c3dad41ad87,0,0,0,2013-01-02 09:20:07,63,57,0.035,120,60,1,1,83,17,6553.0062,38,46.8441,214
1103,181244e5d2c85c424c41753c8a4653f4815349ee,0,0,0,2013-01-02 14:52:50,19,27,0.0353,46,1,1,6,1038,6,11200.8042,54,38.2009,20
1087,9f11334383ba8dd5609741ea7cd83aaaf5417b71,0,0,0,2013-01-02 15:05:09,9,10,4.5298,19,60,19,6,3,5,587.5225,52,40.488,50
1097,47accbcdf4f94dceafba0c2701851f3e89f8cdbd,0,0,0,2013-01-04 04:43:23,3742,3297,4.5298,7039,60,1,1,21,5,22792.9022,0,363.9375,344
1106,9a5ec37a090a3b46fc3b4f3659624c46ca104a74,0,0,0,2013-01-04 04:56:20,19,3297,0.771,3316,1,1,6,17,6,27816.2557,1447,348.8651,406
1107,ac4770f91a19f03e23e19aa920c6aba6df2cc307,0,1,0,2013-01-06 11:13:13,76,3297,1.3136,3373,3,3,2,17,6,39763.0827,1443,356.7655,6777
1099,87215c5a8f0e1d9919f931ee65fc48ba559b5e8a,0,0,0,2013-01-07 10:19:06,778,3297,1.0371,4075,1,2,1,14,1,41495.8325,1455,12.7115,157
1105,b4f081a4b96795fc09295942e547e610205a9272,0,0,0,2013-01-07 10:19:06,788,62,1.0516,850,3,2,1,1038,1,42081.0013,38,506.65,171
1108,203778455096bd3fe022cf83d1e6683a71494272,0,0,0,2013-01-07 20:55:37,3742,37,0.0286,3779,60,19,1,1038,0,37291.2331,1455,3.3641,12545
1102,2db8ba8769bb3f11eb064d4ad3bd20bba715b169,0,0,0,2013-01-07 20:55:37,3742,3297,0.056,7039,60,1,6,1038,2,39405.7819,1455,506.65,12545
1110,8334f5a0b371ce67ee96be514a54a300ea696f78,0,0,1,2013-01-08 16:32:33,62,38,0.304,100,2,2,6,53,8,11859.1214,918,372.0519,9359
1112,f9b7e12134a8e8f7dd3b93e90fe7936dd4df5267,0,0,0,2013-01-08 22:26:51,230,44,1.2118,274,3,3,6,25,8,42652.2362,44,24.2278,186
1090,55bcf94fcbb5a372874c6d40a15e71b473bde7f5,0,1,1,2013-01-09 14:04:34,3742,3297,2.2256,7039,6,3,1,322,12,45141.4679,896,393.9886,9835
1114,23984a26c3ae58e2a0adfe82bc8b914bf8890932,0,0,0,2013-01-09 15:11:06,1,12,0.7429,13,2,2,6,286,11,4228.3893,938,380.2415,9445
1118,c41e4dfdf7cdda99ba987aebc3201346001ac95f,0,1,1,2013-01-09 17:39:11,3742,13,0.745,3755,2,2,1,281,11,22836.7673,931,380.9841,9468
1104,9c1047557b61ba378d4ae6f9e557a10b4d4be239,0,0,1,2013-01-10 07:44:58,49,35,0.3875,84,2,2,1,283,12,53936.222,922,374.8835,9372
1113,360e9547ff48d07b0091f00e3b267fa7527c568e,0,0,0,2013-01-13 06:16:25,3742,20,4.5298,3762,60,1,6,10,1,4503.6945,0,354.9613,6252
1117,9e8e012e485b2e03704352a30406510b2689f551,0,0,0,2013-01-14 09:11:09,3742,39,0.7685,3781,4,3,6,147,20,62476.916,50,28.4419,12545
1084,b2f1c88c58df44b2d237cb77bdf2fef35b7f989d,0,1,1,2013-01-14 17:18:27,115,3297,0.8447,3412,3,2,6,333,13,24700.8421,943,376.8156,9543
1116,89aa89b2e355bf3ccf4dead7c073337d35327798,0,1,1,2013-01-15 05:31:17,179,45,1.6972,224,5,3,1,27,4,38493.9143,0,357.4782,6020
1109,28df6a29ad14121cfdc4bde8200fc4f29a32fbfe,0,0,0,2013-01-15 13:20:09,23,3297,0.0244,3320,1,19,6,12,6,7936.0993,1448,353.6839,6122
1125,c45d2bd2e60bfc0352c0923ddccc9e34b94c10f6,0,0,0,2013-01-15 21:59:49,165,3297,0.7004,3462,5,2,6,713,51,24444.9462,1455,27.8508,678
1115,b3f665bbc86061cc60210039913449704ef97eb8,0,0,0,2013-01-16 01:45:28,3742,62,0.0933,3804,2,19,1,641,50,47012.6921,0,343.6777,5966
1111,94df615d6cd072ecd00729658550fe4af8cfdce5,0,0,0,2013-01-16 20:23:48,60,41,1.555,101,4,3,1,1,5,44116.1024,266,51.2387,717
1124,e7c81c99d1d825bebac5c701baaf8c78713c48c0,0,0,0,2013-01-17 01:13:10,3742,3297,4.5298,7039,60,1,6,19,7,10907.8884,1455,506.65,12545
1127,666d9e96e0cfbc8c706062a316c82e1031364c88,0,0,0,2013-01-17 01:22:56,24,3297,0.0186,3321,60,1,6,13,7,3.0,7,506.65,95
1129,221742517d79ac223ff7b6dccfb89de723689d34,0,1,0,2013-01-17 10:25:05,50,53,0.8745,103,3,2,6,294,10,50113.8212,48,29.2715,12545
1121,33edd883294bc0a240252af7d004c83c2102ed91,0,1,0,2013-01-17 11:57:47,76,69,1.565,145,3,3,1,92,6,39377.0953,953,373.7383,9629
1128,4f03df7146b3f7bc936b60a3f60ee8fd38268c30,0,0,0,2013-01-17 12:57:33,153,3297,0.0854,3450,2,2,1,7,3,64570.7754,42,18.9398,47
1131,a50b2617eca598789011344e963e656bcd9670c7,0,1,0,2013-01-17 13:17:20,8,7,0.0062,15,1,19,1,26,4,4613.4405,931,380.04,9533
1126,bfced8dbc2506769a2a97f59b34ccdcd8381005b,0,0,1,2013-01-17 16:07:08,3742,32,1.4203,3774,2,2,1,75,5,28432.6659,944,383.6304,9580
1130,fe8069022b2f43d705a05ec31895bb19087626dd,0,0,0,2013-01-17 22:44:18,3742,3297,0.0186,7039,60,19,1,8,2,20145.4648,0,354.9561,6200
1136,19b6542fbeb87b3539d2213040c6af23b341ef53,0,1,0,2013-01-17 22:54:13,61,33,0.9765,94,2,3,1,20,6,54620.6257,0,355.4731,6084
1123,c87725e81481551a5c263027e68876491d9ed26e,0,1,0,2013-01-18 05:34:57,95,3297,1.6379,3392,5,3,6,39,10,40433.4065,0,358.4066,6072
1134,6b201976f02689a0825e997e0d3a05edfc502437,0,0,0,2013-01-18 09:00:34,28,3297,1.0137,3325,3,2,6,10,5,75947.4746,38,23.0457,60
1137,6843a604d353c59b9e59a58136abac4fcf2ef1d3,0,1,1,2013-01-18 10:26:41,3742,3297,0.8345,7039,1,2,1,56,7,64969.6117,923,373.8088,9568
1132,0c6c67f863b3579842df0757d31ced5618ed12e9,0,0,0,2013-01-19 17:13:56,3742,197,4.5298,3939,60,19,6,702,51,78441.8334,103,506.65,12545
1133,1e9ef523f253c73b1ea97ae090075d0848976afc,0,0,0,2013-01-20 21:14:47,3742,37,0.8335,3779,2,2,6,16,4,43642.1925,44,18.6945,17
1139,4f25f906fa13c86d64e1058849f70037dd39807a,0,0,1,2013-01-21 10:24:38,3742,68,0.515,3810,60,2,6,309,10,70329.9664,15,12.1571,12545
1142,fec648c6df307b78f1d525f142deb0047e77481c,0,1,1,2013-01-23 16:15:25,3742,40,1.0418,3782,3,19,1,21,4,12794.6723,917,383.2937,9643
1138,ba048562af858ffc03aeb2f589c8970325594b3f,0,0,1,2013-01-23 17:12:28,3742,3297,0.9571,7039,2,2,6,298,11,24639.0743,939,380.6845,9563
1135,cad75fe95a6be9910edb1f5b7786bde87ffa6203,0,0,0,2013-01-24 13:47:08,3742,24,0.0261,3766,1,1,6,1038,3,6878.9738,29,14.1637,12545
1140,7a6532af1d9a5fc53a853209400d89a17f290a76,0,0,0,2013-01-25 15:31:11,16,3297,0.0171,3313,60,1,6,1038,1,1415.7106,1090,261.905,8020
1147,c2ca821b2038b8232be82ad303040032c27d1d79,0,0,0,2013-01-25 21:05:25,11,17,0.0259,28,60,19,1,8,4,4.5956,1455,3.9832,40
1149,3ccfcf015ce09952a8f7fe3c2b5539baad081d64,0,0,0,2013-01-28 10:47:21,25,3297,0.0186,3322,60,1,1,5,6,50798.8123,38,23.7682,41
1144,2ef4bef96e1f3f423ae79975a93b73f00a80c46c,0,1,1,2013-01-28 13:16:21,39,3297,1.2364,3336,3,2,6,257,25,36447.564,1092,257.1219,8183
1153,0ff460ba42f976b86fe977d06811696d73c1c347,0,0,0,2013-01-29 14:56:43,26,3297,0.0333,3323,2,1,6,10,9,4401.3082,943,381.2735,9395
1146,711e6e6eba28636af8058ff98c92028ccd52b1c9,0,1,1,2013-02-02 10:44:51,184,177,0.8247,361,12,10,3,151,24,48133.2652,0,333.4679,6318
1158,d2c7dc0bdb595a9009cf25c8fb07b159f3941181,0,0,0,2013-02-03 09:28:36,192,3297,4.5298,3489,60,2,6,586,45,80006.5556,1455,506.65,12545
1156,b51ce19fc78d79b3a744e7218349a454949e54ec,0,0,0,2013-02-03 09:29:36,3742,148,0.2367,3890,60,2,1,693,47,2990.4881,1455,31.691,887
1152,0f12a5ab2a917068a600934c2715b8775c787767,0,0,0,2013-02-04 11:05:06,69,21,4.5298,90,60,1,1,1038,1,40476.4474,39,21.2136,12545
1157,28e2bae39e8d71192d0ff5a183a4b8ee5619485f,0,0,0,2013-02-04 11:53:10,20,3297,0.0284,3317,60,1,1,38,10,51297.5832,12,14.222,12545
1163,9617b70a4689b46c20136e45cf11cbe68e949f70,0,0,0,2013-02-04 19:42:58,36,64,1.3264,100,3,2,1,1,5,47515.5321,32,46.7668,12545
1155,656cfba1e2eb44836bf5db6a5e5a9975d73e140a,0,0,0,2013-02-05 10:29:47,145,61,4.5298,206,2,19,6,680,48,37195.1993,0,344.2462,6416
300,a887ab2cf49b555ca8ef088199f1e39ed0575c2f,0,1,0,2013-02-05 13:47:14,351,57,1.3636,408,6,4,1,81,19,36960.1311,958,371.4269,9340
1160,a50ae15e5841a528910f71175793ec09423e2dcf,0,0,1,2013-02-06 13:55:12,12,3297,0.0669,3309,60,1,1,16,60,54388.1719,910,373.3662,843
1162,47a1d74fd5e8d79c12a0d5e99f67b2be9dd6ec10,0,0,0,2013-02-08 12:43:22,1,3297,0.9939,3298,2,2,1,10,6,41199.1966,930,379.7654,9542
1161,6bdd46c7a99e67e037ffe912aec5f91f1025cb61,0,0,0,2013-02-10 13:36:47,35,21,0.0153,56,60,1,6,1038,6,80146.7974,43,44.7491,96
1154,f3ad7d6a3d5febaf7ad09363ae905942fc71b573,0,1,1,2013-02-11 14:41:21,3742,26,0.7526,3768,2,2,6,301,10,42114.8844,917,383.0589,9342
1165,da9dc5a22d4bdb431af1fe97aed3001044f1cf1f,0,1,1,2013-02-11 16:56:50,43,17,0.8887,60,2,2,1,294,11,5300.428,929,380.0492,9539
1167,c1eedf78514e5fdcd62ee4e7995f39ed17d0573e,0,0,0,2013-02-11 21:07:16,67,3297,0.57,3364,2,2,1,1038,5,24430.1836,40,24.1592,224
1151,422832d0a399bce89c8b72db9ad4d177b620f8bf,0,0,1,2013-02-13 16:44:59,30,27,4.5298,57,60,19,6,28,3,21773.9224,950,382.4427,9371
1164,5e8cf1fd75b5025c45cb0587bae1386cd40ce970,0,0,0,2013-02-15 08:26:35,61,3297,0.0429,3358,60,1,6,62,12,63540.3986,944,375.2602,9626
1166,ea574547b2532587b5496734f173090ec5b9b55f,0,0,0,2013-02-15 18:27:48,2,3297,4.5298,3299,1,1,6,1038,4,52610.7247,5,0.0544,24
1170,4ee88dda97a27948b832647ac57bba568bf5e067,0,0,0,2013-02-18 11:10:04,85,3297,1.301,3382,2,3,2,33,5,25971.7587,0,340.4588,386
1169,e42649898841cf4c28cb7375d9eeb2931dcf1888,0,0,1,2013-02-18 15:56:07,41,20,0.1019,61,2,2,1,65,12,16947.3832,1086,262.0079,8046
1174,99b68038f2b082f177558bdc6c10f5ff52d536f1,0,1,1,2013-02-20 08:25:05,162,170,1.8217,332,5,5,6,388,22,56435.9026,962,365.5089,9186
1145,1de2b7961f9b20fab63f3ca643ccdb027f633baf,0,1,0,2013-02-26 09:18:50,91,3297,0.7784,3388,4,2,1,35,7,60955.9114,0,346.632,6256
1168,095c437f584628a6a6c9adaa23af76b28f14b61e,0,1,0,2013-03-01 08:56:43,65,3297,0.9415,3362,3,2,1,20,7,56723.4725,1446,355.1786,6100
1175,06e64e8d8cbf005c88cf288ed8a27325fbcaef84,0,1,0,2013-03-01 12:13:29,26,24,0.0124,50,60,1,1,23,6,12002.434,0,352.8738,6179
1177,00bac2efde6c2752859399ab6c477ddc3c87a6e3,0,0,0,2013-03-03 02:49:20,3742,3297,0.3125,7039,1,2,1,2,6,51146.7695,0,356.5323,6064
1173,9eef76ee42d4e80fafb80798a0f31525d38a82e0,0,1,0,2013-03-05 13:46:30,0,73,2.3978,73,7,3,1,265,14,46436.9423,906,363.0052,9724
1178,55cfaa0ed270afcb1c86bf723bc4a6d9da01447e,0,1,1,2013-03-06 11:15:20,3742,25,0.9474,3767,2,2,1,107,9,7997.2622,929,376.9186,9427
1159,a321f3fc6d4058b495875a0ef3549b9a1b0c12e9,0,0,0,2013-03-06 14:27:21,3742,3297,4.5298,7039,60,1,6,20,7,58844.6592,920,373.0749,9406
1172,fd2275eceeb6b9f45854a13e24356b02484010f3,0,0,0,2013-03-11 15:07:37,3742,22,0.2592,3764,2,2,1,15,4,29641.0056,926,382.8432,9400
1179,055cd07b4ef9d0e3fcb8a033a81b3585a171c2d6,0,1,1,2013-03-13 08:47:14,63,67,1.4048,130,2,3,6,36,16,62225.0646,920,369.5775,9272
1183,b7de4ac80c9e13ba239b7b0dd0746cff8f8b3d3a,0,0,1,2013-03-13 11:51:34,50,3297,1.5364,3347,3,3,6,289,11,67902.953,945,375.1504,9572
1176,27646e7cd324b18e3b7aeb62497da08dc476e771,0,0,1,2013-03-13 18:28:37,29,15,0.4585,44,2,2,1,13,4,43309.6783,925,375.9384,9571
1184,2dab24c5b82be0196e0ad9c4a4dbd292f32ab1e9,0,1,1,2013-03-14 10:15:57,4,3297,1.7276,3301,5,2,6,347,14,77057.0445,916,375.371,9591
1180,a31bf45d56ab8bfc3dfc0c68b22932ac950cb10a,0,1,1,2013-03-15 15:05:54,148,3297,0.9667,3445,4,2,1,298,11,16288.3803,920,374.1252,9578
1185,efcee3009e4517784be423cf6ccd4c409ad2cf71,0,1,0,2013-03-15 16:16:09,99,3297,0.4542,3396,2,2,1,9,6,62188.4918,15,15.6629,99
1193,a52f2019f39c9fc4df4481b6a9792ecbf40d8e2f,0,0,0,2013-03-15 16:41:03,135,63,0.956,198,60,2,1,704,50,78970.6938,963,392.4877,9757
1187,194dbb0cab6c291df91ee1e8f7c62dc6a022aedf,0,0,0,2013-03-16 14:47:35,3742,125,1.0115,3867,60,2,6,719,47,82644.0072,964,395.4207,9233
1202,5b95a1b031be6da4d3a35c4af90a855e9f95cd3c,0,1,0,2013-03-19 11:27:59,812,49,0.3275,861,3,2,1,677,50,24792.4308,0,359.0534,6374
1190,417e69349143834b1a3416259efc764e3c4e0cb1,0,0,0,2013-03-20 09:36:53,3742,3297,0.0412,7039,1,1,1,18,1,79026.4075,0,346.6014,6283
1186,bac585f7e05d3fb3032d3c38e8b104bd5427b36e,0,1,1,2013-03-23 05:11:43,30,47,1.56,77,2,3,1,181,16,24526.8689,1433,356.1885,6293
1192,1f8dfbc69795b2908123b6359a6e166ec501fbdc,0,0,0,2013-03-24 09:22:19,44,46,4.5298,90,60,1,1,7,3,78706.443,1444,349.5379,6218
1196,bc418195670857477133668f89319a069a499dc9,0,0,0,2013-03-24 10:06:20,69,73,0.9679,142,3,19,6,148,18,14840.6911,0,342.2701,5937
1188,19df2fe73147af136e6a3347b6c0a527e0035dfa,0,0,0,2013-03-24 22:41:48,5,20,4.5298,25,1,1,6,33,6,70445.347,0,348.303,6060
1199,0e16db0bf6acb9ba98b418c372536f713f8a8ea9,0,0,0,2013-03-29 03:08:55,73,3297,1.0669,3370,4,1,1,20,6,63101.5777,1426,362.8533,740
1194,b9d75ac21d166a5b4fab2e666e0eb72ef57c90f4,0,1,0,2013-03-29 23:22:06,167,3297,1.1743,3464,2,3,1,42,14,47546.1733,1455,506.65,118
1191,2ece7cf7efb81da25c8cf40247367373163726e0,0,0,0,2013-04-02 12:07:02,71,35,4.5298,106,60,19,1,27,4,86052.5146,0,356.8234,6034
1195,d46b1706316f4b57c7a3843cd82956bd2ac60747,0,1,1,2013-04-03 20:17:42,71,3297,0.9394,3368,2,2,1,69,5,30469.7354,926,382.525,9443
1204,92ee2f4f570085267f78eb3fefae64435e0add8b,0,1,1,2013-04-04 12:23:44,35,15,0.8721,50,2,2,6,34,3,39258.4348,938,377.4358,9539
1206,cfaa734e2a5db0ebff48416726c7f9a09f818979,0,1,0,2013-04-04 19:48:43,62,103,4.5298,165,2,1,1,24,5,40718.3365,1450,349.5152,6079
1201,86c517e19daf23e4052b35dfa9c16a7a4d0dfbd6,0,0,0,2013-04-05 08:33:45,59,25,0.9195,84,2,2,1,10,7,27952.7321,1448,354.079,6078
1203,d1215d446377c705cd4bc2d759a068020f24ff41,0,0,0,2013-04-06 06:31:03,333,30,1.4573,363,3,3,1,16,1,36863.5233,1455,12.3328,12545
1207,e91dbc2ce13d410416632d5945c02aee02f07ade,0,0,0,2013-04-07 10:54:03,78,3297,0.8857,3375,3,2,2,1038,4,23409.3666,1455,12.3097,212
1200,8130d00d6c3df17f2295fa1c1b24143957e1b0b0,0,0,0,2013-04-08 07:55:41,25,3297,0.6018,3322,3,2,6,96,19,85369.1558,15,13.783,12545
1205,7d5dc23428adbd1c46569eb61878c3334c200b0c,0,0,0,2013-04-08 12:33:15,147,3297,0.9822,3444,2,3,6,1038,4,34966.575,1455,0.3312,12545
1214,1a40b9a619d624d23b4d55b98e6462fd87efe9de,0,0,0,2013-04-08 14:58:03,50,150,0.1048,200,60,1,1,123,26,77958.8863,1455,17.4143,259
1197,b9bc3fc8edda091d82373dc5600bc9c47e32749e,0,0,0,2013-04-08 15:06:08,3742,17,0.029,3759,2,1,6,1038,5,10038.0068,1455,4.0147,115
1211,d015ba5a3912eb63df82083efad6f7d8807f79d4,0,1,1,2013-04-08 15:14:50,176,3297,1.6764,3473,8,5,6,525,28,22774.2724,914,369.9573,9754
1216,01acacda8a2e628e05d7108e58b45f408fab96e3,0,0,0,2013-04-08 19:51:18,6,3297,1.0905,3303,3,3,1,27,4,46689.8945,0,353.9901,6222
1208,fc1822f61a80452f09d086d3461cf0a70539ae2a,0,0,0,2013-04-09 09:56:30,23,3297,1.3946,3320,3,3,6,22,6,58882.2304,1447,355.163,6250
1210,390dbea290b07aca7d0c329bfc052b300bf446fc,0,0,0,2013-04-10 08:12:28,76,3297,1.3489,3373,4,3,1,14,4,67245.9728,25,2.6677,12545
1221,c56ae6bc65a4f330bc5e1586558567ca42ab3103,0,0,0,2013-04-10 10:08:27,35,43,0.8907,78,2,2,6,11,4,28958.9725,0,349.5514,6217
1209,67cfc420574b844071472ac7072b7283640fee49,0,1,1,2013-04-10 13:03:26,46,3297,1.008,3343,2,2,6,36,4,42501.5405,930,379.8575,9459
1218,98fc45083cc2be6787347fa1b6ed226ff13dfb55,0,1,1,2013-04-10 14:12:10,34,3297,0.7945,3331,2,2,1,303,10,43902.1824,919,375.0805,9656
1219,466165133f235dfa47e7b0c419fbfa7feb9d5d25,0,1,0,2013-04-10 17:14:12,104,3297,0.7995,3401,4,3,6,85,11,32938.4339,913,384.8768,9668
1225,283de0d30990684f807f653e92e01e9e75082221,0,0,1,2013-04-11 21:05:00,69,49,0.701,118,3,2,1,153,17,68534.4547,1440,356.6052,5996
1215,d426874063dd2564e7b99cac19f380fb43589f13,0,1,1,2013-04-12 08:47:47,159,92,1.6502,251,4,4,1,5,7,37552.3094,0,356.6065,6016
1227,8c9b00bf9d6c03d300a0c686803447e35c38eb9c,0,1,0,2013-04-16 11:52:37,33,3297,0.9102,3330,2,2,6,297,11,74018.6424,939,376.9765,9455
1182,11015541ad3f2555ac50548e8dcdcd6c61484474,0,1,1,2013-04-17 15:51:05,22,3297,4.5298,3319,1,19,6,33,4,9857.7152,941,376.1588,9465
1217,c3c19b67a414d506e42fa1db0cb0c76eebf3c2bd,0,0,0,2013-04-18 09:26:41,171,25,0.6722,196,3,2,6,1038,60,40236.47,18,24.453,12545
1226,d750a676601a24edd8681954f69e60fd5a1727da,0,0,1,2013-04-18 09:44:21,0,14,1.0015,14,2,2,1,307,11,78447.5857,938,380.604,9564
1233,b5b2543ea5dcc10ccb010ff193ba57051bfca34a,0,1,1,2013-04-18 15:05:07,22,19,0.0558,41,3,2,6,301,12,15562.2889,920,382.3457,9380
1235,9093d6a8dd785f33be2df87e6a044300a03e929b,0,1,0,2013-04-24 11:47:56,43,25,1.7349,68,4,3,1,41,8,40320.5044,41,24.3714,19
1220,9f1cffca77db21caeb17da9754d6804b5780efa6,0,0,0,2013-04-25 08:50:07,7,23,1.0241,30,2,2,1,12,4,73260.6238,0,355.0537,6282
1229,a5591fde2983cc3e39068ea66b0dc59ff96958a8,0,0,0,2013-04-25 09:08:38,116,46,0.1176,162,2,19,6,22,9,39769.8467,1446,350.0793,6229
1240,fe42125388004a5cdcf1111b32254e9ca5fe1cc3,0,0,1,2013-04-25 10:02:12,97,3297,0.0347,3394,2,19,1,658,49,80871.8919,1441,355.5933,6336
1239,22367496d09001acc9b0eb3f5907812dfd7562ae,0,0,0,2013-04-25 10:05:06,53,55,4.5298,108,2,1,6,49,12,68749.6512,956,385.4639,9350
1228,4446422142525a9c75bb0b479a746eeb83493de4,0,0,1,2013-04-25 13:38:48,63,3297,0.4245,3360,2,2,1,27,10,13540.1445,924,375.7146,9610
1236,46d047a73c2f147b170755bb46223bcee0da72da,0,0,0,2013-04-26 07:48:35,160,35,0.9567,195,2,2,6,3,5,50031.7006,919,374.1958,9378
1241,5ca85ceea974ec7d8d35bae904d1ddab776acfa6,0,0,0,2013-04-28 06:41:45,17,44,4.5298,61,60,1,1,1038,2,58091.9527,7,506.65,12545
1213,451a3c2b343657ece3b91afa52388bc60e3a94b0,0,1,1,2013-04-29 11:59:42,3742,41,0.8956,3783,3,3,1,359,16,38188.0917,914,385.5701,9678
1237,d126cd36c114973a9fbecc72be2cdf49199b965a,0,1,1,2013-04-30 14:54:59,48,52,0.9119,100,4,3,6,56,5,11023.7396,921,384.3143,9620
1244,6284872c97f055c34f4d8f0f48cc8512e70a957e,0,1,1,2013-04-30 16:49:00,36,28,0.9393,64,3,2,6,320,12,14600.5684,920,384.0977,9564
1238,3e97be39bf4d011b71022ee8c172a6b803a08138,0,0,0,2013-05-02 10:45:29,43,3297,0.0512,3340,60,1,1,49,12,1568.396,921,382.7219,9407
1243,a9f995b28353d97e7a754174695df1e36966f802,0,1,1,2013-05-02 14:28:03,3742,3297,0.9168,7039,2,3,6,332,10,36969.3132,914,374.0666,9381
1171,8b277be71484f08c2088c08109ade2649e5fde40,0,0,0,2013-05-02 15:04:51,65,63,0.0427,128,3,2,1,52,13,1833.8457,919,385.6894,9663
1242,06bf381c6bf40da156ffa44ec47a86433fa9b41a,0,0,0,2013-05-02 15:52:14,191,3297,4.5298,3488,60,19,1,640,47,75154.3837,991,365.9115,9094
1250,f8a69bb2f0ec8e330c6df4163f4c74a4df701907,0,0,0,2013-05-02 16:13:25,3742,69,0.0517,3811,2,19,6,678,50,161.0649,953,373.7688,9267
1252,07b0a32e25a541144ac1819b410a727ad52d8cb8,0,0,0,2013-05-03 07:25:45,3742,74,0.0935,3816,2,19,6,694,50,56925.1501,897,370.3774,9301
1234,44ef277117ed2f15d31253cf7e559bdb57dcbcd8,0,0,0,2013-05-21 09:48:03,31,3297,1.5825,3328,2,3,6,18,3,27174.2793,1441,346.1736,6265
1246,8453ac1e9a4188905a6fc7b5930172b95c699d45,0,1,1,2013-05-23 08:15:10,109,23,1.6025,132,3,2,1,311,11,71932.0723,945,375.6023,9444
1247,210043c54c821d117ef3d2822c7ae63cb38e78dd,0,0,0,2013-05-27 05:04:48,39,3297,0.2492,3336,2,2,1,26,7,23685.6667,1455,0.4958,62
1232,4d3422cbc477520fffb1ef61c8b7d43598d888e6,0,0,0,2013-05-27 11:37:58,68,30,0.3938,98,1,2,1,65,7,69212.4782,918,374.5857,9375
1249,89934b3c7f82b2742eeaba02725ed78d663c5ae7,0,0,0,2013-05-28 07:39:46,44,43,0.0637,87,60,19,1,27,3,52213.5758,921,373.4329,9684
1198,4873deb30d4af7b1b1b441606f6ed0b279b79d2b,0,1,0,2013-05-28 13:06:25,334,3297,1.4742,3631,3,3,1,6,0,53988.5338,1455,506.65,12545
1245,fbc44311020fc92e31bab045b4f0be016413275f,0,0,0,2013-05-28 13:20:00,3742,0,0.0168,3742,60,19,1,5,5,422.5181,9,4.3268,44
1254,223f33fbf052d24a214794608fcc91396cb11676,0,1,1,2013-05-29 08:33:15,3742,122,2.0556,3864,5,3,1,558,25,50521.6418,890,395.1983,9966
1224,f3624b81af40f18b91b7744c72dd990881f664bb,0,0,0,2013-05-30 14:41:32,133,3297,0.383,3430,1,2,6,18,9,53946.6578,1069,255.0454,8019
1253,a88e3e2fa81766b6b28027232e49cb5150fe1a54,0,0,0,2013-05-31 05:36:19,197,3297,1.1231,3494,60,1,1,638,52,30909.4408,71,38.3122,583
1266,6404416b7a2a6d642d9f64f997c9a612fd0ec3aa,0,0,0,2013-05-31 08:43:05,3742,3297,4.5298,7039,60,19,1,684,48,38968.4104,1436,339.1429,6458
1264,2d60e35f815106adb4cc276fb143b7b0edafee04,0,0,0,2013-05-31 18:56:18,3742,3297,0.4736,7039,60,1,6,733,53,24247.9926,112,40.7988,662
1255,fffa9f28ad82da30c934dc144cccc7967558a713,0,1,0,2013-05-31 19:42:38,89,3297,0.0117,3386,60,1,6,1038,2,25780.924,1077,261.2771,8153
1257,9db3b6996a7a7c06f135463fd8b44dc11cf365e3,0,0,0,2013-06-05 14:29:19,24,24,0.0181,48,60,1,6,5,2,86065.5172,1085,256.8883,8168
1261,d83d1810b285f61d077a708201fa8ca126c00aa4,0,0,0,2013-06-05 14:30:04,3742,3297,4.5298,7039,2,19,1,67,10,85682.1944,1070,255.455,8001
1268,ba673e0139dd0cff68d4d2149e48a0d37b23c9f8,0,1,1,2013-06-07 14:22:06,3742,43,0.651,3785,3,19,1,334,12,13849.3045,953,371.5173,9653
1259,bff9e1b553bb4e991697c7e7fddbb9f68dec9d4a,0,0,1,2013-06-07 15:55:25,38,30,0.7253,68,1,2,6,114,10,18549.8257,945,382.5647,9397
1262,d81e32b908ea1e6ad4111062a734303d621a34e1,0,0,0,2013-06-10 15:28:07,3742,22,0.7618,3764,3,2,6,53,11,32371.6607,1087,257.3048,8195
1269,3b3118d9c20049612f07602de1048b815adc92f8,0,1,1,2013-06-12 18:45:42,5,3297,0.2857,3302,1,2,6,300,10,14306.321,952,382.694,9632
1260,45095f5aa786260e23dc3bdc72a39796cc64df42,0,1,0,2013-06-13 15:46:15,106,3297,0.9783,3403,3,3,1,123,13,61567.3281,1089,257.5268,8179
1271,6f4ad565bb8164c088d66b7224b72be72e9c33a2,0,0,0,2013-06-19 08:03:52,16,16,0.0193,32,1,1,1,8,7,26803.6157,1455,1.2928,12545
315,80187c58215ee298df8428a7ff6623b7b8b2584f,0,1,0,2013-06-21 08:48:58,309,128,0.6208,437,2,2,6,11,1,71603.2566,922,375.4361,9631
1248,561fad780794a5ac6be81818d2f123496e6c9bad,0,0,0,2013-06-21 11:17:08,27,3297,0.017,3324,60,19,6,39,9,7992.6453,0,348.8148,6227
319,3159b0c21f957fee4967d004b5e72e8ad4638cc5,0,0,0,2013-06-21 13:37:54,3742,22,0.0186,3764,1,19,1,7,1,16675.2916,928,376.7635,9410
1263,5ad02c49476a9224edf606cb43946731d65abc82,0,0,0,2013-06-23 10:34:52,3742,3297,0.0119,7039,1,19,6,18,7,5728.8921,1455,1.439,45
1270,5184763eb7700826c4b40ebd99476399274a2156,0,0,0,2013-06-23 11:01:53,3742,3297,0.0076,7039,1,1,1,13,7,1764.2143,6,3.8007,25
368,9a74e4679c505bf60eab729574d58755f980bde0,0,0,0,2013-06-23 20:41:04,93,11,1.4626,104,2,2,1,183,19,38851.9903,304,49.2382,696
317,5735739988ab6a5db5ab2070eca0c2dd1ebd16e3,0,0,0,2013-06-24 14:36:23,29,73,4.5298,102,60,19,6,1038,1,3878.0238,927,381.2531,9551
321,d6f78297dc3a82165281c4bd6c8a020845523dc1,0,0,0,2013-06-24 16:41:52,164,3297,0.8145,3461,2,2,1,1,2,40117.8102,926,380.9394,9440
295,ef4e006e0435b6b1ede9af1b0d0d3fb4dbf597ec,0,0,0,2013-06-25 08:21:40,92,42,0.9507,134,2,2,6,19,2,57368.3147,917,382.2697,9349
313,2d8ca8a6df687db8d95bbc4ed14968847c54c748,0,1,0,2013-06-26 11:15:16,52,7,0.0281,59,1,1,1,1038,1,9735.1903,925,381.9214,9588
1275,b612c18f67df59afe53bb5b25289229c3349edce,0,0,0,2013-06-29 03:58:43,36,20,0.9788,56,2,2,1,1038,2,31729.1679,19,9.3594,128
1230,be4d7c3b7436f432b93eab381f0b637363fa9bb4,0,0,0,2013-06-30 13:58:43,47,21,0.9513,68,1,2,1,1038,0,35454.8084,1455,2.8937,118
1273,6773fe3087a2748ceffd8c8642cfac1a09ea8712,0,0,1,2013-07-01 10:11:10,38,3297,0.9816,3335,2,2,6,306,11,69346.0601,941,381.1085,9463
1280,f55f07514e99f3fc4e787c0b178d82ea73c18fc6,0,0,0,2013-07-02 04:24:21,3742,54,0.1001,3796,60,2,1,170,20,2115.7787,1429,366.7774,6400
1281,5c7fce3349c5df2332dac7cd96a7998584b1d77a,0,0,0,2013-07-03 12:02:51,33,25,0.7027,58,2,2,6,77,7,34760.8835,1085,256.6387,8040
1272,7a0ebe6557c401d5e9b3f6ae9d990ef137f0c631,0,0,0,2013-07-03 12:56:04,27,3297,0.3781,3324,2,2,1,312,11,6067.4688,1068,255.5506,8202
1278,b33aabca7ddad4fb17e4fad9863c5eec7c153941,0,0,0,2013-07-03 14:40:54,39,31,0.73,70,3,2,1,1,6,48011.9305,19,3.6981,12545
1284,70d4c47c9741cc440439baf6b841cd3adb83587d,0,0,0,2013-07-03 18:04:56,35,49,4.5298,84,60,1,1,294,10,19769.673,1062,253.1807,8011
1267,5d8124546a22c148a1c9a818f3de7ba6c018bbd6,0,0,1,2013-07-04 09:13:23,48,35,0.9744,83,1,2,6,308,11,65929.54,918,374.723,9404
1283,2fce95882e4bbff03f77a6fbbbbbdd2b36d46238,0,0,0,2013-07-04 13:37:40,60,3297,1.4168,3357,3,3,6,21,5,69930.8598,951,382.8015,9658
1274,c1dc3b35e9ed5a6aba8d2574fad2ba319cf07430,0,0,0,2013-07-04 19:09:56,121,3297,1.1892,3418,3,2,1,12,3,62430.0556,65,45.7955,151
1286,cea7e8a8b9168bec9e2e1f95fbe9637a7c391d00,0,1,0,2013-07-04 19:20:44,168,50,1.0628,218,2,3,6,15,5,14779.5026,917,382.5083,9335
1291,f97b6310eab7ac93b044403c2d40c9e67a7ccf97,0,0,0,2013-07-04 20:14:43,45,3297,0.3258,3342,2,2,1,0,5,2516.5315,946,374.9699,9427
1279,d1ab764846e8178a7b075f582bd8beee998d2c1a,0,1,1,2013-07-05 09:38:09,4,25,0.7005,29,2,2,1,145,9,77110.0018,1092,263.3635,8011
1290,bfd0c2cc44d4fa4629894dddb7c26916cf773b0c,0,1,0,2013-07-08 19:32:47,88,97,1.5167,185,3,3,6,354,12,26539.5876,947,371.3015,9386
1295,cf67847ab55ded7b6e3ba862217af8617f86df04,0,0,0,2013-07-09 09:24:25,3742,11,0.0078,3753,60,19,6,11,5,5860.0256,936,377.6148,9533
1258,3b90b64b642646a24e676b9358b35623b7daef6d,0,1,0,2013-07-10 13:06:35,228,77,0.072,305,2,19,6,332,10,64192.2912,1101,268.3926,8352
1298,35f480d3c42894803983b977a0a1911ac1924765,0,1,0,2013-07-16 12:35:36,158,61,0.0422,219,3,2,1,337,10,46288.6846,1059,249.7878,7999
1287,10cfd5afd883f3146bbe9711dd4072cb2669df41,0,0,0,2013-07-16 14:09:05,3742,12,4.5298,3754,60,19,6,318,11,5752.7376,936,379.2022,9514
1293,e355fb6b85668345823a20549892de463f841975,0,0,0,2013-07-16 14:40:00,3742,18,4.5298,3760,1,19,6,3,3,79895.1483,1455,0.9342,56
1300,e0243a444fd9bb556028a8a2190f411e9317a19e,0,1,0,2013-07-16 15:10:51,12,3297,4.5298,3309,1,19,6,314,11,3480.8464,1077,258.1627,8082
1302,b780db5a1532c4fb90b725d193c923ec35838f38,0,1,0,2013-07-16 17:13:51,73,60,1.0072,133,3,2,1,319,10,13132.8488,1058,264.2888,8014
1292,7ef6e5c38d110a79fba335dd6a6970086aabf4c7,0,0,0,2013-07-16 18:00:32,3742,3297,0.0252,7039,60,19,6,13,6,44041.8844,42,39.5729,79
1299,502bbf1201218684135d0b12aed12288b13a4ed8,0,1,1,2013-07-19 18:50:02,75,47,0.7348,122,2,2,6,320,12,6370.042,1086,264.4306,8061
1304,8d71c3ee1e148eeb3ba941ac03782c6d7e9cc62d,0,0,0,2013-07-20 22:28:48,3742,19,4.5298,3761,60,1,1,11,5,18580.0764,17,9.7044,12545
1277,ab73b582f8aebfad13ffe7a032dc4ad6b1479b3c,0,1,0,2013-07-25 16:07:17,23,38,0.0134,61,1,19,6,12,4,11006.499,939,381.206,9447
1296,b14287c18bde33be63f9b825b9fd6068ca46c2e1,0,0,0,2013-07-26 21:27:51,199,27,1.0345,226,1,2,6,3,7,69990.4953,37,38.5567,168
1306,b1f5ff69679fecce3a5a5b5d61dde2c6e8ef3735,0,0,0,2013-07-28 16:16:14,56,3297,0.9668,3353,3,2,1,30,9,45131.1619,62,45.6385,12545
1305,d2a43c8499562510c3108cdc497ddd83f62f4153,0,0,0,2013-07-28 16:16:14,3742,3297,0.9649,7039,2,2,6,14,10,46598.7866,37,47.0303,12545
1294,cafdf641bbb208fd3e9345d8ec21a108a97a2b37,0,0,0,2013-08-01 09:08:07,3742,3297,0.014,7039,1,1,6,26,5,14474.3896,1075,261.068,8073
1303,c883956d305b3533e86c0d55c3b87f43d3562af5,0,0,0,2013-08-01 09:12:37,21,3297,4.5298,3318,60,1,6,66,11,63510.8175,1076,261.3288,8057
1307,aa1a7dcc514b2ba751407250c9dd7eae31458293,0,1,0,2013-08-03 19:20:23,104,12,0.9548,116,2,2,6,2,4,54105.0429,8,0.3557,45
1313,34a5a8fa9eb1c717e6a96b8be642495c450f4a8a,0,1,0,2013-08-06 11:50:39,73,48,0.0825,121,60,1,6,337,10,62044.1489,1058,253.4745,8306
1301,5ca267b1d3fa3828e8b99384982f738904854277,0,0,0,2013-08-06 13:39:46,8,3297,0.015,3305,60,1,6,318,11,6786.3533,1074,261.5757,8141
1308,dbe1efe26cdab7976c244c1c75395359811c642f,0,1,0,2013-08-07 13:24:49,22,3297,4.5298,3319,1,1,1,6,6,3.0,1075,260.9904,8069
1322,c642acc09c6dd879d8a90d590940ef09575b553a,0,1,1,2013-08-08 15:28:51,56,3297,0.9907,3353,1,2,1,178,22,37703.0499,959,384.9296,9702
1285,35aea87eacb8a211d932e51f0d4091af70a512b6,0,0,0,2013-08-08 16:37:23,3742,3297,4.5298,7039,2,19,6,142,20,5478.7321,920,387.1033,9656
1311,bfa3799d444a80eab3317dfeacae17d13bdf7179,0,1,0,2013-08-09 19:39:14,4,24,0.8113,28,2,2,1,25,9,12180.0,48,42.0,73
1319,af4f33bec81be225b578eb6e7a3261b708cef453,0,0,0,2013-08-09 19:39:14,4,24,0.8113,28,2,2,1,25,9,12180.0,48,42.0,73
1324,d70cc696f218289d6f77f0e8162c0007c636ba4f,0,0,0,2013-08-10 08:27:32,71,3297,0.9712,3368,2,2,6,3,4,72490.5097,54,44.1657,12545
1320,d20cb1134f78cc87411b2c686b1bf5bcb831c42f,0,0,0,2013-08-11 20:27:10,3742,3297,1.0988,7039,4,3,6,251,26,23561.6026,66,47.5617,12545
1297,b6d72d98248d31b4e7a6fa95776832a3c099ad6a,0,0,0,2013-08-11 20:27:10,53,3297,1.2007,3350,3,3,1,271,26,25204.1197,63,36.2089,168
1288,cc181d3d859a9f43fc43a39c3bd4cb8ef28d858f,0,0,0,2013-08-11 20:30:53,23,2,4.5298,25,1,19,6,11,4,6080.294,39,44.8006,15
1326,495156abe1fe565ca2f8441f5aed4f4cb90dc308,0,0,0,2013-08-11 20:30:53,18,3297,0.0217,3315,1,1,6,1038,4,6775.0554,40,43.8597,125
1327,ed63136d81cb74aacd7dbf6703ea4abe1e372219,0,0,0,2013-08-12 13:17:03,12,3297,4.5298,3309,1,19,6,25,7,14447.8779,1450,350.6425,6114
1318,bd3e2528e336262a817228c5d37efcbe6062307d,0,0,0,2013-08-12 13:17:03,3742,3297,0.0086,7039,60,1,6,20,7,14052.7155,1451,353.61,6197
1330,06896cc288a6928b76312acd686469febdfbfd29,0,0,0,2013-08-12 13:19:42,50,3297,0.6527,3347,1,2,1,9,4,20394.1232,0,345.9338,6311
1331,308c51ffab00f89d1a552eb4e1b41bb066cf44db,0,0,0,2013-08-14 00:05:10,72,3297,4.5298,3369,60,1,1,10,4,4758.0139,1447,349.7048,6211
1325,0dfa7b56f8237b19f72e50da21868385653f1a59,0,0,0,2013-08-14 00:05:10,35,17,4.5298,52,60,1,6,9,4,3826.087,1450,354.7006,6076
1337,8231c0ba60d99a3e66e361f51bf66a75ddca1fd4,0,1,0,2013-08-15 14:42:44,57,33,0.7151,90,4,3,6,52,6,53028.2735,1092,257.2126,8039
1314,0b43f78f4c7b1b5506ed07dd2310e347b602e3cf,0,0,0,2013-08-20 07:38:56,3742,14,0.2352,3756,2,2,1,36,4,61313.3969,1072,255.3257,8024
1332,84ac02d83d734af4d34b225d90b8c1637361f90f,0,1,0,2013-08-20 13:44:21,42,88,0.4982,130,2,2,1,339,12,43004.7438,1093,256.4286,8207
1336,38d11b96d419c128dfce020782b8b2ebcf4ca939,0,0,0,2013-08-21 06:10:30,3742,623,4.5298,4365,60,1,1,85,23,77366.9191,22,25.102,12545
1333,4b2e7ece8d0739f5bdd2a311cd5d2ea620bb0316,0,0,0,2013-08-21 06:10:30,72,447,0.1343,519,3,19,6,94,27,73757.8414,96,24.7184,12545
1341,33b6f335be7e38f0b18be1da7686f30d9535d51f,0,0,0,2013-08-21 07:01:22,62,39,0.8848,101,2,2,6,344,10,61678.3918,1065,256.5253,8258
1329,77b3268210640988d6b2fcc223221a29eac32e7a,0,0,0,2013-08-21 09:03:53,32,3297,0.8496,3329,2,2,1,31,7,70773.2829,1086,261.1405,8162
1339,22e5cefae443e583001079672b1371629f4da7e5,0,0,0,2013-08-21 10:09:03,36,16,0.8221,52,2,2,6,15,4,34848.5626,1075,261.6603,8160
1342,25b2bb1b416c0c0a231684def6a1c72143895361,0,0,0,2013-08-21 10:09:03,10,14,0.8243,24,2,2,6,9,4,34926.3714,1083,257.2767,8084
1338,dc78fbc5471137a516f22eccb4486ffe3f3c105e,0,0,0,2013-08-21 10:17:32,3742,36,4.5298,3778,2,2,6,16,4,809.4028,1089,257.3142,8174
1323,ac806b4cc8e840326ce971fa029f9695dc7c1520,0,0,0,2013-08-21 10:17:32,3742,34,4.5298,3776,2,2,6,20,4,120.9174,1075,261.3853,8074
1310,3eff27a24c6e5a95057eded7710ce498610a7987,0,0,1,2013-08-21 12:27:48,52,0,0.9904,52,2,2,1,149,15,33549.0,1080,259.7361,8117
1345,74089c1156d6c296d64e68e766575e86c4119c67,0,1,0,2013-08-21 12:27:48,52,0,0.9904,52,2,2,1,149,15,33549.0,1080,259.7361,8117
1334,798ea54f68591b890993a8f0887291622077dabf,0,0,0,2013-08-24 11:57:29,32,15,4.5298,47,60,1,1,8,4,85295.0409,45,43.7236,12545
1343,8f66b367c5760cbb106207a2d20731310520d346,0,0,0,2013-08-24 11:57:29,36,18,0.0162,54,60,1,6,1038,4,85078.3502,42,43.3078,76
1328,423d0bd783d2c7813a5449e924b9819367b2d60a,0,0,0,2013-08-25 20:44:40,41,4,0.8716,45,3,2,6,4,6,48317.268,55,44.4544,12545
1344,e3763389f63bafb0693c0d037890fba2920096c9,0,0,0,2013-08-25 20:44:40,43,37,0.8746,80,2,2,6,19,6,49537.2326,36,37.5508,98
1350,6885716e6656d411020800bf75f517883c11d759,0,0,0,2013-08-27 10:12:08,3742,3297,1.8581,7039,5,1,1,15,8,42589.3872,1435,345.2828,6070
1346,9e2c99a401a9f72433d2597d7963c2cd49d23918,0,0,0,2013-08-27 10:12:08,3742,59,1.7841,3801,3,19,1,13,6,42512.3109,0,355.7443,6066
1340,54360738ab13ce86381cb7e59840e33d8962ec93,0,1,0,2013-08-27 10:22:57,11,13,1.6172,24,4,1,1,25,7,649.0,1455,351.9512,6154
1352,d88c3a56011f5d62c1e6dff70a91e3ecb153a1d4,0,0,0,2013-08-27 10:22:57,11,13,1.6172,24,4,1,1,25,7,649.0,1455,351.9512,6154
1315,4398878b589bbe2e9ac8c889ca2cfd3afd70ac28,0,1,0,2013-08-29 10:45:50,127,47,1.7611,174,5,3,1,44,8,15991.546,1441,358.5207,6256
1348,1d1bfe05a314de72232419591f8d20fe227d083d,0,1,0,2013-09-03 14:39:12,81,3297,1.5154,3378,6,3,1,641,28,35109.482,1052,244.1241,7728
1360,53f20f4db4fdbb308e30af913a08b172325dc3a3,0,0,1,2013-09-05 12:21:40,85,78,1.5205,163,4,3,1,693,51,3615.901,1422,338.0225,6372
1372,54f9c44b035435b5ac8ca91e747456dc95d7c5b7,0,0,0,2013-09-05 12:21:40,3742,67,1.4962,3809,1,3,6,655,48,668.9444,1423,338.6459,6382
1362,4cb3192235a162db8c8b7158d0152bcb8e391f7d,0,0,0,2013-09-09 13:12:49,40,24,1.0212,64,1,2,6,318,10,45092.0469,1097,265.8211,7977
1356,e79083baf2f60da419efdc01c61a3b839dee50f7,0,1,0,2013-09-10 13:00:16,25,3297,1.2654,3322,3,3,1,376,12,59898.3882,1091,264.5992,8255
1365,9ab3daae767288ea9e9cb2c0d32d3376c8f3a5e6,0,1,0,2013-09-10 18:39:50,269,37,1.007,306,2,3,2,33,3,62968.2296,20,33.53,12545
1353,4d5e46dab6ccc627f9a359f06a8d7683dc305963,0,0,0,2013-09-10 18:49:38,22,3297,0.0257,3319,60,1,6,0,9,43405.839,41,39.7724,139
1366,eb19674317ebd93244ce451f71910426469efc3b,0,0,0,2013-09-14 15:25:52,192,3297,0.4448,3489,4,2,1,735,46,63515.6253,115,59.597,12545
1357,2ce1208942bd94ae8a6a0b9ab57de8f7a1a94c1d,0,0,0,2013-09-15 16:14:48,3742,40,4.5298,3782,2,1,1,213,20,41563.935,1437,355.0102,6064
1364,83de4888a3700475892d0cb82358c144a75e0861,0,0,0,2013-09-15 16:14:48,3742,28,4.5298,3770,60,19,6,188,22,42078.7171,1439,355.6627,6240
1349,a2f530fc4275ce13d25464e78b4f310cdf752c44,0,1,0,2013-09-15 23:05:38,21,3297,1.9418,3318,6,3,1,53,7,61836.9211,0,348.5774,6277
1376,4016ac26a65c817de195f9897e16e0e47a05b620,0,1,1,2013-09-16 15:25:25,3742,9,1.0656,3751,3,2,1,324,10,9436.3362,1101,255.5362,8221
1379,f15cbb8885a74011cf7ec5bd05d6894e55f0b024,0,0,0,2013-09-19 13:34:15,120,2,0.2611,122,2,2,1,43,9,10497.9632,13,18.9953,12545
1370,5e65ca607a92a0f996f944f7789d1b718595c2e2,0,1,1,2013-09-19 14:46:21,113,20,0.9745,133,2,2,6,41,9,72582.2894,1072,261.9217,8148
1377,9e6d0c58feaf831a8d82cd7c33b1bbe6f5822e5c,0,0,0,2013-09-20 16:19:20,1,3297,0.3976,3298,3,2,1,14,4,76979.5166,57,37.2255,162
1380,a92f0f5cebd2c8e7052d7253d3d69e1dfc37ca8d,0,0,0,2013-09-20 23:48:05,39,3297,4.5298,3336,2,19,1,24,4,52274.5845,0,356.6154,6232
1359,98b7c9b58847ad39df4ce6c844be34a7fbc336f8,0,0,0,2013-09-20 23:58:51,28,43,4.5298,71,1,1,1,62,8,84522.237,1443,348.7037,6066
1373,f997bc99b27befd5d87b758ef6523c7e8ae4b5c8,0,0,0,2013-09-22 13:53:47,3,3297,0.6622,3300,2,2,1,19,6,59089.9324,41,46.5986,133
1382,8ee6e5efa8887ce460ff4aa60a5691361a38bd19,0,1,0,2013-09-22 17:04:26,94,13,2.3469,107,6,2,6,22,7,58035.7107,31,36.3459,127
1369,37eef5cd6d6bbaae8de80be3000588c9c0f32006,0,1,0,2013-09-23 13:37:46,3742,3297,0.9757,7039,6,4,1,569,29,74422.766,1115,274.1598,8371
1383,f94be51f59d70d8488e5e9c32d78de233fea35d9,0,0,0,2013-09-23 14:12:34,48,30,1.2689,78,2,3,1,32,11,6731.1328,36,12.947,120
1388,91b712ad8b2f3a0a84f9b49337d3be59158dc0dd,0,0,0,2013-09-23 14:28:40,53,38,0.6409,91,3,2,6,29,9,1725.9862,31,10.4896,223
1384,38aa6c4356f62592e1944b7dfb87d62657af77d5,0,0,0,2013-09-23 21:43:40,22,43,4.5298,65,1,19,6,47,9,1485.0798,23,18.3368,12545
1389,07eca7bb55d735c68249a7b7c67b9f928796421c,0,0,0,2013-09-23 23:01:34,29,26,0.0142,55,60,1,1,50,9,4449.9424,15,19.4762,12545
1392,a651bddc900f0577bfa941e43008d1fef36657e9,0,0,0,2013-09-23 23:05:58,13,17,4.5298,30,1,1,1,50,9,502.1992,23,15.9271,12545
1378,a29f88efe04eaa18c4807799519e33288b54ec0d,0,0,0,2013-09-24 09:50:31,33,33,0.0268,66,2,19,6,41,9,39357.3968,32,11.7984,101
1386,f30ba54244e1dffa628a69895be1ebee56c65f3b,0,0,0,2013-09-24 10:23:14,3742,3297,0.0166,7039,1,1,6,51,9,1794.5741,17,18.4608,80
1391,51d8d4e168a294980b2d000e0e05c870672b79c0,0,0,0,2013-09-25 09:29:40,16,3297,4.5298,3313,60,1,1,43,9,82667.4866,28,14.2068,12545
1394,04395750a397e8763b6bdf6ea975b5025b2a1f1d,0,0,0,2013-09-25 13:38:06,89,38,1.2239,127,4,2,1,54,9,28230.9978,1069,262.7757,8209
1385,c58ddacd2b0601e96756de032741222377567644,0,1,0,2013-09-26 07:32:43,1276,3297,1.0866,4573,4,4,1,28,10,48269.336,888,388.6749,9144
1393,61c2a13cb732018d07fc60a3222ed5334b3c2c01,0,0,0,2013-09-26 08:59:15,18,35,4.5298,53,60,19,1,8,4,47115.5115,1,0.4089,61
1397,b80e1623a1e31937804f0a69ef722280e6de4c6f,0,1,0,2013-09-26 13:28:56,386,41,1.3342,427,5,4,6,53,5,61556.6449,952,386.7674,9379
1390,5878a475680b37bc6d4c3ce1c50c944805ef7511,0,0,0,2013-09-26 14:47:11,24,32,4.5298,56,60,19,1,12,4,21667.3184,1455,506.65,12545
227,1ad8d53a0ca4474f1be20a54a009fac26dd11602,0,0,0,2013-09-29 19:16:26,26,48,0.0292,74,60,1,1,1038,2,7013.1291,54,44.1276,108
226,95232d8ae9d4f82030fce20ab4d3aa1ff94e37e1,0,0,0,2013-10-04 08:44:11,6,3297,0.0183,3303,1,1,6,1038,9,49406.1716,36,38.7554,172
1381,04c056c8766c88a3f52a512e9ccd499bc694dffe,0,1,0,2013-10-04 12:07:55,120,60,1.9478,180,4,3,6,348,13,74342.2871,945,385.162,9581
228,3bc6c6255c1916610b85be65dd164cdf4e1949c5,0,0,0,2013-10-04 20:54:45,3742,30,0.855,3772,2,3,6,1038,8,27417.7191,59,44.3443,12545
233,5221c503ed592972799c7c23cb3c521adb3d9581,0,1,0,2013-10-05 14:47:20,2146,3297,1.041,5443,5,5,2,47,3,56563.8971,1455,15.8917,12545
231,167e73e473fb6f677f154bf022a9bf2ac202fa85,0,0,0,2013-10-07 13:52:48,23,3297,4.5298,3320,1,1,6,13,5,6559.8326,931,379.8776,9461
241,b56e748a7d877ea17497b2d97fe7f6d0c0e5aacc,0,0,1,2013-10-10 10:20:15,56,3297,0.0693,3353,2,1,6,696,48,12692.1738,1435,360.8766,5959
234,9a088aca04d20ea8e1654698b22a7c61e2aaa7da,0,0,0,2013-10-10 12:21:16,3742,1,4.5298,3743,1,19,6,44,9,42248.8578,0,349.3919,6217
235,3dfca0d267ebbc74848e0c50286c774241b79158,0,0,1,2013-10-10 14:24:18,6,27,0.9705,33,2,2,1,31,4,15489.4262,1070,255.8751,8059
1371,1fb4607ba889a6275e5997c6b243e39592bf056f,0,1,1,2013-10-12 16:48:30,12,31,4.5298,43,60,1,1,12,6,53889.4737,1455,3.0771,12545
232,148cf158f4c0ac4948e94b06e79254ba6a39c257,0,0,0,2013-10-15 13:32:09,3742,3297,0.0716,7039,60,19,6,183,22,49626.7923,1,506.65,12545
238,a9d3b3ae3fee5a1d92d6d5bab350cc313cf4f9a7,0,1,1,2013-10-15 15:08:12,191,291,0.9851,482,4,5,6,396,22,29050.3147,954,367.3184,9731
240,dbae2c9ee7e5cd355df0863a2be9f703aacc493d,0,1,1,2013-10-24 13:45:08,12,8,0.0073,20,1,19,1,332,11,5770.0204,932,379.1461,9509
243,00a18da70fd816b8701978d1108d9d00b6de1f00,0,0,1,2013-10-25 13:20:22,61,3297,0.8558,3358,2,2,1,24,4,41348.2904,1069,261.5904,8036
245,759cc4370ede1f2c0aa75667270cb7bf75ad7f77,0,0,0,2013-10-26 10:25:47,44,9,0.0519,53,60,1,1,13,1,44160.7573,37,15.8139,207
247,a61d41818f7fad08b826978ef4c2a420122952a0,0,0,0,2013-10-26 13:04:45,3742,3297,0.3393,7039,2,2,1,1038,3,13639.5467,41,17.0593,12545
244,67fc65b73b8e60b171cc9394ba51c00c68242abe,0,0,0,2013-10-27 08:54:06,104,3297,0.5228,3401,2,2,1,3,5,50249.7119,13,14.4616,12545
246,dcaef8fa98522ab16d5eda2bf33db1e5ecdac238,0,0,0,2013-10-27 16:39:23,62,42,0.9447,104,2,2,6,3,5,27452.2798,16,14.937,58
255,79b7a8a0b7fa8914e35c0fb6f8ee13753b87a0cb,0,0,0,2013-10-28 08:46:23,3742,39,0.2897,3781,1,2,1,354,12,64352.0745,949,371.1327,9661
242,2e0bbd9aa935da61bb310529950650afc8c655e8,0,1,0,2013-10-28 16:01:58,80,3297,0.0661,3377,2,19,6,279,22,3.0,914,373.8766,9680
248,543f54fc2f4fdf55fc06eb326ceeaca97298932c,0,0,0,2013-10-28 16:59:44,3742,3297,0.9217,7039,1,19,1,1038,4,35379.7207,962,370.4276,491
252,019e4abb8f78c6fd0db187c2ab420678d59ecebb,0,0,0,2013-10-30 11:28:07,3742,32,4.5298,3774,2,19,1,20,3,62951.059,926,382.7833,9425
256,458393c3d9591b5590f97ba830239a1f5b51e3e4,0,0,0,2013-11-03 13:43:31,73,38,1.5273,111,3,2,1,7,3,68332.9022,35,6.7733,12545
251,369d391f05db103d4b38bc6a8d4b2e4d49607bc7,0,0,0,2013-11-05 09:30:13,26,3297,4.5298,3323,2,19,6,1,1,15970.3945,1447,348.5252,6221
258,1d3dd2f2dc0474eafb0a789a00179d59b1741812,0,1,0,2013-11-06 12:06:18,147,3297,2.0304,3444,3,4,1,51,6,64351.9019,1053,268.6005,7992
262,593188954e5cc22b7b05ed0218ef229c51c9974d,0,0,0,2013-11-13 23:02:11,119,121,1.0194,240,3,2,1,25,7,33814.015,0,346.9875,6228
253,ae83d6d425059be61e06f9955d9ba3269e05ac61,0,0,0,2013-11-14 10:35:00,3742,3297,0.0137,7039,60,19,1,5,5,61307.7926,8,0.5266,74
257,5598f4dff356dcb9fccf160e42c1395f5819c06e,0,0,0,2013-11-14 10:40:47,3742,21,0.0269,3763,60,19,1,6,5,61719.1923,1455,4.4826,79
249,37b4fc83e5a1ce6387667587122a2f481b18a576,0,0,0,2013-11-16 00:20:21,33,26,1.9778,59,3,1,6,8,5,31552.7378,12,7.1482,108
260,0d63228fe292bc877fb5a0c76ab14d69169dca02,0,1,1,2013-11-17 20:55:47,40,26,0.4624,66,2,2,1,0,4,63910.0015,0,354.0223,6221
265,9c1a1268f793dbc5b735de983273489a6923911d,0,0,1,2013-11-17 20:56:54,44,3297,0.6686,3341,2,2,6,2,4,742.3979,0,354.5387,6098
323,e900d9be75d85353821e9a07894d5b1a6b5dbaf5,0,0,0,2013-11-19 13:15:04,18,3297,0.0165,3315,1,19,1,3,1,3226.9603,940,376.4084,9455
324,ea9f043f9a7409fee063744841967aa6c0e00af3,0,0,0,2013-11-19 13:53:34,20,13,4.5298,33,1,1,1,2,1,1893.1226,939,376.6858,9533
250,e458a90aa54243f76ce37b87ac1c9197e604887d,0,0,0,2013-11-22 13:00:09,3742,3297,0.8742,7039,1,2,1,1038,3,4214.329,920,383.0575,9370
263,07fa60128d8c10de281c4108d86b074f4229eb0b,0,1,1,2013-11-22 14:00:57,72,38,0.8958,110,2,2,6,38,4,66774.6943,927,377.5475,9450
266,4f5aed488e0ebc87ddb19be61b21c9ba9bde5b6f,0,0,0,2013-11-22 14:41:05,3,3297,0.0031,3300,1,19,6,37,4,2486.7074,935,378.2175,9486
273,4a5a18e2a7396d760e4128db4913d55fb3ce66ff,0,0,1,2013-11-22 15:21:22,29,9,0.8224,38,2,2,1,26,5,37747.5177,930,380.7836,9453
259,18df3bed0a9c4801f45f2e2ad75576f0cdcf3268,0,1,0,2013-11-22 15:34:49,15,3,0.0036,18,60,19,6,38,4,3171.1464,933,378.3023,9506
264,e8c222cd2422fe0685368e41bb7e61fbb594e851,0,0,0,2013-11-24 10:06:33,3742,3297,0.0415,7039,2,19,1,15,3,13622.2809,39,9.0756,105
268,8267cac96ac875cb4ac7ab8745622271b1c8f172,0,0,0,2013-11-24 21:37:59,73,3297,0.5677,3370,2,2,6,1038,3,61807.686,16,9.8095,12545
254,0e3bdfef8cb183dd90f39cbaddf5f644dd3c0c8c,0,0,1,2013-11-26 12:26:57,3742,20,0.9792,3762,3,2,1,25,3,61717.762,1069,262.9753,8004
274,e94264aa66de0aed314d248c7d36c1d96c79d666,0,1,1,2013-11-26 18:04:28,27,41,1.1384,68,3,3,6,70,10,19584.7499,1087,263.7212,8033
271,ce9986327b16cc5c48f005ad69094db26ddf1bf1,0,0,0,2013-11-26 22:31:52,3742,3297,4.5298,7039,60,1,6,9,3,3608.3272,26,13.2631,59
277,e297c50230782167f01d13b2e32e777780349a23,0,0,0,2013-11-28 03:12:39,33,3297,4.5298,3330,2,1,1,1038,9,37102.2659,1455,3.3654,12545
270,d328e01d94bf657db77b377f96529fc4140bdfd4,0,1,1,2013-12-01 11:21:12,22,31,0.0243,53,1,19,1,26,6,44585.0264,0,354.3494,6087
275,4015e6b6fc7eb0e9679ec07770f08921546a5750,0,0,0,2013-12-02 18:53:30,23,20,0.0113,43,60,19,1,1038,3,1253.9438,19,10.853,9
278,69385fca9b9e49eafd22832934a2a295ab41bdd8,0,0,0,2013-12-11 21:18:59,6,62,0.0222,68,2,19,6,1038,3,7918.1344,16,9.1956,12545
279,6f0b1c8ea07854d6d417cb0e39a46f5c10c6f348,0,0,0,2013-12-12 13:41:55,133,47,0.1798,180,2,2,6,7,7,79492.2013,1455,506.65,12545
276,1446c17f0f09738141c9c6d61c573a350e99cf82,0,0,0,2013-12-12 19:00:35,3742,3297,0.1886,7039,5,19,6,621,51,78412.3235,95,21.8079,12545
309,c08e1775b90c75a2cc21f2764082eabe5aaddb8f,0,1,0,2013-12-13 08:27:45,200,223,1.3575,423,6,4,1,110,20,55340.4647,911,387.7887,9262
282,31f4f99c0020dca4f86f98289ffe15f9a50f0dfb,0,0,1,2013-12-13 14:15:06,3742,3297,0.0241,7039,60,1,6,1038,2,1275.1277,938,380.425,9548
269,ad15ca720367af949ea20a4086273878b74e8c55,0,1,0,2013-12-18 10:11:24,3742,73,1.5396,3815,6,4,1,355,14,35577.139,909,388.6827,9701
284,cc3d98b9eb8ff25ef3b05dd79caa9210eb93e175,0,0,0,2013-12-18 11:00:42,76,3297,0.2978,3373,3,2,6,324,10,34209.0358,917,384.2147,9590
289,5b27964b59289f67d9064cbc4e881d5d32b63346,0,1,0,2013-12-18 15:48:46,3742,3297,1.0759,7039,5,3,1,0,53,7983.8349,911,362.8182,9782
267,498f9c07b4cbdaecefd5ddac26e09422d4da836f,0,0,0,2013-12-19 16:08:33,3742,3297,4.5298,7039,60,19,6,8,2,3625.5575,938,376.8544,9539
288,f78dde1c70083ddcd48310e1c294e7af083b957f,0,1,0,2013-12-19 16:28:41,126,18,0.8109,144,3,3,6,342,13,6955.2874,949,381.457,9571
298,8ac7a4c51f6d1253fa49abfd38e3182de5a96d19,0,0,0,2013-12-19 17:21:02,67,3297,0.5968,3364,2,2,1,684,49,4874.1472,928,375.5517,9426
297,d8f9c1d3d74a8734d5a001878a88a3707d32b4a8,0,0,0,2013-12-20 10:37:38,98,43,0.8949,141,2,2,6,3,2,65763.686,927,376.2187,9539
287,7bcdfc9f99863209e71310157d0ccf170cdfbbde,0,1,0,2013-12-20 11:35:29,81,3297,1.4337,3378,3,4,6,364,12,52235.2954,965,368.6829,9326
292,fc13ea56be335ed4008ca86666b5945b2110391e,0,0,0,2013-12-20 14:50:54,80,3297,0.9224,3377,2,2,1,698,49,4553.3597,941,376.8856,9425
306,75d895e5744fc4dcae6df51b5b2f03810c6c9071,0,0,0,2013-12-20 17:01:22,3,3297,0.5775,3300,2,2,1,702,48,977.9625,941,383.8663,9415
301,efa8df6e64d35138e4e909299d59d6059648fac6,0,0,0,2013-12-20 18:23:16,3742,3297,0.0285,7039,60,19,6,356,11,23435.9298,919,372.5828,9423
280,88073bf9af534354d98bfeafb8a7fed7811a06fd,0,0,1,2013-12-20 20:29:07,18,6,4.5298,24,1,19,6,13,7,63145.8326,17,5.6322,59
316,2d2e33637c9a070737de36207b395351f38f043b,0,0,0,2013-12-22 13:42:19,26,29,4.5298,55,1,19,1,1038,4,20990.1968,35,8.6819,82
325,6afb676d74c4107cb7549f16adb1f6594aa6d9fd,0,0,0,2013-12-22 16:07:58,25,3297,4.5298,3322,60,19,1,10,4,9793.5986,15,0.9395,95
294,2b829f8e6a50b5385cb38ec458637a67d4f88913,0,1,0,2013-12-24 14:46:59,80,3297,1.1222,3377,3,3,1,170,11,28995.9557,920,383.8517,9593
308,2ab3c5d9d9e02eef8b91c00a505233a9f9fedbce,0,0,0,2013-12-24 14:46:59,16,27,0.5836,43,2,2,1,66,5,44750.4401,926,382.8736,9606
307,292afdedff568617a26256fa4eb31f98ae226706,0,1,0,2013-12-26 07:15:40,3742,140,1.0582,3882,3,2,1,382,14,55546.1703,949,371.1745,9684
304,ed1e1c00c93b5dab90ad21dbb0b71da4e878164a,0,0,0,2013-12-26 08:30:50,3742,3297,4.5298,7039,1,19,6,89,9,5314.6003,927,373.8024,9635
310,b6bf4cc72b4ef1d90ba0b206b89ba2f429d647c3,0,0,0,2013-12-26 08:30:50,49,30,4.5298,79,60,1,1,107,9,3750.845,948,381.4656,9414
296,0d6ace0a1ee77d2e8aeb62850893d1a3daebab65,0,0,0,2013-12-26 08:59:48,40,3297,0.6943,3337,2,2,1,119,9,4396.154,924,382.1651,9553
314,aa8c9f4915c5f403a80f48d6529fd8228ad58580,0,0,0,2013-12-26 08:59:48,47,3297,0.6391,3344,2,2,6,102,9,3342.2292,945,376.1192,9568
322,51bd9e40526fd1549d0b4c2f6efac8c980063539,0,1,0,2013-12-26 13:33:18,160,3297,1.1209,3457,4,2,6,0,50,5839.6943,887,396.6555,9065
305,d5ca565ec29664445ef091da47dc475a7c9b940f,0,1,0,2013-12-26 15:21:55,225,36,0.8158,261,2,2,1,695,49,7022.038,939,375.9087,9550
311,7aa09ba7fcd357d61bc3e44fc73d3ecfa8bd4583,0,1,0,2013-12-26 16:31:45,257,3297,1.1893,3554,2,3,1,20,6,42806.8083,927,383.0362,9399
320,90a5fca3fd5e63618183ed8c133e364c14ded5da,0,1,1,2013-12-31 15:59:08,32,18,0.9781,50,2,2,6,13,4,78558.4619,1,9.3084,12545
328,e0d4ccf7141b011a4c2a7057ccb1d1b307253349,0,1,0,2014-01-06 17:02:15,458,80,1.0002,538,5,4,6,17,3,34462.9792,948,447.1668,9585
327,6680564575a594cf8aa01fcf5348d1d977c3b2d3,0,0,0,2014-01-06 17:13:44,3742,35,0.9548,3777,1,2,6,710,50,3004.8312,920,450.3859,9662
330,916a362c97a65fe41bfcd413cfd4fc97db46370f,0,1,0,2014-01-07 11:42:00,629,88,0.7428,717,2,3,6,1038,8,47464.7236,918,447.7481,9617
329,8611944b762b056ae7ded9130f0a164e801b51a2,0,1,0,2014-01-10 11:28:18,229,194,1.8471,423,4,3,1,352,10,64651.2898,919,451.8473,9720
341,57b16def6f9b87d40567ad33b062b08bfd9f6005,0,1,0,2014-01-10 15:18:43,83,35,0.9956,118,2,2,6,57,12,49254.2398,1086,236.5244,8030
336,69a23b3e66837942c93cb180297763411bc31398,0,1,0,2014-01-13 17:21:26,4,25,0.0215,29,60,19,6,12,9,19978.3018,941,445.2793,9561
332,e26bdf74ef1d70ba5a38fce72fa7ba93aca9cc08,0,1,0,2014-01-14 09:57:20,65,19,0.0376,84,60,1,6,7,7,73679.9594,924,437.7802,560
333,2c6094478f203e3f433accdd7451d3f3707c2cff,0,1,0,2014-01-14 10:33:09,15,7,4.5298,22,60,19,1,1,8,2021.7517,8,5.523,37
335,d6b26e6daf3bab92dc8d5a5a9858029864cb4a89,0,0,0,2014-01-14 18:09:35,80,89,4.5298,169,1,1,6,1038,8,27759.3869,30,12.395,136
337,7d898286cc364392c0a4585f7b8c136420bc7c2f,0,0,0,2014-01-15 19:59:56,3742,3297,4.5298,7039,2,19,6,357,12,31561.7451,919,449.2109,9381
339,561f098259d0e7ce8cc9cc590f9b7a6d74477d5f,0,1,0,2014-01-17 22:14:40,122,11,0.9845,133,2,2,6,10,8,19418.7087,1455,1.9602,12545
326,7b36817a1e1dc206317738541b1f408e17777401,0,0,0,2014-01-17 22:28:49,102,58,4.5298,160,1,19,6,9,8,1079.0473,10,6.0704,53
343,97b5065b967287e541ba6836aa70486c033d14de,0,1,0,2014-01-21 00:59:52,3742,8,0.008,3750,60,19,1,11,6,67269.8147,0,386.7822,6139
344,745d15a0a41f5bc314f1da6e4b412054de47c387,0,1,1,2014-01-21 04:40:21,36,13,1.4078,49,3,2,6,30,8,51766.7371,1452,389.39,6127
347,d5c1449c5e0e8b496f0ae751c73a3eca6818e579,0,1,0,2014-01-21 11:16:44,58,11,0.3364,69,2,2,6,32,4,70865.041,930,442.0761,9521
340,4c0ab8b1c588f62c416a34579b64b1dfed75e814,0,1,0,2014-01-21 13:29:05,85,3297,1.0416,3382,3,3,6,28,4,47093.8686,927,441.1162,9460
345,31c111625a42c5c4d920be24fabdca26bae7ffeb,0,1,1,2014-01-21 20:18:54,258,3297,1.3903,3555,2,3,6,395,16,39847.152,913,452.2737,9305
352,0d9326b1cc6816d5e3d9e07146ddd8fada375730,0,1,1,2014-01-22 16:12:44,135,3297,0.1629,3432,2,3,2,338,12,55329.1894,916,435.7377,9321
346,b55009ab102b95ffc17e914e4de000e38a0e2adf,0,0,0,2014-01-22 19:59:10,36,3297,1.0108,3333,2,2,1,10,8,23563.153,17,10.8374,78
353,70131b8b40f60a25fa2796bdd7b03d217646a52a,0,0,0,2014-01-23 14:46:55,3742,18,0.0321,3760,1,1,1,30,4,11543.5587,1090,235.1667,8179
350,ee824c93c062245b99d85420fa48c28a05095afd,0,1,0,2014-01-27 05:55:21,271,63,1.0259,334,1,2,6,2,7,13489.7104,9,506.65,12545
342,3c0d4465bc43c852c5977a29e8ce50ce1c8004c2,0,1,1,2014-01-29 12:29:28,17,5,0.0042,22,60,1,1,4,4,54845.4086,1081,237.9882,8110
349,1d25644586e2909a17a4a623a6d80a9c6b915616,0,0,0,2014-01-29 12:49:10,3742,3297,0.0078,7039,2,2,1,11,4,43578.3456,1078,237.6562,8130
358,72855e2bb0e6700248d21247767487989df32b7e,0,0,0,2014-02-03 18:39:40,71,30,0.0271,101,1,1,1,1038,4,77140.0561,1455,6.2388,12545
356,fa20cdf8ac58dcf0b9a9098ea08a3fe0af5db5b2,0,0,0,2014-02-03 18:52:23,36,29,4.5298,65,1,19,1,1038,4,1018.7392,1455,5.2428,86
360,fafeccb244e4dcf4d0b480246f576ebbc52b0651,0,0,1,2014-02-04 14:32:41,46,22,0.2529,68,2,2,6,73,4,84787.3222,922,445.9719,9416
363,77040982113e08175e0dfd19950fcb2fae177102,0,1,0,2014-02-06 09:55:06,1977,3297,3.627,5274,29,6,2,92,7,46151.5823,808,419.4105,10625
359,5ee73d36de8e10ab6fb6ae2cbfdb156da10df014,0,0,0,2014-02-06 16:22:21,36,128,0.0405,164,1,19,6,1038,5,77731.1373,3,8.2039,57
364,5c563b9825d6f20b73e157cf07199d57268f198e,0,0,0,2014-02-06 16:34:25,24,29,4.5298,53,1,19,1,1,7,78468.1164,6,14.2312,212
361,331a55df374e65adb26fba7c7ea2a0ba1436f7bb,0,1,0,2014-02-06 18:22:27,201,20,1.8278,221,5,2,1,15,7,31294.5326,19,9.2267,84
366,fcf38c25827d88313573363edb34e928fc2492f7,0,0,0,2014-02-06 19:34:33,24,21,0.0244,45,1,19,1,3,5,4646.263,17,13.308,103
370,7e561fe425fb6ba9f8bcbdd22c720bc990014986,0,0,0,2014-02-06 21:01:31,63,3297,0.6541,3360,2,2,1,14,9,23861.5192,941,444.6966,9571
365,2692fd5e58b5f8c079a3ae53d37b551097ab4093,0,0,0,2014-02-06 21:13:49,3742,3297,0.969,7039,2,2,6,3,9,1332.0409,927,439.0697,9417
369,0cd9c277806565a5e8f7769f1a59e99e90f390b5,0,0,0,2014-02-06 21:31:41,3,97,1.5295,100,11,2,6,1038,10,28687.3156,3,5.7249,295
367,b5308e3fbd780625577012e09a820149109ebeb9,0,1,1,2014-02-07 15:27:33,111,6,0.2948,117,2,2,6,47,5,31004.1463,937,443.7065,9459
371,56bab2008e7e7e20fbae32555259d05323524302,0,1,0,2014-02-08 14:51:05,134,141,0.2685,275,2,2,1,416,14,36033.9549,947,439.8606,9367
377,4af05ec4b9d56d3772f63977027b0f9c9f14a07f,0,0,0,2014-02-08 15:29:30,3742,28,0.409,3770,1,2,1,711,49,46736.7841,951,446.6605,9588
376,79ce140be550d476ce5681b5919614b498637fdb,0,1,0,2014-02-09 09:22:14,823,560,1.0262,1383,6,2,6,1038,10,42885.8775,1455,17.4688,398
375,d6367372bab2a896e4b152eec129e004cc41c2d2,0,1,1,2014-02-11 11:01:53,76,3297,0.7283,3373,2,2,6,20,4,58700.2084,948,439.7097,9587
378,9e7399c1d065f8eea384e929b7f5a02a573444e7,0,1,1,2014-02-11 13:26:02,149,3297,0.966,3446,3,3,1,457,16,74762.4674,916,438.3793,9667
372,426f2793cad290a13fe04ff9be6af25450234991,0,0,0,2014-02-14 09:41:37,17,30,0.049,47,1,19,1,1038,3,75169.4353,918,440.1933,9613
383,3b7521d095e3bb41560960282af205ff11206a29,0,0,0,2014-02-16 21:19:27,3742,20,0.0439,3762,1,19,1,39,14,16425.1562,43,21.3544,408
381,bfa58ce871216f57c907b5fdd85123bd1ff3b0d1,0,1,1,2014-02-17 09:04:07,31,13,0.8346,44,2,2,1,372,11,58074.2296,939,444.1773,9530
374,7e2cdd9ea64d94aabaf441d4730848d094d4557e,0,1,1,2014-02-17 16:04:09,113,24,0.8923,137,2,2,1,17,10,12718.5338,40,19.8216,65
385,0f8cdbc815936954eaf54b54608b20804d2a0313,0,0,0,2014-02-18 15:44:06,73,3297,0.547,3370,2,2,6,24,7,72193.1872,941,439.8194,9448
382,bce0eff3e5da075b6346e120f81b630858eb000f,0,0,0,2014-02-18 19:08:24,3742,3297,4.5298,7039,1,1,6,12,2,48413.3448,66,31.6593,381
384,c238296d45b4b4b6079d9ded6bff45cb6267fd75,0,0,0,2014-02-18 19:43:59,3742,13,0.0164,3755,60,19,6,5,2,2463.3499,53,24.8532,222
389,1aa1b0bfcc9e53bd623ea70dcab8df1466230b0b,0,1,1,2014-02-18 20:44:46,34,23,0.6433,57,2,2,6,360,11,59897.8316,941,440.7332,9559
380,f25d9909f35ca3b990ffe545734bd6490fb2e940,0,0,0,2014-02-19 14:28:03,74,117,1.7051,191,6,4,2,30,12,11632.405,64,6.3913,413
386,30da1c26443459981d690240faa1942e047cda89,0,1,0,2014-02-20 10:16:34,5,14,0.9662,19,2,2,1,1,6,76584.3149,925,446.159,9533
392,364b1a604d9e7c53606eb8910a577f679ff0e650,0,0,0,2014-02-20 10:46:08,18,3297,0.9666,3315,3,2,6,45,12,61041.7786,922,446.2699,9598
393,2062abaf9463fe7a1c177cccd848825615a2dd75,0,1,0,2014-02-21 08:36:40,90,5,1.0284,95,3,3,6,194,21,73714.8105,923,446.0868,9587
403,3e3539aafbe3b4d7f296b850bbeff502946b5ac6,0,0,0,2014-02-25 00:44:35,57,3297,0.9236,3354,3,19,6,108,20,5698.254,44,30.2378,360
390,79ae8a09f93b1b463627b4da7e5fdeb1dc64a442,0,0,0,2014-02-25 00:48:08,3742,56,0.5198,3798,2,2,6,12,2,8071.9532,74,29.6314,183
395,cb33dcda92b8d2d1846ff9b28c70c3067b68c198,0,0,0,2014-02-25 01:36:42,81,55,0.0997,136,3,19,1,52,17,4364.7678,81,32.7791,101
400,e8dfde9322bc99c7317f66135899c6827f60dafa,0,0,0,2014-02-25 08:46:12,3742,32,0.0381,3774,60,19,1,89,21,29839.8317,72,20.0108,400
388,88cc834b8023813ac6d79fdca3f377c4379fb616,0,0,0,2014-02-25 13:54:42,23,52,0.079,75,3,1,1,54,19,45371.5529,75,29.9601,121
394,e134adabd7de5fd55868c26e9f000fb7524d1cb3,0,0,0,2014-02-25 14:07:08,3742,3297,4.5298,7039,60,1,1,49,18,1794.8381,42,22.4668,172
399,2022ca630c230fe6a21aa671651382e0d365b444,0,0,0,2014-02-25 15:49:50,137,39,1.012,176,4,3,1,15,2,47735.2539,74,20.976,415
405,60a7cd4637fc11766f0b394b880ac0c1b9176d84,0,1,1,2014-02-26 09:37:45,140,3297,1.5179,3437,3,3,1,108,18,22650.1437,73,30.6088,148
402,8ca9a44c93eb06a44b023c66dcbf7d2c40818621,0,1,0,2014-02-26 19:09:04,34,30,1.553,64,3,2,6,167,24,23305.1127,50,31.4447,357
404,2b3a119869288c7b8ace7c6c8c6ff72be907d47a,0,0,0,2014-02-26 19:52:36,21,13,4.5298,34,1,19,1,14,7,2842.4638,54,28.2837,315
407,ddc7cf7e4cb8acd03dcf6ecdcd68e9b13deddf6c,0,0,0,2014-02-28 12:36:45,3742,3297,0.0236,7039,60,19,6,284,22,61546.324,1088,241.1705,8203
555,b34d31a391b7e9b091879296e8fdcbeaba40d629,0,0,0,2014-02-28 19:08:02,93,38,0.9419,131,1,2,1,14,2,34060.9426,949,437.0886,710
554,2160b2cf902519bc0f8b0691169f75e02f6226e5,0,0,0,2014-03-04 09:16:17,3742,3297,0.0276,7039,1,19,6,1038,3,50362.4917,927,441.2985,564
565,d5fc0215cfdc23ea1abe3489bc200b4087acd04d,0,0,0,2014-03-04 10:34:13,3742,117,0.2777,3859,3,3,6,25,4,3898.4581,878,459.2905,330
553,2a675ff2629873612c208e57542e4eaa95af93fb,0,0,0,2014-03-04 10:35:22,3742,3297,1.1697,7039,60,1,1,31,5,3394.2034,880,455.2944,271
561,08870f697a873bf80c190912bf3148848d312bb7,0,0,0,2014-03-04 10:52:59,108,108,0.862,216,4,3,1,46,4,86377.0,994,422.7559,989
566,8c5ea03bce508c7fb5659debfce6c59648917f14,0,0,0,2014-03-04 11:24:20,3742,59,1.3604,3801,4,2,1,1038,4,6323.4634,900,458.1983,435
551,8bd478413073f710228b3c52671d4efe4a2a6486,0,0,0,2014-03-04 13:44:46,3742,76,0.1066,3818,60,1,1,28,4,12005.555,900,450.5209,832
560,7e7a3d1fcdb118f73beb0492efab550b6d2f70a5,0,0,0,2014-03-04 20:37:16,42,3297,4.5298,3339,2,19,6,15,4,24145.4232,953,436.8661,801
563,ace6f5a5aae4d62d667283bdd7f0aaa2caedb35b,0,0,0,2014-03-05 13:40:07,3742,74,0.852,3816,60,2,6,1038,3,12627.2363,971,451.0055,344
564,34f9521e3f1baf462080250be22c78b07234eaf4,0,1,0,2014-03-05 22:36:50,153,3297,1.5845,3450,4,2,1,2,2,32329.1583,920,435.4754,757
572,c4ee3ce6b663b5d61e5baf3dba2db8da4c5602cb,0,0,0,2014-03-06 10:40:18,3742,63,1.0018,3805,1,2,6,22,3,20772.3288,910,449.7552,416
557,452aec75aaf4deebe8c992797e904c71637edf93,0,0,0,2014-03-06 11:31:50,147,3297,0.4807,3444,60,2,6,43,3,640.7362,901,432.3531,145
567,3893a91dd3cdd4fdbcb873d1359f6479ef570e1a,0,0,0,2014-03-06 14:58:56,3742,1,0.0105,3743,60,19,1,32,8,1226.1061,2,2.5701,12545
571,706015549f1a832cc220e2d28095fa7c5913078d,0,0,0,2014-03-06 15:24:28,3742,3297,0.0746,7039,2,1,6,24,2,59018.583,954,448.1894,531
547,f78a90de0512c37ff09d417a549723596a862288,0,0,0,2014-03-06 18:00:18,3742,3297,4.5298,7039,60,19,1,40,7,10160.1448,13,7.3305,108
562,bfcc1d469e94a1cae974df39e0e9275bfa3ba83c,0,0,0,2014-03-06 18:34:43,39,3297,0.0278,3336,60,1,1,9,1,71001.9226,922,445.3594,533
576,fd7dfaf610d159ff03c67eec6e2053cd6c999ac1,0,1,0,2014-03-06 21:26:43,437,272,1.6279,709,8,3,6,115,19,61191.5018,904,437.5631,9806
569,0938de11c6b2661d891f6bb9c8d67cd372f9b869,0,0,0,2014-03-07 06:56:23,2,3297,0.0096,3299,60,1,6,34,8,46694.3435,1,2.2274,12545
570,404ebd210bcedd3ea0590276dccf1db4bd1e719c,0,0,1,2014-03-07 08:22:18,20,3297,4.5298,3317,1,19,6,1038,2,45163.5968,937,441.1495,9531
575,ddf72418424e99ef1a40f4b0fa71d496d67a5fb3,0,1,0,2014-03-07 10:38:57,1,13,0.0114,14,1,19,6,2,4,6168.3753,930,441.8617,9477
556,f9e55a79bbdd7d6a42ae1df9ed482df54c7525d7,0,0,0,2014-03-09 02:44:28,32,3297,4.5298,3329,60,19,6,50,13,1279.5857,53,29.1181,223
577,e3bc08893e23582e0e0da9d27d472ae8be78dc0b,0,0,0,2014-03-09 03:09:58,14,3297,0.0236,3311,1,1,1,1038,1,2955.8906,66,23.5816,348
585,5e47f8a7db74a8e5710a3f26b530a94725b163cf,0,0,0,2014-03-12 12:13:37,50,30,4.5298,80,1,19,1,12,4,82859.9676,0,384.9063,6110
578,4a6e028c29b3099bd8d9ec6dfd7319cd924dd00e,0,0,0,2014-03-13 04:41:44,29,17,4.5298,46,60,19,6,24,7,61658.6804,0,384.6315,6203
584,4ee8ef6bc8808bf705a070f76df413333f378590,0,0,0,2014-03-13 12:27:18,25,3297,1.0157,3322,2,1,1,37,8,14743.4937,1446,392.0397,6254
587,98e867888d9f363a445b2742e09150238d42eb1c,0,0,0,2014-03-13 13:11:20,3742,3297,4.5298,7039,60,1,1,25,7,2912.354,1451,390.046,6125
558,40b5f74f74c945aff6f6337cb3caf0d18b362c4c,0,0,0,2014-03-16 04:54:41,64,31,0.7083,95,1,2,1,25,11,36702.2234,16,506.65,12545
586,f25d2ad5b0e78b41b5b8566287152b906a154e83,0,0,0,2014-03-18 15:33:06,37,14,4.5298,51,60,1,6,15,4,64761.1873,928,441.8397,9548
590,9cfe91ce621ae425f5e8e139c6c7769fecbdb75a,0,0,0,2014-03-18 17:13:29,3742,38,0.3912,3780,2,2,6,1038,2,11168.0971,24,11.5055,173
574,dba7cf08ba4a9b1a6e343665dd7d0eeeda6758e7,0,0,0,2014-03-21 15:48:07,14,3297,4.5298,3311,1,1,1,13,4,696.379,937,441.6112,9483
595,e2ea2700fe640bbf604154fad7e553da4a630245,0,0,0,2014-03-25 14:59:44,16,27,0.0305,43,1,1,1,117,16,49495.0369,0,391.8947,6086
581,64c070df4c4d192f61f0d0a40784e3af4226d7d4,0,1,0,2014-03-25 20:15:31,3340,742,1.5367,4082,8,4,6,94,9,70462.6174,1009,398.9017,12545
580,644ddc5f49517701cbe753e29a8f67da0ac75b66,0,0,0,2014-03-26 00:40:01,37,59,0.8903,96,1,2,1,188,23,58736.4355,1435,392.2149,5938
593,0b434b2a739ab7af49c40d714733f69ce4ec7766,0,0,0,2014-03-26 09:05:50,5,21,0.9522,26,2,2,6,27,6,8753.2723,1447,389.0313,6100
599,a59afa62b95da67450359a343685af07b06c16a2,0,1,0,2014-03-26 09:41:22,46,7,0.9082,53,2,2,6,4,4,2757.3381,938,441.9948,9475
601,7554a8a510eec525090240f5b4f16bb3df0be54e,0,1,0,2014-03-26 10:57:40,183,82,2.1572,265,5,3,6,95,12,26849.9662,912,451.8811,9250
596,350ba4c2c3fe6401c4d559d9277b90c00cdfb7ee,0,1,0,2014-03-26 12:02:26,161,3297,0.8783,3458,3,2,1,12,4,3940.8451,926,445.5362,9431
607,3889f2be647235ac7b3672147b9b9af60999b9f6,0,1,0,2014-03-26 17:52:18,198,3297,0.883,3495,2,2,1,6,5,19276.4539,929,445.4282,9559
591,5b61c85e2eccd6baa10b74498da38568dfc58892,0,1,0,2014-03-26 20:17:43,12,16,0.9764,28,2,2,6,3,4,45162.7409,929,441.1303,9543
597,b098d6af7c7a46f7911bd90a48c09ba7ef0b31f9,0,1,0,2014-03-26 21:20:15,140,84,1.4139,224,4,3,1,30,10,32066.5499,944,439.666,9640
610,5cbc2eb9279fbce3865f96f0b3fae12e9cf0054e,0,1,1,2014-03-27 03:46:59,131,1,1.0167,132,3,3,1,37,7,53185.081,1447,385.6086,6235
312,a3ba4ffca25293cc001e88b480087cf84d8a78c1,0,0,0,2014-03-27 06:59:47,3742,23,4.5298,3765,1,1,1,110,9,62766.1033,926,447.1567,9391
611,24090c1477168f764105f450339401a47b4f30ec,0,0,0,2014-03-27 07:31:06,0,12,0.9914,12,2,2,1,42,7,32738.1906,928,441.524,9542
592,445c2d20016b1951d05b8073a302b732e1fd19dc,0,1,0,2014-03-27 18:41:14,25,19,1.0162,44,2,2,6,9,4,31868.4131,939,441.5515,9449
602,a7651211eefcbc4295a24fb2233b61d0a2ec19d9,0,0,0,2014-03-28 15:33:30,105,3297,0.8232,3402,2,2,1,11,4,74727.3978,926,444.9638,9540
612,37d09687c564bd90f988abcaa3ce9c3964506e50,0,0,0,2014-03-28 18:17:02,98,3297,1.3039,3395,3,2,6,20,4,33443.7265,928,440.5475,9572
594,dd9a96bcd90d2ed9185b884e5a28b5661d919f52,0,0,0,2014-03-28 18:36:15,50,11,0.6393,61,3,3,1,122,11,10340.6308,928,441.652,9553
613,aeee9355a8b5c98369f07e2e3d6480fac75d1d84,0,0,0,2014-03-29 23:06:26,3742,3297,0.0238,7039,1,19,6,19,7,14319.9667,926,446.4656,9431
619,3800f3010eb5572fd7454e89ba014bebc8e3345a,0,1,0,2014-03-31 07:42:48,223,154,2.1598,377,8,3,6,233,20,55805.1178,0,399.0139,6007
606,3a4c9dc60c28bf7e9b41cfa45c5deb258cba574b,0,0,0,2014-03-31 08:39:47,7,10,0.7922,17,2,2,6,19,4,51264.7768,926,444.7606,9541
614,9319fc6f5d4185dac604d6f2f66a8873fcdc15f0,0,1,0,2014-03-31 10:03:40,54,36,1.6169,90,3,2,1,12,4,29028.9905,926,448.1389,9383
598,4ecfe3e36e4a5f09e46a36119eca0cc7bcb2379d,0,1,0,2014-03-31 12:28:01,150,3297,1.4576,3447,3,2,1,25,4,27954.9935,942,446.1142,9452
616,2a46075f4dcdd53f0cff9d990281b4a14883a00a,0,0,0,2014-03-31 13:10:28,8,3297,0.7782,3305,2,2,6,17,4,7096.9997,938,441.3466,9548
618,90bcf385d180d921295e9c246e83386c375c3147,0,1,0,2014-03-31 19:39:13,18,24,4.5298,42,1,1,1,1038,2,85941.9076,927,445.331,9431
624,03ac5c000b917b410be18e9114762632db7fb212,0,1,1,2014-04-01 07:59:31,53,3297,0.5498,3350,1,2,1,113,11,40731.1791,1065,232.9047,8190
608,e7e1d5e757edbf2da29a7576c1050b807b43642d,0,1,1,2014-04-01 10:07:14,25,11,4.5298,36,1,1,1,53,12,62976.3858,1087,236.5083,8150
615,8831a04c07875dc1a800a2e2cad326891728045f,0,0,0,2014-04-01 12:57:06,59,3297,0.0655,3356,2,1,1,1038,4,3.0,293,47.3916,12545
621,682c09eaa46e87a08cf6bef0e881f4e9880d8388,0,1,1,2014-04-01 13:49:49,41,10,0.9308,51,2,2,1,49,4,5327.8536,1089,235.9598,8079
603,0c89dd5486b02cb9fb87e7c32f9af5d447b76e91,0,1,0,2014-04-01 14:07:29,914,639,2.3963,1553,10,4,2,115,10,22636.8026,0,375.8973,6183
629,04b58944dd1914608b433c9280e3bdb6b2eaad9d,0,1,0,2014-04-01 15:02:58,3742,67,1.522,3809,5,3,6,741,49,18902.2763,962,454.0346,9693
609,dbff95517c5febe9840aea8c8f6a967e0dc1bb96,0,0,1,2014-04-02 01:33:25,23,27,4.5298,50,60,1,6,22,6,51814.855,0,391.5187,6259
620,f3031171e26ca48a0c673a3342f97b23d65216bc,0,0,0,2014-04-02 07:35:53,33,3297,0.2855,3330,2,2,6,17,4,63197.7557,937,441.1218,9463
626,510a2ce9db04f3384df2fc43646e2451d1e6659d,0,1,0,2014-04-02 08:18:33,25,6,4.5298,31,60,19,1,13,3,2655.7492,936,442.2197,9514
588,c7c7ed6784a349f1e6180c97c0658a40141763b3,0,1,0,2014-04-02 12:17:29,45,8,4.5298,53,1,19,1,30,8,19034.7134,1077,237.0448,8158
617,68d88209f3f5b4d4d8b78371f9fa7b65089574a4,0,1,0,2014-04-02 12:45:52,168,223,2.8275,391,10,2,1,136,13,61068.3819,1424,398.0969,6404
628,e117daeef1f88d2c1e980d938adf167fa23312a9,0,1,0,2014-04-02 14:37:25,196,3297,2.3777,3493,9,6,6,188,19,47982.1137,900,425.759,9179
636,ab563b6df058533e02befd15044f2b35f04b00df,0,1,0,2014-04-02 17:44:50,3742,3297,4.3016,7039,19,8,3,721,32,36154.6893,832,400.0415,8705
623,9f9251c2179549eb8511b8840c2ce01a4f395338,0,1,0,2014-04-03 00:28:30,503,3297,1.6171,3800,3,4,6,9,60,36692.467,0,394.6213,5936
634,173296d7c1c3cc9b33670c2fb1f21693751d2271,0,0,0,2014-04-03 10:17:12,3742,3297,0.9717,7039,2,2,1,8,6,29899.4551,931,441.8063,9527
637,a8cca6443d5fdb327990df8d7706d083b9590ea8,0,0,0,2014-04-03 10:55:22,11,3297,1.305,3308,4,4,6,22,6,40525.6063,0,385.5528,6108
627,a254f605cc77488eda8a9a16d35a1fc91b8e6f73,0,0,0,2014-04-03 11:00:25,16,8,0.0173,24,1,19,1,11,6,9921.3187,929,444.8826,9528
622,19324196f799609142ed48417a9d8013eb9f1cdc,0,0,0,2014-04-03 14:26:54,14,27,1.452,41,2,3,1,41,5,82444.3581,946,439.623,9369
632,d8e39ad66b3b5f44909328197a95742172d87022,0,0,0,2014-04-03 15:02:54,3742,3297,0.5313,7039,4,2,1,16,6,70445.3469,259,57.4213,221
640,ac9657000d2431c9dd20957aa74a56707f8895c3,0,0,0,2014-04-03 19:42:39,63,3297,0.7418,3360,2,2,6,34,4,10329.6405,927,441.2622,9563
635,f4fd614f9303a2ddf69f411010cd69f1e998901e,0,1,1,2014-04-04 08:53:39,84,34,0.5005,118,3,2,1,371,10,25998.348,918,448.9297,9665
641,e82387b1d279a557c4149e70dddda0aa70f1ec34,0,0,0,2014-04-04 09:50:47,62,79,0.7453,141,3,2,2,18,2,41627.299,1435,394.5344,6482
644,802a955a81e27338777d9e7650218d4a609b8cb5,0,0,0,2014-04-05 05:42:18,3742,3297,0.0941,7039,60,19,6,1038,4,55151.9179,0,397.2372,276
630,192cb00c5298a5f453970a11355ebed9902b0b32,0,0,0,2014-04-06 11:06:16,30,14,0.479,44,3,19,6,24,4,44733.5884,1445,389.8799,6230
638,8617b0f944a3599d85bb2d7943f9d9f102f83fbd,0,0,0,2014-04-06 23:34:26,19,127,1.5292,146,3,19,6,40,7,76211.1137,1443,393.6018,6309
651,4efcbcaee9bc372568dbee3e65c08900b17e934b,0,0,1,2014-04-07 09:10:53,4,10,0.9841,14,2,2,1,24,4,48258.5873,937,444.8178,9467
642,42e9b37ef22ec151b3a41dd3a721416f67f7b9f8,0,0,0,2014-04-08 00:10:08,3742,91,0.1031,3833,4,2,1,1038,1,51941.6385,0,397.6224,900
649,c4dc541fd94ac6bbdb2084a9fd96f3c6b6c0c37b,0,0,0,2014-04-08 08:35:38,17,3297,4.5298,3314,60,1,1,42,10,17401.916,0,385.5356,6097
653,325a6f47c0bbd006dcadca2a7edf0c7fff618951,0,0,0,2014-04-08 08:36:03,3742,3297,4.5298,7039,1,1,6,43,10,86377.0,1452,389.0334,6199
657,d0472f1ad28ba371c7f63e3e5a03f92ad8862b3d,0,1,0,2014-04-08 20:30:23,87,3297,1.421,3384,3,2,1,33,4,26859.9715,940,440.5346,9580
643,eb798d33c39dcdb535ad2f1e04d506bb317c4cf1,0,0,0,2014-04-08 21:13:06,24,13,0.9249,37,2,2,6,31,4,2417.4385,931,442.2999,9471
656,63de5922dd8452bfee42c51dd80c28522d522483,0,0,0,2014-04-09 06:15:35,3742,57,0.625,3799,1,2,1,1038,2,12713.2403,0,397.3892,379
650,eddad44e2889de8aae6abc99eb60e06abbbdc0a8,0,0,0,2014-04-09 07:58:21,3742,3297,2.2731,7039,7,4,6,1038,2,30971.6542,0,373.7255,874
659,3e7b24322c610fbab17488a8b7dd7a1b0f31dd24,0,0,0,2014-04-09 09:36:39,3742,3297,1.5151,7039,3,3,1,30,6,9373.6623,1420,397.2071,720
639,0a0060314c1aa7c20693bfe69c9153baf4de5105,0,1,1,2014-04-09 12:25:20,48,10,0.5523,58,2,2,1,36,4,32876.0132,938,442.1145,9544
660,e1fcaa15693889a1ed7e5361093075ff5b145d1d,0,1,0,2014-04-09 13:57:21,88,63,1.8617,151,4,4,6,185,17,30556.0133,1432,395.7726,6364
661,0e10bff4d3785ae58b8c6dc9c61f6239c15fbe87,0,0,0,2014-04-09 16:04:20,300,20,0.9967,320,3,2,1,27,4,30821.811,925,441.1272,9569
652,a4f4646b87ef8acee6c6d83bc3625f07bd363dfb,0,0,0,2014-04-10 12:11:41,83,75,0.0833,158,60,1,6,71,20,76264.8006,958,433.1097,9633
662,a90b8b3b70bd4801dec317257d922fcde090ac70,0,0,0,2014-04-11 07:46:11,49,50,1.3121,99,3,1,6,68,9,73563.0209,12,6.7585,12545
668,50e2b746fcc1b1d2803ca2acc3e1d2b78812b007,0,1,1,2014-04-11 07:47:20,105,18,0.7759,123,2,2,1,38,4,57806.2764,940,439.0198,9442
648,78d194fec9f9df27b6f91071afa5fd0f119b8dd5,0,0,0,2014-04-11 08:01:14,3742,3297,4.5298,7039,60,19,1,48,9,715.622,7,0.4001,12545
664,6b0769f48d75c01fcadbee2d7e13a9b345d323df,0,1,1,2014-04-11 14:13:26,32,3297,0.8367,3329,2,2,1,111,9,40049.2482,927,440.4506,9555
666,842bcd4e23fefdf5b5e17d8d91af50e1ce565096,0,1,1,2014-04-12 09:40:40,66,7,0.9594,73,4,2,6,14,9,56905.1238,18,6.8058,76
645,d32f83c8610b7ff611ebfaae0366bc1325dcebf2,0,0,1,2014-04-13 07:22:56,3742,40,0.6258,3782,1,2,1,1038,4,41116.9696,0,381.3934,732
665,7cedf5c54fc8a7c87b009594280b5f9c854f5683,0,0,1,2014-04-13 11:29:08,27,31,4.5298,58,1,1,6,12,3,75175.8354,267,47.0432,170
671,a081f0290662f850864d547e7e1177e05787c6a8,0,0,0,2014-04-13 22:56:06,114,59,0.0887,173,60,1,6,25,2,44550.9251,0,396.5922,715
674,ca1f7ab61e7ca273e3ff07835f58e1f4fab88446,0,1,0,2014-04-14 07:51:36,94,32,1.5208,126,3,2,1,112,11,36459.1156,0,384.272,6083
663,8f852a26cd09af42e62a61e56084440e2973df6a,0,0,0,2014-04-14 21:25:04,19,26,0.9374,45,2,2,6,8,3,32758.6059,1447,389.484,6211
672,994dc587a2ffb924f1a69c294ef36a10e82d0879,0,1,0,2014-04-15 10:24:33,79,7,0.8737,86,2,2,1,13,8,46043.3609,278,53.6285,111
675,1579b64e17f829dddeabbc8c46593bb0bfe01ff8,0,0,0,2014-04-15 10:30:22,65,3297,4.5298,3362,60,1,6,1038,8,1349.0435,273,48.2767,12545
655,b1b94153b7e2f7781baa9a13c196d986745045eb,0,0,0,2014-04-15 10:35:49,41,30,4.5298,71,2,1,6,1038,7,86377.0,268,45.5946,124
670,286912eeb3b990d894cce2f72619c595dcb90c19,0,0,0,2014-04-15 12:18:51,3742,45,1.5299,3787,5,3,1,27,5,29947.9708,0,383.2203,690
680,61185d8e721a1f5ccad7c3b9bc4d305dc25d0ea4,0,1,0,2014-04-16 00:50:26,97,88,3.0838,185,11,2,1,130,13,63009.661,0,378.5391,6351
682,5e398a427d2a914f0b01793db0ef914f0f62611c,0,1,0,2014-04-16 09:11:56,402,132,1.5494,534,7,3,6,52,6,44640.0012,914,450.6516,9356
677,b6e9f1fa1588a4950c2e04a3e8163dc39fa4f489,0,1,0,2014-04-16 11:53:45,493,337,1.333,830,8,3,1,389,13,30862.5868,897,430.6717,9821
683,f2864a8236536148a618474fa28d27c74f563a45,0,1,1,2014-04-16 13:22:28,29,45,1.4902,74,3,2,6,51,3,8821.9115,920,447.9778,9351
673,ce9a7d30648a2646fcad4cee1e17fd808eb96e83,0,0,0,2014-04-16 14:26:37,37,3297,0.6658,3334,2,2,6,38,5,11123.2292,939,440.5954,9565
681,340f84f1de454604fde858dfab4dafdabfc1bc6d,0,1,0,2014-04-16 21:26:35,49,108,1.1806,157,3,2,6,72,9,57490.8953,1444,389.938,6088
688,865774ce66f9866743ce1725d5b56811bff06344,0,0,0,2014-04-17 12:36:38,3742,5,0.011,3747,1,1,6,3,2,2745.7541,931,443.6669,9527
669,a7925161e62329ebe206830487c22de8e211fbbb,0,0,0,2014-04-17 22:27:01,77,3297,0.1933,3374,60,2,2,15,5,36229.0269,957,433.0886,9709
684,eb69cb68c6a30ee15aba8687e97d2ba1508554d6,0,0,0,2014-04-18 08:20:25,15,20,0.0229,35,60,1,6,16,4,39668.7816,1447,385.0615,6199
686,ac8a2efc971bb390c68e72f50881de52209bdbf3,0,0,0,2014-04-18 08:21:30,3742,3297,0.0084,7039,60,1,1,4,3,66447.7357,0,388.7397,6182
685,f71602ccd04f1f264f42fa01dd8d4c4173affff0,0,1,0,2014-04-22 02:56:28,6,3297,0.009,3303,1,19,1,22,4,66803.9186,1453,387.046,6131
690,c88d057ed364470703f017bafed18d106f088f0f,0,1,1,2014-04-22 11:07:09,1,3297,0.8522,3298,3,3,1,48,4,67779.5797,928,440.8826,9546
692,8155e0f72a20f1ff866c7e3c5f43c8d50e14a0b1,0,0,0,2014-04-23 10:29:23,21,3297,0.0144,3318,60,1,1,9,3,7429.4541,1451,386.3504,6121
696,7e7a13753d0fd2b09ebad410828e135a837cb233,0,1,0,2014-04-23 11:12:21,1070,3297,2.888,4367,10,4,1,1038,5,66093.1687,1418,405.9348,6552
694,1bdb66962e59d085c102c2c21aae55bde3f75c52,0,1,0,2014-04-24 10:03:15,60,82,2.3366,142,6,4,6,1038,4,67582.9175,1432,397.1082,6448
701,e9ed3ff64ef733a5df5c7a966719f66d8f1998e9,0,1,0,2014-04-24 11:24:11,145,3297,2.0548,3442,6,5,6,71,12,19751.9424,0,391.2043,6012
695,b7fa36101489dbaafe1dba8a43773932ddd77134,0,0,0,2014-04-25 00:26:20,92,3297,2.3634,3389,6,2,6,1038,3,43523.9916,0,384.9034,6093
703,e336c970e6a17cac3b0711bcc6868dd87198fab0,0,1,0,2014-04-25 04:59:10,72,3297,1.6755,3369,4,4,1,15,4,52156.499,0,382.2212,5994
691,00eb8bbfa71e86f87ef166984d70c5de2ab47731,0,1,1,2014-04-25 15:23:05,68,3297,0.4051,3365,2,2,6,365,11,36915.8174,946,439.7349,9609
697,95087a2624bcfc5136c452cb6022aaffc56b5eee,0,0,0,2014-04-26 07:20:05,14,3297,4.5298,3311,1,19,6,8,2,18239.2205,0,389.1843,6195
707,b75d461fb4aaf2c69e1e17a59d65be1a033086a4,0,0,0,2014-04-26 08:14:57,119,103,1.1818,222,6,1,1,658,52,53861.2147,81,34.5819,589
667,bf973ae702f7cd1b1a2852f372fd458fe536a537,0,0,0,2014-04-26 08:23:05,70,3297,0.1141,3367,2,3,3,14,12,49362.1225,41,26.4435,356
705,1f422d6bcc5e547e9a84c871ae5447c806db45d5,0,0,0,2014-04-27 09:32:40,54,46,0.0298,100,1,19,6,7,2,80949.2962,1448,384.5157,6246
698,1d07ca1032e9afa3a3086a6ceb7dba136246b6fd,0,1,0,2014-04-27 13:48:34,80,81,1.4082,161,5,3,6,32,5,19378.1397,925,448.5306,9390
710,03b7965b0c21c1ef5873b56105acfa1da6d23ecc,0,0,0,2014-04-28 07:10:02,24,10,4.5298,34,60,19,6,17,6,18796.1244,0,386.2879,6199
711,567cbbed06b8c851dd68c58417dd9fc20582d409,0,0,0,2014-04-28 09:16:49,18,3297,0.6206,3315,3,3,1,48,4,49904.4252,927,440.5624,9569
714,a33d8f0c81a742c69757157a71bec771939aca38,0,0,0,2014-04-28 17:23:42,15,17,4.5298,32,1,19,1,36,6,67899.3593,1087,236.767,8063
712,759afea13e176646aa0e0a7b26db00877ee2ce74,0,0,0,2014-04-29 07:49:45,64,3297,1.7218,3361,5,19,1,1038,4,7351.5214,1436,384.4031,6021
687,65c1833e81056718b07e66ba5db9ef78194a67ae,0,0,1,2014-04-29 09:12:03,61,13,0.324,74,2,2,1,56,5,48423.8628,924,446.0728,9427
709,622742192996de555c29eb9c39b743429b95c1bd,0,1,1,2014-04-29 11:43:07,65,34,0.6591,99,2,2,6,381,12,75254.5577,944,445.5698,9578
717,6d3d12aa517c01cf3c186505fccc785399b0704d,0,0,0,2014-04-30 10:03:52,3742,21,4.5298,3763,60,19,1,107,10,65095.7843,1074,234.5801,8016
723,8ac3cb9632433ddf6e26d73f32bd2c16eea7aa26,0,0,0,2014-04-30 10:21:54,3742,42,4.5298,3784,60,1,1,342,10,80252.5854,1061,233.1546,8236
706,bbf3ebe5a02a938d9ae12298999c1fc5a4d6ba54,0,0,0,2014-04-30 10:36:47,3742,10,0.014,3752,1,1,1,32,7,4888.926,1073,240.9856,8180
718,ffa56fe158838689af7924d139e543a4a143a341,0,1,1,2014-04-30 18:50:43,147,153,0.8607,300,3,2,1,436,13,43968.2648,1069,235.2137,8198
725,a9fbce25632977453ccc1a2d59933fd56bfdd11c,0,0,1,2014-04-30 18:53:29,49,3297,0.0799,3346,60,1,1,279,20,3325.2811,954,447.1238,9697
727,0eca03edbf621b50fa815f7f6eb83d120a0dd4e2,0,0,0,2014-04-30 20:01:19,3742,3297,4.5298,7039,2,19,1,174,21,28464.016,1061,232.2436,8278
715,5438cde0293e30f3f2f21e2b1144fb7359147137,0,1,0,2014-04-30 21:09:53,3742,3297,4.5298,7039,1,19,1,101,9,7682.1802,1087,242.4436,8041
722,5255946cc5ce96f50faccdc719591fd8583e155b,0,1,0,2014-04-30 21:32:29,3742,12,4.5298,3754,1,19,1,116,9,1003.7912,1087,235.5416,8067
724,0b18f5641d91c5848bf1cc5d9bac337bf2665e07,0,0,0,2014-05-01 02:08:50,198,3297,0.9789,3495,2,2,1,13,6,52071.609,1455,506.65,38
721,9960af91bdda5fce1c1285669199a6aabc664c53,0,1,0,2014-05-04 22:49:17,35,2,0.0085,37,1,19,6,37,8,60625.7996,3,1.6812,12545
728,46a2bc530c553d5360948be17ef3af75a494af04,0,0,0,2014-05-05 03:48:56,3742,3297,4.5298,7039,60,2,1,1038,8,58402.5309,1406,398.6391,201
729,d95d1d42adb6f42a296e96c644512443b6e5ff0f,0,0,0,2014-05-05 16:47:05,3742,13,0.0229,3755,1,1,1,6,6,78495.3681,1455,506.65,12545
732,cd65a1a6238a4d7aa221d50ef7766dc7992eab8a,0,0,0,2014-05-05 21:51:45,29,37,0.0524,66,60,1,6,11,4,36837.6229,15,506.65,12545
708,312fa378ab8557fa76783b5642d2ea454fe6e015,0,1,0,2014-05-07 03:20:56,171,147,0.0613,318,2,1,1,13,4,51127.0155,1446,390.7919,6231
726,894ce576aa572afc3d10d38f379ea895c0e5d591,0,1,0,2014-05-07 15:47:03,22,3297,0.225,3319,2,2,1,7,8,19173.2829,3,3.7306,12545
733,552495bd4a180bf31d2ddc31cb795ca151a899f4,0,1,1,2014-05-08 15:14:12,3742,3297,0.4258,7039,3,2,1,150,8,67790.0174,1091,233.5086,8030
738,5badad3dcf107dfbda184537fb008cf3fb5211a8,0,0,0,2014-05-09 08:42:08,32,3297,4.5298,3329,60,19,6,1038,3,30159.5057,1449,390.8981,6108
730,9a58a32a8de39b558f957aabfc8f07971f7e857e,0,1,1,2014-05-12 10:58:53,46,3297,4.5298,3343,1,1,6,287,21,57350.5882,922,440.6404,9411
734,ad8eb44900420cb7f0ea5fdc5bdbbfba27557137,0,0,0,2014-05-12 13:45:07,3742,3297,0.9508,7039,2,2,6,159,9,80510.7295,1073,236.2543,8221
739,345d1d36580eb681c2f48eebcd75f6ec858d0f22,0,0,1,2014-05-12 16:38:08,3742,42,0.0501,3784,60,19,1,78,16,27446.4103,920,437.3703,9378
704,dc7ae9a80f400058428fc5dce92f96f0370b6cb8,0,1,0,2014-05-14 05:28:17,95,19,0.8262,114,3,19,6,14,4,29248.827,4,10.4068,91
743,f9ce481ea3c6b4ccf3293a9372f8d6d5e04dcfe1,0,0,0,2014-05-14 08:52:21,41,3297,4.5298,3338,2,1,6,1038,5,13069.8423,1455,18.4775,304
735,75542db50b9bdad94abd2f4c9899a18f8ec03aea,0,1,0,2014-05-14 09:58:43,3742,3297,0.0174,7039,60,19,6,6,4,36944.7704,943,441.2785,560
740,aa4b1cd63062b6960bbffc5b611531bd5b1b8b32,0,1,0,2014-05-15 12:41:01,12,3297,4.5298,3309,2,2,6,20,4,44480.7172,1082,237.6244,8127
736,c03870810a6a054ee700cdf56c3fdb6655db6183,0,1,0,2014-05-16 09:34:39,3742,16,0.0232,3758,60,19,6,9,3,45047.6534,927,440.0889,688
742,cce24f25fa747b09ab464240ba0e5af684bb6ae3,0,0,0,2014-05-16 09:38:49,18,3297,0.0223,3315,60,1,1,58,9,59208.3273,1075,236.2042,8181
747,9d92b690e2bda8b964db5cd0707220a84d0ddb8d,0,0,0,2014-05-16 11:15:47,3742,3297,1.0352,7039,1,2,1,380,12,41068.7135,1072,242.6569,8014
716,c2f5082c24c6efaa112bac5e827b44eb1ad9f648,0,1,1,2014-05-16 13:01:04,139,3297,1.3594,3436,4,3,2,61,5,53559.8128,910,434.3596,10367
746,a312e0576a0cf1e3305b74f3a9e1aff9db4e1116,0,0,0,2014-05-16 14:55:53,3742,22,0.0379,3764,1,1,1,108,9,22583.7065,1067,234.1592,8062
749,114447c95330ee19f98df4c543583ae24b6aa8fa,0,0,0,2014-05-16 15:26:08,79,3297,4.5298,3376,2,1,6,25,2,22165.9427,954,449.6029,826
752,22fb3b9163b2b8c28f6f435f8269556b759b40c1,0,0,1,2014-05-16 15:37:51,12,41,0.0467,53,2,1,1,1038,60,62290.5182,913,448.0106,481
741,79672357b53369b6db262059edce614a6ee65de3,0,1,1,2014-05-16 20:35:49,94,13,0.557,107,2,2,1,46,4,46122.6508,940,440.2053,9569
748,611c5f8de342ed656302a6c214635b173dd175e0,0,0,0,2014-05-19 10:33:36,41,29,0.492,70,1,2,1,375,10,66300.9309,928,446.7972,9444
756,82f3560ac5f867ebc810492304cd3a5e0c637513,0,1,0,2014-05-19 17:02:45,1,49,0.8964,50,2,2,1,376,10,21402.328,919,439.0346,9595
731,d0013ecf6b244d1c48980930fa86261ebbef2a4d,0,0,0,2014-05-20 00:59:48,3742,115,4.5298,3857,2,19,6,40,3,47162.6881,0,395.7323,120
751,e1e8405704b1d74994bcdd5b8824a34e81ea7f27,0,0,0,2014-05-20 04:56:49,116,75,0.1148,191,3,1,1,1038,3,6663.52,1410,377.7738,923
757,9b50a3836ac1e6ecd863b0cabebf2669ff077765,0,1,0,2014-05-20 10:24:20,86,41,1.0634,127,3,2,1,3,7,27734.6526,1442,383.6988,635
761,30937dfeece400e28dda9f9df8fc6fa50772e0ec,0,0,0,2014-05-20 11:00:14,3742,34,1.0063,3776,1,2,2,1038,3,51876.0741,0,395.5414,6538
753,0225e3a681f9d2950b87444d20aa2ce567e93fd0,0,0,0,2014-05-20 11:48:00,3742,3297,0.6454,7039,3,2,1,26,3,66668.9154,912,449.9846,854
755,4232433287ccfc9f82ce6a2d33cd60e0d39af6a7,0,0,0,2014-05-20 13:15:30,37,29,0.8818,66,3,2,2,52,14,46100.4478,1432,392.3014,6762
759,3904d5de4e3df36547ac3cbc935957b9eba3954f,0,0,1,2014-05-21 09:57:15,3742,3297,0.744,7039,2,2,6,68,4,80185.6087,944,446.6639,9429
750,9f4762e9be59ba7406465bc33219f195ca14de83,0,1,1,2014-05-21 15:05:27,64,3297,0.7497,3361,2,2,1,28,7,42440.4069,1075,236.5763,8063
763,7a065fe509cfab37522468fb48618a58099695ce,0,0,0,2014-05-23 10:20:36,3742,100,0.0992,3842,3,19,1,36,60,80133.8868,1429,378.355,953
766,4997ac603d9590800cc1cd8d4b636eb50773f202,0,0,0,2014-05-24 10:29:21,293,3297,0.4808,3590,2,2,6,37,7,65649.9887,1418,377.8589,785
760,41c504e7c06730cf53508f08be61c97cb63a03a2,0,0,1,2014-05-25 03:18:36,3742,58,0.5668,3800,3,2,1,36,7,62033.0185,1426,378.0672,193
765,ab0c1a46dcac49b07519e99857ca07a2b72af9bb,0,1,1,2014-05-26 07:37:47,44,9,0.9733,53,2,2,6,371,11,61851.9573,938,441.2172,9456
762,ce6155642099c7ad33930f10e5132555bffbccf2,0,0,1,2014-05-26 15:11:03,63,13,1.1772,76,3,2,6,54,6,41299.5142,944,440.2972,9556
768,92a0e5c84d800b12dc024f6bff82f48f21ab8688,0,0,0,2014-05-26 15:20:31,137,11,4.5298,148,2,1,1,1038,1,70999.8367,18,506.65,142
774,5ba0bbd042e33a437b87e5ca37b489a28f3ac023,0,0,0,2014-05-26 22:47:55,81,53,0.1174,134,60,2,6,40,7,68268.8899,1419,371.6424,145
758,de5d252e24f79f899be5d33dfe11f0f7e7015c28,0,0,0,2014-05-27 05:06:22,75,3297,0.9631,3372,4,2,6,20,2,68076.8353,1426,400.0361,308
772,f1db54f2b8c7097b76bfee079cec3159f16167a5,0,0,0,2014-05-27 07:09:23,3742,16,4.5298,3758,60,19,1,62,9,77012.4323,1069,234.8297,8220
771,26966b67cbd3f9553eb812479714d2d03bdb0c45,0,0,0,2014-05-27 07:35:05,23,29,4.5298,52,1,1,6,1038,2,57749.6154,1455,506.65,12545
744,59a7cc0885b23153d056dffe6bcaef344cd807ff,0,0,0,2014-05-27 09:39:16,3742,19,0.0285,3761,60,1,6,9,4,36702.4318,0,391.8333,6091
776,8b810509fb50da99f50ef05ab93d0b736fd02d35,0,0,0,2014-05-28 03:57:02,44,39,0.6822,83,2,2,1,15,6,35422.0228,0,385.4652,6080
781,66ab413c76a4ac15fcc3f2fe0507455961fd189a,0,0,1,2014-05-29 09:40:17,3742,3297,0.0165,7039,1,19,1,36,6,1317.8468,0,385.6789,6214
769,58ac28142b60bb9af0da8bcf59da31335128b847,0,0,0,2014-05-29 21:50:52,3742,109,0.2052,3851,4,2,1,732,52,59472.4235,67,506.65,821
779,59caff602b83bbb29d4275e6af7e0bf95a6a25c0,0,0,0,2014-05-30 00:05:53,165,3297,0.1957,3462,3,2,1,750,52,4775.9452,1455,506.65,607
782,f4e2dd4f9b3f6194ee3eba522527c98afb90f63d,0,0,0,2014-05-30 20:19:27,3742,3297,4.5298,7039,60,19,1,60,21,57354.6248,1455,10.4409,12545
773,68a9452ee6cc8785b6cbb4eaa5057bb610de5125,0,0,0,2014-05-31 05:26:50,23,3297,2.0798,3320,5,4,6,21,5,21992.6475,0,382.6996,6249
784,14791b7a3c16ccc9a963b327b97990c1c85c5480,0,1,0,2014-05-31 20:55:58,109,33,1.6472,142,5,2,6,14,4,45670.2431,920,445.7958,9563
764,991a23782665c3fb36b88034ef70d2f16cba6a0f,0,0,0,2014-06-02 00:28:57,3742,56,1.9635,3798,5,1,6,0,7,68349.6592,19,10.3515,197
780,593d5dc4f59ec543e6dee94c0825431ffcfd68b3,0,0,0,2014-06-02 00:31:52,3742,11,4.5298,3753,60,1,1,2,6,86377.0,6,4.825,50
791,e47744aa5258ba8a386dbe97bead4dabcf4003f7,0,1,0,2014-06-03 20:58:01,3742,252,3.4089,3994,8,8,4,702,44,49503.188,828,405.0521,10359
788,bdd807f00c29dca4c22a8c07e088f424be818282,0,0,0,2014-06-07 09:22:33,3742,3297,1.1144,7039,60,2,1,16,3,50820.7211,1415,397.399,217
789,915a9621b79515f9e0d4ecaa8867f2eec0ab9882,0,0,0,2014-06-09 20:03:43,40,29,0.0278,69,2,1,1,697,50,76436.0665,1439,380.5358,6021
777,709e445d9967ac28b6869fb1949df20b1f953e7e,0,1,1,2014-06-10 10:11:04,64,48,1.0792,112,4,3,1,92,13,73538.735,926,439.2664,9554
786,24bf969590ffbaf228d10330949c7c164fa57556,0,0,0,2014-06-11 04:45:21,36,22,0.5558,58,1,2,6,66,14,21198.8999,1455,506.65,98
793,96c8daced607f7ad181bf7b4720fd645c15985e8,0,0,0,2014-06-11 12:36:20,44,29,4.5298,73,3,2,6,377,11,36002.094,927,440.811,9558
778,f82cdfda25b293bdcb46c31b54ae3ce1a95d06ce,0,0,1,2014-06-11 22:41:56,73,3297,0.1218,3370,2,2,1,34,6,50760.1176,0,390.9355,6240
787,eb69871198b1efcacc2be40b2b3aca3149af8686,0,0,0,2014-06-13 01:02:49,3742,3297,0.1382,7039,60,19,6,44,8,6515.4119,1420,397.4039,241
792,f95cfff20af6269f72fabf050f93ecf5f938241c,0,0,1,2014-06-13 05:05:42,22,3297,0.0808,3319,3,2,6,42,10,35611.2675,1446,391.0699,6038
794,14aaeaeed02138be86d5e2610b42ae620b1b0483,0,0,1,2014-06-13 08:51:49,110,3297,0.4175,3407,2,2,6,44,9,31223.6432,0,390.5853,6044
790,f84c4e7899144ea6a0291640cf1c774bf276b5aa,0,0,0,2014-06-17 17:57:13,221,3297,4.5298,3518,60,19,1,662,52,41994.8565,98,24.7821,770
795,a631f92e0a446d32a6e026f4ce8bea00c6a4136c,0,0,0,2014-06-19 11:14:56,1,29,1.0256,30,2,19,1,18,4,28728.4303,1446,389.8325,6095
798,36a5a8dfdd4827663961cbca6b5dce2cc0a918b6,0,1,0,2014-06-20 11:37:15,23,19,1.4766,42,3,2,6,64,11,34292.8437,0,385.9078,6194
676,1f0b5e9bd459e81c198b1d98228090ff4a2606df,0,1,1,2014-06-22 13:28:33,48,3297,0.3584,3345,2,2,6,53,11,11313.8549,943,445.062,9557
797,3ae85c9388c02647d242cf2ebb07d6cc1cecca8d,0,1,1,2014-06-23 12:44:06,83,60,0.8981,143,2,2,6,21,4,27875.9169,1448,384.9966,6094
799,a455c71c92adf65812fdd74c2b54446819ad8749,0,0,0,2014-06-24 03:23:15,3742,23,0.0168,3765,60,19,1,2,3,60488.9079,0,389.9508,6202
783,1712705017afdf97be4ac5f85df7af8c9c67f2c8,0,0,0,2014-06-24 12:23:17,89,23,0.9806,112,2,2,1,6,60,51460.1367,4,4.4368,57
796,39033875df1c31718b9e425b755f034cafefde2b,0,1,0,2014-06-25 12:59:09,0,18,4.5298,18,60,19,1,2,3,43489.9032,0,385.951,6121
801,510ea5ea16ee59f5ea191745b7c62ed7bf27a790,0,1,0,2014-06-25 23:10:43,3742,41,1.9505,3783,5,3,1,26,5,39492.7292,0,389.7709,6059
785,254f50422c574fcde787ff1bfdcfc8067d171fb3,0,0,0,2014-06-26 02:28:03,3742,16,0.0134,3758,60,1,1,21,5,5575.6704,1449,386.2342,6196
800,802c4d6e58adaefc0c009790ef165bc61f8af3db,0,1,0,2014-06-26 03:32:55,13,12,0.0098,25,1,19,6,13,4,9458.9744,1451,386.0201,6135
809,1e3e4bd3456628510519932a56bf78d78f39a351,0,0,0,2014-06-27 09:28:50,196,3297,1.4849,3493,3,2,6,5,0,41814.2632,927,437.9392,9426
808,d2b3e38a2927e5c59dc939f09ff0a06529e7ff34,0,0,0,2014-06-27 12:13:57,19,3297,1.0326,3316,2,19,6,7,1,9549.8415,942,446.8138,9617
811,df58d08a86194aef8427b30ffbf1053647ee413b,0,1,0,2014-07-01 18:35:12,7,3297,0.6983,3304,2,2,6,44,10,63619.6719,14,8.0205,68
804,995ce8a479e46a0e52170ba0f74952adc0311c0d,0,1,0,2014-07-02 01:46:22,3742,42,1.8099,3784,4,5,6,177,14,49401.7174,1433,379.8106,6027
814,eeaa35e1470558f290a7085c187999dcf37bc2a2,0,1,0,2014-07-02 08:44:18,37,3297,1.2617,3334,4,3,6,13,4,12686.6399,0,392.9031,6049
818,71a6e4acb851b6e3adc6418621f4cf1af888ac60,0,0,0,2014-07-02 13:09:48,2,21,0.0276,23,60,19,6,10,3,76032.2618,17,2.7029,73
812,e52bc8179d8428043c2754334f4d3dbbdda1f4ff,0,1,1,2014-07-02 16:15:37,122,3297,1.3132,3419,2,2,6,301,20,50951.6856,1061,244.2964,8227
816,84e2360a0d93c304dcbddf827f8c9894b06b88bb,0,0,0,2014-07-02 21:28:53,30,21,0.0135,51,1,19,6,8,3,307.5571,0,386.6055,6117
819,1d46fe757ea8b1432c17701ff320b0ba6d0777c0,0,0,0,2014-07-03 07:08:22,83,3297,0.7884,3380,2,2,6,9,11,47536.0849,19,10.0512,12545
810,59787aed267c1ed58195fe0fd11746f49fcc2e15,0,0,0,2014-07-03 07:08:22,27,29,0.7447,56,2,2,6,25,10,48699.1153,14,506.65,12545
820,28be8b4d1ea6cf1cb292decf00621e26f3c005ef,0,0,1,2014-07-03 09:23:13,3742,30,0.8793,3772,3,2,1,357,10,72511.1663,1105,232.6378,8277
6,df5fa06ee6ce3212a4c98b6cae13c6c4a6b6dec5,0,0,0,2014-07-03 09:45:29,25,158,0.3923,183,3,19,1,1038,1,42307.9464,20,9.9593,104
823,17a8eb3858a42f99ad6ef00ba5e2d6ac7e39d3ec,0,1,1,2014-07-04 00:19:24,33,20,0.1898,53,2,2,6,11,2,57400.6151,0,391.2679,6262
806,5dd61be15411430f927e496a4a4fa94972cd95b8,0,0,0,2014-07-04 01:46:58,15,16,4.5298,31,1,19,6,17,11,9349.9397,1452,389.0686,6106
817,41cb5d01a5d1041695bda175b85c2afb8adf4cad,0,0,0,2014-07-04 05:20:15,11,19,4.5298,30,1,19,6,7,5,13736.8935,1450,385.6066,6095
822,f89ea34974741e9f283d743dd8d055247f6cce32,0,1,1,2014-07-04 09:08:32,82,41,0.6753,123,2,2,1,54,9,49542.0772,1446,382.9301,6209
824,ba22fe3a20550dda0e5a291221664441587bb561,0,0,1,2014-07-04 12:01:34,33,3297,0.9356,3330,1,2,6,31,2,38912.1775,911,436.0735,776
825,ce63a0812180a66e4da124b1e5b3f76fa529c216,0,0,1,2014-07-04 21:27:56,49,3297,0.3791,3346,3,2,6,7,6,68393.3481,1447,391.7073,6088
827,de59288028f41460a7d0aaa57e58d32e1ef7327e,0,1,0,2014-07-07 08:54:44,21,23,4.5298,44,60,19,6,294,21,53413.2689,1087,235.4864,8237
826,532b4199d22dc72ab03d12c5d78c6a36f72e3958,0,0,0,2014-07-07 09:45:37,243,3297,0.5362,3540,60,19,6,791,52,86377.0,90,506.65,12545
830,5bedb029e951502489fb94ca70900ce90585436e,0,0,0,2014-07-08 01:23:50,295,3297,0.775,3592,4,1,6,786,51,51414.3234,102,506.65,446
813,abd739f06652aa6159bc87ec58a9ad7544cc3280,0,0,1,2014-07-08 08:28:51,4,8,0.8229,12,2,2,1,394,11,61261.4586,930,441.4836,9540
836,85a8813b0c9641b21203b4f323c28fbae125be2f,0,0,0,2014-07-08 20:18:19,34,37,0.0423,71,60,19,1,48,10,57282.5721,0,391.3607,6262
828,0fcf3bfbd3eb84329aa67658fd601503b5bf4c49,0,0,0,2014-07-10 05:35:33,3742,3297,0.3052,7039,4,2,6,650,46,3.0,101,506.65,12545
834,8f573c4905e9900c2af9fe415b54ef63e664dff8,0,0,0,2014-07-10 12:27:35,351,3297,0.3436,3648,6,1,1,708,46,34791.5194,1455,33.726,758
835,1288eb4ed5741fec937d09bca564b2c9d0d3c9fd,0,0,0,2014-07-11 14:36:09,11,3297,0.915,3308,1,2,6,7,3,41709.404,919,437.2013,832
843,e92c5dd8649787a759a2a3a8c025640568213a95,0,1,1,2014-07-17 02:24:33,78,3297,0.5268,3375,3,2,2,1038,9,64596.0312,1422,377.0053,6852
833,47da00b02b6c51bb7e9830cfcac89cfe0d01976c,0,0,0,2014-07-17 02:59:51,68,3297,0.8732,3365,3,2,2,1038,11,589.7544,0,392.3396,6836
840,8203b0f67e7d2b6d6aa45bce1d75168cb902a928,0,0,0,2014-07-17 10:35:53,3742,83,0.6445,3825,60,1,1,702,48,50345.8034,99,506.65,456
844,699c76444d5b470a9ccc6ba8067a3b8f47b82c68,0,1,1,2014-07-17 15:36:31,65,78,1.7597,143,5,3,6,82,6,59591.0086,924,448.588,9322
831,30e80b95c753da66b0a25891cd25bcef61686029,0,0,0,2014-07-20 07:49:10,101,3297,0.9289,3398,60,2,1,21,5,77415.6201,0,395.7379,762
839,18019b0301381cdc9f568ce7a60d6bde5638dd20,0,0,0,2014-07-21 06:36:40,34,3297,0.0656,3331,60,1,1,723,50,76740.9622,0,394.0798,6266
842,0b2182bff2250150e69ccb988f367e709b4560de,0,0,1,2014-07-21 13:17:40,41,21,0.0367,62,2,19,1,198,21,62260.9781,941,438.3901,9589
849,79149676b152a920b9d2e49ea1f6560911c427c8,0,0,0,2014-07-22 06:01:35,1005,3297,0.2853,4302,5,19,6,679,52,3.0,1455,506.65,12545
853,97d65f095d18928262882e785427fa6949a5b521,0,0,0,2014-07-22 09:45:16,3742,3297,0.1778,7039,4,19,1,784,45,16247.9184,112,506.65,458
838,43a7c68419634677ee99eeeaf8877109bfd2792a,0,1,1,2014-07-22 10:16:39,3742,38,1.0487,3780,3,2,1,396,10,24369.9283,1066,247.7363,8339
847,16f77d9e66b3c701b5da79c65e3c3e64ef68f7f9,0,0,0,2014-07-22 14:30:03,124,57,0.1628,181,3,2,2,37,2,60935.1271,966,454.2736,9978
855,f352405782313c736105090ba0c58aa1399fdfea,0,0,0,2014-07-23 09:48:11,151,3297,0.1588,3448,3,2,6,1038,60,4982.193,0,372.99,767
857,1d5b123dac79abf4c457be4d1cd6a8c52635fe48,0,0,0,2014-07-23 15:35:40,3742,3297,4.5298,7039,3,1,6,254,26,4323.1582,36,506.65,271
807,02e9f85250015563ad21198794f60c7ee412012a,0,1,1,2014-07-23 16:08:25,54,3297,0.7218,3351,2,2,6,135,9,51623.5763,921,445.2914,9402
851,fc98c355705c0068c3c705733baa142bd101327a,0,0,0,2014-07-24 14:12:13,3742,15,0.0162,3757,1,19,1,2,3,47915.4529,1088,239.7992,8085
852,aa6a3c064ceb07fd26c41842aa891bf939c21413,0,1,0,2014-07-24 15:48:43,13,58,1.0144,71,2,2,1,35,3,77616.7285,940,445.6668,9574
858,a351b1592685051769951cc30d19f38ce41d090c,0,1,0,2014-07-30 12:55:22,14,9,0.0045,23,60,1,1,4,2,68920.0256,1083,238.9844,8099
863,e3a8cde5bd64c2bce6a269b39bdc8bee59adf7da,0,1,0,2014-07-30 13:39:37,3742,3297,0.84,7039,3,2,2,19,5,67538.363,1109,229.9337,8348
845,19269205e32c63bb4e931d144dcd3b1ba41cf3db,0,0,0,2014-07-30 22:00:21,301,3297,0.9624,3598,2,2,1,21,7,36534.6173,12,21.6091,12545
859,e7536da074e8296c74c3a5f6e2a963e3349166b1,0,1,0,2014-07-31 08:01:17,45,94,1.7873,139,6,5,1,361,23,60261.7863,977,455.4171,9766
864,15a55b0dc1bc154206c15f815f9f9bb8e297b1fb,0,0,0,2014-07-31 12:22:56,28,3297,0.9982,3325,2,2,6,56,7,59900.8991,924,446.204,9564
854,9a3aaca19a462d3d2bd58e3b2ee3992ba8c40d78,0,0,0,2014-07-31 12:43:52,27,3297,0.7243,3324,2,2,1,148,15,52591.7936,947,447.0352,9612
865,eb0245e76107b667c3a0aaa983eb6e4e8c046126,0,0,0,2014-07-31 13:03:46,3742,3297,0.0207,7039,1,19,1,296,21,18458.8164,939,445.0645,9461
856,e049efaf33a9fc4e26107c4de5438ab8d43c1f7b,0,0,0,2014-08-01 09:17:15,3742,55,0.0595,3797,60,19,6,730,48,3319.1564,1440,381.942,6310
862,137469d0223ce5b59ada6298864ca97949be781c,0,0,0,2014-08-10 11:18:30,26,3297,4.5298,3323,1,1,1,15,5,10284.572,16,5.5174,12545
406,fb9e577f5d13477727ab09d801ed4a92d4602f21,0,0,0,2014-08-11 19:46:53,156,57,1.7532,213,6,2,2,16,60,3.0,1455,15.6669,12545
848,5a2f37fde088290788f8ee5d7aa8834cbf0e9145,0,0,0,2014-08-13 17:35:24,1503,54,1.461,1557,5,2,6,1038,1,71897.1138,1455,11.6719,12545
408,bbdaa69429401a99063f1b26e58de0281347d485,0,0,1,2014-08-15 11:39:25,31,3297,0.8128,3328,2,2,1,1038,3,69953.1403,0,389.8037,6243
414,149a11e8976ce14cc23f0561d35d5e2bd5ec1a14,0,0,0,2014-08-16 01:59:02,3742,3297,0.6423,7039,3,2,6,1038,3,51068.1181,1443,391.8685,6047
417,c90d1e9f502acb359fcdddc9c46ad22c3664d28a,0,0,1,2014-08-17 11:28:52,3742,14,0.888,3756,2,2,6,16,3,52794.6333,0,391.1896,6263
421,f9931c84a243605b479aa22f3541049d4a81aac1,0,1,1,2014-08-27 01:08:00,105,65,1.7844,170,4,3,1,49,10,65296.5867,1442,392.3822,6043
419,bf91531a0ecfd89d70523449064cab2fa6a5d421,0,0,0,2014-09-02 11:19:55,3742,3297,0.0094,7039,1,19,1,40,4,4653.5824,1084,239.538,8141
861,419dcb38e00a959bde4228d5da67cd7252111e95,0,1,1,2014-09-02 11:32:49,94,48,1.0221,142,3,3,6,215,18,62016.0398,946,436.3827,9618
416,9918891891fdd1399218ad5d9c84342ac540f498,0,1,1,2014-09-04 01:33:12,128,44,1.3608,172,4,2,6,19,3,32804.0821,0,391.575,6293
423,dc03f227541fb618cabeb5fa937b1541730b7792,0,0,0,2014-09-04 05:16:30,9,17,4.5298,26,60,19,1,15,3,13698.6451,1449,385.2808,6184
426,95f389a49568548c4b745b083f19bd973164aec4,0,1,0,2014-09-04 08:28:24,3742,3297,4.5298,7039,1,19,6,34,3,52046.2148,1082,239.4204,8079
418,27c3b7c899f37531ee522db0a0f472388d207532,0,0,0,2014-09-04 17:05:53,13,15,4.5298,28,60,1,1,207,21,5711.4901,1074,240.5517,8057
422,eba6ebc9bde52d1319d9a39c4fbfdeedb7088de7,0,0,0,2014-09-08 19:52:57,19,3297,0.0242,3316,1,19,1,75,12,63007.9383,11,6.6751,114
427,7a8bc1b3a46aecef6bdfc80bc1476457343eafc6,0,1,1,2014-09-15 14:18:12,81,32,1.1582,113,4,3,1,74,4,44616.217,924,440.2205,9427
424,8791385b5b16fde561229d5b54ebef4116fe93b9,0,0,0,2014-09-16 07:23:39,221,59,0.044,280,60,1,6,10,1,42228.8757,1455,7.7309,12545
431,88547dbbfcfeb6c57218cfc234c3c4ce46b84558,0,0,0,2014-09-16 14:52:42,68,3297,0.198,3365,3,2,6,214,24,46296.0848,1066,231.9403,8253
434,a2be2aef4b230e5e71e7711f42d207b67d3b860c,0,1,0,2014-09-18 10:01:54,113,123,1.8716,236,6,5,6,427,11,52470.4043,906,455.181,9301
435,049101210774d2d961994fcb591ef47daf3c7006,0,0,0,2014-09-18 15:19:30,3742,3297,4.5298,7039,60,1,1,69,13,2885.1773,1084,236.5268,8150
803,2075e3935a8434ea080e6df1e9deca95d77d51a4,0,0,0,2014-09-18 15:20:07,3742,3297,4.5298,7039,60,1,1,1038,60,61278.8164,1069,232.3903,162
412,4d13f1c2ad1b31e00b942772e153ee7a9b3181b5,0,0,0,2014-09-18 15:34:50,96,146,4.5298,242,60,2,6,39,60,4352.8097,1144,252.4042,12545
429,4f28eab3cca03a15ca146c7c8301f5ecddf6fa89,0,1,0,2014-09-19 11:18:12,119,45,0.9707,164,3,3,1,423,16,27045.4703,915,448.7647,9342
432,cd4a75c21ed44ada2b741bd822c1be5b8f4801b9,0,1,1,2014-09-22 13:43:36,139,3297,1.8149,3436,2,4,6,447,14,50979.8733,913,456.5547,9231
411,e7c0cea3427f6a24c9b6517d77b3cbdc27be9aab,0,0,1,2014-09-24 13:10:02,58,3297,0.2402,3355,2,2,6,54,5,28487.6639,931,444.8586,9526
430,3607bbc1d93b6e9c0d9c94d909b8d7d305aba843,0,0,1,2014-09-26 12:55:25,51,3297,0.3838,3348,2,2,1,51,4,68832.8617,931,444.5108,9467
436,6819fd6b39b1b297385c52d3ae2274fdb72b5dfb,0,0,0,2014-09-28 23:29:25,3742,3297,4.5298,7039,3,2,6,1038,8,86377.0,1421,404.3593,172
439,246b30a768533c2c1b7e2bb306cb8862e0a0c3ba,0,0,0,2014-09-30 22:56:05,61,3297,0.0757,3358,60,19,6,701,48,86377.0,0,396.0822,6294
428,f2b1384f20370a5c6a69ae892ae560f2abb6be22,0,0,0,2014-10-01 19:05:46,32,31,4.5298,63,60,1,1,7,3,61706.4606,14,506.65,12545
437,d1eb1c9843febfe118d76368e19d2b06c4042297,0,0,1,2014-10-06 11:41:38,32,5,0.4917,37,2,2,1,9,3,27426.0414,937,441.4273,9481
445,59c4332763351d910f5bdc61164fdbab0bd05707,0,1,1,2014-10-08 08:52:09,169,3297,0.9457,3466,2,3,6,186,22,30596.5378,915,437.4184,9632
425,c3d8eafe11ce8067ca038bf0f913b404e36a424b,0,0,0,2014-10-08 16:40:38,3742,3297,4.5298,7039,60,19,1,29,4,1624.8793,967,426.5758,156
441,a7814b44925b9f1cbac9f560f261a7a038916acc,0,1,1,2014-10-14 12:02:57,44,3297,2.1353,3341,4,6,6,22,7,41192.5516,1104,229.396,8412
444,b17aeb545e12955fd81876188f71d53489849d1a,0,0,1,2014-10-14 15:04:00,18,3297,0.9581,3315,2,2,6,13,5,64936.4612,1072,236.5404,8051
14,a522e8ff44f1c2e11154376ec600944f9787bd57,0,0,0,2014-10-14 18:29:26,681,3297,0.0512,3978,2,1,6,1038,60,75171.6259,911,452.434,9663
15,7704cf90379790d59db8917c4ed38b8052518cb6,0,0,0,2014-10-15 08:08:33,76,17,0.022,93,1,1,1,1038,1,48719.6142,924,440.8958,9567
433,216f361cf2d74c653c721894194cf4d06e6fb0e9,0,0,0,2014-10-15 12:30:55,3742,11,4.5298,3753,60,1,1,1038,2,58194.141,1072,236.1621,8158
17,cae1462040b42431872d8c645e94f890b6863c9c,0,0,0,2014-10-16 12:50:38,97,3297,4.5298,3394,60,1,6,17,2,7013.9752,908,456.9849,276
440,7fd1b0e10038ca3aa2e1351b78976bd026908416,0,1,0,2014-10-20 10:59:32,20,13,4.5298,33,60,1,1,51,4,79064.6172,1085,236.5327,8183
447,765620c5cca53d250cbf3a2849eefc9016950705,0,0,0,2014-10-21 19:43:18,3742,3297,0.0353,7039,60,19,6,9,2,19884.3272,17,6.3363,12545
451,f71db13b642f3c8d92d75d82fbe8efbc13797c92,0,0,0,2014-10-23 19:01:34,3742,112,1.0799,3854,60,19,1,671,46,64430.4926,104,34.0358,730
443,3e268fc88aa488aa0f95130a5f3dfbceb6993a01,0,0,0,2014-10-24 21:44:53,183,172,0.1905,355,60,19,6,778,52,14958.687,1455,37.6787,12545
450,c10dfa8358d4103d17b7c5d3c261b7cec0d52955,0,0,0,2014-10-28 16:38:23,60,42,1.0473,102,1,1,1,428,14,2737.7461,949,449.6752,9742
453,d20c1308d9bbc199bfcc3a25a641553daf13c454,0,1,1,2014-10-29 10:47:19,190,79,1.9755,269,7,5,1,373,10,43307.6091,887,451.0456,9294
438,0dddc1799c893011ddfe08ac87260f796cc7bc24,0,0,0,2014-10-31 09:12:27,3742,3297,0.0681,7039,60,2,2,91,28,26124.3988,43,29.0307,224
452,98d3b2f354e3909e4c8287b56bf72d0dcd7e34b2,0,1,0,2014-11-03 16:38:20,159,34,1.6875,193,6,5,6,411,13,51207.9402,903,434.7249,9787
454,19dbd59f34123ad48b0fd98ae67a53ccc4630101,0,0,1,2014-11-04 12:27:32,74,3297,0.4898,3371,2,2,6,60,5,64138.2755,938,442.1106,9536
456,21829df33ad7deff3d1bb01d6e3f70edeeee77e6,0,1,1,2014-11-04 13:15:17,73,35,1.0065,108,2,2,1,103,7,20236.4818,947,438.2528,9608
463,e2b1e727e70dc97bcf3d29993ff320e2fa80af69,0,1,1,2014-11-04 15:23:47,100,3297,0.667,3397,2,2,1,61,9,34068.4859,941,445.2455,9436
459,d253dbe1ffda5a14c7ddac954248f51a37a27139,0,0,0,2014-11-04 22:50:15,55,31,0.1831,86,2,2,1,8,7,30879.3871,1455,5.2016,12545
460,297f90d9da1b6c1a1b416d8ed17bc32de6dabb03,0,1,1,2014-11-05 09:25:24,62,3297,0.4243,3359,2,2,6,53,5,54460.0431,926,445.4918,9394
464,76c941afbce6029999d1b2ddc9db45bd2006998d,0,1,1,2014-11-05 09:49:46,22,9,0.3612,31,2,2,1,52,4,64552.6641,931,442.0294,9546
449,a1925b32cb264fe1cb97cd95dc4d4b4ceee36a36,0,0,0,2014-11-05 20:07:53,21,70,0.4949,91,4,2,1,11,4,6420.0425,36,21.2138,217
467,dd1761ad947d8cc641fe43e593ae744a5538f51a,0,0,0,2014-11-06 15:56:27,65,3297,0.3619,3362,2,2,1,125,11,42639.3859,947,448.712,9404
461,4ebc71631c3cf1be6a8fa5babe4492a300f1fffc,0,0,0,2014-11-07 17:10:12,414,124,1.095,538,2,2,1,11,4,78171.0388,1455,1.4367,12545
442,16f739b4b64241cc57d2b48c003261f918ad3fa2,0,0,0,2014-11-07 17:10:12,471,72,1.1997,543,4,2,6,1038,2,76746.7441,1455,8.6295,12545
468,c5e01b33a214b16154e101a49dcda9d147be2ae4,0,0,0,2014-11-11 11:14:14,298,3297,1.5495,3595,3,2,1,1038,3,58490.9786,14,1.0618,12545
458,8e7893897e61380f56b4aaa6e828b90b35c8d63b,0,1,0,2014-11-17 12:28:52,32,3297,1.4156,3329,3,3,1,75,6,57203.032,945,437.543,9355
472,bc60f0d364efbcafd65810e0df565979e17f0531,0,0,0,2014-11-17 14:17:53,3742,3297,0.6762,7039,60,1,6,714,52,53018.8806,67,506.65,12545
479,70b3176eb3746f0d8ca71529a23fd6514eb1cbec,0,0,0,2014-11-19 04:46:13,186,3297,0.9981,3483,5,3,1,805,48,57112.2199,81,3.1315,741
470,f93c14be5dc43ed1bdcf700603ef409a6b305418,0,0,0,2014-11-19 15:30:28,3742,3297,0.9355,7039,2,2,1,216,21,71671.5339,926,440.5303,9426
476,387b48f3bce8fa3747bcbb529b217783b8cc525b,0,0,0,2014-11-20 09:20:53,5,10,0.6625,15,2,2,1,385,11,56651.5002,938,441.5118,9530
446,7e918d1b7f7fa6695e62eea1acd2e6940a764dea,0,1,0,2014-11-20 15:43:13,8,3297,1.0341,3305,3,2,6,381,10,18437.9114,944,446.7849,9620
473,334325c08676d434182665f1fe24d86fbddf8805,0,0,0,2014-11-20 16:24:30,88,44,0.4309,132,3,2,1,246,22,772.0258,912,432.271,9707
474,ca1d32e20101730ef17056663ed12e34ea3d558a,0,0,0,2014-11-21 08:52:03,20,3297,1.4404,3317,3,3,6,88,5,74894.3223,937,445.0267,9457
481,0cab624ac8128c27b8b7ff784a3dd857ac51c2fa,0,0,0,2014-11-26 13:11:09,53,3297,0.8662,3350,2,2,6,13,5,74060.2716,12,5.9068,12545
471,1123493ec279760570a46e2ce66d19d187089028,0,0,0,2014-11-27 18:16:49,75,38,4.5298,113,1,1,1,48,11,74570.9599,1455,13.8378,148
480,3c57e1c8a922514aed67659d01d223f15c5a42d6,0,0,0,2014-11-27 22:11:25,59,28,0.554,87,2,2,1,13,5,19630.1788,14,4.632,12545
483,d77530f2e0be9f2e655724050e3bbe162224a422,0,0,0,2014-11-28 02:08:06,7,3297,0.7894,3304,2,2,6,3,4,25112.1089,1455,10.3896,91
469,a201c0a47279adf42c520b42bf06802044f27f84,0,0,0,2014-11-28 12:54:17,3742,24,0.0116,3766,1,1,6,60,12,67424.899,1085,240.3579,8087
486,6b56c6bd0e0372251b63fdc4ff6624c8962558b9,0,0,0,2014-12-01 15:32:22,47,57,4.5298,104,2,1,1,79,11,32291.6851,950,438.8846,9625
466,3f1711654353ffc8ca783e174b4609d8ce44ab21,0,0,0,2014-12-01 15:55:07,15,9,0.0329,24,60,1,6,71,12,10243.5647,1455,9.8628,12545
482,aac8e1afde0d65c02a7710f4f1724fae395654f4,0,0,0,2014-12-01 16:02:41,3742,3297,0.049,7039,60,19,6,201,22,4735.5992,951,447.3913,9291
485,29f5be85a5057196838c6ff5e8565d446fbb2aca,0,0,1,2014-12-03 09:29:55,56,7,4.5298,63,60,19,6,13,4,42898.6959,936,443.8218,9480
491,692c65a24553fb85df14a2380ee17f227c5d8538,0,0,0,2014-12-03 11:23:32,22,26,0.3365,48,1,2,6,122,14,70486.9344,918,438.0952,9364
475,b819ed0644994afaefadd6f47ffec6adffde68af,0,1,0,2014-12-05 11:24:58,44,3297,2.8057,3341,8,4,6,272,18,56623.4601,889,433.8834,9214
492,6506cab40a06d36af680b158c0085698d9f368a6,0,1,1,2014-12-05 13:07:24,38,3297,0.8719,3335,2,2,6,15,2,58599.208,944,439.5131,9564
494,8bc7d00a3758f66987ef079f016abb674605852b,0,1,1,2014-12-05 14:29:05,24,3297,0.7608,3321,2,2,1,127,9,66850.9532,926,441.4645,9544
489,159694b77a8814ab2cd609dc263865053e913c5a,0,0,0,2014-12-06 16:43:37,32,3297,4.5298,3329,2,19,1,10,2,15161.6054,20,42.8865,12545
501,ed9837468043bd80f066d994b8806aba1b6c5998,0,0,0,2014-12-07 07:54:21,47,91,0.3132,138,1,1,1,17,2,33146.6271,27,44.9654,8
500,f53a9f1fa689575247523c99eeb21521f15ef6a3,0,0,0,2014-12-07 08:03:40,3742,3297,0.7843,7039,1,19,1,17,0,17116.408,19,30.7635,12545
504,55abce6b1919fddbc5cf85f9b0f94ecc1c0ea66a,0,0,0,2014-12-07 08:09:35,24,5,0.2962,29,1,19,6,15,2,15531.4952,53,31.8222,12545
499,0f3809a6ec3ca85e9de3e8f6e6b97ee933af15c5,0,0,0,2014-12-07 09:13:40,65,3297,0.8127,3362,3,2,6,17,2,36839.4593,56,33.1592,261
477,8ad93881b437e3a0cc189db2d4059f29cd4b366c,0,0,0,2014-12-07 09:28:06,65,63,1.362,128,3,2,1,20,60,86377.0,57,30.1668,12545
514,72dd005d465ab9e374c9637686606de2d5465f02,0,0,0,2014-12-07 09:51:30,3742,55,0.8758,3797,4,2,1,1038,0,4292.0448,56,29.5628,12545
496,e035106d92c3d18600e0820ab57473be5f5eba72,0,0,0,2014-12-07 16:40:24,25,3297,0.6733,3322,2,1,1,17,1,27880.2051,46,41.7628,185
511,9d26915f66f3f0e8b22d50adc05d7b93fce69e59,0,0,0,2014-12-07 19:44:47,3742,36,1.0013,3778,3,2,1,16,1,55461.1659,25,42.454,27
502,31fadba3ad1a9bc3b9caad1a0572214678159cad,0,0,0,2014-12-07 19:49:29,17,3297,1.2566,3314,2,2,6,165,20,25411.7463,32,33.6426,195
515,ba7f0c62a33006b0a051662ccefb9b8c68dcc575,0,0,0,2014-12-07 20:15:54,3742,3297,1.5828,7039,4,2,6,2,1,14944.3552,51,32.2829,12545
518,419deb9bafa8ca7feb4fc16e4185c4df9dfed2c4,0,0,0,2014-12-08 07:41:59,36,3297,4.5298,3333,2,1,6,149,22,40946.6175,60,29.6914,12545
512,51e7c101efc0224032af254059e147bc03e084d8,0,0,0,2014-12-08 10:41:26,42,3297,1.6264,3339,3,19,6,26,2,18816.4413,59,31.8447,12545
519,f1cc804060a2dd5a9642c950da9daed9258e257e,0,1,0,2014-12-08 10:42:50,88,3297,1.3682,3385,3,3,6,184,21,10797.0989,25,43.2142,185
503,b33c103492bdc71f2a852699c1dfa1d359d52d08,0,0,0,2014-12-08 17:52:05,32,24,0.0256,56,60,19,1,18,1,79886.4431,48,41.5949,152
516,7798ba0f8b7e9febe86d07ad6642a8ee6d9794ae,0,0,0,2014-12-08 18:12:59,3742,3297,4.5298,7039,60,1,1,12,1,79445.9265,46,33.7273,162
493,861aad85c10977bf8265e298f86bf3dc0dcb3a07,0,0,0,2014-12-08 18:35:41,3742,3297,1.5147,7039,3,2,1,29,2,26590.5303,28,46.0046,246
524,91369ab7357a49ae4b223fc50bbd0994a5fd1917,0,0,0,2014-12-08 21:49:12,3742,37,4.5298,3779,60,1,1,1038,2,10457.9775,49,31.0064,12545
526,8ab28bf97829961b0c91d664a426fee1cf6f5ced,0,0,0,2014-12-09 10:47:04,3742,3297,0.0342,7039,60,1,6,5,2,54085.4072,47,33.8215,12545
509,283a636a856267d4964f49575fc755c128d029d3,0,0,0,2014-12-10 12:15:48,3742,50,1.3691,3792,2,1,1,38,0,20043.9217,49,42.7912,209
523,36e09fe3fd68c1adfc67158fbca9f2a7541b1fb2,0,0,0,2014-12-10 12:37:20,46,3297,1.55,3343,3,2,1,25,1,46123.7993,56,43.9417,175
527,1a4c9918a4f12e64469213f33ae1065e3d389c3f,0,0,0,2014-12-10 15:39:07,78,49,0.0206,127,60,19,1,1038,5,72916.8528,32,35.4192,189
510,20044a84d57f044776643c197c651c46b2dd388b,0,0,0,2014-12-10 15:50:34,3742,9,1.3928,3751,4,2,6,53,5,19774.0371,48,42.9068,21
525,f41a3de8461c6ddf1224384c02507ed9c362e526,0,1,0,2014-12-11 15:57:44,75,3297,0.5389,3372,2,2,1,15,2,35320.077,928,441.4381,9470
529,0991152f5918fb51b8dc375e4681d766bd88ceec,0,1,1,2014-12-12 09:16:29,3742,3297,0.8869,7039,2,2,1,4,2,61861.8875,921,446.6335,9447
507,fc47af89bce5526f5154e94c122018babd6153cc,0,0,0,2014-12-12 16:29:14,3742,3297,2.0716,7039,4,2,6,170,20,40363.853,65,43.2626,12545
528,ea90e9740a2867377398d624210e72b4235807de,0,0,0,2014-12-12 23:20:35,64,3297,0.9183,3361,2,2,1,43,4,45055.8171,21,2.5189,79
531,07ce49d6e3a72339d527dda1aebb6f7a0509ca30,0,0,0,2014-12-13 10:44:17,69,47,0.634,116,3,3,1,14,5,70831.3117,51,32.2832,170
520,3ae998bf5c55672ba45d2155d79ef256e4d8a561,0,0,0,2014-12-13 13:38:21,14,13,0.0096,27,60,19,6,19,4,51828.5052,1,4.6529,51
536,c93a2caac8940910b416e1a0e98a8c827cbe860d,0,0,0,2014-12-16 22:51:48,147,42,1.0368,189,3,2,1,734,48,45669.9698,0,391.2776,6313
537,c621eaa0d2e27d705cb5db92406bf83655164812,0,0,0,2014-12-17 12:37:42,180,62,0.5726,242,3,2,1,763,51,41416.8428,0,395.5814,6028
505,b27e9cb8ecf64b6039d0ee94374ddd91d51832e8,0,0,1,2014-12-17 14:34:07,48,15,0.9239,63,3,3,1,29,6,66015.6146,928,444.8888,9532
841,9b275425acd4e832739797b338f090786dbc071e,0,0,0,2014-12-17 21:52:02,79,73,4.5298,152,2,1,6,749,48,35146.6185,1438,395.6131,5918
538,19ec31ccf2d2fc73cef30c4ed74c4243c4bb23b1,0,0,0,2014-12-17 22:20:51,3742,3297,4.5298,7039,2,19,1,716,50,62.2156,1429,382.1895,6380
546,9c5a7c46816e699875bfdc7a1a8ccf35f3e87490,0,0,0,2014-12-18 00:15:14,53,50,0.038,103,60,19,1,721,48,5839.4245,0,380.2835,5934
522,10516a9719654ad249631e0bdd0f9b0d26d2f419,0,0,0,2014-12-18 11:59:53,4,53,1.0011,57,3,2,6,8,4,28055.6615,26,19.3515,6
534,2d0390be1fc9a171651ee138de6df3fe043f530f,0,0,1,2014-12-18 12:26:28,57,10,0.5668,67,2,2,6,22,3,26478.2141,928,440.214,9430
541,eceb1afa2c84a01103e52039a8d2ceab79ffd0cd,0,1,1,2014-12-18 18:00:42,160,28,1.5588,188,4,2,6,44,9,49432.5305,916,449.2776,9571
530,9ebdb08359bf9cc49756bbbec5cc34a25a2c61c1,0,0,0,2014-12-18 18:33:52,3742,3297,4.5298,7039,1,1,1,21,0,27097.6574,19,30.9282,260
549,59c1a0b5d5a7b2d39097bd32e257587bb85baa58,0,0,0,2014-12-18 21:49:16,86,3297,4.5298,3383,60,19,1,745,48,47071.9761,0,394.0825,6376
532,1eb2cac0ecd3dc8a9c068adfba7066ca99719d12,0,1,0,2014-12-18 23:44:37,173,3297,2.0691,3470,6,5,6,58,6,67858.9238,1427,380.4073,6334
550,5ad6e4dc4d46f7807755e9241c32a1b2bd72f114,0,0,0,2014-12-19 01:06:29,194,96,0.6197,290,60,3,1,791,47,48174.554,1455,25.0305,12545
548,611c8cc862b188928f040789e9fb52bcfeff4cd0,0,1,0,2014-12-20 07:33:43,117,3297,2.4247,3414,6,5,6,83,7,48042.9704,0,394.582,6024
539,f59f793ab347046f7f4118d3604163a308ba26f0,0,1,1,2014-12-22 08:31:11,44,3297,0.5125,3341,2,2,1,20,4,51408.8955,929,445.6439,9455
488,b991bce29dfc3a79f86f12b103fce2526c740d26,0,0,0,2014-12-22 14:19:21,135,3297,1.1477,3432,3,2,6,16,4,57903.1605,929,440.4303,9563
540,ac1c088d38268b1847ad1983a5caa9101c47700f,0,0,0,2014-12-22 15:07:51,61,21,0.6625,82,2,2,1,4,1,2500.864,943,444.6435,9441
2,b4fee7e75e2e522aa412d022755d272dbe71b88c,0,1,0,2014-12-23 10:15:37,202,52,1.3464,254,4,3,6,39,5,67295.4538,927,440.4701,9563
533,667ba5b493d9edadf5fc9171672fb42e26591e96,0,0,0,2014-12-26 09:13:04,3742,3297,4.5298,7039,60,19,1,51,9,47174.242,0,383.0316,6242
545,d4ccaebe1f380c979815f7e0ffb4a070b54ac639,0,1,0,2014-12-26 11:00:13,270,13,0.9547,283,2,2,6,1038,0,43692.7712,924,440.3246,9562
1,8630ce05fc7c8331414dce8cde96a014633a7384,0,0,0,2014-12-26 13:36:09,137,31,1.0129,168,2,2,6,5,2,9737.1782,940,445.4634,9416
0,2d3940fdbf160ed1d1819533a1ecaf88efc6c74a,0,1,0,2014-12-26 14:24:53,77,3297,1.1103,3374,3,2,1,159,15,8575.0976,924,445.8112,9553
24,0b7c5415982c54a38ca3166e622c2d7815dd5404,0,1,1,2014-12-27 05:33:14,328,3297,3.1238,3625,11,6,1,80,7,33724.453,1410,402.2373,6456
27,1a320e92682a779e06bffcb77b24a0dbc3e24771,0,1,0,2014-12-28 02:17:50,52,52,1.8432,104,6,3,1,117,11,58056.1756,24,506.65,12545
19,6031ecc3d40a403082d3677336d0e5c9d07f7a5d,0,1,0,2014-12-28 06:06:50,118,99,0.7264,217,2,2,6,9,4,2382.2891,0,389.3761,6072
35,7afcaea401c7fb87d399e8e4a94b38424df51eb8,0,0,0,2014-12-28 12:57:01,3742,6,4.5298,3748,2,19,6,754,50,53064.9822,1429,381.1072,6312
34,be520506ee12990d705c3eea90ca8b71ba5e499d,0,0,0,2014-12-29 15:51:17,248,3297,4.5298,3545,3,2,6,767,45,37657.8197,1455,506.65,12545
542,a6541f4bc7681e396f6693544495f56f281c8499,0,0,0,2014-12-29 19:54:35,4,24,0.7904,28,2,2,6,50,10,24729.8086,929,444.7899,9463
3,83aa1d54d0e1ba5abd9a36260ba6b40e19aac23c,0,0,0,2014-12-30 08:49:29,30,18,0.0323,48,1,19,1,2,9,42429.4411,922,447.4477,9556
23,f08195f1ca66488e257c6bec040e6ca83db70df7,0,0,0,2014-12-30 10:06:12,3742,37,0.0442,3779,60,1,6,10,2,81757.5046,947,447.6046,812
4,4043be4ed85566a134f0cddbd5081defd53141d2,0,1,0,2014-12-30 10:20:01,33,3297,0.4469,3330,2,2,6,3,6,44998.9709,20,12.5594,27
11,8ec072b45900d60d4685ec0b4d9d7bd242c3bc87,0,0,0,2015-01-01 07:23:13,3742,3297,4.5298,7039,1,19,1,21,3,3.0,6,3.4175,12545
21,62bd52e059c4c037c34aa64654d6ff8d0e54aed2,0,1,0,2015-01-01 07:53:30,76,3297,0.937,3373,2,2,1,68,8,1959.1451,0,320.5023,6021
20,4da749bc196b9d6f8dbf642d800c6fee8fe650c5,0,1,0,2015-01-08 06:32:56,36,3297,0.6058,3333,1,2,1,22,4,2285.6643,0,319.2156,6248
28,240d1b97700affca6b42b2ba58daa17706e9ee4b,0,1,0,2015-01-08 16:22:44,116,57,1.1073,173,4,2,1,152,16,8384.7349,905,311.7215,9250
32,641a7f42607c55d7eca26ab80358d5a8140992e2,0,0,0,2015-01-08 20:57:57,62,3297,1.0629,3359,1,2,6,11,1,15875.1663,946,317.6447,9676
37,df4c9bbce7c92c881b9c21c67566da18e864994f,0,0,0,2015-01-11 07:46:58,53,3297,0.2875,3350,60,3,6,690,52,58365.1403,1455,42.4867,12545
38,0f179424735dcb94a278a6901d9410507f35a1c3,0,1,0,2015-01-12 10:22:29,3742,43,4.5298,3785,2,19,6,62,9,46445.8336,946,316.3304,9646
60,b883dbb12507dfe0e0f80dd28d7fd5e1b41bc38f,0,0,0,2015-01-12 12:26:56,3742,120,0.0386,3862,60,1,6,21,3,85052.0143,1067,190.4854,8226
41,045936fa0f7127ee8fd839f69c5446181833a837,0,1,0,2015-01-12 16:25:36,77,91,0.8108,168,1,2,1,94,10,48791.4283,951,329.3531,9343
29,e068ea43b6ae4877aa51d221266e7d7e0873b155,0,1,1,2015-01-14 11:32:13,36,3297,0.993,3333,1,2,1,178,17,75042.0282,949,326.0888,9337
48,cd24033ec5f29be24ec0489f268f5315efd6a5de,0,1,1,2015-01-14 12:52:09,93,156,0.8369,249,4,3,1,419,12,56052.648,916,316.544,9722
43,51fe9af2dcdbf36c6f465025477ee92f181ddde3,0,0,1,2015-01-14 14:48:11,171,3297,0.7452,3468,2,2,6,1038,2,34969.0307,920,318.0607,9390
25,e6d23d869486f93eacb6aeff5884be6c99fa38a4,0,1,1,2015-01-15 12:00:32,148,3297,1.4161,3445,5,3,6,30,5,31026.4502,920,328.5187,9604
42,9ba1316044a730868d40f68e0c2f9fb4d7dad9e5,0,0,0,2015-01-19 09:57:12,3742,47,4.5298,3789,60,19,1,133,10,72456.8314,1455,13.7762,12545
44,05971a321b09d08e469b5c124a2c0cb6857fc74e,0,0,1,2015-01-21 08:30:42,62,3297,0.6896,3359,2,2,1,30,7,44211.5272,0,309.4411,6291
31,19ca0b6477dc151f87769ced6b9a9c05abc19217,0,0,1,2015-01-21 12:20:05,3742,32,0.944,3774,1,2,1,33,13,59172.5465,1443,309.7583,6030
40,f815a54a3639fe6bc311f07151b58e018a7104df,0,1,1,2015-01-22 09:13:12,9,27,1.0259,36,1,2,6,56,5,65931.3829,915,317.2308,9637
46,808633c79ab9006088e33d220d5a9930b8e9515b,0,0,0,2015-01-23 08:57:36,20,3297,4.5298,3317,1,19,1,1,5,79774.982,1455,506.65,12545
49,1b866e5c136274d5af998ebf8cde74abb2eb7158,0,0,0,2015-01-28 03:53:16,3742,33,0.0444,3775,2,19,6,2,4,36517.2335,1455,506.65,151
36,be0d229bc6a0a55f2899e4b6798b8c54c571a951,0,0,0,2015-01-28 09:17:26,87,16,0.3611,103,2,2,6,18,9,6529.7949,2,7.6361,12545
59,0aa6ec6134960da99369347990e15567e9ae3960,0,1,1,2015-01-29 12:07:06,20,3,4.5298,23,2,1,6,133,13,41379.7677,1091,182.821,8234
61,2dc7932f724bfc840015005d612e866109ce22d5,0,1,1,2015-02-06 14:27:34,200,3297,1.5815,3497,4,4,1,267,14,29712.5141,1052,177.6153,8351
45,d50191cc4a0514430d1abf11f73662ec596ef711,0,1,0,2015-02-06 20:19:52,3742,3297,4.5298,7039,60,1,1,231,20,14578.7531,951,312.7889,9678
39,d0af741c26547f3d306b89fc1e414153937a6f94,0,0,0,2015-02-09 03:08:26,94,72,4.5298,166,60,19,1,719,48,75019.8722,0,321.9367,6390
47,6dad29d122334bba0fac8e17598f223b1be5ba28,0,0,0,2015-02-09 04:14:32,48,3297,4.5298,3345,1,1,6,74,8,83599.7428,1438,311.6992,6311
52,5efaeaa9c21acba9f834ab1dc0b55346074d0111,0,1,1,2015-02-10 12:35:35,72,3297,0.6163,3369,2,2,1,31,4,30164.4393,942,325.3615,9574
54,f9b43eb790833c8ca02faba23c9c20e3b1ada7a6,0,1,1,2015-02-10 15:00:34,19,60,0.665,79,2,3,1,333,20,29111.4673,909,330.6614,9677
51,da41632bf05527d7860d0790e762c383ab9c2270,0,1,0,2015-02-11 14:52:50,8,70,1.0103,78,2,2,6,268,25,68887.742,914,317.1017,9364
55,61f3968717af82fb28903881ca05b19d554a4612,0,1,1,2015-02-17 15:19:00,317,3297,1.5358,3614,3,4,6,777,25,20812.8537,883,343.6698,9037
33,9c3c5dfaa091f0f56f085dc5be6d65a9d411522e,0,0,1,2015-02-19 14:00:09,3742,3297,0.0527,7039,60,1,1,13,1,59660.2413,955,328.2951,9704
56,0e7486a536302a09656f2d4ff32dab0af5683a4d,0,0,0,2015-02-21 02:28:00,38,208,0.2335,246,60,1,6,688,53,67912.0212,1455,506.65,12545
57,d72e84e0b2ae709f4eb8b6c56402e24ea397d1fa,0,0,0,2015-02-23 12:30:23,152,102,4.5298,254,3,2,6,703,45,33356.4182,1455,506.65,693
66,d1ab4539ab92b4c85b29de0243017c8125478607,0,0,1,2015-03-02 11:17:22,2,35,0.1052,37,60,2,6,403,12,58845.3779,912,315.9185,9620
65,415b95545a9e2ca3a22e2d29fad4a3b65278fb84,0,1,0,2015-03-02 14:56:26,124,99,1.2446,223,4,3,6,457,10,51266.9207,964,327.049,9638
62,5dd537a60f7799bf3764cda0f47af5b87cbd244a,0,0,0,2015-03-05 19:52:21,3742,3297,1.4249,7039,4,2,6,641,24,41513.1234,54,28.8755,423
63,c80d65a924049e2889bb67818f72f7b051377424,0,0,0,2015-03-05 20:10:42,3742,3297,0.0407,7039,2,19,6,1038,1,33764.6757,44,7.1976,129
68,b803a32c287cefa6e6fefa19123031bedaf37ae1,0,1,1,2015-03-06 13:43:33,142,26,1.3187,168,4,3,6,23,1,44845.8783,945,323.8483,9404
75,098656e1ca07601b770117433001b06f5fed377b,0,0,0,2015-03-06 15:19:15,1,45,1.2921,46,3,3,1,182,16,30239.7797,22,26.6897,202
64,7649f764bc57a84b662d72397fcf628780736cee,0,1,1,2015-03-06 20:32:29,156,108,1.4809,264,4,2,1,53,3,44612.8763,949,316.9152,9627
69,95855de54335b772f9866bceae5cfba127e666e5,0,0,0,2015-03-07 22:36:40,84,57,1.261,141,3,2,1,6,9,77925.5311,1455,7.9934,12545
73,c306e8fffba4ef402c814aad565793c03c2a1d90,0,0,0,2015-03-08 07:20:30,57,3297,0.0391,3354,2,1,6,113,10,72148.2217,39,3.0167,12545
67,fb5e9171a1376fb571848c3d04ed1f8ab6142c82,0,0,0,2015-03-08 21:50:49,81,52,0.2814,133,2,19,1,7,8,28225.7189,15,6.9241,126
70,a6146334f92dfbbf74e067ef6f76cd46d74eb392,0,0,0,2015-03-12 03:16:06,3742,43,0.0389,3785,2,19,6,18,1,23613.2036,1455,6.8474,106
74,93a42aa9b9072500d58a60bc12d359f4787e3b01,0,0,0,2015-03-12 09:45:51,3742,3297,1.1222,7039,3,19,1,30,60,31788.8857,966,332.8953,386
83,0fbe6dd304a2edd346659e03ad59d415c64a5e48,0,1,1,2015-03-13 15:32:03,4,32,0.3503,36,1,2,1,1038,3,72021.9358,952,314.859,9365
71,8827857771434e4eef4a9b8bf75a4bc4d7bc64e8,0,1,0,2015-03-13 19:45:50,25,3297,1.3095,3322,3,2,1,18,8,43334.8513,1455,4.7828,45
81,e23c6fc722c2db3ec0ee2af9b0be66859ce3d726,0,0,0,2015-03-13 21:23:35,15,3297,0.2016,3312,2,2,6,153,14,52035.4573,955,312.9615,9290
84,8063a9dec07329804f3e1770aa31984bc38a694d,0,1,0,2015-03-14 20:34:46,3742,7,0.0131,3749,1,19,1,5,7,46076.3827,1,0.949,12545
77,87803eb742ce092d136083c6da39e2c34c004b1d,0,1,1,2015-03-15 21:12:35,86,36,1.601,122,3,3,2,28,7,46663.1392,1441,309.2355,6521
88,d02750918d20c9091b00eccb78f91d7706b7c204,0,0,0,2015-03-16 21:33:48,3742,3297,0.5252,7039,3,2,1,388,12,6112.7295,953,315.0832,9666
78,5b60de0c931f5fd0d49ee16110780d683ba7b01b,0,1,0,2015-03-17 12:38:06,231,3297,1.0594,3528,3,2,1,10,4,56961.7002,924,316.1782,9345
90,131113084fd734af62f489288c252c1eb770f47a,0,0,0,2015-03-17 13:55:35,3742,3297,0.9628,7039,2,2,6,22,1,42425.2093,948,325.0756,9641
76,1a0969697cc311af1902cc2489a7b80f56a6e878,0,0,0,2015-03-18 07:25:01,3742,46,0.0479,3788,60,1,6,25,6,59304.6795,919,316.9697,9623
86,7838f839ff7e0b70c28193523a886e5e69a6c608,0,0,0,2015-03-19 20:16:13,3742,54,4.5298,3796,60,19,6,16,3,28618.1282,916,327.7584,9650
87,cd84623cd77d7d2fbf272b29b754dccda94307c2,0,0,0,2015-03-20 08:53:02,31,3297,0.048,3328,2,19,6,67,3,63786.8266,919,327.1637,9693
93,4496effb86ac36b75e664fc951a1b14a7886afd5,0,0,0,2015-03-20 08:58:18,44,3297,4.5298,3341,1,1,1,67,4,807.7911,926,316.3756,9377
80,58011cbcb60e6af795d081a93775db388bee3b65,0,0,1,2015-03-20 12:15:59,18,24,0.6877,42,2,2,1,114,10,63940.4093,953,325.4501,9608
94,e8ebfd8794a4a6d8bf7c46b1f5a4bd13cf6fdc47,0,0,1,2015-03-23 11:42:02,108,3297,0.2391,3405,3,2,1,406,10,61136.5272,915,330.4655,9265
72,1505cd2e9f69aa01ee4460694c5d823ae5035c62,0,0,1,2015-03-24 22:54:35,21,3297,1.0122,3318,2,2,6,11,1,85548.9995,9,4.5671,12545
96,272cf4f36bc0a0af2d52faa4a34d033c20fbdc25,0,1,1,2015-03-25 14:35:04,169,38,1.2149,207,2,2,1,46,10,38417.7001,920,317.9009,9670
97,364e152ccaf7c62b92d84ae218e14bd6e0c85182,0,0,0,2015-04-06 12:41:14,29,3297,0.0322,3326,2,19,6,33,14,53670.876,21,12.2392,149
99,5ad18ced6e0282dbb50e878dec65c5e0645c6c5a,0,0,0,2015-04-17 11:15:30,3742,3297,4.5298,7039,2,19,6,1038,3,37956.0497,1455,506.65,107
98,cde9360582bf03e98f9eb84b257ba51db39e33c6,0,1,1,2015-04-20 10:52:34,318,3297,1.9357,3615,8,6,6,69,5,40266.0791,0,304.7395,5882
200,c1516a8180a06c88be2fab18bea4d06062591790,0,0,1,2015-04-20 13:57:38,213,3297,1.6145,3510,2,3,6,19,7,46083.8889,10,4.3849,77
103,113feab5bd5ac4562ddec71939828b5409029d59,0,0,0,2015-04-28 07:00:17,3742,3297,0.0598,7039,60,19,6,82,11,2762.3419,1440,310.9986,6297
95,67b87a3592f13a6281f5b20081c37a66c80079b9,0,0,0,2015-05-01 12:49:48,103,87,4.5298,190,60,1,6,247,23,62834.5619,1455,17.0624,215
100,db87d00892dccee1c18a779cbd54e14d753c9284,0,0,0,2015-05-01 13:13:36,3742,76,0.0591,3818,60,19,6,241,20,2607.578,40,17.1544,12545
105,df676e69ec8f60796bc1ff887b0edd60e45d56ad,0,0,0,2015-05-08 04:50:29,126,114,0.0509,240,2,1,6,54,18,45330.5119,26,506.65,160
108,e78b292246d75455a5ebeb97ba39cd1d0f5dff7e,0,0,0,2015-05-08 05:04:35,75,3297,0.0442,3372,60,1,6,33,18,39939.6321,28,506.65,126
112,22d97169e21bafafd96990e33a22508a81260f6c,0,1,0,2015-05-12 12:26:44,238,77,1.6852,315,5,3,6,36,7,38419.3191,1435,320.0221,6334
113,4842f62a9aa5c72f4d17a36904fb332cec86c013,0,0,0,2015-05-15 07:34:46,110,3297,0.6728,3407,2,2,1,22,8,24376.3453,11,0.3188,12545
102,9a7c32055dedf73754e70d74398bde16334b2465,0,0,0,2015-05-15 15:28:28,3742,3297,0.9001,7039,2,2,1,10,9,28700.0817,8,0.5852,12545
109,d9f4fa8efbd1981de2d95673bffe35e7abae1eff,0,0,0,2015-05-15 23:10:40,52,3297,2.1516,3349,4,4,2,1,3,57851.996,1438,309.799,6432
114,02f918286016051cacf11a91c841960abfa56cbb,0,1,0,2015-05-18 11:24:45,42,3297,2.202,3339,4,5,1,53,3,8580.6606,1429,320.5349,5896
107,5d36cef26ad989f9f43450fae8aacda6fc541900,0,0,0,2015-05-19 05:10:40,71,40,4.5298,111,60,19,1,78,18,28835.2113,0,322.3571,6326
118,87b6633f53a8a7575dba9b0cd27a691cb38e320a,0,1,0,2015-05-20 02:10:46,402,83,1.5478,485,3,4,6,146,18,47051.1025,1424,309.1824,5964
119,14a3a67003beca8cc7f4b2619a3b1af39ec6312b,0,1,0,2015-05-22 13:50:14,52,100,1.234,152,6,3,1,25,6,12680.5484,1441,308.1587,5935
115,569d68a9ba5ef7ff6cea683203a70646211fdee9,0,1,0,2015-05-23 01:15:01,89,3297,0.2574,3386,3,2,1,1038,1,83471.4395,0,320.3028,6225
120,458524c42d699e105da491feafd404f1a5bfd820,0,0,0,2015-05-23 01:37:07,3742,55,2.3036,3797,7,2,1,147,12,68209.9676,0,323.5085,5946
111,8f024f6011af70deb08e1c9f31d9d843947e120f,0,0,0,2015-05-25 04:33:15,77,78,0.1449,155,60,19,6,376,13,11574.5176,1427,297.9205,6587
117,03d9c2673947d44cd01cf1e3ec5bf32459e0b39c,0,0,0,2015-05-26 11:42:43,24,3297,4.5298,3321,1,19,6,22,6,47849.001,1445,311.2984,6234
123,e9c59a37582829f91ac8d27520899df0c7bf4ff1,0,0,0,2015-05-27 03:54:33,3742,3297,0.2246,7039,60,19,1,795,52,47498.8886,1455,506.65,497
106,d0703bcd9b796006dbe6c85fade994ee137b9265,0,0,0,2015-05-29 20:44:00,126,39,1.5266,165,3,3,2,36,7,56588.5857,1442,312.0811,6052
116,3522c148bb9457366132cfd24d1ef56cce4b4e27,0,0,0,2015-05-29 23:53:45,3742,66,4.5298,3808,2,1,6,1,3,54549.1269,1434,321.7208,5960
121,f0bf0c867ff8d3ff947d12f75b78f1e2807fd6db,0,0,1,2015-06-01 00:43:49,3742,3297,0.733,7039,2,2,1,178,16,51043.5282,1441,321.6195,6051
126,24ec32e6a5cfb653f9ca8aa151bbf6a671905098,0,1,1,2015-06-01 12:42:37,56,35,0.816,91,1,2,1,133,10,51148.1834,1439,320.5032,6079
125,37a8cbde92d183e67b8b0a23de615576a5e47f46,0,0,0,2015-06-03 08:57:53,3742,3297,4.5298,7039,60,19,1,1,3,80709.4181,5,3.2521,12545
140,1dd170db1f10eadf5fd41f7f48e6406f829e108b,0,0,0,2015-06-03 15:12:03,169,3297,0.8955,3466,5,19,2,753,48,34176.3019,1455,30.8744,12545
128,b9dafc721d09e5d4429b93eb1e26c7d6170b5a65,0,0,0,2015-06-04 07:47:37,3742,3297,1.0864,7039,1,2,6,1038,1,66422.3454,1428,325.8545,735
122,f106964dba87fb9af0ca131b5f27c295b705fd6a,0,0,0,2015-06-04 13:10:29,213,3297,0.5751,3510,3,2,1,14,3,32486.8641,1455,506.65,88
127,6fe6b31816e43ae3408e2dfdbf2d2bad1a9791c0,0,1,1,2015-06-05 11:51:31,65,3297,1.7915,3362,5,4,6,428,12,63845.4683,949,315.7267,9374
131,81f0523dbec53093520b69ddea2296c664237986,0,0,0,2015-06-07 10:37:49,3742,41,4.5298,3783,2,19,6,57,17,20950.5978,1455,21.2915,241
137,e593ef34ca09b90fdf25db706d0cc0f7fc400d7b,0,0,0,2015-06-08 01:38:52,3742,3297,4.5298,7039,2,1,6,81,16,44883.2093,0,310.0357,6061
139,a66c5f8f124d6071bec6ce341d6fd95b91f8e771,0,0,0,2015-06-08 08:28:09,3742,52,0.0788,3794,2,19,6,85,17,25957.6775,1433,310.2327,6370
133,66c424af81de205bbe2deb2d2807617b4db75096,0,1,1,2015-06-09 12:53:07,3742,10,4.5298,3752,1,1,1,13,9,1605.0292,5,7.2823,12545
136,2d61c2f117c40e91dea11e56c44f90746ffb2dd1,0,0,0,2015-06-09 16:32:08,3742,12,4.5298,3754,1,1,1,12,8,49559.4446,3,7.8067,50
124,d09fd5a76e6ae764cb42bd25d1cb005805ca1728,0,0,0,2015-06-09 16:40:20,3742,3297,0.0465,7039,60,1,1,7,8,14289.8831,1455,1.57,12545
134,4a2496048f40a06660d4fc730514bae4293d162e,0,0,0,2015-06-10 14:34:22,3742,3297,4.5298,7039,60,1,1,10,3,40645.3126,16,5.1151,75
148,058dd40f04096bb4e9aa0a5cb8ece73991a34eed,0,1,0,2015-06-11 23:25:20,14,84,1.0017,98,2,2,6,204,22,35743.7899,958,313.3751,9376
145,83d680877c44072c46bdf2212303398ac3b1276e,0,1,0,2015-06-13 15:52:10,113,3297,0.5267,3410,60,2,2,718,48,52278.6652,964,307.2981,9916
146,791e71f4d35a85dcef2fb338a681002166b9f20a,0,0,0,2015-06-19 15:41:00,48,3297,0.7158,3345,2,2,6,28,6,31800.7266,6,8.5725,108
147,f70235e0729afbcbb8e2401ac6e7914d52e5b9b6,0,0,0,2015-06-27 03:55:50,23,3297,0.0483,3320,1,1,6,1038,7,69585.1138,1455,4.5483,12545
150,5bdf5ca8d291fea22f054fbbecd2d13e08aa1d29,0,0,0,2015-06-28 11:22:49,3742,37,4.5298,3779,2,19,1,53,15,83109.2915,28,13.4196,12545
152,95600a1d089d0cb3b3f5dcfcfadfa3bfab3afc95,0,0,0,2015-06-28 11:31:25,3742,8,4.5298,3750,1,1,6,15,9,3275.0539,20,18.4514,96
141,53c6570ad562b5af12ec45b80820fd6b70345e8f,0,0,0,2015-06-28 11:43:21,107,114,4.5298,221,1,3,2,102,26,77653.2291,45,28.2754,334
153,a9ac5fcb87e47c9ab9a1b132d44abce74a342f6d,0,0,0,2015-06-29 12:02:25,123,41,0.8795,164,60,2,1,731,50,16166.2997,0,308.7602,6452
158,adfefc362f3f071ac6fcf486d76a7d6415db68bb,0,0,0,2015-07-07 13:48:04,3742,3297,4.5298,7039,1,19,6,17,6,1260.4198,10,4.723,45
161,d61f359f2cf67b8317f9e80cc62801f736ead48b,0,0,0,2015-07-09 07:10:37,76,3297,0.1014,3373,60,19,1,327,22,29950.2984,1105,190.7459,7936
149,724088834e5257d1b66422e585b5723fd64fffb0,0,0,0,2015-07-09 07:13:25,3742,48,0.8063,3790,1,2,1,160,14,56797.138,1103,194.344,7906
157,09e9778e8a33052d8c27105aee5310649637233d,0,0,0,2015-07-09 18:12:51,3742,30,4.5298,3772,60,19,1,23,8,36246.7258,943,325.1793,9395
159,7817a0ad6b56543af40abdd1426230ab45bfb5a6,0,0,0,2015-07-09 18:34:17,118,87,0.1165,205,4,2,2,105,24,18173.3895,1455,31.1753,12545
217,73e75fa6d9f2236caf1a9e5284e8d50a88d4974f,0,1,0,2015-07-09 21:45:26,337,3297,2.7259,3634,7,4,2,33,4,32646.4557,0,306.6515,6455
156,02df10993dcdd67d57175310894b47e844305b67,0,0,0,2015-07-10 16:48:17,3742,34,4.5298,3776,2,19,1,13,9,27937.2112,13,15.0031,89
154,56232fe482e16f8af28769b2bb1f3163f7b7c2db,0,0,0,2015-07-10 22:27:04,46,3297,0.953,3343,1,2,6,33,11,36894.2615,1432,321.2285,6370
160,3b3a197c013b0c448cb22eb544f567df269f0245,0,0,0,2015-07-13 12:28:50,110,24,0.6799,134,2,2,1,36,10,50075.0031,1455,13.5864,117
170,09dca0a37488c990e564693920057c952c13c644,0,0,0,2015-07-23 04:10:30,55,35,0.0618,90,60,19,1,115,17,49709.2774,1455,506.65,251
165,bedd8b4f9f94e01d146f9126788f2e87fded164a,0,0,1,2015-07-23 08:41:15,68,40,1.0498,108,3,2,6,25,3,62623.6065,18,14.6796,166
171,90ed7b26f25cb1532dc06eb32c58aed5b185713b,0,0,0,2015-07-23 09:02:48,3742,3297,0.9295,7039,1,2,6,29,9,49131.0318,14,7.5694,12545
168,03c99e456245c5d1866cae8c8b7b89b2d20a6d4a,0,1,1,2015-07-26 08:37:19,90,25,1.1854,115,3,3,1,40,5,43535.4683,1455,12.0051,145
172,ab4958d085cec365e37616f02f9bef62bd12bc49,0,0,0,2015-07-28 05:09:53,3742,20,0.0284,3762,60,1,1,14,4,19135.5024,1455,506.65,121
176,e4c8a0c0364642c9dca0e567f15bb7ce6ef8bf13,0,0,0,2015-07-30 06:34:40,27,16,0.8391,43,2,2,1,26,3,73437.9689,18,7.6143,122
181,b573d5ce4f44a70598c343db15db0278efbbe17d,0,0,1,2015-07-30 15:41:23,3742,3297,0.5369,7039,2,2,6,51,5,11577.0249,1093,178.1163,8243
182,ed469e6cf9ca33621a828e24871b2f7d627ee246,0,0,1,2015-08-01 21:40:57,183,23,0.8585,206,2,2,1,9,0,85992.4374,1455,506.65,103
169,f6ade7132789c6151dda36278b5435c5c71fff73,0,0,0,2015-08-07 10:06:12,168,3297,0.0353,3465,2,19,6,10,5,18516.5997,0,310.0485,6034
167,8ff4623e772f35208f9aff5d08731b5752266947,0,0,0,2015-08-12 13:47:58,3742,21,0.494,3763,2,2,1,18,8,70906.4194,9,5.9284,12545
206,cba9b426b47cfb57c36ed2f80229b3ad09d0b74c,0,0,1,2015-08-16 12:54:47,37,17,4.5298,54,60,1,6,60,5,1318.1462,11,3.282,12545
179,29dd800339bebebb52889e0173452d7aac1ba04c,0,0,0,2015-08-18 22:44:09,3742,18,4.5298,3760,60,19,1,12,3,81443.7996,1455,506.65,65
189,77677bcc50ad307b0e1705c605cc5d12b83ed471,0,0,0,2015-08-19 12:19:16,3742,117,0.1636,3859,60,19,1,814,45,7615.5335,78,24.4356,410
185,71dc7622a8c7c3a066a118ac6147e151dba82071,0,0,0,2015-08-21 10:45:49,440,153,1.0267,593,3,2,6,15,10,53307.8448,73,10.9846,104
208,a6c92a4a910e74b8ac94f8465f7f0ec38043ef27,0,0,0,2015-08-21 14:02:32,56,50,0.0389,106,60,1,1,95,19,16183.8322,50,11.8979,12545
210,a4e12e189340ebb407a45287f43fa5b5f6e79419,0,0,0,2015-08-21 14:06:46,3742,3297,4.5298,7039,2,1,1,124,17,1221.762,36,26.7497,12545
207,7442318dad3c04ba9cc7b33da3b6290481d3b085,0,0,0,2015-08-21 14:07:38,3742,3297,4.5298,7039,2,1,1,126,19,1242.8183,1455,25.4282,12545
212,ff4c62ef5e843a235692d4ca262885e38996d289,0,0,0,2015-08-21 14:11:52,3742,41,0.0647,3783,2,19,1,102,19,86377.0,1455,24.7386,12545
218,56904d6e2d5022d6ae4e70374971a663b06b22a4,0,0,0,2015-08-21 14:23:37,24,30,0.8474,54,2,2,6,122,18,30209.7864,17,15.8773,12545
183,71ef0a70d2c70196e4205e65972649afa4a52886,0,0,0,2015-08-22 05:30:30,22,3297,0.0397,3319,1,1,1,7,5,18231.7116,1455,8.0449,73
186,44d8e591dd8a3d08b5ac6a7751c3d9cc29ba0764,0,1,0,2015-08-25 14:57:45,74,27,1.4205,101,3,2,1,19,9,14609.1153,72,11.2662,128
177,cc4e64a7ec137ffb156e620461f6442a9d4141cd,0,0,0,2015-08-26 11:00:48,3742,38,0.0468,3780,60,1,1,115,17,25476.3676,1455,506.65,119
178,1eda6ed050a3131ed56f0fe92f44559a6276a8dc,0,0,0,2015-08-26 21:22:21,52,15,0.9295,67,2,2,6,11,8,29147.1469,7,506.65,38
188,eeb64d8859d874ba77569f67fa523f43d2024960,0,0,0,2015-08-27 00:43:09,3742,43,0.0528,3785,2,19,6,85,19,12696.9315,1455,18.6918,256
190,23fda89f69f248e050257748ff7cc553f38b046e,0,0,1,2015-08-30 06:20:07,54,17,0.9708,71,2,2,6,2,7,54636.2503,1455,5.1846,12545
187,37c1103adbc03f59d042875b5dc2ba58315c0389,0,1,1,2015-09-01 22:04:17,46,18,0.5898,64,2,2,1,112,18,27918.8097,14,20.8783,73
222,3b198715c25ceaf4217aad2c549decee5c0fe15b,0,0,0,2015-09-01 22:15:55,3742,3297,0.0593,7039,60,19,6,134,17,2005.8795,48,27.8701,12545
209,46e4d326b54f7f0edd656d939900f2a7ae56678d,0,0,0,2015-09-01 22:17:40,3742,3297,4.5298,7039,60,19,1,102,19,86377.0,39,26.2525,12545
214,c9bd001ccefa990dcee0f78fb3d8a64356abf1e5,0,0,0,2015-09-01 22:17:43,3742,3297,4.5298,7039,60,19,1,106,19,86377.0,1455,11.9362,140
215,42427df55a535a559419b157ea7a02f5da8a46c5,0,0,0,2015-09-02 08:54:16,66,3297,4.5298,3363,1,2,6,137,19,39950.7092,37,25.3887,12545
221,e28f0014d17458a9f964c74c400a390100497966,0,0,0,2015-09-02 17:38:55,29,27,0.9339,56,2,2,1,128,18,31086.9826,10,15.2822,89
216,9be00f218b56739fa6b850136f83abf024d5f44b,0,0,0,2015-09-02 17:40:55,78,52,0.5125,130,3,2,6,112,19,1135.2555,1455,27.5189,171
223,849af362de116561f78d1aa6b4215960b7657eff,0,0,0,2015-09-08 12:31:17,40,17,4.5298,57,1,19,6,1038,60,51663.8486,9,15.9244,12545
191,8e9716256b95ee9a8e0c902cd49a22f4fe411137,0,1,0,2015-09-13 11:45:35,3742,36,4.5298,3778,60,19,1,9,2,41752.9591,923,325.3786,9364
204,a0c40f1fc7e5778c460b43577f7141dc3d794ef6,0,0,0,2015-09-17 19:49:19,3742,29,0.682,3771,2,2,1,70,15,32246.6164,1455,506.65,12545
196,9514ecda5cc2bd2a362e1848c96f41806d5c86df,0,0,0,2015-09-17 20:00:26,3742,3297,0.019,7039,60,19,1,41,3,64798.9812,12,4.9656,12545
213,a28c72afe0af2700d5f8af5d85ba5281689fed0a,0,0,0,2015-10-06 12:32:44,3742,3297,4.5298,7039,4,2,1,693,45,5053.5772,127,44.0033,12545
180,50e422b845493567b1be30ef61e99cd6104ec333,0,0,0,2015-10-06 22:20:27,76,3297,4.5298,3373,60,1,6,1038,4,25553.9559,1455,0.6304,12545
195,8b24b213ba2084e4f6d5e05d1e989dee53700138,0,0,0,2015-10-10 07:45:18,3742,3297,0.0392,7039,1,19,6,92,19,36808.722,1455,23.4674,12545
193,b70e4c2919058389452e980f70cf2a4d211c09fd,0,0,0,2015-10-10 08:05:17,53,56,2.0627,109,4,4,2,34,7,37698.3198,1455,28.4453,259
220,d0bbb03545af09167b0d251131914f32d0d66504,0,0,0,2015-10-11 07:35:26,131,113,1.159,244,4,19,6,322,31,68728.4642,51,6.1438,297
184,b889ba1b69fba30823774021e31fe6a2a63b4b4e,0,0,0,2015-10-11 19:33:38,31,52,0.03,83,60,19,1,16,5,33100.789,29,11.349,210
198,2d22ca8df5fd116d833a0cf80c112c7a4c6105bb,0,0,0,2015-10-14 13:29:16,3742,3297,4.5298,7039,60,19,6,28,10,2751.4346,27,17.4363,12545
202,74c422e41bc951719124bc2c5333f15dd34a4be7,0,0,0,2015-10-15 03:00:34,43,3297,0.9371,3340,4,1,6,66,16,58941.4582,1455,5.9048,144
197,0be52a9fa6064d2c49586ea7b5d47386229b002f,0,0,0,2015-10-15 03:07:14,113,72,1.4722,185,2,1,1,49,14,2141.2915,27,4.724,12545
225,320500cd90a2de90a444fcc59b84b343679dbdd9,0,0,0,2015-10-15 07:38:42,217,24,0.6904,241,2,2,1,31,10,66961.6662,14,21.6559,12545
201,b36605fa292a07025df7f806af876d54779e23e8,0,0,0,2015-10-15 08:15:06,3742,18,0.0148,3760,60,1,6,37,10,1843.9529,19,18.0182,72
205,f3c258a1169a201487fc4396d316ab9fab06e209,0,0,0,2015-10-15 16:19:07,22,3297,4.5298,3319,60,1,1,79,12,24562.2737,4,22.3102,12545
